Rank,Mark,WIND,Competitor,DOB,,Pos,,Venue,Date,Results Score,discipline,year,ProfileURL
1,9:20.65,,Tigest Getent MEKONEN,07 JUL 1997,BRN,8,,"Stade Louis II, Monaco (MON)",17 JUL 2015,1192,women_3000sc,2015,https://worldathletics.org/athletes/athlete=14429103
2,9:21.40,,Ruth JEBET,17 NOV 1996,BRN,9,,"Stade Louis II, Monaco (MON)",17 JUL 2015,1190,women_3000sc,2015,https://worldathletics.org/athletes/athlete=14588310
3,9:27.86,,Lalita BABAR,02 JUN 1989,IND,4h2,,"National Stadium, Beijing (CHN)",24 AUG 2015,1174,women_3000sc,2015,https://worldathletics.org/athletes/athlete=14383687
4,9:41.43,,Zhenzhu LI,13 DEC 1985,CHN,2,,Wuhan (CHN),06 JUN 2015,1140,women_3000sc,2015,https://worldathletics.org/athletes/athlete=14265898
5,9:46.82,,Xinyan ZHANG,09 FEB 1994,CHN,3,,Wuhan (CHN),06 JUN 2015,1127,women_3000sc,2015,https://worldathletics.org/athletes/athlete=14488655
6,9:47.31,,Sudha SINGH,25 JUN 1986,IND,2,,Kolkata (IND),17 SEP 2015,1126,women_3000sc,2015,https://worldathletics.org/athletes/athlete=14283075
7,9:53.72,,Anju TAKAMIZAWA,06 MAR 1996,JPN,4,,Paris (FRA),13 SEP 2015,1110,women_3000sc,2015,https://worldathletics.org/athletes/athlete=14654017
8,10:02.92,,Xiaoqian ZHONG,24 OCT 1997,CHN,1,,Fuzhou (CHN),23 OCT 2015,1088,women_3000sc,2015,https://worldathletics.org/athletes/athlete=14702473
9,10:04.12,,Chikako MORI,25 NOV 1992,JPN,2,,Nagoya (JPN),28 JUN 2015,1085,women_3000sc,2015,https://worldathletics.org/athletes/athlete=14427119
10,10:05.94,,Misaki MISHIMA,14 JUN 1994,JPN,1,,Osaka (JPN),13 SEP 2015,1081,women_3000sc,2015,https://worldathletics.org/athletes/athlete=14602920
11,10:06.37,,Moeno SHIMIZU,20 MAR 1997,JPN,2,,Osaka (JPN),13 SEP 2015,1080,women_3000sc,2015,https://worldathletics.org/athletes/athlete=14649179
12,10:06.50,,Xiamei YU,29 MAR 1996,CHN,2,,Fuzhou (CHN),23 OCT 2015,1079,women_3000sc,2015,https://worldathletics.org/athletes/athlete=14647953
13,10:07.09,,Ran SUN,10 MAY 1991,CHN,1,,Suzhou (CHN),22 SEP 2015,1078,women_3000sc,2015,https://worldathletics.org/athletes/athlete=14265267
14,10:08.92,,Misaki SANGO,21 APR 1989,JPN,14f1,,"Palo Alto, CA (USA)",02 MAY 2015,1074,women_3000sc,2015,https://worldathletics.org/athletes/athlete=14433273
15,10:09.49,,Nilani RATHNAYAKA,08 AUG 1990,SRI,1,,Diyagama (SRI),24 JUL 2015,1072,women_3000sc,2015,https://worldathletics.org/athletes/athlete=14383787
16,10:10.67,,Maki IZUMIDA,22 JAN 1996,JPN,1,,Inzai (JPN),24 OCT 2015,1070,women_3000sc,2015,https://worldathletics.org/athletes/athlete=14499989
17,10:11.94,,Shuangshuang XU,06 APR 1996,CHN,3,,Fuzhou (CHN),23 OCT 2015,1067,women_3000sc,2015,https://worldathletics.org/athletes/athlete=14534952
18,10:12.70,,Nana SATO,24 SEP 1989,JPN,3,,Nagoya (JPN),28 JUN 2015,1065,women_3000sc,2015,https://worldathletics.org/athletes/athlete=14545076
19,10:18.65,,Li BAI,30 MAR 1996,CHN,4,,Fuzhou (CHN),23 OCT 2015,1051,women_3000sc,2015,https://worldathletics.org/athletes/athlete=14702490
20,10:18.78,,Ayaka KOIKE,09 APR 1993,JPN,3,,Osaka (JPN),13 SEP 2015,1050,women_3000sc,2015,https://worldathletics.org/athletes/athlete=14545070
21,10:19.42,,Yuanfeng LI,21 OCT 1996,CHN,4,,Suzhou (CHN),22 SEP 2015,1049,women_3000sc,2015,https://worldathletics.org/athletes/athlete=14585467
22,10:19.78,,Chitomo SEKINE,,JPN,3,,Hiratsuka (JPN),14 JUN 2015,1048,women_3000sc,2015,https://worldathletics.org/athletes/japan/chitomo-sekine-14439679
23,10:20.40,,Rini BUDIARTI,22 MAR 1983,INA,1,,Singapore (SGP),12 JUN 2015,1047,women_3000sc,2015,https://worldathletics.org/athletes/athlete=14282695
24,10:20.70,,Soyoka SEGAWA,28 JUL 1994,JPN,6,,Nagoya (JPN),28 JUN 2015,1046,women_3000sc,2015,https://worldathletics.org/athletes/athlete=14646742
25,10:21.51,,Haruka KAWASHIMA,19 JAN 1994,JPN,2h2,,Osaka (JPN),12 SEP 2015,1044,women_3000sc,2015,https://worldathletics.org/athletes/japan/haruka-kawashima-14664070
26,10:21.81,,Mao WATANABE,05 MAY 1993,JPN,3h2,,Osaka (JPN),12 SEP 2015,1043,women_3000sc,2015,https://worldathletics.org/athletes/japan/mao-watanabe-14712878
27,10:22.04,,Wanhua TIAN,24 FEB 1999,CHN,5,,Suzhou (CHN),22 SEP 2015,1043,women_3000sc,2015,https://worldathletics.org/athletes/athlete=14702493
28,10:22.41,,Emi TSUJI,,JPN,4,,Osaka (JPN),13 SEP 2015,1042,women_3000sc,2015,https://worldathletics.org/athletes/athlete=14677686
29,10:22.53,,Eri UTSUNOMIYA,17 JUN 1993,JPN,4h2,,Osaka (JPN),12 SEP 2015,1041,women_3000sc,2015,https://worldathletics.org/athletes/japan/eri-utsunomiya-14616446
30,10:22.86,,Nanami NIWA,27 MAY 1995,JPN,7,,Nagoya (JPN),28 JUN 2015,1041,women_3000sc,2015,https://worldathletics.org/athletes/athlete=14571663
31,10:22.90,,Jia YANG,14 AUG 1996,CHN,6,,Fuzhou (CHN),23 OCT 2015,1041,women_3000sc,2015,https://worldathletics.org/athletes/athlete=14702499
32,10:24.47,,Naho OTSUKA,02 JUN 1997,JPN,5h2,,Osaka (JPN),12 SEP 2015,1037,women_3000sc,2015,https://worldathletics.org/athletes/japan/naho-otsuka-14545071
33,10:24.98,,Leyuan CUI,27 JUN 1993,CHN,4,,Jinan (CHN),01 MAY 2015,1036,women_3000sc,2015,https://worldathletics.org/athletes/athlete=14369319
34,10:25.26,,Mayuko NAKAMURA,20 NOV 1990,JPN,17,,"Los Angeles, CA (USA)",14 MAY 2015,1035,women_3000sc,2015,https://worldathletics.org/athletes/athlete=14545067
35,10:25.33,,Miki KOBAYASHI,24 OCT 1993,JPN,6h2,,Osaka (JPN),12 SEP 2015,1035,women_3000sc,2015,https://worldathletics.org/athletes/athlete=14445175
36,10:26.06,,Ju Ok BYOL,20 MAY 1997,PRK,4,,Wuhan (CHN),06 JUN 2015,1033,women_3000sc,2015,https://worldathletics.org/athletes/athlete=14603310
37,10:27.06,,Kanako KITAMOTO,14 SEP 1994,JPN,8,,Nagoya (JPN),28 JUN 2015,1031,women_3000sc,2015,https://worldathletics.org/athletes/athlete=14521603
38,10:27.25,,Thi Phuong NGUYEN,02 SEP 1990,VIE,1,,Ho Chi-Minh (VIE),09 OCT 2015,1030,women_3000sc,2015,https://worldathletics.org/athletes/vietnam/thi-phuong-nguyen-14514066
39,10:27.45,,Ying GUAN,16 APR 1997,CHN,7,,Fuzhou (CHN),23 OCT 2015,1030,women_3000sc,2015,https://worldathletics.org/athletes/athlete=14646800
40,10:27.98,,Thuy Kieu TRUONG THI,1996,VIE,2,,Ho Chi-Minh (VIE),09 OCT 2015,1029,women_3000sc,2015,https://worldathletics.org/athletes/athlete=14543368
41,10:28.44,,Jayashree BORGE,,IND,3,,Thiruvanthapuram (IND),13 FEB 2015,1028,women_3000sc,2015,https://worldathletics.org/athletes/india/jayashree-borge-14453379
42,10:28.47,,Haruka TOBIMATSU,16 MAY 1996,JPN,7h2,,Osaka (JPN),12 SEP 2015,1028,women_3000sc,2015,https://worldathletics.org/athletes/athlete=14634464
43,10:31.70,,Meng YANG,28 JUL 1997,CHN,9,,Fuzhou (CHN),23 OCT 2015,1020,women_3000sc,2015,https://worldathletics.org/athletes/athlete=14723549
44,10:32.26,,Thi Oanh NGUYEN,15 AUG 1995,VIE,3,,Ho Chi-Minh (VIE),09 OCT 2015,1019,women_3000sc,2015,https://worldathletics.org/athletes/athlete=14524770
45,10:32.61,,Hong PAN,19 APR 1995,CHN,8,,Suzhou (CHN),22 SEP 2015,1018,women_3000sc,2015,https://worldathletics.org/athletes/athlete=14502068
46,10:33.32,,Miho SHIMADA,26 AUG 1997,JPN,9,,Nagoya (JPN),28 JUN 2015,1016,women_3000sc,2015,https://worldathletics.org/athletes/athlete=14672591
47,10:36.54,,Fang LI,02 APR 1997,CHN,9,,Suzhou (CHN),22 SEP 2015,1009,women_3000sc,2015,https://worldathletics.org/athletes/athlete=14723551
48,10:36.90,,Jessica BARNARD,10 JUN 1990,PHI,3,,Singapore (SGP),12 JUN 2015,1008,women_3000sc,2015,https://worldathletics.org/athletes/philippines/jessica-barnard-14404565
49,10:36.98,,Azusa SAITO,09 JUN 1986,JPN,11,,Nagoya (JPN),28 JUN 2015,1008,women_3000sc,2015,https://worldathletics.org/athletes/athlete=14436787
50,10:39.18,,Misaki NAKAMURA,05 DEC 1993,JPN,10,,Hiratsuka (JPN),14 JUN 2015,1003,women_3000sc,2015,https://worldathletics.org/athletes/japan/misaki-nakamura-14664060
51,10:39.86,,Fang LI,21 JAN 1993,CHN,6,,Jinan (CHN),01 MAY 2015,1001,women_3000sc,2015,https://worldathletics.org/athletes/athlete=14470086
52,10:40.58,,Harim JO,14 SEP 1996,KOR,1,,Kimchun (KOR),06 MAY 2015,1000,women_3000sc,2015,https://worldathletics.org/athletes/athlete=14532353
53,10:40.75,,Ryoko HIRAI,11 JUN 1993,JPN,5h1,,Osaka (JPN),12 SEP 2015,999,women_3000sc,2015,https://worldathletics.org/athletes/japan/ryoko-hirai-14664072
54,10:40.79,,Aki TASAKA,16 AUG 1986,JPN,2,,Gifu (JPN),26 SEP 2015,999,women_3000sc,2015,https://worldathletics.org/athletes/athlete=14327827
55,10:42.34,,Shihang CHEN,06 MAY 1997,CHN,10,,Fuzhou (CHN),23 OCT 2015,995,women_3000sc,2015,https://worldathletics.org/athletes/pr-of-china/shihang-chen-14750642
56,10:43.03,,PRITI,18 DEC 1995,IND,3,,Kolkata (IND),17 SEP 2015,994,women_3000sc,2015,https://worldathletics.org/athletes/athlete=14498000
57,10:44.72,,Junqiao LI,08 MAR 1996,CHN,8,,Beijing (CHN),29 JUN 2015,990,women_3000sc,2015,https://worldathletics.org/athletes/athlete=14583570
58,10:44.86,,Momo KAMIYA,13 FEB 1998,JPN,1,,Nagoya (JPN),11 JUL 2015,990,women_3000sc,2015,https://worldathletics.org/athletes/athlete=14728200
59,10:45.12,,Minori HAYAKARI,29 NOV 1972,JPN,13,,Nagoya (JPN),28 JUN 2015,989,women_3000sc,2015,https://worldathletics.org/athletes/athlete=14286330
60,10:45.8h,,Gum Hyang PAK,07 OCT 1986,PRK,1,,Pyongyang (PRK),24 APR 2015,988,women_3000sc,2015,https://worldathletics.org/athletes/athlete=14295154
61,10:46.02,,Junko SHIMIZU,10 OCT 1994,JPN,7h1,,Osaka (JPN),12 SEP 2015,987,women_3000sc,2015,https://worldathletics.org/athletes/japan/junko-shimizu-14649181
62,10:46.80,,Runuo QIANA,29 DEC 1995,CHN,7,,Jinan (CHN),01 MAY 2015,985,women_3000sc,2015,https://worldathletics.org/athletes/athlete=14523286
63,10:48.05,,Qiaoling DENG,06 OCT 1990,CHN,8,,Jinan (CHN),01 MAY 2015,982,women_3000sc,2015,https://worldathletics.org/athletes/athlete=14266560
64,10:48.52,,Hoang THI TRANG,03 JAN 1999,VIE,4,,Ho Chi-Minh (VIE),09 OCT 2015,981,women_3000sc,2015,https://worldathletics.org/athletes/athlete=14697973
65,10:48.61,,Priyanka SINGH PATEL,08 JUL 1989,IND,4,,Thiruvanthapuram (IND),13 FEB 2015,981,women_3000sc,2015,https://worldathletics.org/athletes/athlete=14283077
66,10:50.08,,Asuka TAMURA,14 FEB 1993,JPN,8h1,,Osaka (JPN),12 SEP 2015,978,women_3000sc,2015,https://worldathletics.org/athletes/athlete=14434003
67,10:51.40,,Parul CHAUDHARY,15 APR 1995,IND,1,,Bhopal (IND),07 AUG 2015,975,women_3000sc,2015,https://worldathletics.org/athletes/athlete=14497992
68,10:52.47,,Wei-Wei LI,21 JAN 1995,TPE,1,,Kaohsiung (TPE),20 OCT 2015,972,women_3000sc,2015,https://worldathletics.org/athletes/athlete=14551990
69,10:52.75,,Mar Se KHIN,07 FEB 1991,MYA,5,,Singapore (SGP),12 JUN 2015,972,women_3000sc,2015,https://worldathletics.org/athletes/myanmar/mar-se-khin-14497754
70,10:54.05,,Misaki KODAMA,,JPN,9h1,,Osaka (JPN),12 SEP 2015,969,women_3000sc,2015,https://worldathletics.org/athletes/japan/misaki-kodama-14699202
71,10:55.26,,Rina GOTO,07 DEC 1998,JPN,2,,Nagoya (JPN),11 JUL 2015,966,women_3000sc,2015,https://worldathletics.org/athletes/athlete=14728201
72,10:55.34,,Manisha SALUNKHE,,IND,1,,Chennai (IND),12 JUL 2015,966,women_3000sc,2015,https://worldathletics.org/athletes/india/manisha-salunkhe-14446922
73,10:55.52,,Haruna ISOGUCHI,16 MAY 1993,JPN,14,,Nagoya (JPN),28 JUN 2015,965,women_3000sc,2015,https://worldathletics.org/athletes/japan/haruna-isoguchi-14664073
74,10:55.86,,Yu-na SON,18 DEC 1995,KOR,1,,Mungyeong (KOR),28 JUN 2015,965,women_3000sc,2015,https://worldathletics.org/athletes/athlete=14477459
75,10:56.90,,Ting-Yu LI,20 AUG 1994,TPE,2,,Kaohsiung (TPE),20 OCT 2015,962,women_3000sc,2015,https://worldathletics.org/athletes/athlete=14422402
76,10:57.33,,Chao-Chun CHEN,15 AUG 1992,TPE,1,,Taipei City (TPE),05 MAY 2015,961,women_3000sc,2015,https://worldathletics.org/athletes/athlete=14377890
77,10:57.37,,H.W.N. KUMARI,,SRI,2,,Diyagama (SRI),24 JUL 2015,961,women_3000sc,2015,https://worldathletics.org/athletes/athlete=14433100
78,10:58.56,,Xinxing LI,27 APR 1997,CHN,16,,Beijing (CHN),29 JUN 2015,959,women_3000sc,2015,https://worldathletics.org/athletes/athlete=14644585
79,11:00.18,,Kana KAKU,,JPN,3,,Gifu (JPN),26 SEP 2015,955,women_3000sc,2015,https://worldathletics.org/athletes/japan/kana-kaku-14664069
80,11:00.70,,Bich Tram NGUYEN THI,1994,VIE,5,,Ho Chi-Minh (VIE),09 OCT 2015,954,women_3000sc,2015,https://worldathletics.org/athletes/vietnam/bich-tram-nguyen-thi-14429233
81,11:03.55,,Monica RAUT,28 JUN 1990,IND,3,,Bhopal (IND),07 AUG 2015,947,women_3000sc,2015,https://worldathletics.org/athletes/athlete=14405031
82,11:04.26,,Hyun-ok LEE,25 SEP 1990,KOR,2,,Mungyeong (KOR),28 JUN 2015,946,women_3000sc,2015,https://worldathletics.org/athletes/athlete=14377342
83,11:04.55,,Rosemary Mumo KATUA,10 AUG 1996,BRN,1,,Muscat (OMA),14 MAR 2015,945,women_3000sc,2015,https://worldathletics.org/athletes/athlete=14643421
84,11:05.59,,Xin HUANG,27 JAN 1999,CHN,12,,Fuzhou (CHN),23 OCT 2015,943,women_3000sc,2015,https://worldathletics.org/athletes/athlete=14788593
85,11:05.67,,Yu Soe HNIN,24 AUG 1997,MYA,1,,Naypiydaw (MYA),23 FEB 2015,943,women_3000sc,2015,https://worldathletics.org/athletes/athlete=14646801
86,11:06.03,,Nandini GUPTA,04 NOV 1997,IND,5,,Kolkata (IND),17 SEP 2015,942,women_3000sc,2015,https://worldathletics.org/athletes/athlete=14670520
87,11:06.42,,Pingping YUAN,26 JUL 1999,CHN,12,,Jinan (CHN),01 MAY 2015,941,women_3000sc,2015,https://worldathletics.org/athletes/athlete=14702498
88,11:07.21,,Chunxia LI,08 APR 1996,CHN,13,,Jinan (CHN),01 MAY 2015,939,women_3000sc,2015,https://worldathletics.org/athletes/athlete=14702496
89,11:07.43,,. PADMAVATHY,15 APR 1989,IND,6,,Kolkata (IND),17 SEP 2015,939,women_3000sc,2015,https://worldathletics.org/athletes/india/padmavathy-014650059
90,11:09.09,,Ying MEI,14 SEP 1994,CHN,15,,Jinan (CHN),01 MAY 2015,935,women_3000sc,2015,https://worldathletics.org/athletes/athlete=14522586
91,11:09.37,,Sellappan PATMAVATHI,,IND,4,,Chennai (IND),12 JUL 2015,934,women_3000sc,2015,https://worldathletics.org/athletes/india/sellappan-patmavathi-14714267
92,11:09.41,,Mi-young SHIM,1991,KOR,1,,Hong Kong (HKG),28 JUN 2015,934,women_3000sc,2015,https://worldathletics.org/athletes/athlete=14382043
93,11:09.8h,,Il Sim CHOE,,PRK,2,,Pyongyang (PRK),24 APR 2015,933,women_3000sc,2015,https://worldathletics.org/athletes/dpr-of-korea/il-sim-choe-14717251
94,11:10.81,,Bour-ha-na NAM,27 JUL 1994,KOR,3,,Mungyeong (KOR),28 JUN 2015,931,women_3000sc,2015,https://worldathletics.org/athletes/athlete=14532347
95,11:11.40,,Xiaojuan KE,03 JAN 1999,CHN,13,,Fuzhou (CHN),23 OCT 2015,930,women_3000sc,2015,https://worldathletics.org/athletes/athlete=14714406
96,11:11.89,,Wenfang WANG,28 OCT 1994,CHN,17,,Beijing (CHN),29 JUN 2015,929,women_3000sc,2015,https://worldathletics.org/athletes/athlete=14488656
97,11:12.1h,,Hyon Gyong PAEK,29 MAR 1997,PRK,3,,Pyongyang (PRK),24 APR 2015,928,women_3000sc,2015,https://worldathletics.org/athletes/dpr-of-korea/hyon-gyong-paek-14717252
98,11:12.47,,Tatyana PALKINA,1995,KAZ,1,,Almaty (KAZ),15 JUN 2015,928,women_3000sc,2015,https://worldathletics.org/athletes/kazakhstan/tatyana-palkina-14672568
99,11:12.77,,Qin LI,23 AUG 1994,CHN,6,,Taiyuan (CHN),13 MAY 2015,927,women_3000sc,2015,https://worldathletics.org/athletes/athlete=14702563
100,11:16.90,,Chunlei YANG,11 AUG 1993,CHN,18,,Beijing (CHN),29 JUN 2015,918,women_3000sc,2015,https://worldathletics.org/athletes/athlete=14430136
101,11:17.33,,. CINTHA,26 MAR 1993,IND,6,,Thiruvanthapuram (IND),13 FEB 2015,917,women_3000sc,2015,https://worldathletics.org/athletes/athlete=14522520
102,11:19.49,,Vijay LAXMI,11 NOV 1991,IND,2,,Moodbidri (IND),20 JAN 2015,912,women_3000sc,2015,https://worldathletics.org/athletes/athlete=14650057
103,11:23.27,,K.D.P KUMARAGE,1995,SRI,3,,Diyagama (SRI),24 JUL 2015,904,women_3000sc,2015,https://worldathletics.org/athletes/athlete=14552928
104,11:23.92,,Lina WANG,22 APR 1998,CHN,15,,Fuzhou (CHN),23 OCT 2015,902,women_3000sc,2015,https://worldathletics.org/athletes/pr-of-china/lina-wang-14944849
105,11:26.58,,V. V. SOBHA,1992,IND,3,,Moodbidri (IND),20 JAN 2015,897,women_3000sc,2015,https://worldathletics.org/athletes/india/v-v-sobha-14448709
106,11:26.9h,,Son-Hui KIM,17 DEC 1992,PRK,4,,Pyongyang (PRK),24 APR 2015,896,women_3000sc,2015,https://worldathletics.org/athletes/athlete=14327194
107,11:27.7h,,Ri CHUNG SIM,,PRK,5,,Pyongyang (PRK),24 APR 2015,894,women_3000sc,2015,https://worldathletics.org/athletes/athlete=14295151
108,11:28.64,,Chol Sun KIM,05 OCT 1996,PRK,3,,Taipei City (TPE),15 MAY 2015,892,women_3000sc,2015,https://worldathletics.org/athletes/athlete=14694169
109,11:30.40,,Hee-ju KO,22 OCT 1998,KOR,4,,Mungyeong (KOR),28 JUN 2015,888,women_3000sc,2015,https://worldathletics.org/athletes/athlete=14670898
110,11:31.82,,Un Hwa JANG,02 FEB 1996,PRK,6,,Wuhan (CHN),06 JUN 2015,885,women_3000sc,2015,https://worldathletics.org/athletes/athlete=14651465
111,11:33.09,,Wahidha REHMAN,,IND,1,,Thiruvanthapuram (IND),08 SEP 2015,882,women_3000sc,2015,https://worldathletics.org/athletes/india/wahidha-rehman-14411643
112,11:33.66,,SUMATI DAS,10 JAN 1993,IND,7,,Kolkata (IND),17 SEP 2015,881,women_3000sc,2015,https://worldathletics.org/athletes/india/sumati-das-014650060
113,11:37.74,,Chhavi YADAV,15 AUG 1992,IND,4,,Moodbidri (IND),20 JAN 2015,872,women_3000sc,2015,https://worldathletics.org/athletes/athlete=14681243
114,11:37.83,,Ying ZHANG,19 SEP 1995,CHN,21,,Beijing (CHN),29 JUN 2015,872,women_3000sc,2015,https://worldathletics.org/athletes/pr-of-china/ying-zhang-14668295
115,11:39.41,,Mei-Hsin CHEN,02 NOV 1996,TPE,4,,Taipei City (TPE),15 MAY 2015,869,women_3000sc,2015,https://worldathletics.org/athletes/athlete=14591675
116,11:39.66,,Angel JAMES,14 MAR 1996,IND,5,,Chennai (IND),12 JUL 2015,868,women_3000sc,2015,https://worldathletics.org/athletes/athlete=14714268
1,8:52.78,,Ruth JEBET,17 NOV 1996,BRN,1,,"Stade de France, Paris-St-Denis (FRA)",27 AUG 2016,1263,women_3000sc,2016,https://worldathletics.org/athletes/athlete=14588310
2,9:19.76,,Lalita BABAR,02 JUN 1989,IND,4h2,,"Estádio Olímpico, Rio de Janeiro (BRA)",13 AUG 2016,1194,women_3000sc,2016,https://worldathletics.org/athletes/athlete=14383687
3,9:26.55,,Sudha SINGH,25 JUN 1986,IND,8,,"Shanghai Stadium, Shanghai (CHN)",14 MAY 2016,1177,women_3000sc,2016,https://worldathletics.org/athletes/athlete=14283075
4,9:28.54,,Xinyan ZHANG,09 FEB 1994,CHN,1,,Luoyang (CHN),06 MAY 2016,1172,women_3000sc,2016,https://worldathletics.org/athletes/athlete=14488655
5,9:31.84,,Tigest Getent MEKONEN,07 JUL 1997,BRN,8,,"Olympiastadion, Stockholm (SWE)",16 JUN 2016,1164,women_3000sc,2016,https://worldathletics.org/athletes/athlete=14429103
6,9:44.22,,Anju TAKAMIZAWA,06 MAR 1996,JPN,1,,Nagoya (JPN),24 JUN 2016,1133,women_3000sc,2016,https://worldathletics.org/athletes/athlete=14654017
7,9:45.27,,Chikako MORI,25 NOV 1992,JPN,2,,Nagoya (JPN),24 JUN 2016,1131,women_3000sc,2016,https://worldathletics.org/athletes/athlete=14427119
8,9:54.21,,Misaki SANGO,21 APR 1989,JPN,3,,Nagoya (JPN),24 JUN 2016,1109,women_3000sc,2016,https://worldathletics.org/athletes/athlete=14433273
9,9:58.81,,Soyoka SEGAWA,28 JUL 1994,JPN,9,,"Todoroki Stadium, Kawasaki (JPN)",08 MAY 2016,1098,women_3000sc,2016,https://worldathletics.org/athletes/athlete=14646742
10,9:59.17,,Kako OKADA,12 FEB 1998,JPN,2,,Kumagaya (JPN),04 SEP 2016,1097,women_3000sc,2016,https://worldathletics.org/athletes/athlete=14719659
11,9:59.35,,Maki IZUMIDA,22 JAN 1996,JPN,4,,Nagoya (JPN),24 JUN 2016,1097,women_3000sc,2016,https://worldathletics.org/athletes/athlete=14499989
12,10:00.40,,Chika MUKAI,26 FEB 1998,JPN,1,,Wakayama (JPN),01 MAY 2016,1094,women_3000sc,2016,https://worldathletics.org/athletes/athlete=14671515
13,10:00.65,,Yui YABUTA,04 MAR 1996,JPN,3,,Kumagaya (JPN),04 SEP 2016,1094,women_3000sc,2016,https://worldathletics.org/athletes/athlete=14735736
14,10:01.68,,Shuangshuang XU,06 APR 1996,CHN,1,,"Berkeley, CA (USA)",22 APR 2016,1091,women_3000sc,2016,https://worldathletics.org/athletes/athlete=14534952
15,10:04.28,,Nana SATO,24 SEP 1989,JPN,6,,Nagoya (JPN),24 JUN 2016,1085,women_3000sc,2016,https://worldathletics.org/athletes/athlete=14545076
16,10:05.52,,Moeno SHIMIZU,20 MAR 1997,JPN,4,,Kumagaya (JPN),04 SEP 2016,1082,women_3000sc,2016,https://worldathletics.org/athletes/athlete=14649179
17,10:05.72,,Xiaoqian ZHONG,24 OCT 1997,CHN,1,,Tianjin (CHN),14 SEP 2016,1081,women_3000sc,2016,https://worldathletics.org/athletes/athlete=14702473
18,10:07.95,,Minori HAYAKARI,29 NOV 1972,JPN,11f1,,"Portland, OR (USA)",12 JUN 2016,1076,women_3000sc,2016,https://worldathletics.org/athletes/athlete=14286330
19,10:08.05,,Kanako KITAMOTO,14 SEP 1994,JPN,7,,Nagoya (JPN),24 JUN 2016,1076,women_3000sc,2016,https://worldathletics.org/athletes/athlete=14521603
20,10:08.92,,Yuki SHIBATA,19 JAN 1999,JPN,2,,Wakayama (JPN),01 MAY 2016,1074,women_3000sc,2016,https://worldathletics.org/athletes/athlete=14695254
21,10:10.3h,,Nilani RATHNAYAKA,08 AUG 1990,SRI,1,,Diyagama (SRI),08 JUL 2016,1070,women_3000sc,2016,https://worldathletics.org/athletes/athlete=14383787
22,10:10.55,,Yuanfeng LI,21 OCT 1996,CHN,2,,Tianjin (CHN),14 SEP 2016,1070,women_3000sc,2016,https://worldathletics.org/athletes/athlete=14585467
23,10:12.38,,Mami NISHIMURA,03 OCT 1994,JPN,2,,Hiratsuka (JPN),10 JUN 2016,1065,women_3000sc,2016,https://worldathletics.org/athletes/japan/mami-nishimura-14754379
24,10:12.45,,Misaki MISHIMA,14 JUN 1994,JPN,9,,Nagoya (JPN),24 JUN 2016,1065,women_3000sc,2016,https://worldathletics.org/athletes/athlete=14602920
25,10:13.24,,Ayaka KOIKE,09 APR 1993,JPN,4,,Kobe (JPN),24 APR 2016,1063,women_3000sc,2016,https://worldathletics.org/athletes/athlete=14545070
26,10:14.14,,Junqiao LI,08 MAR 1996,CHN,1,,Huai'an (CHN),23 APR 2016,1061,women_3000sc,2016,https://worldathletics.org/athletes/athlete=14583570
27,10:17.35,,Wanhua TIAN,24 FEB 1999,CHN,3,,Zhengzhou (CHN),14 MAY 2016,1054,women_3000sc,2016,https://worldathletics.org/athletes/athlete=14702493
28,10:17.50,,Li BAI,30 MAR 1996,CHN,5,,Tianjin (CHN),14 SEP 2016,1053,women_3000sc,2016,https://worldathletics.org/athletes/athlete=14702490
29,10:19.65,,Rini BUDIARTI,22 MAR 1983,INA,1,,Bogor (INA),26 SEP 2016,1048,women_3000sc,2016,https://worldathletics.org/athletes/athlete=14282695
30,10:19.69,,Io AKASHI,16 SEP 1994,JPN,7,,Kumagaya (JPN),04 SEP 2016,1048,women_3000sc,2016,https://worldathletics.org/athletes/athlete=14739834
31,10:22.49,,Jessica BARNARD,10 JUN 1990,PHI,10f3,,"Palo Alto, CA (USA)",01 MAY 2016,1042,women_3000sc,2016,https://worldathletics.org/athletes/philippines/jessica-barnard-14404565
32,10:26.43,,Yumi YOSHIKAWA,31 OCT 1990,JPN,8,,"Albert Park, Melbourne (AUS)",05 MAR 2016,1032,women_3000sc,2016,https://worldathletics.org/athletes/athlete=14522388
33,10:29.14,,Shihang CHEN,06 MAY 1997,CHN,6,,Tianjin (CHN),14 SEP 2016,1026,women_3000sc,2016,https://worldathletics.org/athletes/pr-of-china/shihang-chen-14750642
34,10:29.82,,Danxia CHEN,28 OCT 1995,CHN,3,,Chongqing (CHN),20 JUN 2016,1024,women_3000sc,2016,https://worldathletics.org/athletes/athlete=14714471
35,10:31.02,,Hyo Gyong RO,09 JAN 1999,PRK,2,,Ho Chi-Minh (VIE),05 JUN 2016,1022,women_3000sc,2016,https://worldathletics.org/athletes/athlete=14756005
36,10:31.88,,PRITI,18 DEC 1995,IND,1,,Lucknow (IND),29 SEP 2016,1020,women_3000sc,2016,https://worldathletics.org/athletes/athlete=14498000
37,10:32.88,,. CINTHA,26 MAR 1993,IND,2,,Lucknow (IND),29 SEP 2016,1017,women_3000sc,2016,https://worldathletics.org/athletes/athlete=14522520
38,10:34.43,,Fang LI,02 APR 1997,CHN,7,,Tianjin (CHN),14 SEP 2016,1014,women_3000sc,2016,https://worldathletics.org/athletes/athlete=14723551
39,10:34.97,,Yangchun LU,26 DEC 1993,CHN,8,,Tianjin (CHN),14 SEP 2016,1012,women_3000sc,2016,https://worldathletics.org/athletes/athlete=14546531
40,10:35.1h,,Ran Yon KIM,11 MAY 1996,PRK,2,,Pyongyang (PRK),12 OCT 2016,1012,women_3000sc,2016,https://worldathletics.org/athletes/athlete=14694172
41,10:35.48,,Nanami NIWA,27 MAY 1995,JPN,9,,Kumagaya (JPN),04 SEP 2016,1011,women_3000sc,2016,https://worldathletics.org/athletes/athlete=14571663
42,10:36.29,,Yui SATO,1996,JPN,5h2,,Kumagaya (JPN),03 SEP 2016,1009,women_3000sc,2016,https://worldathletics.org/athletes/japan/yui-sato-14766825
43,10:36.40,,Yuriko ITO,1998,JPN,4,,Wakayama (JPN),01 MAY 2016,1009,women_3000sc,2016,https://worldathletics.org/athletes/athlete=14768300
44,10:36.48,,Makoto TAGUCHI,31 OCT 1996,JPN,6h2,,Kumagaya (JPN),03 SEP 2016,1009,women_3000sc,2016,https://worldathletics.org/athletes/athlete=14766826
45,10:39.93,,Xinxing LI,27 APR 1997,CHN,9,,Tianjin (CHN),14 SEP 2016,1001,women_3000sc,2016,https://worldathletics.org/athletes/athlete=14644585
46,10:40.85,,. YULIANINGSIH,23 SEP 1989,INA,2,,Bogor (INA),26 SEP 2016,999,women_3000sc,2016,https://worldathletics.org/athletes/athlete=14432162
47,10:40.95,,Ying GUAN,16 APR 1997,CHN,3,,Huai'an (CHN),23 APR 2016,999,women_3000sc,2016,https://worldathletics.org/athletes/athlete=14646800
48,10:41.0h,,Ju Ok BYOL,20 MAY 1997,PRK,3,,Pyongyang (PRK),12 OCT 2016,999,women_3000sc,2016,https://worldathletics.org/athletes/athlete=14603310
49,10:41.47,,Yuka MATSUMURA,05 OCT 1997,JPN,6h1,,Kumagaya (JPN),03 SEP 2016,997,women_3000sc,2016,https://worldathletics.org/athletes/athlete=14695497
50,10:41.93,,Chizuru OI,04 JUL 1993,JPN,8h2,,Kumagaya (JPN),03 SEP 2016,996,women_3000sc,2016,https://worldathletics.org/athletes/athlete=14766827
51,10:42.12,,Yuka KISHIMOTO,06 OCT 1992,JPN,9,,Kobe (JPN),24 APR 2016,996,women_3000sc,2016,https://worldathletics.org/athletes/japan/yuka-kishimoto-14750931
52,10:42.84,,Parul CHAUDHARY,15 APR 1995,IND,1,,"Anna Stadium, Tiruchirapalli (IND)",27 AUG 2016,994,women_3000sc,2016,https://worldathletics.org/athletes/athlete=14497992
53,10:43.2h,,H.W.N. KUMARI,,SRI,2,,Diyagama (SRI),14 AUG 2016,994,women_3000sc,2016,https://worldathletics.org/athletes/athlete=14433100
54,10:43.25,,Chhavi YADAV,15 AUG 1992,IND,3,,Lucknow (IND),29 SEP 2016,993,women_3000sc,2016,https://worldathletics.org/athletes/athlete=14681243
55,10:43.79,,Mayuko NAKAMURA,20 NOV 1990,JPN,2,,Osaka (JPN),24 SEP 2016,992,women_3000sc,2016,https://worldathletics.org/athletes/athlete=14545067
56,10:45.46,,Haruna KANDA,,JPN,10h2,,Kumagaya (JPN),03 SEP 2016,988,women_3000sc,2016,https://worldathletics.org/athletes/japan/haruna-kanda-14735093
57,10:46.97,,Pretty SIHITE,21 DEC 1996,INA,3,,Bogor (INA),26 SEP 2016,985,women_3000sc,2016,https://worldathletics.org/athletes/athlete=14765272
58,10:48.11,,Leyuan CUI,27 JUN 1993,CHN,7,,Zhengzhou (CHN),14 MAY 2016,982,women_3000sc,2016,https://worldathletics.org/athletes/athlete=14369319
59,10:48.95,,Eri UTSUNOMIYA,17 JUN 1993,JPN,17,,Nagoya (JPN),24 JUN 2016,980,women_3000sc,2016,https://worldathletics.org/athletes/japan/eri-utsunomiya-14616446
60,10:49.98,,Harim JO,14 SEP 1996,KOR,1,,Hwaseong (KOR),03 JUN 2016,978,women_3000sc,2016,https://worldathletics.org/athletes/athlete=14532353
61,10:51.15,,Wahidha REHMAN,,IND,1,,Hyderabad (IND),05 SEP 2016,975,women_3000sc,2016,https://worldathletics.org/athletes/india/wahidha-rehman-14411643
62,10:51.56,,Bour-ha-na NAM,27 JUL 1994,KOR,2,,Hwaseong (KOR),03 JUN 2016,974,women_3000sc,2016,https://worldathletics.org/athletes/athlete=14532347
63,10:51.98,,Yasuha TAKANO,1994,JPN,11h2,,Kumagaya (JPN),03 SEP 2016,973,women_3000sc,2016,https://worldathletics.org/athletes/japan/yasuha-takano-14766828
64,10:55.85,,Vijay LAXMI,11 NOV 1991,IND,1,,Patiala (IND),02 JAN 2016,965,women_3000sc,2016,https://worldathletics.org/athletes/athlete=14650057
65,10:56.18,,Meng YANG,28 JUL 1997,CHN,2,,Ordos (CHN),27 JUN 2016,964,women_3000sc,2016,https://worldathletics.org/athletes/athlete=14723549
66,10:56.52,,Hong PAN,19 APR 1995,CHN,2,,Shaoxing (CHN),17 APR 2016,963,women_3000sc,2016,https://worldathletics.org/athletes/athlete=14502068
67,10:56.58,,Hee-ju KO,22 OCT 1998,KOR,3,,Hwaseong (KOR),03 JUN 2016,963,women_3000sc,2016,https://worldathletics.org/athletes/athlete=14670898
68,10:59.92,,Sa-hin SHIN,23 APR 1992,KOR,4,,Hwaseong (KOR),03 JUN 2016,956,women_3000sc,2016,https://worldathletics.org/athletes/athlete=14334608
69,11:01.54,,Yu-na SON,18 DEC 1995,KOR,2,,Kimchun (KOR),05 JUL 2016,952,women_3000sc,2016,https://worldathletics.org/athletes/athlete=14477459
70,11:01.94,,Sa-hyun SHIN,23 APR 1992,KOR,3,,Kimchun (KOR),05 JUL 2016,951,women_3000sc,2016,https://worldathletics.org/athletes/korea/sa-hyun-shin-14696555
71,11:02.15,,Jung-hyun OH,25 JAN 1991,KOR,4,,Kimchun (KOR),05 JUL 2016,951,women_3000sc,2016,https://worldathletics.org/athletes/athlete=14334610
72,11:02.36,,Chao LI,23 JUN 1996,CHN,11,,Zhengzhou (CHN),14 MAY 2016,950,women_3000sc,2016,https://worldathletics.org/athletes/pr-of-china/chao-li-14754411
73,11:02.52,,Xiaojuan KE,03 JAN 1999,CHN,12,,Zhengzhou (CHN),14 MAY 2016,950,women_3000sc,2016,https://worldathletics.org/athletes/athlete=14714406
74,11:03.63,,Chol Sun KIM,05 OCT 1996,PRK,1,,Taoyuan (TPE),19 MAY 2016,947,women_3000sc,2016,https://worldathletics.org/athletes/athlete=14694169
75,11:03.74,,Zarina MENTAYEVA,09 OCT 1992,KAZ,1,,Lefkosia (CYP),18 JUN 2016,947,women_3000sc,2016,https://worldathletics.org/athletes/athlete=14421724
76,11:04.41,,Jia YANG,14 AUG 1996,CHN,4,,Taiyuan (CHN),22 MAY 2016,945,women_3000sc,2016,https://worldathletics.org/athletes/athlete=14702499
77,11:04.54,,Preenu YADAV,28 JUN 1995,IND,3,,"Anna Stadium, Tiruchirapalli (IND)",27 AUG 2016,945,women_3000sc,2016,https://worldathletics.org/athletes/athlete=14549115
78,11:05.5h,,Y.M.I.D.K. KUMARI,,SRI,3,,Diyagama (SRI),14 AUG 2016,943,women_3000sc,2016,https://worldathletics.org/athletes/sri-lanka/ymidk-kumari-14759772
79,11:06.92,,Afriana PAIJO,04 JAN 1992,INA,4,,Bogor (INA),26 SEP 2016,940,women_3000sc,2016,https://worldathletics.org/athletes/athlete=14427121
80,11:07.42,,Priti CHAUDHARY,08 FEB 1994,IND,3,,Patiala (IND),02 JAN 2016,939,women_3000sc,2016,https://worldathletics.org/athletes/india/priti-chaudhary-14722526
81,11:07.65,,Pratima KUMARI,10 AUG 1996,IND,3,,Hyderabad (IND),05 SEP 2016,938,women_3000sc,2016,https://worldathletics.org/athletes/india/pratima-kumari-14764300
82,11:08.92,,Nandini GUPTA,04 NOV 1997,IND,2,,Hyderabad (IND),29 JUN 2016,935,women_3000sc,2016,https://worldathletics.org/athletes/athlete=14670520
83,11:09.68,,You-rim LEE,10 JUN 1999,KOR,1,,Taebaek (KOR),19 JUL 2016,934,women_3000sc,2016,https://worldathletics.org/athletes/athlete=14758262
84,11:11.16,,Hyun-ok LEE,25 SEP 1990,KOR,5,,Hwaseong (KOR),03 JUN 2016,930,women_3000sc,2016,https://worldathletics.org/athletes/athlete=14377342
85,11:11.75,,Ming ZHOU,05 AUG 1999,CHN,13,,Chongqing (CHN),20 JUN 2016,929,women_3000sc,2016,https://worldathletics.org/athletes/athlete=14744708
86,11:13.21,,Angel JAMES,14 MAR 1996,IND,3,,Hyderabad (IND),29 JUN 2016,926,women_3000sc,2016,https://worldathletics.org/athletes/athlete=14714268
87,11:16.12,,Yue WANG,10 MAY 1995,CHN,13,,Tianjin (CHN),14 SEP 2016,919,women_3000sc,2016,https://worldathletics.org/athletes/athlete=14702477
88,11:17.05,,Ting-Yu LI,20 AUG 1994,TPE,1,,Taichung (TPE),01 MAY 2016,917,women_3000sc,2016,https://worldathletics.org/athletes/athlete=14422402
89,11:18.1h,,Romali APPRANA PERERA,,SRI,4,,Diyagama (SRI),08 JUL 2016,915,women_3000sc,2016,https://worldathletics.org/athletes/sri-lanka/romali-apprana-perera-14522938
90,11:20.09,,Monica RAUT,28 JUN 1990,IND,4,,Hyderabad (IND),29 JUN 2016,911,women_3000sc,2016,https://worldathletics.org/athletes/athlete=14405031
91,11:21.79,,Chao-Chun CHEN,15 AUG 1992,TPE,2,,Taichung (TPE),01 MAY 2016,907,women_3000sc,2016,https://worldathletics.org/athletes/athlete=14377890
92,11:24.5h,,Priyanka CHAURKAR,26 APR 1997,IND,2,,Coimbatore (IND),14 NOV 2016,901,women_3000sc,2016,https://worldathletics.org/athletes/athlete=14768640
93,11:25.45,,Hoang THI TRANG,03 JAN 1999,VIE,5,,Ho Chi-Minh (VIE),05 JUN 2016,899,women_3000sc,2016,https://worldathletics.org/athletes/athlete=14697973
94,11:26.68,,Mekhrangez NAZAROVA,01 JUL 1997,TJK,6,,Ho Chi-Minh (VIE),05 JUN 2016,896,women_3000sc,2016,https://worldathletics.org/athletes/athlete=14603309
95,11:26.75,,Wahida RAHAMAN,02 MAR 1983,IND,4,,New Delhi (IND),29 APR 2016,896,women_3000sc,2016,https://worldathletics.org/athletes/india/wahida-rahaman-14751368
96,11:26.95,,Su-ji-ne LEE,1998,KOR,2,,Kimchun (KOR),04 JUL 2016,896,women_3000sc,2016,https://worldathletics.org/athletes/korea/su-ji-ne-lee-14759686
97,11:27.64,,Yanita SARI,1993,INA,5,,Bogor (INA),26 SEP 2016,894,women_3000sc,2016,https://worldathletics.org/athletes/indonesia/yanita-sari-14545728
98,11:31.14,,Sheetal BHAGAT ZAMAJI,02 AUG 1993,IND,4,,Patiala (IND),02 JAN 2016,887,women_3000sc,2016,https://worldathletics.org/athletes/athlete=14735669
99,11:31.99,,Yun-hye LEE,1998,KOR,5,,Kimchun (KOR),05 JUL 2016,885,women_3000sc,2016,https://worldathletics.org/athletes/athlete=14758263
100,11:36.08,,Wei-Wei LI,21 JAN 1995,TPE,3,,Taichung (TPE),01 MAY 2016,876,women_3000sc,2016,https://worldathletics.org/athletes/athlete=14551990
101,11:37.1h,,K.D.P KUMARAGE,1995,SRI,5,,Diyagama (SRI),08 JUL 2016,874,women_3000sc,2016,https://worldathletics.org/athletes/athlete=14552928
102,11:38.57,,Ye-jin KANG,16 AUG 1998,KOR,3,,Kimchun (KOR),04 JUL 2016,871,women_3000sc,2016,https://worldathletics.org/athletes/athlete=14759687
1,8:55.29,,Ruth JEBET,17 NOV 1996,BRN,1,,"Letzigrund, Zürich (SUI)",24 AUG 2017,1256,women_3000sc,2017,https://worldathletics.org/athletes/athlete=14588310
2,9:22.67,,Winfred YAVI,31 DEC 1999,BRN,8,,"Olympic Stadium, London (GBR)",11 AUG 2017,1187,women_3000sc,2017,https://worldathletics.org/athletes/athlete=14695622
3,9:26.00,,Tigest Getent MEKONEN,07 JUL 1997,BRN,3,,Baku (AZE),17 MAY 2017,1178,women_3000sc,2017,https://worldathletics.org/athletes/athlete=14429103
4,9:49.23,,. CINTHA,26 MAR 1993,IND,1,,Chennai (IND),27 SEP 2017,1121,women_3000sc,2017,https://worldathletics.org/athletes/athlete=14522520
5,9:49.41,,Chikako MORI,25 NOV 1992,JPN,1,,Osaka (JPN),24 JUN 2017,1121,women_3000sc,2017,https://worldathletics.org/athletes/athlete=14427119
6,9:50.72,,Misaki SANGO,21 APR 1989,JPN,1,,Kobe (JPN),23 APR 2017,1118,women_3000sc,2017,https://worldathletics.org/athletes/athlete=14433273
7,9:54.69,,Anju TAKAMIZAWA,06 MAR 1996,JPN,1,,Abashiri (JPN),13 JUL 2017,1108,women_3000sc,2017,https://worldathletics.org/athletes/athlete=14654017
8,9:57.02,,Xinyan ZHANG,09 FEB 1994,CHN,1,,Zhengzhou (CHN),13 APR 2017,1102,women_3000sc,2017,https://worldathletics.org/athletes/athlete=14488655
9,9:59.47,,Sudha SINGH,25 JUN 1986,IND,1,,Bhubaneshwar (IND),08 JUL 2017,1096,women_3000sc,2017,https://worldathletics.org/athletes/athlete=14283075
10,10:00.87,,Xiaoqian ZHONG,24 OCT 1997,CHN,2,,Zhengzhou (CHN),13 APR 2017,1093,women_3000sc,2017,https://worldathletics.org/athletes/athlete=14702473
11,10:02.64,,Yui YABUTA,04 MAR 1996,JPN,1,,Fukui (JPN),10 SEP 2017,1089,women_3000sc,2017,https://worldathletics.org/athletes/athlete=14735736
12,10:03.94,,Nilani RATHNAYAKA,08 AUG 1990,SRI,1,,Diyagama (SRI),09 APR 2017,1086,women_3000sc,2017,https://worldathletics.org/athletes/athlete=14383787
13,10:04.18,,Shuangshuang XU,06 APR 1996,CHN,2,,Huai'an (CHN),05 APR 2017,1085,women_3000sc,2017,https://worldathletics.org/athletes/athlete=14534952
14,10:04.73,,Ayaka KOIKE,09 APR 1993,JPN,4,,Osaka (JPN),24 JUN 2017,1084,women_3000sc,2017,https://worldathletics.org/athletes/athlete=14545070
15,10:05.26,,Kako OKADA,12 FEB 1998,JPN,5,,Osaka (JPN),24 JUN 2017,1082,women_3000sc,2017,https://worldathletics.org/athletes/athlete=14719659
16,10:05.81,,Riho TAKAMIZAWA,12 APR 1997,JPN,6,,Osaka (JPN),24 JUN 2017,1081,women_3000sc,2017,https://worldathletics.org/athletes/athlete=14702240
17,10:07.26,,Parul CHAUDHARY,15 APR 1995,IND,2,,Tiruchirapalli (IND),19 AUG 2017,1078,women_3000sc,2017,https://worldathletics.org/athletes/athlete=14497992
18,10:07.65,,Nana SATO,24 SEP 1989,JPN,7,,Osaka (JPN),24 JUN 2017,1077,women_3000sc,2017,https://worldathletics.org/athletes/athlete=14545076
19,10:13.03,,Thi Oanh NGUYEN,15 AUG 1995,VIE,,,Bangkok (THA),13 JUN 2017,1064,women_3000sc,2017,https://worldathletics.org/athletes/athlete=14524770
20,10:13.44,,Momoe NOBUOKA,30 OCT 1997,JPN,8,,Osaka (JPN),24 JUN 2017,1063,women_3000sc,2017,https://worldathletics.org/athletes/athlete=14778855
21,10:13.94,,Hyo Gyong RO,09 JAN 1999,PRK,2,,Bhubaneshwar (IND),08 JUL 2017,1062,women_3000sc,2017,https://worldathletics.org/athletes/athlete=14756005
22,10:16.34,,Chhavi YADAV,15 AUG 1992,IND,2,,Chennai (IND),27 SEP 2017,1056,women_3000sc,2017,https://worldathletics.org/athletes/athlete=14681243
23,10:16.51,,Soyoka SEGAWA,28 JUL 1994,JPN,1,,Osaka (JPN),23 SEP 2017,1056,women_3000sc,2017,https://worldathletics.org/athletes/athlete=14646742
24,10:19.24,,Yuanfeng LI,21 OCT 1996,CHN,2,,Jinan (CHN),16 MAY 2017,1049,women_3000sc,2017,https://worldathletics.org/athletes/athlete=14585467
25,10:19.41,,Moeno SHIMIZU,20 MAR 1997,JPN,1,,Yokohama (JPN),27 MAY 2017,1049,women_3000sc,2017,https://worldathletics.org/athletes/athlete=14649179
26,10:21.15,,Reira KUDO,28 DEC 1995,JPN,9,,Osaka (JPN),24 JUN 2017,1045,women_3000sc,2017,https://worldathletics.org/athletes/japan/reira-koiwa-14803202
27,10:23.33,,Wanhua TIAN,24 FEB 1999,CHN,3,,Jinan (CHN),16 MAY 2017,1040,women_3000sc,2017,https://worldathletics.org/athletes/athlete=14702493
28,10:23.8h,,Ran Yon KIM,11 MAY 1996,PRK,2,,Pyongyang (PRK),04 OCT 2017,1039,women_3000sc,2017,https://worldathletics.org/athletes/athlete=14694172
29,10:23.87,,Mika OKIMURA,22 AUG 1997,JPN,5,,Fukui (JPN),10 SEP 2017,1038,women_3000sc,2017,https://worldathletics.org/athletes/athlete=14809492
30,10:25.05,,Yangchun LU,26 DEC 1993,CHN,3,,Zhengzhou (CHN),13 APR 2017,1036,women_3000sc,2017,https://worldathletics.org/athletes/athlete=14546531
31,10:25.25,,Manami NISHIYAMA,09 DEC 1999,JPN,1,,Hiratsuka (JPN),25 JUN 2017,1035,women_3000sc,2017,https://worldathletics.org/athletes/athlete=14733877
32,10:25.74,,Yui SATO,1996,JPN,4f2,,Hiratsuka (JPN),11 JUN 2017,1034,women_3000sc,2017,https://worldathletics.org/athletes/japan/yui-sato-14766825
33,10:26.24,,Ying GUAN,16 APR 1997,CHN,4,,Zhengzhou (CHN),13 APR 2017,1033,women_3000sc,2017,https://worldathletics.org/athletes/athlete=14646800
34,10:27.34,,Kanako KITAMOTO,14 SEP 1994,JPN,3h1,,Fukui (JPN),09 SEP 2017,1030,women_3000sc,2017,https://worldathletics.org/athletes/athlete=14521603
35,10:27.92,,Yuka KANESUGI,1998,JPN,5f2,,Hiratsuka (JPN),11 JUN 2017,1029,women_3000sc,2017,https://worldathletics.org/athletes/athlete=14809491
36,10:29.70,,Nanami NIWA,27 MAY 1995,JPN,2,,Yokohama (JPN),27 MAY 2017,1025,women_3000sc,2017,https://worldathletics.org/athletes/athlete=14571663
37,10:31.32,,Suzuka TAKANO,24 AUG 1996,JPN,2f1,,Hiratsuka (JPN),11 JUN 2017,1021,women_3000sc,2017,https://worldathletics.org/athletes/athlete=14733879
38,10:31.8h,,Ju Ok BYOL,20 MAY 1997,PRK,3,,Pyongyang (PRK),04 OCT 2017,1020,women_3000sc,2017,https://worldathletics.org/athletes/athlete=14603310
39,10:32.30,,Minori HAYAKARI,29 NOV 1972,JPN,12,,Osaka (JPN),24 JUN 2017,1019,women_3000sc,2017,https://worldathletics.org/athletes/athlete=14286330
40,10:32.41,,Yuka MATSUMURA,05 OCT 1997,JPN,7f2,,Hiratsuka (JPN),11 JUN 2017,1018,women_3000sc,2017,https://worldathletics.org/athletes/athlete=14695497
41,10:33.47,,Chizuru OI,04 JUL 1993,JPN,7,,Fukui (JPN),10 SEP 2017,1016,women_3000sc,2017,https://worldathletics.org/athletes/athlete=14766827
42,10:34.47,,Harim JO,14 SEP 1996,KOR,1,,Cheongju (KOR),24 OCT 2017,1014,women_3000sc,2017,https://worldathletics.org/athletes/athlete=14532353
43,10:35.02,,Risa KIKUCHI,05 FEB 1990,JPN,3,,Osaka (JPN),23 SEP 2017,1012,women_3000sc,2017,https://worldathletics.org/athletes/athlete=14334106
44,10:35.97,,Chao-Chun CHEN,15 AUG 1992,TPE,1,,Yilan (TPE),25 OCT 2017,1010,women_3000sc,2017,https://worldathletics.org/athletes/athlete=14377890
45,10:36.19,,Jyoti CHAVHAN,05 AUG 1995,IND,1,,Mangalagiri (IND),14 DEC 2017,1010,women_3000sc,2017,https://worldathletics.org/athletes/athlete=14681234
46,10:37.36,,Aki TASAKA,16 AUG 1986,JPN,4,,Osaka (JPN),23 SEP 2017,1007,women_3000sc,2017,https://worldathletics.org/athletes/athlete=14327827
47,10:37.93,,Yuki AKIYAMA,26 AUG 1998,JPN,5,,Yokohama (JPN),27 MAY 2017,1006,women_3000sc,2017,https://worldathletics.org/athletes/athlete=14809493
48,10:38.29,,Mayuko NAKAMURA,20 NOV 1990,JPN,5,,Osaka (JPN),23 SEP 2017,1005,women_3000sc,2017,https://worldathletics.org/athletes/athlete=14545067
49,10:39.09,,Se-jung LEE,07 MAY 1989,KOR,2,,Cheongju (KOR),24 OCT 2017,1003,women_3000sc,2017,https://worldathletics.org/athletes/athlete=14334386
50,10:40.50,,Yuki TAKAHASHI,,JPN,7,,Yokohama (JPN),27 MAY 2017,1000,women_3000sc,2017,https://worldathletics.org/athletes/japan/yuki-takahashi-14809703
51,10:41.26,,Io AKASHI,16 SEP 1994,JPN,6,,Osaka (JPN),23 SEP 2017,998,women_3000sc,2017,https://worldathletics.org/athletes/athlete=14739834
52,10:41.41,,Vijay LAXMI,11 NOV 1991,IND,2,,Guntur (IND),17 JUL 2017,998,women_3000sc,2017,https://worldathletics.org/athletes/athlete=14650057
53,10:41.69,,Tamao KOBAYASHI,1997,JPN,8,,Yokohama (JPN),27 MAY 2017,997,women_3000sc,2017,https://worldathletics.org/athletes/japan/tamao-kobayashi-14809690
54,10:42.00,,Yuna TAKAHASHI,28 MAR 1999,JPN,7h1,,Fukui (JPN),09 SEP 2017,996,women_3000sc,2017,https://worldathletics.org/athletes/athlete=14728013
55,10:42.11,,Li BAI,30 MAR 1996,CHN,6,,Jinan (CHN),16 MAY 2017,996,women_3000sc,2017,https://worldathletics.org/athletes/athlete=14702490
56,10:42.4h,,Un Hwa JANG,02 FEB 1996,PRK,4,,Pyongyang (PRK),04 OCT 2017,995,women_3000sc,2017,https://worldathletics.org/athletes/athlete=14651465
57,10:43.05,,Yu-Hsuan CHEN,13 JAN 1993,TPE,2,,Yilan (TPE),25 OCT 2017,994,women_3000sc,2017,https://worldathletics.org/athletes/athlete=14383940
58,10:44.40,,Khushbu GUPTA,07 NOV 1998,IND,3,,Chennai (IND),27 SEP 2017,991,women_3000sc,2017,https://worldathletics.org/athletes/athlete=14670521
59,10:44.71,,Bour-ha-na NAM,27 JUL 1994,KOR,1,,Naju (KOR),25 AUG 2017,990,women_3000sc,2017,https://worldathletics.org/athletes/athlete=14532347
60,10:45.69,,Danxia CHEN,28 OCT 1995,CHN,6,,Zhengzhou (CHN),13 APR 2017,988,women_3000sc,2017,https://worldathletics.org/athletes/athlete=14714471
61,10:45.7h,,Nandini GUPTA,04 NOV 1997,IND,1,,Obra (IND),06 MAY 2017,988,women_3000sc,2017,https://worldathletics.org/athletes/athlete=14670520
62,10:45.88,,Hikaru SUDO,1999,JPN,4f1,,Hiratsuka (JPN),11 JUN 2017,987,women_3000sc,2017,https://worldathletics.org/athletes/athlete=14809494
63,10:46.76,,Ryo SAKISAWA,,JPN,5f1,,Hiratsuka (JPN),11 JUN 2017,985,women_3000sc,2017,https://worldathletics.org/athletes/japan/ryo-sakisawa-14809495
64,10:47.44,,Yu-na SON,18 DEC 1995,KOR,4,,Cheongju (KOR),24 OCT 2017,984,women_3000sc,2017,https://worldathletics.org/athletes/athlete=14477459
65,10:47.90,,Mi-young SHIM,1991,KOR,2,,Kimchun (KOR),03 JUN 2017,983,women_3000sc,2017,https://worldathletics.org/athletes/athlete=14382043
66,10:48.13,,Se-hyun JUNG,19 JUL 1998,KOR,2,,Naju (KOR),25 AUG 2017,982,women_3000sc,2017,https://worldathletics.org/athletes/athlete=14603407
67,10:48.20,,H.W.N. KUMARI,,SRI,2,,Diyagama (SRI),31 AUG 2017,982,women_3000sc,2017,https://worldathletics.org/athletes/athlete=14433100
68,10:48.37,,Varsha BHAWARI,,IND,3,,Guntur (IND),17 JUL 2017,982,women_3000sc,2017,https://worldathletics.org/athletes/athlete=14808068
69,10:49.32,,Yui KANAZAWA,23 NOV 1998,JPN,9,,Yokohama (JPN),27 MAY 2017,980,women_3000sc,2017,https://worldathletics.org/athletes/athlete=14809704
70,10:49.87,,Yue WANG,10 MAY 1995,CHN,7,,Zhengzhou (CHN),13 APR 2017,978,women_3000sc,2017,https://worldathletics.org/athletes/athlete=14702477
71,10:49.95,,Rina IGARASHI,,JPN,10,,Yokohama (JPN),27 MAY 2017,978,women_3000sc,2017,https://worldathletics.org/athletes/japan/rina-igarashi-14809705
72,10:52.74,,Ye-jin KANG,16 AUG 1998,KOR,5,,Cheongju (KOR),24 OCT 2017,972,women_3000sc,2017,https://worldathletics.org/athletes/athlete=14759687
73,10:52.80,,. YULIANINGSIH,23 SEP 1989,INA,1,,Jakarta (INA),08 DEC 2017,972,women_3000sc,2017,https://worldathletics.org/athletes/athlete=14432162
74,10:52.90,,Y.M.I.D.K. KUMARI,,SRI,1,,Diyagama (SRI),02 JUN 2017,971,women_3000sc,2017,https://worldathletics.org/athletes/sri-lanka/ymidk-kumari-14759772
75,10:53.02,,Shiho MORITA,27 OCT 1996,JPN,6f1,,Hiratsuka (JPN),11 JUN 2017,971,women_3000sc,2017,https://worldathletics.org/athletes/athlete=14809496
76,10:53.95,,Jia YANG,14 AUG 1996,CHN,6,,Huai'an (CHN),05 APR 2017,969,women_3000sc,2017,https://worldathletics.org/athletes/athlete=14702499
77,10:54.20,,Makoto TAGUCHI,31 OCT 1996,JPN,10f2,,Hiratsuka (JPN),11 JUN 2017,968,women_3000sc,2017,https://worldathletics.org/athletes/athlete=14766826
78,10:55.18,,Shanshan ZHANG,10 SEP 1999,CHN,2,,Guiyang (CHN),27 JUN 2017,966,women_3000sc,2017,https://worldathletics.org/athletes/athlete=14796252
79,10:56.76,,Misaki MISHIMA,14 JUN 1994,JPN,7,,Osaka (JPN),23 SEP 2017,963,women_3000sc,2017,https://worldathletics.org/athletes/athlete=14602920
80,10:56.98,,Yurina KINOSHITA,13 MAR 1998,JPN,11,,Yokohama (JPN),27 MAY 2017,962,women_3000sc,2017,https://worldathletics.org/athletes/athlete=14631436
81,10:57.62,,Shino WAKIZAKA,26 MAY 1997,JPN,7f1,,Hiratsuka (JPN),11 JUN 2017,961,women_3000sc,2017,https://worldathletics.org/athletes/athlete=14719665
82,10:59.29,,Tomoko NOZAWA,,JPN,4h2,,Yokohama (JPN),26 MAY 2017,957,women_3000sc,2017,https://worldathletics.org/athletes/japan/tomoko-nozawa-14809706
83,10:59.55,,Thi Lan LE,16 MAY 1999,VIE,2,,Ho Chi-Minh (VIE),23 OCT 2017,956,women_3000sc,2017,https://worldathletics.org/athletes/athlete=14760119
84,10:59.73,,Priyanka CHAURKAR,26 APR 1997,IND,4,,Mangalagiri (IND),14 DEC 2017,956,women_3000sc,2017,https://worldathletics.org/athletes/athlete=14768640
85,11:00.31,,Soo-ah CHOI,21 NOV 2000,KOR,1,,Cheongju (KOR),24 OCT 2017,955,women_3000sc,2017,https://worldathletics.org/athletes/athlete=14815826
86,11:00.65,,Xiaojuan KE,03 JAN 1999,CHN,7,,Huai'an (CHN),05 APR 2017,954,women_3000sc,2017,https://worldathletics.org/athletes/athlete=14714406
87,11:01.71,,Sa-hin SHIN,23 APR 1992,KOR,7,,Cheongju (KOR),24 OCT 2017,952,women_3000sc,2017,https://worldathletics.org/athletes/athlete=14334608
88,11:02.01,,Hee-ju KO,22 OCT 1998,KOR,3,,Naju (KOR),25 AUG 2017,951,women_3000sc,2017,https://worldathletics.org/athletes/athlete=14670898
89,11:02.62,,Wei-Wei LI,21 JAN 1995,TPE,3,,Yilan (TPE),25 OCT 2017,949,women_3000sc,2017,https://worldathletics.org/athletes/athlete=14551990
90,11:02.77,,Yuki SHIBATA,19 JAN 1999,JPN,17,,Osaka (JPN),24 JUN 2017,949,women_3000sc,2017,https://worldathletics.org/athletes/athlete=14695254
91,11:02.86,,K.M. MAMTA,15 JUL 2001,IND,5,,Mangalagiri (IND),14 DEC 2017,949,women_3000sc,2017,https://worldathletics.org/athletes/athlete=14735668
92,11:03.08,,Momo KAMIYA,13 FEB 1998,JPN,8h2,,Fukui (JPN),09 SEP 2017,948,women_3000sc,2017,https://worldathletics.org/athletes/athlete=14728200
93,11:04.15,,Pretty SIHITE,21 DEC 1996,INA,2,,Jakarta (INA),08 DEC 2017,946,women_3000sc,2017,https://worldathletics.org/athletes/athlete=14765272
94,11:04.25,,Fang LI,02 APR 1997,CHN,8,,Zhengzhou (CHN),13 APR 2017,946,women_3000sc,2017,https://worldathletics.org/athletes/athlete=14723551
95,11:04.30,,Shasha ZHANG,13 JUL 1993,CHN,9,,Zhengzhou (CHN),13 APR 2017,946,women_3000sc,2017,https://worldathletics.org/athletes/pr-of-china/shasha-zhang-14502089
96,11:04.5h,,Ri CHUNG SIM,,PRK,5,,Pyongyang (PRK),04 OCT 2017,945,women_3000sc,2017,https://worldathletics.org/athletes/athlete=14295151
97,11:04.84,,Jung-hyun OH,25 JAN 1991,KOR,3,,Kimchun (KOR),03 JUN 2017,945,women_3000sc,2017,https://worldathletics.org/athletes/athlete=14334610
98,11:06.24,,Yu-Pei CHANG,1998,TPE,4,,Yilan (TPE),25 OCT 2017,941,women_3000sc,2017,https://worldathletics.org/athletes/athlete=14670022
99,11:06.42,,Chia-Hui LIN,2001,TPE,1,,Kaohsiung (TPE),03 MAR 2017,941,women_3000sc,2017,https://worldathletics.org/athletes/athlete=14791489
99,11:06.42,,Angel JAMES,14 MAR 1996,IND,4,,Guntur (IND),17 JUL 2017,941,women_3000sc,2017,https://worldathletics.org/athletes/athlete=14714268
101,11:06.71,,He-jung JUNG,1999,KOR,2,,Cheongju (KOR),24 OCT 2017,940,women_3000sc,2017,https://worldathletics.org/athletes/korea/he-jung-jung-14815827
102,11:06.83,,M.S. SRUTHI,20 JUL 1996,IND,6,,Mangalagiri (IND),14 DEC 2017,940,women_3000sc,2017,https://worldathletics.org/athletes/athlete=14609193
103,11:07.34,,Hye-Won JUNG,2000,KOR,3,,Cheongju (KOR),24 OCT 2017,939,women_3000sc,2017,https://worldathletics.org/athletes/athlete=14815828
104,11:07.35,,Afriana PAIJO,04 JAN 1992,INA,3,,Jakarta (INA),08 DEC 2017,939,women_3000sc,2017,https://worldathletics.org/athletes/athlete=14427121
105,11:10.11,,Hyun-ok LEE,25 SEP 1990,KOR,8,,Cheongju (KOR),24 OCT 2017,933,women_3000sc,2017,https://worldathletics.org/athletes/athlete=14377342
106,11:11.0h,,Hyon Hui RI,,PRK,1,,Pyongyang (PRK),04 SEP 2017,931,women_3000sc,2017,https://worldathletics.org/athletes/athlete=14825758
107,11:12.1h,,Un Hyang KIM,,PRK,6,,Pyongyang (PRK),04 OCT 2017,928,women_3000sc,2017,https://worldathletics.org/athletes/athlete=14825771
108,11:12.62,,Komal JAGADALE,26 JAN 1999,IND,2,,Vijayawada (IND),20 NOV 2017,927,women_3000sc,2017,https://worldathletics.org/athletes/athlete=14740940
109,11:12.79,,Sugandha KUMARI,02 AUG 1996,IND,1,,Dehradun (IND),30 DEC 2017,927,women_3000sc,2017,https://worldathletics.org/athletes/india/sugandha-kumari-14672709
110,11:13.18,,Pingping YUAN,26 JUL 1999,CHN,11,,Zhengzhou (CHN),13 APR 2017,926,women_3000sc,2017,https://worldathletics.org/athletes/athlete=14702498
111,11:13.70,,Priyanka KASANA,25 MAR 1999,IND,3,,Vijayawada (IND),20 NOV 2017,925,women_3000sc,2017,https://worldathletics.org/athletes/athlete=14734722
112,11:13.88,,Thu Huong NGUYEN,1998,VIE,3,,Ho Chi-Minh (VIE),23 OCT 2017,924,women_3000sc,2017,https://worldathletics.org/athletes/vietnam/thu-huong-nguyen-14816358
113,11:14.80,,Hsin-Jung LI,21 JAN 2001,TPE,2,,Changhua (TPE),26 APR 2017,922,women_3000sc,2017,https://worldathletics.org/athletes/athlete=14791490
114,11:17.88,,Samira ZAMANI,14 MAR 1992,IRI,1,,Tehran (IRI),05 SEP 2017,916,women_3000sc,2017,https://worldathletics.org/athletes/athlete=14672379
115,11:18.2h,,Hyang RI,,PRK,2,,Pyongyang (PRK),04 SEP 2017,915,women_3000sc,2017,https://worldathletics.org/athletes/athlete=14825761
116,11:18.23,,Hyeon-jeong LEE,15 MAR 1997,KOR,4,,Cheongju (KOR),24 OCT 2017,915,women_3000sc,2017,https://worldathletics.org/athletes/athlete=14603341
117,11:19.4h,,Chong Ae SON,,PRK,3,,Pyongyang (PRK),04 SEP 2017,912,women_3000sc,2017,https://worldathletics.org/athletes/dpr-of-korea/chong-ae-son-14825759
118,11:19.64,,Rina GOTO,07 DEC 1998,JPN,9h2,,Fukui (JPN),09 SEP 2017,912,women_3000sc,2017,https://worldathletics.org/athletes/athlete=14728201
119,11:19.92,,Ting-Yu LI,20 AUG 1994,TPE,1,,Taipei City (TPE),09 MAY 2017,911,women_3000sc,2017,https://worldathletics.org/athletes/athlete=14422402
120,11:20.26,,Sheetal BHAGAT ZAMAJI,02 AUG 1993,IND,8,,Mangalagiri (IND),14 DEC 2017,910,women_3000sc,2017,https://worldathletics.org/athletes/athlete=14735669
121,11:20.4h,,Kim Mi HAE,10 APR 2001,PRK,7,,Pyongyang (PRK),04 OCT 2017,910,women_3000sc,2017,https://worldathletics.org/athletes/athlete=14817808
122,11:20.51,,Wahida RAHAMAN,02 MAR 1983,IND,2,,Dehradun (IND),30 DEC 2017,910,women_3000sc,2017,https://worldathletics.org/athletes/india/wahida-rahaman-14751368
123,11:22.61,,Kei OZEKI,1996,JPN,10h2,,Fukui (JPN),09 SEP 2017,905,women_3000sc,2017,https://worldathletics.org/athletes/japan/kei-ozeki-14811080
124,11:23.22,,Yuriko ITO,1998,JPN,9h1,,Fukui (JPN),09 SEP 2017,904,women_3000sc,2017,https://worldathletics.org/athletes/athlete=14768300
125,11:26.25,,Preeti CHOUDHARY,,IND,3,,Dehradun (IND),30 DEC 2017,897,women_3000sc,2017,https://worldathletics.org/athletes/athlete=14823004
126,11:26.7h,,Ok Rim PAK,,PRK,4,,Pyongyang (PRK),04 SEP 2017,896,women_3000sc,2017,https://worldathletics.org/athletes/athlete=14825762
127,11:26.84,,Udaya KUMARI,,SRI,2,,Diyagama (SRI),04 OCT 2017,896,women_3000sc,2017,https://worldathletics.org/athletes/athlete=14522939
128,11:28.98,,Hee-ju LEE,21 JUL 1998,KOR,2,,Kimchun (KOR),02 JUN 2017,891,women_3000sc,2017,https://worldathletics.org/athletes/athlete=14800075
129,11:30.0h,,Hong Nam JANG,,PRK,8,,Pyongyang (PRK),04 OCT 2017,889,women_3000sc,2017,https://worldathletics.org/athletes/athlete=14825760
130,11:31.15,,. REENA,07 SEP 1982,IND,6,,Chennai (IND),27 SEP 2017,887,women_3000sc,2017,https://worldathletics.org/athletes/athlete=14813115
131,11:31.45,,Khanh Ny NGO THI,18 OCT 2001,VIE,4,,Ho Chi-Minh (VIE),23 OCT 2017,886,women_3000sc,2017,https://worldathletics.org/athletes/athlete=14760123
132,11:31.77,,Rutuja SHENDE,28 NOV 1999,IND,10,,Mangalagiri (IND),14 DEC 2017,885,women_3000sc,2017,https://worldathletics.org/athletes/athlete=14768650
133,11:31.81,,Tria NINGSIH,1998,INA,1,,Jakarta (INA),22 APR 2017,885,women_3000sc,2017,https://worldathletics.org/athletes/indonesia/tria-ningsih-14603317
134,11:33.09,,Xin HUANG,27 JAN 1999,CHN,10,,Huai'an (CHN),05 APR 2017,882,women_3000sc,2017,https://worldathletics.org/athletes/athlete=14788593
135,11:33.54,,Cheryl CHAN XUE ROU,20 SEP 1995,SGP,2,,Sydney (AUS),03 DEC 2017,881,women_3000sc,2017,https://worldathletics.org/athletes/athlete=14705953
136,11:34.30,,Shiori ISHIKO,1995,JPN,11h1,,Fukui (JPN),09 SEP 2017,880,women_3000sc,2017,https://worldathletics.org/athletes/japan/shiori-ishiko-14811079
137,11:35.66,,Joida GAGNAO,23 APR 1996,PHI,1,,Pasig (PHI),10 FEB 2017,877,women_3000sc,2017,https://worldathletics.org/athletes/athlete=14791723
138,11:36.0h,,Chol Sun KIM,05 OCT 1996,PRK,6,,Pyongyang (PRK),19 APR 2017,876,women_3000sc,2017,https://worldathletics.org/athletes/athlete=14694169
139,11:36.09,,Feng-Ting SU,13 SEP 1990,TPE,3,,Taipei City (TPE),09 MAY 2017,876,women_3000sc,2017,https://worldathletics.org/athletes/athlete=14445164
140,11:36.14,,You-rim LEE,10 JUN 1999,KOR,5,,Cheongju (KOR),24 OCT 2017,876,women_3000sc,2017,https://worldathletics.org/athletes/athlete=14758262
141,11:38.97,,Tong Lok YOU,02 JAN 1999,HKG,1,,Hong Kong (HKG),22 APR 2017,870,women_3000sc,2017,https://worldathletics.org/athletes/hong-kong-china/tong-lok-you-14792566
142,11:39.0h,,Hyang RAN YUN,,PRK,7,,Pyongyang (PRK),19 APR 2017,870,women_3000sc,2017,https://worldathletics.org/athletes/dpr-of-korea/hyang-ran-yun-14295220
143,11:40.0h,,Chun Yong KIM,,PRK,8,,Pyongyang (PRK),19 APR 2017,868,women_3000sc,2017,https://worldathletics.org/athletes/dpr-of-korea/chun-yong-kim-14825732
144,11:40.00,,Svetlana SAUNINA,19 NOV 1999,KAZ,1,,Almaty (KAZ),13 JUN 2017,868,women_3000sc,2017,https://worldathletics.org/athletes/athlete=14791671
1,9:10.74,,Winfred YAVI,31 DEC 1999,BRN,9,,"Stade Louis II, Monaco (MON)",20 JUL 2018,1217,women_3000sc,2018,https://worldathletics.org/athletes/athlete=14695622
2,9:39.59,,Sudha SINGH,25 JUN 1986,IND,1,,Guwahati (IND),28 JUN 2018,1145,women_3000sc,2018,https://worldathletics.org/athletes/athlete=14283075
3,9:43.83,,Thi Oanh NGUYEN,15 AUG 1995,VIE,3,,Jakarta (INA),27 AUG 2018,1134,women_3000sc,2018,https://worldathletics.org/athletes/athlete=14524770
4,9:46.30,,Xinyan ZHANG,09 FEB 1994,CHN,4,,Jakarta (INA),27 AUG 2018,1128,women_3000sc,2018,https://worldathletics.org/athletes/athlete=14488655
5,9:46.76,,Nilani RATHNAYAKA,08 AUG 1990,SRI,1,,Colombo (SRI),03 AUG 2018,1127,women_3000sc,2018,https://worldathletics.org/athletes/athlete=14383787
6,9:47.42,,Shuangshuang XU,06 APR 1996,CHN,5,,Jakarta (INA),27 AUG 2018,1126,women_3000sc,2018,https://worldathletics.org/athletes/athlete=14534952
7,9:53.22,,Yukari ISHIZAWA,16 APR 1988,JPN,1,,Yamaguchi (JPN),23 JUN 2018,1111,women_3000sc,2018,https://worldathletics.org/athletes/athlete=14446352
8,9:55.41,,. CINTHA,26 MAR 1993,IND,2,,Guwahati (IND),28 JUN 2018,1106,women_3000sc,2018,https://worldathletics.org/athletes/athlete=14522520
9,9:56.73,,Chhavi YADAV,15 AUG 1992,IND,3,,Guwahati (IND),28 JUN 2018,1103,women_3000sc,2018,https://worldathletics.org/athletes/athlete=14681243
10,9:56.95,,Nana SATO,24 SEP 1989,JPN,2,,Yamaguchi (JPN),23 JUN 2018,1102,women_3000sc,2018,https://worldathletics.org/athletes/athlete=14545076
11,9:58.32,,Khushbu GUPTA,07 NOV 1998,IND,1,,New Delhi (IND),13 DEC 2018,1099,women_3000sc,2018,https://worldathletics.org/athletes/athlete=14670521
12,9:58.89,,Yui YABUTA,04 MAR 1996,JPN,3,,Yamaguchi (JPN),23 JUN 2018,1098,women_3000sc,2018,https://worldathletics.org/athletes/athlete=14735736
13,9:59.73,,Soyoka SEGAWA,28 JUL 1994,JPN,4,,Yamaguchi (JPN),23 JUN 2018,1096,women_3000sc,2018,https://worldathletics.org/athletes/athlete=14646742
14,10:00.49,,Manami NISHIYAMA,09 DEC 1999,JPN,9,,"Ratinan Stadion, Tampere (FIN)",13 JUL 2018,1094,women_3000sc,2018,https://worldathletics.org/athletes/athlete=14733877
15,10:02.04,,Kako OKADA,12 FEB 1998,JPN,1,,Kawasaki (JPN),09 SEP 2018,1090,women_3000sc,2018,https://worldathletics.org/athletes/athlete=14719659
16,10:04.7h,,Hyo Gyong RO,09 JAN 1999,PRK,1,,Pyongyang (PRK),14 OCT 2018,1084,women_3000sc,2018,https://worldathletics.org/athletes/athlete=14756005
17,10:04.8h,,Ju Ok BYOL,20 MAY 1997,PRK,2,,Pyongyang (PRK),14 OCT 2018,1084,women_3000sc,2018,https://worldathletics.org/athletes/athlete=14603310
18,10:05.37,,Chikako MORI,25 NOV 1992,JPN,6,,Yamaguchi (JPN),23 JUN 2018,1082,women_3000sc,2018,https://worldathletics.org/athletes/athlete=14427119
19,10:05.40,,Yumi YOSHIKAWA,31 OCT 1990,JPN,7,,Yamaguchi (JPN),23 JUN 2018,1082,women_3000sc,2018,https://worldathletics.org/athletes/athlete=14522388
20,10:07.48,,Reimi YOSHIMURA,22 APR 2000,JPN,8,,Yamaguchi (JPN),23 JUN 2018,1077,women_3000sc,2018,https://worldathletics.org/athletes/athlete=14819348
21,10:10.33,,Yuki AKIYAMA,26 AUG 1998,JPN,9,,Yamaguchi (JPN),23 JUN 2018,1070,women_3000sc,2018,https://worldathletics.org/athletes/athlete=14809493
22,10:10.70,,Parul CHAUDHARY,15 APR 1995,IND,1,,Lucknow (IND),19 AUG 2018,1069,women_3000sc,2018,https://worldathletics.org/athletes/athlete=14497992
23,10:11.00,,Harim JO,14 SEP 1996,KOR,1,,Iksan (KOR),16 OCT 2018,1069,women_3000sc,2018,https://worldathletics.org/athletes/athlete=14532353
24,10:12.60,,Mayuko NAKAMURA,20 NOV 1990,JPN,11,,Yamaguchi (JPN),23 JUN 2018,1065,women_3000sc,2018,https://worldathletics.org/athletes/athlete=14545067
25,10:14.26,,Mika OKIMURA,22 AUG 1997,JPN,12,,Yamaguchi (JPN),23 JUN 2018,1061,women_3000sc,2018,https://worldathletics.org/athletes/athlete=14809492
26,10:15.07,,Yuka NOSUE,24 APR 2000,JPN,1,,Kobe (JPN),21 APR 2018,1059,women_3000sc,2018,https://worldathletics.org/athletes/athlete=14841943
27,10:15.53,,Ayaka KOIKE,09 APR 1993,JPN,3,,Osaka (JPN),22 SEP 2018,1058,women_3000sc,2018,https://worldathletics.org/athletes/athlete=14545070
28,10:16.01,,Yuanfeng LI,21 OCT 1996,CHN,2,,Taiyuan (CHN),14 SEP 2018,1057,women_3000sc,2018,https://worldathletics.org/athletes/athlete=14585467
29,10:16.04,,Moeno SHIMIZU,20 MAR 1997,JPN,2,,Sagamihara (JPN),26 MAY 2018,1057,women_3000sc,2018,https://worldathletics.org/athletes/athlete=14649179
30,10:16.73,,Wanhua TIAN,24 FEB 1999,CHN,3,,Taiyuan (CHN),14 SEP 2018,1055,women_3000sc,2018,https://worldathletics.org/athletes/athlete=14702493
31,10:17.18,,Li BAI,30 MAR 1996,CHN,2,,Zhuzhou (CHN),18 APR 2018,1054,women_3000sc,2018,https://worldathletics.org/athletes/athlete=14702490
32,10:17.56,,Yangchun LU,26 DEC 1993,CHN,1,,Huai'an (CHN),18 MAY 2018,1053,women_3000sc,2018,https://worldathletics.org/athletes/athlete=14546531
33,10:18.92,,Xiaoqian ZHONG,24 OCT 1997,CHN,2,,Zhaoqing (CHN),12 APR 2018,1050,women_3000sc,2018,https://worldathletics.org/athletes/athlete=14702473
34,10:19.73,,Junqiao LI,08 MAR 1996,CHN,1,,Chongqing (CHN),24 MAY 2018,1048,women_3000sc,2018,https://worldathletics.org/athletes/athlete=14583570
35,10:19.78,,Moka OUCHI,07 OCT 1999,JPN,3,,Kawasaki (JPN),09 SEP 2018,1048,women_3000sc,2018,https://worldathletics.org/athletes/athlete=14858501
36,10:20.07,,Ran Yon KIM,11 MAY 1996,PRK,10,,Jakarta (INA),27 AUG 2018,1047,women_3000sc,2018,https://worldathletics.org/athletes/athlete=14694172
37,10:20.12,,Parami Wasanthi MARISTELA,28 MAY 2001,SRI,5h2,,"Ratinan Stadion, Tampere (FIN)",10 JUL 2018,1047,women_3000sc,2018,https://worldathletics.org/athletes/athlete=14843019
38,10:20.26,,Fumika SASAKI,23 MAY 1993,JPN,2,,Fukagawa (JPN),11 JUL 2018,1047,women_3000sc,2018,https://worldathletics.org/athletes/athlete=14433001
39,10:24.18,,Se-jung LEE,07 MAY 1989,KOR,2,,Iksan (KOR),16 OCT 2018,1038,women_3000sc,2018,https://worldathletics.org/athletes/athlete=14334386
40,10:26.7h,,Huong NGUYEN THI,10 FEB 1998,VIE,2,,Hanoi (VIE),01 DEC 2018,1032,women_3000sc,2018,https://worldathletics.org/athletes/athlete=14498327
41,10:26.77,,Guangmei WANG,03 APR 1994,CHN,3,,Zhaoqing (CHN),12 APR 2018,1032,women_3000sc,2018,https://worldathletics.org/athletes/athlete=14663882
42,10:27.80,,Sugandha KUMARI,02 AUG 1996,IND,2,,Bhubaneshwar (IND),28 SEP 2018,1029,women_3000sc,2018,https://worldathletics.org/athletes/india/sugandha-kumari-14672709
43,10:28.37,,Richa BHADAURIYA,28 JAN 1997,IND,3,,Bhubaneshwar (IND),28 SEP 2018,1028,women_3000sc,2018,https://worldathletics.org/athletes/athlete=14833644
44,10:29.65,,Momoe NOBUOKA,30 OCT 1997,JPN,1f2,,Kyoto (JPN),11 MAY 2018,1025,women_3000sc,2018,https://worldathletics.org/athletes/athlete=14778855
45,10:30.46,,Bour-ha-na NAM,27 JUL 1994,KOR,3,,Iksan (KOR),16 OCT 2018,1023,women_3000sc,2018,https://worldathletics.org/athletes/athlete=14532347
46,10:31.52,,Minori HAYAKARI,29 NOV 1972,JPN,2,,"Irvine, CA (USA)",27 APR 2018,1020,women_3000sc,2018,https://worldathletics.org/athletes/athlete=14286330
47,10:32.09,,PRITI,18 DEC 1995,IND,3,,Lucknow (IND),19 AUG 2018,1019,women_3000sc,2018,https://worldathletics.org/athletes/athlete=14498000
48,10:32.17,,Preenu YADAV,28 JUN 1995,IND,4,,Lucknow (IND),19 AUG 2018,1019,women_3000sc,2018,https://worldathletics.org/athletes/athlete=14549115
49,10:33.56,,Komal JAGADALE,26 JAN 1999,IND,4,,Bhubaneshwar (IND),28 SEP 2018,1016,women_3000sc,2018,https://worldathletics.org/athletes/athlete=14740940
50,10:34.3h,,Thi Thanh LO,09 NOV 1997,VIE,3,,Hanoi (VIE),01 DEC 2018,1014,women_3000sc,2018,https://worldathletics.org/athletes/athlete=14603430
51,10:34.53,,Sheetal BHAGAT ZAMAJI,02 AUG 1993,IND,1,,Moodbidri (IND),28 NOV 2018,1014,women_3000sc,2018,https://worldathletics.org/athletes/athlete=14735669
52,10:34.84,,Danxia CHEN,28 OCT 1995,CHN,5,,Zhuzhou (CHN),18 APR 2018,1013,women_3000sc,2018,https://worldathletics.org/athletes/athlete=14714471
53,10:35.32,,Jyoti CHAVHAN,05 AUG 1995,IND,2,,Moodbidri (IND),28 NOV 2018,1012,women_3000sc,2018,https://worldathletics.org/athletes/athlete=14681234
54,10:35.94,,Suzuka TAKANO,24 AUG 1996,JPN,2f2,,Kyoto (JPN),11 MAY 2018,1010,women_3000sc,2018,https://worldathletics.org/athletes/athlete=14733879
55,10:36.32,,Yue WANG,10 MAY 1995,CHN,1,,Daqing (CHN),20 JUL 2018,1009,women_3000sc,2018,https://worldathletics.org/athletes/athlete=14702477
56,10:37.84,,Meng LIU,20 MAR 1995,CHN,5,,Huai'an (CHN),18 MAY 2018,1006,women_3000sc,2018,https://worldathletics.org/athletes/athlete=14502092
57,10:38.09,,Fang LI,02 APR 1997,CHN,4,,Guiyang (CHN),16 JUN 2018,1005,women_3000sc,2018,https://worldathletics.org/athletes/athlete=14723551
58,10:38.51,,Shanshan ZHANG,10 SEP 1999,CHN,8,,Taiyuan (CHN),14 SEP 2018,1004,women_3000sc,2018,https://worldathletics.org/athletes/athlete=14796252
59,10:39.20,,Seema DEVI,11 DEC 1993,IND,6,,Bhubaneshwar (IND),28 SEP 2018,1003,women_3000sc,2018,https://worldathletics.org/athletes/athlete=14735667
60,10:39.62,,Qin LI,23 AUG 1994,CHN,6,,Chongqing (CHN),24 MAY 2018,1002,women_3000sc,2018,https://worldathletics.org/athletes/athlete=14702563
61,10:39.80,,Yuka MATSUMURA,05 OCT 1997,JPN,3,,Sagamihara (JPN),26 MAY 2018,1001,women_3000sc,2018,https://worldathletics.org/athletes/athlete=14695497
62,10:41.60,,K.M. MAMTA,15 JUL 2001,IND,4,,Moodbidri (IND),28 NOV 2018,997,women_3000sc,2018,https://worldathletics.org/athletes/athlete=14735668
63,10:42.14,,Xin HUANG,27 JAN 1999,CHN,1,,Dalian (CHN),03 AUG 2018,996,women_3000sc,2018,https://worldathletics.org/athletes/athlete=14788593
64,10:42.21,,Helena May LINDSAY,,JPN,4,,Kobe (JPN),21 APR 2018,996,women_3000sc,2018,https://worldathletics.org/athletes/athlete=14841945
65,10:42.48,,Yuna TAKAHASHI,28 MAR 1999,JPN,4h1,,Kawasaki (JPN),08 SEP 2018,995,women_3000sc,2018,https://worldathletics.org/athletes/athlete=14728013
66,10:42.62,,Chizuru OI,04 JUL 1993,JPN,7,,Osaka (JPN),22 SEP 2018,995,women_3000sc,2018,https://worldathletics.org/athletes/athlete=14766827
67,10:45.39,,Chun-Chih CHENG,17 JUL 2001,TPE,1,,Taipei City (TPE),28 NOV 2018,989,women_3000sc,2018,https://worldathletics.org/athletes/athlete=14791191
68,10:45.49,,Rina GOTO,07 DEC 1998,JPN,4h2,,Kawasaki (JPN),08 SEP 2018,988,women_3000sc,2018,https://worldathletics.org/athletes/athlete=14728201
69,10:45.58,,Yutsuki NISHIDE,25 JAN 2000,JPN,3f2,,Kyoto (JPN),11 MAY 2018,988,women_3000sc,2018,https://worldathletics.org/athletes/athlete=14856852
70,10:46.29,,. YULIANINGSIH,23 SEP 1989,INA,1,,Jakarta (INA),10 MAY 2018,986,women_3000sc,2018,https://worldathletics.org/athletes/athlete=14432162
71,10:47.62,,W.P.E. RASIKA DULAKSHI,21 MAR 1991,SRI,2,,Colombo (SRI),14 SEP 2018,983,women_3000sc,2018,https://worldathletics.org/athletes/sri-lanka/wpe-rasika-dulakshi-14377488
72,10:48.15,,Su-in CHOI,03 JAN 2003,KOR,1,,Iksan (KOR),14 OCT 2018,982,women_3000sc,2018,https://worldathletics.org/athletes/athlete=14843866
73,10:48.22,,Kana MIURA,20 NOV 1998,JPN,5h2,,Kawasaki (JPN),08 SEP 2018,982,women_3000sc,2018,https://worldathletics.org/athletes/athlete=14806534
74,10:48.39,,Kanako KITAMOTO,14 SEP 1994,JPN,5h1,,Kawasaki (JPN),08 SEP 2018,982,women_3000sc,2018,https://worldathletics.org/athletes/athlete=14521603
75,10:48.75,,Arisa SAKUMA,10 APR 1998,JPN,5,,Fukagawa (JPN),11 JUL 2018,981,women_3000sc,2018,https://worldathletics.org/athletes/athlete=14851948
76,10:49.48,,Miki OBATA,04 OCT 1998,JPN,5,,Sagamihara (JPN),26 MAY 2018,979,women_3000sc,2018,https://worldathletics.org/athletes/athlete=14853673
77,10:50.81,,G. MAHESHWARI,18 AUG 2000,IND,6,,Guwahati (IND),28 JUN 2018,976,women_3000sc,2018,https://worldathletics.org/athletes/athlete=14841056
78,10:51.16,,Xiaojuan KE,03 JAN 1999,CHN,6,,Huai'an (CHN),18 MAY 2018,975,women_3000sc,2018,https://worldathletics.org/athletes/athlete=14714406
79,10:51.54,,Makoto TAGUCHI,31 OCT 1996,JPN,4f2,,Kyoto (JPN),11 MAY 2018,974,women_3000sc,2018,https://worldathletics.org/athletes/athlete=14766826
80,10:51.70,,Chao-Chun CHEN,15 AUG 1992,TPE,2,,Taipei City (TPE),25 MAY 2018,974,women_3000sc,2018,https://worldathletics.org/athletes/athlete=14377890
81,10:52.09,,Yui KANAZAWA,23 NOV 1998,JPN,6,,Sagamihara (JPN),26 MAY 2018,973,women_3000sc,2018,https://worldathletics.org/athletes/athlete=14809704
82,10:52.37,,Ayano TAGUCHI,19 OCT 1999,JPN,7,,Sagamihara (JPN),26 MAY 2018,973,women_3000sc,2018,https://worldathletics.org/athletes/athlete=14853672
83,10:52.47,,Shino WAKIZAKA,26 MAY 1997,JPN,6h1,,Kawasaki (JPN),08 SEP 2018,972,women_3000sc,2018,https://worldathletics.org/athletes/athlete=14719665
84,10:52.56,,Yurina KINOSHITA,13 MAR 1998,JPN,8,,Sagamihara (JPN),26 MAY 2018,972,women_3000sc,2018,https://worldathletics.org/athletes/athlete=14631436
85,10:52.75,,Soo-ah CHOI,21 NOV 2000,KOR,1,,Kimchun (KOR),05 MAY 2018,972,women_3000sc,2018,https://worldathletics.org/athletes/athlete=14815826
86,10:52.94,,Saki KAWAI,14 APR 1996,JPN,7h2,,Kawasaki (JPN),08 SEP 2018,971,women_3000sc,2018,https://worldathletics.org/athletes/athlete=14739837
87,10:52.99,,Yume GOTO,25 FEB 2000,JPN,5,,Kobe (JPN),21 APR 2018,971,women_3000sc,2018,https://worldathletics.org/athletes/athlete=14733554
87,10:52.99,,Kaho OSABE,21 MAY 1999,JPN,8h2,,Kawasaki (JPN),08 SEP 2018,971,women_3000sc,2018,https://worldathletics.org/athletes/athlete=14853682
89,10:53.48,,Momo KAMIYA,13 FEB 1998,JPN,7h1,,Kawasaki (JPN),08 SEP 2018,970,women_3000sc,2018,https://worldathletics.org/athletes/athlete=14728200
90,10:53.53,,Io AKASHI,16 SEP 1994,JPN,3,,Kumagaya (JPN),20 MAY 2018,970,women_3000sc,2018,https://worldathletics.org/athletes/athlete=14739834
91,10:53.56,,Yuzu NISHIDE,25 JAN 2000,JPN,9h2,,Kawasaki (JPN),08 SEP 2018,970,women_3000sc,2018,https://worldathletics.org/athletes/athlete=14858472
91,10:53.56,,Angel JAMES,14 MAR 1996,IND,3,,New Delhi (IND),13 DEC 2018,970,women_3000sc,2018,https://worldathletics.org/athletes/athlete=14714268
93,10:53.79,,Ying GUAN,16 APR 1997,CHN,7,,Zhaoqing (CHN),12 APR 2018,969,women_3000sc,2018,https://worldathletics.org/athletes/athlete=14646800
94,10:54.52,,Jung-hyun OH,25 JAN 1991,KOR,4,,Iksan (KOR),16 OCT 2018,968,women_3000sc,2018,https://worldathletics.org/athletes/athlete=14334610
95,10:54.54,,Xinxing LI,27 APR 1997,CHN,8,,Zhaoqing (CHN),12 APR 2018,968,women_3000sc,2018,https://worldathletics.org/athletes/athlete=14644585
96,10:54.78,,Marino KORESAWA,09 FEB 1998,JPN,5f2,,Kyoto (JPN),11 MAY 2018,967,women_3000sc,2018,https://worldathletics.org/athletes/athlete=14856926
97,10:55.77,,Satsuki KINUNO,12 MAY 1997,JPN,2h1,,Sagamihara (JPN),25 MAY 2018,965,women_3000sc,2018,https://worldathletics.org/athletes/athlete=14853671
98,10:56.78,,M.S. SRUTHI,20 JUL 1996,IND,8,,Guwahati (IND),28 JUN 2018,963,women_3000sc,2018,https://worldathletics.org/athletes/athlete=14609193
99,10:57.11,,K.M.J.Manike KANAGARATHNE,2000,SRI,1,,Colombo (SRI),24 APR 2018,962,women_3000sc,2018,https://worldathletics.org/athletes/athlete=14843060
100,10:57.20,,Yu-na SON,18 DEC 1995,KOR,5,,Iksan (KOR),16 OCT 2018,962,women_3000sc,2018,https://worldathletics.org/athletes/athlete=14477459
101,10:57.99,,Kaho IIDA,28 AUG 1997,JPN,10,,Sagamihara (JPN),26 MAY 2018,960,women_3000sc,2018,https://worldathletics.org/athletes/athlete=14853681
102,10:58.2h,,Yong Ae KIM,,PRK,4,,Pyongyang (PRK),14 OCT 2018,959,women_3000sc,2018,https://worldathletics.org/athletes/athlete=14825733
103,10:58.62,,Yu-Hsuan CHEN,13 JAN 1993,TPE,1,,Taipei City (TPE),28 NOV 2018,958,women_3000sc,2018,https://worldathletics.org/athletes/athlete=14383940
104,10:58.71,,Shiori AIKAWA,10 DEC 1996,JPN,12,,Sagamihara (JPN),26 MAY 2018,958,women_3000sc,2018,https://worldathletics.org/athletes/athlete=14853674
105,10:59.15,,Misaki MATSUMOTO,15 MAY 1998,JPN,6f2,,Kyoto (JPN),11 MAY 2018,957,women_3000sc,2018,https://worldathletics.org/athletes/athlete=14827549
106,10:59.47,,Li WANG,,CHN,1,,Daqing (CHN),20 JUL 2018,957,women_3000sc,2018,https://worldathletics.org/athletes/athlete=14908057
107,11:00.45,,Hyun-jeong LEE,11 JAN 2001,KOR,2,,Iksan (KOR),14 OCT 2018,954,women_3000sc,2018,https://worldathletics.org/athletes/athlete=14852482
108,11:00.66,,Sayuka CHIBA,22 MAR 2000,JPN,9h1,,Kawasaki (JPN),08 SEP 2018,954,women_3000sc,2018,https://worldathletics.org/athletes/athlete=14858502
109,11:01.09,,Samira ZAMANI,14 MAR 1992,IRI,1,,Tehran (IRI),21 MAY 2018,953,women_3000sc,2018,https://worldathletics.org/athletes/athlete=14672379
110,11:02.96,,Wenyue DAI,02 MAR 2001,CHN,10,,Chongqing (CHN),24 MAY 2018,949,women_3000sc,2018,https://worldathletics.org/athletes/athlete=14811658
111,11:03.0h,,Un Hwa JANG,02 FEB 1996,PRK,2,,Pyongyang (PRK),19 APR 2018,949,women_3000sc,2018,https://worldathletics.org/athletes/athlete=14651465
112,11:03.04,,Hee-ju KO,22 OCT 1998,KOR,6,,Iksan (KOR),16 OCT 2018,949,women_3000sc,2018,https://worldathletics.org/athletes/athlete=14670898
113,11:03.74,,Eun-hae LEE,07 FEB 1992,KOR,7,,Iksan (KOR),16 OCT 2018,947,women_3000sc,2018,https://worldathletics.org/athletes/korea/eun-hae-lee-14381957
114,11:04.20,,Nandini GUPTA,04 NOV 1997,IND,5,,Lucknow (IND),19 AUG 2018,946,women_3000sc,2018,https://worldathletics.org/athletes/athlete=14670520
115,11:04.39,,Renxiang LI,18 MAY 2000,CHN,11,,Chongqing (CHN),24 MAY 2018,946,women_3000sc,2018,https://worldathletics.org/athletes/athlete=14839842
116,11:04.82,,Kirari FUJIWARA,08 OCT 1996,JPN,1f1,,Kyoto (JPN),11 MAY 2018,945,women_3000sc,2018,https://worldathletics.org/athletes/athlete=14827560
117,11:04.85,,Chol Sun KIM,05 OCT 1996,PRK,3,,Taipei City (TPE),25 MAY 2018,944,women_3000sc,2018,https://worldathletics.org/athletes/athlete=14694169
118,11:06.2h,,Hong Nam JANG,,PRK,5,,Pyongyang (PRK),14 OCT 2018,941,women_3000sc,2018,https://worldathletics.org/athletes/athlete=14825760
119,11:06.7h,,H.W.N. KUMARI,,SRI,3,,Colombo (SRI),28 APR 2018,940,women_3000sc,2018,https://worldathletics.org/athletes/athlete=14433100
120,11:06.97,,Pretty SIHITE,21 DEC 1996,INA,12,,Jakarta (INA),27 AUG 2018,940,women_3000sc,2018,https://worldathletics.org/athletes/athlete=14765272
121,11:07.08,,Ping-Yi CHEN,2000,TPE,1,,Taichung (TPE),25 APR 2018,940,women_3000sc,2018,https://worldathletics.org/athletes/athlete=14831870
122,11:07.13,,Samudika HERATH,17 SEP 2001,SRI,2,,Colombo (SRI),24 APR 2018,939,women_3000sc,2018,https://worldathletics.org/athletes/athlete=14793836
123,11:08.83,,Priyanka KASANA,25 MAR 1999,IND,3,,Coimbatore (IND),22 APR 2018,936,women_3000sc,2018,https://worldathletics.org/athletes/athlete=14734722
123,11:08.83,,Weina QIU,,CHN,2,,Daqing (CHN),20 JUL 2018,936,women_3000sc,2018,https://worldathletics.org/athletes/athlete=14908054
125,11:08.9h,,Khanh Ny NGO THI,18 OCT 2001,VIE,4,,Hanoi (VIE),01 DEC 2018,935,women_3000sc,2018,https://worldathletics.org/athletes/athlete=14760123
126,11:09.61,,Mengqi ZHAO,01 MAR 2001,CHN,9,,Zhuzhou (CHN),18 APR 2018,934,women_3000sc,2018,https://worldathletics.org/athletes/athlete=14811656
127,11:10.36,,Joida GAGNAO,23 APR 1996,PHI,1,,Pasig (PHI),30 NOV 2018,932,women_3000sc,2018,https://worldathletics.org/athletes/athlete=14791723
128,11:10.73,,Shiho MORITA,27 OCT 1996,JPN,10h2,,Kawasaki (JPN),08 SEP 2018,931,women_3000sc,2018,https://worldathletics.org/athletes/athlete=14809496
129,11:11.43,,Kanako OJIMA,07 FEB 1999,JPN,2f1,,Kyoto (JPN),11 MAY 2018,930,women_3000sc,2018,https://worldathletics.org/athletes/athlete=14856918
130,11:11.70,,Yun-hye LEE,1998,KOR,4,,Kimchun (KOR),06 MAY 2018,929,women_3000sc,2018,https://worldathletics.org/athletes/athlete=14758263
131,11:12.55,,Hong PAN,19 APR 1995,CHN,5,,Daqing (CHN),20 JUL 2018,927,women_3000sc,2018,https://worldathletics.org/athletes/athlete=14502068
132,11:13.33,,Nozomi NAKANISHI,16 JUL 1998,JPN,8f2,,Kyoto (JPN),11 MAY 2018,926,women_3000sc,2018,https://worldathletics.org/athletes/athlete=14856845
133,11:13.40,,Hyun-jung LEE,,KOR,2,,Kimchun (KOR),05 MAY 2018,925,women_3000sc,2018,https://worldathletics.org/athletes/athlete=14825722
134,11:14.22,,Svetlana SAUNINA,19 NOV 1999,KAZ,5,,Gifu (JPN),09 JUN 2018,924,women_3000sc,2018,https://worldathletics.org/athletes/athlete=14791671
135,11:14.9h,,Kim Hyang SUK,11 JUL 2001,PRK,2,,Pyongyang (PRK),03 JUL 2018,922,women_3000sc,2018,https://worldathletics.org/athletes/athlete=14816704
136,11:15.27,,Rubia Fatima MARTINS,13 JUN 2000,TLS,13,,Jakarta (INA),27 AUG 2018,921,women_3000sc,2018,https://worldathletics.org/athletes/athlete=14788478
137,11:15.74,,Hee-ju LEE,21 JUL 1998,KOR,4,,Yecheon (KOR),18 JUN 2018,920,women_3000sc,2018,https://worldathletics.org/athletes/athlete=14800075
138,11:16.28,,Seongyoon LEE,11 OCT 2002,KOR,4,,Iksan (KOR),14 OCT 2018,919,women_3000sc,2018,https://worldathletics.org/athletes/athlete=14860141
139,11:16.75,,Wenchao XU,30 JAN 1995,CHN,13,,Chongqing (CHN),24 MAY 2018,918,women_3000sc,2018,https://worldathletics.org/athletes/athlete=14858769
140,11:16.78,,Xin-Rong LI,21 JAN 2001,TPE,4,,Taipei City (TPE),25 MAY 2018,918,women_3000sc,2018,https://worldathletics.org/athletes/athlete=14844225
141,11:16.89,,Qixuan WANG,29 AUG 1997,CHN,14,,Chongqing (CHN),24 MAY 2018,918,women_3000sc,2018,https://worldathletics.org/athletes/athlete=14839844
142,11:17.08,,Reina WATANABE,22 APR 1999,JPN,4,,Kumagaya (JPN),20 MAY 2018,917,women_3000sc,2018,https://worldathletics.org/athletes/athlete=14856325
143,11:17.65,,Hsin-Jung LI,21 JAN 2001,TPE,2,,Taichung (TPE),25 APR 2018,916,women_3000sc,2018,https://worldathletics.org/athletes/athlete=14791490
144,11:17.77,,Ayano MORITA,15 AUG 1997,JPN,3f1,,Kyoto (JPN),11 MAY 2018,916,women_3000sc,2018,https://worldathletics.org/athletes/athlete=14856919
145,11:18.08,,Kanako ASAI,12 JAN 1997,JPN,4f1,,Kyoto (JPN),11 MAY 2018,915,women_3000sc,2018,https://worldathletics.org/athletes/athlete=14827557
146,11:18.33,,Yuanhua XU,16 JUN 2000,CHN,14,,Guiyang (CHN),16 JUN 2018,915,women_3000sc,2018,https://worldathletics.org/athletes/athlete=14839843
147,11:18.69,,Hui-jung JUNG,1999,KOR,8,,Iksan (KOR),16 OCT 2018,914,women_3000sc,2018,https://worldathletics.org/athletes/athlete=14843861
148,11:18.70,,Mi-hee KIM,,KOR,3,,Yecheon (KOR),12 JUL 2018,914,women_3000sc,2018,https://worldathletics.org/athletes/athlete=14497824
149,11:18.71,,Rutuja SHENDE,28 NOV 1999,IND,4,,Coimbatore (IND),22 APR 2018,914,women_3000sc,2018,https://worldathletics.org/athletes/athlete=14768650
150,11:18.75,,Hey-ro-nee JIN,2000,KOR,1,,Iksan (KOR),29 JUL 2018,914,women_3000sc,2018,https://worldathletics.org/athletes/athlete=14849650
151,11:20.99,,Hye-Won JUNG,2000,KOR,5,,Iksan (KOR),14 OCT 2018,909,women_3000sc,2018,https://worldathletics.org/athletes/athlete=14815828
152,11:22.3h,,Thi Lan LE,16 MAY 1999,VIE,5,,Hanoi (VIE),01 DEC 2018,906,women_3000sc,2018,https://worldathletics.org/athletes/athlete=14760119
153,11:22.78,,Xuyan DAO,18 JAN 1996,CHN,17,,Guiyang (CHN),16 JUN 2018,905,women_3000sc,2018,https://worldathletics.org/athletes/athlete=14702488
154,11:22.92,,Satsuki HORIO,18 JAN 2000,JPN,9f2,,Kyoto (JPN),11 MAY 2018,905,women_3000sc,2018,https://worldathletics.org/athletes/athlete=14856861
155,11:23.58,,. REENA,07 SEP 1982,IND,4,,New Delhi (IND),13 DEC 2018,903,women_3000sc,2018,https://worldathletics.org/athletes/athlete=14813115
156,11:23.88,,Nozomi ITO,02 JAN 1997,JPN,5f1,,Kyoto (JPN),11 MAY 2018,902,women_3000sc,2018,https://worldathletics.org/athletes/athlete=14547934
157,11:23.95,,Hitomi SATO,11 FEB 1997,JPN,6f1,,Kyoto (JPN),11 MAY 2018,902,women_3000sc,2018,https://worldathletics.org/athletes/athlete=14856920
158,11:25.45,,Vijay LAXMI,11 NOV 1991,IND,6,,Lucknow (IND),19 AUG 2018,899,women_3000sc,2018,https://worldathletics.org/athletes/athlete=14650057
159,11:26.18,,Hyun-ok LEE,25 SEP 1990,KOR,4,,Heongseong (KOR),25 JUL 2018,897,women_3000sc,2018,https://worldathletics.org/athletes/athlete=14377342
160,11:26.2h,,Un Hyang KIM,,PRK,3,,Pyongyang (PRK),03 JUL 2018,897,women_3000sc,2018,https://worldathletics.org/athletes/athlete=14825771
161,11:26.51,,Chika ISHIHARA,19 MAR 1997,JPN,8h1,,Sagamihara (JPN),25 MAY 2018,897,women_3000sc,2018,https://worldathletics.org/athletes/athlete=14853675
162,11:27.04,,Cheryl CHAN XUE ROU,20 SEP 1995,SGP,1,,Sydney (AUS),24 FEB 2018,896,women_3000sc,2018,https://worldathletics.org/athletes/athlete=14705953
163,11:27.43,,Nozomi SAKAI,08 DEC 1998,JPN,7h2,,Sagamihara (JPN),25 MAY 2018,895,women_3000sc,2018,https://worldathletics.org/athletes/athlete=14853683
164,11:27.48,,Mirei SUGAI,25 APR 1999,JPN,18,,Yamaguchi (JPN),23 JUN 2018,895,women_3000sc,2018,https://worldathletics.org/athletes/athlete=14849060
165,11:28.41,,Yu-Pei CHANG,1998,TPE,3,,Taoyuan (TPE),01 MAY 2018,893,women_3000sc,2018,https://worldathletics.org/athletes/athlete=14670022
166,11:28.58,,Kushboo KUMARI,15 JAN 1995,IND,5,,New Delhi (IND),13 DEC 2018,892,women_3000sc,2018,https://worldathletics.org/athletes/athlete=14735670
167,11:29.43,,H.K.I.T. UDAYAKUMARI,,SRI,4,,Colombo (SRI),14 SEP 2018,890,women_3000sc,2018,https://worldathletics.org/athletes/athlete=14800218
168,11:29.56,,Mayu TADA,27 JAN 1998,JPN,7f1,,Kyoto (JPN),11 MAY 2018,890,women_3000sc,2018,https://worldathletics.org/athletes/athlete=14856921
169,11:29.59,,K.D.P KUMARAGE,1995,SRI,5,,Colombo (SRI),14 SEP 2018,890,women_3000sc,2018,https://worldathletics.org/athletes/athlete=14552928
170,11:30.59,,Yelizaveta ASTAFEVA,30 DEC 1999,KAZ,2,,Shimkent (KAZ),06 MAY 2018,888,women_3000sc,2018,https://worldathletics.org/athletes/athlete=14791672
171,11:31.29,,Ye-jin KANG,16 AUG 1998,KOR,5,,Yecheon (KOR),18 JUN 2018,886,women_3000sc,2018,https://worldathletics.org/athletes/athlete=14759687
172,11:31.30,,Ka-yeon LEE,17 FEB 2001,KOR,3,,Boeun (KOR),12 AUG 2018,886,women_3000sc,2018,https://worldathletics.org/athletes/athlete=14860142
173,11:31.52,,Pinky MEENA,25 APR 1995,IND,8,,Bhubaneshwar (IND),28 SEP 2018,886,women_3000sc,2018,https://worldathletics.org/athletes/athlete=14859037
174,11:32.36,,Emi HOSHIKAWA,14 JAN 1997,JPN,8h2,,Sagamihara (JPN),25 MAY 2018,884,women_3000sc,2018,https://worldathletics.org/athletes/athlete=14853684
175,11:32.92,,Udaya KUMARI,,SRI,1,,Diyagama (SRI),22 FEB 2018,883,women_3000sc,2018,https://worldathletics.org/athletes/athlete=14522939
176,11:33.74,,Samira KHODATARS,03 DEC 1999,IRI,1,,Tehran (IRI),07 OCT 2018,881,women_3000sc,2018,https://worldathletics.org/athletes/athlete=14860232
177,11:35.59,,Wentian WANG,10 OCT 1998,CHN,16,,Chongqing (CHN),24 MAY 2018,877,women_3000sc,2018,https://worldathletics.org/athletes/athlete=14800535
178,11:36.01,,Priyanka CHAURKAR,26 APR 1997,IND,8,,Patiala (IND),08 MAR 2018,876,women_3000sc,2018,https://worldathletics.org/athletes/athlete=14768640
179,11:36.36,,Mila KARMILA,22 JUL 2000,INA,1,,Jakarta (INA),10 MAY 2018,875,women_3000sc,2018,https://worldathletics.org/athletes/athlete=14843912
180,11:36.51,,Da-eun KANG,29 JUN 1995,KOR,7,,Yecheon (KOR),18 JUN 2018,875,women_3000sc,2018,https://worldathletics.org/athletes/athlete=14432128
181,11:36.92,,Ngo Thi LAN ANH,01 JAN 2001,VIE,2,,Ho Chi-Minh (VIE),06 AUG 2018,874,women_3000sc,2018,https://worldathletics.org/athletes/athlete=14788479
182,11:37.86,,Seu-ra KIM,21 SEP 1999,KOR,6,,Heongseong (KOR),25 JUL 2018,872,women_3000sc,2018,https://worldathletics.org/athletes/athlete=14815823
183,11:38.37,,Rina IIMURA,04 FEB 2000,JPN,9h2,,Sagamihara (JPN),25 MAY 2018,871,women_3000sc,2018,https://worldathletics.org/athletes/athlete=14853685
184,11:38.52,,Mayram TAJIBAYEVA,16 AUG 2000,UZB,1,,Andijan (UZB),11 OCT 2018,871,women_3000sc,2018,https://worldathletics.org/athletes/athlete=14740964
185,11:38.83,,Meri PAIJO,06 MAY 1987,INA,3,,Jakarta (INA),10 MAY 2018,870,women_3000sc,2018,https://worldathletics.org/athletes/athlete=14545729
186,11:39.63,,Aina MOROTOMI,15 NOV 1996,JPN,10h1,,Sagamihara (JPN),25 MAY 2018,868,women_3000sc,2018,https://worldathletics.org/athletes/athlete=14853676
1,9:05.68,,Winfred YAVI,31 DEC 1999,BRN,4,,"Khalifa International Stadium, Doha (QAT)",30 SEP 2019,1230,women_3000sc,2019,https://worldathletics.org/athletes/athlete=14695622
2,9:33.89,,Shuangshuang XU,06 APR 1996,CHN,9,,"Shanghai Stadium, Shanghai (CHN)",18 MAY 2019,1159,women_3000sc,2019,https://worldathletics.org/athletes/athlete=14534952
3,9:43.64,,Xinyan ZHANG,09 FEB 1994,CHN,1,,Shenyang (CHN),03 AUG 2019,1135,women_3000sc,2019,https://worldathletics.org/athletes/athlete=14488655
4,9:48.38,,Nilani RATHNAYAKA,08 AUG 1990,SRI,5,,"Five Rings Sports Center, Wuhan (CHN)",22 OCT 2019,1123,women_3000sc,2019,https://worldathletics.org/athletes/athlete=14383787
5,9:49.30,,Reimi YOSHIMURA,22 APR 2000,JPN,8,,Liège (BEL),17 JUL 2019,1121,women_3000sc,2019,https://worldathletics.org/athletes/athlete=14819348
6,9:52.07,,Thi Oanh NGUYEN,15 AUG 1995,VIE,1,,Taipei City (TPE),25 MAY 2019,1114,women_3000sc,2019,https://worldathletics.org/athletes/athlete=14524770
7,9:53.89,,Li BAI,30 MAR 1996,CHN,2,,Shenyang (CHN),11 JUL 2019,1110,women_3000sc,2019,https://worldathletics.org/athletes/athlete=14702490
8,9:53.96,,Tigest Getent MEKONEN,07 JUL 1997,BRN,3,,Doha (QAT),23 APR 2019,1110,women_3000sc,2019,https://worldathletics.org/athletes/athlete=14429103
9,9:59.54,,Yukari ISHIZAWA,16 APR 1988,JPN,2,,Fukuoka (JPN),29 JUN 2019,1096,women_3000sc,2019,https://worldathletics.org/athletes/athlete=14446352
10,9:59.70,,Yui YABUTA,04 MAR 1996,JPN,3,,Fukuoka (JPN),29 JUN 2019,1096,women_3000sc,2019,https://worldathletics.org/athletes/athlete=14735736
11,10:00.66,,Sudha SINGH,25 JUN 1986,IND,1,,Patiala (IND),05 SEP 2019,1093,women_3000sc,2019,https://worldathletics.org/athletes/athlete=14283075
12,10:03.43,,Parul CHAUDHARY,15 APR 1995,IND,5,,Doha (QAT),23 APR 2019,1087,women_3000sc,2019,https://worldathletics.org/athletes/athlete=14497992
13,10:04.4h,,Ju Ok BYOL,20 MAY 1997,PRK,1,,Pyongyang (PRK),10 APR 2019,1085,women_3000sc,2019,https://worldathletics.org/athletes/athlete=14603310
14,10:04.8h,,Hyo Gyong RO,09 JAN 1999,PRK,2,,Pyongyang (PRK),10 APR 2019,1084,women_3000sc,2019,https://worldathletics.org/athletes/athlete=14756005
15,10:05.34,,Nana SATO,24 SEP 1989,JPN,4,,Fukuoka (JPN),29 JUN 2019,1082,women_3000sc,2019,https://worldathletics.org/athletes/athlete=14545076
16,10:06.06,,Ayaka KOIKE,09 APR 1993,JPN,1,,"Yanmar Stadium Nagai, Osaka (JPN)",21 SEP 2019,1081,women_3000sc,2019,https://worldathletics.org/athletes/athlete=14545070
17,10:06.33,,Yuno YAMANAKA,25 DEC 2000,JPN,2,,Abashiri (JPN),22 JUL 2019,1080,women_3000sc,2019,https://worldathletics.org/athletes/athlete=14909558
18,10:09.87,,Harim JO,14 SEP 1996,KOR,1,,"Olympic Stadium, Seoul (KOR)",08 OCT 2019,1071,women_3000sc,2019,https://worldathletics.org/athletes/athlete=14532353
19,10:10.27,,Tingwan TANG,12 DEC 2001,CHN,1,,"Shanxi Sports Center Stadium, Taiyuan (CHN)",17 AUG 2019,1070,women_3000sc,2019,https://worldathletics.org/athletes/athlete=14811648
20,10:11.70,,. CINTHA,26 MAR 1993,IND,1,,Ranchi (IND),13 OCT 2019,1067,women_3000sc,2019,https://worldathletics.org/athletes/athlete=14522520
21,10:12.59,,PRITI,18 DEC 1995,IND,3,,Patiala (IND),18 MAR 2019,1065,women_3000sc,2019,https://worldathletics.org/athletes/athlete=14498000
22,10:13.19,,Qin LI,23 AUG 1994,CHN,3,,Shenyang (CHN),11 JUL 2019,1064,women_3000sc,2019,https://worldathletics.org/athletes/athlete=14702563
23,10:13.49,,Yuki AKIYAMA,26 AUG 1998,JPN,2,,"Nagaragawa Stadium, Gifu (JPN)",15 SEP 2019,1063,women_3000sc,2019,https://worldathletics.org/athletes/athlete=14809493
24,10:16.00,,Kana MIURA,20 NOV 1998,JPN,1,,Niigata (JPN),26 MAY 2019,1057,women_3000sc,2019,https://worldathletics.org/athletes/athlete=14806534
25,10:16.89,,Manami NISHIYAMA,09 DEC 1999,JPN,1,,Hiratsuka (JPN),09 JUN 2019,1055,women_3000sc,2019,https://worldathletics.org/athletes/athlete=14733877
26,10:17.36,,Komal JAGADALE,26 JAN 1999,IND,3,,Ranchi (IND),13 OCT 2019,1054,women_3000sc,2019,https://worldathletics.org/athletes/athlete=14740940
27,10:18.06,,Yuanfeng LI,21 OCT 1996,CHN,2f1,,Jinhua (CHN),23 MAY 2019,1052,women_3000sc,2019,https://worldathletics.org/athletes/athlete=14585467
28,10:18.12,,Eisha ISHIKAWA,04 NOV 2000,JPN,1,,Okayama (JPN),17 MAY 2019,1052,women_3000sc,2019,https://worldathletics.org/athletes/athlete=14766618
29,10:18.66,,Chhavi YADAV,15 AUG 1992,IND,4,,Ranchi (IND),13 OCT 2019,1051,women_3000sc,2019,https://worldathletics.org/athletes/athlete=14681243
30,10:18.90,,Jinlian TAN,15 MAR 2000,CHN,2,,"Shanxi Sports Center Stadium, Taiyuan (CHN)",17 AUG 2019,1050,women_3000sc,2019,https://worldathletics.org/athletes/athlete=14752713
31,10:20.11,,Chikako MORI,25 NOV 1992,JPN,8,,Fukuoka (JPN),29 JUN 2019,1047,women_3000sc,2019,https://worldathletics.org/athletes/athlete=14427119
32,10:20.47,,Karin AKAHORI,14 AUG 2000,JPN,3,,Hiratsuka (JPN),09 JUN 2019,1046,women_3000sc,2019,https://worldathletics.org/athletes/athlete=14899742
33,10:21.30,,Junqiao LI,08 MAR 1996,CHN,2f2,,Huangshi (CHN),13 APR 2019,1044,women_3000sc,2019,https://worldathletics.org/athletes/athlete=14583570
34,10:22.15,,Jyoti CHAVHAN,05 AUG 1995,IND,12,,Napoli (ITA),11 JUL 2019,1042,women_3000sc,2019,https://worldathletics.org/athletes/athlete=14681234
35,10:22.40,,Shanshan ZHANG,10 SEP 1999,CHN,2f2,,Zhaoqing (CHN),09 APR 2019,1042,women_3000sc,2019,https://worldathletics.org/athletes/athlete=14796252
36,10:22.43,,Minori HAYAKARI,29 NOV 1972,JPN,2,,"Portland, OR (USA)",03 MAY 2019,1042,women_3000sc,2019,https://worldathletics.org/athletes/athlete=14286330
37,10:23.20,,Moka OUCHI,07 OCT 1999,JPN,5,,Hiratsuka (JPN),09 JUN 2019,1040,women_3000sc,2019,https://worldathletics.org/athletes/athlete=14858501
38,10:23.21,,Yuzu NISHIDE,25 JAN 2000,JPN,3,,"Nagaragawa Stadium, Gifu (JPN)",15 SEP 2019,1040,women_3000sc,2019,https://worldathletics.org/athletes/athlete=14858472
39,10:23.23,,Satsuki HORIO,18 JAN 2000,JPN,6,,Hiratsuka (JPN),09 JUN 2019,1040,women_3000sc,2019,https://worldathletics.org/athletes/athlete=14856861
40,10:23.61,,Yuna TAKAHASHI,28 MAR 1999,JPN,7,,Hiratsuka (JPN),09 JUN 2019,1039,women_3000sc,2019,https://worldathletics.org/athletes/athlete=14728013
41,10:24.11,,Moeno SHIMIZU,20 MAR 1997,JPN,4h2,,Fukuoka (JPN),27 JUN 2019,1038,women_3000sc,2019,https://worldathletics.org/athletes/athlete=14649179
42,10:24.14,,Jia YANG,14 AUG 1996,CHN,2f2,,Jinhua (CHN),23 MAY 2019,1038,women_3000sc,2019,https://worldathletics.org/athletes/athlete=14702499
43,10:24.92,,Yangchun LU,26 DEC 1993,CHN,3f2,,Huangshi (CHN),13 APR 2019,1036,women_3000sc,2019,https://worldathletics.org/athletes/athlete=14546531
44,10:25.56,,Tatyana NEROZNAK,18 FEB 1992,KAZ,11,,Doha (QAT),23 APR 2019,1034,women_3000sc,2019,https://worldathletics.org/athletes/athlete=14498431
45,10:25.59,,Soyoka SEGAWA,28 JUL 1994,JPN,3,,"Universiade Commemorative Stadium, Kobe (JPN)",21 APR 2019,1034,women_3000sc,2019,https://worldathletics.org/athletes/athlete=14646742
46,10:26.15,,Yui TAKAYASU,02 JUL 2000,JPN,4,,"Nagaragawa Stadium, Gifu (JPN)",15 SEP 2019,1033,women_3000sc,2019,https://worldathletics.org/athletes/athlete=14825130
47,10:26.51,,Yurina KINOSHITA,13 MAR 1998,JPN,6,,"Nagaragawa Stadium, Gifu (JPN)",15 SEP 2019,1032,women_3000sc,2019,https://worldathletics.org/athletes/athlete=14631436
48,10:26.60,,Guangmei WANG,03 APR 1994,CHN,4,,Daqing (CHN),23 AUG 2019,1032,women_3000sc,2019,https://worldathletics.org/athletes/athlete=14663882
49,10:26.62,,Fang LI,02 APR 1997,CHN,2,,Luoyang (CHN),30 MAY 2019,1032,women_3000sc,2019,https://worldathletics.org/athletes/athlete=14723551
50,10:29.42,,Huong NGUYEN THI,10 FEB 1998,VIE,2,,Ho Chi-Minh (VIE),16 SEP 2019,1025,women_3000sc,2019,https://worldathletics.org/athletes/athlete=14498327
51,10:30.35,,Ying GUAN,16 APR 1997,CHN,7,,Shenyang (CHN),11 JUL 2019,1023,women_3000sc,2019,https://worldathletics.org/athletes/athlete=14646800
52,10:31.53,,Ran Yon KIM,11 MAY 1996,PRK,2,,Taipei City (TPE),25 MAY 2019,1020,women_3000sc,2019,https://worldathletics.org/athletes/athlete=14694172
53,10:31.78,,Meng LIU,20 MAR 1995,CHN,8,,Shenyang (CHN),11 JUL 2019,1020,women_3000sc,2019,https://worldathletics.org/athletes/athlete=14502092
54,10:32.47,,Mayuko NAKAMURA,20 NOV 1990,JPN,7h1,,Fukuoka (JPN),27 JUN 2019,1018,women_3000sc,2019,https://worldathletics.org/athletes/athlete=14545067
55,10:32.98,,Shoko TSUJITA,29 NOV 2000,JPN,3,,Sagamihara (JPN),26 MAY 2019,1017,women_3000sc,2019,https://worldathletics.org/athletes/athlete=14780838
56,10:33.02,,Chao-Chun CHEN,15 AUG 1992,TPE,1,,Taoyuan (TPE),22 OCT 2019,1017,women_3000sc,2019,https://worldathletics.org/athletes/athlete=14377890
57,10:34.10,,G. MAHESHWARI,18 AUG 2000,IND,1,,Mangalagiri (IND),06 NOV 2019,1015,women_3000sc,2019,https://worldathletics.org/athletes/athlete=14841056
58,10:34.31,,Fumika SASAKI,23 MAY 1993,JPN,4,,"Yanmar Stadium Nagai, Osaka (JPN)",19 MAY 2019,1014,women_3000sc,2019,https://worldathletics.org/athletes/athlete=14433001
59,10:34.56,,Bour-ha-na NAM,27 JUL 1994,KOR,2,,"Olympic Stadium, Seoul (KOR)",08 OCT 2019,1013,women_3000sc,2019,https://worldathletics.org/athletes/athlete=14532347
60,10:34.75,,Mika OKIMURA,22 AUG 1997,JPN,2,,Kyoto (JPN),10 MAY 2019,1013,women_3000sc,2019,https://worldathletics.org/athletes/athlete=14809492
61,10:37.21,,Yu-na SON,18 DEC 1995,KOR,3,,"Olympic Stadium, Seoul (KOR)",08 OCT 2019,1007,women_3000sc,2019,https://worldathletics.org/athletes/athlete=14477459
62,10:37.57,,Wanhua TIAN,24 FEB 1999,CHN,7f2,,Huangshi (CHN),13 APR 2019,1006,women_3000sc,2019,https://worldathletics.org/athletes/athlete=14702493
63,10:37.6h,,Yong Ae KIM,,PRK,3,,Pyongyang (PRK),14 OCT 2019,1006,women_3000sc,2019,https://worldathletics.org/athletes/athlete=14825733
64,10:37.71,,Anju TAKAMIZAWA,06 MAR 1996,JPN,1,,Kumagaya (JPN),19 MAY 2019,1006,women_3000sc,2019,https://worldathletics.org/athletes/athlete=14654017
65,10:38.48,,Rika SHISHIDO,16 JUL 1998,JPN,4,,Sagamihara (JPN),26 MAY 2019,1004,women_3000sc,2019,https://worldathletics.org/athletes/athlete=14852015
66,10:40.11,,Lili XU,04 JAN 2000,CHN,12,,Shenyang (CHN),11 JUL 2019,1001,women_3000sc,2019,https://worldathletics.org/athletes/athlete=14811646
67,10:41.59,,Akari NAKAMURA,30 NOV 2000,JPN,9,,"Nagaragawa Stadium, Gifu (JPN)",15 SEP 2019,997,women_3000sc,2019,https://worldathletics.org/athletes/athlete=14887763
68,10:42.48,,Sa-hin SHIN,23 APR 1992,KOR,3,,Kimchun (KOR),17 JUN 2019,995,women_3000sc,2019,https://worldathletics.org/athletes/athlete=14334608
69,10:42.52,,Soo-ah CHOI,21 NOV 2000,KOR,2,,Gimcheon (KOR),04 JUL 2019,995,women_3000sc,2019,https://worldathletics.org/athletes/athlete=14815826
70,10:42.66,,Yue WANG,10 MAY 1995,CHN,2f1,,Huangshi (CHN),13 APR 2019,995,women_3000sc,2019,https://worldathletics.org/athletes/athlete=14702477
71,10:42.80,,Maina HARA,29 SEP 1999,JPN,10,,Hiratsuka (JPN),09 JUN 2019,994,women_3000sc,2019,https://worldathletics.org/athletes/athlete=14868885
72,10:43.18,,Renxiang LI,18 MAY 2000,CHN,9,,Daqing (CHN),23 AUG 2019,994,women_3000sc,2019,https://worldathletics.org/athletes/athlete=14839842
73,10:44.42,,Shino WAKIZAKA,26 MAY 1997,JPN,4,,Kyoto (JPN),10 MAY 2019,991,women_3000sc,2019,https://worldathletics.org/athletes/athlete=14719665
74,10:44.83,,Yuanhua XU,16 JUN 2000,CHN,3,,"Shanxi Sports Center Stadium, Taiyuan (CHN)",17 AUG 2019,990,women_3000sc,2019,https://worldathletics.org/athletes/athlete=14839843
75,10:45.49,,Satsuki KINUNO,12 MAY 1997,JPN,2f1,,Inzai (JPN),06 JUL 2019,988,women_3000sc,2019,https://worldathletics.org/athletes/athlete=14853671
76,10:45.51,,Kako OKADA,12 FEB 1998,JPN,5,,"Universiade Commemorative Stadium, Kobe (JPN)",21 APR 2019,988,women_3000sc,2019,https://worldathletics.org/athletes/athlete=14719659
77,10:45.96,,Yuka NOSUE,24 APR 2000,JPN,7,,Sagamihara (JPN),26 MAY 2019,987,women_3000sc,2019,https://worldathletics.org/athletes/athlete=14841943
78,10:46.08,,Rina GOTO,07 DEC 1998,JPN,8h2,,Fukuoka (JPN),27 JUN 2019,987,women_3000sc,2019,https://worldathletics.org/athletes/athlete=14728201
79,10:46.99,,Kaede OYA,05 MAR 1994,JPN,2,,"Denka Big Swan Stadium, Niigata (JPN)",19 OCT 2019,985,women_3000sc,2019,https://worldathletics.org/athletes/athlete=14545093
80,10:48.41,,Su-in CHOI,03 JAN 2003,KOR,1,,Kimchun (KOR),16 JUN 2019,982,women_3000sc,2019,https://worldathletics.org/athletes/athlete=14843866
81,10:49.95,,Kaho OSABE,21 MAY 1999,JPN,12,,Hiratsuka (JPN),09 JUN 2019,978,women_3000sc,2019,https://worldathletics.org/athletes/athlete=14853682
82,10:50.18,,Io AKASHI,16 SEP 1994,JPN,2,,Kumagaya (JPN),19 MAY 2019,978,women_3000sc,2019,https://worldathletics.org/athletes/athlete=14739834
83,10:50.34,,Ayami HIRANO,17 MAY 1997,JPN,3h1,,Sagamihara (JPN),25 MAY 2019,977,women_3000sc,2019,https://worldathletics.org/athletes/athlete=14825365
84,10:50.61,,Khushbu GUPTA,07 NOV 1998,IND,5,,Ranchi (IND),13 OCT 2019,977,women_3000sc,2019,https://worldathletics.org/athletes/athlete=14670521
85,10:51.78,,Yumi YOSHIKAWA,31 OCT 1990,JPN,6,,"Yanmar Stadium Nagai, Osaka (JPN)",19 MAY 2019,974,women_3000sc,2019,https://worldathletics.org/athletes/athlete=14522388
86,10:53.27,,Kaori NAKAMOTO,02 JUN 2001,JPN,2,,Kyoto (JPN),13 APR 2019,971,women_3000sc,2019,https://worldathletics.org/athletes/athlete=14903981
87,10:53.33,,Kaho IIDA,28 AUG 1997,JPN,14,,Hiratsuka (JPN),09 JUN 2019,970,women_3000sc,2019,https://worldathletics.org/athletes/athlete=14853681
88,10:54.44,,Pretty SIHITE,21 DEC 1996,INA,1,,Cibinong (INA),07 AUG 2019,968,women_3000sc,2019,https://worldathletics.org/athletes/athlete=14765272
89,10:54.50,,Se-jung LEE,07 MAY 1989,KOR,4,,"Olympic Stadium, Seoul (KOR)",08 OCT 2019,968,women_3000sc,2019,https://worldathletics.org/athletes/athlete=14334386
90,10:54.53,,. YULIANINGSIH,23 SEP 1989,INA,1,,Gresik (INA),28 MAR 2019,968,women_3000sc,2019,https://worldathletics.org/athletes/athlete=14432162
91,10:54.93,,Chizuru OI,04 JUL 1993,JPN,3,,Kyoto (JPN),13 APR 2019,967,women_3000sc,2019,https://worldathletics.org/athletes/athlete=14766827
92,10:55.33,,Ayano TAGUCHI,19 OCT 1999,JPN,15,,Hiratsuka (JPN),09 JUN 2019,966,women_3000sc,2019,https://worldathletics.org/athletes/athlete=14853672
93,10:56.11,,Preenu YADAV,28 JUN 1995,IND,5,,Pune (IND),22 AUG 2019,964,women_3000sc,2019,https://worldathletics.org/athletes/athlete=14549115
94,10:57.2h,,Chol Sun KIM,05 OCT 1996,PRK,5,,Pyongyang (PRK),14 OCT 2019,962,women_3000sc,2019,https://worldathletics.org/athletes/athlete=14694169
95,10:57.93,,Jung-hyun OH,25 JAN 1991,KOR,5,,"Olympic Stadium, Seoul (KOR)",08 OCT 2019,960,women_3000sc,2019,https://worldathletics.org/athletes/athlete=14334610
96,10:58.01,,Richa BHADAURIYA,28 JAN 1997,IND,4,,Patiala (IND),23 FEB 2019,960,women_3000sc,2019,https://worldathletics.org/athletes/athlete=14833644
97,10:58.59,,Shino WATARAI,13 JUN 2000,JPN,8h2,,Sagamihara (JPN),25 MAY 2019,959,women_3000sc,2019,https://worldathletics.org/athletes/athlete=14902695
98,10:58.70,,Hyun-jeong LEE,11 JAN 2001,KOR,6,,"Olympic Stadium, Seoul (KOR)",08 OCT 2019,958,women_3000sc,2019,https://worldathletics.org/athletes/athlete=14852482
99,10:59.91,,Joida GAGNAO,23 APR 1996,PHI,2,,New Clark City (PHI),10 DEC 2019,956,women_3000sc,2019,https://worldathletics.org/athletes/athlete=14791723
100,11:00.12,,H.W.N. KUMARI,,SRI,2,,Colombo (SRI),16 AUG 2019,955,women_3000sc,2019,https://worldathletics.org/athletes/athlete=14433100
101,11:00.18,,Panpan WANG,17 JUN 2003,CHN,5f1,,Huangshi (CHN),13 APR 2019,955,women_3000sc,2019,https://worldathletics.org/athletes/athlete=14885772
102,11:00.45,,Wenyue DAI,02 MAR 2001,CHN,5,,"Shanxi Sports Center Stadium, Taiyuan (CHN)",17 AUG 2019,954,women_3000sc,2019,https://worldathletics.org/athletes/athlete=14811658
103,11:02.5h,,Hye Song JON,,PRK,2,,Pyongyang (PRK),06 SEP 2019,950,women_3000sc,2019,https://worldathletics.org/athletes/athlete=14921873
104,11:02.97,,W.P.E. RASIKA DULAKSHI,21 MAR 1991,SRI,3,,Colombo (SRI),16 AUG 2019,949,women_3000sc,2019,https://worldathletics.org/athletes/sri-lanka/wpe-rasika-dulakshi-14377488
105,11:03.45,,Yu-Hsuan CHEN,13 JAN 1993,TPE,2,,Taipei City (TPE),15 FEB 2019,948,women_3000sc,2019,https://worldathletics.org/athletes/athlete=14383940
105,11:03.45,,Miki OBATA,04 OCT 1998,JPN,16,,Hiratsuka (JPN),09 JUN 2019,948,women_3000sc,2019,https://worldathletics.org/athletes/athlete=14853673
107,11:04.02,,Khanh Ny NGO THI,18 OCT 2001,VIE,3,,Ho Chi-Minh (VIE),16 SEP 2019,946,women_3000sc,2019,https://worldathletics.org/athletes/athlete=14760123
108,11:04.10,,Hana MATSURA,22 JUL 1998,JPN,1,,"Prefectural Stadium, Kumamoto (JPN)",17 MAY 2019,946,women_3000sc,2019,https://worldathletics.org/athletes/athlete=14865972
109,11:04.11,,Mayu TSUKAMOTO,21 NOV 2000,JPN,2,,"Prefectural Stadium, Kumamoto (JPN)",17 MAY 2019,946,women_3000sc,2019,https://worldathletics.org/athletes/athlete=14920047
110,11:04.17,,Shujia DENG,09 JUN 2002,CHN,6f1,,Huangshi (CHN),13 APR 2019,946,women_3000sc,2019,https://worldathletics.org/athletes/athlete=14885767
111,11:04.70,,Sugandha KUMARI,02 AUG 1996,IND,5,,Patiala (IND),23 FEB 2019,945,women_3000sc,2019,https://worldathletics.org/athletes/india/sugandha-kumari-14672709
112,11:04.86,,Xiamei YU,29 MAR 1996,CHN,8,,Luoyang (CHN),30 MAY 2019,944,women_3000sc,2019,https://worldathletics.org/athletes/athlete=14647953
113,11:06.34,,Mengqi ZHAO,01 MAR 2001,CHN,7,,Luoyang (CHN),30 MAY 2019,941,women_3000sc,2019,https://worldathletics.org/athletes/athlete=14811656
114,11:06.51,,Se-hyun JUNG,19 JUL 1998,KOR,2,,Hong Kong (HKG),22 JUN 2019,941,women_3000sc,2019,https://worldathletics.org/athletes/athlete=14603407
115,11:06.59,,Kajal SHARMA,03 SEP 2001,IND,6,,Ranchi (IND),13 OCT 2019,941,women_3000sc,2019,https://worldathletics.org/athletes/athlete=14792589
116,11:07.22,,Fengxia TIAN,18 MAR 2001,CHN,7,,"Shanxi Sports Center Stadium, Taiyuan (CHN)",17 AUG 2019,939,women_3000sc,2019,https://worldathletics.org/athletes/pr-of-china/fengxia-tian-14942545
116,11:07.22,,Ayano MORISAKI,06 JUL 2000,JPN,15,,"Nagaragawa Stadium, Gifu (JPN)",15 SEP 2019,939,women_3000sc,2019,https://worldathletics.org/athletes/athlete=14887765
118,11:07.31,,Gyu-rim LEE,16 DEC 2003,KOR,2,,"Olympic Stadium, Seoul (KOR)",08 OCT 2019,939,women_3000sc,2019,https://worldathletics.org/athletes/athlete=14919078
119,11:07.37,,Reina KATO,26 DEC 2001,JPN,1,,Chiba (JPN),22 JUN 2019,939,women_3000sc,2019,https://worldathletics.org/athletes/athlete=14895857
120,11:07.72,,Gain KIM,23 MAY 2001,KOR,3,,"Olympic Stadium, Seoul (KOR)",08 OCT 2019,938,women_3000sc,2019,https://worldathletics.org/athletes/athlete=14910426
121,11:07.80,,Saya KANO,05 APR 1998,JPN,7h1,,Sagamihara (JPN),25 MAY 2019,938,women_3000sc,2019,https://worldathletics.org/athletes/athlete=14853624
122,11:07.83,,Xiaojuan KE,03 JAN 1999,CHN,8f2,,Jinhua (CHN),23 MAY 2019,938,women_3000sc,2019,https://worldathletics.org/athletes/athlete=14714406
123,11:08.87,,Hee-ju KO,22 OCT 1998,KOR,6,,Kimchun (KOR),17 JUN 2019,936,women_3000sc,2019,https://worldathletics.org/athletes/athlete=14670898
124,11:09.10,,Lele XU,28 AUG 2002,CHN,7f1,,Huangshi (CHN),13 APR 2019,935,women_3000sc,2019,https://worldathletics.org/athletes/athlete=14893335
125,11:10.05,,Luhong QIAN,05 OCT 2000,CHN,6,,Wuhu (CHN),17 MAY 2019,933,women_3000sc,2019,https://worldathletics.org/athletes/athlete=14811651
126,11:10.07,,Rebi PAI,12 DEC 2001,IND,2,,Trivandrum (IND),26 SEP 2019,933,women_3000sc,2019,https://worldathletics.org/athletes/athlete=14861998
127,11:10.82,,Honghua LUO,19 JUN 2001,CHN,8,,"Shanxi Sports Center Stadium, Taiyuan (CHN)",17 AUG 2019,931,women_3000sc,2019,https://worldathletics.org/athletes/athlete=14857404
128,11:10.91,,Fei WANG,04 FEB 2001,CHN,9,,"Shanxi Sports Center Stadium, Taiyuan (CHN)",17 AUG 2019,931,women_3000sc,2019,https://worldathletics.org/athletes/athlete=14857400
129,11:11.1h,,Hye Yong KIM,,PRK,3,,Pyongyang (PRK),06 SEP 2019,931,women_3000sc,2019,https://worldathletics.org/athletes/athlete=14921878
130,11:11.64,,Quzhen DANZENG,04 JAN 2002,CHN,2f1,,Zhaoqing (CHN),09 APR 2019,929,women_3000sc,2019,https://worldathletics.org/athletes/athlete=14892583
131,11:12.40,,Kaho ONISHI,20 JUL 2000,JPN,2,,Chiba (JPN),22 JUN 2019,928,women_3000sc,2019,https://worldathletics.org/athletes/athlete=14868880
132,11:13.11,,Thi Thanh LO,09 NOV 1997,VIE,4,,Ho Chi-Minh (VIE),16 SEP 2019,926,women_3000sc,2019,https://worldathletics.org/athletes/athlete=14603430
133,11:13.17,,Misato KUBOKURA,19 FEB 1996,JPN,3,,Kumagaya (JPN),19 MAY 2019,926,women_3000sc,2019,https://worldathletics.org/athletes/athlete=14740342
134,11:13.95,,Yufang DU,06 AUG 2003,CHN,8f1,,Huangshi (CHN),13 APR 2019,924,women_3000sc,2019,https://worldathletics.org/athletes/athlete=14892586
135,11:14.05,,Mayu TADA,27 JAN 1998,JPN,5,,Kyoto (JPN),10 MAY 2019,924,women_3000sc,2019,https://worldathletics.org/athletes/athlete=14856921
136,11:14.65,,M.S. SRUTHI,20 JUL 1996,IND,7,,Lucknow (IND),30 AUG 2019,923,women_3000sc,2019,https://worldathletics.org/athletes/athlete=14609193
137,11:14.76,,Yui KANAZAWA,23 NOV 1998,JPN,1,,Chiba (JPN),13 APR 2019,922,women_3000sc,2019,https://worldathletics.org/athletes/athlete=14809704
138,11:14.81,,Riko OZAWA,05 AUG 2000,JPN,8h1,,Sagamihara (JPN),25 MAY 2019,922,women_3000sc,2019,https://worldathletics.org/athletes/athlete=14868855
139,11:14.88,,Marika NAKAMURA,04 NOV 1998,JPN,6,,Kyoto (JPN),10 MAY 2019,922,women_3000sc,2019,https://worldathletics.org/athletes/athlete=14909079
140,11:14.93,,Mayram TAJIBAYEVA,16 AUG 2000,UZB,1,,Tashkent (UZB),03 MAY 2019,922,women_3000sc,2019,https://worldathletics.org/athletes/athlete=14740964
141,11:15.0h,,Kwang Ok HO,,PRK,6,,Pyongyang (PRK),14 OCT 2019,922,women_3000sc,2019,https://worldathletics.org/athletes/athlete=14921865
142,11:15.06,,Hyun-ok LEE,25 SEP 1990,KOR,5,,Taebaek (KOR),06 AUG 2019,922,women_3000sc,2019,https://worldathletics.org/athletes/athlete=14377342
143,11:15.08,,Yuki MAEHATA,07 DEC 1996,JPN,3,,Osaka (JPN),12 MAY 2019,922,women_3000sc,2019,https://worldathletics.org/athletes/athlete=14580925
144,11:15.25,,Eun-hae LEE,07 FEB 1992,KOR,6,,Chungju (KOR),05 MAY 2019,921,women_3000sc,2019,https://worldathletics.org/athletes/korea/eun-hae-lee-14381957
145,11:15.70,,Rutuja SHENDE,28 NOV 1999,IND,2,,Mangalagiri (IND),06 NOV 2019,920,women_3000sc,2019,https://worldathletics.org/athletes/athlete=14768650
146,11:15.84,,Mei LI,02 MAR 2000,CHN,7,,Wuhu (CHN),17 MAY 2019,920,women_3000sc,2019,https://worldathletics.org/athletes/athlete=14892592
147,11:16.14,,Afriana PAIJO,04 JAN 1992,INA,2,,Cibinong (INA),07 AUG 2019,919,women_3000sc,2019,https://worldathletics.org/athletes/athlete=14427121
148,11:16.2h,,Hong Nam JANG,,PRK,5,,Pyongyang (PRK),10 APR 2019,919,women_3000sc,2019,https://worldathletics.org/athletes/athlete=14825760
149,11:16.26,,Cheryl CHAN XUE ROU,20 SEP 1995,SGP,3,,Sydney (AUS),12 APR 2019,919,women_3000sc,2019,https://worldathletics.org/athletes/athlete=14705953
150,11:16.60,,Jishuang HUANG,18 JAN 2001,CHN,10,,"Shanxi Sports Center Stadium, Taiyuan (CHN)",17 AUG 2019,918,women_3000sc,2019,https://worldathletics.org/athletes/athlete=14913564
151,11:16.90,,Samira ZAMANI,14 MAR 1992,IRI,1,,Tehran (IRI),14 SEP 2019,918,women_3000sc,2019,https://worldathletics.org/athletes/athlete=14672379
152,11:17.11,,A.S.Nisansala BANDARA,06 MAR 1992,SRI,1,,Colombo (SRI),04 APR 2019,917,women_3000sc,2019,https://worldathletics.org/athletes/athlete=14661572
153,11:17.56,,Ting-Yu LI,20 AUG 1994,TPE,3,,Taoyuan (TPE),22 OCT 2019,916,women_3000sc,2019,https://worldathletics.org/athletes/athlete=14422402
154,11:17.89,,Aye Aye MYO,1999,MYA,1,,Naypiydaw (MYA),25 FEB 2019,916,women_3000sc,2019,https://worldathletics.org/athletes/athlete=14918562
155,11:18.81,,Jiali WANG,12 MAY 2001,CHN,8,,Wuhu (CHN),17 MAY 2019,914,women_3000sc,2019,https://worldathletics.org/athletes/athlete=14913563
156,11:19.27,,He-jeong JEONG,27 DEC 1999,KOR,8,,"Olympic Stadium, Seoul (KOR)",08 OCT 2019,913,women_3000sc,2019,https://worldathletics.org/athletes/athlete=14762412
157,11:19.47,,Rizuna YAJI,10 DEC 2000,JPN,4f1,,Inzai (JPN),06 JUL 2019,912,women_3000sc,2019,https://worldathletics.org/athletes/athlete=14902696
158,11:19.82,,Rina IIMURA,04 FEB 2000,JPN,4,,Inzai (JPN),04 MAY 2019,911,women_3000sc,2019,https://worldathletics.org/athletes/athlete=14853685
159,11:21.50,,Ye-jin KANG,16 AUG 1998,KOR,9,,"Olympic Stadium, Seoul (KOR)",08 OCT 2019,908,women_3000sc,2019,https://worldathletics.org/athletes/athlete=14759687
160,11:22.3h,,Un Hyang KIM,,PRK,6,,Pyongyang (PRK),10 APR 2019,906,women_3000sc,2019,https://worldathletics.org/athletes/athlete=14825771
161,11:22.35,,Li SHI,26 MAR 2000,CHN,9,,Wuhu (CHN),17 MAY 2019,906,women_3000sc,2019,https://worldathletics.org/athletes/athlete=14885780
162,11:22.7h,,Bok Sun SIN,,PRK,5,,Pyongyang (PRK),06 SEP 2019,905,women_3000sc,2019,https://worldathletics.org/athletes/athlete=14921879
163,11:23.09,,Yelizaveta ASTAFEVA,30 DEC 1999,KAZ,2,,Almaty (KAZ),25 MAY 2019,904,women_3000sc,2019,https://worldathletics.org/athletes/athlete=14791672
164,11:23.33,,Ya-Chuang HUNG,30 MAR 1998,TPE,2,,Chiayi (TPE),30 APR 2019,904,women_3000sc,2019,https://worldathletics.org/athletes/athlete=14791097
165,11:23.85,,Mila KARMILA,22 JUL 2000,INA,1,,Semarang (INA),04 JUL 2019,902,women_3000sc,2019,https://worldathletics.org/athletes/athlete=14843912
166,11:24.51,,You-rim LEE,10 JUN 1999,KOR,7,,Jeongseon (KOR),25 JUN 2019,901,women_3000sc,2019,https://worldathletics.org/athletes/athlete=14758262
167,11:25.59,,Ka-yeon LEE,17 FEB 2001,KOR,4,,"Olympic Stadium, Seoul (KOR)",08 OCT 2019,899,women_3000sc,2019,https://worldathletics.org/athletes/athlete=14860142
168,11:25.75,,Chie YAMAMOTO,13 JUN 1998,JPN,8,,Kyoto (JPN),10 MAY 2019,898,women_3000sc,2019,https://worldathletics.org/athletes/athlete=14856871
169,11:25.76,,D.R. SMITHA,09 DEC 2000,IND,3,,Trivandrum (IND),26 SEP 2019,898,women_3000sc,2019,https://worldathletics.org/athletes/athlete=14861999
170,11:26.06,,Shengnan DONG,04 NOV 1998,CHN,4f1,,Zhaoqing (CHN),09 APR 2019,898,women_3000sc,2019,https://worldathletics.org/athletes/athlete=14892587
171,11:26.33,,Hina GOTO,27 JUL 2001,JPN,2,,Tendo (JPN),07 JUL 2019,897,women_3000sc,2019,https://worldathletics.org/athletes/athlete=14915195
172,11:26.40,,Gyeongjin HEO,14 FEB 2001,KOR,2,,Kimchun (KOR),16 JUN 2019,897,women_3000sc,2019,https://worldathletics.org/athletes/athlete=14901482
173,11:26.87,,Kanako OJIMA,07 FEB 1999,JPN,9,,Kyoto (JPN),10 MAY 2019,896,women_3000sc,2019,https://worldathletics.org/athletes/athlete=14856918
174,11:27.13,,Momo KAMIYA,13 FEB 1998,JPN,2,,Gifu (JPN),19 MAY 2019,895,women_3000sc,2019,https://worldathletics.org/athletes/athlete=14728200
175,11:27.75,,Dian EKAYANTI,,INA,3,,Cibinong (INA),07 AUG 2019,894,women_3000sc,2019,https://worldathletics.org/athletes/athlete=14843888
176,11:28.65,,Hadiseh RAOUF,31 DEC 2003,IRI,1,,Tehran (IRI),26 MAR 2019,892,women_3000sc,2019,https://worldathletics.org/athletes/athlete=14861288
177,11:29.92,,Ruiqin GONG,29 OCT 2000,CHN,10f1,,Huangshi (CHN),13 APR 2019,889,women_3000sc,2019,https://worldathletics.org/athletes/athlete=14885779
178,11:30.24,,Aika IWASAKI,05 JUL 2003,JPN,3,,Tendo (JPN),07 JUL 2019,889,women_3000sc,2019,https://worldathletics.org/athletes/athlete=14915178
179,11:30.47,,Vaishnavi SAWANT,28 MAR 2001,IND,2,,Mumbai (IND),25 JUN 2019,888,women_3000sc,2019,https://worldathletics.org/athletes/athlete=14910117
180,11:30.5h,,Kim Hyang SUK,11 JUL 2001,PRK,4,,Pyongyang (PRK),06 SEP 2019,888,women_3000sc,2019,https://worldathletics.org/athletes/athlete=14816704
181,11:31.42,,Asa TABATA,18 DEC 2000,JPN,3,,"Prefectural Stadium, Kumamoto (JPN)",17 MAY 2019,886,women_3000sc,2019,https://worldathletics.org/athletes/japan/asa-tabata-14968273
182,11:31.74,,Hinako SUGITANI,10 OCT 1998,JPN,4,,Kyoto (JPN),07 APR 2019,885,women_3000sc,2019,https://worldathletics.org/athletes/athlete=14898955
183,11:32.05,,Miyu ISHIKAWA,07 MAR 2000,JPN,12h1,,Sagamihara (JPN),25 MAY 2019,885,women_3000sc,2019,https://worldathletics.org/athletes/athlete=14833837
184,11:32.25,,Hana AIDA,31 MAY 1997,JPN,10,,Kyoto (JPN),10 MAY 2019,884,women_3000sc,2019,https://worldathletics.org/athletes/athlete=14856922
185,11:32.33,,Chika MUKAI,26 FEB 1998,JPN,1,,"Yashima Stadium, Takamatsu (JPN)",02 MAR 2019,884,women_3000sc,2019,https://worldathletics.org/athletes/athlete=14671515
186,11:32.34,,Anjasari DEWI,,INA,4,,Cibinong (INA),07 AUG 2019,884,women_3000sc,2019,https://worldathletics.org/athletes/athlete=14821405
187,11:32.72,,Yui ITO,27 JUN 2000,JPN,3,,Gifu (JPN),19 MAY 2019,883,women_3000sc,2019,https://worldathletics.org/athletes/athlete=14616455
188,11:33.92,,Chun-Chih CHENG,17 JUL 2001,TPE,1,,Taipei City (TPE),12 MAR 2019,881,women_3000sc,2019,https://worldathletics.org/athletes/athlete=14791191
189,11:35.70,,Madina KERIMOVA,29 AUG 2001,KAZ,1,,Almaty (KAZ),16 MAY 2019,877,women_3000sc,2019,https://worldathletics.org/athletes/athlete=14832558
190,11:35.89,,Nanako SAWADA,22 SEP 1997,JPN,6,,Inzai (JPN),04 MAY 2019,876,women_3000sc,2019,https://worldathletics.org/athletes/athlete=14901131
191,11:36.21,,Farida TULKINBOYEVA,22 DEC 2004,UZB,1,,Tashkent (UZB),12 OCT 2019,876,women_3000sc,2019,https://worldathletics.org/athletes/athlete=14919358
192,11:36.29,,Ikumi AZUMA,2001,JPN,3,,Chiba (JPN),22 JUN 2019,875,women_3000sc,2019,https://worldathletics.org/athletes/athlete=14912062
193,11:36.56,,Natsuki INAOKA,08 JUN 1999,JPN,4,,Gifu (JPN),19 MAY 2019,875,women_3000sc,2019,https://worldathletics.org/athletes/athlete=14901844
194,11:36.70,,Feng-Ting SU,13 SEP 1990,TPE,4,,Taoyuan (TPE),22 OCT 2019,875,women_3000sc,2019,https://worldathletics.org/athletes/athlete=14445164
195,11:36.99,,Hae-jin PARK,12 APR 2003,KOR,1,,"Jamsil, Seoul (KOR)",28 JUL 2019,874,women_3000sc,2019,https://worldathletics.org/athletes/athlete=14910461
196,11:37.56,,Asuho MAKUTA,06 AUG 2000,JPN,7,,Inzai (JPN),04 MAY 2019,873,women_3000sc,2019,https://worldathletics.org/athletes/athlete=14901789
197,11:38.03,,Momoka MAEDA,09 MAR 2000,JPN,11h2,,Sagamihara (JPN),25 MAY 2019,872,women_3000sc,2019,https://worldathletics.org/athletes/athlete=14902697
198,11:38.7h,,Hyon Hui RI,,PRK,7,,Pyongyang (PRK),10 APR 2019,870,women_3000sc,2019,https://worldathletics.org/athletes/athlete=14825758
199,11:39.13,,Najibeh SHARSHABI,,IRI,2,,Tehran (IRI),22 SEP 2019,869,women_3000sc,2019,https://worldathletics.org/athletes/athlete=14917691
200,11:39.24,,Wan-Chien HUANG,16 MAY 2002,TPE,1,,Hualin (TPE),10 NOV 2019,869,women_3000sc,2019,https://worldathletics.org/athletes/athlete=14887404
201,11:39.54,,Mana KAWAMURA,02 MAR 2000,JPN,5,,Kyoto (JPN),07 APR 2019,869,women_3000sc,2019,https://worldathletics.org/athletes/athlete=14898910
202,11:39.68,,Farahnaz RAIZAN,,IRI,2,,Tehran (IRI),14 SEP 2019,868,women_3000sc,2019,https://worldathletics.org/athletes/athlete=14672380
203,11:39.88,,Thi Uyen HA,2003,VIE,2,,Dong Nai (VIE),03 AUG 2019,868,women_3000sc,2019,https://worldathletics.org/athletes/athlete=14914491
1,9:48.76,,Yukari ISHIZAWA,16 APR 1988,JPN,1,,"Yanmar Stadium Nagai, Osaka (JPN)",04 DEC 2020,1122,women_3000sc,2020,https://worldathletics.org/athletes/athlete=14446352
2,9:49.45,,Reimi YOSHIMURA,22 APR 2000,JPN,2,,"Yanmar Stadium Nagai, Osaka (JPN)",04 DEC 2020,1121,women_3000sc,2020,https://worldathletics.org/athletes/athlete=14819348
3,9:50.05,,Yuno YAMANAKA,25 DEC 2000,JPN,1,,"Prefectural Stadium, Kumagaya (JPN)",19 SEP 2020,1119,women_3000sc,2020,https://worldathletics.org/athletes/athlete=14909558
4,9:52.19,,Yui YABUTA,04 MAR 1996,JPN,3,,"Yanmar Stadium Nagai, Osaka (JPN)",04 DEC 2020,1114,women_3000sc,2020,https://worldathletics.org/athletes/athlete=14735736
5,9:52.99,,Winfred YAVI,31 DEC 1999,BRN,5,,"Nyayo National Stadium, Nairobi (KEN)",03 OCT 2020,1112,women_3000sc,2020,https://worldathletics.org/athletes/athlete=14695622
6,9:55.01,,Yuzu NISHIDE,25 JAN 2000,JPN,5,,"Yanmar Stadium Nagai, Osaka (JPN)",04 DEC 2020,1107,women_3000sc,2020,https://worldathletics.org/athletes/athlete=14858472
7,9:56.53,,Shuangshuang XU,06 APR 1996,CHN,1,,"Shangyu Stadium, Shaoxing (CHN)",18 SEP 2020,1103,women_3000sc,2020,https://worldathletics.org/athletes/athlete=14534952
8,9:58.12,,Yumi YOSHIKAWA,31 OCT 1990,JPN,6,,"Yanmar Stadium Nagai, Osaka (JPN)",04 DEC 2020,1100,women_3000sc,2020,https://worldathletics.org/athletes/athlete=14522388
9,9:58.31,,Yuki AKIYAMA,26 AUG 1998,JPN,3,,"National Stadium, Tokyo (JPN)",23 AUG 2020,1099,women_3000sc,2020,https://worldathletics.org/athletes/athlete=14809493
10,10:01.08,,Soyoka SEGAWA,28 JUL 1994,JPN,3,,"Prefectural Stadium, Kumagaya (JPN)",19 SEP 2020,1092,women_3000sc,2020,https://worldathletics.org/athletes/athlete=14646742
11,10:01.22,,Xinyan ZHANG,09 FEB 1994,CHN,2,,"Shangyu Stadium, Shaoxing (CHN)",18 SEP 2020,1092,women_3000sc,2020,https://worldathletics.org/athletes/athlete=14488655
12,10:07.05,,Manami NISHIYAMA,09 DEC 1999,JPN,7,,"Yanmar Stadium Nagai, Osaka (JPN)",04 DEC 2020,1078,women_3000sc,2020,https://worldathletics.org/athletes/athlete=14733877
13,10:09.10,,Yumeng QIAO,21 AUG 2001,CHN,3,,"Shangyu Stadium, Shaoxing (CHN)",18 SEP 2020,1073,women_3000sc,2020,https://worldathletics.org/athletes/athlete=14840768
14,10:14.54,,Li BAI,30 MAR 1996,CHN,1,,Dalian (CHN),14 JUL 2020,1060,women_3000sc,2020,https://worldathletics.org/athletes/athlete=14702490
15,10:15.86,,Nilani RATHNAYAKA,08 AUG 1990,SRI,1,,Colombo (SRI),26 DEC 2020,1057,women_3000sc,2020,https://worldathletics.org/athletes/athlete=14383787
16,10:16.27,,Chikako MORI,25 NOV 1992,JPN,5,,"Prefectural Stadium, Kumagaya (JPN)",19 SEP 2020,1056,women_3000sc,2020,https://worldathletics.org/athletes/athlete=14427119
17,10:17.26,,Nana SATO,24 SEP 1989,JPN,5,,"National Stadium, Tokyo (JPN)",23 AUG 2020,1054,women_3000sc,2020,https://worldathletics.org/athletes/athlete=14545076
18,10:19.02,,Rina GOTO,07 DEC 1998,JPN,4,,"Denka Big Swan Stadium, Niigata (JPN)",11 SEP 2020,1050,women_3000sc,2020,https://worldathletics.org/athletes/athlete=14728201
18,10:19.02,,Mika OKIMURA,22 AUG 1997,JPN,2,,"Ehime Athletics Stadium, Matsuyama (JPN)",27 SEP 2020,1050,women_3000sc,2020,https://worldathletics.org/athletes/athlete=14809492
20,10:20.18,,Jinlian TAN,15 MAR 2000,CHN,4,,"Shangyu Stadium, Shaoxing (CHN)",18 SEP 2020,1047,women_3000sc,2020,https://worldathletics.org/athletes/athlete=14752713
21,10:20.44,,Thi Oanh NGUYEN,15 AUG 1995,VIE,1,,Hanoi (VIE),13 NOV 2020,1046,women_3000sc,2020,https://worldathletics.org/athletes/athlete=14524770
22,10:20.61,,Guangmei WANG,03 APR 1994,CHN,5,,"Shangyu Stadium, Shaoxing (CHN)",18 SEP 2020,1046,women_3000sc,2020,https://worldathletics.org/athletes/athlete=14663882
23,10:23.66,,Komal JAGADALE,26 JAN 1999,IND,1,,Moodbidri (IND),04 JAN 2020,1039,women_3000sc,2020,https://worldathletics.org/athletes/athlete=14740940
24,10:24.27,,Shanshan ZHANG,10 SEP 1999,CHN,6,,"Shangyu Stadium, Shaoxing (CHN)",18 SEP 2020,1037,women_3000sc,2020,https://worldathletics.org/athletes/athlete=14796252
25,10:25.84,,Karin AKAHORI,14 AUG 2000,JPN,6,,"Denka Big Swan Stadium, Niigata (JPN)",11 SEP 2020,1034,women_3000sc,2020,https://worldathletics.org/athletes/athlete=14899742
26,10:26.74,,Harim JO,14 SEP 1996,KOR,1,,Yecheon (KOR),12 JUL 2020,1032,women_3000sc,2020,https://worldathletics.org/athletes/athlete=14532353
27,10:27.03,,Satsuki HORIO,18 JAN 2000,JPN,7,,"Denka Big Swan Stadium, Niigata (JPN)",11 SEP 2020,1031,women_3000sc,2020,https://worldathletics.org/athletes/athlete=14856861
28,10:28.15,,Pengyun FENG,29 OCT 2003,CHN,1,,Shijiazhuang (CHN),28 MAY 2020,1028,women_3000sc,2020,https://worldathletics.org/athletes/athlete=14892676
29,10:29.25,,Qin LI,23 AUG 1994,CHN,7,,"Shangyu Stadium, Shaoxing (CHN)",18 SEP 2020,1026,women_3000sc,2020,https://worldathletics.org/athletes/athlete=14702563
30,10:30.29,,Tingwan TANG,12 DEC 2001,CHN,8,,"Shangyu Stadium, Shaoxing (CHN)",18 SEP 2020,1023,women_3000sc,2020,https://worldathletics.org/athletes/athlete=14811648
31,10:30.49,,Junqiao LI,08 MAR 1996,CHN,9,,"Shangyu Stadium, Shaoxing (CHN)",18 SEP 2020,1023,women_3000sc,2020,https://worldathletics.org/athletes/athlete=14583570
32,10:31.34,,Ayaka KOIKE,09 APR 1993,JPN,13,,"Yanmar Stadium Nagai, Osaka (JPN)",04 DEC 2020,1021,women_3000sc,2020,https://worldathletics.org/athletes/athlete=14545070
33,10:31.53,,Kaori NAKAMOTO,02 JUN 2001,JPN,8,,"Denka Big Swan Stadium, Niigata (JPN)",11 SEP 2020,1020,women_3000sc,2020,https://worldathletics.org/athletes/athlete=14903981
34,10:33.13,,Priyanka KASANA,25 MAR 1999,IND,1,,"Tau Devi Lal Stadium, Panchkula (IND)",05 MAR 2020,1017,women_3000sc,2020,https://worldathletics.org/athletes/athlete=14734722
35,10:35.05,,Miyu HAGIHARA,06 JUL 2004,JPN,1,,"Prefectural Stadium, Kofu (JPN)",23 AUG 2020,1012,women_3000sc,2020,https://worldathletics.org/athletes/japan/miyu-hagihara-14956851
36,10:35.23,,Kana MIURA,20 NOV 1998,JPN,9,,"Denka Big Swan Stadium, Niigata (JPN)",11 SEP 2020,1012,women_3000sc,2020,https://worldathletics.org/athletes/athlete=14806534
37,10:37.99,,Kaede OYA,05 MAR 1994,JPN,1,,"Yashima Rexxam Field, Takamatsu (JPN)",11 OCT 2020,1006,women_3000sc,2020,https://worldathletics.org/athletes/athlete=14545093
38,10:41.35,,Fang LI,02 APR 1997,CHN,1,,Zhengzhou (CHN),07 AUG 2020,998,women_3000sc,2020,https://worldathletics.org/athletes/athlete=14723551
39,10:41.90,,G. MAHESHWARI,18 AUG 2000,IND,2,,"Kalinga Stadium, Bhubaneshwar (IND)",01 MAR 2020,997,women_3000sc,2020,https://worldathletics.org/athletes/athlete=14841056
40,10:42.47,,Lili XU,04 JAN 2000,CHN,1,,Nanjing (CHN),31 MAY 2020,995,women_3000sc,2020,https://worldathletics.org/athletes/athlete=14811646
41,10:42.75,,Yuna TAKAHASHI,28 MAR 1999,JPN,15,,"Yanmar Stadium Nagai, Osaka (JPN)",04 DEC 2020,995,women_3000sc,2020,https://worldathletics.org/athletes/athlete=14728013
42,10:43.16,,Hongmei JIANG,18 AUG 2003,CHN,11,,"Shangyu Stadium, Shaoxing (CHN)",18 SEP 2020,994,women_3000sc,2020,https://worldathletics.org/athletes/athlete=14892641
43,10:44.88,,Soo-ah CHOI,21 NOV 2000,KOR,2,,Yecheon (KOR),12 JUL 2020,990,women_3000sc,2020,https://worldathletics.org/athletes/athlete=14815826
44,10:44.92,,Nanase TANIMOTO,02 JUN 2002,JPN,2,,"Yashima Rexxam Field, Takamatsu (JPN)",11 OCT 2020,990,women_3000sc,2020,https://worldathletics.org/athletes/japan/nanase-tanimoto-14949233
45,10:45.70,,Bour-ha-na NAM,27 JUL 1994,KOR,1,,Yecheon (KOR),28 JUL 2020,988,women_3000sc,2020,https://worldathletics.org/athletes/athlete=14532347
46,10:46.33,,Hee-ju KO,22 OCT 1998,KOR,2,,Yecheon (KOR),28 JUL 2020,986,women_3000sc,2020,https://worldathletics.org/athletes/athlete=14670898
47,10:46.45,,Akari NAKAMURA,30 NOV 2000,JPN,10,,"Denka Big Swan Stadium, Niigata (JPN)",11 SEP 2020,986,women_3000sc,2020,https://worldathletics.org/athletes/athlete=14887763
48,10:47.50,,Hyun-ok LEE,25 SEP 1990,KOR,3,,Yecheon (KOR),12 JUL 2020,984,women_3000sc,2020,https://worldathletics.org/athletes/athlete=14377342
49,10:48.31,,Yuka NOSUE,24 APR 2000,JPN,11,,"Denka Big Swan Stadium, Niigata (JPN)",11 SEP 2020,982,women_3000sc,2020,https://worldathletics.org/athletes/athlete=14841943
50,10:48.88,,Jiali WANG,12 MAY 2001,CHN,12,,"Shangyu Stadium, Shaoxing (CHN)",18 SEP 2020,981,women_3000sc,2020,https://worldathletics.org/athletes/athlete=14913563
51,10:49.66,,Amiru AKIYAMA,22 NOV 1998,JPN,1,,"Denka Big Swan Stadium, Niigata (JPN)",03 NOV 2020,979,women_3000sc,2020,https://worldathletics.org/athletes/athlete=14719673
52,10:51.26,,Sugandha KUMARI,02 AUG 1996,IND,2,,"Tau Devi Lal Stadium, Panchkula (IND)",05 MAR 2020,975,women_3000sc,2020,https://worldathletics.org/athletes/india/sugandha-kumari-14672709
53,10:54.12,,Maina HARA,29 SEP 1999,JPN,12,,"Denka Big Swan Stadium, Niigata (JPN)",11 SEP 2020,969,women_3000sc,2020,https://worldathletics.org/athletes/athlete=14868885
54,10:54.35,,Haruna SATOU,13 DEC 2001,JPN,2,,"Denka Big Swan Stadium, Niigata (JPN)",03 NOV 2020,968,women_3000sc,2020,https://worldathletics.org/athletes/japan/haruna-satou-14951223
55,10:57.11,,Zijia CHEN,17 DEC 2000,CHN,3,,Nanjing (CHN),31 MAY 2020,962,women_3000sc,2020,https://worldathletics.org/athletes/athlete=14857945
56,10:58.17,,Wakana UEMATSU,10 FEB 1998,JPN,1,,"Atsubetsu Park Stadium, Sapporo (JPN)",22 AUG 2020,959,women_3000sc,2020,https://worldathletics.org/athletes/athlete=14930803
57,10:58.67,,Huong NGUYEN THI,10 FEB 1998,VIE,2,,Hanoi (VIE),13 NOV 2020,958,women_3000sc,2020,https://worldathletics.org/athletes/athlete=14498327
58,10:58.89,,Meng LIU,20 MAR 1995,CHN,2,,Nanjing (CHN),30 APR 2020,958,women_3000sc,2020,https://worldathletics.org/athletes/athlete=14502092
59,10:59.05,,Yuanhua XU,16 JUN 2000,CHN,3,,Zhengzhou (CHN),07 AUG 2020,958,women_3000sc,2020,https://worldathletics.org/athletes/athlete=14839843
60,10:59.16,,Ayano MORISAKI,06 JUL 2000,JPN,13,,"Denka Big Swan Stadium, Niigata (JPN)",11 SEP 2020,957,women_3000sc,2020,https://worldathletics.org/athletes/athlete=14887765
61,10:59.27,,Da-eun KANG,29 JUN 1995,KOR,4,,Yecheon (KOR),12 JUL 2020,957,women_3000sc,2020,https://worldathletics.org/athletes/athlete=14432128
62,11:00.35,,Chao-Chun CHEN,15 AUG 1992,TPE,1,,New Taipei City (TPE),05 DEC 2020,955,women_3000sc,2020,https://worldathletics.org/athletes/athlete=14377890
63,11:02.69,,Sa-hin SHIN,23 APR 1992,KOR,4,,Yecheon (KOR),28 JUL 2020,949,women_3000sc,2020,https://worldathletics.org/athletes/athlete=14334608
64,11:03.25,,Jyoti CHAVHAN,05 AUG 1995,IND,3,,Moodbidri (IND),04 JAN 2020,948,women_3000sc,2020,https://worldathletics.org/athletes/athlete=14681234
65,11:03.52,,Misato KUBOKURA,19 FEB 1996,JPN,2,,"Komazawa Olympic Park Athletic Stadium, Tokyo (JPN)",24 JUL 2020,947,women_3000sc,2020,https://worldathletics.org/athletes/athlete=14740342
66,11:04.03,,Yumena KIRIKURI,18 SEP 2002,JPN,2,,"Yanmar Stadium Nagai, Osaka (JPN)",24 JUL 2020,946,women_3000sc,2020,https://worldathletics.org/athletes/athlete=14916736
67,11:07.13,,Rina TSUCHIYA,12 JUN 2000,JPN,14,,"Denka Big Swan Stadium, Niigata (JPN)",11 SEP 2020,939,women_3000sc,2020,https://worldathletics.org/athletes/athlete=14825126
68,11:10.71,,Su-in CHOI,03 JAN 2003,KOR,1,,Yecheon (KOR),27 JUL 2020,931,women_3000sc,2020,https://worldathletics.org/athletes/athlete=14843866
69,11:10.91,,Eun-mi KIM,25 JUL 1992,KOR,5,,Yecheon (KOR),12 JUL 2020,931,women_3000sc,2020,https://worldathletics.org/athletes/athlete=14429253
70,11:11.23,,Saya KANO,05 APR 1998,JPN,2,,"Gion Stadium, Sagamihara (JPN)",11 OCT 2020,930,women_3000sc,2020,https://worldathletics.org/athletes/athlete=14853624
71,11:12.24,,Yu Soe HNIN,24 AUG 1997,MYA,1,,Naypiydaw (MYA),15 FEB 2020,928,women_3000sc,2020,https://worldathletics.org/athletes/athlete=14646801
72,11:12.95,,Shaili DHAMA,10 FEB 1999,IND,4,,Moodbidri (IND),04 JAN 2020,926,women_3000sc,2020,https://worldathletics.org/athletes/athlete=14925544
73,11:13.07,,Chun-Chih CHENG,17 JUL 2001,TPE,1,,Kaohsiung (TPE),03 NOV 2020,926,women_3000sc,2020,https://worldathletics.org/athletes/athlete=14791191
74,11:13.25,,Miki OBATA,04 OCT 1998,JPN,3,,"Gion Stadium, Sagamihara (JPN)",11 OCT 2020,926,women_3000sc,2020,https://worldathletics.org/athletes/athlete=14853673
75,11:13.35,,H.K.I.T. UDAYAKUMARI,,SRI,2,,Colombo (SRI),26 DEC 2020,926,women_3000sc,2020,https://worldathletics.org/athletes/athlete=14800218
76,11:14.70,,Cheryl CHAN XUE ROU,20 SEP 1995,SGP,1,,"SOPAC, Sydney (AUS)",08 MAR 2020,923,women_3000sc,2020,https://worldathletics.org/athletes/athlete=14705953
77,11:15.62,,Chia-Yun WU,22 APR 2004,TPE,2,,New Taipei City (TPE),05 DEC 2020,921,women_3000sc,2020,https://worldathletics.org/athletes/athlete=14902592
78,11:16.63,,Ting-Yu LI,20 AUG 1994,TPE,2,,Kaohsiung (TPE),03 NOV 2020,918,women_3000sc,2020,https://worldathletics.org/athletes/athlete=14422402
79,11:17.16,,Emiri LEBRAS,17 NOV 2004,JPN,2,,"Prefectural Stadium, Kofu (JPN)",23 AUG 2020,917,women_3000sc,2020,https://worldathletics.org/athletes/japan/emiri-lebras-14962529
80,11:17.43,,Hsin-Jung LI,21 JAN 2001,TPE,1,,Taipei City (TPE),19 SEP 2020,917,women_3000sc,2020,https://worldathletics.org/athletes/athlete=14791490
81,11:17.70,,Riko TANAKA,08 NOV 2002,JPN,1,,"Hitomebore Stadium, Miyagi (JPN)",23 AUG 2020,916,women_3000sc,2020,https://worldathletics.org/athletes/japan/riko-tanaka-14950553
82,11:18.65,,Preeti CHOUDHARY,,IND,3,,"Tau Devi Lal Stadium, Panchkula (IND)",05 MAR 2020,914,women_3000sc,2020,https://worldathletics.org/athletes/athlete=14823004
83,11:18.68,,Hyun-jeong LEE,11 JAN 2001,KOR,6,,Jeongseon (KOR),25 JUN 2020,914,women_3000sc,2020,https://worldathletics.org/athletes/athlete=14852482
84,11:18.90,,Miu OGURA,27 OCT 1999,JPN,2,,"Nagai Stadium No. 2, Osaka (JPN)",04 SEP 2020,913,women_3000sc,2020,https://worldathletics.org/athletes/japan/miu-ogura-14961365
85,11:19.21,,Rizuna YAJI,10 DEC 2000,JPN,4,,"Gion Stadium, Sagamihara (JPN)",11 OCT 2020,913,women_3000sc,2020,https://worldathletics.org/athletes/athlete=14902696
86,11:19.67,,Se-jung LEE,07 MAY 1989,KOR,6,,Yecheon (KOR),28 JUL 2020,912,women_3000sc,2020,https://worldathletics.org/athletes/athlete=14334386
87,11:20.01,,Fatemeh NASR,21 AUG 1985,IRI,1,,Tehran (IRI),04 OCT 2020,911,women_3000sc,2020,https://worldathletics.org/athletes/islamic-republic-of-iran/fatemeh-nasr-14953580
88,11:20.89,,Konomi KITO,07 SEP 2002,JPN,3,,"Prefectural Stadium, Kofu (JPN)",23 AUG 2020,909,women_3000sc,2020,https://worldathletics.org/athletes/athlete=14868989
89,11:22.59,,Shino WATARAI,13 JUN 2000,JPN,5,,"Gion Stadium, Sagamihara (JPN)",11 OCT 2020,905,women_3000sc,2020,https://worldathletics.org/athletes/athlete=14902695
90,11:22.62,,Xiaoqing ZHAO,18 APR 2003,CHN,3,,Shijiazhuang (CHN),28 MAY 2020,905,women_3000sc,2020,https://worldathletics.org/athletes/athlete=14913614
91,11:22.64,,Moka OUCHI,07 OCT 1999,JPN,15,,"Denka Big Swan Stadium, Niigata (JPN)",11 SEP 2020,905,women_3000sc,2020,https://worldathletics.org/athletes/athlete=14858501
92,11:22.79,,Mai MORITA,07 NOV 1998,JPN,1,,"Nagai Stadium No. 2, Osaka (JPN)",23 OCT 2020,905,women_3000sc,2020,https://worldathletics.org/athletes/japan/mai-morita-14964743
93,11:22.86,,Miu SAITO,22 JUN 2002,JPN,1f1,,"Kusanagi Athletic Stadium, Shizuoka (JPN)",01 AUG 2020,905,women_3000sc,2020,https://worldathletics.org/athletes/athlete=14931241
94,11:23.56,,Fatemeh SHADKAM,,IRI,2,,Tehran (IRI),04 OCT 2020,903,women_3000sc,2020,https://worldathletics.org/athletes/athlete=14860233
95,11:25.13,,Tamaki HOMMA,23 AUG 2000,JPN,6,,"Gion Stadium, Sagamihara (JPN)",11 OCT 2020,900,women_3000sc,2020,https://worldathletics.org/athletes/athlete=14900302
96,11:25.26,,Angel JAMES,14 MAR 1996,IND,4,,"Tau Devi Lal Stadium, Panchkula (IND)",05 MAR 2020,899,women_3000sc,2020,https://worldathletics.org/athletes/athlete=14714268
97,11:25.89,,Marika NAKAMURA,04 NOV 1998,JPN,2,,"Nagai Stadium No. 2, Osaka (JPN)",23 OCT 2020,898,women_3000sc,2020,https://worldathletics.org/athletes/athlete=14909079
98,11:26.56,,Kaho ONISHI,20 JUL 2000,JPN,7,,"Gion Stadium, Sagamihara (JPN)",11 OCT 2020,897,women_3000sc,2020,https://worldathletics.org/athletes/athlete=14868880
99,11:28.17,,Rina IIMURA,04 FEB 2000,JPN,8,,"Gion Stadium, Sagamihara (JPN)",11 OCT 2020,893,women_3000sc,2020,https://worldathletics.org/athletes/athlete=14853685
100,11:28.42,,Kyoka OSAMI,12 OCT 2000,JPN,1,,"Nagaragawa Stadium, Gifu (JPN)",23 JUL 2020,893,women_3000sc,2020,https://worldathletics.org/athletes/athlete=14899702
101,11:29.65,,K. SWETHA,24 JUL 1998,IND,5,,Moodbidri (IND),04 JAN 2020,890,women_3000sc,2020,https://worldathletics.org/athletes/athlete=14907734
102,11:30.04,,Hsin-Hui LIU,09 SEP 2003,TPE,2,,Taitung (TPE),08 NOV 2020,889,women_3000sc,2020,https://worldathletics.org/athletes/chinese-taipei/hsin-hui-liu-14954157
103,11:30.26,,Sayuka CHIBA,22 MAR 2000,JPN,1,,"Athletic Field, Kitakami (JPN)",18 OCT 2020,889,women_3000sc,2020,https://worldathletics.org/athletes/athlete=14858502
104,11:32.45,,Arina KASHIBA,15 JUN 1998,JPN,3,,"Nagai Stadium No. 2, Osaka (JPN)",23 OCT 2020,884,women_3000sc,2020,https://worldathletics.org/athletes/athlete=14899048
105,11:32.79,,Mirei SUGAI,25 APR 1999,JPN,1f1,,"Koshin Gom Athlete Park, Sendai (JPN)",09 AUG 2020,883,women_3000sc,2020,https://worldathletics.org/athletes/athlete=14849060
106,11:36.01,,Rutuja SHENDE,28 NOV 1999,IND,4,,"Kalinga Stadium, Bhubaneshwar (IND)",01 MAR 2020,876,women_3000sc,2020,https://worldathletics.org/athletes/athlete=14768650
107,11:36.02,,H.W.N. KUMARI,,SRI,3,,Colombo (SRI),26 DEC 2020,876,women_3000sc,2020,https://worldathletics.org/athletes/athlete=14433100
108,11:37.84,,Kana ASAHI,15 OCT 1996,JPN,1,,"Prefectural Stadium, Marugame (JPN)",03 OCT 2020,872,women_3000sc,2020,https://worldathletics.org/athletes/athlete=14911737
109,11:38.12,,Thida OO,,MYA,2,,Naypiydaw (MYA),15 FEB 2020,872,women_3000sc,2020,https://worldathletics.org/athletes/myanmar/thida-oo-14943535
110,11:38.57,,Thi Lan LE,16 MAY 1999,VIE,3,,Hanoi (VIE),13 NOV 2020,871,women_3000sc,2020,https://worldathletics.org/athletes/athlete=14760119
111,11:38.73,,Minori HAYAKARI,29 NOV 1972,JPN,5,,"Komazawa Olympic Park Athletic Stadium, Tokyo (JPN)",24 JUL 2020,870,women_3000sc,2020,https://worldathletics.org/athletes/athlete=14286330
112,11:39.84,,Wan-Chien HUANG,16 MAY 2002,TPE,2,,Taipei City (TPE),15 FEB 2020,868,women_3000sc,2020,https://worldathletics.org/athletes/athlete=14887404
113,11:39.92,,Chi-Yun CHIANG,1998,TPE,4,,Kaohsiung (TPE),03 NOV 2020,868,women_3000sc,2020,https://worldathletics.org/athletes/chinese-taipei/chi-yun-chiang-14815950
1,9:02.64,,Winfred YAVI,31 DEC 1999,BRN,3,,"Suhaim bin Hamad Stadium, Doha (QAT)",28 MAY 2021,1238,women_3000sc,2021,https://worldathletics.org/athletes/athlete=14695622
2,9:20.32,,Xinyan ZHANG,09 FEB 1994,CHN,1,,Shaoxing (CHN),08 APR 2021,1193,women_3000sc,2021,https://worldathletics.org/athletes/athlete=14488655
3,9:30.39,,Shuangshuang XU,06 APR 1996,CHN,1,,"Shangyu Stadium, Shaoxing (CHN)",13 JUN 2021,1168,women_3000sc,2021,https://worldathletics.org/athletes/athlete=14534952
4,9:41.36,,Xia LUO,10 MAY 2000,CHN,3,,Xi'an (CHN),25 SEP 2021,1140,women_3000sc,2021,https://worldathletics.org/athletes/athlete=14892675
5,9:41.43,,Reimi YOSHIMURA,22 APR 2000,JPN,1,,"Prefectural Stadium, Kumagaya (JPN)",19 SEP 2021,1140,women_3000sc,2021,https://worldathletics.org/athletes/athlete=14819348
6,9:41.84,,Yuno YAMANAKA,25 DEC 2000,JPN,1,,"Yanmar Stadium Nagai, Osaka (JPN)",26 JUN 2021,1139,women_3000sc,2021,https://worldathletics.org/athletes/athlete=14909558
7,9:46.44,,Yui YABUTA,04 MAR 1996,JPN,3,,"Yanmar Stadium Nagai, Osaka (JPN)",26 JUN 2021,1128,women_3000sc,2021,https://worldathletics.org/athletes/athlete=14735736
8,9:50.67,,Chikako MORI,25 NOV 1992,JPN,1f,,"Prefectural Stadium, Kumagaya (JPN)",16 MAY 2021,1118,women_3000sc,2021,https://worldathletics.org/athletes/athlete=14427119
9,9:51.01,,Parul CHAUDHARY,15 APR 1995,IND,1,,"Stadium Hanamkonda, Warangal (IND)",17 SEP 2021,1117,women_3000sc,2021,https://worldathletics.org/athletes/athlete=14497992
10,9:51.03,,Komal JAGADALE,26 JAN 1999,IND,2,,"Stadium Hanamkonda, Warangal (IND)",17 SEP 2021,1117,women_3000sc,2021,https://worldathletics.org/athletes/athlete=14740940
11,9:53.96,,Nilani RATHNAYAKA,08 AUG 1990,SRI,1,,"Sugathadasa Stadium, Colombo (SRI)",21 MAY 2021,1110,women_3000sc,2021,https://worldathletics.org/athletes/athlete=14383787
12,9:55.21,,Jinlian TAN,15 MAR 2000,CHN,4,,Xi'an (CHN),25 SEP 2021,1107,women_3000sc,2021,https://worldathletics.org/athletes/athlete=14752713
13,9:59.36,,Xiaoqian ZHONG,24 OCT 1997,CHN,5,,Xi'an (CHN),25 SEP 2021,1097,women_3000sc,2021,https://worldathletics.org/athletes/athlete=14702473
14,10:02.39,,Yukari ISHIZAWA,16 APR 1988,JPN,5,,"Yanmar Stadium Nagai, Osaka (JPN)",26 JUN 2021,1089,women_3000sc,2021,https://worldathletics.org/athletes/athlete=14446352
15,10:03.98,,Nana SATO,24 SEP 1989,JPN,6,,"Yanmar Stadium Nagai, Osaka (JPN)",26 JUN 2021,1086,women_3000sc,2021,https://worldathletics.org/athletes/athlete=14545076
16,10:04.90,,Soyoka SEGAWA,28 JUL 1994,JPN,7,,"National Stadium, Tokyo (JPN)",09 MAY 2021,1083,women_3000sc,2021,https://worldathletics.org/athletes/athlete=14646742
17,10:05.33,,Yuki AKIYAMA,26 AUG 1998,JPN,7,,"Yanmar Stadium Nagai, Osaka (JPN)",26 JUN 2021,1082,women_3000sc,2021,https://worldathletics.org/athletes/athlete=14809493
17,10:05.33,,Yukika MIYAUCHI,27 FEB 2002,JPN,2,,"Prefectural Stadium, Kumagaya (JPN)",19 SEP 2021,1082,women_3000sc,2021,https://worldathletics.org/athletes/athlete=14855600
19,10:07.69,,Yumi YOSHIKAWA,31 OCT 1990,JPN,8,,"Yanmar Stadium Nagai, Osaka (JPN)",26 JUN 2021,1077,women_3000sc,2021,https://worldathletics.org/athletes/athlete=14522388
20,10:08.30,,Yuzu NISHIDE,25 JAN 2000,JPN,1,,"Lemon Gas Stadium, Hiratsuka (JPN)",06 JUN 2021,1075,women_3000sc,2021,https://worldathletics.org/athletes/athlete=14858472
21,10:08.51,,Manami NISHIYAMA,09 DEC 1999,JPN,9,,"Yanmar Stadium Nagai, Osaka (JPN)",26 JUN 2021,1075,women_3000sc,2021,https://worldathletics.org/athletes/athlete=14733877
22,10:08.78,,Shanshan ZHANG,10 SEP 1999,CHN,1f1,,Chongqing (CHN),24 JUN 2021,1074,women_3000sc,2021,https://worldathletics.org/athletes/athlete=14796252
23,10:09.68,,Ayaka KOIKE,09 APR 1993,JPN,2,,"Yanmar Stadium Nagai, Osaka (JPN)",25 SEP 2021,1072,women_3000sc,2021,https://worldathletics.org/athletes/athlete=14545070
24,10:09.98,,Satsuki HORIO,18 JAN 2000,JPN,10,,"Yanmar Stadium Nagai, Osaka (JPN)",26 JUN 2021,1071,women_3000sc,2021,https://worldathletics.org/athletes/athlete=14856861
25,10:10.62,,Kaede OYA,05 MAR 1994,JPN,3,,"Yanmar Stadium Nagai, Osaka (JPN)",25 SEP 2021,1070,women_3000sc,2021,https://worldathletics.org/athletes/athlete=14545093
26,10:11.79,,Akari NAKAMURA,30 NOV 2000,JPN,5,,"Prefectural Stadium, Kumagaya (JPN)",19 SEP 2021,1067,women_3000sc,2021,https://worldathletics.org/athletes/athlete=14887763
27,10:11.80,,Nanase TANIMOTO,02 JUN 2002,JPN,6,,"Prefectural Stadium, Kumagaya (JPN)",19 SEP 2021,1067,women_3000sc,2021,https://worldathletics.org/athletes/japan/nanase-tanimoto-14949233
28,10:12.87,,Thi Oanh NGUYEN,15 AUG 1995,VIE,1,,Hanoi (VIE),12 DEC 2021,1064,women_3000sc,2021,https://worldathletics.org/athletes/athlete=14524770
29,10:13.54,,Karin AKAHORI,14 AUG 2000,JPN,7,,"Prefectural Stadium, Kumagaya (JPN)",19 SEP 2021,1063,women_3000sc,2021,https://worldathletics.org/athletes/athlete=14899742
30,10:14.52,,Preeti TOMAR,,IND,2,,Lucknow (IND),20 AUG 2021,1060,women_3000sc,2021,https://worldathletics.org/athletes/india/preeti-tomar-14995339
31,10:14.57,,Yuanfeng LI,21 OCT 1996,CHN,7,,Xi'an (CHN),25 SEP 2021,1060,women_3000sc,2021,https://worldathletics.org/athletes/athlete=14585467
32,10:15.25,,Saki KATAGIHARA,12 NOV 2001,JPN,1,,"University Stadium, Tsukuba (JPN)",20 AUG 2021,1059,women_3000sc,2021,https://worldathletics.org/athletes/athlete=14815083
33,10:16.07,,Xiaojuan KE,03 JAN 1999,CHN,8,,Xi'an (CHN),25 SEP 2021,1057,women_3000sc,2021,https://worldathletics.org/athletes/athlete=14714406
34,10:16.30,,Li BAI,30 MAR 1996,CHN,9,,Xi'an (CHN),25 SEP 2021,1056,women_3000sc,2021,https://worldathletics.org/athletes/athlete=14702490
35,10:16.57,,Hongmei JIANG,18 AUG 2003,CHN,3f2,,Chongqing (CHN),24 JUN 2021,1056,women_3000sc,2021,https://worldathletics.org/athletes/athlete=14892641
36,10:16.72,,Tingwan TANG,12 DEC 2001,CHN,10,,Xi'an (CHN),25 SEP 2021,1055,women_3000sc,2021,https://worldathletics.org/athletes/athlete=14811648
37,10:17.16,,Mika OKIMURA,22 AUG 1997,JPN,4,,"Yanmar Stadium Nagai, Osaka (JPN)",25 SEP 2021,1054,women_3000sc,2021,https://worldathletics.org/athletes/athlete=14809492
38,10:20.38,,. CINTHA,26 MAR 1993,IND,3,,Lucknow (IND),20 AUG 2021,1047,women_3000sc,2021,https://worldathletics.org/athletes/athlete=14522520
39,10:21.79,,Ayano IKEUCHI,29 OCT 1994,JPN,1,,"Nagaragawa Stadium, Gifu (JPN)",15 MAY 2021,1043,women_3000sc,2021,https://worldathletics.org/athletes/athlete=14441906
40,10:22.17,,Pengyun FENG,29 OCT 2003,CHN,3f1,,Chongqing (CHN),24 JUN 2021,1042,women_3000sc,2021,https://worldathletics.org/athletes/athlete=14892676
41,10:22.27,,Yumeng QIAO,21 AUG 2001,CHN,1,,Chengdu (CHN),15 MAY 2021,1042,women_3000sc,2021,https://worldathletics.org/athletes/athlete=14840768
42,10:22.45,,PRITI,18 DEC 1995,IND,3,,"Stadium Hanamkonda, Warangal (IND)",17 SEP 2021,1042,women_3000sc,2021,https://worldathletics.org/athletes/athlete=14498000
43,10:24.02,,Harim JO,14 SEP 1996,KOR,1,,Iksan (KOR),16 JUN 2021,1038,women_3000sc,2021,https://worldathletics.org/athletes/athlete=14532353
44,10:24.60,,Xin HUANG,27 JAN 1999,CHN,5f2,,Chongqing (CHN),24 JUN 2021,1037,women_3000sc,2021,https://worldathletics.org/athletes/athlete=14788593
45,10:25.06,,Jiali WANG,12 MAY 2001,CHN,5f1,,Chongqing (CHN),24 JUN 2021,1036,women_3000sc,2021,https://worldathletics.org/athletes/athlete=14913563
46,10:25.17,,Fang LI,02 APR 1997,CHN,6f1,,Chongqing (CHN),24 JUN 2021,1035,women_3000sc,2021,https://worldathletics.org/athletes/athlete=14723551
47,10:25.27,,Bour-ha-na NAM,27 JUL 1994,KOR,2,,Iksan (KOR),16 JUN 2021,1035,women_3000sc,2021,https://worldathletics.org/athletes/athlete=14532347
48,10:25.48,,Natsuki KASAHARA,04 JUL 2001,JPN,4,,"Lemon Gas Stadium, Hiratsuka (JPN)",06 JUN 2021,1035,women_3000sc,2021,https://worldathletics.org/athletes/japan/natsuki-kasahara-14951726
49,10:25.50,,Helena May LINDSAY,,JPN,1,,"UVA Lanningan Field, Charlottesville, VA (USA)",03 APR 2021,1035,women_3000sc,2021,https://worldathletics.org/athletes/athlete=14841945
50,10:29.09,,Wanhua TIAN,24 FEB 1999,CHN,1,,Xi'an (CHN),28 APR 2021,1026,women_3000sc,2021,https://worldathletics.org/athletes/athlete=14702493
51,10:30.07,,Junqiao LI,08 MAR 1996,CHN,3,,Zaozhuang (CHN),27 APR 2021,1024,women_3000sc,2021,https://worldathletics.org/athletes/athlete=14583570
52,10:31.92,,Panpan WANG,17 JUN 2003,CHN,7f2,,Chongqing (CHN),24 JUN 2021,1020,women_3000sc,2021,https://worldathletics.org/athletes/athlete=14885772
53,10:32.03,,Rio INOHA,28 JAN 2002,JPN,3,,"Gion Stadium, Sagamihara (JPN)",23 MAY 2021,1019,women_3000sc,2021,https://worldathletics.org/athletes/japan/rio-inoha-14965778
54,10:32.10,,Yangchun LU,26 DEC 1993,CHN,8f1,,Chongqing (CHN),24 JUN 2021,1019,women_3000sc,2021,https://worldathletics.org/athletes/athlete=14546531
55,10:32.64,,Renxiang LI,18 MAY 2000,CHN,8f2,,Chongqing (CHN),24 JUN 2021,1018,women_3000sc,2021,https://worldathletics.org/athletes/athlete=14839842
56,10:33.40,,Hana INOUE,10 SEP 1999,JPN,7,,"Lemon Gas Stadium, Hiratsuka (JPN)",06 JUN 2021,1016,women_3000sc,2021,https://worldathletics.org/athletes/athlete=14851955
57,10:34.20,,Yukina HONJO,18 MAY 2000,JPN,2,,"University Stadium, Tsukuba (JPN)",20 AUG 2021,1014,women_3000sc,2021,https://worldathletics.org/athletes/athlete=14916740
58,10:35.52,,Miu OGURA,27 OCT 1999,JPN,11,,"Prefectural Stadium, Kumagaya (JPN)",19 SEP 2021,1011,women_3000sc,2021,https://worldathletics.org/athletes/japan/miu-ogura-14961365
59,10:37.45,,Qin LI,23 AUG 1994,CHN,2,,Zibo (CHN),17 APR 2021,1007,women_3000sc,2021,https://worldathletics.org/athletes/athlete=14702563
60,10:37.54,,Maina HARA,29 SEP 1999,JPN,13,,"Prefectural Stadium, Kumagaya (JPN)",19 SEP 2021,1007,women_3000sc,2021,https://worldathletics.org/athletes/athlete=14868885
61,10:37.71,,Chhavi YADAV,15 AUG 1992,IND,4,,"Stadium Hanamkonda, Warangal (IND)",17 SEP 2021,1006,women_3000sc,2021,https://worldathletics.org/athletes/athlete=14681243
62,10:38.04,,Dian EKAYANTI,,INA,1,,"Mimika Sport Complex, Timika (INA)",14 OCT 2021,1005,women_3000sc,2021,https://worldathletics.org/athletes/athlete=14843888
63,10:40.40,,Honghua LUO,19 JUN 2001,CHN,5,,Zaozhuang (CHN),27 APR 2021,1000,women_3000sc,2021,https://worldathletics.org/athletes/athlete=14857404
64,10:40.98,,Rina TAKEDA,08 AUG 2004,JPN,2,,"Koshin Gom Athlete Park, Sendai (JPN)",12 JUL 2021,999,women_3000sc,2021,https://worldathletics.org/athletes/japan/rina-takeda-14950557
65,10:41.43,,Guangmei WANG,03 APR 1994,CHN,10f1,,Chongqing (CHN),24 JUN 2021,998,women_3000sc,2021,https://worldathletics.org/athletes/athlete=14663882
66,10:42.10,,Naho KADOWAKI,03 OCT 2002,JPN,2,,"Yanmar Stadium Nagai, Osaka (JPN)",26 JUN 2021,996,women_3000sc,2021,https://worldathletics.org/athletes/athlete=14899756
67,10:42.34,,Minori HAYAKARI,29 NOV 1972,JPN,5f2,,"Griswold Stadium, Portland, OR (USA)",28 MAY 2021,995,women_3000sc,2021,https://worldathletics.org/athletes/athlete=14286330
68,10:43.15,,Huong NGUYEN THI,10 FEB 1998,VIE,2,,Hanoi (VIE),12 DEC 2021,994,women_3000sc,2021,https://worldathletics.org/athletes/athlete=14498327
69,10:43.57,,Chao-Chun CHEN,15 AUG 1992,TPE,1,,New Taipei City (TPE),19 OCT 2021,993,women_3000sc,2021,https://worldathletics.org/athletes/athlete=14377890
70,10:44.18,,Buerlieni MULATIBIEKE,01 DEC 2003,CHN,3,,Rizhao (CHN),20 MAY 2021,991,women_3000sc,2021,https://worldathletics.org/athletes/pr-of-china/buerlieni-mulatibieke-14974427
71,10:45.95,,Da-eun KANG,29 JUN 1995,KOR,2,,Goseong (KOR),07 JUL 2021,987,women_3000sc,2021,https://worldathletics.org/athletes/athlete=14432128
72,10:46.13,,Suzuna HIYOSHI,02 NOV 2000,JPN,10,,"Lemon Gas Stadium, Hiratsuka (JPN)",06 JUN 2021,987,women_3000sc,2021,https://worldathletics.org/athletes/athlete=14855582
73,10:46.21,,Ami OTSUKA,06 NOV 2002,JPN,3,,"Yanmar Stadium Nagai, Osaka (JPN)",26 JUN 2021,987,women_3000sc,2021,https://worldathletics.org/athletes/athlete=14860669
74,10:46.34,,Jiahui CHEN,28 JAN 2003,CHN,4,,Rizhao (CHN),20 MAY 2021,986,women_3000sc,2021,https://worldathletics.org/athletes/athlete=14893316
75,10:46.53,,Mao KOMOTO,29 DEC 1999,JPN,11,,"Lemon Gas Stadium, Hiratsuka (JPN)",06 JUN 2021,986,women_3000sc,2021,https://worldathletics.org/athletes/athlete=14781859
76,10:47.18,,Kajal SHARMA,03 SEP 2001,IND,2,,"JLN Stadium, New Delhi (IND)",29 SEP 2021,984,women_3000sc,2021,https://worldathletics.org/athletes/athlete=14792589
77,10:47.83,,Meng LIU,20 MAR 1995,CHN,4,,Shaoxing (CHN),08 APR 2021,983,women_3000sc,2021,https://worldathletics.org/athletes/athlete=14502092
78,10:49.42,,Mio FUDABA,17 APR 2003,JPN,4,,"Yanmar Stadium Nagai, Osaka (JPN)",26 JUN 2021,979,women_3000sc,2021,https://worldathletics.org/athletes/athlete=14868906
79,10:49.46,,Ayano TAGUCHI,19 OCT 1999,JPN,15,,"Prefectural Stadium, Kumagaya (JPN)",19 SEP 2021,979,women_3000sc,2021,https://worldathletics.org/athletes/athlete=14853672
80,10:49.49,,Ayano MORISAKI,06 JUL 2000,JPN,2,,"Nagai Stadium No. 2, Osaka (JPN)",07 APR 2021,979,women_3000sc,2021,https://worldathletics.org/athletes/athlete=14887765
81,10:49.53,,Hee-ju KO,22 OCT 1998,KOR,3,,Goseong (KOR),07 JUL 2021,979,women_3000sc,2021,https://worldathletics.org/athletes/athlete=14670898
82,10:50.03,,Lili XU,04 JAN 2000,CHN,5,,Shaoxing (CHN),08 APR 2021,978,women_3000sc,2021,https://worldathletics.org/athletes/athlete=14811646
83,10:50.10,,Le Thi THANH,20 FEB 2005,VIE,3,,Hanoi (VIE),12 DEC 2021,978,women_3000sc,2021,https://worldathletics.org/athletes/vietnam/le-thi-thanh-15009009
84,10:50.42,,Rebi PAI,12 DEC 2001,IND,3,,"JLN Stadium, New Delhi (IND)",29 SEP 2021,977,women_3000sc,2021,https://worldathletics.org/athletes/athlete=14861998
85,10:50.46,,Yuna FUJIWARA,25 JAN 2003,JPN,13,,"Lemon Gas Stadium, Hiratsuka (JPN)",06 JUN 2021,977,women_3000sc,2021,https://worldathletics.org/athletes/athlete=14915507
86,10:50.59,,. FITRI,1997,INA,2,,"Mimika Sport Complex, Timika (INA)",14 OCT 2021,977,women_3000sc,2021,https://worldathletics.org/athletes/athlete=14765278
87,10:51.70,,Shoko TSUJITA,29 NOV 2000,JPN,14,,"Lemon Gas Stadium, Hiratsuka (JPN)",06 JUN 2021,974,women_3000sc,2021,https://worldathletics.org/athletes/athlete=14780838
88,10:52.72,,Misato KUBOKURA,19 FEB 1996,JPN,2f,,"Prefectural Stadium, Kumagaya (JPN)",16 MAY 2021,972,women_3000sc,2021,https://worldathletics.org/athletes/athlete=14740342
89,10:55.83,,Afriana PAIJO,04 JAN 1992,INA,3,,"Mimika Sport Complex, Timika (INA)",14 OCT 2021,965,women_3000sc,2021,https://worldathletics.org/athletes/athlete=14427121
90,10:56.06,,Lele XU,28 AUG 2002,CHN,5,,Rizhao (CHN),20 MAY 2021,964,women_3000sc,2021,https://worldathletics.org/athletes/athlete=14893335
91,10:56.49,,Vaishnavi SAWANT,28 MAR 2001,IND,4,,"JLN Stadium, New Delhi (IND)",29 SEP 2021,963,women_3000sc,2021,https://worldathletics.org/athletes/athlete=14910117
92,10:56.94,,Wenyue DAI,02 MAR 2001,CHN,6,,Rizhao (CHN),20 MAY 2021,962,women_3000sc,2021,https://worldathletics.org/athletes/athlete=14811658
93,10:57.18,,Soo-ah CHOI,21 NOV 2000,KOR,4,,Goseong (KOR),07 JUL 2021,962,women_3000sc,2021,https://worldathletics.org/athletes/athlete=14815826
94,10:57.53,,Nanoha UTSUMI,23 APR 2003,JPN,3,,"Koshin Gom Athlete Park, Sendai (JPN)",12 JUL 2021,961,women_3000sc,2021,https://worldathletics.org/athletes/japan/nanoha-utsumi-14950554
95,10:58.11,,H.W.N. KUMARI,,SRI,2,,"Sugathadasa Stadium, Colombo (SRI)",21 MAY 2021,960,women_3000sc,2021,https://worldathletics.org/athletes/athlete=14433100
96,10:58.84,,Sa-hin SHIN,23 APR 1992,KOR,3,,Iksan (KOR),16 JUN 2021,958,women_3000sc,2021,https://worldathletics.org/athletes/athlete=14334608
97,10:59.28,,Tomoka MURA,14 FEB 2002,JPN,16,,"Lemon Gas Stadium, Hiratsuka (JPN)",06 JUN 2021,957,women_3000sc,2021,https://worldathletics.org/athletes/japan/tomoka-mura-14962522
98,10:59.55,,Zijia CHEN,17 DEC 2000,CHN,6,,Shaoxing (CHN),08 APR 2021,956,women_3000sc,2021,https://worldathletics.org/athletes/athlete=14857945
99,10:59.71,,Nanako WAKASA,15 MAR 2005,JPN,1,,"Prefectural Tendai Stadium, Chiba (JPN)",03 JUL 2021,956,women_3000sc,2021,https://worldathletics.org/athletes/japan/nanako-wakasa-14950422
100,11:00.04,,Momoa YAMADA,13 MAY 2001,JPN,1,,"Prefectural Stadium, Kumagaya (JPN)",26 JUN 2021,955,women_3000sc,2021,https://worldathletics.org/athletes/japan/momoa-yamada-14985780
101,11:00.47,,Thi Thu Ha HO,16 JAN 2004,VIE,4,,Hanoi (VIE),12 DEC 2021,954,women_3000sc,2021,https://worldathletics.org/athletes/vietnam/thi-thu-ha-ho-14956304
102,11:00.54,,Mizuki HOSHI,11 AUG 2003,JPN,1,,"ND Soft Stadium, Tendo (JPN)",10 JUL 2021,954,women_3000sc,2021,https://worldathletics.org/athletes/japan/mizuki-hoshi-14957935
103,11:01.64,,Asahi SHIRAKAWA,28 SEP 2005,JPN,3,,"Yanmar Stadium Nagai, Osaka (JPN)",17 JUL 2021,952,women_3000sc,2021,https://worldathletics.org/athletes/athlete=14919445
104,11:01.98,,Sayuka CHIBA,22 MAR 2000,JPN,4,,"Koshin Gom Athlete Park, Sendai (JPN)",12 JUL 2021,951,women_3000sc,2021,https://worldathletics.org/athletes/athlete=14858502
105,11:02.73,,Chun-Chih CHENG,17 JUL 2001,TPE,2,,New Taipei City (TPE),19 OCT 2021,949,women_3000sc,2021,https://worldathletics.org/athletes/athlete=14791191
106,11:02.84,,Siqin DAI,26 MAR 2005,CHN,7,,Shaoxing (CHN),08 APR 2021,949,women_3000sc,2021,https://worldathletics.org/athletes/pr-of-china/siqin-dai-14977638
107,11:03.31,,A.N.L. ARIYADASA,29 OCT 1992,SRI,3,,"Sugathadasa Stadium, Colombo (SRI)",21 MAY 2021,948,women_3000sc,2021,https://worldathletics.org/athletes/sri-lanka/anl-ariyadasa-014966393
108,11:03.83,,Jia LIU,10 AUG 2002,CHN,6,,Zibo (CHN),17 APR 2021,947,women_3000sc,2021,https://worldathletics.org/athletes/athlete=14886847
109,11:04.06,,H.M.C.S. HERATH,17 SEP 2001,SRI,2,,Colombo (SRI),23 NOV 2021,946,women_3000sc,2021,https://worldathletics.org/athletes/sri-lanka/hmcs-herath-15003834
110,11:04.45,,Noriko SHIRAKASHI,17 JAN 2001,JPN,9,,"Gion Stadium, Sagamihara (JPN)",23 MAY 2021,945,women_3000sc,2021,https://worldathletics.org/athletes/japan/noriko-shirakashi-14962742
111,11:04.84,,Su-in CHOI,03 JAN 2003,KOR,3,,Yecheon (KOR),05 JUN 2021,945,women_3000sc,2021,https://worldathletics.org/athletes/athlete=14843866
112,11:05.01,,Fatemeh NASR,21 AUG 1985,IRI,1,,Mashhad (IRI),09 APR 2021,944,women_3000sc,2021,https://worldathletics.org/athletes/islamic-republic-of-iran/fatemeh-nasr-14953580
113,11:06.08,,Samira KHODATARS,03 DEC 1999,IRI,1,,"Aftab Enghelab Sport Complex, Tehran (IRI)",09 OCT 2021,942,women_3000sc,2021,https://worldathletics.org/athletes/athlete=14860232
114,11:06.34,,Jinfan WANG,07 JAN 2003,CHN,7,,Rizhao (CHN),20 MAY 2021,941,women_3000sc,2021,https://worldathletics.org/athletes/athlete=14913601
115,11:06.69,,Yuka NOSUE,24 APR 2000,JPN,10,,"Gion Stadium, Sagamihara (JPN)",23 MAY 2021,940,women_3000sc,2021,https://worldathletics.org/athletes/athlete=14841943
116,11:07.03,,Hae-in HONG,10 APR 2005,KOR,1,,Gumi (KOR),12 OCT 2021,940,women_3000sc,2021,https://worldathletics.org/athletes/korea/hae-in-hong-14986895
117,11:07.76,,Mirei SUGAI,25 APR 1999,JPN,2,,"ND Soft Stadium, Tendo (JPN)",10 JUL 2021,938,women_3000sc,2021,https://worldathletics.org/athletes/athlete=14849060
118,11:08.19,,G. MAHESHWARI,18 AUG 2000,IND,4,,Patiala (IND),17 MAR 2021,937,women_3000sc,2021,https://worldathletics.org/athletes/athlete=14841056
119,11:08.27,,Hadiseh RAOUF,31 DEC 2003,IRI,1,,Khorramabad (IRI),22 OCT 2021,937,women_3000sc,2021,https://worldathletics.org/athletes/athlete=14861288
120,11:08.49,,Haruka ITAHIRA,18 MAR 2002,JPN,1,,"Hakatanomori Athletic Stadium, Fukuoka (JPN)",10 JUL 2021,936,women_3000sc,2021,https://worldathletics.org/athletes/japan/haruka-itahira-14950937
121,11:08.71,,K. MAHESWARI,,IND,3,,Bhubaneshwar (IND),08 MAR 2021,936,women_3000sc,2021,https://worldathletics.org/athletes/india/k-maheswari-14282958
122,11:09.11,,Haruna SATOU,13 DEC 2001,JPN,1,,"Niigatashi Field, Niigata (JPN)",03 JUL 2021,935,women_3000sc,2021,https://worldathletics.org/athletes/japan/haruna-satou-14951223
123,11:10.68,,Zhaxi CUO,03 AUG 2005,CHN,4,,Wuzhong (CHN),22 MAY 2021,931,women_3000sc,2021,https://worldathletics.org/athletes/pr-of-china/zhaxi-cuo-14983206
123,11:10.68,,Yua NAGAYAMA,03 OCT 2001,JPN,1,,"Athletics Stadium, Akita (JPN)",13 JUN 2021,931,women_3000sc,2021,https://worldathletics.org/athletes/athlete=14825163
125,11:10.76,,Pretty SIHITE,21 DEC 1996,INA,4,,"Mimika Sport Complex, Timika (INA)",14 OCT 2021,931,women_3000sc,2021,https://worldathletics.org/athletes/athlete=14765272
126,11:12.45,,Momoka HANAFUSA,21 SEP 1999,JPN,2,,"Gotaiten Memorial Field, Omuta (JPN)",11 APR 2021,928,women_3000sc,2021,https://worldathletics.org/athletes/athlete=14865966
127,11:13.88,,Shasilata KUMARI,08 OCT 1999,IND,5,,"JLN Stadium, New Delhi (IND)",29 SEP 2021,924,women_3000sc,2021,https://worldathletics.org/athletes/india/shasilata-kumari-14996830
128,11:13.99,,Koharu SATO,17 MAY 2002,JPN,2,,"Juntendo University Stadium, Inzai (JPN)",10 JUL 2021,924,women_3000sc,2021,https://worldathletics.org/athletes/japan/koharu-sato-14998310
129,11:14.06,,Riko OZAWA,05 AUG 2000,JPN,1,,"Mitsuzawa Park Stadium, Yokohama (JPN)",26 JUN 2021,924,women_3000sc,2021,https://worldathletics.org/athletes/athlete=14868855
130,11:14.20,,Kanna ASAKURA,17 SEP 2003,JPN,1,,"Athletic Field, Kitakami (JPN)",03 JUL 2021,924,women_3000sc,2021,https://worldathletics.org/athletes/japan/kanna-asakura-14995282
131,11:14.23,,A.S.Nisansala BANDARA,06 MAR 1992,SRI,3,,Colombo (SRI),23 NOV 2021,924,women_3000sc,2021,https://worldathletics.org/athletes/athlete=14661572
132,11:14.67,,Miku OGAWA,26 NOV 2001,JPN,5,,"Takebishi Stadium, Kyoto (JPN)",21 MAY 2021,923,women_3000sc,2021,https://worldathletics.org/athletes/japan/miku-ogawa-14957084
133,11:16.27,,Yui YOSHIMURA,06 JUN 2000,JPN,2,,"Konoike Athletics Stadium, Nara (JPN)",29 AUG 2021,919,women_3000sc,2021,https://worldathletics.org/athletes/athlete=14865949
134,11:16.98,,Dilshoda USMANOVA,12 MAR 2005,UZB,1,,Tashkent (UZB),29 MAY 2021,918,women_3000sc,2021,https://worldathletics.org/athletes/athlete=14924215
135,11:17.36,,Feng-Ting SU,13 SEP 1990,TPE,3,,New Taipei City (TPE),19 OCT 2021,917,women_3000sc,2021,https://worldathletics.org/athletes/athlete=14445164
136,11:17.61,,Moka OUCHI,07 OCT 1999,JPN,17,,"Prefectural Stadium, Kumagaya (JPN)",19 SEP 2021,916,women_3000sc,2021,https://worldathletics.org/athletes/athlete=14858501
137,11:17.98,,Yukari HORIKAWA,06 DEC 1999,JPN,18,,"Lemon Gas Stadium, Hiratsuka (JPN)",06 JUN 2021,915,women_3000sc,2021,https://worldathletics.org/athletes/athlete=14869018
138,11:19.13,,Li SHI,26 MAR 2000,CHN,5,,Wuzhong (CHN),22 MAY 2021,913,women_3000sc,2021,https://worldathletics.org/athletes/athlete=14885780
139,11:19.29,,Yu FUJITA,02 DEC 2001,JPN,1,,"Shinshu SkyPark Athletic Field, Matsumoto (JPN)",22 AUG 2021,912,women_3000sc,2021,https://worldathletics.org/athletes/athlete=14868853
140,11:20.05,,W.M.N. NIDARSHANI,06 MAY 1996,SRI,4,,Colombo (SRI),23 NOV 2021,911,women_3000sc,2021,https://worldathletics.org/athletes/sri-lanka/wmn-nidarshani-15009086
141,11:20.27,,H.K.I.T. UDAYAKUMARI,,SRI,4,,"Sugathadasa Stadium, Colombo (SRI)",21 MAY 2021,910,women_3000sc,2021,https://worldathletics.org/athletes/athlete=14800218
142,11:20.73,,Rina GOTO,07 DEC 1998,JPN,2,,"Shinshu SkyPark Athletic Field, Matsumoto (JPN)",22 AUG 2021,909,women_3000sc,2021,https://worldathletics.org/athletes/athlete=14728201
143,11:20.92,,Mengyu YI,25 SEP 2000,CHN,10,,Zibo (CHN),17 APR 2021,909,women_3000sc,2021,https://worldathletics.org/athletes/athlete=14885773
144,11:21.14,,Priyanka KASANA,25 MAR 1999,IND,6,,"Stadium Hanamkonda, Warangal (IND)",17 SEP 2021,908,women_3000sc,2021,https://worldathletics.org/athletes/athlete=14734722
145,11:21.82,,Erumo SUDA,12 JUL 2003,JPN,3,,"Konoike Athletics Stadium, Nara (JPN)",29 AUG 2021,907,women_3000sc,2021,https://worldathletics.org/athletes/japan/erumo-suda-14949715
146,11:21.94,,Hsin-Hui LIU,09 SEP 2003,TPE,1,,Taipei City (TPE),19 NOV 2021,907,women_3000sc,2021,https://worldathletics.org/athletes/chinese-taipei/hsin-hui-liu-14954157
147,11:22.43,,Nagiho OKAMOTO,27 MAY 2000,JPN,3,,"Shinshu SkyPark Athletic Field, Matsumoto (JPN)",22 AUG 2021,906,women_3000sc,2021,https://worldathletics.org/athletes/athlete=14901839
148,11:22.79,,Tamaki TAKAGI,18 JUL 2003,JPN,3,,"ND Soft Stadium, Tendo (JPN)",10 JUL 2021,905,women_3000sc,2021,https://worldathletics.org/athletes/japan/tamaki-takagi-14957931
149,11:23.70,,Wan-Chien HUANG,16 MAY 2002,TPE,4,,New Taipei City (TPE),19 OCT 2021,903,women_3000sc,2021,https://worldathletics.org/athletes/athlete=14887404
150,11:23.77,,Chia-Yun WU,22 APR 2004,TPE,1,,Yunlin (TPE),21 APR 2021,903,women_3000sc,2021,https://worldathletics.org/athletes/athlete=14902592
151,11:24.00,,Gyu-rim LEE,16 DEC 2003,KOR,2,,Gumi (KOR),12 OCT 2021,902,women_3000sc,2021,https://worldathletics.org/athletes/athlete=14919078
152,11:24.12,,Yuka KAINUMA,31 OCT 2000,JPN,3,,"Nagai Stadium No. 2, Osaka (JPN)",17 MAR 2021,902,women_3000sc,2021,https://worldathletics.org/athletes/japan/yuka-kainuma-14976078
153,11:24.43,,Seongyoon LEE,11 OCT 2002,KOR,6,,Goseong (KOR),07 JUL 2021,901,women_3000sc,2021,https://worldathletics.org/athletes/athlete=14860141
154,11:24.48,,Chisato TACHIKAWA,30 JUL 2004,JPN,1,,"Kanseki Stadium, Utsunomiya (JPN)",04 JUL 2021,901,women_3000sc,2021,https://worldathletics.org/athletes/japan/chisato-tachikawa-14952617
155,11:25.21,,Yiting YANG,15 MAR 2004,CHN,6,,Wuzhong (CHN),22 MAY 2021,900,women_3000sc,2021,https://worldathletics.org/athletes/pr-of-china/yiting-yang-14983614
156,11:26.07,,Rizuna YAJI,10 DEC 2000,JPN,16,,"Gion Stadium, Sagamihara (JPN)",23 MAY 2021,898,women_3000sc,2021,https://worldathletics.org/athletes/athlete=14902696
157,11:26.30,,Angel JAMES,14 MAR 1996,IND,7,,"Stadium Hanamkonda, Warangal (IND)",17 SEP 2021,897,women_3000sc,2021,https://worldathletics.org/athletes/athlete=14714268
158,11:27.23,,Nanako HATTORI,24 AUG 2002,JPN,1,,"Nagai Stadium No. 2, Osaka (JPN)",03 SEP 2021,895,women_3000sc,2021,https://worldathletics.org/athletes/japan/nanako-hattori-15001795
159,11:27.51,,Mizuki HONDA,13 FEB 2004,JPN,6,,"Koshin Gom Athlete Park, Sendai (JPN)",12 JUL 2021,894,women_3000sc,2021,https://worldathletics.org/athletes/japan/mizuki-honda-14957929
160,11:27.97,,Wakana NAKAYASU,26 APR 2001,JPN,4,,"Shinshu SkyPark Athletic Field, Matsumoto (JPN)",22 AUG 2021,893,women_3000sc,2021,https://worldathletics.org/athletes/japan/wakana-nakayasu-14950738
161,11:29.28,,Hsin-Jung LI,21 JAN 2001,TPE,2,,New Taipei City (TPE),09 MAR 2021,891,women_3000sc,2021,https://worldathletics.org/athletes/athlete=14791490
162,11:30.06,,Nonoko OBARA,11 MAR 2004,JPN,2,,"Athletic Field, Kitakami (JPN)",03 JUL 2021,889,women_3000sc,2021,https://worldathletics.org/athletes/japan/nonoko-obara-14960760
163,11:30.77,,Rui NISHIDA,26 OCT 1994,JPN,2,,"Universiade Commemorative Stadium, Kobe (JPN)",10 JUL 2021,887,women_3000sc,2021,https://worldathletics.org/athletes/athlete=14548287
164,11:30.91,,Mei LI,02 MAR 2000,CHN,12,,Zaozhuang (CHN),27 APR 2021,887,women_3000sc,2021,https://worldathletics.org/athletes/athlete=14892592
165,11:30.96,,Seo-yeon PARK,12 APR 2004,KOR,1,,Iksan (KOR),15 JUN 2021,887,women_3000sc,2021,https://worldathletics.org/athletes/korea/seo-yeon-park-14987511
166,11:31.01,,E.M. KUSHANI,,SRI,5,,"Sugathadasa Stadium, Colombo (SRI)",21 MAY 2021,887,women_3000sc,2021,https://worldathletics.org/athletes/sri-lanka/em-kushani-14977155
167,11:31.70,,Ayane TAKAHASI,02 FEB 2005,JPN,2,,"Prefectural Tendai Stadium, Chiba (JPN)",03 JUL 2021,885,women_3000sc,2021,https://worldathletics.org/athletes/japan/ayane-takahasi-14999681
168,11:32.02,,Ai YOSHIDA,15 MAY 2001,JPN,1,,"Municipal Nishikyogoku Stadium, Kyoto (JPN)",18 JUL 2021,885,women_3000sc,2021,https://worldathletics.org/athletes/athlete=14860618
169,11:32.03,,Quzhen DANZENG,04 JAN 2002,CHN,7,,Wuzhong (CHN),22 MAY 2021,885,women_3000sc,2021,https://worldathletics.org/athletes/athlete=14892583
170,11:32.35,,Richa BHADAURIYA,28 JAN 1997,IND,8,,"Stadium Hanamkonda, Warangal (IND)",17 SEP 2021,884,women_3000sc,2021,https://worldathletics.org/athletes/athlete=14833644
171,11:32.65,,Kasumi SHIRAI,08 SEP 2002,JPN,1,,"Nagai Stadium No. 2, Osaka (JPN)",05 AUG 2021,883,women_3000sc,2021,https://worldathletics.org/athletes/japan/kasumi-shirai-14961767
172,11:32.73,,Yu-na SON,18 DEC 1995,KOR,7,,Goseong (KOR),07 JUL 2021,883,women_3000sc,2021,https://worldathletics.org/athletes/athlete=14477459
173,11:33.14,,Mei YAMANAKA,05 SEP 2005,JPN,4,,"Konoike Athletics Stadium, Nara (JPN)",29 AUG 2021,882,women_3000sc,2021,https://worldathletics.org/athletes/japan/mei-yamanaka-14998679
174,11:33.33,,Yu-Hsuan CHEN,13 JAN 1993,TPE,2,,Taipei City (TPE),06 FEB 2021,882,women_3000sc,2021,https://worldathletics.org/athletes/athlete=14383940
175,11:33.40,,Sorano KUMASHIRO,13 JAN 2005,JPN,5,,"Konoike Athletics Stadium, Nara (JPN)",29 AUG 2021,882,women_3000sc,2021,https://worldathletics.org/athletes/japan/sorano-kumashiro-14960021
176,11:33.77,,Kurumi SUGITA,20 OCT 2001,JPN,4,,"NITTAIDAI Athletic Stadium, Yokohama (JPN)",10 APR 2021,881,women_3000sc,2021,https://worldathletics.org/athletes/japan/kurumi-sugita-14962735
177,11:33.88,,Shaili DHAMA,10 FEB 1999,IND,9,,"Stadium Hanamkonda, Warangal (IND)",17 SEP 2021,881,women_3000sc,2021,https://worldathletics.org/athletes/athlete=14925544
178,11:34.31,,Riko OSHIMA,28 SEP 2005,JPN,1,,"Athletics Stadium, Iwaki (JPN)",16 JUL 2021,880,women_3000sc,2021,https://worldathletics.org/athletes/japan/riko-oshima-14998487
179,11:34.78,,Olga BOGOMOLSKAYA,02 NOV 1993,KAZ,1,,"Central Stadium, Almaty (KAZ)",08 JUN 2021,879,women_3000sc,2021,https://worldathletics.org/athletes/athlete=14604781
180,11:34.99,,. KIRAN,04 JAN 2001,IND,7,,"JLN Stadium, New Delhi (IND)",29 SEP 2021,878,women_3000sc,2021,https://worldathletics.org/athletes/athlete=14918528
181,11:35.81,,Kuan-Ying HSIEH,13 OCT 2003,TPE,2,,Yunlin (TPE),21 APR 2021,877,women_3000sc,2021,https://worldathletics.org/athletes/chinese-taipei/kuan-ying-hsieh-14964641
182,11:36.36,,Haruna TANIGUCHI,18 MAY 2004,JPN,5,,"Shinshu SkyPark Athletic Field, Matsumoto (JPN)",22 AUG 2021,875,women_3000sc,2021,https://worldathletics.org/athletes/japan/haruna-taniguchi-14964305
183,11:36.66,,Hsin-Fang WU,01 AUG 2004,TPE,3,,Yunlin (TPE),21 APR 2021,875,women_3000sc,2021,https://worldathletics.org/athletes/athlete=14922631
184,11:37.64,,Kohaku MOCHIZUKI,20 JUN 2004,JPN,6,,"Konoike Athletics Stadium, Nara (JPN)",29 AUG 2021,873,women_3000sc,2021,https://worldathletics.org/athletes/japan/kohaku-mochizuki-14998680
185,11:38.08,,Hyun-jeong LEE,11 JAN 2001,KOR,8,,Goseong (KOR),07 JUL 2021,872,women_3000sc,2021,https://worldathletics.org/athletes/athlete=14852482
186,11:38.47,,Rina IIMURA,04 FEB 2000,JPN,17,,"Gion Stadium, Sagamihara (JPN)",23 MAY 2021,871,women_3000sc,2021,https://worldathletics.org/athletes/athlete=14853685
187,11:38.79,,Sima SHADKAM,23 JUL 2003,IRI,3,,"Aftab Enghelab Sport Complex, Tehran (IRI)",15 SEP 2021,870,women_3000sc,2021,https://worldathletics.org/athletes/athlete=14878454
188,11:39.09,,Ririka YAMAMOTO,08 DEC 2000,JPN,1,,"University Stadium, Tsukuba (JPN)",16 OCT 2021,869,women_3000sc,2021,https://worldathletics.org/athletes/japan/ririka-yamamoto-15002191
189,11:39.40,,Chihiro KANOUCHI,07 JAN 2004,JPN,4,,"ND Soft Stadium, Tendo (JPN)",10 JUL 2021,869,women_3000sc,2021,https://worldathletics.org/athletes/japan/chihiro-kanouchi-14998790
190,11:39.62,,Misiro MATUNO,16 DEC 2003,JPN,3,,"Athletic Field, Kitakami (JPN)",03 JUL 2021,868,women_3000sc,2021,https://worldathletics.org/athletes/japan/misiro-matuno-14957936
1,8:53.02,,Norah JERUTO,02 OCT 1995,KAZ,1,,"Hayward Field, Eugene, OR (USA)",20 JUL 2022,1262,women_3000sc,2022,https://worldathletics.org/athletes/athlete=14479154
2,8:56.55,,Winfred YAVI,31 DEC 1999,BRN,1,,"Stade Charléty, Paris (FRA)",18 JUN 2022,1253,women_3000sc,2022,https://worldathletics.org/athletes/athlete=14695622
3,9:15.77,,Daisy JEPKEMEI,13 FEB 1996,KAZ,1,,"Olympiastadion, Stockholm (SWE)",30 JUN 2022,1204,women_3000sc,2022,https://worldathletics.org/athletes/athlete=14530633
4,9:38.09,,Parul CHAUDHARY,15 APR 1995,IND,12h2,,"Hayward Field, Eugene, OR (USA)",16 JUL 2022,1148,women_3000sc,2022,https://worldathletics.org/athletes/athlete=14497992
5,9:38.19,,Yuno YAMANAKA,25 DEC 2000,JPN,1,,"Yanmar Stadium Nagai, Osaka (JPN)",11 JUN 2022,1148,women_3000sc,2022,https://worldathletics.org/athletes/athlete=14909558
6,9:38.95,,Yuzu NISHIDE,25 JAN 2000,JPN,2,,"Yanmar Stadium Nagai, Osaka (JPN)",11 JUN 2022,1146,women_3000sc,2022,https://worldathletics.org/athletes/athlete=14858472
7,9:39.17,,Shuangshuang XU,06 APR 1996,CHN,10h1,,"Hayward Field, Eugene, OR (USA)",16 JUL 2022,1146,women_3000sc,2022,https://worldathletics.org/athletes/athlete=14534952
8,9:39.28,,Manami NISHIYAMA,09 DEC 1999,JPN,3,,"Yanmar Stadium Nagai, Osaka (JPN)",11 JUN 2022,1146,women_3000sc,2022,https://worldathletics.org/athletes/athlete=14733877
9,9:39.86,,Reimi YOSHIMURA,22 APR 2000,JPN,4,,"Yanmar Stadium Nagai, Osaka (JPN)",11 JUN 2022,1144,women_3000sc,2022,https://worldathletics.org/athletes/athlete=14819348
10,9:40.24,,Nilani RATHNAYAKA,08 AUG 1990,SRI,1,,Diyagama (SRI),09 APR 2022,1143,women_3000sc,2022,https://worldathletics.org/athletes/athlete=14383787
11,9:41.72,,Ruth JEBET,17 NOV 1996,BRN,2,,Kuwait (KUW),17 MAY 2022,1140,women_3000sc,2022,https://worldathletics.org/athletes/athlete=14588310
12,9:47.86,,Komal JAGADALE,26 JAN 1999,IND,1,,"CH Muhammed Koya Stadium, Thenhipalam (IND)",04 APR 2022,1125,women_3000sc,2022,https://worldathletics.org/athletes/athlete=14740940
13,9:52.44,,Thi Oanh NGUYEN,15 AUG 1995,VIE,1,,"My Dinh National Stadium, Hanoi (VIE)",15 MAY 2022,1113,women_3000sc,2022,https://worldathletics.org/athletes/athlete=14524770
14,9:54.06,,Yukari ISHIZAWA,16 APR 1988,JPN,2,,"Municipal Stadium, Hiroshima (JPN)",29 APR 2022,1109,women_3000sc,2022,https://worldathletics.org/athletes/athlete=14446352
15,10:00.56,,Xinyan ZHANG,09 FEB 1994,CHN,1,,Huangshi (CHN),15 JUL 2022,1094,women_3000sc,2022,https://worldathletics.org/athletes/athlete=14488655
16,10:02.27,,Helena May LINDSAY,,JPN,5h3,,"Billy Hayes T& F Complex, Bloomington, IN (USA)",28 MAY 2022,1090,women_3000sc,2022,https://worldathletics.org/athletes/athlete=14841945
17,10:02.48,,Chikako MORI,25 NOV 1992,JPN,1,,"ND Soft Stadium, Tendo (JPN)",15 MAY 2022,1089,women_3000sc,2022,https://worldathletics.org/athletes/athlete=14427119
18,10:02.94,,PRITI,18 DEC 1995,IND,3,,Gujarat (IND),04 OCT 2022,1088,women_3000sc,2022,https://worldathletics.org/athletes/athlete=14498000
19,10:05.72,,Sudha SINGH,25 JUN 1986,IND,2,,"Jawaharlal Nehru Stadium, Chennai (IND)",12 JUN 2022,1081,women_3000sc,2022,https://worldathletics.org/athletes/athlete=14283075
20,10:07.19,,Nanase TANIMOTO,02 JUN 2002,JPN,2,,"Lemon Gas Stadium, Hiratsuka (JPN)",17 APR 2022,1078,women_3000sc,2022,https://worldathletics.org/athletes/japan/nanase-tanimoto-14949233
21,10:10.94,,Natsuki KASAHARA,04 JUL 2001,JPN,7,,"Yanmar Stadium Nagai, Osaka (JPN)",11 JUN 2022,1069,women_3000sc,2022,https://worldathletics.org/athletes/japan/natsuki-kasahara-14951726
22,10:13.05,,Xia LUO,10 MAY 2000,CHN,2,,Huangshi (CHN),15 JUL 2022,1064,women_3000sc,2022,https://worldathletics.org/athletes/athlete=14892675
22,10:13.05,,Harim JO,14 SEP 1996,KOR,1,,Ulsan (KOR),11 OCT 2022,1064,women_3000sc,2022,https://worldathletics.org/athletes/athlete=14532353
24,10:13.51,,Yukina HONJO,18 MAY 2000,JPN,1,,"University Stadium, Tsukuba (JPN)",05 NOV 2022,1063,women_3000sc,2022,https://worldathletics.org/athletes/athlete=14916740
25,10:14.26,,Miu SAITO,22 JUN 2002,JPN,1,,"Takebishi Stadium, Kyoto (JPN)",10 SEP 2022,1061,women_3000sc,2022,https://worldathletics.org/athletes/athlete=14931241
26,10:14.32,,Yuki AKIYAMA,26 AUG 1998,JPN,8,,"Yanmar Stadium Nagai, Osaka (JPN)",11 JUN 2022,1061,women_3000sc,2022,https://worldathletics.org/athletes/athlete=14809493
27,10:14.53,,Richa BHADAURIYA,28 JAN 1997,IND,2,,"CH Muhammed Koya Stadium, Thenhipalam (IND)",04 APR 2022,1060,women_3000sc,2022,https://worldathletics.org/athletes/athlete=14833644
28,10:18.60,,Huong NGUYEN THI,10 FEB 1998,VIE,2,,"My Dinh National Stadium, Hanoi (VIE)",15 MAY 2022,1051,women_3000sc,2022,https://worldathletics.org/athletes/athlete=14498327
29,10:18.96,,Ayaka KOIKE,09 APR 1993,JPN,3,,"Nagaragawa Stadium, Gifu (JPN)",24 SEP 2022,1050,women_3000sc,2022,https://worldathletics.org/athletes/athlete=14545070
30,10:19.35,,Kaede OYA,05 MAR 1994,JPN,9,,"Yanmar Stadium Nagai, Osaka (JPN)",11 JUN 2022,1049,women_3000sc,2022,https://worldathletics.org/athletes/athlete=14545093
31,10:20.29,,Yuka KOMATSU,02 JUL 2003,JPN,2,,"Takebishi Stadium, Kyoto (JPN)",10 SEP 2022,1047,women_3000sc,2022,https://worldathletics.org/athletes/athlete=14860670
32,10:21.33,,Karin AKAHORI,14 AUG 2000,JPN,3,,"Takebishi Stadium, Kyoto (JPN)",10 SEP 2022,1044,women_3000sc,2022,https://worldathletics.org/athletes/athlete=14899742
33,10:21.80,,. CINTHA,26 MAR 1993,IND,1,,Kolkata (IND),31 MAR 2022,1043,women_3000sc,2022,https://worldathletics.org/athletes/athlete=14522520
34,10:23.10,,Kajal SHARMA,03 SEP 2001,IND,3,,Bhubaneshwar (IND),24 MAY 2022,1040,women_3000sc,2022,https://worldathletics.org/athletes/athlete=14792589
35,10:23.17,,Mika OKIMURA,22 AUG 1997,JPN,5,,"Nagaragawa Stadium, Gifu (JPN)",24 SEP 2022,1040,women_3000sc,2022,https://worldathletics.org/athletes/athlete=14809492
36,10:23.45,,Hongmei JIANG,18 AUG 2003,CHN,3,,Huangshi (CHN),15 JUL 2022,1039,women_3000sc,2022,https://worldathletics.org/athletes/athlete=14892641
36,10:23.45,,Chhavi YADAV,15 AUG 1992,IND,4,,Gujarat (IND),04 OCT 2022,1039,women_3000sc,2022,https://worldathletics.org/athletes/athlete=14681243
38,10:23.72,,Soyoka SEGAWA,28 JUL 1994,JPN,10,,"Yanmar Stadium Nagai, Osaka (JPN)",11 JUN 2022,1039,women_3000sc,2022,https://worldathletics.org/athletes/athlete=14646742
39,10:27.89,,Bhagyashree LAHANU,20 DEC 2001,IND,1,,Bilaspur (IND),30 OCT 2022,1029,women_3000sc,2022,https://worldathletics.org/athletes/india/bhagyashree-lahanu-15023853
40,10:29.15,,Karin KAMEOKA,20 SEP 2003,JPN,1,,"Yanmar Stadium Nagai, Osaka (JPN)",11 JUN 2022,1026,women_3000sc,2022,https://worldathletics.org/athletes/japan/karin-kameoka-14957928
41,10:29.52,,Bour-ha-na NAM,27 JUL 1994,KOR,2,,Ulsan (KOR),11 OCT 2022,1025,women_3000sc,2022,https://worldathletics.org/athletes/athlete=14532347
42,10:31.40,,Shasilata KUMARI,08 OCT 1999,IND,5,,Gujarat (IND),04 OCT 2022,1021,women_3000sc,2022,https://worldathletics.org/athletes/india/shasilata-kumari-14996830
43,10:32.41,,Rebi PAI,12 DEC 2001,IND,2,,Bhubaneshwar (IND),22 FEB 2022,1018,women_3000sc,2022,https://worldathletics.org/athletes/athlete=14861998
44,10:33.08,,Xiaojuan KE,03 JAN 1999,CHN,1,,Quzhou (CHN),29 OCT 2022,1017,women_3000sc,2022,https://worldathletics.org/athletes/athlete=14714406
45,10:35.49,,Suzuna HIYOSHI,02 NOV 2000,JPN,4,,"Lemon Gas Stadium, Hiratsuka (JPN)",17 APR 2022,1011,women_3000sc,2022,https://worldathletics.org/athletes/athlete=14855582
46,10:36.19,,Yi-Chieh HSU,27 NOV 2003,TPE,1,,Hualien (TPE),19 JUL 2022,1010,women_3000sc,2022,https://worldathletics.org/athletes/athlete=14861297
47,10:36.75,,Saki KATAGIHARA,12 NOV 2001,JPN,2,,"University Stadium, Tsukuba (JPN)",05 NOV 2022,1008,women_3000sc,2022,https://worldathletics.org/athletes/athlete=14815083
48,10:36.93,,Riko OZAWA,05 AUG 2000,JPN,5,,"National Stadium, Tokyo (JPN)",22 MAY 2022,1008,women_3000sc,2022,https://worldathletics.org/athletes/athlete=14868855
49,10:37.30,,Dongmei CAI,29 SEP 2000,CHN,2,,Quzhou (CHN),29 OCT 2022,1007,women_3000sc,2022,https://worldathletics.org/athletes/pr-of-china/dongmei-cai-15043937
50,10:37.36,,Shanshan ZHANG,10 SEP 1999,CHN,4,,Huangshi (CHN),15 JUL 2022,1007,women_3000sc,2022,https://worldathletics.org/athletes/athlete=14796252
51,10:38.20,,Asahi SHIRAKAWA,28 SEP 2005,JPN,1,,"Municipal Nishikyogoku Stadium, Kyoto (JPN)",04 SEP 2022,1005,women_3000sc,2022,https://worldathletics.org/athletes/athlete=14919445
52,10:38.99,,Kaho ONISHI,20 JUL 2000,JPN,5,,"Takebishi Stadium, Kyoto (JPN)",10 SEP 2022,1003,women_3000sc,2022,https://worldathletics.org/athletes/athlete=14868880
53,10:40.25,,Karua TAKAHASHI,15 MAY 2003,JPN,2,,"Yanmar Stadium Nagai, Osaka (JPN)",11 JUN 2022,1000,women_3000sc,2022,https://worldathletics.org/athletes/athlete=14900299
54,10:40.43,,Dilshoda USMANOVA,12 MAR 2005,UZB,1,,Samarkand (UZB),25 SEP 2022,1000,women_3000sc,2022,https://worldathletics.org/athletes/athlete=14924215
55,10:40.84,,Hina MATSUURA,18 APR 2005,JPN,3,,"Yanmar Stadium Nagai, Osaka (JPN)",11 JUN 2022,999,women_3000sc,2022,https://worldathletics.org/athletes/japan/hina-matsuura-14987206
56,10:41.22,,Vaishnavi SAWANT,28 MAR 2001,IND,3,,"Sree Kanteerava Outdoor Stadium, Bengaluru (IND)",19 OCT 2022,998,women_3000sc,2022,https://worldathletics.org/athletes/athlete=14910117
57,10:41.34,,Honghua LUO,19 JUN 2001,CHN,5,,Huangshi (CHN),15 JUL 2022,998,women_3000sc,2022,https://worldathletics.org/athletes/athlete=14857404
58,10:41.69,,Joida GAGNAO,23 APR 1996,PHI,3,,"My Dinh National Stadium, Hanoi (VIE)",15 MAY 2022,997,women_3000sc,2022,https://worldathletics.org/athletes/athlete=14791723
59,10:42.73,,Satsuki HORIO,18 JAN 2000,JPN,2,,"Aoba Park Athletic Field, Chitose (JPN)",16 JUL 2022,995,women_3000sc,2022,https://worldathletics.org/athletes/athlete=14856861
60,10:43.96,,Preenu YADAV,28 JUN 1995,IND,2,,Kolkata (IND),31 MAR 2022,992,women_3000sc,2022,https://worldathletics.org/athletes/athlete=14549115
61,10:44.01,,Maya IINO,05 FEB 1988,JPN,1,,"Juntendo University Stadium, Inzai (JPN)",26 MAR 2022,992,women_3000sc,2022,https://worldathletics.org/athletes/athlete=14286470
62,10:44.39,,Shaili DHAMA,10 FEB 1999,IND,3,,Bhubaneshwar (IND),22 DEC 2022,991,women_3000sc,2022,https://worldathletics.org/athletes/athlete=14925544
63,10:44.57,,Rizuna YAJI,10 DEC 2000,JPN,7,,"Takebishi Stadium, Kyoto (JPN)",10 SEP 2022,990,women_3000sc,2022,https://worldathletics.org/athletes/athlete=14902696
64,10:44.92,,Hee-ju KO,22 OCT 1998,KOR,3,,Ulsan (KOR),11 OCT 2022,990,women_3000sc,2022,https://worldathletics.org/athletes/athlete=14670898
65,10:45.02,,Haruka ITAHIRA,18 MAR 2002,JPN,2,,"Ehime Athletics Stadium, Matsuyama (JPN)",03 JUL 2022,989,women_3000sc,2022,https://worldathletics.org/athletes/japan/haruka-itahira-14950937
66,10:45.63,,Samira KHODATARS,03 DEC 1999,IRI,1,,Gorgan (IRI),28 JUN 2022,988,women_3000sc,2022,https://worldathletics.org/athletes/athlete=14860232
67,10:45.74,,Ami OTSUKA,06 NOV 2002,JPN,7,,"National Stadium, Tokyo (JPN)",22 MAY 2022,988,women_3000sc,2022,https://worldathletics.org/athletes/athlete=14860669
68,10:46.25,,. MANEESHA,04 DEC 2001,IND,3,,Bilaspur (IND),30 OCT 2022,987,women_3000sc,2022,https://worldathletics.org/athletes/india/maneesha-15051276
69,10:46.87,,Misaki NAKANE,20 FEB 2001,JPN,8,,"Takebishi Stadium, Kyoto (JPN)",10 SEP 2022,985,women_3000sc,2022,https://worldathletics.org/athletes/japan/misaki-nakane-14995428
70,10:47.30,,G. MAHESHWARI,18 AUG 2000,IND,3,,"CH Muhammed Koya Stadium, Thenhipalam (IND)",04 APR 2022,984,women_3000sc,2022,https://worldathletics.org/athletes/athlete=14841056
71,10:48.37,,Haruka YAMADA,27 MAR 2004,JPN,8,,"National Stadium, Tokyo (JPN)",22 MAY 2022,982,women_3000sc,2022,https://worldathletics.org/athletes/athlete=14923009
72,10:49.17,,Nanako HATTORI,24 AUG 2002,JPN,1,,"Nagai Stadium No. 2, Osaka (JPN)",19 OCT 2022,980,women_3000sc,2022,https://worldathletics.org/athletes/japan/nanako-hattori-15001795
73,10:49.53,,Tomoka MURA,14 FEB 2002,JPN,9,,"National Stadium, Tokyo (JPN)",22 MAY 2022,979,women_3000sc,2022,https://worldathletics.org/athletes/japan/tomoka-mura-14962522
74,10:50.32,,Hyun-jeong LEE,11 JAN 2001,KOR,4,,Ulsan (KOR),11 OCT 2022,977,women_3000sc,2022,https://worldathletics.org/athletes/athlete=14852482
75,10:53.25,,Tingwan TANG,12 DEC 2001,CHN,3,,Quzhou (CHN),29 OCT 2022,971,women_3000sc,2022,https://worldathletics.org/athletes/athlete=14811648
76,10:53.85,,Emi HAMADA,14 SEP 2001,JPN,2,,"Nagai Stadium No. 2, Osaka (JPN)",05 AUG 2022,969,women_3000sc,2022,https://worldathletics.org/athletes/japan/emi-hamada-14997378
77,10:53.94,,Hinata MATSUMOTO,15 MAR 2003,JPN,2,,"Municipal Nishikyogoku Stadium, Kyoto (JPN)",26 MAY 2022,969,women_3000sc,2022,https://worldathletics.org/athletes/athlete=14897245
78,10:55.76,,Momoa YAMADA,13 MAY 2001,JPN,9,,"Takebishi Stadium, Kyoto (JPN)",10 SEP 2022,965,women_3000sc,2022,https://worldathletics.org/athletes/japan/momoa-yamada-14985780
79,10:56.51,,Seongyoon LEE,11 OCT 2002,KOR,4,,Yecheon (KOR),07 SEP 2022,963,women_3000sc,2022,https://worldathletics.org/athletes/athlete=14860141
80,10:56.55,,Yu-na SON,18 DEC 1995,KOR,4,,Yecheon (KOR),06 JUN 2022,963,women_3000sc,2022,https://worldathletics.org/athletes/athlete=14477459
81,10:56.87,,Mio FUDABA,17 APR 2003,JPN,3,,"Ehime Athletics Stadium, Matsuyama (JPN)",03 JUL 2022,962,women_3000sc,2022,https://worldathletics.org/athletes/athlete=14868906
82,10:57.14,,Saho TOMITA,11 JUL 2006,JPN,2,,"JIT Recycled Ink Stadium, Kofu (JPN)",20 AUG 2022,962,women_3000sc,2022,https://worldathletics.org/athletes/japan/saho-tomita-14996637
83,10:57.35,,Yiting YANG,15 MAR 2004,CHN,3,,"Sichuan Xipu Training Base, Chengdu (CHN)",05 AUG 2022,961,women_3000sc,2022,https://worldathletics.org/athletes/pr-of-china/yiting-yang-14983614
84,10:57.56,,Kasumi SHIRAI,08 SEP 2002,JPN,2,,"Municipal Nishikyogoku Stadium, Kyoto (JPN)",04 SEP 2022,961,women_3000sc,2022,https://worldathletics.org/athletes/japan/kasumi-shirai-14961767
85,10:58.17,,Dian EKAYANTI,,INA,1,,Semarang (INA),03 MAR 2022,959,women_3000sc,2022,https://worldathletics.org/athletes/athlete=14843888
86,10:58.37,,Susmita TIGGA,25 DEC 2003,IND,4,,Bhubaneshwar (IND),22 DEC 2022,959,women_3000sc,2022,https://worldathletics.org/athletes/india/susmita-tigga-14999528
87,10:58.91,,Yuri SETO,14 NOV 2005,JPN,1,,"Azuma Stadium, Fukushima (JPN)",16 JUL 2022,958,women_3000sc,2022,https://worldathletics.org/athletes/japan/yuri-seto-14998476
88,10:59.20,,Noriko SHIRAKASHI,17 JAN 2001,JPN,11,,"National Stadium, Tokyo (JPN)",22 MAY 2022,957,women_3000sc,2022,https://worldathletics.org/athletes/japan/noriko-shirakashi-14962742
89,11:00.03,,Da-eun KANG,29 JUN 1995,KOR,2,,Goseong (KOR),07 JUL 2022,955,women_3000sc,2022,https://worldathletics.org/athletes/athlete=14432128
90,11:02.05,,Yui TAKAYASU,02 JUL 2000,JPN,4,,"Municipal Nishikyogoku Stadium, Kyoto (JPN)",26 MAY 2022,951,women_3000sc,2022,https://worldathletics.org/athletes/athlete=14825130
91,11:03.11,,Babli VERMA,08 MAY 2000,IND,4,,Bilaspur (IND),30 OCT 2022,948,women_3000sc,2022,https://worldathletics.org/athletes/india/babli-verma-15051277
92,11:03.22,,Hadiseh RAOUF,31 DEC 2003,IRI,2,,Mashhad (IRI),01 JUN 2022,948,women_3000sc,2022,https://worldathletics.org/athletes/athlete=14861288
93,11:03.34,,Akane MIYAZAKI,03 MAR 2003,JPN,3,,"Nagai Stadium No. 2, Osaka (JPN)",19 OCT 2022,948,women_3000sc,2022,https://worldathletics.org/athletes/athlete=14897248
94,11:03.86,,Renxiang LI,18 MAY 2000,CHN,6,,Huangshi (CHN),15 JUL 2022,947,women_3000sc,2022,https://worldathletics.org/athletes/athlete=14839842
95,11:04.08,,Soo-ah CHOI,21 NOV 2000,KOR,6,,Yecheon (KOR),06 JUN 2022,946,women_3000sc,2022,https://worldathletics.org/athletes/athlete=14815826
96,11:04.17,,Hanna ISHINO,08 AUG 2003,JPN,4,,"Nagai Stadium No. 2, Osaka (JPN)",19 OCT 2022,946,women_3000sc,2022,https://worldathletics.org/athletes/japan/hanna-ishino-14954832
97,11:05.01,,Le Thi THANH,20 FEB 2005,VIE,3,,Hanoi (VIE),14 DEC 2022,944,women_3000sc,2022,https://worldathletics.org/athletes/vietnam/le-thi-thanh-15009009
98,11:05.02,,Hyun-ok LEE,25 SEP 1990,KOR,7,,Yecheon (KOR),06 JUN 2022,944,women_3000sc,2022,https://worldathletics.org/athletes/athlete=14377342
99,11:05.10,,Akbilek KURALBAI,11 JUL 2004,KAZ,1,,Almaty (KAZ),30 JUN 2022,944,women_3000sc,2022,https://worldathletics.org/athletes/athlete=14884258
100,11:06.05,,Chun-Chih CHENG,17 JUL 2001,TPE,1,,New Taipei City (TPE),08 MAR 2022,942,women_3000sc,2022,https://worldathletics.org/athletes/athlete=14791191
101,11:06.67,,Jiali WANG,12 MAY 2001,CHN,7,,Huangshi (CHN),15 JUL 2022,940,women_3000sc,2022,https://worldathletics.org/athletes/athlete=14913563
102,11:10.12,,Buerlieni MULATIBIEKE,01 DEC 2003,CHN,4,,Quzhou (CHN),29 OCT 2022,933,women_3000sc,2022,https://worldathletics.org/athletes/pr-of-china/buerlieni-mulatibieke-14974427
103,11:10.76,,Riko TANAKA,08 NOV 2002,JPN,1,,"Koshin Gom Athlete Park, Sendai (JPN)",08 JUL 2022,931,women_3000sc,2022,https://worldathletics.org/athletes/japan/riko-tanaka-14950553
104,11:11.11,,. SHILPA,15 MAY 2001,IND,5,,Bilaspur (IND),30 OCT 2022,931,women_3000sc,2022,https://worldathletics.org/athletes/india/shilpa-15049849
105,11:12.45,,Maiya FUJIWARA,,JPN,1,,"San Francisco St. Cox Stadium, San Francisco, CA (USA)",16 APR 2022,928,women_3000sc,2022,https://worldathletics.org/athletes/japan/maiya-fujiwara-15016663
106,11:13.46,,Kyoka OSAMI,12 OCT 2000,JPN,6,,"Ehime Athletics Stadium, Matsuyama (JPN)",03 JUL 2022,925,women_3000sc,2022,https://worldathletics.org/athletes/athlete=14899702
107,11:13.91,,Airi NAKAMURA,21 FEB 2004,JPN,3,,"Hosei University Stadium, Machida (JPN)",30 APR 2022,924,women_3000sc,2022,https://worldathletics.org/athletes/japan/airi-nakamura-15004060
108,11:14.05,,Akari NAKAMURA,30 NOV 2000,JPN,15,,"Takebishi Stadium, Kyoto (JPN)",10 SEP 2022,924,women_3000sc,2022,https://worldathletics.org/athletes/athlete=14887763
109,11:14.67,,W.M.N. NIDARSHANI,06 MAY 1996,SRI,2,,Diyagama (SRI),09 APR 2022,923,women_3000sc,2022,https://worldathletics.org/athletes/sri-lanka/wmn-nidarshani-15009086
110,11:14.79,,Noriko AKEBIYAMA,10 JUL 2003,JPN,7,,"Ehime Athletics Stadium, Matsuyama (JPN)",03 JUL 2022,922,women_3000sc,2022,https://worldathletics.org/athletes/japan/noriko-akebiyama-14950940
111,11:16.37,,Rin KANAYAMA,15 OCT 2000,JPN,3,,"Municipal Nishikyogoku Stadium, Kyoto (JPN)",04 SEP 2022,919,women_3000sc,2022,https://worldathletics.org/athletes/athlete=14750934
112,11:17.20,,NANDINI GUPTA,15 AUG 1992,IND,3,,Kolkata (IND),31 MAR 2022,917,women_3000sc,2022,https://worldathletics.org/athletes/india/nandini-gupta-014650058
113,11:17.60,,Fuka MATSUDAIRA,05 MAR 2006,JPN,1,,"Kimiidera Park Athletic Field, Wakayama (JPN)",08 MAY 2022,916,women_3000sc,2022,https://worldathletics.org/athletes/japan/fuka-matsudaira-15004660
114,11:17.61,,Haruna SATOU,13 DEC 2001,JPN,1,,"Prefectural Stadium, Fukui (JPN)",14 MAY 2022,916,women_3000sc,2022,https://worldathletics.org/athletes/japan/haruna-satou-14951223
115,11:19.02,,Seo-yeon PARK,12 APR 2004,KOR,1,,Ulsan (KOR),24 JUL 2022,913,women_3000sc,2022,https://worldathletics.org/athletes/korea/seo-yeon-park-14987511
116,11:19.30,,Shashi LATA,,IND,7,,Bhubaneshwar (IND),22 FEB 2022,912,women_3000sc,2022,https://worldathletics.org/athletes/india/shashi-lata-15018345
117,11:19.41,,Hsin-Yu WU,21 JAN 2004,TPE,2,,Taipei City (TPE),19 FEB 2022,912,women_3000sc,2022,https://worldathletics.org/athletes/chinese-taipei/hsin-yu-wu-15020000
118,11:19.42,,Wakana NAKAYASU,26 APR 2001,JPN,8,,"Ehime Athletics Stadium, Matsuyama (JPN)",03 JUL 2022,912,women_3000sc,2022,https://worldathletics.org/athletes/japan/wakana-nakayasu-14950738
119,11:19.49,,Nyeo-hyeon KIM,07 JAN 2005,KOR,1,,Yecheon (KOR),06 JUN 2022,912,women_3000sc,2022,https://worldathletics.org/athletes/korea/nyeo-hyeon-kim-15029884
120,11:19.67,,Karen YOSHIDA,26 SEP 2001,JPN,2,,"Expo '70 Stadium, Suita (JPN)",05 APR 2022,912,women_3000sc,2022,https://worldathletics.org/athletes/athlete=14861122
121,11:20.14,,Chisa MIZUNUMA,12 MAY 2002,JPN,14,,"National Stadium, Tokyo (JPN)",22 MAY 2022,911,women_3000sc,2022,https://worldathletics.org/athletes/athlete=14868912
122,11:20.26,,Sa-hin SHIN,23 APR 1992,KOR,4,,Goseong (KOR),07 JUL 2022,910,women_3000sc,2022,https://worldathletics.org/athletes/athlete=14334608
123,11:21.18,,Thi Bich LE,2004,VIE,1,,Ho Chi-Minh (VIE),25 AUG 2022,908,women_3000sc,2022,https://worldathletics.org/athletes/vietnam/thi-bich-le-15044835
124,11:21.30,,Ai YOSHIDA,15 MAY 2001,JPN,9,,"Ehime Athletics Stadium, Matsuyama (JPN)",03 JUL 2022,908,women_3000sc,2022,https://worldathletics.org/athletes/athlete=14860618
125,11:23.63,,Thi Ngoc Anh HOANG,15 SEP 2006,VIE,4,,Hanoi (VIE),14 DEC 2022,903,women_3000sc,2022,https://worldathletics.org/athletes/vietnam/thi-ngoc-anh-hoang-15009031
126,11:23.72,,Kiki AKAHOSHI,26 MAR 2004,JPN,3,,"Hakatanomori Athletic Stadium, Fukuoka (JPN)",20 MAY 2022,903,women_3000sc,2022,https://worldathletics.org/athletes/japan/kiki-akahoshi-14962368
127,11:23.75,,K. SWETHA,24 JUL 1998,IND,8,,Bhubaneshwar (IND),22 FEB 2022,903,women_3000sc,2022,https://worldathletics.org/athletes/athlete=14907734
128,11:24.32,,Yuhane MAKIHARA,24 FEB 2006,JPN,2,,"Kimiidera Park Athletic Field, Wakayama (JPN)",08 MAY 2022,901,women_3000sc,2022,https://worldathletics.org/athletes/japan/yuhane-makihara-14998697
129,11:24.47,,Chieh-Yu CHU,21 APR 2007,TPE,1,,Kaohsiung (TPE),04 NOV 2022,901,women_3000sc,2022,https://worldathletics.org/athletes/chinese-taipei/chieh-yu-chu-15036510
130,11:24.66,,Anjali PATEL,23 MAR 2000,IND,5,,Bhubaneshwar (IND),22 DEC 2022,901,women_3000sc,2022,https://worldathletics.org/athletes/india/anjali-patel-14818399
131,11:25.30,,Mizuki HOSHI,11 AUG 2003,JPN,5,,"Yanmar Stadium Nagai, Osaka (JPN)",11 JUN 2022,899,women_3000sc,2022,https://worldathletics.org/athletes/japan/mizuki-hoshi-14957935
132,11:25.65,,Gyu-rim LEE,16 DEC 2003,KOR,5,,Yecheon (KOR),07 SEP 2022,899,women_3000sc,2022,https://worldathletics.org/athletes/athlete=14919078
133,11:25.79,,Yuka KAINUMA,31 OCT 2000,JPN,4,,"Expo '70 Stadium, Suita (JPN)",05 APR 2022,898,women_3000sc,2022,https://worldathletics.org/athletes/japan/yuka-kainuma-14976078
134,11:25.96,,Kristina SERGEYEVA,16 FEB 2004,KAZ,2,,Almaty (KAZ),30 JUN 2022,898,women_3000sc,2022,https://worldathletics.org/athletes/kazakhstan/kristina-sergeyeva-14970237
135,11:26.06,,. FITRI,1997,INA,2,,Semarang (INA),11 AUG 2022,898,women_3000sc,2022,https://worldathletics.org/athletes/athlete=14765278
136,11:26.60,,Varsha NAGAR,20 MAY 1999,IND,10,,Gujarat (IND),04 OCT 2022,896,women_3000sc,2022,https://worldathletics.org/athletes/athlete=14861951
137,11:27.19,,Shoko TSUJITA,29 NOV 2000,JPN,3,,"Juntendo University Stadium, Inzai (JPN)",30 APR 2022,895,women_3000sc,2022,https://worldathletics.org/athletes/athlete=14780838
138,11:27.29,,Natsumi MASUHARA,15 AUG 2002,JPN,6,,"Municipal Nishikyogoku Stadium, Kyoto (JPN)",26 MAY 2022,895,women_3000sc,2022,https://worldathletics.org/athletes/athlete=14903966
139,11:28.04,,D.R. SMITHA,09 DEC 2000,IND,9,,Bhubaneshwar (IND),22 FEB 2022,893,women_3000sc,2022,https://worldathletics.org/athletes/athlete=14861999
140,11:28.23,,Yuka NOSUE,24 APR 2000,JPN,15,,"National Stadium, Tokyo (JPN)",22 MAY 2022,893,women_3000sc,2022,https://worldathletics.org/athletes/athlete=14841943
141,11:28.90,,Wan-Chien HUANG,16 MAY 2002,TPE,2,,Taoyuan (TPE),10 MAY 2022,891,women_3000sc,2022,https://worldathletics.org/athletes/athlete=14887404
142,11:29.54,,Udaya KUMARI,,SRI,3,,Diyagama (SRI),09 APR 2022,890,women_3000sc,2022,https://worldathletics.org/athletes/athlete=14522939
143,11:29.97,,Yume KIOKA,07 AUG 2003,JPN,5,,"Nagai Stadium No. 2, Osaka (JPN)",19 OCT 2022,889,women_3000sc,2022,https://worldathletics.org/athletes/japan/yume-kioka-14963093
144,11:30.37,,Fuka KUSUMOTO,29 JAN 2003,JPN,2,,"Memorial Park Stadium, Amagasaki (JPN)",07 APR 2022,888,women_3000sc,2022,https://worldathletics.org/athletes/japan/fuka-kusumoto-14983239
145,11:30.84,,Farida TULKINBOYEVA,22 DEC 2004,UZB,2,,Tashkent (UZB),17 JUN 2022,887,women_3000sc,2022,https://worldathletics.org/athletes/athlete=14919358
146,11:31.20,,Yume ITO,11 JAN 2002,JPN,6,,"Nagai Stadium No. 2, Osaka (JPN)",19 OCT 2022,886,women_3000sc,2022,https://worldathletics.org/athletes/athlete=14868970
147,11:32.29,,Chika MUKAI,26 FEB 1998,JPN,,,"Kimiidera Park Athletic Field, Wakayama (JPN)",08 MAY 2022,884,women_3000sc,2022,https://worldathletics.org/athletes/athlete=14671515
148,11:33.05,,Yu Soe HNIN,24 AUG 1997,MYA,4,,"My Dinh National Stadium, Hanoi (VIE)",15 MAY 2022,882,women_3000sc,2022,https://worldathletics.org/athletes/athlete=14646801
149,11:33.06,,Ha-yeong SHIM,17 MAY 2002,KOR,9,,Ulsan (KOR),11 OCT 2022,882,women_3000sc,2022,https://worldathletics.org/athletes/athlete=14860270
150,11:33.84,,Kaori NAKAMOTO,02 JUN 2001,JPN,10,,"Ehime Athletics Stadium, Matsuyama (JPN)",03 JUL 2022,881,women_3000sc,2022,https://worldathletics.org/athletes/athlete=14903981
150,11:33.84,,Melanie HAARRING,06 AUG 2004,TPE,2,,Kaohsiung (TPE),04 NOV 2022,881,women_3000sc,2022,https://worldathletics.org/athletes/chinese-taipei/melanie-haarring-15047630
152,11:33.99,,Yobin YEON,16 MAY 2003,KOR,4,,Iksan (KOR),30 AUG 2022,880,women_3000sc,2022,https://worldathletics.org/athletes/athlete=14910449
153,11:34.10,,Kaori HOTTA,30 SEP 2005,JPN,2,,"Azuma Stadium, Fukushima (JPN)",16 JUL 2022,880,women_3000sc,2022,https://worldathletics.org/athletes/japan/kaori-hotta-15046156
154,11:34.38,,Yui ITO,27 JUN 2000,JPN,3,,"Nagaragawa Stadium, Gifu (JPN)",28 MAY 2022,880,women_3000sc,2022,https://worldathletics.org/athletes/athlete=14616455
155,11:34.81,,Thu Hang DOAN,27 OCT 2001,VIE,1,,Ubon Ratchathani (THA),30 JUL 2022,879,women_3000sc,2022,https://worldathletics.org/athletes/athlete=14760124
156,11:36.19,,Sima SHADKAM,23 JUL 2003,IRI,3,,Mashhad (IRI),01 JUN 2022,876,women_3000sc,2022,https://worldathletics.org/athletes/athlete=14878454
157,11:36.35,,Cheryl CHAN XUE ROU,20 SEP 1995,SGP,,,"SOPAC, Sydney (AUS)",31 MAR 2022,875,women_3000sc,2022,https://worldathletics.org/athletes/athlete=14705953
158,11:37.18,,Nanami SUDA,29 JUN 2005,JPN,3,,"Azuma Stadium, Fukushima (JPN)",16 JUL 2022,874,women_3000sc,2022,https://worldathletics.org/athletes/japan/nanami-suda-15046157
159,11:38.04,,Da-yeon KIM,04 FEB 2005,KOR,1,,Jeongseon (KOR),18 JUL 2022,872,women_3000sc,2022,https://worldathletics.org/athletes/korea/da-yeon-kim-15039526
160,11:38.29,,Yui YOSHIMURA,06 JUN 2000,JPN,8,,"Municipal Nishikyogoku Stadium, Kyoto (JPN)",26 MAY 2022,871,women_3000sc,2022,https://worldathletics.org/athletes/athlete=14865949
161,11:38.31,,Hsin-Jung LI,21 JAN 2001,TPE,3,,Taoyuan (TPE),10 MAY 2022,871,women_3000sc,2022,https://worldathletics.org/athletes/athlete=14791490
162,11:39.71,,B.M.Hashini IRESHA,,SRI,1,,Colombo (SRI),14 SEP 2022,868,women_3000sc,2022,https://worldathletics.org/athletes/sri-lanka/bmhashini-iresha-15047290
163,11:39.80,,Thi Lam LE,2005,VIE,2,,Ho Chi-Minh (VIE),25 AUG 2022,868,women_3000sc,2022,https://worldathletics.org/athletes/vietnam/thi-lam-le-15044836
164,11:39.93,,W.G.S. LAKSHANI,07 SEP 2004,SRI,2,,Colombo (SRI),14 SEP 2022,868,women_3000sc,2022,https://worldathletics.org/athletes/sri-lanka/wgs-lakshani-15027714
1,8:50.66,,Winfred YAVI,31 DEC 1999,BRN,1,,"Hayward Field, Eugene, OR (USA)",16 SEP 2023,1268,women_3000sc,2023,https://worldathletics.org/athletes/athlete=14695622
2,9:15.31,,Parul CHAUDHARY,15 APR 1995,IND,10,,"Nemzeti Atlétikai Központ, Budapest (HUN)",27 AUG 2023,1205,women_3000sc,2023,https://worldathletics.org/athletes/athlete=14497992
3,9:40.65,,Nilani RATHNAYAKA,08 AUG 1990,SRI,1,,"Mahinda Rajapaksha Stadium, Diyagama (SRI)",20 MAR 2023,1142,women_3000sc,2023,https://worldathletics.org/athletes/athlete=14383787
4,9:43.27,,Xinyan ZHANG,09 FEB 1994,CHN,1,,"Sports Center, Quzhou (CHN)",22 JUL 2023,1136,women_3000sc,2023,https://worldathletics.org/athletes/athlete=14488655
5,9:43.32,,PRITI,18 DEC 1995,IND,3,,"HOC Stadium, Hangzhou (CHN)",02 OCT 2023,1136,women_3000sc,2023,https://worldathletics.org/athletes/athlete=14498000
6,9:43.71,,Tigest Getent MEKONEN,07 JUL 1997,BRN,4,,"HOC Stadium, Hangzhou (CHN)",02 OCT 2023,1135,women_3000sc,2023,https://worldathletics.org/athletes/athlete=14429103
7,9:44.54,,Shuangshuang XU,06 APR 1996,CHN,2,,"Supachalasai National Stadium, Bangkok (THA)",14 JUL 2023,1133,women_3000sc,2023,https://worldathletics.org/athletes/athlete=14534952
8,9:46.23,,Daisy JEPKEMEI,13 FEB 1996,KAZ,12h2,,"Nemzeti Atlétikai Központ, Budapest (HUN)",23 AUG 2023,1128,women_3000sc,2023,https://worldathletics.org/athletes/athlete=14530633
9,9:46.65,,Reimi YOSHIMURA,22 APR 2000,JPN,1,,"Yanmar Stadium Nagai, Osaka (JPN)",01 JUN 2023,1127,women_3000sc,2023,https://worldathletics.org/athletes/athlete=14819348
10,9:48.70,,Chikako MORI,25 NOV 1992,JPN,2,,"Yanmar Stadium Nagai, Osaka (JPN)",01 JUN 2023,1122,women_3000sc,2023,https://worldathletics.org/athletes/athlete=14427119
11,9:52.28,,Yuzu NISHIDE,25 JAN 2000,JPN,2,,"Yanmar Stadium Nagai, Osaka (JPN)",06 MAY 2023,1114,women_3000sc,2023,https://worldathletics.org/athletes/athlete=14858472
12,9:56.90,,Manami NISHIYAMA,09 DEC 1999,JPN,2,,"Municipal Stadium, Hiroshima (JPN)",29 APR 2023,1103,women_3000sc,2023,https://worldathletics.org/athletes/athlete=14733877
13,9:57.13,,Thi Oanh NGUYEN,15 AUG 1995,VIE,6,,"HOC Stadium, Hangzhou (CHN)",02 OCT 2023,1102,women_3000sc,2023,https://worldathletics.org/athletes/athlete=14524770
14,9:57.20,,Xia LUO,10 MAY 2000,CHN,2,,Rizhao (CHN),27 APR 2023,1102,women_3000sc,2023,https://worldathletics.org/athletes/athlete=14892675
15,9:59.39,,Helena May LINDSAY,,JPN,3f1,,"Franklin Field, Philadelphia, PA (USA)",27 APR 2023,1097,women_3000sc,2023,https://worldathletics.org/athletes/athlete=14841945
16,10:00.45,,Panpan WANG,17 JUN 2003,CHN,2,,"Sports Center, Quzhou (CHN)",22 JUL 2023,1094,women_3000sc,2023,https://worldathletics.org/athletes/athlete=14885772
17,10:04.59,,Li BAI,30 MAR 1996,CHN,3,,Rizhao (CHN),27 APR 2023,1084,women_3000sc,2023,https://worldathletics.org/athletes/athlete=14702490
18,10:06.30,,Momoa YAMADA,13 MAY 2001,JPN,1,,"Prefectural Stadium, Kumagaya (JPN)",17 SEP 2023,1080,women_3000sc,2023,https://worldathletics.org/athletes/japan/momoa-yamada-14985780
19,10:06.42,,Harim JO,14 SEP 1996,KOR,1,,Mokpo (KOR),17 OCT 2023,1080,women_3000sc,2023,https://worldathletics.org/athletes/athlete=14532353
20,10:07.69,,Soyoka SEGAWA,28 JUL 1994,JPN,2,,"Nagaragawa Stadium, Gifu (JPN)",23 SEP 2023,1077,women_3000sc,2023,https://worldathletics.org/athletes/athlete=14646742
21,10:08.04,,Shanshan ZHANG,10 SEP 1999,CHN,12,,"Putbosstadion, Oordegem (BEL)",27 MAY 2023,1076,women_3000sc,2023,https://worldathletics.org/athletes/athlete=14796252
22,10:09.43,,Yiting YANG,15 MAR 2004,CHN,3,,"Olympic Center, Shenyang (CHN)",28 JUN 2023,1072,women_3000sc,2023,https://worldathletics.org/athletes/pr-of-china/yiting-yang-14983614
23,10:10.61,,Mayu KAWASE,30 NOV 2003,JPN,5,,"Yanmar Stadium Nagai, Osaka (JPN)",01 JUN 2023,1070,women_3000sc,2023,https://worldathletics.org/athletes/japan/mayu-kawase-14956885
24,10:11.45,,Ayana YAMASHITA,23 FEB 2004,JPN,2,,"Prefectural Stadium, Kumagaya (JPN)",17 SEP 2023,1068,women_3000sc,2023,https://worldathletics.org/athletes/japan/ayana-yamashita-14962342
25,10:12.54,,Guizhi MA,24 JUN 2004,CHN,4,,Rizhao (CHN),27 APR 2023,1065,women_3000sc,2023,https://worldathletics.org/athletes/pr-of-china/guizhi-ma-15071544
26,10:13.10,,Komal JAGADALE,26 JAN 1999,IND,3,,"Kalinga Stadium, Bhubaneshwar (IND)",16 JUN 2023,1064,women_3000sc,2023,https://worldathletics.org/athletes/athlete=14740940
27,10:13.74,,Ayaka KOIKE,09 APR 1993,JPN,7,,"Yanmar Stadium Nagai, Osaka (JPN)",01 JUN 2023,1062,women_3000sc,2023,https://worldathletics.org/athletes/athlete=14545070
28,10:14.26,,Karin AKAHORI,14 AUG 2000,JPN,8,,"Yanmar Stadium Nagai, Osaka (JPN)",01 JUN 2023,1061,women_3000sc,2023,https://worldathletics.org/athletes/athlete=14899742
29,10:15.71,,Yukina HONJO,18 MAY 2000,JPN,3,,"Prefectural Stadium, Kumagaya (JPN)",17 SEP 2023,1058,women_3000sc,2023,https://worldathletics.org/athletes/athlete=14916740
30,10:16.48,,Miu SAITO,22 JUN 2002,JPN,10,,"Yanmar Stadium Nagai, Osaka (JPN)",01 JUN 2023,1056,women_3000sc,2023,https://worldathletics.org/athletes/athlete=14931241
31,10:16.81,,Xiaojuan KE,03 JAN 1999,CHN,5,,"Sports Center, Quzhou (CHN)",22 JUL 2023,1055,women_3000sc,2023,https://worldathletics.org/athletes/athlete=14714406
32,10:17.12,,Dongmei CAI,29 SEP 2000,CHN,6,,Rizhao (CHN),27 APR 2023,1054,women_3000sc,2023,https://worldathletics.org/athletes/pr-of-china/dongmei-cai-15043937
33,10:18.98,,Yuxin LIU,28 JUN 2004,CHN,1f1,,Nanping (CHN),19 AUG 2023,1050,women_3000sc,2023,https://worldathletics.org/athletes/pr-of-china/yuxin-liu-15084919
34,10:20.49,,Mika OKIMURA,22 AUG 1997,JPN,12,,"Yanmar Stadium Nagai, Osaka (JPN)",01 JUN 2023,1046,women_3000sc,2023,https://worldathletics.org/athletes/athlete=14809492
35,10:21.15,,Bour-ha-na NAM,27 JUL 1994,KOR,2,,Mokpo (KOR),17 OCT 2023,1045,women_3000sc,2023,https://worldathletics.org/athletes/athlete=14532347
36,10:21.38,,Jiali WANG,12 MAY 2001,CHN,7,,Rizhao (CHN),27 APR 2023,1044,women_3000sc,2023,https://worldathletics.org/athletes/athlete=14913563
37,10:22.10,,Kaede OYA,05 MAR 1994,JPN,4,,"Nagaragawa Stadium, Gifu (JPN)",23 SEP 2023,1043,women_3000sc,2023,https://worldathletics.org/athletes/athlete=14545093
38,10:22.41,,Dilshoda USMANOVA,12 MAR 2005,UZB,1,,Yecheon (KOR),06 JUN 2023,1042,women_3000sc,2023,https://worldathletics.org/athletes/athlete=14924215
39,10:23.20,,Renxiang LI,18 MAY 2000,CHN,1,,"Zhaoqing Sports Center, Zhaoqing (CHN)",22 APR 2023,1040,women_3000sc,2023,https://worldathletics.org/athletes/athlete=14839842
40,10:23.54,,Jiahui CHEN,28 JAN 2003,CHN,6,,"Sports Center, Quzhou (CHN)",22 JUL 2023,1039,women_3000sc,2023,https://worldathletics.org/athletes/athlete=14893316
41,10:23.88,,Yuna TAKAHASHI,28 MAR 1999,JPN,2,,"Kanseki Stadium, Utsunomiya (JPN)",21 MAY 2023,1038,women_3000sc,2023,https://worldathletics.org/athletes/athlete=14728013
42,10:24.03,,Bhagyashree LAHANU,20 DEC 2001,IND,2,,"Birsa Munda Foot Ball Stadium, Morabadi, Ranchi (IND)",15 MAY 2023,1038,women_3000sc,2023,https://worldathletics.org/athletes/india/bhagyashree-lahanu-15023853
43,10:26.84,,Yuzuyu SATO,26 SEP 2006,JPN,1,,"Yanmar Stadium Nagai, Osaka (JPN)",01 JUN 2023,1031,women_3000sc,2023,https://worldathletics.org/athletes/japan/yuzuyu-sato-14954979
44,10:28.86,,Nanako HATTORI,24 AUG 2002,JPN,2,,"Yanmar Stadium Nagai, Osaka (JPN)",25 MAY 2023,1027,women_3000sc,2023,https://worldathletics.org/athletes/japan/nanako-hattori-15001795
45,10:29.59,,Yu-na SON,18 DEC 1995,KOR,3,,Mokpo (KOR),17 OCT 2023,1025,women_3000sc,2023,https://worldathletics.org/athletes/athlete=14477459
46,10:32.18,,Haruka YAMADA,27 MAR 2004,JPN,5,,"Prefectural Stadium, Kumagaya (JPN)",17 SEP 2023,1019,women_3000sc,2023,https://worldathletics.org/athletes/athlete=14923009
47,10:32.47,,Rina TAKEDA,08 AUG 2004,JPN,2,,"Yanmar Stadium Nagai, Osaka (JPN)",01 JUN 2023,1018,women_3000sc,2023,https://worldathletics.org/athletes/japan/rina-takeda-14950557
48,10:32.94,,Wei SONG,30 OCT 2005,CHN,2,,"City Stadium, Daqing (CHN)",10 SEP 2023,1017,women_3000sc,2023,https://worldathletics.org/athletes/pr-of-china/wei-song-14981411
49,10:33.45,,Asahi SHIRAKAWA,28 SEP 2005,JPN,3,,"Yanmar Stadium Nagai, Osaka (JPN)",01 JUN 2023,1016,women_3000sc,2023,https://worldathletics.org/athletes/athlete=14919445
50,10:34.59,,Yuka SHIRAISHI,04 OCT 2003,JPN,6,,"Prefectural Stadium, Kumagaya (JPN)",17 SEP 2023,1013,women_3000sc,2023,https://worldathletics.org/athletes/athlete=14868902
51,10:35.10,,Preenu YADAV,28 JUN 1995,IND,3,,"Sree Kanteerava Outdoor Stadium, Bengaluru (IND)",14 OCT 2023,1012,women_3000sc,2023,https://worldathletics.org/athletes/athlete=14549115
52,10:35.42,,Yuki AKIYAMA,26 AUG 1998,JPN,6,,"Municipal Stadium, Hiroshima (JPN)",29 APR 2023,1011,women_3000sc,2023,https://worldathletics.org/athletes/athlete=14809493
53,10:35.44,,Akbilek KURALBAI,11 JUL 2004,KAZ,2,,Yecheon (KOR),06 JUN 2023,1011,women_3000sc,2023,https://worldathletics.org/athletes/athlete=14884258
54,10:36.09,,Saki KATAGIHARA,12 NOV 2001,JPN,4,,"Gion Stadium, Sagamihara (JPN)",14 MAY 2023,1010,women_3000sc,2023,https://worldathletics.org/athletes/athlete=14815083
55,10:37.94,,Rong CHEN,03 APR 2007,CHN,3f1,,Nanping (CHN),19 AUG 2023,1006,women_3000sc,2023,https://worldathletics.org/athletes/pr-of-china/rong-chen-15096981
56,10:38.39,,Yi-Chieh HSU,27 NOV 2003,TPE,1,,"Tainan National Stadium, Tainan (TPE)",24 OCT 2023,1005,women_3000sc,2023,https://worldathletics.org/athletes/athlete=14861297
57,10:39.07,,Suzuna HIYOSHI,02 NOV 2000,JPN,6,,"Nagaragawa Stadium, Gifu (JPN)",23 SEP 2023,1003,women_3000sc,2023,https://worldathletics.org/athletes/athlete=14855582
58,10:39.80,,Shuqi YE,26 DEC 2004,CHN,3f2,,Nanping (CHN),19 AUG 2023,1001,women_3000sc,2023,https://worldathletics.org/athletes/pr-of-china/shuqi-ye-14977750
59,10:40.00,,Samira KHODATARS,03 DEC 1999,IRI,1,,"Aftab Enghelab Sport Complex, Tehran (IRI)",13 OCT 2023,1001,women_3000sc,2023,https://worldathletics.org/athletes/athlete=14860232
60,10:40.26,,Emi HAMADA,14 SEP 2001,JPN,9,,"Prefectural Stadium, Kumagaya (JPN)",17 SEP 2023,1000,women_3000sc,2023,https://worldathletics.org/athletes/japan/emi-hamada-14997378
61,10:40.35,,Kasumi SHIRAI,08 SEP 2002,JPN,3,,"Yanmar Stadium Nagai, Osaka (JPN)",25 MAY 2023,1000,women_3000sc,2023,https://worldathletics.org/athletes/japan/kasumi-shirai-14961767
62,10:40.60,,Saho TOMITA,11 JUL 2006,JPN,4,,"Yanmar Stadium Nagai, Osaka (JPN)",01 JUN 2023,999,women_3000sc,2023,https://worldathletics.org/athletes/japan/saho-tomita-14996637
63,10:40.96,,Joida GAGNAO,23 APR 1996,PHI,2,,"Morodok Techo National Stadium, Phnom Penh (CAM)",09 MAY 2023,999,women_3000sc,2023,https://worldathletics.org/athletes/athlete=14791723
64,10:41.10,,Susmita TIGGA,25 DEC 2003,IND,4,,"Athletics Stadium, Bambolim (IND)",03 NOV 2023,998,women_3000sc,2023,https://worldathletics.org/athletes/india/susmita-tigga-14999528
65,10:42.07,,Yume KIOKA,07 AUG 2003,JPN,4,,"Yanmar Stadium Nagai, Osaka (JPN)",25 MAY 2023,996,women_3000sc,2023,https://worldathletics.org/athletes/japan/yume-kioka-14963093
66,10:42.84,,Haruka ITAHIRA,18 MAR 2002,JPN,5,,"Lemon Gas Stadium, Hiratsuka (JPN)",23 APR 2023,994,women_3000sc,2023,https://worldathletics.org/athletes/japan/haruka-itahira-14950937
67,10:42.92,,Siqin DAI,26 MAR 2005,CHN,4f1,,Nanping (CHN),19 AUG 2023,994,women_3000sc,2023,https://worldathletics.org/athletes/pr-of-china/siqin-dai-14977638
68,10:43.25,,Riya DOHATARE,11 DEC 2001,IND,5,,"Athletics Stadium, Bambolim (IND)",03 NOV 2023,993,women_3000sc,2023,https://worldathletics.org/athletes/india/riya-dohatare-15051278
69,10:43.34,,Rebi PAI,12 DEC 2001,IND,4,,"Sree Kanteerava Outdoor Stadium, Bengaluru (IND)",14 OCT 2023,993,women_3000sc,2023,https://worldathletics.org/athletes/athlete=14861998
70,10:43.80,,Madoka MATSUMOTO,08 FEB 2002,JPN,10,,"Prefectural Stadium, Kumagaya (JPN)",17 SEP 2023,992,women_3000sc,2023,https://worldathletics.org/athletes/japan/madoka-matsumoto-14964745
71,10:44.02,,Wakana ISHIBIKI,14 MAY 2003,JPN,6,,"Gion Stadium, Sagamihara (JPN)",14 MAY 2023,992,women_3000sc,2023,https://worldathletics.org/athletes/athlete=14930839
72,10:45.41,,Xin CHI,22 JAN 2005,CHN,5f1,,Nanping (CHN),19 AUG 2023,988,women_3000sc,2023,https://worldathletics.org/athletes/pr-of-china/xin-chi-15092439
73,10:45.83,,Satsuki HORIO,18 JAN 2000,JPN,2,,"Naruto Sports Park, Tokushima (JPN)",14 MAY 2023,988,women_3000sc,2023,https://worldathletics.org/athletes/athlete=14856861
74,10:45.93,,Kaho OMI,18 SEP 2003,JPN,1,,"Nagaragawa Stadium, Gifu (JPN)",18 JUN 2023,987,women_3000sc,2023,https://worldathletics.org/athletes/athlete=14860664
75,10:46.20,,Hee-ju KO,22 OCT 1998,KOR,3,,"Yecheon Stadium, Yecheon (KOR)",23 MAY 2023,987,women_3000sc,2023,https://worldathletics.org/athletes/athlete=14670898
76,10:46.61,,Chao-Chun CHEN,15 AUG 1992,TPE,2,,"Banqiao Stadium, New Taipei City (TPE)",27 MAY 2023,986,women_3000sc,2023,https://worldathletics.org/athletes/athlete=14377890
77,10:47.17,,Hongmei JIANG,18 AUG 2003,CHN,11,,Rizhao (CHN),27 APR 2023,984,women_3000sc,2023,https://worldathletics.org/athletes/athlete=14892641
78,10:47.38,,Jing ZHOU,24 FEB 2005,CHN,4,,"City Stadium, Daqing (CHN)",10 SEP 2023,984,women_3000sc,2023,https://worldathletics.org/athletes/pr-of-china/jing-zhou-14981412
79,10:47.70,,Quji ZHAXI,14 APR 2006,CHN,12,,Rizhao (CHN),27 APR 2023,983,women_3000sc,2023,https://worldathletics.org/athletes/pr-of-china/quji-zhaxi-15071545
80,10:48.40,,Bhagwati DEORA,17 JUN 2003,IND,1,,"Sports Complex, Sector 7, Chandigarh (IND)",21 OCT 2023,982,women_3000sc,2023,https://worldathletics.org/athletes/india/bhagwati-deora-15114682
81,10:48.45,,Chaoyun ZHAO,29 APR 2004,CHN,4f2,,Nanping (CHN),19 AUG 2023,982,women_3000sc,2023,https://worldathletics.org/athletes/pr-of-china/chaoyun-zhao-15127429
82,10:48.74,,Hanna ISHINO,08 AUG 2003,JPN,2,,"Nagaragawa Stadium, Gifu (JPN)",18 JUN 2023,981,women_3000sc,2023,https://worldathletics.org/athletes/japan/hanna-ishino-14954832
83,10:49.35,,Yuka KOMATSU,02 JUL 2003,JPN,12,,"Prefectural Stadium, Kumagaya (JPN)",17 SEP 2023,979,women_3000sc,2023,https://worldathletics.org/athletes/athlete=14860670
84,10:49.60,,Babli VERMA,08 MAY 2000,IND,5,,"Birsa Munda Foot Ball Stadium, Morabadi, Ranchi (IND)",15 MAY 2023,979,women_3000sc,2023,https://worldathletics.org/athletes/india/babli-verma-15051277
85,10:51.42,,Hinata KONA,11 DEC 2002,JPN,1,,"Nagaragawa Stadium, Gifu (JPN)",27 MAY 2023,975,women_3000sc,2023,https://worldathletics.org/athletes/japan/hinata-kona-14966619
86,10:51.74,,Akie HIRAO,22 APR 2004,JPN,8,,"Gion Stadium, Sagamihara (JPN)",14 MAY 2023,974,women_3000sc,2023,https://worldathletics.org/athletes/japan/akie-hirao-14998474
87,10:52.06,,Hina MATSUURA,18 APR 2005,JPN,5,,"Yanmar Stadium Nagai, Osaka (JPN)",01 JUN 2023,973,women_3000sc,2023,https://worldathletics.org/athletes/japan/hina-matsuura-14987206
88,10:52.31,,Xiaoxuan LI,03 FEB 2005,CHN,6,,"City Stadium, Daqing (CHN)",10 SEP 2023,973,women_3000sc,2023,https://worldathletics.org/athletes/pr-of-china/xiaoxuan-li-15089499
89,10:52.46,,Fuka MATSUDAIRA,05 MAR 2006,JPN,6,,"Yanmar Stadium Nagai, Osaka (JPN)",01 JUN 2023,972,women_3000sc,2023,https://worldathletics.org/athletes/japan/fuka-matsudaira-15004660
90,10:53.52,,Xuan ZHANG,02 MAY 2004,CHN,5f2,,Nanping (CHN),19 AUG 2023,970,women_3000sc,2023,https://worldathletics.org/athletes/pr-of-china/xuan-zhang-14979083
91,10:53.93,,H.M.C.S. HERATH,17 SEP 2001,SRI,2,,"Mahinda Rajapaksha Stadium, Diyagama (SRI)",30 MAR 2023,969,women_3000sc,2023,https://worldathletics.org/athletes/sri-lanka/hmcs-herath-15003834
92,10:54.47,,Rena HIRAKA,24 JUN 2002,JPN,4,,"Nagaragawa Stadium, Gifu (JPN)",18 JUN 2023,968,women_3000sc,2023,https://worldathletics.org/athletes/japan/rena-hiraka-14950233
93,10:55.53,,. SONAM,18 DEC 2004,IND,1,,"District Sports Complex Collectorate, Tiruvannamalai (IND)",30 APR 2023,965,women_3000sc,2023,https://worldathletics.org/athletes/india/sonam-15033877
94,10:56.04,,Buerlieni MULATIBIEKE,01 DEC 2003,CHN,3,,"Jiangjin Stadium, Chongqing (CHN)",03 JUN 2023,964,women_3000sc,2023,https://worldathletics.org/athletes/pr-of-china/buerlieni-mulatibieke-14974427
95,10:56.40,,Mei ITO,13 APR 2005,JPN,1,,"ND Soft Stadium, Tendo (JPN)",16 JUL 2023,963,women_3000sc,2023,https://worldathletics.org/athletes/japan/mei-ito-14998779
96,10:56.83,,Mio IHA,21 MAR 2005,JPN,6,,"Nagaragawa Stadium, Gifu (JPN)",18 JUN 2023,963,women_3000sc,2023,https://worldathletics.org/athletes/japan/mio-iha-14962746
97,10:56.99,,Shu WATANABE,12 NOV 2005,JPN,9,,"Gion Stadium, Sagamihara (JPN)",14 MAY 2023,962,women_3000sc,2023,https://worldathletics.org/athletes/japan/shu-watanabe-14967187
98,10:57.16,,D.R. SMITHA,09 DEC 2000,IND,5,,"Sree Kanteerava Outdoor Stadium, Bengaluru (IND)",14 OCT 2023,962,women_3000sc,2023,https://worldathletics.org/athletes/athlete=14861999
99,10:57.37,,Chun-Chih CHENG,17 JUL 2001,TPE,2,,"Chung Yuan Christian University, Taoyuan (TPE)",09 MAY 2023,961,women_3000sc,2023,https://worldathletics.org/athletes/athlete=14791191
100,10:57.51,,Soo-ah CHOI,21 NOV 2000,KOR,4,,"Yecheon Stadium, Yecheon (KOR)",23 MAY 2023,961,women_3000sc,2023,https://worldathletics.org/athletes/athlete=14815826
101,10:57.80,,Miku FUKUDA,20 JUN 2003,JPN,3,,"Naruto Sports Park, Tokushima (JPN)",14 MAY 2023,960,women_3000sc,2023,https://worldathletics.org/athletes/japan/miku-fukuda-14945905
102,10:58.07,,Xiaoqing ZHAO,18 APR 2003,CHN,2,,"Hebei Olympic Sports Center, Qinhuangdao (CHN)",10 MAY 2023,960,women_3000sc,2023,https://worldathletics.org/athletes/athlete=14913614
103,10:58.36,,Hui-Ping SSU,23 FEB 2006,TPE,1,,"Hsinchu County Stadium, Hsinchu (TPE)",26 APR 2023,959,women_3000sc,2023,https://worldathletics.org/athletes/chinese-taipei/hui-ping-ssu-15076278
104,11:00.39,,Meena SUBHASH,15 APR 2003,IND,2,,"Sports Complex, Sector 7, Chandigarh (IND)",21 OCT 2023,954,women_3000sc,2023,https://worldathletics.org/athletes/india/meena-subhash-15055304
105,11:00.49,,Kanna TAKIZAWA,05 OCT 2003,JPN,1,,"Juntendo University Stadium, Inzai (JPN)",15 APR 2023,954,women_3000sc,2023,https://worldathletics.org/athletes/japan/kanna-takizawa-14956726
106,11:00.85,,Huong NGUYEN THI,10 FEB 1998,VIE,3,,"Morodok Techo National Stadium, Phnom Penh (CAM)",09 MAY 2023,953,women_3000sc,2023,https://worldathletics.org/athletes/athlete=14498327
107,11:00.95,,Akane MIYAZAKI,03 MAR 2003,JPN,7,,"Yanmar Stadium Nagai, Osaka (JPN)",25 MAY 2023,953,women_3000sc,2023,https://worldathletics.org/athletes/athlete=14897248
108,11:01.42,,Karua TAKAHASHI,15 MAY 2003,JPN,8,,"Lemon Gas Stadium, Hiratsuka (JPN)",23 APR 2023,952,women_3000sc,2023,https://worldathletics.org/athletes/athlete=14900299
109,11:01.95,,Zhaxi CUO,03 AUG 2005,CHN,11,,"Sports Center, Quzhou (CHN)",22 JUL 2023,951,women_3000sc,2023,https://worldathletics.org/athletes/pr-of-china/zhaxi-cuo-14983206
110,11:03.09,,Chiho TERASHIMA,03 NOV 2000,JPN,2,,"Juntendo University Stadium, Inzai (JPN)",15 APR 2023,948,women_3000sc,2023,https://worldathletics.org/athletes/japan/chiho-terashima-15058472
111,11:03.80,,Fangfang MA,09 OCT 2006,CHN,12,,"Sports Center, Quzhou (CHN)",22 JUL 2023,947,women_3000sc,2023,https://worldathletics.org/athletes/pr-of-china/fangfang-ma-15080431
112,11:03.82,,. CINTHA,26 MAR 1993,IND,7,,"Sree Kanteerava Outdoor Stadium, Bengaluru (IND)",14 OCT 2023,947,women_3000sc,2023,https://worldathletics.org/athletes/athlete=14522520
113,11:04.39,,Lamao GAIGE,10 JAN 2005,CHN,8f2,,Nanping (CHN),19 AUG 2023,946,women_3000sc,2023,https://worldathletics.org/athletes/pr-of-china/lamao-gaige-14978421
114,11:05.06,,Noriko AKEBIYAMA,10 JUL 2003,JPN,7,,"Nagaragawa Stadium, Gifu (JPN)",18 JUN 2023,944,women_3000sc,2023,https://worldathletics.org/athletes/japan/noriko-akebiyama-14950940
115,11:05.34,,Maho OTA,12 SEP 2002,JPN,8,,"Nagaragawa Stadium, Gifu (JPN)",18 JUN 2023,943,women_3000sc,2023,https://worldathletics.org/athletes/athlete=14931197
116,11:05.36,,Hae-in HONG,10 APR 2005,KOR,1,,Mokpo (KOR),17 OCT 2023,943,women_3000sc,2023,https://worldathletics.org/athletes/korea/hae-in-hong-14986895
117,11:05.68,,Karin KAMEOKA,20 SEP 2003,JPN,11,,"Gion Stadium, Sagamihara (JPN)",14 MAY 2023,943,women_3000sc,2023,https://worldathletics.org/athletes/japan/karin-kameoka-14957928
118,11:05.98,,. SHILPA,15 MAY 2001,IND,8,,"Sree Kanteerava Outdoor Stadium, Bengaluru (IND)",14 OCT 2023,942,women_3000sc,2023,https://worldathletics.org/athletes/india/shilpa-15049849
119,11:06.79,,Vaishnavi SAWANT,28 MAR 2001,IND,3,,"Sports Complex, Sector 7, Chandigarh (IND)",21 OCT 2023,940,women_3000sc,2023,https://worldathletics.org/athletes/athlete=14910117
120,11:09.03,,. MANEESHA,04 DEC 2001,IND,6,,"Birsa Munda Foot Ball Stadium, Morabadi, Ranchi (IND)",15 MAY 2023,935,women_3000sc,2023,https://worldathletics.org/athletes/india/maneesha-15051276
121,11:09.05,,Le Thi THANH,20 FEB 2005,VIE,3,,Yecheon (KOR),06 JUN 2023,935,women_3000sc,2023,https://worldathletics.org/athletes/vietnam/le-thi-thanh-15009009
122,11:09.37,,Da-yeon KIM,04 FEB 2005,KOR,2,,Mokpo (KOR),17 OCT 2023,934,women_3000sc,2023,https://worldathletics.org/athletes/korea/da-yeon-kim-15039526
123,11:09.53,,Riko TANAKA,08 NOV 2002,JPN,3,,"National Stadium, Tokyo (JPN)",19 MAR 2023,934,women_3000sc,2023,https://worldathletics.org/athletes/japan/riko-tanaka-14950553
124,11:09.62,,Hanjia LIU,30 OCT 2004,CHN,7,,"City Stadium, Daqing (CHN)",10 SEP 2023,934,women_3000sc,2023,https://worldathletics.org/athletes/pr-of-china/hanjia-liu-15075644
125,11:09.73,,Hadiseh RAOUF,31 DEC 2003,IRI,2,,"Aftab Enghelab Sport Complex, Tehran (IRI)",18 AUG 2023,934,women_3000sc,2023,https://worldathletics.org/athletes/athlete=14861288
126,11:11.32,,Min QIAO,09 FEB 2006,CHN,3,,"Olympic Sports Center, Huzhou (CHN)",10 MAY 2023,930,women_3000sc,2023,https://worldathletics.org/athletes/pr-of-china/min-qiao-15092489
127,11:11.95,,Wakana NAKAYASU,26 APR 2001,JPN,2,,"Prefectural Shizuoka Stadium, Fukuroi (JPN)",27 AUG 2023,929,women_3000sc,2023,https://worldathletics.org/athletes/japan/wakana-nakayasu-14950738
128,11:13.24,,Hyun-ok LEE,25 SEP 1990,KOR,4,,"Yecheon Stadium, Yecheon (KOR)",07 MAY 2023,926,women_3000sc,2023,https://worldathletics.org/athletes/athlete=14377342
129,11:13.75,,Pengying FENG,29 AUG 2005,CHN,8f1,,Nanping (CHN),19 AUG 2023,925,women_3000sc,2023,https://worldathletics.org/athletes/pr-of-china/pengying-feng-15044258
130,11:13.96,,Mingxia YANG,02 JUN 2004,CHN,10f2,,Nanping (CHN),19 AUG 2023,924,women_3000sc,2023,https://worldathletics.org/athletes/pr-of-china/mingxia-yang-15084920
131,11:14.08,,W.M.N. NIDARSHANI,06 MAY 1996,SRI,3,,"Mahinda Rajapaksha Stadium, Diyagama (SRI)",30 MAR 2023,924,women_3000sc,2023,https://worldathletics.org/athletes/sri-lanka/wmn-nidarshani-15009086
132,11:14.97,,Tingwan TANG,12 DEC 2001,CHN,14,,"Sports Center, Quzhou (CHN)",22 JUL 2023,922,women_3000sc,2023,https://worldathletics.org/athletes/athlete=14811648
133,11:16.25,,Yinxiang ZHOU,22 FEB 2002,CHN,1,,"Athletics Field of Anhui Vocational and Technical College, Hefei (CHN)",11 AUG 2023,919,women_3000sc,2023,https://worldathletics.org/athletes/pr-of-china/yinxiang-zhou-14942534
134,11:16.73,,Yume ITO,11 JAN 2002,JPN,1,,"Takebishi Stadium, Kyoto (JPN)",02 APR 2023,918,women_3000sc,2023,https://worldathletics.org/athletes/athlete=14868970
135,11:19.15,,Yuan PENG,12 SEP 2001,CHN,2,,"Athletics Field of Anhui Vocational and Technical College, Hefei (CHN)",11 AUG 2023,913,women_3000sc,2023,https://worldathletics.org/athletes/pr-of-china/yuan-peng-15118665
136,11:19.16,,Abegail MANZANO,26 APR 2000,PHI,4,,"Morodok Techo National Stadium, Phnom Penh (CAM)",09 MAY 2023,913,women_3000sc,2023,https://worldathletics.org/athletes/athlete=14860184
137,11:19.28,,Vandana MORI,31 AUG 2002,IND,4,,"Sports Complex, Sector 7, Chandigarh (IND)",21 OCT 2023,912,women_3000sc,2023,https://worldathletics.org/athletes/athlete=14862000
138,11:19.30,,Moe KATOU,10 JUL 2005,JPN,1,,"Nagaragawa Stadium, Gifu (JPN)",24 JUN 2023,912,women_3000sc,2023,https://worldathletics.org/athletes/japan/moe-katou-15057502
139,11:19.47,,Seongyoon LEE,11 OCT 2002,KOR,4,,"Naju Sports Complex, Naju (KOR)",14 JUN 2023,912,women_3000sc,2023,https://worldathletics.org/athletes/athlete=14860141
140,11:19.60,,H.M. HARSHITHA,03 DEC 2004,IND,11,,"Sree Kanteerava Outdoor Stadium, Bengaluru (IND)",14 OCT 2023,912,women_3000sc,2023,https://worldathletics.org/athletes/india/hm-harshitha-15113704
141,11:19.63,,. MONIKA,01 JUL 2004,IND,5,,"Sports Complex, Sector 7, Chandigarh (IND)",21 OCT 2023,912,women_3000sc,2023,https://worldathletics.org/athletes/india/monika-15079920
142,11:19.75,,Hsin-Jung LI,21 JAN 2001,TPE,3,,"Chung Yuan Christian University, Taoyuan (TPE)",09 MAY 2023,911,women_3000sc,2023,https://worldathletics.org/athletes/athlete=14791490
143,11:19.93,,Priyanka KASANA,25 MAR 1999,IND,12,,"Sree Kanteerava Outdoor Stadium, Bengaluru (IND)",14 OCT 2023,911,women_3000sc,2023,https://worldathletics.org/athletes/athlete=14734722
144,11:20.70,,Priti CHAUDHARY,08 FEB 1994,IND,2,,"Sree Kanteerava Outdoor Stadium, Bengaluru (IND)",15 APR 2023,909,women_3000sc,2023,https://worldathletics.org/athletes/india/priti-chaudhary-14722526
145,11:21.20,,Peiqin LIN,02 FEB 2001,CHN,3,,"Athletics Field of Anhui Vocational and Technical College, Hefei (CHN)",11 AUG 2023,908,women_3000sc,2023,https://worldathletics.org/athletes/athlete=14811649
145,11:21.20,,Gyu-rim LEE,16 DEC 2003,KOR,4,,Mokpo (KOR),17 OCT 2023,908,women_3000sc,2023,https://worldathletics.org/athletes/athlete=14919078
147,11:21.85,,Atashbejan ATOOSA,28 AUG 2007,IRI,2,,"Aftab Enghelab Sport Complex, Tehran (IRI)",13 OCT 2023,907,women_3000sc,2023,https://worldathletics.org/athletes/islamic-republic-of-iran/atashbejan-atoosa-15089356
148,11:22.41,,Jessa Mae RODA,19 OCT 2002,PHI,1,,"Philsport Track Oval, Pasig (PHI)",28 OCT 2023,906,women_3000sc,2023,https://worldathletics.org/athletes/philippines/jessa-mae-roda-15109954
149,11:23.76,,Mobina KHAYAT,06 NOV 2007,IRI,3,,"Aftab Enghelab Sport Complex, Tehran (IRI)",13 OCT 2023,903,women_3000sc,2023,https://worldathletics.org/athletes/islamic-republic-of-iran/mobina-khayat-15110349
150,11:23.99,,Hye-rin NA,03 OCT 2007,KOR,3,,Mokpo (KOR),17 OCT 2023,902,women_3000sc,2023,https://worldathletics.org/athletes/korea/hye-rin-na-15099868
151,11:24.28,,Seo-yeon PARK,12 APR 2004,KOR,4,,"Seocheon Sports Complex, Seocheon (KOR)",08 SEP 2023,902,women_3000sc,2023,https://worldathletics.org/athletes/korea/seo-yeon-park-14987511
152,11:24.68,,. CHANCHAL,06 JUN 2002,IND,6,,"Sports Complex, Sector 7, Chandigarh (IND)",21 OCT 2023,901,women_3000sc,2023,https://worldathletics.org/athletes/india/chanchal-15113705
153,11:25.49,,Nanami SUDA,29 JUN 2005,JPN,2,,"Azuma Stadium, Fukushima (JPN)",15 JUL 2023,899,women_3000sc,2023,https://worldathletics.org/athletes/japan/nanami-suda-15046157
154,11:25.60,,Rena SUGIMOTO,27 JUL 2002,JPN,3,,"Juntendo University Stadium, Inzai (JPN)",15 APR 2023,899,women_3000sc,2023,https://worldathletics.org/athletes/japan/rena-sugimoto-14964664
155,11:27.33,,Yongfeng WANG,03 JUN 2006,CHN,11f2,,Nanping (CHN),19 AUG 2023,895,women_3000sc,2023,https://worldathletics.org/athletes/pr-of-china/yongfeng-wang-15073020
156,11:27.38,,Hsin-Yu WU,21 JAN 2004,TPE,4,,"Chung Yuan Christian University, Taoyuan (TPE)",09 MAY 2023,895,women_3000sc,2023,https://worldathletics.org/athletes/chinese-taipei/hsin-yu-wu-15020000
157,11:27.96,,Sakura MANABE,14 JUL 2006,JPN,2,,"Athletic Field, Kitakami (JPN)",27 AUG 2023,894,women_3000sc,2023,https://worldathletics.org/athletes/japan/sakura-manabe-15103357
158,11:28.88,,Yobin YEON,16 MAY 2003,KOR,5,,Mokpo (KOR),17 OCT 2023,892,women_3000sc,2023,https://worldathletics.org/athletes/athlete=14910449
159,11:29.04,,Melanie HAARRING,06 AUG 2004,TPE,2,,"Hsinchu County Stadium, Hsinchu (TPE)",26 APR 2023,891,women_3000sc,2023,https://worldathletics.org/athletes/chinese-taipei/melanie-haarring-15047630
160,11:29.34,,Yu Soe HNIN,24 AUG 1997,MYA,1,,Naypiydaw (MYA),01 JAN 2023,891,women_3000sc,2023,https://worldathletics.org/athletes/athlete=14646801
161,11:29.70,,Lamu YANGZENG,06 MAY 2006,CHN,9f1,,Nanping (CHN),19 AUG 2023,890,women_3000sc,2023,https://worldathletics.org/athletes/pr-of-china/lamu-yangzeng-15071552
162,11:30.22,,Abilhan ULDANAI,07 JUL 2007,KAZ,3,,"Central Stadium, Almaty (KAZ)",23 JUN 2023,889,women_3000sc,2023,https://worldathletics.org/athletes/kazakhstan/abilhan-uldanai-15063477
163,11:30.24,,Sa-hin SHIN,23 APR 1992,KOR,4,,"Iksan Stadium, Iksan (KOR)",09 JUL 2023,889,women_3000sc,2023,https://worldathletics.org/athletes/athlete=14334608
164,11:30.27,,Atousa Atash BEJAN,28 AUG 2007,IRI,1,,"Aftab Enghelab Sport Complex, Tehran (IRI)",10 DEC 2023,888,women_3000sc,2023,https://worldathletics.org/athletes/islamic-republic-of-iran/atousa-atash-bejan-15121676
165,11:30.33,,Remalie Jane MAGALLANES,20 SEP 2003,PHI,2,,"Philsport Track Oval, Pasig (PHI)",26 NOV 2023,888,women_3000sc,2023,https://worldathletics.org/athletes/philippines/remalie-jane-magallanes-15109955
166,11:30.51,,Yuxin SHANG,21 JUN 2005,CHN,9,,"City Stadium, Daqing (CHN)",10 SEP 2023,888,women_3000sc,2023,https://worldathletics.org/athletes/pr-of-china/yuxin-shang-15110896
167,11:30.90,,Yu-Hsuan HUANG,11 JUL 2007,TPE,3,,"Hsinchu County Stadium, Hsinchu (TPE)",26 APR 2023,887,women_3000sc,2023,https://worldathletics.org/athletes/chinese-taipei/yu-hsuan-huang-15076290
168,11:31.12,,Nene FUJII,14 NOV 2006,JPN,4,,"Prefectural Shizuoka Stadium, Fukuroi (JPN)",27 AUG 2023,887,women_3000sc,2023,https://worldathletics.org/athletes/japan/nene-fujii-15048908
169,11:31.74,,Yu NAGAMI,23 DEC 2001,JPN,5,,"Takebishi Stadium, Kyoto (JPN)",18 OCT 2023,885,women_3000sc,2023,https://worldathletics.org/athletes/japan/yu-nagami-14978885
170,11:32.71,,Fengxia TIAN,18 MAR 2001,CHN,4,,"Athletics Field of Anhui Vocational and Technical College, Hefei (CHN)",11 AUG 2023,883,women_3000sc,2023,https://worldathletics.org/athletes/pr-of-china/fengxia-tian-14942545
171,11:32.73,,Kyo ANZAI,08 JAN 2007,JPN,3,,"Azuma Stadium, Fukushima (JPN)",15 JUL 2023,883,women_3000sc,2023,https://worldathletics.org/athletes/japan/kyo-anzai-15103355
172,11:32.96,,Yan LEI,23 OCT 2001,CHN,5,,"Athletics Field of Anhui Vocational and Technical College, Hefei (CHN)",11 AUG 2023,883,women_3000sc,2023,https://worldathletics.org/athletes/pr-of-china/yan-lei-15118885
173,11:33.02,,Mio FUDABA,17 APR 2003,JPN,9,,"Yanmar Stadium Nagai, Osaka (JPN)",25 MAY 2023,883,women_3000sc,2023,https://worldathletics.org/athletes/athlete=14868906
174,11:33.77,,Setayesh AMINI,24 DEC 2005,IRI,3,,"Aftab Enghelab Sport Complex, Tehran (IRI)",18 AUG 2023,881,women_3000sc,2023,https://worldathletics.org/athletes/islamic-republic-of-iran/setayesh-amini-15043327
175,11:33.97,,Nae SHIBUYA,13 JAN 2004,JPN,6,,"National Stadium, Tokyo (JPN)",19 MAR 2023,880,women_3000sc,2023,https://worldathletics.org/athletes/japan/nae-shibuya-14948357
176,11:34.58,,Kokona FUKUSHIMA,09 FEB 2006,JPN,3,,"Athletic Field, Kitakami (JPN)",27 AUG 2023,879,women_3000sc,2023,https://worldathletics.org/athletes/japan/kokona-fukushima-15049052
177,11:35.23,,Maria Jonna ABUTAS,15 JUN 2000,PHI,3,,"Philsport Track Oval, Pasig (PHI)",26 NOV 2023,878,women_3000sc,2023,https://worldathletics.org/athletes/philippines/maria-jonna-abutas-15109956
178,11:35.52,,Xin-Rong LI,21 JAN 2001,TPE,2,,"Banqiao Stadium, New Taipei City (TPE)",08 MAR 2023,877,women_3000sc,2023,https://worldathletics.org/athletes/athlete=14844225
179,11:35.87,,Riko OZAWA,05 AUG 2000,JPN,1,,"Honjo Athletic Stadium, Kitakyushu (JPN)",21 MAY 2023,876,women_3000sc,2023,https://worldathletics.org/athletes/athlete=14868855
180,11:36.19,,Haruna AKAMA,01 MAR 2002,JPN,4,,"Juntendo University Stadium, Inzai (JPN)",15 APR 2023,876,women_3000sc,2023,https://worldathletics.org/athletes/athlete=14851968
181,11:36.48,,Gyeong-jeong YANG,21 APR 2004,KOR,5,,"Seocheon Sports Complex, Seocheon (KOR)",08 SEP 2023,875,women_3000sc,2023,https://worldathletics.org/athletes/korea/gyeong-jeong-yang-14951755
182,11:36.78,,Momona HARADA,04 FEB 2003,JPN,5,,"Juntendo University Stadium, Inzai (JPN)",15 APR 2023,874,women_3000sc,2023,https://worldathletics.org/athletes/japan/momona-harada-14956995
183,11:36.92,,Da-eun KANG,29 JUN 1995,KOR,6,,Mokpo (KOR),17 OCT 2023,874,women_3000sc,2023,https://worldathletics.org/athletes/athlete=14432128
184,11:37.30,,Kyoka OSAMI,12 OCT 2000,JPN,1,,"Nagaragawa Stadium, Gifu (JPN)",13 MAY 2023,873,women_3000sc,2023,https://worldathletics.org/athletes/athlete=14899702
185,11:37.57,,A. GEETHANJALI,16 DEC 2004,IND,10,,"Athletics Stadium, Bambolim (IND)",03 NOV 2023,873,women_3000sc,2023,https://worldathletics.org/athletes/india/a-geethanjali-15089160
186,11:38.06,,K. SWETHA,24 JUL 1998,IND,11,,"Athletics Stadium, Bambolim (IND)",03 NOV 2023,872,women_3000sc,2023,https://worldathletics.org/athletes/athlete=14907734
187,11:39.07,,Hiu Tung TSANG,03 JAN 1999,HKG,1,,"Wan Chai Sports Ground, Hong Kong (HKG)",30 APR 2023,870,women_3000sc,2023,https://worldathletics.org/athletes/hong-kong-china/hiu-tung-tsang-15041245
188,11:39.66,,So-eun YANG,08 DEC 2006,KOR,4,,Mokpo (KOR),17 OCT 2023,868,women_3000sc,2023,https://worldathletics.org/athletes/korea/so-eun-yang-15115001
189,11:39.89,,Rua NAGASA,07 JUL 2005,JPN,2,,"ND Soft Stadium, Tendo (JPN)",16 JUL 2023,868,women_3000sc,2023,https://worldathletics.org/athletes/japan/rua-nagasa-15049056
190,11:40.33,,April Joy ALAMPAYAN,18 APR 1999,PHI,1,,"Philsport Track Oval, Pasig (PHI)",20 DEC 2023,867,women_3000sc,2023,https://worldathletics.org/athletes/philippines/april-joy-alampayan-15122600
191,11:41.75,,Lixue YANG,05 FEB 2006,CHN,10f1,,Nanping (CHN),19 AUG 2023,864,women_3000sc,2023,https://worldathletics.org/athletes/pr-of-china/lixue-yang-15127450
192,11:42.65,,Cheripelly KEERTHANA,12 JUN 2006,IND,3,,"District Sports Complex Collectorate, Tiruvannamalai (IND)",30 APR 2023,862,women_3000sc,2023,https://worldathletics.org/athletes/india/cheripelly-keerthana-14973462
193,11:43.04,,. UJJALA,23 MAY 2003,IND,13,,"Sree Kanteerava Outdoor Stadium, Bengaluru (IND)",14 OCT 2023,861,women_3000sc,2023,https://worldathletics.org/athletes/india/ujjala-15035150
194,11:43.42,,Sena OIKAWA,26 JAN 2006,JPN,4,,"Athletic Field, Kitakami (JPN)",27 AUG 2023,860,women_3000sc,2023,https://worldathletics.org/athletes/japan/sena-oikawa-15049053
195,11:43.73,,Miyu EKIMORI,19 OCT 2002,JPN,6,,"National Stadium, Tokyo (JPN)",23 APR 2023,860,women_3000sc,2023,https://worldathletics.org/athletes/japan/miyu-ekimori-15003731
196,11:44.08,,Yi-Cen CHEN,30 JAN 2004,TPE,1,,"National Stadium, Kaohsiung (TPE)",25 FEB 2023,859,women_3000sc,2023,https://worldathletics.org/athletes/chinese-taipei/yi-cen-chen-15054609
197,11:45.31,,Ana Marie EUGENIO,26 MAY 2005,PHI,3,,"Philsport Track Oval, Pasig (PHI)",28 OCT 2023,856,women_3000sc,2023,https://worldathletics.org/athletes/philippines/ana-marie-eugenio-15109961
198,11:45.52,,Ting-Yu LI,20 AUG 1994,TPE,5,,"Tainan National Stadium, Tainan (TPE)",24 OCT 2023,856,women_3000sc,2023,https://worldathletics.org/athletes/athlete=14422402
199,11:46.25,,Marie Pascua ASHANTI,24 FEB 2006,TPE,1,,"Taichung City Fengyuan Stadium, Taichung (TPE)",24 AUG 2023,854,women_3000sc,2023,https://worldathletics.org/athletes/chinese-taipei/marie-pascua-ashanti-15076277
200,11:46.70,,Chieh-Yu CHU,21 APR 2007,TPE,5,,"Banqiao Stadium, New Taipei City (TPE)",27 MAY 2023,853,women_3000sc,2023,https://worldathletics.org/athletes/chinese-taipei/chieh-yu-chu-15036510
201,11:47.16,,Fuka MIZUNOYA,13 JUL 2006,JPN,6,,"Athletic Field, Kitakami (JPN)",27 AUG 2023,852,women_3000sc,2023,https://worldathletics.org/athletes/japan/fuka-mizunoya-15107389
202,11:47.30,,Kaori HOTTA,30 SEP 2005,JPN,4,,"Azuma Stadium, Fukushima (JPN)",15 JUL 2023,852,women_3000sc,2023,https://worldathletics.org/athletes/japan/kaori-hotta-15046156
203,11:49.02,,Yua NARITA,14 OCT 2005,JPN,7,,"Athletic Field, Kitakami (JPN)",27 AUG 2023,848,women_3000sc,2023,https://worldathletics.org/athletes/japan/yua-narita-15049055
204,11:49.18,,Dan YANG,05 FEB 2001,CHN,6,,"Athletics Field of Anhui Vocational and Technical College, Hefei (CHN)",11 AUG 2023,848,women_3000sc,2023,https://worldathletics.org/athletes/pr-of-china/dan-yang-15118886
205,11:49.45,,Che-lin LEE,09 DEC 2006,KOR,2,,"Yecheon Stadium, Yecheon (KOR)",09 MAY 2023,847,women_3000sc,2023,https://worldathletics.org/athletes/korea/che-lin-lee-15039527
206,11:49.68,,. ANJALI,10 MAR 1999,IND,13,,"Athletics Stadium, Bambolim (IND)",03 NOV 2023,847,women_3000sc,2023,https://worldathletics.org/athletes/india/anjali-15022257
207,11:50.17,,Loaa ZAAROUR,31 MAR 1992,LBN,1,,"Camille Chamoun Sports City Stadium, Beirut (LBN)",08 AUG 2023,846,women_3000sc,2023,https://worldathletics.org/athletes/athlete=14882391
208,11:50.70,,I-Ting TSAI,18 NOV 2002,TPE,3,,"Banqiao Stadium, New Taipei City (TPE)",29 MAR 2023,845,women_3000sc,2023,https://worldathletics.org/athletes/chinese-taipei/i-ting-tsai-15085028
209,11:51.09,,Houdan FU,16 FEB 2005,CHN,15,,"Sichuan Xipu Training Base, Chengdu (CHN)",08 APR 2023,844,women_3000sc,2023,https://worldathletics.org/athletes/pr-of-china/houdan-fu-15084921
210,11:51.92,,Marie ABULAS,2000,PHI,4,,"Philsport Track Oval, Pasig (PHI)",28 OCT 2023,842,women_3000sc,2023,https://worldathletics.org/athletes/philippines/marie-abulas-15115622
211,11:52.58,,Yutori KIKUCHI,19 JUN 2003,JPN,6,,"Juntendo University Stadium, Inzai (JPN)",15 APR 2023,841,women_3000sc,2023,https://worldathletics.org/athletes/japan/yutori-kikuchi-14955131
212,11:52.62,,Ji-young NO,26 AUG 2005,KOR,5,,Mokpo (KOR),17 OCT 2023,841,women_3000sc,2023,https://worldathletics.org/athletes/korea/ji-young-no-15115002
213,11:52.75,,Nyeo-hyeon KIM,07 JAN 2005,KOR,6,,"Naju Sports Complex, Naju (KOR)",14 JUN 2023,840,women_3000sc,2023,https://worldathletics.org/athletes/korea/nyeo-hyeon-kim-15029884
214,11:53.0h,,M.G.N.P KUMARI,30 MAR 2005,SRI,1,,"Mahinda Rajapaksha Stadium, Diyagama (SRI)",08 MAY 2023,840,women_3000sc,2023,https://worldathletics.org/athletes/sri-lanka/mgnp-kumari-15100620
215,11:53.29,,Meljoy GONZALES,11 MAY 2003,PHI,4,,"Philsport Track Oval, Pasig (PHI)",26 NOV 2023,839,women_3000sc,2023,https://worldathletics.org/athletes/philippines/meljoy-gonzales-15122525
216,11:53.61,,Vandana PATEL,05 JUL 2005,IND,14,,"Athletics Stadium, Bambolim (IND)",03 NOV 2023,839,women_3000sc,2023,https://worldathletics.org/athletes/india/vandana-patel-15115828
217,11:53.70,,Huanru DOU,22 APR 2006,CHN,16,,"Sichuan Xipu Training Base, Chengdu (CHN)",08 APR 2023,838,women_3000sc,2023,https://worldathletics.org/athletes/pr-of-china/huanru-dou-15072979
218,11:54.36,,Momoka KITA,02 MAR 2003,JPN,8,,"National Stadium, Tokyo (JPN)",19 MAR 2023,837,women_3000sc,2023,https://worldathletics.org/athletes/japan/momoka-kita-15080000
219,11:54.64,,Kiki AKAHOSHI,26 MAR 2004,JPN,2,,"Hakatanomori Athletic Stadium, Fukuoka (JPN)",08 APR 2023,836,women_3000sc,2023,https://worldathletics.org/athletes/japan/kiki-akahoshi-14962368
220,11:54.86,,Wan-Chien HUANG,16 MAY 2002,TPE,4,,"Banqiao Stadium, New Taipei City (TPE)",29 MAR 2023,836,women_3000sc,2023,https://worldathletics.org/athletes/athlete=14887404
221,11:55.13,,Iori SATO,05 FEB 2006,JPN,8,,"Athletic Field, Kitakami (JPN)",27 AUG 2023,835,women_3000sc,2023,https://worldathletics.org/athletes/japan/iori-sato-15109771
222,11:55.14,,Motoko HIGASHI,31 DEC 2004,JPN,13,,"Nagaragawa Stadium, Gifu (JPN)",18 JUN 2023,835,women_3000sc,2023,https://worldathletics.org/athletes/japan/motoko-higashi-15100965
223,11:55.29,,Hui SHAO,27 OCT 1999,CHN,7,,"Athletics Field of Anhui Vocational and Technical College, Hefei (CHN)",11 AUG 2023,835,women_3000sc,2023,https://worldathletics.org/athletes/pr-of-china/hui-shao-15118887
224,11:55.57,,Tomoe TAMURA,24 JUN 2005,JPN,9,,"Athletic Field, Kitakami (JPN)",27 AUG 2023,834,women_3000sc,2023,https://worldathletics.org/athletes/japan/tomoe-tamura-15103356
225,11:55.75,,Jada RINKAL,01 JUN 2003,IND,7,,"Sports Complex, Sector 7, Chandigarh (IND)",21 OCT 2023,834,women_3000sc,2023,https://worldathletics.org/athletes/india/jada-rinkal-15036845
226,11:55.95,,Sawa MIKAMI,05 OCT 2006,JPN,3,,"ND Soft Stadium, Tendo (JPN)",16 JUL 2023,834,women_3000sc,2023,https://worldathletics.org/athletes/japan/sawa-mikami-15106406
227,11:56.15,,Ji-yeong NOH,26 AUG 2005,KOR,3,,"Jeongseon Sports Complex, Jeongseon (KOR)",26 JUN 2023,833,women_3000sc,2023,https://worldathletics.org/athletes/korea/ji-yeong-noh-15002651
228,11:56.36,,Yaen-su PARK,21 APR 2005,KOR,6,,Mokpo (KOR),17 OCT 2023,833,women_3000sc,2023,https://worldathletics.org/athletes/korea/yaen-su-park-15108080
229,11:56.52,,Yukina KANDA,10 MAR 2002,JPN,7,,"National Stadium, Tokyo (JPN)",23 APR 2023,832,women_3000sc,2023,https://worldathletics.org/athletes/japan/yukina-kanda-14962747
230,11:56.53,,Sakura TAKAHARA,05 OCT 2002,JPN,5,,"Nagaragawa Stadium, Gifu (JPN)",27 MAY 2023,832,women_3000sc,2023,https://worldathletics.org/athletes/japan/sakura-takahara-14956352
231,11:56.55,,Natsuki SUGITANI,31 AUG 2007,JPN,5,,"Azuma Stadium, Fukushima (JPN)",15 JUL 2023,832,women_3000sc,2023,https://worldathletics.org/athletes/japan/natsuki-sugitani-15107388
232,11:56.94,,Rutuja TATYASAH,23 AUG 2004,IND,4,,"District Sports Complex Collectorate, Tiruvannamalai (IND)",30 APR 2023,832,women_3000sc,2023,https://worldathletics.org/athletes/india/rutuja-tatyasah-15089157
233,11:58.93,,Caixia MA,10 NOV 2003,CHN,17,,"Sichuan Xipu Training Base, Chengdu (CHN)",08 APR 2023,827,women_3000sc,2023,https://worldathletics.org/athletes/athlete=14913615
234,12:00.59,,Aye Aye MYO,1999,MYA,2,,Naypiydaw (MYA),01 JAN 2023,824,women_3000sc,2023,https://worldathletics.org/athletes/athlete=14918562
235,12:00.84,,Hsiang-Wei CHEN,28 JUL 2002,TPE,6,,"Chung Yuan Christian University, Taoyuan (TPE)",09 MAY 2023,823,women_3000sc,2023,https://worldathletics.org/athletes/chinese-taipei/hsiang-wei-chen-15075175
236,12:02.59,,Hsin-Huei SHI,15 DEC 2000,TPE,8,,"Tainan National Stadium, Tainan (TPE)",24 OCT 2023,820,women_3000sc,2023,https://worldathletics.org/athletes/chinese-taipei/hsin-huei-shi-15115599
237,12:02.68,,Angel MENDOZA,19 JUN 1999,PHI,3,,"Philsport Track Oval, Pasig (PHI)",01 OCT 2023,820,women_3000sc,2023,https://worldathletics.org/athletes/philippines/angel-mendoza-15113139
238,12:04.28,,Sima SHADKAM,23 JUL 2003,IRI,6,,"Aftab Enghelab Sport Complex, Tehran (IRI)",13 OCT 2023,816,women_3000sc,2023,https://worldathletics.org/athletes/athlete=14878454
239,12:05.89,,Rupa KUMARI,11 JAN 2002,IND,8,,"Sports Complex, Sector 7, Chandigarh (IND)",21 OCT 2023,813,women_3000sc,2023,https://worldathletics.org/athletes/india/rupa-kumari-15059958
240,12:06.06,,Ekta DEY,21 SEP 2005,IND,5,,"District Sports Complex Collectorate, Tiruvannamalai (IND)",30 APR 2023,813,women_3000sc,2023,https://worldathletics.org/athletes/india/ekta-dey-15046470
241,12:06.47,,Kristina SERGEYEVA,16 FEB 2004,KAZ,4,,"Central Stadium, Almaty (KAZ)",23 JUN 2023,812,women_3000sc,2023,https://worldathletics.org/athletes/kazakhstan/kristina-sergeyeva-14970237
242,12:07.15,,Yee Ching LAM,,HKG,2,,"Wan Chai Sports Ground, Hong Kong (HKG)",01 APR 2023,810,women_3000sc,2023,https://worldathletics.org/athletes/hong-kong-china/yee-ching-lam-15083754
243,12:09.72,,Kajalben DINESHBHAI,18 FEB 2005,IND,6,,"District Sports Complex Collectorate, Tiruvannamalai (IND)",30 APR 2023,805,women_3000sc,2023,https://worldathletics.org/athletes/india/kajalben-dineshbhai-15089158
244,12:10.08,,Iori UCHIYAMA,09 APR 2002,JPN,11,,"National Stadium, Tokyo (JPN)",19 MAR 2023,804,women_3000sc,2023,https://worldathletics.org/athletes/athlete=14899736
245,12:10.26,,Nigorai AMIRKHON,21 FEB 2007,TJK,1,,Tursunzade (TJK),01 JUN 2023,804,women_3000sc,2023,https://worldathletics.org/athletes/tajikistan/nigorai-amirkhon-15089354
246,12:10.30,,Wei-Tsen DONG,09 DEC 2004,TPE,9,,"Banqiao Stadium, New Taipei City (TPE)",27 MAY 2023,804,women_3000sc,2023,https://worldathletics.org/athletes/chinese-taipei/wei-tsen-dong-15097912
247,12:10.41,,Sakshi GURJAR,15 AUG 2004,IND,7,,"District Sports Complex Collectorate, Tiruvannamalai (IND)",30 APR 2023,804,women_3000sc,2023,https://worldathletics.org/athletes/india/sakshi-gurjar-15089159
248,12:12.73,,Yuna TARANISHI,08 FEB 2006,JPN,7,,"Azuma Stadium, Fukushima (JPN)",15 JUL 2023,799,women_3000sc,2023,https://worldathletics.org/athletes/japan/yuna-taranishi-15107390
249,12:13.67,,Haru YAMAYOSHI,17 FEB 2007,JPN,5,,"Prefectural Shizuoka Stadium, Fukuroi (JPN)",27 AUG 2023,797,women_3000sc,2023,https://worldathletics.org/athletes/japan/haru-yamayoshi-14964002
250,12:13.80,,Yu-Zhu YANG,05 APR 2006,TPE,3,,"Banqiao Stadium, New Taipei City (TPE)",27 SEP 2023,797,women_3000sc,2023,https://worldathletics.org/athletes/chinese-taipei/yu-zhu-yang-15054599
251,12:14.20,,Jhih Cing LAI,03 NOV 2007,TPE,4,,"Banqiao Stadium, New Taipei City (TPE)",27 SEP 2023,796,women_3000sc,2023,https://worldathletics.org/athletes/chinese-taipei/jhih-cing-lai-15113524
252,12:14.31,,Momoka MURATA,12 APR 2001,JPN,6,,"Nagaragawa Stadium, Gifu (JPN)",27 MAY 2023,796,women_3000sc,2023,https://worldathletics.org/athletes/japan/momoka-murata-15095969
1,8:44.39,,Winfred YAVI,31 DEC 1999,BRN,1,,"Stadio Olimpico, Roma (ITA)",30 AUG 2024,1285,women_3000sc,2024,https://worldathletics.org/athletes/athlete=14695622
2,9:08.97,,Norah JERUTO,02 OCT 1995,KAZ,9,,"Stade de France, Paris (FRA)",06 AUG 2024,1221,women_3000sc,2024,https://worldathletics.org/athletes/athlete=14479154
3,9:21.75,,Daisy JEPKEMEI,13 FEB 1996,KAZ,8,,"Stade Charléty, Paris (FRA)",07 JUL 2024,1189,women_3000sc,2024,https://worldathletics.org/athletes/athlete=14530633
4,9:23.39,,Parul CHAUDHARY,15 APR 1995,IND,8h1,,"Stade de France, Paris (FRA)",04 AUG 2024,1185,women_3000sc,2024,https://worldathletics.org/athletes/athlete=14497992
5,9:36.91,,Shuangshuang XU,06 APR 1996,CHN,1,,"Kuishan Sports Center, Rizhao (CHN)",30 JUN 2024,1151,women_3000sc,2024,https://worldathletics.org/athletes/athlete=14534952
6,9:44.82,,PRITI,18 DEC 1995,IND,6,,"Drake Stadium, Des Moines, IA (USA)",27 APR 2024,1132,women_3000sc,2024,https://worldathletics.org/athletes/athlete=14498000
7,9:45.62,,Miu SAITO,22 JUN 2002,JPN,1,,"Yanmar Stadium Nagai, Osaka (JPN)",07 DEC 2024,1130,women_3000sc,2024,https://worldathletics.org/athletes/athlete=14931241
8,9:45.77,,Reimi YOSHIMURA,22 APR 2000,JPN,1,,"Denka Big Swan Stadium, Niigata (JPN)",27 JUN 2024,1130,women_3000sc,2024,https://worldathletics.org/athletes/athlete=14819348
9,9:48.16,,Manami NISHIYAMA,09 DEC 1999,JPN,3,,"Denka Big Swan Stadium, Niigata (JPN)",27 JUN 2024,1124,women_3000sc,2024,https://worldathletics.org/athletes/athlete=14733877
10,9:54.00,,Tigest Getent MEKONEN,07 JUL 1997,BRN,9,,"LAZ Wien, Wien (AUT)",22 JUN 2024,1110,women_3000sc,2024,https://worldathletics.org/athletes/athlete=14429103
11,9:54.90,,Panpan WANG,17 JUN 2003,CHN,2,,"Sports Center, Quzhou (CHN)",15 SEP 2024,1107,women_3000sc,2024,https://worldathletics.org/athletes/athlete=14885772
12,9:56.49,,Xia LUO,10 MAY 2000,CHN,1f2,,"HOC Stadium, Hangzhou (CHN)",14 APR 2024,1104,women_3000sc,2024,https://worldathletics.org/athletes/athlete=14892675
13,9:56.60,,Xinyan ZHANG,09 FEB 1994,CHN,3,,"Sports Center, Quzhou (CHN)",15 SEP 2024,1103,women_3000sc,2024,https://worldathletics.org/athletes/athlete=14488655
14,9:57.04,,Ayana YAMASHITA,23 FEB 2004,JPN,4,,"Denka Big Swan Stadium, Niigata (JPN)",27 JUN 2024,1102,women_3000sc,2024,https://worldathletics.org/athletes/japan/ayana-yamashita-14962342
15,9:58.28,,Soyoka SEGAWA,28 JUL 1994,JPN,5,,"Denka Big Swan Stadium, Niigata (JPN)",27 JUN 2024,1099,women_3000sc,2024,https://worldathletics.org/athletes/athlete=14646742
16,10:00.81,,Ayaka KOIKE,09 APR 1993,JPN,1,,"Ishin Me-Life Stadium, Yamaguchi (JPN)",20 OCT 2024,1093,women_3000sc,2024,https://worldathletics.org/athletes/athlete=14545070
17,10:01.16,,Chikako MORI,25 NOV 1992,JPN,6,,"Denka Big Swan Stadium, Niigata (JPN)",27 JUN 2024,1092,women_3000sc,2024,https://worldathletics.org/athletes/athlete=14427119
18,10:01.69,,Helena May LINDSAY,,JPN,3,,"Geroge C. Griffin Track, Atlanta, GA (USA)",10 MAY 2024,1091,women_3000sc,2024,https://worldathletics.org/athletes/athlete=14841945
19,10:01.99,,Harim JO,14 SEP 1996,KOR,1,,"Aoba Park Athletic Field, Chitose (JPN)",20 JUL 2024,1090,women_3000sc,2024,https://worldathletics.org/athletes/athlete=14532353
20,10:02.31,,Yiting YANG,15 MAR 2004,CHN,4,,"Kuishan Sports Center, Rizhao (CHN)",30 JUN 2024,1090,women_3000sc,2024,https://worldathletics.org/athletes/pr-of-china/yiting-yang-14983614
21,10:02.76,,Yuzu NISHIDE,25 JAN 2000,JPN,7,,"Denka Big Swan Stadium, Niigata (JPN)",27 JUN 2024,1088,women_3000sc,2024,https://worldathletics.org/athletes/athlete=14858472
22,10:05.64,,Yuxin LIU,28 JUN 2004,CHN,5,,"Kuishan Sports Center, Rizhao (CHN)",30 JUN 2024,1082,women_3000sc,2024,https://worldathletics.org/athletes/pr-of-china/yuxin-liu-15084919
23,10:08.56,,Xiaoxuan LI,03 FEB 2005,CHN,5,,"Sports Center, Quzhou (CHN)",15 SEP 2024,1075,women_3000sc,2024,https://worldathletics.org/athletes/pr-of-china/xiaoxuan-li-15089499
24,10:09.78,,Yukina HONJO,18 MAY 2000,JPN,3,,"Todoroki Stadium, Kawasaki (JPN)",22 SEP 2024,1072,women_3000sc,2024,https://worldathletics.org/athletes/athlete=14916740
25,10:09.87,,Mayu KAWASE,30 NOV 2003,JPN,9,,"Denka Big Swan Stadium, Niigata (JPN)",27 JUN 2024,1071,women_3000sc,2024,https://worldathletics.org/athletes/japan/mayu-kawase-14956885
26,10:10.08,,Ekta DEY,21 SEP 2005,IND,1,,"SAI Regional Centre Sarojini Nagar, Lucknow (IND)",10 MAR 2024,1071,women_3000sc,2024,https://worldathletics.org/athletes/india/ekta-dey-15046470
27,10:10.14,,Maika KOBAYASHI,03 JUN 2002,JPN,10,,"Denka Big Swan Stadium, Niigata (JPN)",27 JUN 2024,1071,women_3000sc,2024,https://worldathletics.org/athletes/japan/maika-kobayashi-14950091
28,10:12.64,,Komal JAGADALE,26 JAN 1999,IND,2,,"Tau Devi Lal Stadium, Panchkula (IND)",29 JUN 2024,1065,women_3000sc,2024,https://worldathletics.org/athletes/athlete=14740940
29,10:14.23,,Yuna TAKAHASHI,28 MAR 1999,JPN,11,,"Denka Big Swan Stadium, Niigata (JPN)",27 JUN 2024,1061,women_3000sc,2024,https://worldathletics.org/athletes/athlete=14728013
30,10:14.96,,Dongmei CAI,29 SEP 2000,CHN,2f1,,"HOC Stadium, Hangzhou (CHN)",14 APR 2024,1059,women_3000sc,2024,https://worldathletics.org/athletes/pr-of-china/dongmei-cai-15043937
31,10:15.84,,Thi Oanh NGUYEN,15 AUG 1995,VIE,,,"Tsueng Kwan O Sports Ground, Hong Kong (HKG)",05 MAY 2024,1057,women_3000sc,2024,https://worldathletics.org/athletes/athlete=14524770
32,10:16.68,,Jiahui CHEN,28 JAN 2003,CHN,7,,"Kuishan Sports Center, Rizhao (CHN)",30 JUN 2024,1055,women_3000sc,2024,https://worldathletics.org/athletes/athlete=14893316
33,10:16.75,,Yanfeng HUANG,10 DEC 2005,CHN,8,,"Sports Center, Quzhou (CHN)",15 SEP 2024,1055,women_3000sc,2024,https://worldathletics.org/athletes/pr-of-china/yanfeng-huang-15080428
34,10:17.14,,Karin AKAHORI,14 AUG 2000,JPN,12,,"Denka Big Swan Stadium, Niigata (JPN)",27 JUN 2024,1054,women_3000sc,2024,https://worldathletics.org/athletes/athlete=14899742
35,10:17.25,,ANKITA,05 FEB 2002,IND,1,,"Patliputra Sports Complex, Patna (IND)",29 SEP 2024,1054,women_3000sc,2024,https://worldathletics.org/athletes/athlete=14818406
36,10:18.68,,Bour-ha-na NAM,27 JUL 1994,KOR,3,,"Aoba Park Athletic Field, Chitose (JPN)",20 JUL 2024,1051,women_3000sc,2024,https://worldathletics.org/athletes/athlete=14532347
37,10:19.21,,Manju YADAV,20 DEC 2002,IND,2,,"Kalinga Stadium, Bhubaneshwar (IND)",14 MAY 2024,1049,women_3000sc,2024,https://worldathletics.org/athletes/india/manju-yadav-14993443
38,10:19.55,,Chaoyun ZHAO,29 APR 2004,CHN,9,,"Sports Center, Quzhou (CHN)",15 SEP 2024,1049,women_3000sc,2024,https://worldathletics.org/athletes/pr-of-china/chaoyun-zhao-15127429
39,10:20.15,,Momoa YAMADA,13 MAY 2001,JPN,4,,"Ishin Me-Life Stadium, Yamaguchi (JPN)",22 SEP 2024,1047,women_3000sc,2024,https://worldathletics.org/athletes/japan/momoa-yamada-14985780
40,10:20.18,,Yuanhua XU,16 JUN 2000,CHN,1,,"Handan Sports Center, Handan (CHN)",18 OCT 2024,1047,women_3000sc,2024,https://worldathletics.org/athletes/athlete=14839843
41,10:20.56,,Yuka KOMATSU,02 JUL 2003,JPN,5,,"Todoroki Stadium, Kawasaki (JPN)",22 SEP 2024,1046,women_3000sc,2024,https://worldathletics.org/athletes/athlete=14860670
42,10:21.28,,Rebi PAI,12 DEC 2001,IND,1,,"Sree Kanteerava Outdoor Stadium, Bengaluru (IND)",02 SEP 2024,1044,women_3000sc,2024,https://worldathletics.org/athletes/athlete=14861998
43,10:21.96,,Fangfang MA,09 OCT 2006,CHN,10,,"Sports Center, Quzhou (CHN)",15 SEP 2024,1043,women_3000sc,2024,https://worldathletics.org/athletes/pr-of-china/fangfang-ma-15080431
44,10:22.20,,Xiaojuan KE,03 JAN 1999,CHN,2f2,,"HOC Stadium, Hangzhou (CHN)",14 APR 2024,1042,women_3000sc,2024,https://worldathletics.org/athletes/athlete=14714406
45,10:23.87,,Jiali WANG,12 MAY 2001,CHN,4f2,,"Olympic Sports Center, Huangshi (CHN)",01 JUN 2024,1038,women_3000sc,2024,https://worldathletics.org/athletes/athlete=14913563
46,10:24.71,,Rong CHEN,03 APR 2007,CHN,11,,"Sports Center, Quzhou (CHN)",15 SEP 2024,1036,women_3000sc,2024,https://worldathletics.org/athletes/pr-of-china/rong-chen-15096981
47,10:24.85,,. SONAM,18 DEC 2004,IND,3,,"Tau Devi Lal Stadium, Panchkula (IND)",29 JUN 2024,1036,women_3000sc,2024,https://worldathletics.org/athletes/india/sonam-15033877
48,10:24.95,,Buerlieni MULATIBIEKE,01 DEC 2003,CHN,5f1,,"HOC Stadium, Hangzhou (CHN)",14 APR 2024,1036,women_3000sc,2024,https://worldathletics.org/athletes/pr-of-china/buerlieni-mulatibieke-14974427
49,10:26.94,,Dilshoda USMANOVA,12 MAR 2005,UZB,9h2,,"Estadio Atlético de la VIDENA, Lima (PER)",27 AUG 2024,1031,women_3000sc,2024,https://worldathletics.org/athletes/athlete=14924215
50,10:27.11,,Li BAI,30 MAR 1996,CHN,3f2,,"Guoxin Sports Center, Qingdao (CHN)",13 MAY 2024,1031,women_3000sc,2024,https://worldathletics.org/athletes/athlete=14702490
51,10:28.13,,Vandana MORI,31 AUG 2002,IND,2,,"Patliputra Sports Complex, Patna (IND)",29 SEP 2024,1028,women_3000sc,2024,https://worldathletics.org/athletes/athlete=14862000
52,10:28.46,,Dongchen GONG,13 OCT 2006,CHN,2,,"Handan Sports Center, Handan (CHN)",18 OCT 2024,1028,women_3000sc,2024,https://worldathletics.org/athletes/pr-of-china/dongchen-gong-14979085
53,10:30.01,,Mengjie LIU,02 APR 2006,CHN,3,,"Handan Sports Center, Handan (CHN)",18 OCT 2024,1024,women_3000sc,2024,https://worldathletics.org/athletes/pr-of-china/mengjie-liu-15096990
54,10:30.18,,Saho TOMITA,11 JUL 2006,JPN,1,,"Denka Big Swan Stadium, Niigata (JPN)",27 JUN 2024,1024,women_3000sc,2024,https://worldathletics.org/athletes/japan/saho-tomita-14996637
55,10:30.26,,Kasumi SHIRAI,08 SEP 2002,JPN,7,,"Todoroki Stadium, Kawasaki (JPN)",22 SEP 2024,1023,women_3000sc,2024,https://worldathletics.org/athletes/japan/kasumi-shirai-14961767
56,10:30.36,,Yuika TSUZURAHARA,16 JUL 2007,JPN,2,,"Denka Big Swan Stadium, Niigata (JPN)",27 JUN 2024,1023,women_3000sc,2024,https://worldathletics.org/athletes/japan/yuika-tsuzurahara-15030213
57,10:30.37,,Guizhi MA,24 JUN 2004,CHN,3f1,,"Olympic Sports Center, Huangshi (CHN)",01 JUN 2024,1023,women_3000sc,2024,https://worldathletics.org/athletes/pr-of-china/guizhi-ma-15071544
58,10:30.72,,Yi-Jie XU,27 NOV 2003,TPE,1,,"Taipei Municipal Stadium, Taipei City (TPE)",22 SEP 2024,1022,women_3000sc,2024,https://worldathletics.org/athletes/chinese-taipei/yi-jie-xu-15135405
59,10:30.90,,Yu-na SON,18 DEC 1995,KOR,2,,"Mokpo Stadium, Mokpo (KOR)",16 JUN 2024,1022,women_3000sc,2024,https://worldathletics.org/athletes/athlete=14477459
60,10:31.22,,Kaho OMI,18 SEP 2003,JPN,8,,"Todoroki Stadium, Kawasaki (JPN)",22 SEP 2024,1021,women_3000sc,2024,https://worldathletics.org/athletes/athlete=14860664
61,10:31.39,,Se-hyun JUNG,19 JUL 1998,KOR,2,,"Jeongseon Sports Complex, Jeongseon (KOR)",26 JUN 2024,1021,women_3000sc,2024,https://worldathletics.org/athletes/athlete=14603407
62,10:31.67,,Kaede OYA,05 MAR 1994,JPN,5,,"Ishin Me-Life Stadium, Yamaguchi (JPN)",22 SEP 2024,1020,women_3000sc,2024,https://worldathletics.org/athletes/athlete=14545093
63,10:31.86,,Xiaoqing ZHAO,18 APR 2003,CHN,3f2,,"HOC Stadium, Hangzhou (CHN)",14 APR 2024,1020,women_3000sc,2024,https://worldathletics.org/athletes/athlete=14913614
64,10:31.93,,Cao ZHANG,05 JAN 2002,CHN,6f1,,"HOC Stadium, Hangzhou (CHN)",14 APR 2024,1020,women_3000sc,2024,https://worldathletics.org/athletes/athlete=14857396
65,10:32.75,,Xinru SHAO,15 MAR 2007,CHN,4f1,,"Guoxin Sports Center, Qingdao (CHN)",13 MAY 2024,1018,women_3000sc,2024,https://worldathletics.org/athletes/pr-of-china/xinru-shao-15137322
66,10:32.79,,H.M.C.S. HERATH,17 SEP 2001,SRI,1,,"Mahinda Rajapaksha Stadium, Diyagama (SRI)",02 MAR 2024,1018,women_3000sc,2024,https://worldathletics.org/athletes/sri-lanka/hmcs-herath-15003834
67,10:32.82,,Yume KIOKA,07 AUG 2003,JPN,10,,"Universiade Commemorative Stadium, Kobe (JPN)",21 APR 2024,1017,women_3000sc,2024,https://worldathletics.org/athletes/japan/yume-kioka-14963093
68,10:32.94,,Wei SONG,30 OCT 2005,CHN,13,,"Sports Center, Quzhou (CHN)",15 SEP 2024,1017,women_3000sc,2024,https://worldathletics.org/athletes/pr-of-china/wei-song-14981411
69,10:34.53,,Soo-ah CHOI,21 NOV 2000,KOR,3,,"Jeongseon Sports Complex, Jeongseon (KOR)",26 JUN 2024,1014,women_3000sc,2024,https://worldathletics.org/athletes/athlete=14815826
70,10:35.41,,Mei ITO,13 APR 2005,JPN,3,,"Denka Big Swan Stadium, Niigata (JPN)",27 JUN 2024,1011,women_3000sc,2024,https://worldathletics.org/athletes/japan/mei-ito-14998779
71,10:35.64,,Siqin DAI,26 MAR 2005,CHN,5f1,,"Olympic Sports Center, Huangshi (CHN)",01 JUN 2024,1011,women_3000sc,2024,https://worldathletics.org/athletes/pr-of-china/siqin-dai-14977638
72,10:37.10,,Toshika TAMURA,06 JUN 1990,JPN,6,,"Ishin Me-Life Stadium, Yamaguchi (JPN)",22 SEP 2024,1008,women_3000sc,2024,https://worldathletics.org/athletes/athlete=14288105
73,10:37.31,,Karin KAMEOKA,20 SEP 2003,JPN,3,,"National Stadium, Tokyo (JPN)",12 MAY 2024,1007,women_3000sc,2024,https://worldathletics.org/athletes/japan/karin-kameoka-14957928
74,10:37.44,,Yuzuyu SATO,26 SEP 2006,JPN,4,,"Denka Big Swan Stadium, Niigata (JPN)",27 JUN 2024,1007,women_3000sc,2024,https://worldathletics.org/athletes/japan/yuzuyu-sato-14954979
75,10:38.04,,Renxiang LI,18 MAY 2000,CHN,5f2,,"HOC Stadium, Hangzhou (CHN)",14 APR 2024,1005,women_3000sc,2024,https://worldathletics.org/athletes/athlete=14839842
76,10:38.34,,Nanako HATTORI,24 AUG 2002,JPN,9,,"Todoroki Stadium, Kawasaki (JPN)",22 SEP 2024,1005,women_3000sc,2024,https://worldathletics.org/athletes/japan/nanako-hattori-15001795
77,10:38.75,,Fengxia TIAN,18 MAR 2001,CHN,1,,"Sports Center, Nanping (CHN)",16 JUL 2024,1004,women_3000sc,2024,https://worldathletics.org/athletes/pr-of-china/fengxia-tian-14942545
78,10:39.11,,Mei KOMATSU,24 NOV 2005,JPN,5,,"Denka Big Swan Stadium, Niigata (JPN)",27 JUN 2024,1003,women_3000sc,2024,https://worldathletics.org/athletes/japan/mei-komatsu-15049050
79,10:39.63,,Yinxiang ZHOU,22 FEB 2002,CHN,2,,"Sports Center, Nanping (CHN)",16 JUL 2024,1002,women_3000sc,2024,https://worldathletics.org/athletes/pr-of-china/yinxiang-zhou-14942534
80,10:40.91,,Shuqi YE,26 DEC 2004,CHN,7f2,,"Olympic Sports Center, Huangshi (CHN)",01 JUN 2024,999,women_3000sc,2024,https://worldathletics.org/athletes/pr-of-china/shuqi-ye-14977750
81,10:41.07,,Prachi ANKUSH,30 JUN 2005,IND,1,,"Kalinga Stadium, Bhubaneshwar (IND)",11 DEC 2024,998,women_3000sc,2024,https://worldathletics.org/athletes/india/prachi-ankush-15072880
82,10:41.08,,Pengying FENG,29 AUG 2005,CHN,7f1,,"Olympic Sports Center, Huangshi (CHN)",01 JUN 2024,998,women_3000sc,2024,https://worldathletics.org/athletes/pr-of-china/pengying-feng-15044258
83,10:41.92,,Jing ZHOU,24 FEB 2005,CHN,3,,"Changchun Sports Center Stadium, Changchun (CHN)",28 SEP 2024,996,women_3000sc,2024,https://worldathletics.org/athletes/pr-of-china/jing-zhou-14981412
84,10:41.98,,Hina KATAYA,20 FEB 2008,JPN,6,,"Denka Big Swan Stadium, Niigata (JPN)",27 JUN 2024,996,women_3000sc,2024,https://worldathletics.org/athletes/japan/hina-kataya-15107474
85,10:43.31,,Samira KHODATARS,03 DEC 1999,IRI,1,,"Aftab Enghelab Sport Complex, Tehran (IRI)",06 SEP 2024,993,women_3000sc,2024,https://worldathletics.org/athletes/athlete=14860232
86,10:43.52,,Susmita TIGGA,25 DEC 2003,IND,3,,"Sree Kanteerava Outdoor Stadium, Bengaluru (IND)",02 SEP 2024,993,women_3000sc,2024,https://worldathletics.org/athletes/india/susmita-tigga-14999528
87,10:44.78,,Yuka SHIRAISHI,04 OCT 2003,JPN,10,,"Todoroki Stadium, Kawasaki (JPN)",22 SEP 2024,990,women_3000sc,2024,https://worldathletics.org/athletes/athlete=14868902
88,10:45.01,,Satsuki HIRANO,21 MAY 2006,JPN,7,,"Denka Big Swan Stadium, Niigata (JPN)",27 JUN 2024,989,women_3000sc,2024,https://worldathletics.org/athletes/japan/satsuki-hirano-15050901
89,10:45.05,,Hanna ISHINO,08 AUG 2003,JPN,10,,"Yanmar Stadium Nagai, Osaka (JPN)",12 MAY 2024,989,women_3000sc,2024,https://worldathletics.org/athletes/japan/hanna-ishino-14954832
90,10:45.87,,Wakana ISHIBIKI,14 MAY 2003,JPN,5,,"National Stadium, Tokyo (JPN)",12 MAY 2024,987,women_3000sc,2024,https://worldathletics.org/athletes/athlete=14930839
91,10:45.91,,Yuxin SHANG,21 JUN 2005,CHN,4,,"Changchun Sports Center Stadium, Changchun (CHN)",28 SEP 2024,987,women_3000sc,2024,https://worldathletics.org/athletes/pr-of-china/yuxin-shang-15110896
92,10:46.44,,Yuan PENG,12 SEP 2001,CHN,3,,"Sports Center, Nanping (CHN)",16 JUL 2024,986,women_3000sc,2024,https://worldathletics.org/athletes/pr-of-china/yuan-peng-15118665
93,10:46.95,,Yuna KURIHARA,17 OCT 2007,JPN,8,,"Denka Big Swan Stadium, Niigata (JPN)",27 JUN 2024,985,women_3000sc,2024,https://worldathletics.org/athletes/japan/yuna-kurihara-15167362
94,10:47.01,,Nichika MAEDA,27 APR 2007,JPN,9,,"Denka Big Swan Stadium, Niigata (JPN)",27 JUN 2024,985,women_3000sc,2024,https://worldathletics.org/athletes/japan/nichika-maeda-15171080
95,10:47.17,,Rio SUZUKI,20 NOV 2006,JPN,10,,"Denka Big Swan Stadium, Niigata (JPN)",27 JUN 2024,984,women_3000sc,2024,https://worldathletics.org/athletes/japan/rio-suzuki-14979647
96,10:47.86,,Min QIAO,09 FEB 2006,CHN,8f2,,"HOC Stadium, Hangzhou (CHN)",14 APR 2024,983,women_3000sc,2024,https://worldathletics.org/athletes/pr-of-china/min-qiao-15092489
97,10:49.12,,Suzuna HIYOSHI,02 NOV 2000,JPN,13,,"Universiade Commemorative Stadium, Kobe (JPN)",21 APR 2024,980,women_3000sc,2024,https://worldathletics.org/athletes/athlete=14855582
98,10:49.63,,Zhuoma DUNZHU,07 JUN 2008,CHN,10f2,,"HOC Stadium, Hangzhou (CHN)",14 APR 2024,979,women_3000sc,2024,https://worldathletics.org/athletes/pr-of-china/zhuoma-dunzhu-15137212
99,10:49.77,,Hinata KONA,11 DEC 2002,JPN,13,,"Todoroki Stadium, Kawasaki (JPN)",22 SEP 2024,979,women_3000sc,2024,https://worldathletics.org/athletes/japan/hinata-kona-14966619
100,10:50.35,,Ema MICHIDA,09 NOV 2004,JPN,6,,"National Stadium, Tokyo (JPN)",12 MAY 2024,977,women_3000sc,2024,https://worldathletics.org/athletes/japan/ema-michida-15028109
101,10:50.43,,Manju CHOUDHARI,13 DEC 2005,IND,2,,"Kalinga Stadium, Bhubaneshwar (IND)",11 DEC 2024,977,women_3000sc,2024,https://worldathletics.org/athletes/india/manju-choudhari-15190029
102,10:52.35,,Lamao GAIGE,10 JAN 2005,CHN,12f1,,"HOC Stadium, Hangzhou (CHN)",14 APR 2024,973,women_3000sc,2024,https://worldathletics.org/athletes/pr-of-china/lamao-gaige-14978421
103,10:52.57,,Ami OTSUKA,06 NOV 2002,JPN,7,,"National Stadium, Tokyo (JPN)",12 MAY 2024,972,women_3000sc,2024,https://worldathletics.org/athletes/athlete=14860669
104,10:52.67,,Hui-Ping SSU,23 FEB 2006,TPE,1,,"Taipei Municipal Stadium, Taipei City (TPE)",24 APR 2024,972,women_3000sc,2024,https://worldathletics.org/athletes/chinese-taipei/hui-ping-ssu-15076278
105,10:53.37,,Yukika MIYAUCHI,27 FEB 2002,JPN,3,,"Prefectural Stadium, Kumagaya (JPN)",19 MAY 2024,970,women_3000sc,2024,https://worldathletics.org/athletes/athlete=14855600
106,10:53.83,,Yan LEI,23 OCT 2001,CHN,4,,"Sports Center, Nanping (CHN)",16 JUL 2024,969,women_3000sc,2024,https://worldathletics.org/athletes/pr-of-china/yan-lei-15118885
107,10:54.01,,Riya DOHATARE,11 DEC 2001,IND,4,,"Tau Devi Lal Stadium, Panchkula (IND)",29 JUN 2024,969,women_3000sc,2024,https://worldathletics.org/athletes/india/riya-dohatare-15051278
108,10:54.06,,Hee-ju KO,22 OCT 1998,KOR,5,,"Jeongseon Sports Complex, Jeongseon (KOR)",26 JUN 2024,969,women_3000sc,2024,https://worldathletics.org/athletes/athlete=14670898
109,10:54.42,,Yume TAMURA,21 DEC 2004,JPN,3,,"Hakatanomori Athletic Stadium, Fukuoka (JPN)",07 JUL 2024,968,women_3000sc,2024,https://worldathletics.org/athletes/japan/yume-tamura-14957079
110,10:54.62,,. NIKITA,11 NOV 2004,IND,2,,"Sree Kanteerava Outdoor Stadium, Bengaluru (IND)",30 APR 2024,968,women_3000sc,2024,https://worldathletics.org/athletes/india/nikita-15053488
111,10:54.68,,Anjali PATEL,25 NOV 2004,IND,3,,"Kalinga Stadium, Bhubaneshwar (IND)",11 DEC 2024,967,women_3000sc,2024,https://worldathletics.org/athletes/india/anjali-patel-15116855
112,10:55.14,,Seoyeon PARK,12 APR 2004,KOR,5,,"Gimhae Stadium, Gimhae (KOR)",15 OCT 2024,966,women_3000sc,2024,https://worldathletics.org/athletes/korea/seoyeon-park-15143228
113,10:55.31,,Hadiseh RAOUF,31 DEC 2003,IRI,2,,"5 Mordad Stadium, Arak (IRI)",23 AUG 2024,966,women_3000sc,2024,https://worldathletics.org/athletes/athlete=14861288
114,10:56.67,,Wenyue DAI,02 MAR 2001,CHN,6,,"Hebei Olympic Sports Center, Qinhuangdao (CHN)",28 APR 2024,963,women_3000sc,2024,https://worldathletics.org/athletes/athlete=14811658
115,10:57.13,,Garima YADAV,04 JUL 2005,IND,2,,"SAI Regional Centre Sarojini Nagar, Lucknow (IND)",10 MAR 2024,962,women_3000sc,2024,https://worldathletics.org/athletes/india/garima-yadav-15116853
116,10:57.50,,Yuri SETO,14 NOV 2005,JPN,11,,"Denka Big Swan Stadium, Niigata (JPN)",27 JUN 2024,961,women_3000sc,2024,https://worldathletics.org/athletes/japan/yuri-seto-14998476
117,10:58.59,,Wenqing LIU,14 JUN 2005,CHN,12f2,,"HOC Stadium, Hangzhou (CHN)",14 APR 2024,959,women_3000sc,2024,https://worldathletics.org/athletes/pr-of-china/wenqing-liu-15137324
118,10:58.78,,Haruka YAMADA,27 MAR 2004,JPN,15,,"Todoroki Stadium, Kawasaki (JPN)",22 SEP 2024,958,women_3000sc,2024,https://worldathletics.org/athletes/athlete=14923009
119,10:59.03,,Siriguleng HE,11 APR 2005,CHN,5,,"Changchun Sports Center Stadium, Changchun (CHN)",28 SEP 2024,958,women_3000sc,2024,https://worldathletics.org/athletes/pr-of-china/siriguleng-he-15037000
120,10:59.09,,D.R. SMITHA,09 DEC 2000,IND,5,,"Sree Kanteerava Outdoor Stadium, Bengaluru (IND)",02 SEP 2024,957,women_3000sc,2024,https://worldathletics.org/athletes/athlete=14861999
121,10:59.49,,Qiuying FU,28 SEP 2005,CHN,4,,"Handan Sports Center, Handan (CHN)",18 OCT 2024,957,women_3000sc,2024,https://worldathletics.org/athletes/pr-of-china/qiuying-fu-15046543
122,10:59.74,,Atousa Atash BEJAN,28 AUG 2007,IRI,3,,"Aftab Enghelab Sport Complex, Tehran (IRI)",06 SEP 2024,956,women_3000sc,2024,https://worldathletics.org/athletes/islamic-republic-of-iran/atousa-atash-bejan-15121676
123,11:00.01,,Kanna TAKIZAWA,05 OCT 2003,JPN,9,,"National Stadium, Tokyo (JPN)",12 MAY 2024,955,women_3000sc,2024,https://worldathletics.org/athletes/japan/kanna-takizawa-14956726
124,11:01.05,,Natsuki OZEKI,12 AUG 2002,JPN,1,,"Hamayama Park Athletic Field, Izumo (JPN)",11 MAY 2024,953,women_3000sc,2024,https://worldathletics.org/athletes/japan/natsuki-ozeki-14949270
125,11:01.42,,Natsuki SUGITANI,31 AUG 2007,JPN,1,,"Azuma Stadium, Fukushima (JPN)",14 JUL 2024,952,women_3000sc,2024,https://worldathletics.org/athletes/japan/natsuki-sugitani-15107388
126,11:01.86,,Riko TANAKA,08 NOV 2002,JPN,10,,"National Stadium, Tokyo (JPN)",12 MAY 2024,951,women_3000sc,2024,https://worldathletics.org/athletes/japan/riko-tanaka-14950553
127,11:02.76,,Kyo ANZAI,08 JAN 2007,JPN,2,,"Azuma Stadium, Fukushima (JPN)",14 JUL 2024,949,women_3000sc,2024,https://worldathletics.org/athletes/japan/kyo-anzai-15103355
128,11:02.90,,Bhagwati DEORA,17 JUN 2003,IND,5,,"Tau Devi Lal Stadium, Panchkula (IND)",29 JUN 2024,949,women_3000sc,2024,https://worldathletics.org/athletes/india/bhagwati-deora-15114682
129,11:03.23,,Ami FURUNISHI,05 AUG 2003,JPN,2,,"Yanmar Stadium Nagai, Osaka (JPN)",10 AUG 2024,948,women_3000sc,2024,https://worldathletics.org/athletes/japan/ami-furunishi-15005245
130,11:03.78,,Sakura MANABE,14 JUL 2006,JPN,12,,"Denka Big Swan Stadium, Niigata (JPN)",27 JUN 2024,947,women_3000sc,2024,https://worldathletics.org/athletes/japan/sakura-manabe-15103357
131,11:05.59,,Yumeno ARASHI,07 FEB 2008,JPN,2,,"Nagaragawa Stadium, Gifu (JPN)",18 AUG 2024,943,women_3000sc,2024,https://worldathletics.org/athletes/japan/yumeno-arashi-15110594
132,11:05.70,,Akane MIYAZAKI,03 MAR 2003,JPN,2,,"Expo '70 Stadium, Suita (JPN)",03 APR 2024,943,women_3000sc,2024,https://worldathletics.org/athletes/athlete=14897248
133,11:06.22,,Hae-in HONG,10 APR 2005,KOR,6,,"Gimhae Stadium, Gimhae (KOR)",15 OCT 2024,941,women_3000sc,2024,https://worldathletics.org/athletes/korea/hae-in-hong-14986895
134,11:06.65,,Mio IHA,21 MAR 2005,JPN,5,,"Hakatanomori Athletic Stadium, Fukuoka (JPN)",07 JUL 2024,940,women_3000sc,2024,https://worldathletics.org/athletes/japan/mio-iha-14962746
135,11:07.50,,Rena HIRAKA,24 JUN 2002,JPN,1,,"Sports Center Athletics Stadium, Kurume (JPN)",27 SEP 2024,939,women_3000sc,2024,https://worldathletics.org/athletes/japan/rena-hiraka-14950233
136,11:07.63,,Joida GAGNAO,23 APR 1996,PHI,3,,"Taipei Municipal Stadium, Taipei City (TPE)",01 JUN 2024,938,women_3000sc,2024,https://worldathletics.org/athletes/athlete=14791723
137,11:07.64,,M. ANUPRIYA,10 MAY 1997,IND,6,,"Sree Kanteerava Outdoor Stadium, Bengaluru (IND)",02 SEP 2024,938,women_3000sc,2024,https://worldathletics.org/athletes/india/m-anupriya-15081852
138,11:07.71,,Sabohat SAMIZHONOVA,08 OCT 2002,UZB,2,,"AFU Athletics Stadium, Tashkent (UZB)",29 JUN 2024,938,women_3000sc,2024,https://worldathletics.org/athletes/athlete=14884908
139,11:08.11,,Fuka MATSUDAIRA,05 MAR 2006,JPN,1,,"Nagaragawa Stadium, Gifu (JPN)",11 MAY 2024,937,women_3000sc,2024,https://worldathletics.org/athletes/japan/fuka-matsudaira-15004660
140,11:09.16,,Vanessa Ying Zhuang LEE,23 FEB 1998,SGP,1,,"The Kallang - Singapore Sports Hub, Singapore (SGP)",18 APR 2024,935,women_3000sc,2024,https://worldathletics.org/athletes/athlete=14793688
141,11:09.36,,Wenxiu WANG,11 APR 2002,CHN,5,,"Sports Center, Nanping (CHN)",16 JUL 2024,934,women_3000sc,2024,https://worldathletics.org/athletes/pr-of-china/wenxiu-wang-15115129
142,11:09.89,,W.M.N. NIDARSHANI,06 MAY 1996,SRI,2,,"Mahinda Rajapaksha Stadium, Diyagama (SRI)",19 MAR 2024,933,women_3000sc,2024,https://worldathletics.org/athletes/sri-lanka/wmn-nidarshani-15009086
143,11:09.93,,. MANEESHA,04 DEC 2001,IND,6,,"Patliputra Sports Complex, Patna (IND)",29 SEP 2024,933,women_3000sc,2024,https://worldathletics.org/athletes/india/maneesha-15051276
144,11:10.40,,Reira KUDO,28 DEC 1995,JPN,3,,"ND Soft Stadium, Tendo (JPN)",13 JUL 2024,932,women_3000sc,2024,https://worldathletics.org/athletes/japan/reira-koiwa-14803202
145,11:10.47,,Mei SASAKI,26 APR 2006,JPN,2,,"Athletics Stadium, Akita (JPN)",25 AUG 2024,932,women_3000sc,2024,https://worldathletics.org/athletes/japan/mei-sasaki-15047904
146,11:10.75,,Gyu-rim LEE,16 DEC 2003,KOR,6,,"Jeongseon Sports Complex, Jeongseon (KOR)",26 JUN 2024,931,women_3000sc,2024,https://worldathletics.org/athletes/athlete=14919078
147,11:11.51,,Emi HAMADA,14 SEP 2001,JPN,3,,"Yanmar Stadium Nagai, Osaka (JPN)",10 AUG 2024,930,women_3000sc,2024,https://worldathletics.org/athletes/japan/emi-hamada-14997378
148,11:12.00,,Jin-hee HAN,16 SEP 2007,KOR,1,,"Gimhae Stadium, Gimhae (KOR)",15 OCT 2024,929,women_3000sc,2024,https://worldathletics.org/athletes/korea/jin-hee-han-15155753
149,11:12.37,,Haruka SUGIMOTO,27 JUN 2007,JPN,4,,"ND Soft Stadium, Tendo (JPN)",13 JUL 2024,928,women_3000sc,2024,https://worldathletics.org/athletes/japan/haruka-sugimoto-15112434
150,11:12.64,,Yue YANG,14 NOV 2006,CHN,8,,"Hebei Olympic Sports Center, Qinhuangdao (CHN)",28 APR 2024,927,women_3000sc,2024,https://worldathletics.org/athletes/pr-of-china/yue-yang-15019910
151,11:13.06,,Kana EBINA,19 OCT 2003,JPN,3,,"Nagaragawa Stadium, Gifu (JPN)",25 MAY 2024,926,women_3000sc,2024,https://worldathletics.org/athletes/japan/kana-ebina-14956741
152,11:13.32,,Min-hee JIN,01 JUN 2007,KOR,2,,"Gimhae Stadium, Gimhae (KOR)",15 OCT 2024,926,women_3000sc,2024,https://worldathletics.org/athletes/korea/min-hee-jin-15166736
153,11:14.76,,Hsin-Yu WU,21 JAN 2004,TPE,1,,"National Stadium, Kaohsiung (TPE)",26 FEB 2024,922,women_3000sc,2024,https://worldathletics.org/athletes/chinese-taipei/hsin-yu-wu-15020000
154,11:15.55,,Akbilek KURALBAI,11 JUL 2004,KAZ,1,,"Olympic Training Base, Almaty (KAZ)",12 JUN 2024,921,women_3000sc,2024,https://worldathletics.org/athletes/athlete=14884258
155,11:16.20,,Yumeka MIZUTA,02 JUL 2005,JPN,2,,"Nagai Stadium No. 2, Osaka (JPN)",17 OCT 2024,919,women_3000sc,2024,https://worldathletics.org/athletes/japan/yumeka-mizuta-15048866
156,11:17.60,,Tingwan TANG,12 DEC 2001,CHN,4,,"Jiangjin Stadium, Chongqing (CHN)",19 MAY 2024,916,women_3000sc,2024,https://worldathletics.org/athletes/athlete=14811648
157,11:17.70,,Kumari PARRU,15 SEP 2003,IND,7,,"Patliputra Sports Complex, Patna (IND)",29 SEP 2024,916,women_3000sc,2024,https://worldathletics.org/athletes/india/kumari-parru-15179011
158,11:18.65,,Xinran ZHI,17 NOV 2004,CHN,6,,"Sports Center, Nanping (CHN)",16 JUL 2024,914,women_3000sc,2024,https://worldathletics.org/athletes/pr-of-china/xinran-zhi-15183005
159,11:18.74,,Quji ZHAXI,14 APR 2006,CHN,14f2,,"HOC Stadium, Hangzhou (CHN)",14 APR 2024,914,women_3000sc,2024,https://worldathletics.org/athletes/pr-of-china/quji-zhaxi-15071545
160,11:19.11,,Maya IINO,05 FEB 1988,JPN,14,,"Yanmar Stadium Nagai, Osaka (JPN)",12 MAY 2024,913,women_3000sc,2024,https://worldathletics.org/athletes/athlete=14286470
161,11:20.26,,Zahra AFSHARIAN,02 AUG 2003,IRI,4,,"Aftab Enghelab Sport Complex, Tehran (IRI)",06 SEP 2024,910,women_3000sc,2024,https://worldathletics.org/athletes/islamic-republic-of-iran/zahra-afsharian-15079222
162,11:20.87,,Sanika NALAWADE,2005,IND,5,,"Kalinga Stadium, Bhubaneshwar (IND)",11 DEC 2024,909,women_3000sc,2024,https://worldathletics.org/athletes/india/sanika-nalawade-15104937
163,11:21.02,,Jessa Mae RODA,19 OCT 2002,PHI,1,,"Philsport Track Oval, Pasig (PHI)",10 MAY 2024,909,women_3000sc,2024,https://worldathletics.org/athletes/philippines/jessa-mae-roda-15109954
164,11:21.55,,Maho OTA,12 SEP 2002,JPN,4,,"Nagaragawa Stadium, Gifu (JPN)",25 MAY 2024,908,women_3000sc,2024,https://worldathletics.org/athletes/athlete=14931197
165,11:23.15,,Haruka GOTO,02 OCT 2006,JPN,3,,"Nagaragawa Stadium, Gifu (JPN)",18 AUG 2024,904,women_3000sc,2024,https://worldathletics.org/athletes/japan/haruka-goto-15175852
166,11:23.32,,Hui WANG,11 MAY 2002,CHN,2,,"Sports Center, Nanping (CHN)",16 JUL 2024,904,women_3000sc,2024,https://worldathletics.org/athletes/pr-of-china/hui-wang-15182315
167,11:23.33,,Jingwen DONG,12 DEC 2006,CHN,10,,"Hebei Olympic Sports Center, Qinhuangdao (CHN)",28 APR 2024,904,women_3000sc,2024,https://worldathletics.org/athletes/pr-of-china/jingwen-dong-15019911
168,11:23.39,,Da-yeon KIM,04 FEB 2005,KOR,6,,Iksan (KOR),08 JUL 2024,903,women_3000sc,2024,https://worldathletics.org/athletes/korea/da-yeon-kim-15039526
169,11:24.30,,Edna MAGTUBO,01 JAN 2004,PHI,1,,"Philsport Track Oval, Pasig (PHI)",26 OCT 2024,901,women_3000sc,2024,https://worldathletics.org/athletes/athlete=14843199
170,11:24.38,,Chiho TERASHIMA,03 NOV 2000,JPN,1,,"National Stadium, Tokyo (JPN)",12 MAY 2024,901,women_3000sc,2024,https://worldathletics.org/athletes/japan/chiho-terashima-15058472
171,11:25.51,,Vandana PATEL,05 JUL 2005,IND,7,,"Kalinga Stadium, Bhubaneshwar (IND)",11 DEC 2024,899,women_3000sc,2024,https://worldathletics.org/athletes/india/vandana-patel-15115828
172,11:26.04,,Pei Yu HE,24 MAY 2006,TPE,2,,"Taipei Municipal Stadium, Taipei City (TPE)",24 APR 2024,898,women_3000sc,2024,https://worldathletics.org/athletes/chinese-taipei/pei-yu-he-15135434
173,11:26.97,,Mashkura SOYBOVA,14 JUL 2008,UZB,4,,"AFU Athletics Stadium, Tashkent (UZB)",22 MAY 2024,896,women_3000sc,2024,https://worldathletics.org/athletes/uzbekistan/mashkura-soybova-15114180
174,11:27.85,,Babli VERMA,08 MAY 2000,IND,7,,"Sree Kanteerava Outdoor Stadium, Bengaluru (IND)",02 SEP 2024,894,women_3000sc,2024,https://worldathletics.org/athletes/india/babli-verma-15051277
175,11:28.72,,Miyu EKIMORI,19 OCT 2002,JPN,2,,"Hamayama Park Athletic Field, Izumo (JPN)",11 MAY 2024,892,women_3000sc,2024,https://worldathletics.org/athletes/japan/miyu-ekimori-15003731
176,11:28.73,,Fuka MIZUNOYA,13 JUL 2006,JPN,4,,"Azuma Stadium, Fukushima (JPN)",14 JUL 2024,892,women_3000sc,2024,https://worldathletics.org/athletes/japan/fuka-mizunoya-15107389
177,11:28.89,,Sakshi GURJAR,15 AUG 2004,IND,8,,"Patliputra Sports Complex, Patna (IND)",29 SEP 2024,891,women_3000sc,2024,https://worldathletics.org/athletes/india/sakshi-gurjar-15089159
178,11:29.72,,Marie Pascua ASHANTI,24 FEB 2006,TPE,3,,"Taipei Municipal Stadium, Taipei City (TPE)",24 APR 2024,890,women_3000sc,2024,https://worldathletics.org/athletes/chinese-taipei/marie-pascua-ashanti-15076277
179,11:30.25,,H.M. HARSHITHA,03 DEC 2004,IND,8,,"Kalinga Stadium, Bhubaneshwar (IND)",11 DEC 2024,889,women_3000sc,2024,https://worldathletics.org/athletes/india/hm-harshitha-15113704
180,11:30.48,,Kotone TAKAGAKI,11 JUL 2006,JPN,16,,"Denka Big Swan Stadium, Niigata (JPN)",27 JUN 2024,888,women_3000sc,2024,https://worldathletics.org/athletes/japan/kotone-takagaki-15171081
181,11:30.64,,Fuka OKUBO,08 JUL 2004,JPN,3,,"Nagai Stadium No. 2, Osaka (JPN)",17 OCT 2024,888,women_3000sc,2024,https://worldathletics.org/athletes/japan/fuka-okubo-14965610
182,11:31.24,,Hanjia LIU,30 OCT 2004,CHN,5,,"Jiangjin Stadium, Chongqing (CHN)",19 MAY 2024,886,women_3000sc,2024,https://worldathletics.org/athletes/pr-of-china/hanjia-liu-15075644
183,11:31.26,,Tomoka AOYAGI,06 JUN 2003,JPN,8,,"Hakatanomori Athletic Stadium, Fukuoka (JPN)",07 JUL 2024,886,women_3000sc,2024,https://worldathletics.org/athletes/japan/tomoka-aoyagi-14955135
184,11:31.60,,Saki FUJITA,05 OCT 2006,JPN,17,,"Denka Big Swan Stadium, Niigata (JPN)",27 JUN 2024,886,women_3000sc,2024,https://worldathletics.org/athletes/japan/saki-fujita-14954574
185,11:31.93,,Kristina SERGEYEVA,16 FEB 2004,KAZ,2,,"Olympic Training Base, Almaty (KAZ)",12 JUN 2024,885,women_3000sc,2024,https://worldathletics.org/athletes/kazakhstan/kristina-sergeyeva-14970237
186,11:31.96,,Haruka YAMADA,10 DEC 2004,JPN,12,,"National Stadium, Tokyo (JPN)",12 MAY 2024,885,women_3000sc,2024,https://worldathletics.org/athletes/japan/haruka-yamada-14965234
187,11:32.77,,Hye-rin NA,03 OCT 2007,KOR,3,,"Gimhae Stadium, Gimhae (KOR)",15 OCT 2024,883,women_3000sc,2024,https://worldathletics.org/athletes/korea/hye-rin-na-15099868
188,11:33.37,,Hyun-ok LEE,25 SEP 1990,KOR,6,,"Naju Sports Complex, Naju (KOR)",22 MAY 2024,882,women_3000sc,2024,https://worldathletics.org/athletes/athlete=14377342
189,11:33.38,,Nicole DILOY,02 MAR 2004,PHI,3,,"New Clark City Stadium, New Clark City (PHI)",21 NOV 2024,882,women_3000sc,2024,https://worldathletics.org/athletes/philippines/nicole-diloy-15107857
190,11:33.40,,. CHANCHAL,06 JUN 2002,IND,9,,"Patliputra Sports Complex, Patna (IND)",29 SEP 2024,882,women_3000sc,2024,https://worldathletics.org/athletes/india/chanchal-15113705
191,11:34.08,,. VIJETA,15 AUG 2004,IND,10,,"Patliputra Sports Complex, Patna (IND)",29 SEP 2024,880,women_3000sc,2024,https://worldathletics.org/athletes/india/vijeta-15179012
192,11:34.83,,Hongmei ZHANG,19 AUG 2007,CHN,11,,"Hebei Olympic Sports Center, Qinhuangdao (CHN)",28 APR 2024,879,women_3000sc,2024,https://worldathletics.org/athletes/pr-of-china/hongmei-zhang-15096587
193,11:34.93,,. AARTI,30 DEC 2004,IND,9,,"Kalinga Stadium, Bhubaneshwar (IND)",11 DEC 2024,878,women_3000sc,2024,https://worldathletics.org/athletes/india/aarti-15190185
194,11:36.23,,Tingting ZHANG,07 JUN 2003,CHN,7,,"Sports Center, Nanping (CHN)",16 JUL 2024,876,women_3000sc,2024,https://worldathletics.org/athletes/pr-of-china/tingting-zhang-15183006
195,11:37.33,,Honoka KAJIYA,06 JUL 2004,JPN,2,,"Kamoike Auxiliary Stadium, Kagoshima (JPN)",10 MAY 2024,873,women_3000sc,2024,https://worldathletics.org/athletes/japan/honoka-kajiya-14954945
196,11:38.54,,Tomoka SATO,30 SEP 2003,JPN,3,,"Expo '70 Stadium, Suita (JPN)",03 APR 2024,871,women_3000sc,2024,https://worldathletics.org/athletes/japan/tomoka-sato-14955699
197,11:38.95,,Kiori TAKAHASHI,23 JUN 2007,JPN,6,,"Athletics Stadium, Akita (JPN)",25 AUG 2024,870,women_3000sc,2024,https://worldathletics.org/athletes/japan/kiori-takahashi-15112431
197,11:38.95,,. PAYAL,05 AUG 2005,IND,10,,"Kalinga Stadium, Bhubaneshwar (IND)",11 DEC 2024,870,women_3000sc,2024,https://worldathletics.org/athletes/india/payal-15190186
199,11:39.14,,Mengdi TIAN,31 OCT 2007,CHN,12,,"Hebei Olympic Sports Center, Qinhuangdao (CHN)",28 APR 2024,869,women_3000sc,2024,https://worldathletics.org/athletes/pr-of-china/mengdi-tian-15155749
200,11:39.50,,A.S.Nisansala BANDARA,06 MAR 1992,SRI,3,,"Mahinda Rajapaksha Stadium, Diyagama (SRI)",19 MAR 2024,869,women_3000sc,2024,https://worldathletics.org/athletes/athlete=14661572
201,11:39.93,,Dian EKAYANTI,,INA,,,"Stadium Darul Makmur Kuantan, Kuantan (MAS)",15 JUN 2024,868,women_3000sc,2024,https://worldathletics.org/athletes/athlete=14843888
202,11:40.49,,Jada RINKAL,01 JUN 2003,IND,8,,"Sree Kanteerava Outdoor Stadium, Bengaluru (IND)",02 SEP 2024,866,women_3000sc,2024,https://worldathletics.org/athletes/india/jada-rinkal-15036845
203,11:40.61,,Sa-hin SHIN,23 APR 1992,KOR,7,,"Jeongseon Sports Complex, Jeongseon (KOR)",26 JUN 2024,866,women_3000sc,2024,https://worldathletics.org/athletes/athlete=14334608
204,11:40.84,,Arofat IMOMALIYEVA,10 FEB 2003,UZB,2,,Tashkent (UZB),11 MAY 2024,866,women_3000sc,2024,https://worldathletics.org/athletes/uzbekistan/arofat-imomaliyeva-15155972
205,11:41.67,,Jing SUN,30 DEC 2003,CHN,8,,"Sports Center, Nanping (CHN)",16 JUL 2024,864,women_3000sc,2024,https://worldathletics.org/athletes/pr-of-china/jing-sun-15183007
206,11:42.20,,. MONIKA,01 JUL 2004,IND,11,,"Patliputra Sports Complex, Patna (IND)",29 SEP 2024,863,women_3000sc,2024,https://worldathletics.org/athletes/india/monika-15079920
207,11:42.48,,Chieh-Yu CHU,21 APR 2007,TPE,1,,"Nantou County Stadium, Nantou City (TPE)",08 NOV 2024,862,women_3000sc,2024,https://worldathletics.org/athletes/chinese-taipei/chieh-yu-chu-15036510
208,11:42.51,,Chihiro TAKAHASHI,25 SEP 2004,JPN,7,,"Athletics Stadium, Akita (JPN)",25 AUG 2024,862,women_3000sc,2024,https://worldathletics.org/athletes/japan/chihiro-takahashi-14963841
209,11:43.90,,Melanie HAARRING,06 AUG 2004,TPE,4,,"Taipei Municipal Stadium, Taipei City (TPE)",01 JUN 2024,859,women_3000sc,2024,https://worldathletics.org/athletes/chinese-taipei/melanie-haarring-15047630
210,11:43.95,,Wei HUANG,16 MAY 2002,TPE,1,,"Taipei Municipal Stadium, Taipei City (TPE)",29 MAR 2024,859,women_3000sc,2024,https://worldathletics.org/athletes/chinese-taipei/wei-huang-15146951
211,11:46.26,,Yuka KIMURA,06 JUL 2002,JPN,4,,"National Stadium, Tokyo (JPN)",17 MAR 2024,854,women_3000sc,2024,https://worldathletics.org/athletes/japan/yuka-kimura-15053634
212,11:46.38,,Atashbejan ATOOSA,28 AUG 2007,IRI,2,,"Aftab Enghelab Sport Complex, Tehran (IRI)",17 JUN 2024,854,women_3000sc,2024,https://worldathletics.org/athletes/islamic-republic-of-iran/atashbejan-atoosa-15089356
213,11:46.69,,M.G.N.P KUMARI,30 MAR 2005,SRI,1,,"Mahinda Rajapaksha Stadium, Diyagama (SRI)",14 JUL 2024,853,women_3000sc,2024,https://worldathletics.org/athletes/sri-lanka/mgnp-kumari-15100620
214,11:46.95,,April Joy ALAMPAYAN,18 APR 1999,PHI,3,,"Philsport Track Oval, Pasig (PHI)",26 OCT 2024,853,women_3000sc,2024,https://worldathletics.org/athletes/philippines/april-joy-alampayan-15122600
215,11:48.25,,Yu-jeong LEE,24 APR 2002,KOR,7,,"Mokpo Stadium, Mokpo (KOR)",16 JUN 2024,850,women_3000sc,2024,https://worldathletics.org/athletes/athlete=14851012
216,11:48.26,,Mobina KHAYAT,06 NOV 2007,IRI,5,,"Aftab Enghelab Sport Complex, Tehran (IRI)",06 SEP 2024,850,women_3000sc,2024,https://worldathletics.org/athletes/islamic-republic-of-iran/mobina-khayat-15110349
217,11:48.52,,Ting-Yu LI,20 AUG 1994,TPE,2,,"Taipei Municipal Stadium, Taipei City (TPE)",04 FEB 2024,849,women_3000sc,2024,https://worldathletics.org/athletes/athlete=14422402
218,11:48.63,,Rio MAEZAWA,16 SEP 2008,JPN,3,,"Kusanagi Athletic Stadium, Shizuoka (JPN)",13 JUL 2024,849,women_3000sc,2024,https://worldathletics.org/athletes/japan/rio-maezawa-15176785
219,11:49.44,,Serika KOYANAGI,15 APR 2005,JPN,1,,"Yanmar Stadium Nagai, Osaka (JPN)",08 SEP 2024,847,women_3000sc,2024,https://worldathletics.org/athletes/japan/serika-koyanagi-15005248
220,11:50.27,,Miku USUI,03 JUN 2003,JPN,1,,"Nagaragawa Stadium, Gifu (JPN)",30 JUN 2024,846,women_3000sc,2024,https://worldathletics.org/athletes/japan/miku-usui-14950734
221,11:50.30,,Nene FUJII,14 NOV 2006,JPN,5,,"Nagaragawa Stadium, Gifu (JPN)",18 AUG 2024,846,women_3000sc,2024,https://worldathletics.org/athletes/japan/nene-fujii-15048908
222,11:50.53,,Sadaibonu NUSRATILLOYEVA,,UZB,3,,Tashkent (UZB),11 MAY 2024,845,women_3000sc,2024,https://worldathletics.org/athletes/uzbekistan/sadaibonu-nusratilloyeva-15155973
223,11:52.05,,Ran HATAYAMA,14 JUL 2006,JPN,9,,"Athletics Stadium, Akita (JPN)",25 AUG 2024,842,women_3000sc,2024,https://worldathletics.org/athletes/japan/ran-hatayama-15112437
224,11:53.13,,Shion NAKAGAWA,27 SEP 2005,JPN,3,,"Kamoike Auxiliary Stadium, Kagoshima (JPN)",10 MAY 2024,840,women_3000sc,2024,https://worldathletics.org/athletes/japan/shion-nakagawa-15048533
225,11:53.19,,Yicheng HE,16 AUG 2009,TPE,2,,"Nantou County Stadium, Nantou City (TPE)",08 NOV 2024,839,women_3000sc,2024,https://worldathletics.org/athletes/chinese-taipei/yicheng-he-15113523
226,11:53.24,,Chhoti DEVI,16 MAR 2006,IND,11,,"Kalinga Stadium, Bhubaneshwar (IND)",11 DEC 2024,839,women_3000sc,2024,https://worldathletics.org/athletes/india/chhoti-devi-15190187
227,11:53.94,,Hye-rim HWANG,29 OCT 2007,KOR,4,,"Gimhae Stadium, Gimhae (KOR)",15 OCT 2024,838,women_3000sc,2024,https://worldathletics.org/athletes/korea/hye-rim-hwang-15182104
228,11:54.69,,Nanae MINAMI,09 AUG 2006,JPN,2,,"Nagaragawa Stadium, Gifu (JPN)",30 JUN 2024,836,women_3000sc,2024,https://worldathletics.org/athletes/japan/nanae-minami-15104711
229,11:55.51,,Misaki KIMURA,14 NOV 2003,JPN,5,,"Yanmar Stadium Nagai, Osaka (JPN)",10 AUG 2024,835,women_3000sc,2024,https://worldathletics.org/athletes/japan/misaki-kimura-14965578
230,11:56.22,,Wu MIN,15 JAN 1991,TPE,2,,"Taipei Municipal Stadium, Taipei City (TPE)",29 MAR 2024,833,women_3000sc,2024,https://worldathletics.org/athletes/chinese-taipei/wu-min-14422400
231,11:56.97,,Satoka HAYATA,09 OCT 2007,JPN,6,,"Nagaragawa Stadium, Gifu (JPN)",18 AUG 2024,832,women_3000sc,2024,https://worldathletics.org/athletes/japan/satoka-hayata-15175853
232,11:57.02,,Shuhan WANG,16 SEP 2003,CHN,9,,"Sports Center, Nanping (CHN)",16 JUL 2024,831,women_3000sc,2024,https://worldathletics.org/athletes/pr-of-china/shuhan-wang-15183008
233,11:57.36,,Samira ZAMANI,14 MAR 1992,IRI,5,,"5 Mordad Stadium, Arak (IRI)",23 AUG 2024,831,women_3000sc,2024,https://worldathletics.org/athletes/athlete=14672379
234,11:58.50,,Chaitali BOREKAR,26 APR 2006,IND,3,,"SAI Regional Centre Sarojini Nagar, Lucknow (IND)",10 MAR 2024,828,women_3000sc,2024,https://worldathletics.org/athletes/india/chaitali-borekar-15117053
235,11:59.01,,Mina POUR KHOSRAVANI,,IRI,6,,"5 Mordad Stadium, Arak (IRI)",23 AUG 2024,827,women_3000sc,2024,https://worldathletics.org/athletes/islamic-republic-of-iran/mina-pour-khosravani-15179529
236,11:59.08,,Meljoy GONZALES,11 MAY 2003,PHI,4,,"New Clark City Stadium, New Clark City (PHI)",21 NOV 2024,827,women_3000sc,2024,https://worldathletics.org/athletes/philippines/meljoy-gonzales-15122525
237,11:59.36,,. SHREERAKSHA,19 MAY 2006,IND,12,,"Kalinga Stadium, Bhubaneshwar (IND)",11 DEC 2024,827,women_3000sc,2024,https://worldathletics.org/athletes/india/shreeraksha-15117049
238,11:59.39,,K. S. SILPA,03 APR 2002,IND,13,,"Patliputra Sports Complex, Patna (IND)",29 SEP 2024,826,women_3000sc,2024,https://worldathletics.org/athletes/india/k-s-silpa-15124597
239,12:00.49,,Mei LI,02 MAR 2000,CHN,3,,"Sports Center, Nanping (CHN)",16 JUL 2024,824,women_3000sc,2024,https://worldathletics.org/athletes/athlete=14892592
240,12:01.03,,Ema SUGAWARA,06 JAN 2008,JPN,5,,"ND Soft Stadium, Tendo (JPN)",13 JUL 2024,823,women_3000sc,2024,https://worldathletics.org/athletes/japan/ema-sugawara-15176274
241,12:01.04,,Jhih Cing LAI,03 NOV 2007,TPE,5,,"Taipei Municipal Stadium, Taipei City (TPE)",24 APR 2024,823,women_3000sc,2024,https://worldathletics.org/athletes/chinese-taipei/jhih-cing-lai-15113524
242,12:01.49,,Xiaoyue ZHANG,11 JUL 2004,CHN,10,,"Sports Center, Nanping (CHN)",16 JUL 2024,822,women_3000sc,2024,https://worldathletics.org/athletes/pr-of-china/xiaoyue-zhang-15183009
243,12:02.04,,Loaa ZAAROUR,31 MAR 1992,LBN,1,,"Camille Chamoun Sports City Stadium, Beirut (LBN)",20 JUL 2024,821,women_3000sc,2024,https://worldathletics.org/athletes/athlete=14882391
244,12:02.77,,Hiu Tung TSANG,03 JAN 1999,HKG,1,,"Wan Chai Sports Ground, Hong Kong (HKG)",10 MAR 2024,819,women_3000sc,2024,https://worldathletics.org/athletes/hong-kong-china/hiu-tung-tsang-15041245
245,12:02.80,,Dan YANG,05 FEB 2001,CHN,11,,"Sports Center, Nanping (CHN)",16 JUL 2024,819,women_3000sc,2024,https://worldathletics.org/athletes/pr-of-china/dan-yang-15118886
246,12:03.15,,Setayesh AMINI,24 DEC 2005,IRI,6,,"Aftab Enghelab Sport Complex, Tehran (IRI)",06 SEP 2024,819,women_3000sc,2024,https://worldathletics.org/athletes/islamic-republic-of-iran/setayesh-amini-15043327
247,12:03.97,,Yukari NOJI,06 APR 2007,JPN,5,,"Azuma Stadium, Fukushima (JPN)",14 JUL 2024,817,women_3000sc,2024,https://worldathletics.org/athletes/japan/yukari-noji-15178215
248,12:05.64,,Pei Hsin LI,08 OCT 2007,TPE,4,,"Taipei Municipal Stadium, Taipei City (TPE)",04 FEB 2024,813,women_3000sc,2024,https://worldathletics.org/athletes/chinese-taipei/pei-hsin-li-15135435
249,12:06.58,,Ho Chi LEE,01 FEB 2008,TPE,6,,"Taipei Municipal Stadium, Taipei City (TPE)",24 APR 2024,811,women_3000sc,2024,https://worldathletics.org/athletes/chinese-taipei/ho-chi-lee-15146950
250,12:07.22,,So-eun YANG,08 DEC 2006,KOR,3,,"Jeongseon Sports Complex, Jeongseon (KOR)",26 JUN 2024,810,women_3000sc,2024,https://worldathletics.org/athletes/korea/so-eun-yang-15115001
251,12:07.62,,Sama MOSTAFA,11 MAR 2008,LBN,2,,"Camille Chamoun Sports City Stadium, Beirut (LBN)",28 JUN 2024,809,women_3000sc,2024,https://worldathletics.org/athletes/lebanon/sama-mostafa-15108318
252,12:08.06,,Hina SUZUKI,30 APR 2006,JPN,6,,"ND Soft Stadium, Tendo (JPN)",13 JUL 2024,808,women_3000sc,2024,https://worldathletics.org/athletes/japan/hina-suzuki-15176275
253,12:08.26,,Yue ZHANG,11 APR 2004,CHN,12,,"Sports Center, Nanping (CHN)",16 JUL 2024,808,women_3000sc,2024,https://worldathletics.org/athletes/pr-of-china/yue-zhang-15183010
254,12:08.37,,K.S DILSHANI,03 MAY 2000,SRI,2,,"Mahinda Rajapaksha Stadium, Diyagama (SRI)",26 JUN 2024,808,women_3000sc,2024,https://worldathletics.org/athletes/sri-lanka/ks-dilshani-15169243
255,12:09.00,,Chia Chien LIN,30 APR 2009,TPE,3,,"Nantou County Stadium, Nantou City (TPE)",08 NOV 2024,806,women_3000sc,2024,https://worldathletics.org/athletes/chinese-taipei/chia-chien-lin-15144891
256,12:09.75,,Rupa KUMARI,11 JAN 2002,IND,14,,"Patliputra Sports Complex, Patna (IND)",29 SEP 2024,805,women_3000sc,2024,https://worldathletics.org/athletes/india/rupa-kumari-15059958
257,12:09.86,,Ana Marie EUGENIO,26 MAY 2005,PHI,4,,Dubai (UAE),25 APR 2024,805,women_3000sc,2024,https://worldathletics.org/athletes/philippines/ana-marie-eugenio-15109961
258,12:10.54,,Ka Yan HAU,28 AUG 1987,HKG,1,,"Tsueng Kwan O Sports Ground, Hong Kong (HKG)",02 NOV 2024,803,women_3000sc,2024,https://worldathletics.org/athletes/hong-kong-china/ka-yan-hau-14523898
259,12:10.58,,Satoko KONNO,12 SEP 2007,JPN,6,,"Azuma Stadium, Fukushima (JPN)",14 JUL 2024,803,women_3000sc,2024,https://worldathletics.org/athletes/japan/satoko-konno-15178216
260,12:11.06,,Kaho KOTAKE,12 NOV 2008,JPN,4,,"Kusanagi Athletic Stadium, Shizuoka (JPN)",13 JUL 2024,802,women_3000sc,2024,https://worldathletics.org/athletes/japan/kaho-kotake-15176793
261,12:11.07,,Abilhan ULDANAI,07 JUL 2007,KAZ,3,,"Olympic Training Base, Almaty (KAZ)",12 JUN 2024,802,women_3000sc,2024,https://worldathletics.org/athletes/kazakhstan/abilhan-uldanai-15063477
262,12:11.20,,Ji-young NO,26 AUG 2005,KOR,6,,"Seocheon Sports Complex, Seocheon (KOR)",11 SEP 2024,802,women_3000sc,2024,https://worldathletics.org/athletes/korea/ji-young-no-15115002
263,12:11.83,,Farida TULKINBOYEVA,22 DEC 2004,UZB,4,,Tashkent (UZB),11 MAY 2024,801,women_3000sc,2024,https://worldathletics.org/athletes/athlete=14919358
264,12:12.42,,Kuan-Ying SUNG,03 DEC 2004,TPE,3,,"National Stadium, Kaohsiung (TPE)",26 FEB 2024,799,women_3000sc,2024,https://worldathletics.org/athletes/chinese-taipei/kuan-ying-sung-15047419
265,12:12.74,,Shiekhy Heart SUPREMO,14 MAR 2005,PHI,1,,"Philsport Track Oval, Pasig (PHI)",05 OCT 2024,799,women_3000sc,2024,https://worldathletics.org/athletes/philippines/shiekhy-heart-supremo-15180427
266,12:13.60,,Maria Jonna ABUTAS,15 JUN 2000,PHI,3,,"Philsport Track Oval, Pasig (PHI)",10 MAY 2024,797,women_3000sc,2024,https://worldathletics.org/athletes/philippines/maria-jonna-abutas-15109956
267,12:13.85,,You-rim KIM,22 JUN 2006,KOR,2,,Gimhae (KOR),18 AUG 2024,796,women_3000sc,2024,https://worldathletics.org/athletes/korea/you-rim-kim-15178002
268,12:14.00,,Wenyue ZHU,23 FEB 2005,CHN,13,,"Sports Center, Nanping (CHN)",16 JUL 2024,796,women_3000sc,2024,https://worldathletics.org/athletes/pr-of-china/wenyue-zhu-15183011
269,12:14.32,,Gyeong-jeong YANG,21 APR 2004,KOR,6,,"Mangma Athletic Competition Center, Yeosu (KOR)",24 APR 2024,796,women_3000sc,2024,https://worldathletics.org/athletes/korea/gyeong-jeong-yang-14951755
270,12:14.64,,Yu-Ting HUANG,18 DEC 2007,TPE,4,,"Nantou County Stadium, Nantou City (TPE)",08 NOV 2024,795,women_3000sc,2024,https://worldathletics.org/athletes/chinese-taipei/yu-ting-huang-15020005
271,12:14.71,,Yuka MIZUTA,30 JAN 2005,JPN,3,,"Hamayama Park Athletic Field, Izumo (JPN)",11 MAY 2024,795,women_3000sc,2024,https://worldathletics.org/athletes/japan/yuka-mizuta-15003756
272,12:14.80,,Chanchal YADAV,15 OCT 2004,IND,15,,"Patliputra Sports Complex, Patna (IND)",29 SEP 2024,795,women_3000sc,2024,https://worldathletics.org/athletes/india/chanchal-yadav-15179013
273,12:14.86,,So-young YU,10 MAR 2008,KOR,4,,"Mokpo Stadium, Mokpo (KOR)",13 JUN 2024,794,women_3000sc,2024,https://worldathletics.org/athletes/korea/so-young-yu-15166737
1,8:45.25,,Winfred YAVI,31 DEC 1999,BRN,1,,"Hayward Field, Eugene, OR (USA)",05 JUL 2025,1282,women_3000sc,2025,https://worldathletics.org/athletes/athlete=14695622
2,8:59.46,,Norah JERUTO,02 OCT 1995,KAZ,4,,"Hayward Field, Eugene, OR (USA)",05 JUL 2025,1246,women_3000sc,2025,https://worldathletics.org/athletes/athlete=14479154
3,9:12.46,,Parul CHAUDHARY,15 APR 1995,IND,2,,"Gumi Civic Stadium, Gumi (KOR)",30 MAY 2025,1213,women_3000sc,2025,https://worldathletics.org/athletes/athlete=14497992
4,9:15.98,,Daisy JEPKEMEI,13 FEB 1996,KAZ,6,,"Letzigrund, Zürich (SUI)",28 AUG 2025,1204,women_3000sc,2025,https://worldathletics.org/athletes/athlete=14530633
5,9:24.72,,Miu SAITO,22 JUN 2002,JPN,6h3,,"National Stadium, Tokyo (JPN)",15 SEP 2025,1182,women_3000sc,2025,https://worldathletics.org/athletes/athlete=14931241
6,9:26.44,,Xia LUO,10 MAY 2000,CHN,1,,"Guangdong Ersha Sports Training Center, Guangzhou (CHN)",16 NOV 2025,1177,women_3000sc,2025,https://worldathletics.org/athletes/athlete=14892675
7,9:31.99,,ANKITA,05 FEB 2002,IND,2,,"Lohrheidestadion, Wattenscheid, Bochum (GER)",27 JUL 2025,1164,women_3000sc,2025,https://worldathletics.org/athletes/athlete=14818406
8,9:36.31,,Shuangshuang XU,06 APR 1996,CHN,2,,"Guangdong Ersha Sports Training Center, Guangzhou (CHN)",16 NOV 2025,1153,women_3000sc,2025,https://worldathletics.org/athletes/athlete=14534952
9,9:40.85,,Manami NISHIYAMA,09 DEC 1999,JPN,2,,"Prefectural Shizuoka Stadium, Fukuroi (JPN)",03 MAY 2025,1142,women_3000sc,2025,https://worldathletics.org/athletes/athlete=14733877
10,9:45.89,,Yuzu NISHIDE,25 JAN 2000,JPN,4,,"Prefectural Shizuoka Stadium, Fukuroi (JPN)",03 MAY 2025,1129,women_3000sc,2025,https://worldathletics.org/athletes/athlete=14858472
11,9:50.97,,Momoa YAMADA,13 MAY 2001,JPN,2,,"Ishin Me-Life Stadium, Yamaguchi (JPN)",27 SEP 2025,1117,women_3000sc,2025,https://worldathletics.org/athletes/japan/momoa-yamada-14985780
12,9:51.30,,Shanshan ZHANG,10 SEP 1999,CHN,3,,"Guangdong Ersha Sports Training Center, Guangzhou (CHN)",16 NOV 2025,1116,women_3000sc,2025,https://worldathletics.org/athletes/athlete=14796252
13,9:53.09,,Harim JO,14 SEP 1996,KOR,7,,"Gumi Civic Stadium, Gumi (KOR)",30 MAY 2025,1112,women_3000sc,2025,https://worldathletics.org/athletes/athlete=14532353
14,9:54.49,,Ayana YAMASHITA,23 FEB 2004,JPN,10,,"Lohrheidestadion, Wattenscheid, Bochum (GER)",27 JUL 2025,1108,women_3000sc,2025,https://worldathletics.org/athletes/japan/ayana-yamashita-14962342
15,9:55.30,,Yiting YANG,15 MAR 2004,CHN,4,,"Guangdong Ersha Sports Training Center, Guangzhou (CHN)",16 NOV 2025,1106,women_3000sc,2025,https://worldathletics.org/athletes/pr-of-china/yiting-yang-14983614
16,9:56.11,,Panpan WANG,17 JUN 2003,CHN,2f2,,"Sports Center, Quzhou (CHN)",04 AUG 2025,1104,women_3000sc,2025,https://worldathletics.org/athletes/athlete=14885772
17,9:59.54,,Yanfeng HUANG,10 DEC 2005,CHN,5,,"Guangdong Ersha Sports Training Center, Guangzhou (CHN)",16 NOV 2025,1096,women_3000sc,2025,https://worldathletics.org/athletes/pr-of-china/yanfeng-huang-15080428
18,9:59.63,,Ayaka KOIKE,09 APR 1993,JPN,3,,"Ishin Me-Life Stadium, Yamaguchi (JPN)",27 SEP 2025,1096,women_3000sc,2025,https://worldathletics.org/athletes/athlete=14545070
19,10:00.69,,Xinyan ZHANG,09 FEB 1994,CHN,6,,"Guangdong Ersha Sports Training Center, Guangzhou (CHN)",16 NOV 2025,1093,women_3000sc,2025,https://worldathletics.org/athletes/athlete=14488655
20,10:02.35,,Chaoyun ZHAO,29 APR 2004,CHN,2,,"Kuishan Sports Center, Rizhao (CHN)",27 SEP 2025,1089,women_3000sc,2025,https://worldathletics.org/athletes/pr-of-china/chaoyun-zhao-15127429
21,10:02.76,,Yuka KOMATSU,02 JUL 2003,JPN,2,,"Prefectural Stadium, Okayama (JPN)",08 JUN 2025,1088,women_3000sc,2025,https://worldathletics.org/athletes/athlete=14860670
22,10:03.00,,Buerlieni MULATIBIEKE,01 DEC 2003,CHN,3,,"Kuishan Sports Center, Rizhao (CHN)",27 SEP 2025,1088,women_3000sc,2025,https://worldathletics.org/athletes/pr-of-china/buerlieni-mulatibieke-14974427
23,10:04.13,,Yuxin LIU,28 JUN 2004,CHN,8,,"Guangdong Ersha Sports Training Center, Guangzhou (CHN)",16 NOV 2025,1085,women_3000sc,2025,https://worldathletics.org/athletes/pr-of-china/yuxin-liu-15084919
24,10:05.60,,PRITI,18 DEC 1995,IND,1,,"War Hero Stadium, Sangrur (IND)",28 JUL 2025,1082,women_3000sc,2025,https://worldathletics.org/athletes/athlete=14498000
25,10:05.81,,Mayu KAWASE,30 NOV 2003,JPN,3,,"Prefectural Stadium, Okayama (JPN)",08 JUN 2025,1081,women_3000sc,2025,https://worldathletics.org/athletes/japan/mayu-kawase-14956885
26,10:06.59,,Rei TAYA,06 MAR 2009,JPN,2,,"Kusanagi Athletic Stadium, Shizuoka (JPN)",27 SEP 2025,1079,women_3000sc,2025,https://worldathletics.org/athletes/japan/rei-taya-15030210
27,10:06.62,,Dilshoda USMANOVA,12 MAR 2005,UZB,9,,"Gumi Civic Stadium, Gumi (KOR)",30 MAY 2025,1079,women_3000sc,2025,https://worldathletics.org/athletes/athlete=14924215
28,10:06.78,,Dongchen GONG,13 OCT 2006,CHN,9,,"Guangdong Ersha Sports Training Center, Guangzhou (CHN)",16 NOV 2025,1079,women_3000sc,2025,https://worldathletics.org/athletes/pr-of-china/dongchen-gong-14979085
29,10:07.21,,Xiaoxuan LI,03 FEB 2005,CHN,6,,"Kuishan Sports Center, Rizhao (CHN)",27 SEP 2025,1078,women_3000sc,2025,https://worldathletics.org/athletes/pr-of-china/xiaoxuan-li-15089499
30,10:08.39,,Suzuna HIYOSHI,02 NOV 2000,JPN,1,,"Yanmar Stadium Nagai, Osaka (JPN)",08 JUN 2025,1075,women_3000sc,2025,https://worldathletics.org/athletes/athlete=14855582
31,10:09.04,,Yukina HONJO,18 MAY 2000,JPN,7,,"National Stadium, Tokyo (JPN)",06 JUL 2025,1073,women_3000sc,2025,https://worldathletics.org/athletes/athlete=14916740
32,10:09.07,,Prachi ANKUSH,30 JUN 2005,IND,1,,"Stadium Hanamkonda, Warangal (IND)",18 OCT 2025,1073,women_3000sc,2025,https://worldathletics.org/athletes/india/prachi-ankush-15072880
33,10:10.70,,Jiahui CHEN,28 JAN 2003,CHN,4f2,,"Sports Center, Jiaxing (CHN)",29 APR 2025,1069,women_3000sc,2025,https://worldathletics.org/athletes/athlete=14893316
34,10:13.74,,Thi Oanh NGUYEN,15 AUG 1995,VIE,1,,"Supachalasai National Stadium, Bangkok (THA)",16 DEC 2025,1062,women_3000sc,2025,https://worldathletics.org/athletes/athlete=14524770
35,10:14.34,,Komal JAGADALE,26 JAN 1999,IND,2,,"Sree Kanteerava Outdoor Stadium, Bengaluru (IND)",30 SEP 2025,1061,women_3000sc,2025,https://worldathletics.org/athletes/athlete=14740940
36,10:14.54,,Mengjie LIU,02 APR 2006,CHN,8f1,,"Guoxin Sports Center, Qingdao (CHN)",19 JUN 2025,1060,women_3000sc,2025,https://worldathletics.org/athletes/pr-of-china/mengjie-liu-15096990
37,10:14.90,,Bour-ha-na NAM,27 JUL 1994,KOR,10,,"Gumi Civic Stadium, Gumi (KOR)",30 MAY 2025,1059,women_3000sc,2025,https://worldathletics.org/athletes/athlete=14532347
38,10:15.70,,Manju YADAV,20 DEC 2002,IND,2,,"Maharana Pratap Sports College Dehradun, Dehradun (IND)",10 FEB 2025,1058,women_3000sc,2025,https://worldathletics.org/athletes/india/manju-yadav-14993443
39,10:18.48,,Yuika TSUZURAHARA,16 JUL 2007,JPN,3,,"Kusanagi Athletic Stadium, Shizuoka (JPN)",27 SEP 2025,1051,women_3000sc,2025,https://worldathletics.org/athletes/japan/yuika-tsuzurahara-15030213
40,10:19.30,,Dongmei CAI,29 SEP 2000,CHN,3,,Chongqing (CHN),15 MAY 2025,1049,women_3000sc,2025,https://worldathletics.org/athletes/pr-of-china/dongmei-cai-15043937
41,10:19.89,,Kaede OYA,05 MAR 1994,JPN,7,,"Egao Kenko Stadium, Kumamoto (JPN)",12 APR 2025,1048,women_3000sc,2025,https://worldathletics.org/athletes/athlete=14545093
42,10:20.89,,. ANKITA,27 MAY 2004,IND,2,,"Jawaharlal Nehru Stadium, Chennai (IND)",24 AUG 2025,1045,women_3000sc,2025,https://worldathletics.org/athletes/india/ankita-15116854
43,10:22.41,,Yuanhua XU,16 JUN 2000,CHN,1f2,,"Guoxin Sports Center, Qingdao (CHN)",19 JUN 2025,1042,women_3000sc,2025,https://worldathletics.org/athletes/athlete=14839843
44,10:24.05,,Nichika MAEDA,27 APR 2007,JPN,4,,"Kusanagi Athletic Stadium, Shizuoka (JPN)",27 SEP 2025,1038,women_3000sc,2025,https://worldathletics.org/athletes/japan/nichika-maeda-15171080
45,10:24.06,,Xiaojuan KE,03 JAN 1999,CHN,9,,"Kuishan Sports Center, Rizhao (CHN)",27 SEP 2025,1038,women_3000sc,2025,https://worldathletics.org/athletes/athlete=14714406
46,10:24.40,,Yuxin SHANG,21 JUN 2005,CHN,3f1,,"Sports Center, Jiaxing (CHN)",29 APR 2025,1037,women_3000sc,2025,https://worldathletics.org/athletes/pr-of-china/yuxin-shang-15110896
47,10:24.50,,Xinru SHAO,15 MAR 2007,CHN,12,,"Guangdong Ersha Sports Training Center, Guangzhou (CHN)",16 NOV 2025,1037,women_3000sc,2025,https://worldathletics.org/athletes/pr-of-china/xinru-shao-15137322
48,10:27.48,,Soo-ah CHOI,21 NOV 2000,KOR,2,,"Gumi Civic Stadium, Gumi (KOR)",22 APR 2025,1030,women_3000sc,2025,https://worldathletics.org/athletes/athlete=14815826
49,10:27.75,,Karin AKAHORI,14 AUG 2000,JPN,11,,"National Stadium, Tokyo (JPN)",06 JUL 2025,1029,women_3000sc,2025,https://worldathletics.org/athletes/athlete=14899742
50,10:27.95,,Zhuoma DUNZHU,07 JUN 2008,CHN,1,,"Shanxi Athletics Administrative Center, Xi'an (CHN)",30 MAY 2025,1029,women_3000sc,2025,https://worldathletics.org/athletes/pr-of-china/zhuoma-dunzhu-15137212
51,10:28.07,,Jiali WANG,12 MAY 2001,CHN,2f2,,"Guoxin Sports Center, Qingdao (CHN)",19 JUN 2025,1029,women_3000sc,2025,https://worldathletics.org/athletes/athlete=14913563
52,10:28.21,,Li BAI,30 MAR 1996,CHN,14,,"Guangdong Ersha Sports Training Center, Guangzhou (CHN)",16 NOV 2025,1028,women_3000sc,2025,https://worldathletics.org/athletes/athlete=14702490
53,10:28.74,,Nasimakhon MAMIROVA,13 SEP 2009,UZB,2,,"AFU Athletics Stadium, Tashkent (UZB)",15 MAY 2025,1027,women_3000sc,2025,https://worldathletics.org/athletes/uzbekistan/nasimakhon-mamirova-15225109
54,10:28.76,,Haruka YAMADA,27 MAR 2004,JPN,3,,"Gion Stadium, Sagamihara (JPN)",11 MAY 2025,1027,women_3000sc,2025,https://worldathletics.org/athletes/athlete=14923009
55,10:29.24,,Hanieh SHAHPARI,15 JAN 2007,IRI,1,,"Imam Khomeini Stadium, Arak (IRI)",11 JUL 2025,1026,women_3000sc,2025,https://worldathletics.org/athletes/islamic-republic-of-iran/hanieh-shahpari-15212431
56,10:29.93,,Vandana MORI,31 AUG 2002,IND,1,,"Sree Kanteerava Outdoor Stadium, Bengaluru (IND)",28 JUN 2025,1024,women_3000sc,2025,https://worldathletics.org/athletes/athlete=14862000
57,10:29.98,,Xiaoqing ZHAO,18 APR 2003,CHN,11,,"Kuishan Sports Center, Rizhao (CHN)",27 SEP 2025,1024,women_3000sc,2025,https://worldathletics.org/athletes/athlete=14913614
58,10:30.20,,Meru WATANABE,17 JUL 2007,JPN,5,,"Kusanagi Athletic Stadium, Shizuoka (JPN)",27 SEP 2025,1024,women_3000sc,2025,https://worldathletics.org/athletes/japan/meru-watanabe-15001202
59,10:31.07,,Rong CHEN,03 APR 2007,CHN,6,,"Zhaoqing Sports Center, Zhaoqing (CHN)",12 APR 2025,1022,women_3000sc,2025,https://worldathletics.org/athletes/pr-of-china/rong-chen-15096981
60,10:31.08,,Hanjia LIU,30 OCT 2004,CHN,7,,"Zhaoqing Sports Center, Zhaoqing (CHN)",12 APR 2025,1022,women_3000sc,2025,https://worldathletics.org/athletes/pr-of-china/hanjia-liu-15075644
61,10:32.82,,Mei KOMATSU,24 NOV 2005,JPN,4,,"Gion Stadium, Sagamihara (JPN)",11 MAY 2025,1017,women_3000sc,2025,https://worldathletics.org/athletes/japan/mei-komatsu-15049050
62,10:34.24,,Samira KHODATARS,03 DEC 1999,IRI,1,,"Sardar Jangal Stadium, Rasht (IRI)",05 MAY 2025,1014,women_3000sc,2025,https://worldathletics.org/athletes/athlete=14860232
63,10:35.47,,Kotono MATSUDA,02 DEC 2008,JPN,6,,"Kusanagi Athletic Stadium, Shizuoka (JPN)",27 SEP 2025,1011,women_3000sc,2025,https://worldathletics.org/athletes/japan/kotono-matsuda-15260421
64,10:36.02,,Yu-na SON,18 DEC 1995,KOR,3,,"Busan Asiad Stadium, Busan (KOR)",21 OCT 2025,1010,women_3000sc,2025,https://worldathletics.org/athletes/athlete=14477459
65,10:36.19,,Saho TOMITA,11 JUL 2006,JPN,5,,"Prefectural Stadium, Okayama (JPN)",08 JUN 2025,1010,women_3000sc,2025,https://worldathletics.org/athletes/japan/saho-tomita-14996637
66,10:36.36,,. NIKITA,11 NOV 2004,IND,2,,"Jawaharlal Nehru Stadium, Chennai (IND)",15 APR 2025,1009,women_3000sc,2025,https://worldathletics.org/athletes/india/nikita-15053488
67,10:36.81,,M. ANUPRIYA,10 MAY 1997,IND,3,,"Jawaharlal Nehru Stadium, Chennai (IND)",24 AUG 2025,1008,women_3000sc,2025,https://worldathletics.org/athletes/india/m-anupriya-15081852
68,10:37.01,,Hee-ju KO,22 OCT 1998,KOR,4,,"Busan Asiad Stadium, Busan (KOR)",21 OCT 2025,1008,women_3000sc,2025,https://worldathletics.org/athletes/athlete=14670898
69,10:37.15,,Rebi PAI,12 DEC 2001,IND,3,,"Maharana Pratap Sports College Dehradun, Dehradun (IND)",10 FEB 2025,1007,women_3000sc,2025,https://worldathletics.org/athletes/athlete=14861998
70,10:37.38,,Wenqing LIU,14 JUN 2005,CHN,6f1,,"Sports Center, Jiaxing (CHN)",29 APR 2025,1007,women_3000sc,2025,https://worldathletics.org/athletes/pr-of-china/wenqing-liu-15137324
71,10:38.01,,Miku HATTORI,04 MAY 2007,JPN,7,,"Kusanagi Athletic Stadium, Shizuoka (JPN)",27 SEP 2025,1005,women_3000sc,2025,https://worldathletics.org/athletes/japan/miku-hattori-15180094
72,10:39.05,,Shuqi YE,26 DEC 2004,CHN,7f1,,"Sports Center, Jiaxing (CHN)",29 APR 2025,1003,women_3000sc,2025,https://worldathletics.org/athletes/pr-of-china/shuqi-ye-14977750
73,10:39.46,,Siqin DAI,26 MAR 2005,CHN,8f1,,"Sports Center, Jiaxing (CHN)",29 APR 2025,1002,women_3000sc,2025,https://worldathletics.org/athletes/pr-of-china/siqin-dai-14977638
74,10:39.98,,Ema MICHIDA,09 NOV 2004,JPN,7,,"Prefectural Stadium, Okayama (JPN)",08 JUN 2025,1001,women_3000sc,2025,https://worldathletics.org/athletes/japan/ema-michida-15028109
75,10:40.05,,Maika KOBAYASHI,03 JUN 2002,JPN,13,,"National Stadium, Tokyo (JPN)",06 JUL 2025,1001,women_3000sc,2025,https://worldathletics.org/athletes/japan/maika-kobayashi-14950091
76,10:40.50,,Yumeno ARASHI,07 FEB 2008,JPN,8,,"Kusanagi Athletic Stadium, Shizuoka (JPN)",27 SEP 2025,1000,women_3000sc,2025,https://worldathletics.org/athletes/japan/yumeno-arashi-15110594
77,10:40.73,,Yuri SETO,14 NOV 2005,JPN,8,,"Prefectural Stadium, Okayama (JPN)",08 JUN 2025,999,women_3000sc,2025,https://worldathletics.org/athletes/japan/yuri-seto-14998476
78,10:42.91,,Yume KIOKA,07 AUG 2003,JPN,2,,"Takebishi Stadium, Kyoto (JPN)",14 SEP 2025,994,women_3000sc,2025,https://worldathletics.org/athletes/japan/yume-kioka-14963093
79,10:43.38,,Hanna ISHINO,08 AUG 2003,JPN,2,,"Yanmar Stadium Nagai, Osaka (JPN)",07 MAY 2025,993,women_3000sc,2025,https://worldathletics.org/athletes/japan/hanna-ishino-14954832
80,10:43.56,,Riko MIYATA,26 AUG 2008,JPN,9,,"Kusanagi Athletic Stadium, Shizuoka (JPN)",27 SEP 2025,993,women_3000sc,2025,https://worldathletics.org/athletes/japan/riko-miyata-15164020
81,10:44.22,,Edna MAGTUBO,01 JAN 2004,PHI,1,,"Philsport Track Oval, Pasig (PHI)",04 OCT 2025,991,women_3000sc,2025,https://worldathletics.org/athletes/athlete=14843199
82,10:44.23,,Susmita TIGGA,25 DEC 2003,IND,2,,"Stadium Hanamkonda, Warangal (IND)",18 OCT 2025,991,women_3000sc,2025,https://worldathletics.org/athletes/india/susmita-tigga-14999528
83,10:46.39,,. ANJALI,10 MAR 1999,IND,3,,"Jawaharlal Nehru Stadium, Chennai (IND)",15 APR 2025,986,women_3000sc,2025,https://worldathletics.org/athletes/india/anjali-15022257
84,10:46.74,,Lamao GAIGE,10 JAN 2005,CHN,6f2,,"Guoxin Sports Center, Qingdao (CHN)",19 JUN 2025,985,women_3000sc,2025,https://worldathletics.org/athletes/pr-of-china/lamao-gaige-14978421
85,10:48.02,,Xin CHI,22 JAN 2005,CHN,2,,"Liaoning Athletics Management Center, Dalian (CHN)",20 JUL 2025,983,women_3000sc,2025,https://worldathletics.org/athletes/pr-of-china/xin-chi-15092439
86,10:48.22,,Sadafbonu NUSRATILLEVA,25 FEB 2008,UZB,12,,"Gumi Civic Stadium, Gumi (KOR)",30 MAY 2025,982,women_3000sc,2025,https://worldathletics.org/athletes/uzbekistan/sadafbonu-nusratilleva-15111359
87,10:49.40,,Riya DOHATARE,11 DEC 2001,IND,5,,"Maharana Pratap Sports College Dehradun, Dehradun (IND)",10 FEB 2025,979,women_3000sc,2025,https://worldathletics.org/athletes/india/riya-dohatare-15051278
88,10:50.14,,Kasumi SHIRAI,08 SEP 2002,JPN,7,,"Ishin Me-Life Stadium, Yamaguchi (JPN)",27 SEP 2025,978,women_3000sc,2025,https://worldathletics.org/athletes/japan/kasumi-shirai-14961767
89,10:50.21,,Riko OYA,30 NOV 2009,JPN,10,,"Kusanagi Athletic Stadium, Shizuoka (JPN)",27 SEP 2025,978,women_3000sc,2025,https://worldathletics.org/athletes/japan/riko-oya-15260422
90,10:50.30,,Thu Hang DOAN,27 OCT 2001,VIE,2,,"Supachalasai National Stadium, Bangkok (THA)",16 DEC 2025,977,women_3000sc,2025,https://worldathletics.org/athletes/athlete=14760124
91,10:50.39,,Sakshi BORHADE,12 OCT 2005,IND,1,,"Madan Mohan Malviya Sports Stadium, Prayagraj (IND)",24 JUN 2025,977,women_3000sc,2025,https://worldathletics.org/athletes/india/sakshi-borhade-15244697
92,10:51.03,,Fangfang MA,09 OCT 2006,CHN,11f2,,"Sports Center, Jiaxing (CHN)",29 APR 2025,976,women_3000sc,2025,https://worldathletics.org/athletes/pr-of-china/fangfang-ma-15080431
93,10:51.06,,Haruka SUGIMOTO,27 JUN 2007,JPN,1,,"ND Soft Stadium, Tendo (JPN)",20 JUL 2025,976,women_3000sc,2025,https://worldathletics.org/athletes/japan/haruka-sugimoto-15112434
94,10:51.25,,Hae-in HONG,10 APR 2005,KOR,5,,"Busan Asiad Stadium, Busan (KOR)",21 OCT 2025,975,women_3000sc,2025,https://worldathletics.org/athletes/korea/hae-in-hong-14986895
95,10:51.43,,Min-hee JIN,01 JUN 2007,KOR,4,,"Jeongseon Sports Complex, Jeongseon (KOR)",24 JUN 2025,975,women_3000sc,2025,https://worldathletics.org/athletes/korea/min-hee-jin-15166736
96,10:52.16,,Kanon KONDO,18 MAR 2009,JPN,11,,"Kusanagi Athletic Stadium, Shizuoka (JPN)",27 SEP 2025,973,women_3000sc,2025,https://worldathletics.org/athletes/japan/kanon-kondo-15249637
97,10:52.56,,Jessa Mae RODA,19 OCT 2002,PHI,1,,"New Clark City Stadium, New Clark City (PHI)",09 NOV 2025,972,women_3000sc,2025,https://worldathletics.org/athletes/philippines/jessa-mae-roda-15109954
98,10:52.64,,Garima YADAV,04 JUL 2005,IND,2,,"Madan Mohan Malviya Sports Stadium, Prayagraj (IND)",24 JUN 2025,972,women_3000sc,2025,https://worldathletics.org/athletes/india/garima-yadav-15116853
99,10:53.16,,Yui KUROSAKA,13 MAY 2008,JPN,12,,"Kusanagi Athletic Stadium, Shizuoka (JPN)",27 SEP 2025,971,women_3000sc,2025,https://worldathletics.org/athletes/japan/yui-kurosaka-15181659
100,10:53.72,,Nefriana DAIK,27 NOV 2002,INA,1,,"Manahan Stadium, Surakarta (INA)",04 SEP 2025,970,women_3000sc,2025,https://worldathletics.org/athletes/indonesia/nefriana-daik-15109699
101,10:55.03,,Shaheen DHARWAD,01 JUN 1999,IND,5,,"Sree Kanteerava Outdoor Stadium, Bengaluru (IND)",30 SEP 2025,967,women_3000sc,2025,https://worldathletics.org/athletes/india/shaheen-dharwad-15059964
102,10:55.23,,Wenyue DAI,02 MAR 2001,CHN,4,,"Liaoning Athletics Management Center, Dalian (CHN)",20 JUL 2025,966,women_3000sc,2025,https://worldathletics.org/athletes/athlete=14811658
103,10:55.27,,Emi HAMADA,14 SEP 2001,JPN,3,,"Yanmar Stadium Nagai, Osaka (JPN)",07 MAY 2025,966,women_3000sc,2025,https://worldathletics.org/athletes/japan/emi-hamada-14997378
104,10:55.57,,Wakana ISHIBIKI,14 MAY 2003,JPN,4,,"Lemon Gas Stadium, Hiratsuka (JPN)",27 APR 2025,965,women_3000sc,2025,https://worldathletics.org/athletes/athlete=14930839
105,10:55.77,,Haruka SEKIMOTO,01 JUN 2005,JPN,8,,"Gion Stadium, Sagamihara (JPN)",11 MAY 2025,965,women_3000sc,2025,https://worldathletics.org/athletes/japan/haruka-sekimoto-14998674
106,10:56.03,,Pengying FENG,29 AUG 2005,CHN,9,,"Sports Center, Bengbu (CHN)",14 JUN 2025,964,women_3000sc,2025,https://worldathletics.org/athletes/pr-of-china/pengying-feng-15044258
107,10:56.38,,H.M.C.S. HERATH,17 SEP 2001,SRI,1,,"Mahinda Rajapaksha Stadium, Diyagama (SRI)",20 FEB 2025,964,women_3000sc,2025,https://worldathletics.org/athletes/sri-lanka/hmcs-herath-15003834
108,10:56.94,,Wei SONG,30 OCT 2005,CHN,11f2,,"Sports Center, Quzhou (CHN)",04 AUG 2025,962,women_3000sc,2025,https://worldathletics.org/athletes/pr-of-china/wei-song-14981411
108,10:56.94,,Yi-Jie XU,27 NOV 2003,TPE,1,,"Taipei Municipal Stadium, Taipei City (TPE)",20 SEP 2025,962,women_3000sc,2025,https://worldathletics.org/athletes/chinese-taipei/yi-jie-xu-15135405
110,10:56.98,,Manju CHOUDHARI,13 DEC 2005,IND,1,,"Kalinga Stadium, Bhubaneshwar (IND)",14 OCT 2025,962,women_3000sc,2025,https://worldathletics.org/athletes/india/manju-choudhari-15190029
111,10:57.39,,Rina TAKEDA,08 AUG 2004,JPN,11,,"Prefectural Stadium, Okayama (JPN)",08 JUN 2025,961,women_3000sc,2025,https://worldathletics.org/athletes/japan/rina-takeda-14950557
112,10:57.97,,Sakshi GURJAR,15 AUG 2004,IND,4,,"Jawaharlal Nehru Stadium, Chennai (IND)",15 APR 2025,960,women_3000sc,2025,https://worldathletics.org/athletes/india/sakshi-gurjar-15089159
113,10:58.09,,Shion NAKAGAWA,27 SEP 2005,JPN,12,,"Prefectural Stadium, Okayama (JPN)",08 JUN 2025,960,women_3000sc,2025,https://worldathletics.org/athletes/japan/shion-nakagawa-15048533
114,10:58.16,,Akbilek KURALBAI,11 JUL 2004,KAZ,1,,"Olympic Training Base, Almaty (KAZ)",20 JUN 2025,960,women_3000sc,2025,https://worldathletics.org/athletes/athlete=14884258
115,10:58.31,,Mila KARMILA,22 JUL 2000,INA,2,,"Manahan Stadium, Surakarta (INA)",04 SEP 2025,959,women_3000sc,2025,https://worldathletics.org/athletes/athlete=14843912
116,10:58.51,,Rin OYAMA,16 MAY 2007,JPN,13,,"Kusanagi Athletic Stadium, Shizuoka (JPN)",27 SEP 2025,959,women_3000sc,2025,https://worldathletics.org/athletes/japan/rin-oyama-15249634
117,10:58.64,,Yuzuyu SATO,26 SEP 2006,JPN,9,,"Gion Stadium, Sagamihara (JPN)",11 MAY 2025,958,women_3000sc,2025,https://worldathletics.org/athletes/japan/yuzuyu-sato-14954979
118,10:58.98,,Aoi MARUYAMA,20 NOV 2006,JPN,10,,"Gion Stadium, Sagamihara (JPN)",11 MAY 2025,958,women_3000sc,2025,https://worldathletics.org/athletes/japan/aoi-maruyama-15000759
119,11:00.18,,Khushbu GUPTA,07 NOV 1998,IND,7,,"Sree Kanteerava Outdoor Stadium, Bengaluru (IND)",30 SEP 2025,955,women_3000sc,2025,https://worldathletics.org/athletes/athlete=14670521
120,11:00.59,,Sakura SHIRAHAMA,02 NOV 2005,JPN,4,,"Takebishi Stadium, Kyoto (JPN)",14 SEP 2025,954,women_3000sc,2025,https://worldathletics.org/athletes/athlete=14919447
121,11:01.30,,Karin SETOGUCHI,10 MAY 2008,JPN,14,,"Kusanagi Athletic Stadium, Shizuoka (JPN)",27 SEP 2025,952,women_3000sc,2025,https://worldathletics.org/athletes/japan/karin-setoguchi-15252078
122,11:01.52,,Hiu Tung TSANG,03 JAN 1999,HKG,1,,"Wan Chai Sports Ground, Hong Kong (HKG)",10 MAY 2025,952,women_3000sc,2025,https://worldathletics.org/athletes/hong-kong-china/hiu-tung-tsang-15041245
123,11:03.21,,Min QIAO,09 FEB 2006,CHN,10f1,,"Sports Center, Jiaxing (CHN)",29 APR 2025,948,women_3000sc,2025,https://worldathletics.org/athletes/pr-of-china/min-qiao-15092489
124,11:03.79,,Sakura KITAJIMA,05 MAR 2008,JPN,15,,"Kusanagi Athletic Stadium, Shizuoka (JPN)",27 SEP 2025,947,women_3000sc,2025,https://worldathletics.org/athletes/japan/sakura-kitajima-15177873
125,11:04.14,,Misaki MORISHITA,08 JAN 2008,JPN,16,,"Kusanagi Athletic Stadium, Shizuoka (JPN)",27 SEP 2025,946,women_3000sc,2025,https://worldathletics.org/athletes/japan/misaki-morishita-15260423
126,11:04.18,,Vanessa Ying Zhuang LEE,23 FEB 1998,SGP,,,"Wan Chai Sports Ground, Hong Kong (HKG)",10 MAY 2025,946,women_3000sc,2025,https://worldathletics.org/athletes/athlete=14793688
127,11:04.43,,Arisa TAKEMURA,08 NOV 2007,JPN,17,,"Kusanagi Athletic Stadium, Shizuoka (JPN)",27 SEP 2025,945,women_3000sc,2025,https://worldathletics.org/athletes/japan/arisa-takemura-15249852
128,11:04.71,,W.M.N. NIDARSHANI,06 MAY 1996,SRI,1,,"Mahinda Rajapaksha Stadium, Diyagama (SRI)",09 MAR 2025,945,women_3000sc,2025,https://worldathletics.org/athletes/sri-lanka/wmn-nidarshani-15009086
129,11:05.31,,Nilanthi Lanka ARYIADASA,29 OCT 1992,SRI,2,,"Mahinda Rajapaksha Stadium, Diyagama (SRI)",30 SEP 2025,943,women_3000sc,2025,https://worldathletics.org/athletes/athlete=14552162
130,11:05.44,,Ai SEGAWA,19 SEP 2004,JPN,5,,"Takebishi Stadium, Kyoto (JPN)",14 SEP 2025,943,women_3000sc,2025,https://worldathletics.org/athletes/japan/ai-segawa-14958137
131,11:06.53,,Quji ZHAXI,14 APR 2006,CHN,5,,"Shanxi Athletics Administrative Center, Xi'an (CHN)",30 MAY 2025,941,women_3000sc,2025,https://worldathletics.org/athletes/pr-of-china/quji-zhaxi-15071545
132,11:07.20,,Qiuying FU,28 SEP 2005,CHN,6,,"Shanxi Athletics Administrative Center, Xi'an (CHN)",30 MAY 2025,939,women_3000sc,2025,https://worldathletics.org/athletes/pr-of-china/qiuying-fu-15046543
133,11:07.74,,Honoka KAJIYA,06 JUL 2004,JPN,1,,"Kamoike Auxiliary Stadium, Kagoshima (JPN)",13 JUL 2025,938,women_3000sc,2025,https://worldathletics.org/athletes/japan/honoka-kajiya-14954945
134,11:07.85,,A. GEETHANJALI,16 DEC 2004,IND,5,,"Stadium Hanamkonda, Warangal (IND)",18 OCT 2025,938,women_3000sc,2025,https://worldathletics.org/athletes/india/a-geethanjali-15089160
135,11:08.12,,Mei ITO,13 APR 2005,JPN,11,,"Gion Stadium, Sagamihara (JPN)",11 MAY 2025,937,women_3000sc,2025,https://worldathletics.org/athletes/japan/mei-ito-14998779
136,11:08.59,,Priya CHHETRI,24 DEC 2007,IND,3,,"Madan Mohan Malviya Sports Stadium, Prayagraj (IND)",24 JUN 2025,936,women_3000sc,2025,https://worldathletics.org/athletes/india/priya-chhetri-15244698
137,11:08.85,,Hongmei ZHANG,19 AUG 2007,CHN,6,,Taizhou (CHN),23 JUN 2025,936,women_3000sc,2025,https://worldathletics.org/athletes/pr-of-china/hongmei-zhang-15096587
138,11:09.19,,Seo-yeon PARK,12 APR 2004,KOR,4,,"Yecheon Stadium, Yecheon (KOR)",04 SEP 2025,935,women_3000sc,2025,https://worldathletics.org/athletes/korea/seo-yeon-park-14987511
139,11:09.21,,Thi Ngoc Anh HOANG,15 SEP 2006,VIE,,,"National Athletics Centre, Pathum Thani (THA)",23 JUN 2025,935,women_3000sc,2025,https://worldathletics.org/athletes/vietnam/thi-ngoc-anh-hoang-15009031
140,11:10.06,,Sayaka MINEO,11 MAY 2005,JPN,12,,"Gion Stadium, Sagamihara (JPN)",11 MAY 2025,933,women_3000sc,2025,https://worldathletics.org/athletes/japan/sayaka-mineo-15057049
141,11:10.40,,. CHANCHAL,06 JUN 2002,IND,3,,"Maharaja's College Grounds, Kochi (IND)",23 APR 2025,932,women_3000sc,2025,https://worldathletics.org/athletes/india/chanchal-15113705
142,11:10.49,,Jin-hee HAN,16 SEP 2007,KOR,7,,"Jeongseon Sports Complex, Jeongseon (KOR)",24 JUN 2025,932,women_3000sc,2025,https://worldathletics.org/athletes/korea/jin-hee-han-15155753
143,11:10.85,,So-young YU,10 MAR 2008,KOR,1,,"Yecheon Stadium, Yecheon (KOR)",09 JUN 2025,931,women_3000sc,2025,https://worldathletics.org/athletes/korea/so-young-yu-15166737
144,11:10.87,,Shiya FENG,02 JUN 2004,CHN,6,,"Liaoning Athletics Management Center, Dalian (CHN)",20 JUL 2025,931,women_3000sc,2025,https://worldathletics.org/athletes/pr-of-china/shiya-feng-15251667
145,11:10.97,,Yuka SHIRAISHI,04 OCT 2003,JPN,13,,"Gion Stadium, Sagamihara (JPN)",11 MAY 2025,931,women_3000sc,2025,https://worldathletics.org/athletes/athlete=14868902
146,11:11.25,,Jada RINKAL,01 JUN 2003,IND,6,,"Stadium Hanamkonda, Warangal (IND)",18 OCT 2025,930,women_3000sc,2025,https://worldathletics.org/athletes/india/jada-rinkal-15036845
147,11:12.29,,Kotomi TAMURA,04 AUG 2008,JPN,2,,Rifu (JPN),24 AUG 2025,928,women_3000sc,2025,https://worldathletics.org/athletes/japan/kotomi-tamura-15256218
148,11:12.48,,Seoyeon PARK,12 APR 2004,KOR,4,,"Miryang Sports Complexs, Miryang (KOR)",19 MAY 2025,928,women_3000sc,2025,https://worldathletics.org/athletes/korea/seoyeon-park-15143228
149,11:13.30,,Yuan PENG,12 SEP 2001,CHN,8,,"Shanxi Athletics Administrative Center, Xi'an (CHN)",30 MAY 2025,926,women_3000sc,2025,https://worldathletics.org/athletes/pr-of-china/yuan-peng-15118665
150,11:13.58,,M.G.N.P KUMARI,30 MAR 2005,SRI,1,,"Mahinda Rajapaksha Stadium, Diyagama (SRI)",19 AUG 2025,925,women_3000sc,2025,https://worldathletics.org/athletes/sri-lanka/mgnp-kumari-15100620
151,11:13.86,,Kit Ching YIU,20 FEB 1988,HKG,f2,,"Sports Center, Quzhou (CHN)",04 AUG 2025,924,women_3000sc,2025,https://worldathletics.org/athletes/athlete=14386062
152,11:15.69,,Shaili DHAMA,10 FEB 1999,IND,5,,"Sree Kanteerava Outdoor Stadium, Bengaluru (IND)",28 JUN 2025,920,women_3000sc,2025,https://worldathletics.org/athletes/athlete=14925544
153,11:16.08,,B.W.N SEWWANDI,05 JUN 2002,SRI,2,,"Mahinda Rajapaksha Stadium, Diyagama (SRI)",09 MAR 2025,920,women_3000sc,2025,https://worldathletics.org/athletes/sri-lanka/bwn-sewwandi-15169242
154,11:16.30,,Vandana PATEL,05 JUL 2005,IND,4,,"Madan Mohan Malviya Sports Stadium, Prayagraj (IND)",24 JUN 2025,919,women_3000sc,2025,https://worldathletics.org/athletes/india/vandana-patel-15115828
155,11:17.04,,. MANEESHA,04 DEC 2001,IND,6,,"War Hero Stadium, Sangrur (IND)",28 JUL 2025,917,women_3000sc,2025,https://worldathletics.org/athletes/india/maneesha-15051276
156,11:17.19,,Kasumi HIGASHIGUCHI,13 MAY 2004,JPN,1,,"Athletics Stadium, Toyama (JPN)",24 AUG 2025,917,women_3000sc,2025,https://worldathletics.org/athletes/japan/kasumi-higashiguchi-14959724
157,11:17.36,,Aprilia KARTINA,21 APR 1997,INA,3,,"Manahan Stadium, Surakarta (INA)",04 SEP 2025,917,women_3000sc,2025,https://worldathletics.org/athletes/athlete=14524768
158,11:18.25,,Anjali MADAVI,30 MAR 2006,IND,2,,"Kalinga Stadium, Bhubaneshwar (IND)",14 OCT 2025,915,women_3000sc,2025,https://worldathletics.org/athletes/india/anjali-madavi-15262342
159,11:18.61,,Atousa Atash BEJAN,28 AUG 2007,IRI,3,,"Sardar Jangal Stadium, Rasht (IRI)",05 MAY 2025,914,women_3000sc,2025,https://worldathletics.org/athletes/islamic-republic-of-iran/atousa-atash-bejan-15121676
159,11:18.61,,Melanie HAARRING,06 AUG 2004,TPE,2,,Yunlin (TPE),21 OCT 2025,914,women_3000sc,2025,https://worldathletics.org/athletes/chinese-taipei/melanie-haarring-15047630
161,11:19.00,,C. CHITHRA,10 JUL 2006,IND,3,,"Kalinga Stadium, Bhubaneshwar (IND)",14 OCT 2025,913,women_3000sc,2025,https://worldathletics.org/athletes/india/c-chithra-15224710
162,11:20.28,,Miyu NISHINO,21 AUG 2007,JPN,3,,Rifu (JPN),24 AUG 2025,910,women_3000sc,2025,https://worldathletics.org/athletes/japan/miyu-nishino-15257362
163,11:21.93,,Ciren GAMA,15 MAY 2009,CHN,9,,"Shanxi Athletics Administrative Center, Xi'an (CHN)",30 MAY 2025,907,women_3000sc,2025,https://worldathletics.org/athletes/pr-of-china/ciren-gama-15172658
164,11:23.77,,Sizuku FUZITA,31 OCT 2006,JPN,1,,"Yamashiro Park Stadium, Uji (JPN)",06 APR 2025,903,women_3000sc,2025,https://worldathletics.org/athletes/japan/sizuku-fuzita-15222308
165,11:24.33,,Chia Chien LIN,30 APR 2009,TPE,1,,"Taipei Municipal Stadium, Taipei City (TPE)",07 NOV 2025,901,women_3000sc,2025,https://worldathletics.org/athletes/chinese-taipei/chia-chien-lin-15144891
166,11:24.34,,Chao-Chun CHEN,15 AUG 1992,TPE,1,,"Taipei Municipal Stadium, Taipei City (TPE)",16 FEB 2025,901,women_3000sc,2025,https://worldathletics.org/athletes/athlete=14377890
167,11:24.96,,Nicole DILOY,02 MAR 2004,PHI,3,,"Philsport Track Oval, Pasig (PHI)",04 OCT 2025,900,women_3000sc,2025,https://worldathletics.org/athletes/philippines/nicole-diloy-15107857
168,11:25.56,,Hinako NISHIMURA,15 JUN 2004,JPN,2,,"Kusanagi Athletic Stadium, Shizuoka (JPN)",12 JUL 2025,899,women_3000sc,2025,https://worldathletics.org/athletes/japan/hinako-nishimura-14966583
169,11:26.46,,Zahra AFSHARIAN,02 AUG 2003,IRI,4,,"Sardar Jangal Stadium, Rasht (IRI)",05 MAY 2025,897,women_3000sc,2025,https://worldathletics.org/athletes/islamic-republic-of-iran/zahra-afsharian-15079222
170,11:26.78,,Hye-rin NA,03 OCT 2007,KOR,2,,"Yecheon Stadium, Yecheon (KOR)",15 APR 2025,896,women_3000sc,2025,https://worldathletics.org/athletes/korea/hye-rin-na-15099868
171,11:27.50,,Noriko AKEBIYAMA,10 JUL 2003,JPN,3,,"Hakatanomori Athletic Stadium, Fukuoka (JPN)",16 MAY 2025,895,women_3000sc,2025,https://worldathletics.org/athletes/japan/noriko-akebiyama-14950940
172,11:28.58,,Yicheng HE,16 AUG 2009,TPE,4,,Yunlin (TPE),21 OCT 2025,892,women_3000sc,2025,https://worldathletics.org/athletes/chinese-taipei/yicheng-he-15113523
173,11:28.74,,Yumeka MIZUTA,02 JUL 2005,JPN,5,,"Yanmar Stadium Nagai, Osaka (JPN)",07 MAY 2025,892,women_3000sc,2025,https://worldathletics.org/athletes/japan/yumeka-mizuta-15048866
174,11:29.48,,Se-hyun JUNG,19 JUL 1998,KOR,4,,"Iksan Sports Complex, Iksan (KOR)",06 JUL 2025,890,women_3000sc,2025,https://worldathletics.org/athletes/athlete=14603407
175,11:30.23,,Riko OBATA,15 NOV 2007,JPN,1,,"Athletics Stadium, Nagaoka (JPN)",21 JUL 2025,889,women_3000sc,2025,https://worldathletics.org/athletes/japan/riko-obata-15115532
176,11:31.20,,Chanchal YADAV,15 OCT 2004,IND,9,,"Stadium Hanamkonda, Warangal (IND)",18 OCT 2025,886,women_3000sc,2025,https://worldathletics.org/athletes/india/chanchal-yadav-15179013
177,11:31.43,,Hadiseh RAOUF,31 DEC 2003,IRI,2,,"Aftab Enghelab Sport Complex, Tehran (IRI)",13 APR 2025,886,women_3000sc,2025,https://worldathletics.org/athletes/athlete=14861288
178,11:31.73,,Pwint Aung HNIN,26 OCT 2003,MYA,6,,"Supachalasai National Stadium, Bangkok (THA)",16 DEC 2025,885,women_3000sc,2025,https://worldathletics.org/athletes/myanmar/pwint-aung-hnin-15272428
179,11:31.92,,Anumol THAMPI,19 AUG 1999,IND,4,,"Maharaja's College Grounds, Kochi (IND)",23 APR 2025,885,women_3000sc,2025,https://worldathletics.org/athletes/athlete=14717120
180,11:32.98,,Bavaliya JANKI,01 APR 2007,IND,4,,"Kalinga Stadium, Bhubaneshwar (IND)",14 OCT 2025,883,women_3000sc,2025,https://worldathletics.org/athletes/india/bavaliya-janki-15262343
181,11:33.15,,Gaddam RAJESHWARI,28 AUG 2005,IND,10,,"Stadium Hanamkonda, Warangal (IND)",18 OCT 2025,882,women_3000sc,2025,https://worldathletics.org/athletes/india/gaddam-rajeshwari-15263618
182,11:33.43,,Saki FUJITA,05 OCT 2006,JPN,8,,"Takebishi Stadium, Kyoto (JPN)",14 SEP 2025,882,women_3000sc,2025,https://worldathletics.org/athletes/japan/saki-fujita-14954574
183,11:34.93,,Kaho KOTAKE,12 NOV 2008,JPN,3,,"Prefectural Stadium, Ise (JPN)",24 AUG 2025,878,women_3000sc,2025,https://worldathletics.org/athletes/japan/kaho-kotake-15176793
184,11:35.92,,Zhi-Xuan CHEN,14 APR 2010,TPE,2,,"Taipei Municipal Stadium, Taipei City (TPE)",07 NOV 2025,876,women_3000sc,2025,https://worldathletics.org/athletes/chinese-taipei/zhi-xuan-chen-15171379
185,11:35.93,,K.S DILSHANI,03 MAY 2000,SRI,3,,"Mahinda Rajapaksha Stadium, Diyagama (SRI)",30 SEP 2025,876,women_3000sc,2025,https://worldathletics.org/athletes/sri-lanka/ks-dilshani-15169243
186,11:36.26,,Abilhan ULDANAI,07 JUL 2007,KAZ,1,,"Olympic Training Base, Almaty (KAZ)",04 JUL 2025,876,women_3000sc,2025,https://worldathletics.org/athletes/kazakhstan/abilhan-uldanai-15063477
187,11:36.65,,A.N.L. ARIYADASA,29 OCT 1992,SRI,2,,"Mahinda Rajapaksha Stadium, Diyagama (SRI)",03 AUG 2025,875,women_3000sc,2025,https://worldathletics.org/athletes/sri-lanka/anl-ariyadasa-014966393
188,11:37.09,,Yuxin YAO,03 OCT 2007,CHN,10,,"Shanxi Athletics Administrative Center, Xi'an (CHN)",30 MAY 2025,874,women_3000sc,2025,https://worldathletics.org/athletes/pr-of-china/yuxin-yao-15172419
189,11:37.27,,Himari KAWADA,05 OCT 2008,JPN,2,,"Azuma Stadium, Fukushima (JPN)",13 JUL 2025,873,women_3000sc,2025,https://worldathletics.org/athletes/japan/himari-kawada-15178222
190,11:37.40,,Shizuku FUJITA,31 OCT 2006,JPN,6,,"Yanmar Stadium Nagai, Osaka (JPN)",07 MAY 2025,873,women_3000sc,2025,https://worldathletics.org/athletes/japan/shizuku-fujita-15046806
191,11:37.55,,Kairi TERAUCHI,06 AUG 2003,JPN,,,"Hakatanomori Athletic Stadium, Fukuoka (JPN)",16 MAY 2025,873,women_3000sc,2025,https://worldathletics.org/athletes/athlete=14922988
192,11:37.56,,Swapna KODAVATH,08 APR 2007,IND,5,,"Kalinga Stadium, Bhubaneshwar (IND)",14 OCT 2025,873,women_3000sc,2025,https://worldathletics.org/athletes/india/swapna-kodavath-15117052
193,11:37.58,,Mayu SATO,10 MAR 2009,JPN,4,,Rifu (JPN),24 AUG 2025,873,women_3000sc,2025,https://worldathletics.org/athletes/japan/mayu-sato-15254324
194,11:38.64,,Jinsy G. CHETTITHARA,21 FEB 2003,IND,11,,"Stadium Hanamkonda, Warangal (IND)",18 OCT 2025,870,women_3000sc,2025,https://worldathletics.org/athletes/india/jinsy-g-chettithara-15245189
195,11:39.41,,Misaki KIMURA,14 NOV 2003,JPN,7,,"Yanmar Stadium Nagai, Osaka (JPN)",07 MAY 2025,869,women_3000sc,2025,https://worldathletics.org/athletes/japan/misaki-kimura-14965578
196,11:39.54,,Kanata MIYAGI,30 APR 2006,JPN,9,,"Takebishi Stadium, Kyoto (JPN)",14 SEP 2025,869,women_3000sc,2025,https://worldathletics.org/athletes/japan/kanata-miyagi-15246578
197,11:39.72,,Nonoa SHIOBARA,31 JAN 2006,JPN,8,,"Yanmar Stadium Nagai, Osaka (JPN)",07 MAY 2025,868,women_3000sc,2025,https://worldathletics.org/athletes/japan/nonoa-shiobara-15001822
198,11:40.85,,Hui-Ping SSU,23 FEB 2006,TPE,2,,"Taipei Municipal Stadium, Taipei City (TPE)",28 MAR 2025,866,women_3000sc,2025,https://worldathletics.org/athletes/chinese-taipei/hui-ping-ssu-15076278
199,11:42.00,,Rena HIRAKA,24 JUN 2002,JPN,1,,"Honjo Athletic Stadium, Kitakyushu (JPN)",18 MAY 2025,863,women_3000sc,2025,https://worldathletics.org/athletes/japan/rena-hiraka-14950233
200,11:42.04,,Hsin-Yu WU,21 JAN 2004,TPE,2,,"Taipei Municipal Stadium, Taipei City (TPE)",16 FEB 2025,863,women_3000sc,2025,https://worldathletics.org/athletes/chinese-taipei/hsin-yu-wu-15020000
201,11:42.09,,Varsha SHARMA,10 DEC 2005,IND,6,,"Kalinga Stadium, Bhubaneshwar (IND)",14 OCT 2025,863,women_3000sc,2025,https://worldathletics.org/athletes/india/varsha-sharma-15262344
202,11:43.27,,Ema SUGAWARA,06 JAN 2008,JPN,2,,"ND Soft Stadium, Tendo (JPN)",20 JUL 2025,861,women_3000sc,2025,https://worldathletics.org/athletes/japan/ema-sugawara-15176274
203,11:43.41,,A.S.Nisansala BANDARA,06 MAR 1992,SRI,3,,"Mahinda Rajapaksha Stadium, Diyagama (SRI)",19 AUG 2025,860,women_3000sc,2025,https://worldathletics.org/athletes/athlete=14661572
204,11:43.92,,Momoka IKEMIZU,18 DEC 2007,JPN,3,,"Kamoike Auxiliary Stadium, Kagoshima (JPN)",13 JUL 2025,859,women_3000sc,2025,https://worldathletics.org/athletes/japan/momoka-ikemizu-15020353
205,11:44.92,,Xin-Rong LI,21 JAN 2001,TPE,5,,Yunlin (TPE),21 OCT 2025,857,women_3000sc,2025,https://worldathletics.org/athletes/athlete=14844225
206,11:46.57,,T.G.H. Dulanjana PRADEEPANI,13 JUN 2006,SRI,4,,"Mahinda Rajapaksha Stadium, Diyagama (SRI)",09 MAR 2025,853,women_3000sc,2025,https://worldathletics.org/athletes/sri-lanka/tgh-dulanjana-pradeepani-15074139
207,11:47.03,,Jiaxin WANG,28 AUG 2008,CHN,11,,"Shanxi Athletics Administrative Center, Xi'an (CHN)",30 MAY 2025,853,women_3000sc,2025,https://worldathletics.org/athletes/pr-of-china/jiaxin-wang-15239998
208,11:47.16,,Marie Pascua ASHANTI,24 FEB 2006,TPE,1,,"Banqiao Stadium, New Taipei City (TPE)",13 MAR 2025,852,women_3000sc,2025,https://worldathletics.org/athletes/chinese-taipei/marie-pascua-ashanti-15076277
209,11:47.67,,Yu Wei WU,07 NOV 2009,TPE,1,,"Taipei Municipal Stadium, Taipei City (TPE)",20 SEP 2025,851,women_3000sc,2025,https://worldathletics.org/athletes/chinese-taipei/yu-wei-wu-15259895
210,11:48.93,,Riara HOSHINO,07 APR 2005,JPN,5,,"Yanmar Stadium Nagai, Osaka (JPN)",02 APR 2025,848,women_3000sc,2025,https://worldathletics.org/athletes/japan/riara-hoshino-15004069
211,11:48.99,,Yuwa MITUI,21 DEC 2008,JPN,3,,"ND Soft Stadium, Tendo (JPN)",20 JUL 2025,848,women_3000sc,2025,https://worldathletics.org/athletes/japan/yuwa-mitui-15251122
212,11:50.01,,Wu MIN,15 JAN 1991,TPE,3,,"Taipei Municipal Stadium, Taipei City (TPE)",28 MAR 2025,846,women_3000sc,2025,https://worldathletics.org/athletes/chinese-taipei/wu-min-14422400
213,11:50.11,,Jhih Cing LAI,03 NOV 2007,TPE,3,,"Banqiao Stadium, New Taipei City (TPE)",13 MAR 2025,846,women_3000sc,2025,https://worldathletics.org/athletes/chinese-taipei/jhih-cing-lai-15113524
214,11:51.15,,Mei SASAKI,26 APR 2006,JPN,14,,"Prefectural Stadium, Okayama (JPN)",08 JUN 2025,844,women_3000sc,2025,https://worldathletics.org/athletes/japan/mei-sasaki-15047904
215,11:51.29,,Miu UENO,14 JUL 2006,JPN,4,,"Hakatanomori Athletic Stadium, Fukuoka (JPN)",16 MAY 2025,843,women_3000sc,2025,https://worldathletics.org/athletes/japan/miu-ueno-15148449
216,11:52.08,,Despina BANDALETOVA,03 FEB 2009,UZB,1,,"AFU Athletics Stadium, Tashkent (UZB)",21 JUN 2025,842,women_3000sc,2025,https://worldathletics.org/athletes/uzbekistan/despina-bandaletova-15191080
217,11:52.32,,Joida GAGNAO,23 APR 1996,PHI,,,"National Athletics Centre, Pathum Thani (THA)",23 JUN 2025,841,women_3000sc,2025,https://worldathletics.org/athletes/athlete=14791723
218,11:52.47,,Zhuoma QUNI,05 APR 2009,CHN,12,,"Shanxi Athletics Administrative Center, Xi'an (CHN)",30 MAY 2025,841,women_3000sc,2025,https://worldathletics.org/athletes/pr-of-china/zhuoma-quni-15206618
219,11:52.56,,Narjis HUSSEIN ABBOUD,,IRQ,1,,"Camille Chamoun Sports City Stadium, Beirut (LBN)",04 OCT 2025,841,women_3000sc,2025,https://worldathletics.org/athletes/iraq/narjis-hussein-abboud-15226684
220,11:52.79,,Sama MOSTAFA,11 MAR 2008,LBN,2,,"Camille Chamoun Sports City Stadium, Beirut (LBN)",04 OCT 2025,840,women_3000sc,2025,https://worldathletics.org/athletes/lebanon/sama-mostafa-15108318
221,11:53.32,,Ting-Yu LI,20 AUG 1994,TPE,7,,"Taipei Municipal Stadium, Taipei City (TPE)",07 JUN 2025,839,women_3000sc,2025,https://worldathletics.org/athletes/athlete=14422402
222,11:53.38,,. PAYAL,16 NOV 2005,IND,12,,"Stadium Hanamkonda, Warangal (IND)",18 OCT 2025,839,women_3000sc,2025,https://worldathletics.org/athletes/india/payal-15260479
223,11:53.79,,. VIJETA,15 AUG 2004,IND,7,,"War Hero Stadium, Sangrur (IND)",28 JUL 2025,838,women_3000sc,2025,https://worldathletics.org/athletes/india/vijeta-15179012
224,11:55.99,,Sunita SANTA,25 MAR 2007,IND,5,,"Madan Mohan Malviya Sports Stadium, Prayagraj (IND)",24 JUN 2025,834,women_3000sc,2025,https://worldathletics.org/athletes/india/sunita-santa-15117051
225,11:56.07,,D.M.B. MADUWANTHI,,SRI,1,,"Mahinda Rajapaksha Stadium, Diyagama (SRI)",09 SEP 2025,833,women_3000sc,2025,https://worldathletics.org/athletes/sri-lanka/dmb-maduwanthi-15260820
226,11:56.38,,Feng-Ting SU,13 SEP 1990,TPE,3,,"Taipei Municipal Stadium, Taipei City (TPE)",20 SEP 2025,833,women_3000sc,2025,https://worldathletics.org/athletes/athlete=14445164
227,11:56.40,,Ana Marie EUGENIO,26 MAY 2005,PHI,4,,"New Clark City Stadium, New Clark City (PHI)",09 NOV 2025,833,women_3000sc,2025,https://worldathletics.org/athletes/philippines/ana-marie-eugenio-15109961
228,11:57.22,,Ekta DEY,21 SEP 2005,IND,9,,"Maharana Pratap Sports College Dehradun, Dehradun (IND)",10 FEB 2025,831,women_3000sc,2025,https://worldathletics.org/athletes/india/ekta-dey-15046470
229,11:58.19,,Meljoy GONZALES,11 MAY 2003,PHI,4,,"Philsport Track Oval, Pasig (PHI)",04 OCT 2025,829,women_3000sc,2025,https://worldathletics.org/athletes/philippines/meljoy-gonzales-15122525
230,11:58.25,,Ka Yan HAU,28 AUG 1987,HKG,2,,"Wan Chai Sports Ground, Hong Kong (HKG)",10 MAY 2025,829,women_3000sc,2025,https://worldathletics.org/athletes/hong-kong-china/ka-yan-hau-14523898
231,11:58.30,,Chun-Chih CHENG,17 JUL 2001,TPE,3,,"Banqiao Stadium, New Taipei City (TPE)",13 MAR 2025,829,women_3000sc,2025,https://worldathletics.org/athletes/athlete=14791191
232,11:58.32,,Kurumi SEKINE,09 JUL 2007,JPN,3,,"Azuma Stadium, Fukushima (JPN)",13 JUL 2025,829,women_3000sc,2025,https://worldathletics.org/athletes/japan/kurumi-sekine-15112435
233,11:58.58,,Hillary WONG,,HKG,2,,"Wan Chai Sports Ground, Hong Kong (HKG)",12 APR 2025,828,women_3000sc,2025,https://worldathletics.org/athletes/hong-kong-china/hillary-wong-15227003
234,11:58.68,,Hye-rim HWANG,29 OCT 2007,KOR,2,,"Boeun Public Stadium, Boeun (KOR)",11 AUG 2025,828,women_3000sc,2025,https://worldathletics.org/athletes/korea/hye-rim-hwang-15182104
235,11:59.06,,Mi-ji LEE,04 FEB 2008,KOR,2,,"Iksan Sports Complex, Iksan (KOR)",08 JUL 2025,827,women_3000sc,2025,https://worldathletics.org/athletes/korea/mi-ji-lee-15111964
236,11:59.28,,C.R. NITHYA,28 JAN 2006,IND,7,,"Kalinga Stadium, Bhubaneshwar (IND)",14 OCT 2025,827,women_3000sc,2025,https://worldathletics.org/athletes/india/cr-nithya-15116045
237,12:00.20,,Mekhrinoz UMARALIEVA,01 JUL 2010,UZB,2,,"AFU Athletics Stadium, Tashkent (UZB)",21 JUN 2025,825,women_3000sc,2025,https://worldathletics.org/athletes/uzbekistan/mekhrinoz-umaralieva-15233491
238,12:01.35,,M.G.T.K.K. SUGATHAPALA,15 NOV 1998,SRI,6,,"Mahinda Rajapaksha Stadium, Diyagama (SRI)",09 MAR 2025,822,women_3000sc,2025,https://worldathletics.org/athletes/sri-lanka/mgtkk-sugathapala-15027715
239,12:01.92,,Loaa ZAAROUR,31 MAR 1992,LBN,1,,"Camille Chamoun Sports City Stadium, Beirut (LBN)",10 JUL 2025,821,women_3000sc,2025,https://worldathletics.org/athletes/athlete=14882391
240,12:02.48,,Gifty VIRGIO,2002,INA,4,,"Manahan Stadium, Surakarta (INA)",04 SEP 2025,820,women_3000sc,2025,https://worldathletics.org/athletes/indonesia/gifty-virgio-15083939
241,12:03.02,,Yuri JOJIMA,17 NOV 2008,JPN,4,,"Prefectural Stadium, Ise (JPN)",24 AUG 2025,819,women_3000sc,2025,https://worldathletics.org/athletes/japan/yuri-jojima-15256950
242,12:04.16,,Jun Hua XIAO,10 SEP 2009,TPE,2,,"Taipei Municipal Stadium, Taipei City (TPE)",20 SEP 2025,817,women_3000sc,2025,https://worldathletics.org/athletes/chinese-taipei/jun-hua-xiao-15259896
243,12:04.74,,Mobina KHAYAT,06 NOV 2007,IRI,1,,"Aftab Enghelab Sport Complex, Tehran (IRI)",13 AUG 2025,815,women_3000sc,2025,https://worldathletics.org/athletes/islamic-republic-of-iran/mobina-khayat-15110349
244,12:05.03,,Sayuka CHIBA,22 MAR 2000,JPN,6,,Rifu (JPN),24 AUG 2025,815,women_3000sc,2025,https://worldathletics.org/athletes/athlete=14858502
245,12:06.41,,. AARTI,30 DEC 2004,IND,8,,"War Hero Stadium, Sangrur (IND)",28 JUL 2025,812,women_3000sc,2025,https://worldathletics.org/athletes/india/aarti-15190185
246,12:06.76,,Yuzuki MORIKAWA,04 NOV 2002,JPN,15,,"Prefectural Stadium, Okayama (JPN)",08 JUN 2025,811,women_3000sc,2025,https://worldathletics.org/athletes/japan/yuzuki-morikawa-15239118
247,12:07.47,,Decerie ENCOMIO,17 DEC 2002,PHI,6,,"New Clark City Stadium, New Clark City (PHI)",09 NOV 2025,810,women_3000sc,2025,https://worldathletics.org/athletes/philippines/decerie-encomio-15267050
248,12:08.01,,Chieh-Yu CHU,21 APR 2007,TPE,2,,"Taipei Municipal Stadium, Taipei City (TPE)",16 FEB 2025,809,women_3000sc,2025,https://worldathletics.org/athletes/chinese-taipei/chieh-yu-chu-15036510
249,12:08.58,,Nazanin KHORASANI,,IRI,1,,"Aftab Enghelab Sport Complex, Tehran (IRI)",06 SEP 2025,807,women_3000sc,2025,https://worldathletics.org/athletes/islamic-republic-of-iran/nazanin-khorasani-15258761
250,12:09.31,,Yu-Ju LIN,17 JUN 2009,TPE,4,,"Banqiao Stadium, New Taipei City (TPE)",13 MAR 2025,806,women_3000sc,2025,https://worldathletics.org/athletes/chinese-taipei/yu-ju-lin-15187744
251,12:09.52,,Mansi YADAV,28 MAY 2007,IND,8,,"Kalinga Stadium, Bhubaneshwar (IND)",14 OCT 2025,805,women_3000sc,2025,https://worldathletics.org/athletes/india/mansi-yadav-15190353
252,12:09.63,,Mashkura SOYBOVA,14 JUL 2008,UZB,2,,"AFU Athletics Stadium, Tashkent (UZB)",17 SEP 2025,805,women_3000sc,2025,https://worldathletics.org/athletes/uzbekistan/mashkura-soybova-15114180
253,12:11.23,,Nina AOYAMA,24 NOV 2008,JPN,8,,Rifu (JPN),24 AUG 2025,802,women_3000sc,2025,https://worldathletics.org/athletes/japan/nina-aoyama-15257363
254,12:11.32,,. HARMAN,12 JUL 2007,IND,9,,"Kalinga Stadium, Bhubaneshwar (IND)",14 OCT 2025,802,women_3000sc,2025,https://worldathletics.org/athletes/india/harman-15262345
255,12:11.63,,Raha AHMADI,,IRI,3,,"Dr. Shariati Stadium, Karaj (IRI)",29 AUG 2025,801,women_3000sc,2025,https://worldathletics.org/athletes/islamic-republic-of-iran/raha-ahmadi-15258790
256,12:11.83,,Chisaki HIGASHI,,JPN,5,,"Prefectural Stadium, Ise (JPN)",24 AUG 2025,801,women_3000sc,2025,https://worldathletics.org/athletes/japan/chisaki-higashi-15256951
257,12:12.10,,Nirosha SASIKUMAR,22 JUN 2006,SRI,2,,"Mahinda Rajapaksha Stadium, Diyagama (SRI)",09 SEP 2025,800,women_3000sc,2025,https://worldathletics.org/athletes/sri-lanka/nirosha-sasikumar-15260821
258,12:12.79,,Haya MOHAMED AL TAWAGER,04 JAN 1997,KUW,13,,"Gumi Civic Stadium, Gumi (KOR)",30 MAY 2025,799,women_3000sc,2025,https://worldathletics.org/athletes/kuwait/haya-mohamed-al-tawager-15226654
259,12:13.42,,You-Wei WU,07 NOV 2009,TPE,4,,"Taipei Municipal Stadium, Taipei City (TPE)",07 NOV 2025,797,women_3000sc,2025,https://worldathletics.org/athletes/chinese-taipei/you-wei-wu-15113503
260,12:13.60,,H. V. DEEKSHA,22 JAN 2005,IND,8,,"Sree Kanteerava Outdoor Stadium, Bengaluru (IND)",28 JUN 2025,797,women_3000sc,2025,https://worldathletics.org/athletes/india/h-v-deeksha-15245190
261,12:14.50,,Shiekhy Heart SUPREMO,14 MAR 2005,PHI,7,,"New Clark City Stadium, New Clark City (PHI)",09 NOV 2025,795,women_3000sc,2025,https://worldathletics.org/athletes/philippines/shiekhy-heart-supremo-15180427
262,12:14.81,,H.W.C. DAMAYANTHI,14 DEC 1992,SRI,4,,"Mahinda Rajapaksha Stadium, Diyagama (SRI)",19 AUG 2025,795,women_3000sc,2025,https://worldathletics.org/athletes/sri-lanka/hwc-damayanthi-15258693
