Rank,Mark,WIND,Competitor,DOB,,Pos,,Venue,Date,Results Score,discipline,year,ProfileURL
1,54.12,,Kemi ADEKOYA,16 JAN 1993,BRN,3,,"Stade de France, Paris-St-Denis (FRA)",04 JUL 2015,1200,women_400h,2015,https://worldathletics.org/athletes/athlete=14419510
2,56.15,,Thi Huyen NGUYEN,19 MAY 1993,VIE,1,,Singapore (SGP),10 JUN 2015,1137,women_400h,2015,https://worldathletics.org/athletes/athlete=14524764
3,56.94,,Manami KIRA,23 OCT 1991,JPN,1,,Kumagaya (JPN),16 MAY 2015,1113,women_400h,2015,https://worldathletics.org/athletes/athlete=14439813
4,57.09,,Haruko ISHIZUKA,02 JUN 1997,JPN,1,,Wakayama (JPN),31 JUL 2015,1108,women_400h,2015,https://worldathletics.org/athletes/athlete=14649124
5,57.16,,Satomi KUBOKURA,27 APR 1982,JPN,,,Brisbane (AUS),29 MAR 2015,1106,women_400h,2015,https://worldathletics.org/athletes/athlete=14286933
6,57.30,,Huan WANG,21 SEP 1994,CHN,1,,Suzhou (CHN),24 SEP 2015,1102,women_400h,2015,https://worldathletics.org/athletes/athlete=14420866
7,57.61,,Xia XIAO,04 JUN 1991,CHN,7,,"Shanghai Stadium, Shanghai (CHN)",17 MAY 2015,1092,women_400h,2015,https://worldathletics.org/athletes/athlete=14264869
8,57.71,,Miku FUJIWARA,07 DEC 1992,JPN,1,,Osaka (JPN),13 SEP 2015,1089,women_400h,2015,https://worldathletics.org/athletes/athlete=14433362
9,57.79,,Anu RAGHAVAN,20 APR 1993,IND,4,,Wuhan (CHN),06 JUN 2015,1087,women_400h,2015,https://worldathletics.org/athletes/athlete=14436789
10,57.81,,Akiko ITO,26 MAY 1995,JPN,2,,Osaka (JPN),13 SEP 2015,1086,women_400h,2015,https://worldathletics.org/athletes/athlete=14562727
11,57.87,,Yan HUANG,12 JAN 1996,CHN,2,,Suzhou (CHN),24 SEP 2015,1085,women_400h,2015,https://worldathletics.org/athletes/athlete=14668298
12,57.94,,Merjen ISHANGULIYEVA,21 JAN 1988,KAZ,1,,Almaty (KAZ),25 JUL 2015,1083,women_400h,2015,https://worldathletics.org/athletes/athlete=14941261
13,58.01,,Ayaka NISHIDA,15 JUL 1993,JPN,3,,Osaka (JPN),13 SEP 2015,1080,women_400h,2015,https://worldathletics.org/athletes/athlete=14521626
14,58.02,,Satsuki UMEHARA,22 MAY 1994,JPN,4,,Osaka (JPN),13 SEP 2015,1080,women_400h,2015,https://worldathletics.org/athletes/athlete=14444482
15,58.03,,Aleksandra ROMANOVA,26 DEC 1990,KAZ,5,,Wuhan (CHN),06 JUN 2015,1080,women_400h,2015,https://worldathletics.org/athletes/athlete=14593716
16,58.10,,Xueting WU,20 AUG 1995,CHN,2,,Beijing (CHN),28 JUN 2015,1078,women_400h,2015,https://worldathletics.org/athletes/athlete=14585341
17,58.20,,Aminat JAMAL,27 JUN 1997,BRN,4,,Mungyeong (KOR),06 OCT 2015,1075,women_400h,2015,https://worldathletics.org/athletes/athlete=14701082
18,58.36,,Christine Sonali MERRILL,20 AUG 1987,SRI,1f1,,"San Marcos, TX (USA)",11 APR 2015,1070,women_400h,2015,https://worldathletics.org/athletes/athlete=14316872
19,58.39,,Sayaka AOKI,15 DEC 1986,JPN,3,,Gifu (JPN),26 SEP 2015,1069,women_400h,2015,https://worldathletics.org/athletes/athlete=14286092
20,58.41,,Moe OSHIDEN,19 AUG 1993,JPN,5,,Osaka (JPN),13 SEP 2015,1068,women_400h,2015,https://worldathletics.org/athletes/athlete=14521628
21,58.59,,Miyabi TAGO,15 JUL 1988,JPN,2,,Kumagaya (JPN),16 MAY 2015,1063,women_400h,2015,https://worldathletics.org/athletes/athlete=14287990
22,58.61,,Ghofrane MOHAMMAD,06 JUN 1989,SYR,8h3,,"National Stadium, Beijing (CHN)",23 AUG 2015,1062,women_400h,2015,https://worldathletics.org/athletes/athlete=14302586
23,58.81,,Haruka SHIBATA,13 JAN 1991,JPN,4,,Gifu (JPN),26 SEP 2015,1057,women_400h,2015,https://worldathletics.org/athletes/athlete=14334519
24,58.83,,Suzuka KAWABATA,13 JUL 1993,JPN,2h5,,Osaka (JPN),12 SEP 2015,1056,women_400h,2015,https://worldathletics.org/athletes/athlete=14591170
25,58.95,,Mizuki MURAKAMI,19 MAY 1998,JPN,2,,Wakayama (JPN),31 JUL 2015,1052,women_400h,2015,https://worldathletics.org/athletes/athlete=14714401
26,58.96,,Saki KAMADA,18 MAY 1997,JPN,1,,Wakayama (JPN),03 OCT 2015,1052,women_400h,2015,https://worldathletics.org/athletes/athlete=14719692
27,58.99,,Yuri ARASHIMA,02 SEP 1997,JPN,3,,Wakayama (JPN),31 JUL 2015,1051,women_400h,2015,https://worldathletics.org/athletes/athlete=14608150
28,59.16,,Thi Lan QUACH,18 OCT 1995,VIE,4f1,,"Gainesville, FL (USA)",24 APR 2015,1046,women_400h,2015,https://worldathletics.org/athletes/athlete=14483951
29,59.18,,Chen WANG,26 FEB 1999,CHN,5sf2,,"Pascual Guerrero Stadium, Cali (COL)",16 JUL 2015,1046,women_400h,2015,https://worldathletics.org/athletes/athlete=14702502
30,59.24,,Dipna Lim PRASAD,07 JUN 1991,SGP,2,,Singapore (SGP),10 JUN 2015,1044,women_400h,2015,https://worldathletics.org/athletes/athlete=14427000
31,59.28,,Natsumi KAWAHARA,06 FEB 1995,JPN,7,,Osaka (JPN),13 SEP 2015,1043,women_400h,2015,https://worldathletics.org/athletes/athlete=14722791
32,59.31,,Risa HAYASHI,18 FEB 1998,JPN,3,,Wakayama (JPN),03 OCT 2015,1042,women_400h,2015,https://worldathletics.org/athletes/athlete=14719701
33,59.33,,Qiao YANG,15 JUL 1996,CHN,1h2,,Beijing (CHN),27 JUN 2015,1041,women_400h,2015,https://worldathletics.org/athletes/athlete=14585337
34,59.34,,Minjia CAI,02 APR 1993,CHN,3,,Beijing (CHN),28 JUN 2015,1041,women_400h,2015,https://worldathletics.org/athletes/athlete=14483293
35,59.37,,W.P.E. RASIKA DULAKSHI,21 MAR 1991,SRI,1,,Diyagama (SRI),26 JUL 2015,1040,women_400h,2015,https://worldathletics.org/athletes/sri-lanka/wpe-rasika-dulakshi-14377488
36,59.38,,Kana KONDO,10 AUG 1994,JPN,2h4,,Osaka (JPN),12 SEP 2015,1040,women_400h,2015,https://worldathletics.org/athletes/japan/kana-kondo-14664081
37,59.41,,Jauna MURMU,16 AUG 1990,IND,2,,Kolkata (IND),18 SEP 2015,1039,women_400h,2015,https://worldathletics.org/athletes/athlete=14377658
38,59.46,,Rena HATORI,22 SEP 1993,JPN,2,,Yokohama (JPN),17 MAY 2015,1037,women_400h,2015,https://worldathletics.org/athletes/japan/rena-hatori-14703303
39,59.47,,Airi NISHINO,26 MAR 1992,JPN,5f2,,Fukuroi (JPN),03 MAY 2015,1037,women_400h,2015,https://worldathletics.org/athletes/athlete=14334541
39,59.47,,Miyu ROKUTANDA,30 AUG 1997,JPN,4,,Wakayama (JPN),03 OCT 2015,1037,women_400h,2015,https://worldathletics.org/athletes/athlete=14719711
41,59.49,,Kyong-hwa KIM,14 OCT 1988,KOR,1,,Mungyeong (KOR),28 JUN 2015,1036,women_400h,2015,https://worldathletics.org/athletes/athlete=14382045
42,59.54,,Santosh KUMARI,15 JAN 1990,IND,3,,Kolkata (IND),18 SEP 2015,1035,women_400h,2015,https://worldathletics.org/athletes/athlete=14545221
43,59.55,,Pei-Lin LO,01 FEB 1994,TPE,1,,Kaohsiung (TPE),21 OCT 2015,1035,women_400h,2015,https://worldathletics.org/athletes/athlete=14483702
44,59.61,,Kana KOYAMA,16 DEC 1998,JPN,2sf3,,Wakayama (JPN),31 JUL 2015,1033,women_400h,2015,https://worldathletics.org/athletes/athlete=14719704
45,59.62,,Honoka IWATA,1997,JPN,3sf3,,Wakayama (JPN),31 JUL 2015,1033,women_400h,2015,https://worldathletics.org/athletes/athlete=14671525
46,59.67,,Thi Oanh NGUYEN,22 FEB 1996,VIE,1,,Ho Chi-Minh (VIE),09 OCT 2015,1031,women_400h,2015,https://worldathletics.org/athletes/athlete=14434122
47,59.71,,Sawako NAKAGAMA,13 MAY 1997,JPN,4,,Wakayama (JPN),31 JUL 2015,1030,women_400h,2015,https://worldathletics.org/athletes/athlete=14671531
48,59.85,,Miyuki YANO,01 APR 1990,JPN,7,,"Todoroki Stadium, Kawasaki (JPN)",10 MAY 2015,1026,women_400h,2015,https://worldathletics.org/athletes/athlete=14374558
49,59.87,,Xiaoqing DENG,13 JUN 1989,CHN,2,,Taiyuan (CHN),12 MAY 2015,1025,women_400h,2015,https://worldathletics.org/athletes/athlete=14266558
50,59.90,,Eunju JO,12 NOV 1989,KOR,8,,Wuhan (CHN),06 JUN 2015,1024,women_400h,2015,https://worldathletics.org/athletes/athlete=14477439
51,59.93,,Saki MIYAZAKI,24 APR 1994,JPN,3h4,,Osaka (JPN),12 SEP 2015,1024,women_400h,2015,https://worldathletics.org/athletes/japan/saki-miyazaki-14547919
52,59.95,,D.G.N.D. WICKRAMESINGHE,06 SEP 1987,SRI,2,,Diyagama (SRI),26 JUL 2015,1023,women_400h,2015,https://worldathletics.org/athletes/athlete=14483764
53,1:00.00,,Kyoka HIRAHARA,1998,JPN,3sf2,,Wakayama (JPN),31 JUL 2015,1021,women_400h,2015,https://worldathletics.org/athletes/athlete=14719710
54,1:00.01,,Rika YAMASHITA,21 APR 1993,JPN,3,,Yokohama (JPN),17 MAY 2015,1021,women_400h,2015,https://worldathletics.org/athletes/japan/rika-yamashita-14703304
55,1:00.04,,Nanako MATSUMOTO,03 SEP 1996,JPN,4,,Yokohama (JPN),17 MAY 2015,1020,women_400h,2015,https://worldathletics.org/athletes/athlete=14547918
56,1:00.07,,Sayuri KOSAKA,04 FEB 1996,JPN,3h1,,Osaka (JPN),12 SEP 2015,1019,women_400h,2015,https://worldathletics.org/athletes/athlete=14703305
57,1:00.09,,Chihiro YAMAMOTO,12 AUG 1993,JPN,4h1,,Osaka (JPN),12 SEP 2015,1019,women_400h,2015,https://worldathletics.org/athletes/japan/chihiro-yamamoto-14445174
58,1:00.10,,Kaede DEMIZU,08 MAY 1997,JPN,3f1,,Fukuroi (JPN),03 MAY 2015,1019,women_400h,2015,https://worldathletics.org/athletes/athlete=14671509
58,1:00.10,,Natsume HATA,1995,JPN,3h5,,Osaka (JPN),12 SEP 2015,1019,women_400h,2015,https://worldathletics.org/athletes/japan/natsume-hata-14722796
60,1:00.12,,Marina ZAIKO,17 JAN 1993,KAZ,3,,Almaty (KAZ),25 JUL 2015,1018,women_400h,2015,https://worldathletics.org/athletes/athlete=14424023
60,1:00.12,,Anju RANI,25 SEP 1992,IND,4,,Kolkata (IND),18 SEP 2015,1018,women_400h,2015,https://worldathletics.org/athletes/athlete=14497979
62,1:00.13,,Nao MATSUOKA,29 OCT 1996,JPN,5,,Yokohama (JPN),17 MAY 2015,1018,women_400h,2015,https://worldathletics.org/athletes/japan/nao-matsuoka-14701419
63,1:00.14,,Jiezhen LU,22 JAN 1992,CHN,6,,Beijing (CHN),28 JUN 2015,1017,women_400h,2015,https://worldathletics.org/athletes/athlete=14472020
64,1:00.23,,Xin LIU,26 AUG 1992,CHN,2h5,,Jinan (CHN),29 APR 2015,1015,women_400h,2015,https://worldathletics.org/athletes/athlete=14472021
65,1:00.29,,Yukiko OHIRA,08 JUL 1996,JPN,2h3,,Osaka (JPN),12 SEP 2015,1013,women_400h,2015,https://worldathletics.org/athletes/athlete=14722794
66,1:00.33,,Yi-Mei KAO,1982,TPE,2,,Kaohsiung (TPE),21 OCT 2015,1012,women_400h,2015,https://worldathletics.org/athletes/chinese-taipei/yi-mei-kao-14584744
67,1:00.34,,Kazu OTA,04 SEP 1993,JPN,6h2,,Nagoya (JPN),27 JUN 2015,1012,women_400h,2015,https://worldathletics.org/athletes/japan/kazu-ota-14664080
67,1:00.34,,Kawshalya MADUSHANI,13 NOV 1995,SRI,2,,Diyagama (SRI),19 DEC 2015,1012,women_400h,2015,https://worldathletics.org/athletes/sri-lanka/kawshalya-madushani-14651473
69,1:00.37,,Phuong Anh KHUAT,11 DEC 1997,VIE,2,,Ho Chi-Minh (VIE),09 OCT 2015,1011,women_400h,2015,https://worldathletics.org/athletes/athlete=14603432
69,1:00.37,,Yu-Chieh LIN,08 SEP 1998,TPE,3,,Kaohsiung (TPE),21 OCT 2015,1011,women_400h,2015,https://worldathletics.org/athletes/athlete=14591671
71,1:00.40,,Narumi UCHIYAMA,26 DEC 1995,JPN,1f2,,Tokyo (JPN),26 JUL 2015,1010,women_400h,2015,https://worldathletics.org/athletes/athlete=14562720
72,1:00.41,,Kasumi YOSHIDA,10 MAR 1999,JPN,1h3,,Nagoya (JPN),18 OCT 2015,1010,women_400h,2015,https://worldathletics.org/athletes/athlete=14719715
73,1:00.42,,Yizhen HUANG,16 MAY 1995,CHN,5,,Jinan (CHN),30 APR 2015,1009,women_400h,2015,https://worldathletics.org/athletes/pr-of-china/yizhen-huang-14702501
74,1:00.46,,Minami NAKAHARA,14 MAY 1998,JPN,2sf1,,Wakayama (JPN),31 JUL 2015,1008,women_400h,2015,https://worldathletics.org/athletes/athlete=14719705
74,1:00.46,,Naho GOMITA,,JPN,5sf2,,Wakayama (JPN),31 JUL 2015,1008,women_400h,2015,https://worldathletics.org/athletes/japan/naho-gomita-14719712
76,1:00.49,,Itsuki KOMIYA,11 OCT 1998,JPN,3sf1,,Wakayama (JPN),31 JUL 2015,1007,women_400h,2015,https://worldathletics.org/athletes/athlete=14719702
76,1:00.49,,Asaka OTA,30 APR 1997,JPN,4sf1,,Wakayama (JPN),31 JUL 2015,1007,women_400h,2015,https://worldathletics.org/athletes/japan/asaka-ota-14719706
76,1:00.49,,Yuki NAKAMURA,29 MAY 1995,JPN,2h2,,Osaka (JPN),12 SEP 2015,1007,women_400h,2015,https://worldathletics.org/athletes/japan/yuki-nakamura-14664077
76,1:00.49,,Akane KOBAYASHI,22 OCT 1998,JPN,3h4,,Wakayama (JPN),02 OCT 2015,1007,women_400h,2015,https://worldathletics.org/athletes/athlete=14728015
80,1:00.52,,Miho TAKAHASHI,29 DEC 1992,JPN,2f2,,"Northridge, CA (USA)",21 MAR 2015,1006,women_400h,2015,https://worldathletics.org/athletes/japan/miho-takahashi-14441952
80,1:00.52,,Yuki KITANO,03 SEP 1995,JPN,3h2,,Osaka (JPN),12 SEP 2015,1006,women_400h,2015,https://worldathletics.org/athletes/athlete=14707945
82,1:00.55,,Shoko NITA,13 SEP 1993,JPN,6h1,,Osaka (JPN),12 SEP 2015,1005,women_400h,2015,https://worldathletics.org/athletes/japan/shoko-nita-14707944
83,1:00.66,,Niluka GAMARALALAGE,,SRI,4h1,,Wuhan (CHN),04 JUN 2015,1002,women_400h,2015,https://worldathletics.org/athletes/sri-lanka/niluka-gamaralalage-14705804
84,1:00.70,,Suzuka KAWAMURA,30 MAY 1994,JPN,7,,Yokohama (JPN),17 MAY 2015,1001,women_400h,2015,https://worldathletics.org/athletes/japan/suzuka-kawamura-14547921
85,1:00.71,,Chih-Han TSAI,,TPE,1,,Taipei City (TPE),06 MAY 2015,1001,women_400h,2015,https://worldathletics.org/athletes/chinese-taipei/chih-han-tsai-14497743
86,1:00.74,,Tomomi IKEDA,19 JUN 1993,JPN,4h1,,Hiratsuka (JPN),13 JUN 2015,1000,women_400h,2015,https://worldathletics.org/athletes/japan/tomomi-ikeda-14707946
87,1:00.79,,Yoko SHIMADA,07 MAY 1992,JPN,7h1,,Osaka (JPN),12 SEP 2015,999,women_400h,2015,https://worldathletics.org/athletes/athlete=14722792
88,1:00.80,,Aimi SUMINA,1993,JPN,5,,Hiratsuka (JPN),14 JUN 2015,998,women_400h,2015,https://worldathletics.org/athletes/athlete=14439404
89,1:00.82,,Raimu UENASHI,15 APR 1997,JPN,6sf1,,Wakayama (JPN),31 JUL 2015,998,women_400h,2015,https://worldathletics.org/athletes/japan/raimu-uenashi-14719707
90,1:00.83,,Kanae KITSUDA,31 MAY 1996,JPN,4f1,,Fukuroi (JPN),03 MAY 2015,997,women_400h,2015,https://worldathletics.org/athletes/athlete=14671529
91,1:00.86,,Chisa KITAZAWA,10 FEB 1998,JPN,4h1,,"Pascual Guerrero Stadium, Cali (COL)",15 JUL 2015,997,women_400h,2015,https://worldathletics.org/athletes/athlete=14714396
92,1:00.87,,Kazuki HIGA,01 NOV 1998,JPN,7sf1,,Wakayama (JPN),31 JUL 2015,996,women_400h,2015,https://worldathletics.org/athletes/athlete=14719708
93,1:00.88,,I ANJU,,IND,2,,Moodbidri (IND),17 JAN 2015,996,women_400h,2015,https://worldathletics.org/athletes/india/i-anju-14681191
94,1:00.89,,Jie MA,25 JAN 1998,CHN,2h2,,Suzhou (CHN),24 SEP 2015,996,women_400h,2015,https://worldathletics.org/athletes/athlete=14702566
95,1:00.91,,Tiasha SAMADDER,20 MAY 1998,IND,1,,Hyderabad (IND),09 AUG 2015,995,women_400h,2015,https://worldathletics.org/athletes/athlete=14621363
96,1:00.93,,V.V. JISHA,09 JUL 1995,IND,3,,Thiruvanthapuram (IND),12 FEB 2015,995,women_400h,2015,https://worldathletics.org/athletes/athlete=14549116
96,1:00.93,,Mari GOTO,1997,JPN,6sf2,,Wakayama (JPN),31 JUL 2015,995,women_400h,2015,https://worldathletics.org/athletes/japan/mari-goto-14719713
96,1:00.93,,Marina SHIMOKAWA,1998,JPN,7sf2,,Wakayama (JPN),31 JUL 2015,995,women_400h,2015,https://worldathletics.org/athletes/japan/marina-shimokawa-14719714
99,1:00.99,,Kana YAMAGISHI,,JPN,3h8,,Wakayama (JPN),30 JUL 2015,993,women_400h,2015,https://worldathletics.org/athletes/japan/kana-yamagishi-14719717
99,1:00.99,,Honoka OSAWA,1997,JPN,8sf1,,Wakayama (JPN),31 JUL 2015,993,women_400h,2015,https://worldathletics.org/athletes/athlete=14719709
99,1:00.99,,Yuri MIZUNO,,JPN,4h5,,Osaka (JPN),12 SEP 2015,993,women_400h,2015,https://worldathletics.org/athletes/japan/yuri-mizuno-14722797
102,1:01.02,,Ayano MORI,1995,JPN,3h3,,Osaka (JPN),12 SEP 2015,992,women_400h,2015,https://worldathletics.org/athletes/athlete=14678416
103,1:01.04,,Mayu KIDA-SATO,14 SEP 1982,JPN,5h2,,Gifu (JPN),26 SEP 2015,991,women_400h,2015,https://worldathletics.org/athletes/athlete=14286772
104,1:01.11,,Kasumi KOSA,,JPN,2sf1,,Yokohama (JPN),17 MAY 2015,989,women_400h,2015,https://worldathletics.org/athletes/japan/kasumi-kosa-14703306
105,1:01.15,,Hongjuan LIU,30 JUL 1996,CHN,2h1,,Beijing (CHN),27 JUN 2015,988,women_400h,2015,https://worldathletics.org/athletes/athlete=14585470
106,1:01.21,,Ayaka OSADA,,JPN,5sf2,,Yokohama (JPN),17 MAY 2015,986,women_400h,2015,https://worldathletics.org/athletes/japan/ayaka-osada-14703307
107,1:01.25,,Xiaomei YU,16 OCT 1996,CHN,4h2,,Suzhou (CHN),24 SEP 2015,985,women_400h,2015,https://worldathletics.org/athletes/athlete=14723553
108,1:01.26,,Yuimi YAMAMOTO,22 FEB 1998,JPN,3h3,,Wakayama (JPN),02 OCT 2015,985,women_400h,2015,https://worldathletics.org/athletes/japan/yuimi-yamamoto-14728016
109,1:01.28,,Ayana THOMAS,20 JAN 1993,IND,4,,Thiruvanthapuram (IND),12 FEB 2015,984,women_400h,2015,https://worldathletics.org/athletes/athlete=14685495
109,1:01.28,,Arpitha MANJUNATHA,11 FEB 1993,IND,1,,Bhopal (IND),05 AUG 2015,984,women_400h,2015,https://worldathletics.org/athletes/athlete=14497980
109,1:01.28,,Yui SAITO,18 FEB 1991,JPN,3h1,,Gifu (JPN),26 SEP 2015,984,women_400h,2015,https://worldathletics.org/athletes/japan/yui-saito-14441938
112,1:01.31,,Tomomi MINAMINO,30 APR 1996,JPN,7sf1,,Hiratsuka (JPN),13 JUN 2015,984,women_400h,2015,https://worldathletics.org/athletes/japan/tomomi-minamino-14547943
113,1:01.35,,Haruka KATAYAMA,13 APR 1995,JPN,6h4,,Osaka (JPN),12 SEP 2015,982,women_400h,2015,https://worldathletics.org/athletes/japan/haruka-katayama-14707947
114,1:01.39,,Svetlana KUZNETSOVA,29 JAN 1992,KAZ,3,,Almaty (KAZ),15 JUN 2015,981,women_400h,2015,https://worldathletics.org/athletes/athlete=14375685
115,1:01.44,,H.R.P. HEMAMALI,,SRI,4,,Diyagama (SRI),26 JUL 2015,980,women_400h,2015,https://worldathletics.org/athletes/sri-lanka/hrp-hemamali-14715697
116,1:01.46,,Natsuki YASUDA,10 AUG 1997,JPN,3h6,,Wakayama (JPN),30 JUL 2015,979,women_400h,2015,https://worldathletics.org/athletes/athlete=14719716
117,1:01.54,,Suzuka KOYAMA,02 OCT 1996,JPN,5h2,,Osaka (JPN),12 SEP 2015,977,women_400h,2015,https://worldathletics.org/athletes/athlete=14722793
118,1:01.59,,Meg HEMPHILL,23 MAY 1996,JPN,4h4,,Hiratsuka (JPN),13 JUN 2015,976,women_400h,2015,https://worldathletics.org/athletes/athlete=14594788
119,1:01.60,,Yan JIN,08 FEB 1997,CHN,2h3,,Jinan (CHN),29 APR 2015,975,women_400h,2015,https://worldathletics.org/athletes/athlete=14585476
120,1:01.69,,Vassanee VINATHO,30 JUN 1980,THA,3,,Singapore (SGP),10 JUN 2015,973,women_400h,2015,https://worldathletics.org/athletes/athlete=14302733
121,1:01.70,,Yamani D. D. MUDIYANSELAGE,19 JAN 1998,SRI,2,,Apia (SAM),09 SEP 2015,972,women_400h,2015,https://worldathletics.org/athletes/athlete=14714400
122,1:01.81,,Manikam LOGANAYAKI,03 JUN 1997,IND,2,,Hyderabad (IND),09 AUG 2015,969,women_400h,2015,https://worldathletics.org/athletes/athlete=14714272
123,1:01.87,,Xuanrou MA,19 JUN 1997,CHN,3h1,,Beijing (CHN),27 JUN 2015,968,women_400h,2015,https://worldathletics.org/athletes/pr-of-china/xuanrou-ma-14702565
124,1:01.94,,ARTI BHATRA,,IND,3,,Thiruvanthapuram (IND),09 SEP 2015,966,women_400h,2015,https://worldathletics.org/athletes/india/arti-bhatra-014650062
125,1:01.98,,Nodoka MATSUI,,JPN,6h5,,Osaka (JPN),12 SEP 2015,964,women_400h,2015,https://worldathletics.org/athletes/japan/nodoka-matsui-14722798
126,1:01.99,,Cuizhen XI,23 JAN 1991,CHN,3h3,,Jinan (CHN),29 APR 2015,964,women_400h,2015,https://worldathletics.org/athletes/pr-of-china/cuizhen-xi-14430041
127,1:02.00,,Ya-Ting LI,19 FEB 1999,TPE,1h2,,Kaohsiung (TPE),20 OCT 2015,964,women_400h,2015,https://worldathletics.org/athletes/athlete=14670024
128,1:02.02,,Minami OYAMADA,1996,JPN,7h4,,Osaka (JPN),12 SEP 2015,963,women_400h,2015,https://worldathletics.org/athletes/japan/minami-oyamada-14671527
129,1:02.03,,Alexandra TIERNEY,23 FEB 1996,THA,2f2,,"Los Angeles, CA (USA)",04 APR 2015,963,women_400h,2015,https://worldathletics.org/athletes/athlete=14484499
130,1:02.05,,Kuki OTANI,17 JAN 1993,JPN,4h1,,Gifu (JPN),26 SEP 2015,962,women_400h,2015,https://worldathletics.org/athletes/athlete=14433356
131,1:02.20,,Kanako NISHIDA,21 MAY 1997,JPN,5h4,,Wakayama (JPN),02 OCT 2015,958,women_400h,2015,https://worldathletics.org/athletes/athlete=14728019
132,1:02.23,,Mami NITTA,06 MAR 1995,JPN,5h3,,Osaka (JPN),12 SEP 2015,957,women_400h,2015,https://worldathletics.org/athletes/athlete=14722795
133,1:02.30,,Tingting CHEN,17 NOV 1993,CHN,4h3,,Jinan (CHN),29 APR 2015,955,women_400h,2015,https://worldathletics.org/athletes/pr-of-china/tingting-chen-14502099
133,1:02.30,,Momoka YAMAMOTO,,JPN,4h3,,Wakayama (JPN),02 OCT 2015,955,women_400h,2015,https://worldathletics.org/athletes/japan/momoka-yamamoto-14728018
135,1:02.32,,Xu MINGYI,29 JUL 1996,CHN,3h1,,Taiyuan (CHN),11 MAY 2015,955,women_400h,2015,https://worldathletics.org/athletes/pr-of-china/xu-mingyi-14702503
136,1:02.39,,Zichun GAO,30 JUL 1996,CHN,7h1,,Suzhou (CHN),24 SEP 2015,953,women_400h,2015,https://worldathletics.org/athletes/athlete=14714472
137,1:02.42,,Adelina AKHMETOVA,25 DEC 1998,KAZ,1,,Shimkent (KAZ),20 MAY 2015,952,women_400h,2015,https://worldathletics.org/athletes/athlete=14714397
138,1:02.48,,Juthamas KHONKHAM,06 MAY 1991,THA,2,,Nakhon Sawan (THA),17 DEC 2015,950,women_400h,2015,https://worldathletics.org/athletes/athlete=14374883
139,1:02.49,,Momoka OISHI,,JPN,6h4,,Wakayama (JPN),02 OCT 2015,950,women_400h,2015,https://worldathletics.org/athletes/japan/momoka-oishi-14728020
140,1:02.51,,Ying YU,22 APR 1997,CHN,4h1,,Jinan (CHN),29 APR 2015,950,women_400h,2015,https://worldathletics.org/athletes/pr-of-china/ying-yu-14585475
141,1:02.53,,Xiaomei YANG,12 NOV 1995,CHN,3h6,,Jinan (CHN),29 APR 2015,949,women_400h,2015,https://worldathletics.org/athletes/athlete=14441106
142,1:02.58,,Wenjuan ZHANG,18 AUG 1996,CHN,3h3,,Beijing (CHN),27 JUN 2015,948,women_400h,2015,https://worldathletics.org/athletes/athlete=14714473
143,1:02.60,,Dongmei SONG,02 MAY 1994,CHN,4h5,,Jinan (CHN),29 APR 2015,947,women_400h,2015,https://worldathletics.org/athletes/pr-of-china/dongmei-song-14702504
143,1:02.60,,A.P.M.S.K. ABEYRATHNE,,SRI,3h2,,Diyagama (SRI),18 DEC 2015,947,women_400h,2015,https://worldathletics.org/athletes/athlete=14735772
145,1:02.64,,Apinya ATHIWET,12 JUN 1998,THA,1,,Kuala Lumpur (MAS),12 APR 2015,946,women_400h,2015,https://worldathletics.org/athletes/thailand/apinya-athiwet-14697976
146,1:02.88,,P.O. SAYANA,11 MAR 1998,IND,2,,Chennai (IND),11 JUL 2015,939,women_400h,2015,https://worldathletics.org/athletes/athlete=14714271
147,1:02.92,,Jerin JOSEPH,01 MAR 1996,IND,1,,Ranchi (IND),25 NOV 2015,938,women_400h,2015,https://worldathletics.org/athletes/athlete=14717117
148,1:02.98,,Robyn BROWN,27 JUL 1994,PHI,4f5,,"Walnut, CA (USA)",17 APR 2015,936,women_400h,2015,https://worldathletics.org/athletes/athlete=14893469
149,1:03.01,,Ya-Hsin LIN,23 APR 1998,TPE,3,,Taipei City (TPE),16 MAY 2015,935,women_400h,2015,https://worldathletics.org/athletes/athlete=14705954
149,1:03.01,,Liying CHEN,21 AUG 1994,CHN,4h4,,Beijing (CHN),27 JUN 2015,935,women_400h,2015,https://worldathletics.org/athletes/athlete=14714474
151,1:03.15,,Anjali JOSE,24 MAY 1996,IND,4,,Moodbidri (IND),17 JAN 2015,932,women_400h,2015,https://worldathletics.org/athletes/athlete=14620979
152,1:03.17,,Aphinya ARTHIWECH,1998,THA,3,,Nakhon Sawan (THA),17 DEC 2015,931,women_400h,2015,https://worldathletics.org/athletes/athlete=14840493
153,1:03.30,,Xiulan YE,22 AUG 1998,CHN,7h2,,Suzhou (CHN),24 SEP 2015,927,women_400h,2015,https://worldathletics.org/athletes/athlete=14723554
154,1:03.37,,P. Matew NEETHUMOL,25 MAY 1990,IND,3h3,,Thiruvanthapuram (IND),11 FEB 2015,925,women_400h,2015,https://worldathletics.org/athletes/india/p-matew-neethumol-14400767
155,1:03.49,,Veerpal KAUR,07 SEP 1997,IND,3,,Hyderabad (IND),09 AUG 2015,922,women_400h,2015,https://worldathletics.org/athletes/athlete=14670522
156,1:03.63,,Tiasa SAMADDAR,20 MAY 1998,IND,7,,Thiruvanthapuram (IND),12 FEB 2015,918,women_400h,2015,https://worldathletics.org/athletes/india/tiasa-samaddar-14685496
157,1:03.70,,Yamani DULANJALI,19 JAN 1998,SRI,1,,Colombo (SRI),28 MAR 2015,916,women_400h,2015,https://worldathletics.org/athletes/sri-lanka/yamani-dulanjali-14695746
158,1:03.76,,G.D. Niroshika LAKMALI,25 NOV 1989,SRI,3h2,,Diyagama (SRI),24 JUL 2015,915,women_400h,2015,https://worldathletics.org/athletes/athlete=14606678
1,54.87,,Kemi ADEKOYA,16 JAN 1993,BRN,2,,"Suhaim bin Hamad Stadium, Doha (QAT)",06 MAY 2016,1177,women_400h,2016,https://worldathletics.org/athletes/athlete=14419510
2,55.95,,Aleksandra ROMANOVA,26 DEC 1990,KAZ,1,,Tashkent (UZB),10 JUN 2016,1143,women_400h,2016,https://worldathletics.org/athletes/athlete=14593716
3,56.14,,Satomi KUBOKURA,27 APR 1982,JPN,2,,"Todoroki Stadium, Kawasaki (JPN)",08 MAY 2016,1137,women_400h,2016,https://worldathletics.org/athletes/athlete=14286933
4,56.19,,Natalya ASANOVA,29 NOV 1989,UZB,1,,Dushanbe (TJK),12 JUN 2016,1136,women_400h,2016,https://worldathletics.org/athletes/athlete=14324997
5,56.44,,Huan WANG,21 SEP 1994,CHN,1,,Taiyuan (CHN),21 MAY 2016,1128,women_400h,2016,https://worldathletics.org/athletes/athlete=14420866
6,56.70,,Yan HUANG,12 JAN 1996,CHN,2,,Taiyuan (CHN),21 MAY 2016,1120,women_400h,2016,https://worldathletics.org/athletes/athlete=14668298
7,56.75,,Haruko ISHIZUKA,02 JUN 1997,JPN,3,,"Todoroki Stadium, Kawasaki (JPN)",08 MAY 2016,1119,women_400h,2016,https://worldathletics.org/athletes/athlete=14649124
8,56.79,,Satsuki UMEHARA,22 MAY 1994,JPN,1,,Kumagaya (JPN),03 SEP 2016,1117,women_400h,2016,https://worldathletics.org/athletes/athlete=14444482
9,56.85,,Sayaka AOKI,15 DEC 1986,JPN,2,,Osaka (JPN),24 SEP 2016,1116,women_400h,2016,https://worldathletics.org/athletes/athlete=14286092
10,56.89,,Ghofrane MOHAMMAD,06 JUN 1989,SYR,2,,Almaty (KAZ),05 JUL 2016,1114,women_400h,2016,https://worldathletics.org/athletes/athlete=14302586
11,56.94,,Aminat JAMAL,27 JUN 1997,BRN,1h5,,"Zdzisław Krzyszkowiak Stadium, Bydgoszcz (POL)",20 JUL 2016,1113,women_400h,2016,https://worldathletics.org/athletes/athlete=14701082
12,57.04,,Manami KIRA,23 OCT 1991,JPN,3,,Osaka (JPN),24 SEP 2016,1110,women_400h,2016,https://worldathletics.org/athletes/athlete=14439813
13,57.69,,Jauna MURMU,16 AUG 1990,IND,1,,Guwahati (IND),11 FEB 2016,1090,women_400h,2016,https://worldathletics.org/athletes/athlete=14377658
14,57.87,,Thi Huyen NGUYEN,19 MAY 1993,VIE,7h5,,"Estádio Olímpico, Rio de Janeiro (BRA)",15 AUG 2016,1085,women_400h,2016,https://worldathletics.org/athletes/athlete=14524764
15,57.89,,Moe OSHIDEN,19 AUG 1993,JPN,4,,Nagoya (JPN),26 JUN 2016,1084,women_400h,2016,https://worldathletics.org/athletes/athlete=14521628
16,58.02,,Haruka SHIBATA,13 JAN 1991,JPN,5,,Nagoya (JPN),26 JUN 2016,1080,women_400h,2016,https://worldathletics.org/athletes/athlete=14334519
17,58.03,,Kana KOYAMA,16 DEC 1998,JPN,3h1,,Nagoya (JPN),25 JUN 2016,1080,women_400h,2016,https://worldathletics.org/athletes/athlete=14719704
18,58.16,,Thi Lan QUACH,18 OCT 1995,VIE,2,,"Coral Gables, FL (USA)",04 JUN 2016,1076,women_400h,2016,https://worldathletics.org/athletes/athlete=14483951
19,58.19,,Lin ZHOU,19 DEC 1998,CHN,3,,Taiyuan (CHN),21 MAY 2016,1075,women_400h,2016,https://worldathletics.org/athletes/athlete=14702500
20,58.22,,Kana KONDO,10 AUG 1994,JPN,3,,Kumagaya (JPN),03 SEP 2016,1074,women_400h,2016,https://worldathletics.org/athletes/japan/kana-kondo-14664081
21,58.25,,Merjen ISHANGULIYEVA,21 JAN 1988,KAZ,2,,Almaty (KAZ),25 JUN 2016,1073,women_400h,2016,https://worldathletics.org/athletes/athlete=14941261
22,58.58,,Miku FUJIWARA,07 DEC 1992,JPN,7,,"Todoroki Stadium, Kawasaki (JPN)",08 MAY 2016,1063,women_400h,2016,https://worldathletics.org/athletes/athlete=14433362
23,58.65,,Saki KODAMA,12 APR 1997,JPN,4h1,,Nagoya (JPN),25 JUN 2016,1061,women_400h,2016,https://worldathletics.org/athletes/athlete=14758026
24,58.68,,Mako FUKUBE,28 OCT 1995,JPN,3h3,,Nagoya (JPN),25 JUN 2016,1060,women_400h,2016,https://worldathletics.org/athletes/athlete=14521635
25,58.73,,Hongjuan LIU,30 JUL 1996,CHN,3,,Huai'an (CHN),22 APR 2016,1059,women_400h,2016,https://worldathletics.org/athletes/athlete=14585470
26,58.76,,Chen WANG,26 FEB 1999,CHN,1h1,,Taiyuan (CHN),20 MAY 2016,1058,women_400h,2016,https://worldathletics.org/athletes/athlete=14702502
27,58.92,,Akkunji C. ASHWINI,07 OCT 1987,IND,2,,Guwahati (IND),11 FEB 2016,1053,women_400h,2016,https://worldathletics.org/athletes/athlete=14282751
27,58.92,,Ayana THOMAS,20 JAN 1993,IND,2,,New Delhi (IND),30 APR 2016,1053,women_400h,2016,https://worldathletics.org/athletes/athlete=14685495
27,58.92,,Marina ZAIKO,17 JAN 1993,KAZ,3,,Almaty (KAZ),25 JUN 2016,1053,women_400h,2016,https://worldathletics.org/athletes/athlete=14424023
30,58.94,,Xiulan YE,22 AUG 1998,CHN,1h4,,Taiyuan (CHN),20 MAY 2016,1053,women_400h,2016,https://worldathletics.org/athletes/athlete=14723554
31,58.96,,Natsumi KAWAHARA,06 FEB 1995,JPN,4h3,,Nagoya (JPN),25 JUN 2016,1052,women_400h,2016,https://worldathletics.org/athletes/athlete=14722791
32,58.97,,Tomomi NONO,30 APR 1996,JPN,3h2,,Nagoya (JPN),25 JUN 2016,1052,women_400h,2016,https://worldathletics.org/athletes/athlete=14677683
33,58.98,,Santosh KUMARI,15 JAN 1990,IND,1,,Lucknow (IND),29 SEP 2016,1051,women_400h,2016,https://worldathletics.org/athletes/athlete=14545221
34,59.02,,Jie MA,25 JAN 1998,CHN,4,,Taiyuan (CHN),21 MAY 2016,1050,women_400h,2016,https://worldathletics.org/athletes/athlete=14702566
34,59.02,,Suzuka KAWABATA,13 JUL 1993,JPN,2h1,,Kumagaya (JPN),03 SEP 2016,1050,women_400h,2016,https://worldathletics.org/athletes/athlete=14591170
36,59.12,,Purnima HEMBRAM,10 JUL 1993,IND,1h1,,Hyderabad (IND),28 JUN 2016,1047,women_400h,2016,https://worldathletics.org/athletes/athlete=14447245
37,59.14,,Moeka SEKIMOTO,23 FEB 2000,JPN,1,,Okayama (JPN),31 JUL 2016,1047,women_400h,2016,https://worldathletics.org/athletes/athlete=14728063
38,59.16,,Natsumi MURAKAMI,01 JUL 1999,JPN,1,,Kitakami (JPN),08 OCT 2016,1046,women_400h,2016,https://worldathletics.org/athletes/athlete=14766631
39,59.18,,Kazuki HIGA,01 NOV 1998,JPN,2sf1,,Okayama (JPN),31 JUL 2016,1046,women_400h,2016,https://worldathletics.org/athletes/athlete=14719708
40,59.32,,Saritaben Laxmanbhai GAYAKWAD,01 JUN 1994,IND,2,,Lucknow (IND),29 SEP 2016,1041,women_400h,2016,https://worldathletics.org/athletes/athlete=14735664
41,59.39,,Xiaomei YU,16 OCT 1996,CHN,5,,Taiyuan (CHN),21 MAY 2016,1039,women_400h,2016,https://worldathletics.org/athletes/athlete=14723553
42,59.40,,Xia XIAO,04 JUN 1991,CHN,1h2,,Huai'an (CHN),21 APR 2016,1039,women_400h,2016,https://worldathletics.org/athletes/athlete=14264869
43,59.44,,Miyabi TAGO,15 JUL 1988,JPN,1f1,,Fukuroi (JPN),03 MAY 2016,1038,women_400h,2016,https://worldathletics.org/athletes/athlete=14287990
44,59.55,,Kyeong-mi SON,09 FEB 1990,KOR,1,,Kimchun (KOR),04 JUL 2016,1035,women_400h,2016,https://worldathletics.org/athletes/athlete=14289898
45,59.69,,Mayu SAITO,08 JUN 1995,JPN,5,,Osaka (JPN),24 SEP 2016,1031,women_400h,2016,https://worldathletics.org/athletes/athlete=14766692
46,59.72,,Kyoka HIRAHARA,1998,JPN,2sf2,,Okayama (JPN),31 JUL 2016,1030,women_400h,2016,https://worldathletics.org/athletes/athlete=14719710
47,59.74,,Mami NITTA,06 MAR 1995,JPN,3h1,,Kumagaya (JPN),03 SEP 2016,1029,women_400h,2016,https://worldathletics.org/athletes/athlete=14722795
48,59.77,,Haruka KATAYAMA,13 APR 1995,JPN,1h2,,Kumagaya (JPN),03 SEP 2016,1028,women_400h,2016,https://worldathletics.org/athletes/japan/haruka-katayama-14707947
49,59.78,,Phuong Anh KHUAT,11 DEC 1997,VIE,2,,Ho Chi-Minh (VIE),06 JUN 2016,1028,women_400h,2016,https://worldathletics.org/athletes/athlete=14603432
50,59.79,,Nao MATSUOKA,29 OCT 1996,JPN,2h5,,Kumagaya (JPN),03 SEP 2016,1028,women_400h,2016,https://worldathletics.org/athletes/japan/nao-matsuoka-14701419
51,59.86,,Qiao YANG,15 JUL 1996,CHN,3,,Zhengzhou (CHN),13 MAY 2016,1026,women_400h,2016,https://worldathletics.org/athletes/athlete=14585337
51,59.86,,Xinghua HOU,08 NOV 1996,CHN,6,,Taiyuan (CHN),21 MAY 2016,1026,women_400h,2016,https://worldathletics.org/athletes/athlete=14744956
53,59.87,,Kawshalya MADUSHANI,13 NOV 1995,SRI,3,,Guwahati (IND),11 FEB 2016,1025,women_400h,2016,https://worldathletics.org/athletes/sri-lanka/kawshalya-madushani-14651473
53,59.87,,Minami NAKAHARA,14 MAY 1998,JPN,2sf3,,Okayama (JPN),31 JUL 2016,1025,women_400h,2016,https://worldathletics.org/athletes/athlete=14719705
55,59.89,,Yuki SHIMIZU,03 MAY 1995,JPN,4h1,,Kumagaya (JPN),03 SEP 2016,1025,women_400h,2016,https://worldathletics.org/athletes/athlete=14562719
56,59.90,,Kyong-hwa KIM,14 OCT 1988,KOR,1,,Hwaseong (KOR),03 JUN 2016,1024,women_400h,2016,https://worldathletics.org/athletes/athlete=14382045
57,59.93,,Miyu ROKUTANDA,30 AUG 1997,JPN,6h1,,Nagoya (JPN),25 JUN 2016,1024,women_400h,2016,https://worldathletics.org/athletes/athlete=14719711
58,1:00.00,,Mizuki KURITANI,1998,JPN,3sf3,,Okayama (JPN),31 JUL 2016,1021,women_400h,2016,https://worldathletics.org/athletes/japan/mizuki-kuritani-14767091
59,1:00.02,,Yu-Chieh LIN,08 SEP 1998,TPE,3,,Ho Chi-Minh (VIE),06 JUN 2016,1021,women_400h,2016,https://worldathletics.org/athletes/athlete=14591671
60,1:00.05,,W.P.E. RASIKA DULAKSHI,21 MAR 1991,SRI,4,,Guwahati (IND),11 FEB 2016,1020,women_400h,2016,https://worldathletics.org/athletes/sri-lanka/wpe-rasika-dulakshi-14377488
60,1:00.05,,Kyoka TOKUHARA,01 NOV 1999,JPN,3sf1,,Okayama (JPN),31 JUL 2016,1020,women_400h,2016,https://worldathletics.org/athletes/athlete=14767092
62,1:00.06,,Mizuki MURAKAMI,19 MAY 1998,JPN,4h2,,Nagoya (JPN),25 JUN 2016,1020,women_400h,2016,https://worldathletics.org/athletes/athlete=14714401
63,1:00.08,,Hanako YOKOTA,1999,JPN,4sf1,,Okayama (JPN),31 JUL 2016,1019,women_400h,2016,https://worldathletics.org/athletes/athlete=14767093
64,1:00.09,,Xueting WU,20 AUG 1995,CHN,2h1,,Zhengzhou (CHN),12 MAY 2016,1019,women_400h,2016,https://worldathletics.org/athletes/athlete=14585341
65,1:00.10,,Xin LIU,26 AUG 1992,CHN,2h2,,Zhengzhou (CHN),12 MAY 2016,1019,women_400h,2016,https://worldathletics.org/athletes/athlete=14472021
66,1:00.20,,Kasumi YOSHIDA,10 MAR 1999,JPN,3sf2,,Okayama (JPN),31 JUL 2016,1016,women_400h,2016,https://worldathletics.org/athletes/athlete=14719715
67,1:00.22,,Sawako NAKAGAMA,13 MAY 1997,JPN,4h5,,Kumagaya (JPN),03 SEP 2016,1015,women_400h,2016,https://worldathletics.org/athletes/athlete=14671531
68,1:00.23,,Young-hee JUNG,02 JAN 1990,KOR,4,,Kimchun (KOR),03 JUL 2016,1015,women_400h,2016,https://worldathletics.org/athletes/athlete=14289649
69,1:00.24,,Jiadie MO,06 JAN 2000,CHN,4,,Chongqing (CHN),19 JUN 2016,1014,women_400h,2016,https://worldathletics.org/athletes/athlete=14744957
70,1:00.25,,Yuki KITANO,03 SEP 1995,JPN,6h1,,Kumagaya (JPN),03 SEP 2016,1014,women_400h,2016,https://worldathletics.org/athletes/athlete=14707945
71,1:00.29,,Yuka NOMURA,18 JUN 1987,JPN,6,,Osaka (JPN),24 SEP 2016,1013,women_400h,2016,https://worldathletics.org/athletes/athlete=14287489
72,1:00.36,,Xue TAO,26 OCT 1999,CHN,3h1,,Taiyuan (CHN),20 MAY 2016,1011,women_400h,2016,https://worldathletics.org/athletes/athlete=14750688
73,1:00.40,,Suzuka KOYAMA,02 OCT 1996,JPN,3h2,,Kumagaya (JPN),03 SEP 2016,1010,women_400h,2016,https://worldathletics.org/athletes/athlete=14722793
73,1:00.40,,Eri UTSUNOMIYA,11 APR 1993,JPN,7,,Osaka (JPN),24 SEP 2016,1010,women_400h,2016,https://worldathletics.org/athletes/athlete=14664132
75,1:00.42,,Akane KOBAYASHI,22 OCT 1998,JPN,3,,Kitakami (JPN),08 OCT 2016,1009,women_400h,2016,https://worldathletics.org/athletes/athlete=14728015
76,1:00.45,,Manikam LOGANAYAKI,03 JUN 1997,IND,1,,Coimbatore (IND),13 NOV 2016,1008,women_400h,2016,https://worldathletics.org/athletes/athlete=14714272
77,1:00.46,,Veerpal KAUR,07 SEP 1997,IND,2,,Coimbatore (IND),13 NOV 2016,1008,women_400h,2016,https://worldathletics.org/athletes/athlete=14670522
78,1:00.50,,Rie MATSUDA,1998,JPN,4sf3,,Okayama (JPN),31 JUL 2016,1007,women_400h,2016,https://worldathletics.org/athletes/japan/rie-matsuda-14766638
79,1:00.52,,Pei-Lin LO,01 FEB 1994,TPE,1,,Taichung (TPE),04 MAY 2016,1006,women_400h,2016,https://worldathletics.org/athletes/athlete=14483702
80,1:00.53,,Saki MIYAZAKI,24 APR 1994,JPN,7h1,,Nagoya (JPN),25 JUN 2016,1006,women_400h,2016,https://worldathletics.org/athletes/japan/saki-miyazaki-14547919
81,1:00.55,,Fangfang WU,05 OCT 1997,CHN,4,,Ordos (CHN),28 JUN 2016,1005,women_400h,2016,https://worldathletics.org/athletes/athlete=14750686
82,1:00.60,,K ARTHI,01 APR 1992,IND,3,,Hyderabad (IND),29 JUN 2016,1004,women_400h,2016,https://worldathletics.org/athletes/india/k-arthi-14498285
83,1:00.62,,Yeong-hui JUNG,02 JAN 1990,KOR,2,,Goseong (KOR),15 JUN 2016,1003,women_400h,2016,https://worldathletics.org/athletes/korea/yeong-hui-jung-14649902
84,1:00.64,,Kano KIMURA,02 NOV 2001,JPN,1h1,,Kitakami (JPN),07 OCT 2016,1003,women_400h,2016,https://worldathletics.org/athletes/japan/kano-kimura-14766633
85,1:00.66,,Arpitha MANJUNATHA,11 FEB 1993,IND,1,,"Anna Stadium, Tiruchirapalli (IND)",26 AUG 2016,1002,women_400h,2016,https://worldathletics.org/athletes/athlete=14497980
86,1:00.68,,Chika MATSUMOTO,16 JUN 1996,JPN,3h3,,Kumagaya (JPN),03 SEP 2016,1002,women_400h,2016,https://worldathletics.org/athletes/athlete=14766839
87,1:00.70,,Risa HAYASHI,18 FEB 1998,JPN,2h3,,Nagoya (JPN),21 OCT 2016,1001,women_400h,2016,https://worldathletics.org/athletes/athlete=14719701
88,1:00.72,,Alvin TEHUPEIORY,05 APR 1995,INA,1,,Bogor (INA),23 SEP 2016,1001,women_400h,2016,https://worldathletics.org/athletes/athlete=14478692
89,1:00.73,,Yan JIN,08 FEB 1997,CHN,5,,Ordos (CHN),28 JUN 2016,1000,women_400h,2016,https://worldathletics.org/athletes/athlete=14585476
90,1:00.75,,Niksy JOSEPH,17 FEB 1990,IND,4,,Hyderabad (IND),29 JUN 2016,1000,women_400h,2016,https://worldathletics.org/athletes/india/niksy-joseph-014333829
91,1:00.81,,Liying CHEN,21 AUG 1994,CHN,4h1,,Taiyuan (CHN),20 MAY 2016,998,women_400h,2016,https://worldathletics.org/athletes/athlete=14714474
92,1:00.85,,Natsuki YASUDA,10 AUG 1997,JPN,5h2,,Kumagaya (JPN),03 SEP 2016,997,women_400h,2016,https://worldathletics.org/athletes/athlete=14719716
92,1:00.85,,Maron UCHIDA,03 JUN 1999,JPN,4sf2,,Kitakami (JPN),07 OCT 2016,997,women_400h,2016,https://worldathletics.org/athletes/athlete=14766632
94,1:00.86,,Kuki OTANI,17 JAN 1993,JPN,3h3,,Osaka (JPN),24 SEP 2016,997,women_400h,2016,https://worldathletics.org/athletes/athlete=14433356
95,1:00.89,,Airi NISHINO,26 MAR 1992,JPN,8h1,,Nagoya (JPN),25 JUN 2016,996,women_400h,2016,https://worldathletics.org/athletes/athlete=14334541
96,1:00.94,,Kazu OTA,04 SEP 1993,JPN,6h2,,Nagoya (JPN),25 JUN 2016,994,women_400h,2016,https://worldathletics.org/athletes/japan/kazu-ota-14664080
97,1:00.96,,Ryo MATSUMURA,19 JUL 1996,JPN,6h2,,Kumagaya (JPN),03 SEP 2016,994,women_400h,2016,https://worldathletics.org/athletes/athlete=14766838
98,1:00.98,,Yoko SHIMADA,07 MAY 1992,JPN,3h4,,Kumagaya (JPN),03 SEP 2016,993,women_400h,2016,https://worldathletics.org/athletes/athlete=14722792
99,1:00.99,,Mao KATO,1998,JPN,2h7,,Okayama (JPN),30 JUL 2016,993,women_400h,2016,https://worldathletics.org/athletes/japan/mao-kato-14766639
100,1:01.08,,Robyn BROWN,27 JUL 1994,PHI,1f2,,"Irvine, CA (USA)",30 APR 2016,990,women_400h,2016,https://worldathletics.org/athletes/athlete=14893469
101,1:01.13,,Ren OBARA,29 SEP 1996,JPN,4h3,,Kumagaya (JPN),03 SEP 2016,989,women_400h,2016,https://worldathletics.org/athletes/athlete=14766840
102,1:01.14,,Adelina AKHMETOVA,25 DEC 1998,KAZ,3h2,,Ho Chi-Minh (VIE),05 JUN 2016,988,women_400h,2016,https://worldathletics.org/athletes/athlete=14714397
103,1:01.15,,Chawla SONAL,16 NOV 1992,IND,2,,"Anna Stadium, Tiruchirapalli (IND)",26 AUG 2016,988,women_400h,2016,https://worldathletics.org/athletes/athlete=14522518
104,1:01.16,,Alexandra TIERNEY,23 FEB 1996,THA,4f1,,"Corvallis, OR (USA)",30 APR 2016,988,women_400h,2016,https://worldathletics.org/athletes/athlete=14484499
105,1:01.23,,Miyuki YANO,01 APR 1990,JPN,2,,Kumagaya (JPN),22 MAY 2016,986,women_400h,2016,https://worldathletics.org/athletes/athlete=14374558
106,1:01.25,,Ya-Ting LI,19 FEB 1999,TPE,4h2,,Ho Chi-Minh (VIE),05 JUN 2016,985,women_400h,2016,https://worldathletics.org/athletes/athlete=14670024
107,1:01.27,,Rama JANUARTI,1997,INA,2,,Bogor (INA),23 SEP 2016,985,women_400h,2016,https://worldathletics.org/athletes/athlete=14765283
108,1:01.29,,Rumi SAKAMOTO,17 JUL 1999,JPN,4h1,,Kitakami (JPN),07 OCT 2016,984,women_400h,2016,https://worldathletics.org/athletes/athlete=14766634
109,1:01.30,,Ayaka OSADA,,JPN,4h4,,Kumagaya (JPN),03 SEP 2016,984,women_400h,2016,https://worldathletics.org/athletes/japan/ayaka-osada-14703307
110,1:01.33,,Kaori NISHIYAMA,13 OCT 1994,JPN,5h4,,Kumagaya (JPN),03 SEP 2016,983,women_400h,2016,https://worldathletics.org/athletes/athlete=14766841
111,1:01.35,,Dakwatul ANISAH,1992,INA,3,,Bogor (INA),23 SEP 2016,982,women_400h,2016,https://worldathletics.org/athletes/athlete=14765286
112,1:01.38,,Xiaoxue DING,04 JAN 1998,CHN,4h2,,Taiyuan (CHN),20 MAY 2016,982,women_400h,2016,https://worldathletics.org/athletes/athlete=14750685
113,1:01.41,,Kristina PRONZHENKO,10 DEC 1988,TJK,3,,Bishkek (KGZ),19 JUN 2016,981,women_400h,2016,https://worldathletics.org/athletes/athlete=14591502
113,1:01.41,,Shin-ae KIM,1986,KOR,1,,Hong Kong (HKG),25 JUN 2016,981,women_400h,2016,https://worldathletics.org/athletes/korea/shin-ae-kim-14289746
115,1:01.42,,Yanxin DONG,27 FEB 1998,CHN,4h4,,Taiyuan (CHN),20 MAY 2016,980,women_400h,2016,https://worldathletics.org/athletes/athlete=14750645
116,1:01.44,,Yuri ARASHIMA,02 SEP 1997,JPN,7f1,,Fukuroi (JPN),03 MAY 2016,980,women_400h,2016,https://worldathletics.org/athletes/athlete=14608150
116,1:01.44,,Zhangyan QIU,14 AUG 1998,CHN,5h1,,Zhengzhou (CHN),12 MAY 2016,980,women_400h,2016,https://worldathletics.org/athletes/athlete=14668302
118,1:01.47,,Mitsuki NAGAYA,01 FEB 1999,JPN,7sf3,,Okayama (JPN),31 JUL 2016,979,women_400h,2016,https://worldathletics.org/athletes/athlete=14767094
119,1:01.58,,Thi Lan NGUYEN,06 MAR 1997,VIE,1,,Ho Chi-Minh (VIE),30 JUL 2016,976,women_400h,2016,https://worldathletics.org/athletes/vietnam/thi-lan-nguyen-14591456
120,1:01.59,,Asaka OTA,30 APR 1997,JPN,7h2,,Kumagaya (JPN),03 SEP 2016,976,women_400h,2016,https://worldathletics.org/athletes/japan/asaka-ota-14719706
121,1:01.62,,Akari MATSUGATANI,14 NOV 1995,JPN,6h4,,Kumagaya (JPN),03 SEP 2016,975,women_400h,2016,https://worldathletics.org/athletes/japan/akari-matsugatani-14608115
122,1:01.63,,Asumi EGUCHI,19 DEC 1994,JPN,5h5,,Kumagaya (JPN),03 SEP 2016,974,women_400h,2016,https://worldathletics.org/athletes/japan/asumi-eguchi-14766842
123,1:01.66,,Hongyan WANG,14 NOV 1998,CHN,5h2,,Taiyuan (CHN),20 MAY 2016,974,women_400h,2016,https://worldathletics.org/athletes/athlete=14750687
124,1:01.69,,Lihong HU,08 AUG 1999,CHN,7h2,,Chongqing (CHN),18 JUN 2016,973,women_400h,2016,https://worldathletics.org/athletes/athlete=14754413
125,1:01.80,,Kaori MUSHA,1998,JPN,4h3,,Okayama (JPN),30 JUL 2016,970,women_400h,2016,https://worldathletics.org/athletes/japan/kaori-musha-14767096
126,1:01.81,,Aiki DOHI,1999,JPN,4h7,,Okayama (JPN),30 JUL 2016,969,women_400h,2016,https://worldathletics.org/athletes/japan/aiki-dohi-14767101
126,1:01.81,,Tiasha SAMADDER,20 MAY 1998,IND,7,,Lucknow (IND),29 SEP 2016,969,women_400h,2016,https://worldathletics.org/athletes/athlete=14621363
128,1:01.86,,Chengqian DI,11 JUN 1999,CHN,5h3,,Chongqing (CHN),18 JUN 2016,968,women_400h,2016,https://worldathletics.org/athletes/athlete=14750646
129,1:01.90,,You-bin LEE,1998,KOR,1,,Taebaek (KOR),18 JUL 2016,967,women_400h,2016,https://worldathletics.org/athletes/korea/you-bin-lee-14670897
130,1:01.93,,Saidatul IZATTI SUHAIMI,11 AUG 1996,MAS,1,,Kuala Lumpur (MAS),02 OCT 2016,966,women_400h,2016,https://worldathletics.org/athletes/malaysia/saidatul-izatti-suhaimi-14649967
131,1:02.00,,Rina UCHIDA,04 DEC 1994,JPN,7h1,,Kumagaya (JPN),03 SEP 2016,964,women_400h,2016,https://worldathletics.org/athletes/japan/rina-uchida-14766836
132,1:02.02,,Chih-Han TSAI,,TPE,2,,Taichung (TPE),04 MAY 2016,963,women_400h,2016,https://worldathletics.org/athletes/chinese-taipei/chih-han-tsai-14497743
133,1:02.06,,Nanami UKITA,24 APR 1995,JPN,8h1,,Kumagaya (JPN),03 SEP 2016,962,women_400h,2016,https://worldathletics.org/athletes/athlete=14766837
134,1:02.07,,Yuki OTA,1998,JPN,3h5,,Okayama (JPN),30 JUL 2016,962,women_400h,2016,https://worldathletics.org/athletes/japan/yuki-ota-14767098
135,1:02.10,,Xuelin DENG,22 FEB 1998,CHN,5h4,,Zhengzhou (CHN),12 MAY 2016,961,women_400h,2016,https://worldathletics.org/athletes/athlete=14714347
135,1:02.10,,Sesami KUROIWA,08 MAR 2000,JPN,1h1,,Nagoya (JPN),21 OCT 2016,961,women_400h,2016,https://worldathletics.org/athletes/athlete=14766636
137,1:02.19,,Yi-Mei KAO,1982,TPE,3,,Taichung (TPE),04 MAY 2016,959,women_400h,2016,https://worldathletics.org/athletes/chinese-taipei/yi-mei-kao-14584744
138,1:02.21,,Shiho KAWANO,07 AUG 1999,JPN,6sf1,,Kitakami (JPN),07 OCT 2016,958,women_400h,2016,https://worldathletics.org/athletes/athlete=14766635
139,1:02.23,,Mayu KIDA-SATO,14 SEP 1982,JPN,1,,Bangkok (THA),05 JUL 2016,957,women_400h,2016,https://worldathletics.org/athletes/athlete=14286772
140,1:02.28,,Fifit MARLENA,,INA,4,,Bogor (INA),23 SEP 2016,956,women_400h,2016,https://worldathletics.org/athletes/indonesia/fifit-marlena-14765287
141,1:02.29,,Xiaoqing DENG,13 JUN 1989,CHN,3h2,,Shaoxing (CHN),15 APR 2016,956,women_400h,2016,https://worldathletics.org/athletes/athlete=14266558
142,1:02.30,,B. DHANALAKSHMI,31 AUG 1995,IND,4h1,,Hyderabad (IND),28 JUN 2016,955,women_400h,2016,https://worldathletics.org/athletes/athlete=14649929
143,1:02.31,,Yuka SUZUKI,14 SEP 1999,JPN,4h3,,Nagoya (JPN),21 OCT 2016,955,women_400h,2016,https://worldathletics.org/athletes/athlete=14728060
144,1:02.33,,Jiezhen LU,22 JAN 1992,CHN,6h1,,Zhengzhou (CHN),12 MAY 2016,955,women_400h,2016,https://worldathletics.org/athletes/athlete=14472020
145,1:02.37,,Ayaka SANO,1999,JPN,4h2,,Okayama (JPN),30 JUL 2016,953,women_400h,2016,https://worldathletics.org/athletes/japan/ayaka-sano-14767095
146,1:02.50,,Yurika OSHIRO,23 NOV 1998,JPN,5h2,,Okayama (JPN),30 JUL 2016,950,women_400h,2016,https://worldathletics.org/athletes/athlete=14905062
147,1:02.51,,Apinya ATHIWET,12 JUN 1998,THA,1,,Bangkok (THA),05 JUL 2016,950,women_400h,2016,https://worldathletics.org/athletes/thailand/apinya-athiwet-14697976
148,1:02.52,,Jerin JOSEPH,01 MAR 1996,IND,3,,Patiala (IND),01 JAN 2016,949,women_400h,2016,https://worldathletics.org/athletes/athlete=14717117
148,1:02.52,,Yu-Hsuan CHEN,30 MAR 1997,TPE,3,,Taipei City (TPE),18 MAR 2016,949,women_400h,2016,https://worldathletics.org/athletes/chinese-taipei/yu-hsuan-chen-14603321
150,1:02.56,,Chui Ling GOH,27 NOV 1992,SGP,2,,Taoyuan (TPE),20 MAY 2016,948,women_400h,2016,https://worldathletics.org/athletes/athlete=14621654
151,1:02.58,,Tinu JACOB,1992,IND,3,,"Anna Stadium, Tiruchirapalli (IND)",26 AUG 2016,948,women_400h,2016,https://worldathletics.org/athletes/india/tinu-jacob-14553279
152,1:02.62,,Minjia CAI,02 APR 1993,CHN,4h2,,Huai'an (CHN),21 APR 2016,946,women_400h,2016,https://worldathletics.org/athletes/athlete=14483293
153,1:02.63,,P.G. ADHEENA,22 JAN 1993,IND,4,,"Anna Stadium, Tiruchirapalli (IND)",26 AUG 2016,946,women_400h,2016,https://worldathletics.org/athletes/india/pg-adheena-14433119
154,1:02.64,,Yuan-Hsuan CHIEN,29 SEP 1998,TPE,3,,Taoyuan (TPE),20 MAY 2016,946,women_400h,2016,https://worldathletics.org/athletes/athlete=14791492
155,1:02.67,,Raimu UENASHI,15 APR 1997,JPN,8h4,,Kumagaya (JPN),03 SEP 2016,945,women_400h,2016,https://worldathletics.org/athletes/japan/raimu-uenashi-14719707
156,1:02.69,,Sayaka WATABE,1998,JPN,8sf1,,Kitakami (JPN),07 OCT 2016,944,women_400h,2016,https://worldathletics.org/athletes/japan/sayaka-watabe-14766637
157,1:02.70,,Anjali JOSE,24 MAY 1996,IND,4,,Patiala (IND),01 JAN 2016,944,women_400h,2016,https://worldathletics.org/athletes/athlete=14620979
157,1:02.70,,Natsumi KUMAGAI,01 SEP 1993,JPN,4h2,,Osaka (JPN),24 SEP 2016,944,women_400h,2016,https://worldathletics.org/athletes/japan/natsumi-kumagai-14441945
159,1:02.71,,Le Thi Hong HAN,23 AUG 2000,VIE,1,,Ho Chi-Minh (VIE),30 JUN 2016,944,women_400h,2016,https://worldathletics.org/athletes/athlete=14788476
160,1:02.74,,P.O. SAYANA,11 MAR 1998,IND,1,,Kozhikode (IND),01 FEB 2016,943,women_400h,2016,https://worldathletics.org/athletes/athlete=14714271
161,1:02.78,,Mary LYN AVILA,,PHI,2,,Hong Kong (HKG),25 JUN 2016,942,women_400h,2016,https://worldathletics.org/athletes/athlete=14603848
162,1:02.79,,Nong THI BIEN,1994,VIE,2,,Ho Chi-Minh (VIE),30 JUL 2016,942,women_400h,2016,https://worldathletics.org/athletes/athlete=14603433
163,1:02.80,,Rui FUJIWARA,14 SEP 1998,JPN,5h6,,Okayama (JPN),30 JUL 2016,941,women_400h,2016,https://worldathletics.org/athletes/athlete=14766640
164,1:02.86,,Zaimah Atifah ZAINUDDIN,10 SEP 1999,MAS,1,,Chanthaburi (THA),24 APR 2016,940,women_400h,2016,https://worldathletics.org/athletes/athlete=14696673
165,1:02.92,,ARTI BHATRA,,IND,2,,Hyderabad (IND),04 SEP 2016,938,women_400h,2016,https://worldathletics.org/athletes/india/arti-bhatra-014650062
166,1:02.93,,Sabina UMAROVA,31 OCT 1999,UZB,4h1,,Ho Chi-Minh (VIE),05 JUN 2016,938,women_400h,2016,https://worldathletics.org/athletes/uzbekistan/sabina-umarova-14755993
167,1:03.03,,Michelle Loterte PALMARES,1993,PHI,1,,Pasig (PHI),08 APR 2016,935,women_400h,2016,https://worldathletics.org/athletes/philippines/michelle-loterte-palmares-14516496
168,1:03.06,,Ya-Hsin LIN,23 APR 1998,TPE,1h1,,Taipei City (TPE),17 MAR 2016,934,women_400h,2016,https://worldathletics.org/athletes/athlete=14705954
169,1:03.11,,Yun JI,20 JUL 1996,CHN,6h4,,Shaoxing (CHN),15 APR 2016,933,women_400h,2016,https://worldathletics.org/athletes/pr-of-china/yun-ji-14585473
170,1:03.12,,Wenjuan ZHANG,18 AUG 1996,CHN,6h2,,Zhengzhou (CHN),12 MAY 2016,932,women_400h,2016,https://worldathletics.org/athletes/athlete=14714473
171,1:03.14,,Risako TAKEKOSHI,28 JUL 1994,JPN,6h5,,Kumagaya (JPN),03 SEP 2016,932,women_400h,2016,https://worldathletics.org/athletes/japan/risako-takekoshi-14766843
172,1:03.17,,Chia-Hsuan HSIEH,06 DEC 1995,TPE,4,,Taichung (TPE),04 MAY 2016,931,women_400h,2016,https://worldathletics.org/athletes/chinese-taipei/chia-hsuan-hsieh-14591679
173,1:03.22,,Juihsuan YANG,24 OCT 2002,TPE,4,,Taoyuan (TPE),20 MAY 2016,930,women_400h,2016,https://worldathletics.org/athletes/athlete=14791205
174,1:03.25,,Pei-Shan WU,27 MAR 2000,TPE,5,,Taoyuan (TPE),20 MAY 2016,929,women_400h,2016,https://worldathletics.org/athletes/athlete=14689213
175,1:03.26,,Mai HAMADA,05 JUN 1998,JPN,5h4,,Okayama (JPN),30 JUL 2016,929,women_400h,2016,https://worldathletics.org/athletes/athlete=14767097
176,1:03.33,,Najma PARVEEN,20 DEC 1990,PAK,1,,Quetta (PAK),11 MAY 2016,927,women_400h,2016,https://worldathletics.org/athletes/athlete=14594326
176,1:03.33,,Eri MATSUDA,17 JUN 1990,JPN,6h3,,Osaka (JPN),24 SEP 2016,927,women_400h,2016,https://worldathletics.org/athletes/japan/eri-matsuda-14523595
178,1:03.38,,Bui Thi TRANG,03 SEP 2000,VIE,2,,Ho Chi-Minh (VIE),30 JUN 2016,925,women_400h,2016,https://worldathletics.org/athletes/athlete=14751081
178,1:03.38,,Kanae KITSUDA,31 MAY 1996,JPN,5h3,,Kumagaya (JPN),03 SEP 2016,925,women_400h,2016,https://worldathletics.org/athletes/athlete=14671529
180,1:03.41,,Kyoko SHIRAI,11 MAR 2000,JPN,6h5,,Okayama (JPN),30 JUL 2016,924,women_400h,2016,https://worldathletics.org/athletes/athlete=14767099
181,1:03.50,,Noppawan ARTHIWETCH,1998,THA,1,,Suphan Buri (THA),15 MAR 2016,922,women_400h,2016,https://worldathletics.org/athletes/thailand/noppawan-arthiwetch-14759625
182,1:03.54,,Supaporn SOMSRI,1996,THA,2,,Bangkok (THA),05 JUL 2016,921,women_400h,2016,https://worldathletics.org/athletes/athlete=14675955
183,1:03.55,,Mitsuho AOKI,1998,JPN,7h5,,Okayama (JPN),30 JUL 2016,920,women_400h,2016,https://worldathletics.org/athletes/japan/mitsuho-aoki-14767100
183,1:03.55,,Reny Carla TEHUPEIORY,,INA,5,,Bogor (INA),23 SEP 2016,920,women_400h,2016,https://worldathletics.org/athletes/indonesia/reny-carla-tehupeiory-14765288
185,1:03.64,,Tomomi IKEDA,19 JUN 1993,JPN,4h1,,Osaka (JPN),24 SEP 2016,918,women_400h,2016,https://worldathletics.org/athletes/japan/tomomi-ikeda-14707946
186,1:03.70,,Juthamas KHONKHAM,06 MAY 1991,THA,3,,Bangkok (THA),05 JUL 2016,916,women_400h,2016,https://worldathletics.org/athletes/athlete=14374883
187,1:03.77,,S. ARSHITHA,10 AUG 1999,IND,1,,Coimbatore (IND),13 NOV 2016,914,women_400h,2016,https://worldathletics.org/athletes/athlete=14734733
188,1:03.97,,Abigail AROKIANATHAN,20 OCT 1999,IND,2,,Kozhikode (IND),01 FEB 2016,909,women_400h,2016,https://worldathletics.org/athletes/athlete=14734725
189,1:04.00,,Zahra MORADI,,IRI,1,,Tehran (IRI),30 SEP 2016,908,women_400h,2016,https://worldathletics.org/athletes/athlete=14791714
1,54.57,,Kemi ADEKOYA,16 JAN 1993,BRN,2,,"Bregyó Athletic Center, Székesfehérvár (HUN)",04 JUL 2017,1186,women_400h,2017,https://worldathletics.org/athletes/athlete=14419510
2,55.99,,Huan WANG,21 SEP 1994,CHN,1,,Tianjin (CHN),04 SEP 2017,1142,women_400h,2017,https://worldathletics.org/athletes/athlete=14420866
3,56.02,,Xia XIAO,04 JUN 1991,CHN,2,,Tianjin (CHN),04 SEP 2017,1141,women_400h,2017,https://worldathletics.org/athletes/athlete=14264869
4,56.06,,Thi Huyen NGUYEN,19 MAY 1993,VIE,1,,Kuala Lumpur (MAS),22 AUG 2017,1140,women_400h,2017,https://worldathletics.org/athletes/athlete=14524764
5,56.08,,Aminat JAMAL,27 JUN 1997,BRN,2,,Manama (BRN),10 MAY 2017,1139,women_400h,2017,https://worldathletics.org/athletes/athlete=14701082
6,56.32,,Sayaka AOKI,15 DEC 1986,JPN,1,,Akita (JPN),21 MAY 2017,1132,women_400h,2017,https://worldathletics.org/athletes/athlete=14286092
7,56.98,,Xueting WU,20 AUG 1995,CHN,3,,Tianjin (CHN),04 SEP 2017,1112,women_400h,2017,https://worldathletics.org/athletes/athlete=14585341
8,56.99,,Manami KIRA,23 OCT 1991,JPN,1f1,,Inba (JPN),03 JUN 2017,1111,women_400h,2017,https://worldathletics.org/athletes/athlete=14439813
9,57.01,,Yan HUANG,12 JAN 1996,CHN,1,,Jinan (CHN),18 MAY 2017,1111,women_400h,2017,https://worldathletics.org/athletes/athlete=14668298
10,57.21,,Anu RAGHAVAN,20 APR 1993,IND,1,,Guntur (IND),15 JUL 2017,1105,women_400h,2017,https://worldathletics.org/athletes/athlete=14436789
11,57.49,,Eri UTSUNOMIYA,11 APR 1993,JPN,1f2,,Fukuroi (JPN),03 MAY 2017,1096,women_400h,2017,https://worldathletics.org/athletes/athlete=14664132
12,57.51,,Jauna MURMU,16 AUG 1990,IND,2,,Patiala (IND),01 JUN 2017,1095,women_400h,2017,https://worldathletics.org/athletes/athlete=14377658
13,57.64,,Arpitha MANJUNATHA,11 FEB 1993,IND,3,,Patiala (IND),01 JUN 2017,1092,women_400h,2017,https://worldathletics.org/athletes/athlete=14497980
14,57.72,,Merjen ISHANGULIYEVA,21 JAN 1988,KAZ,1,,Almaty (KAZ),13 JUN 2017,1089,women_400h,2017,https://worldathletics.org/athletes/athlete=14941261
15,57.75,,Qiao YANG,15 JUL 1996,CHN,3,,Jinan (CHN),18 MAY 2017,1088,women_400h,2017,https://worldathletics.org/athletes/athlete=14585337
16,57.87,,Kana KOYAMA,16 DEC 1998,JPN,2h1,,Osaka (JPN),24 JUN 2017,1085,women_400h,2017,https://worldathletics.org/athletes/athlete=14719704
17,58.15,,Pei-Lin LO,01 FEB 1994,TPE,1,,Yilan (TPE),25 OCT 2017,1076,women_400h,2017,https://worldathletics.org/athletes/athlete=14483702
18,58.28,,Moe OSHIDEN,19 AUG 1993,JPN,1,,Fukui (JPN),10 SEP 2017,1072,women_400h,2017,https://worldathletics.org/athletes/athlete=14521628
19,58.57,,Chen WANG,26 FEB 1999,CHN,2,,Taiyuan (CHN),10 MAY 2017,1064,women_400h,2017,https://worldathletics.org/athletes/athlete=14702502
20,58.66,,Jiadie MO,06 JAN 2000,CHN,5,,Tianjin (CHN),04 SEP 2017,1061,women_400h,2017,https://worldathletics.org/athletes/athlete=14744957
21,58.68,,Kasumi YOSHIDA,10 MAR 1999,JPN,2,,Fukui (JPN),10 SEP 2017,1060,women_400h,2017,https://worldathletics.org/athletes/athlete=14719715
22,58.78,,Jie MA,25 JAN 1998,CHN,7,,Tianjin (CHN),04 SEP 2017,1057,women_400h,2017,https://worldathletics.org/athletes/athlete=14702566
23,58.79,,Natsumi MURAKAMI,01 JUL 1999,JPN,1,,Matsuyama (JPN),07 OCT 2017,1057,women_400h,2017,https://worldathletics.org/athletes/athlete=14766631
24,58.87,,Haruka KATAYAMA,13 APR 1995,JPN,3,,Fukui (JPN),10 SEP 2017,1055,women_400h,2017,https://worldathletics.org/athletes/japan/haruka-katayama-14707947
24,58.87,,Mayu SAITO,08 JUN 1995,JPN,2,,Osaka (JPN),23 SEP 2017,1055,women_400h,2017,https://worldathletics.org/athletes/athlete=14766692
26,58.88,,Hongjuan LIU,30 JUL 1996,CHN,1h4,,Taiyuan (CHN),09 MAY 2017,1054,women_400h,2017,https://worldathletics.org/athletes/athlete=14585470
27,58.94,,Haruka SHIBATA,13 JAN 1991,JPN,3h1,,Osaka (JPN),24 JUN 2017,1053,women_400h,2017,https://worldathletics.org/athletes/athlete=14334519
28,58.98,,Adelina AKHMETOVA,25 DEC 1998,KAZ,2,,Almaty (KAZ),13 JUN 2017,1051,women_400h,2017,https://worldathletics.org/athletes/athlete=14714397
29,58.99,,Xiaomei YU,16 OCT 1996,CHN,2,,Guiyang (CHN),26 JUN 2017,1051,women_400h,2017,https://worldathletics.org/athletes/athlete=14723553
30,59.00,,Kyeong-mi SON,09 FEB 1990,KOR,1,,Cheongju (KOR),23 OCT 2017,1051,women_400h,2017,https://worldathletics.org/athletes/athlete=14289898
31,59.15,,Manikam LOGANAYAKI,03 JUN 1997,IND,1,,Mangalagiri (IND),15 DEC 2017,1046,women_400h,2017,https://worldathletics.org/athletes/athlete=14714272
32,59.17,,Funa OSHIRO,1999,JPN,2,,Matsuyama (JPN),07 OCT 2017,1046,women_400h,2017,https://worldathletics.org/athletes/athlete=14815088
33,59.19,,Jerin JOSEPH,01 MAR 1996,IND,2,,Mangalagiri (IND),15 DEC 2017,1045,women_400h,2017,https://worldathletics.org/athletes/athlete=14717117
34,59.34,,Kristina PRONZHENKO,10 DEC 1988,TJK,1,,Bishkek (KGZ),18 JUN 2017,1041,women_400h,2017,https://worldathletics.org/athletes/athlete=14591502
35,59.36,,Satsuki UMEHARA,22 MAY 1994,JPN,4,,Osaka (JPN),23 SEP 2017,1040,women_400h,2017,https://worldathletics.org/athletes/athlete=14444482
36,59.44,,Moeka SEKIMOTO,23 FEB 2000,JPN,3,,Matsuyama (JPN),07 OCT 2017,1038,women_400h,2017,https://worldathletics.org/athletes/athlete=14728063
37,59.45,,Noora ABDU,,BRN,3,,Manama (BRN),10 MAY 2017,1038,women_400h,2017,https://worldathletics.org/athletes/bahrain/noora-abdu-14943600
38,59.48,,Fangfang WU,05 OCT 1997,CHN,3h2,,Jinan (CHN),17 MAY 2017,1037,women_400h,2017,https://worldathletics.org/athletes/athlete=14750686
39,59.54,,Marina ZAIKO,17 JAN 1993,KAZ,3,,Almaty (KAZ),13 JUN 2017,1035,women_400h,2017,https://worldathletics.org/athletes/athlete=14424023
40,59.55,,Xin LIU,26 AUG 1992,CHN,3h1,,Jinan (CHN),17 MAY 2017,1035,women_400h,2017,https://worldathletics.org/athletes/athlete=14472021
41,59.57,,Yuriko MITO,05 APR 1995,JPN,1sf1,,Yokohama (JPN),28 MAY 2017,1034,women_400h,2017,https://worldathletics.org/athletes/athlete=14766811
41,59.57,,Akiko ITO,26 MAY 1995,JPN,2f1,,Tokyo (JPN),23 JUL 2017,1034,women_400h,2017,https://worldathletics.org/athletes/athlete=14562727
43,59.70,,Xiaoxue DING,04 JAN 1998,CHN,2h1,,Taiyuan (CHN),09 MAY 2017,1030,women_400h,2017,https://worldathletics.org/athletes/athlete=14750685
44,59.71,,Yina LIANG,20 APR 2001,CHN,1,,Bangkok (THA),23 MAY 2017,1030,women_400h,2017,https://worldathletics.org/athletes/athlete=14755819
45,59.76,,Saki KODAMA,12 APR 1997,JPN,5h1,,Osaka (JPN),24 JUN 2017,1028,women_400h,2017,https://worldathletics.org/athletes/athlete=14758026
46,59.78,,Miyu ROKUTANDA,30 AUG 1997,JPN,3h3,,Osaka (JPN),24 JUN 2017,1028,women_400h,2017,https://worldathletics.org/athletes/athlete=14719711
47,59.80,,Yuri OKUBO,04 MAR 1997,JPN,1f2,,Tokyo (JPN),23 JUL 2017,1027,women_400h,2017,https://worldathletics.org/athletes/athlete=14608122
48,59.83,,Aleksandra ROMANOVA,26 DEC 1990,KAZ,4,,Almaty (KAZ),13 JUN 2017,1026,women_400h,2017,https://worldathletics.org/athletes/athlete=14593716
48,59.83,,Ren OBARA,29 SEP 1996,JPN,2f2,,Tokyo (JPN),23 JUL 2017,1026,women_400h,2017,https://worldathletics.org/athletes/athlete=14766840
50,59.84,,Saritaben Laxmanbhai GAYAKWAD,01 JUN 1994,IND,2h1,,Patiala (IND),01 JUN 2017,1026,women_400h,2017,https://worldathletics.org/athletes/athlete=14735664
51,59.86,,Kyoka HIRAHARA,1998,JPN,1h3,,Yokohama (JPN),27 MAY 2017,1026,women_400h,2017,https://worldathletics.org/athletes/athlete=14719710
51,59.86,,Kazuki HIGA,01 NOV 1998,JPN,6h1,,Osaka (JPN),24 JUN 2017,1026,women_400h,2017,https://worldathletics.org/athletes/athlete=14719708
53,59.87,,Yuka NOMURA,18 JUN 1987,JPN,5,,Osaka (JPN),23 SEP 2017,1025,women_400h,2017,https://worldathletics.org/athletes/athlete=14287489
54,59.90,,Kyong-hwa KIM,14 OCT 1988,KOR,2,,Cheongju (KOR),23 OCT 2017,1024,women_400h,2017,https://worldathletics.org/athletes/athlete=14382045
55,59.94,,Xiulan YE,22 AUG 1998,CHN,4h3,,Jinan (CHN),17 MAY 2017,1023,women_400h,2017,https://worldathletics.org/athletes/athlete=14723554
56,59.96,,Suzuka KAWABATA,13 JUL 1993,JPN,1h1,,Fukui (JPN),09 SEP 2017,1023,women_400h,2017,https://worldathletics.org/athletes/athlete=14591170
57,59.98,,Konomi TAKEISHI,09 OCT 1991,JPN,1h3,,Osaka (JPN),23 SEP 2017,1022,women_400h,2017,https://worldathletics.org/athletes/athlete=14388922
58,1:00.00,,Mami NITTA,06 MAR 1995,JPN,1h3,,Fukui (JPN),09 SEP 2017,1021,women_400h,2017,https://worldathletics.org/athletes/athlete=14722795
59,1:00.01,,Chika MATSUMOTO,16 JUN 1996,JPN,2h3,,Yokohama (JPN),27 MAY 2017,1021,women_400h,2017,https://worldathletics.org/athletes/athlete=14766839
60,1:00.07,,Sayuri KOSAKA,04 FEB 1996,JPN,3sf2,,Yokohama (JPN),28 MAY 2017,1019,women_400h,2017,https://worldathletics.org/athletes/athlete=14703305
60,1:00.07,,Yan JIN,08 FEB 1997,CHN,2h2,,Guiyang (CHN),25 JUN 2017,1019,women_400h,2017,https://worldathletics.org/athletes/athlete=14585476
62,1:00.12,,Hongyan WANG,14 NOV 1998,CHN,1,,Ordos (CHN),05 JUN 2017,1018,women_400h,2017,https://worldathletics.org/athletes/athlete=14750687
63,1:00.13,,Xue TAO,26 OCT 1999,CHN,4h1,,Jinan (CHN),17 MAY 2017,1018,women_400h,2017,https://worldathletics.org/athletes/athlete=14750688
64,1:00.14,,Juihsuan YANG,24 OCT 2002,TPE,2,,Yilan (TPE),25 OCT 2017,1017,women_400h,2017,https://worldathletics.org/athletes/athlete=14791205
65,1:00.15,,. ANJU,18 MAR 1992,IND,2,,Tiruchirapalli (IND),18 AUG 2017,1017,women_400h,2017,https://worldathletics.org/athletes/india/anju-14448707
66,1:00.22,,Shiho KAWANO,07 AUG 1999,JPN,2sf2,,Matsuyama (JPN),06 OCT 2017,1015,women_400h,2017,https://worldathletics.org/athletes/athlete=14766635
67,1:00.25,,Eunju JO,12 NOV 1989,KOR,1,,Kimchun (KOR),03 JUN 2017,1014,women_400h,2017,https://worldathletics.org/athletes/athlete=14477439
68,1:00.30,,Yu-Chieh LIN,08 SEP 1998,TPE,1,,Changhua (TPE),25 APR 2017,1013,women_400h,2017,https://worldathletics.org/athletes/athlete=14591671
69,1:00.33,,D.G.N.D. WICKRAMESINGHE,06 SEP 1987,SRI,1,,Diyagama (SRI),01 JUN 2017,1012,women_400h,2017,https://worldathletics.org/athletes/athlete=14483764
70,1:00.37,,Lin ZHOU,19 DEC 1998,CHN,3h4,,Taiyuan (CHN),09 MAY 2017,1011,women_400h,2017,https://worldathletics.org/athletes/athlete=14702500
71,1:00.38,,Nao MATSUOKA,29 OCT 1996,JPN,4sf2,,Yokohama (JPN),28 MAY 2017,1010,women_400h,2017,https://worldathletics.org/athletes/japan/nao-matsuoka-14701419
72,1:00.39,,Suzuka KAMITANI,18 AUG 1995,JPN,6,,Hiratsuka (JPN),11 JUN 2017,1010,women_400h,2017,https://worldathletics.org/athletes/japan/suzuka-kamitani-14809500
72,1:00.39,,Rumi SAKAMOTO,17 JUL 1999,JPN,3sf2,,Matsuyama (JPN),06 OCT 2017,1010,women_400h,2017,https://worldathletics.org/athletes/athlete=14766634
74,1:00.40,,Yuki SHIMIZU,03 MAY 1995,JPN,3,,Yokohama (JPN),28 MAY 2017,1010,women_400h,2017,https://worldathletics.org/athletes/athlete=14562719
75,1:00.43,,P.O. SAYANA,11 MAR 1998,IND,3,,Mangalagiri (IND),15 DEC 2017,1009,women_400h,2017,https://worldathletics.org/athletes/athlete=14714271
76,1:00.46,,Natalya ASANOVA,29 NOV 1989,UZB,2,,Tashkent (UZB),12 JUN 2017,1008,women_400h,2017,https://worldathletics.org/athletes/athlete=14324997
77,1:00.52,,Suzuka KOYAMA,02 OCT 1996,JPN,2h3,,Fukui (JPN),09 SEP 2017,1006,women_400h,2017,https://worldathletics.org/athletes/athlete=14722793
78,1:00.54,,Minami NAKAHARA,14 MAY 1998,JPN,4h2,,Osaka (JPN),24 JUN 2017,1006,women_400h,2017,https://worldathletics.org/athletes/athlete=14719705
79,1:00.55,,Dipna Lim PRASAD,07 JUN 1991,SGP,2,,Kuala Lumpur (MAS),22 AUG 2017,1005,women_400h,2017,https://worldathletics.org/athletes/athlete=14427000
80,1:00.60,,Hanako YOKOTA,1999,JPN,2h6,,Fukui (JPN),09 SEP 2017,1004,women_400h,2017,https://worldathletics.org/athletes/athlete=14767093
80,1:00.60,,Veerpal KAUR,07 SEP 1997,IND,3,,Chennai (IND),27 SEP 2017,1004,women_400h,2017,https://worldathletics.org/athletes/athlete=14670522
82,1:00.61,,Kuki OTANI,17 JAN 1993,JPN,3h2,,Osaka (JPN),23 SEP 2017,1004,women_400h,2017,https://worldathletics.org/athletes/athlete=14433356
82,1:00.61,,Ya-Ting LI,19 FEB 1999,TPE,4,,Yilan (TPE),25 OCT 2017,1004,women_400h,2017,https://worldathletics.org/athletes/athlete=14670024
84,1:00.63,,Young-hee JUNG,02 JAN 1990,KOR,4,,Cheongju (KOR),23 OCT 2017,1003,women_400h,2017,https://worldathletics.org/athletes/athlete=14289649
85,1:00.64,,Tomomi NONO,30 APR 1996,JPN,5h3,,Osaka (JPN),24 JUN 2017,1003,women_400h,2017,https://worldathletics.org/athletes/athlete=14677683
86,1:00.65,,Mako FUKUBE,28 OCT 1995,JPN,3h3,,Yokohama (JPN),27 MAY 2017,1003,women_400h,2017,https://worldathletics.org/athletes/athlete=14521635
87,1:00.66,,Le Thi Hong HAN,23 AUG 2000,VIE,2,,Bangkok (THA),23 MAY 2017,1002,women_400h,2017,https://worldathletics.org/athletes/athlete=14788476
87,1:00.66,,Akane KOBAYASHI,22 OCT 1998,JPN,3h5,,Fukui (JPN),09 SEP 2017,1002,women_400h,2017,https://worldathletics.org/athletes/athlete=14728015
89,1:00.69,,Ayana YASUI,07 MAY 1997,JPN,4h5,,Fukui (JPN),09 SEP 2017,1001,women_400h,2017,https://worldathletics.org/athletes/athlete=14719700
89,1:00.69,,Ayana THOMAS,20 JAN 1993,IND,4,,Chennai (IND),27 SEP 2017,1001,women_400h,2017,https://worldathletics.org/athletes/athlete=14685495
91,1:00.72,,Vishwa Priya RAMAMURTHI VENUGOPA,28 OCT 1995,IND,2,,Coimbatore (IND),15 JAN 2017,1001,women_400h,2017,https://worldathletics.org/athletes/athlete=14776067
92,1:00.73,,Juthamas KHONKHAM,06 MAY 1991,THA,3,,Kuala Lumpur (MAS),22 AUG 2017,1000,women_400h,2017,https://worldathletics.org/athletes/athlete=14374883
93,1:00.76,,Kaushalya MADHUSHANI,,SRI,2,,Diyagama (SRI),01 JUN 2017,999,women_400h,2017,https://worldathletics.org/athletes/sri-lanka/kaushalya-madhushani-14800214
94,1:00.78,,Eriko FUKUSHIMA,,JPN,3sf1,,Matsuyama (JPN),06 OCT 2017,999,women_400h,2017,https://worldathletics.org/athletes/athlete=14815089
95,1:00.79,,Kei Vivian KARASAZU,,JPN,3sf1,,Yokohama (JPN),28 MAY 2017,999,women_400h,2017,https://worldathletics.org/athletes/japan/kei-vivian-karasazu-14809709
96,1:00.81,,Narumi UCHIYAMA,26 DEC 1995,JPN,4sf1,,Yokohama (JPN),28 MAY 2017,998,women_400h,2017,https://worldathletics.org/athletes/athlete=14562720
96,1:00.81,,G.D. Niroshika LAKMALI,25 NOV 1989,SRI,3,,Diyagama (SRI),01 JUN 2017,998,women_400h,2017,https://worldathletics.org/athletes/athlete=14606678
98,1:00.87,,Pei-Shan WU,27 MAR 2000,TPE,3,,Bangkok (THA),23 MAY 2017,996,women_400h,2017,https://worldathletics.org/athletes/athlete=14689213
99,1:00.89,,Kawshalya MADUSHANI,13 NOV 1995,SRI,1,,Diyagama (SRI),02 SEP 2017,996,women_400h,2017,https://worldathletics.org/athletes/sri-lanka/kawshalya-madushani-14651473
100,1:00.98,,Vassanee VINATHO,30 JUN 1980,THA,4,,Kuala Lumpur (MAS),22 AUG 2017,993,women_400h,2017,https://worldathletics.org/athletes/athlete=14302733
101,1:00.99,,Chengqian DI,11 JUN 1999,CHN,6h2,,Zhengzhou (CHN),11 APR 2017,993,women_400h,2017,https://worldathletics.org/athletes/athlete=14750646
102,1:01.00,,Kaori NISHIYAMA,13 OCT 1994,JPN,3h4,,Fukui (JPN),09 SEP 2017,992,women_400h,2017,https://worldathletics.org/athletes/athlete=14766841
103,1:01.01,,Rina TAKAGI,02 OCT 1999,JPN,2h3,,Matsuyama (JPN),06 OCT 2017,992,women_400h,2017,https://worldathletics.org/athletes/athlete=14815080
104,1:01.04,,G.A.S. DULANI,14 FEB 1993,SRI,3,,Diyagama (SRI),02 SEP 2017,991,women_400h,2017,https://worldathletics.org/athletes/athlete=14759773
105,1:01.07,,Haruko ISHIZUKA,02 JUN 1997,JPN,5h2,,Osaka (JPN),24 JUN 2017,990,women_400h,2017,https://worldathletics.org/athletes/athlete=14649124
106,1:01.11,,Mitsuki NAGAYA,01 FEB 1999,JPN,2h1,,Fukui (JPN),09 SEP 2017,989,women_400h,2017,https://worldathletics.org/athletes/athlete=14767094
107,1:01.13,,Vivien Keina CARRUTHERS,28 MAR 1997,JPN,1h1,,Hiratsuka (JPN),10 JUN 2017,989,women_400h,2017,https://worldathletics.org/athletes/athlete=14809501
108,1:01.15,,Lihong HU,08 AUG 1999,CHN,4h2,,Ordos (CHN),04 JUN 2017,988,women_400h,2017,https://worldathletics.org/athletes/athlete=14754413
109,1:01.17,,Masako EZOE,1997,JPN,5f2,,Tokyo (JPN),23 JUL 2017,988,women_400h,2017,https://worldathletics.org/athletes/japan/masako-ezoe-14806968
109,1:01.17,,Sesami KUROIWA,08 MAR 2000,JPN,3h1,,Matsuyama (JPN),06 OCT 2017,988,women_400h,2017,https://worldathletics.org/athletes/athlete=14766636
111,1:01.22,,Yuki KITANO,03 SEP 1995,JPN,3h1,,Fukui (JPN),09 SEP 2017,986,women_400h,2017,https://worldathletics.org/athletes/athlete=14707945
112,1:01.32,,Liying CHEN,21 AUG 1994,CHN,4h2,,Guiyang (CHN),25 JUN 2017,983,women_400h,2017,https://worldathletics.org/athletes/athlete=14714474
113,1:01.34,,Tiasha SAMADDER,20 MAY 1998,IND,5,,Patiala (IND),01 JUN 2017,983,women_400h,2017,https://worldathletics.org/athletes/athlete=14621363
114,1:01.41,,Yuan-Hsuan CHIEN,29 SEP 1998,TPE,2,,Changhua (TPE),25 APR 2017,981,women_400h,2017,https://worldathletics.org/athletes/athlete=14791492
115,1:01.42,,Veronika BROSLAVSKAYA,11 SEP 1999,KAZ,5,,Almaty (KAZ),13 JUN 2017,980,women_400h,2017,https://worldathletics.org/athletes/athlete=14797233
116,1:01.45,,Yuri ARASHIMA,02 SEP 1997,JPN,6f2,,Tokyo (JPN),23 JUL 2017,980,women_400h,2017,https://worldathletics.org/athletes/athlete=14608150
117,1:01.49,,Zhangyan QIU,14 AUG 1998,CHN,5h2,,Tianjin (CHN),02 SEP 2017,978,women_400h,2017,https://worldathletics.org/athletes/athlete=14668302
118,1:01.57,,Xinghua HOU,08 NOV 1996,CHN,4h1,,Zhengzhou (CHN),11 APR 2017,976,women_400h,2017,https://worldathletics.org/athletes/athlete=14744956
118,1:01.57,,Yui OGAWA,26 AUG 1996,JPN,5h3,,Yokohama (JPN),27 MAY 2017,976,women_400h,2017,https://worldathletics.org/athletes/athlete=14809502
120,1:01.68,,Yamani D. D. MUDIYANSELAGE,19 JAN 1998,SRI,1,,Diyagama (SRI),24 APR 2017,973,women_400h,2017,https://worldathletics.org/athletes/athlete=14714400
121,1:01.71,,Ji-yeon LEE,25 FEB 1988,KOR,2,,Kimchun (KOR),03 JUN 2017,972,women_400h,2017,https://worldathletics.org/athletes/athlete=14382930
122,1:01.76,,Airi NISHINO,26 MAR 1992,JPN,3h3,,Osaka (JPN),23 SEP 2017,971,women_400h,2017,https://worldathletics.org/athletes/athlete=14334541
123,1:01.80,,Bui Thi TRANG,03 SEP 2000,VIE,4,,Bangkok (THA),23 MAY 2017,970,women_400h,2017,https://worldathletics.org/athletes/athlete=14751081
123,1:01.80,,Santosh KUMARI,15 JAN 1990,IND,6,,Patiala (IND),01 JUN 2017,970,women_400h,2017,https://worldathletics.org/athletes/athlete=14545221
125,1:01.82,,Ryo MATSUMURA,19 JUL 1996,JPN,5h4,,Yokohama (JPN),27 MAY 2017,969,women_400h,2017,https://worldathletics.org/athletes/athlete=14766838
126,1:01.85,,Najma PARVEEN,20 DEC 1990,PAK,1,,Karachi (PAK),08 APR 2017,968,women_400h,2017,https://worldathletics.org/athletes/athlete=14594326
126,1:01.85,,Neneka NISHIMURA,05 NOV 1999,JPN,4h1,,Matsuyama (JPN),06 OCT 2017,968,women_400h,2017,https://worldathletics.org/athletes/athlete=14815090
128,1:01.87,,Hae-in LEE,29 JUN 2001,KOR,1,,Cheongju (KOR),23 OCT 2017,968,women_400h,2017,https://worldathletics.org/athletes/athlete=14800080
129,1:01.90,,Xuejie MA,23 DEC 2001,CHN,3,,Nanchang (CHN),19 APR 2017,967,women_400h,2017,https://worldathletics.org/athletes/athlete=14805801
130,1:01.94,,Mai HAMADA,05 JUN 1998,JPN,3h2,,Yokohama (JPN),27 MAY 2017,966,women_400h,2017,https://worldathletics.org/athletes/athlete=14767097
131,1:02.09,,Chia-Yu CHANG,03 DEC 2000,TPE,2,,Taipei City (TPE),04 NOV 2017,961,women_400h,2017,https://worldathletics.org/athletes/athlete=14831881
132,1:02.14,,Yamani DULANJALI,19 JAN 1998,SRI,5,,Diyagama (SRI),01 JUN 2017,960,women_400h,2017,https://worldathletics.org/athletes/sri-lanka/yamani-dulanjali-14695746
133,1:02.15,,Chih-Han TSAI,,TPE,2,,Taipei City (TPE),10 MAY 2017,960,women_400h,2017,https://worldathletics.org/athletes/chinese-taipei/chih-han-tsai-14497743
134,1:02.20,,Supaporn SOMSRI,1996,THA,2,,Nakhon Ratchasima (THA),23 FEB 2017,958,women_400h,2017,https://worldathletics.org/athletes/athlete=14675955
134,1:02.20,,Alvin TEHUPEIORY,05 APR 1995,INA,1,,Jakarta (INA),07 DEC 2017,958,women_400h,2017,https://worldathletics.org/athletes/athlete=14478692
136,1:02.25,,Rokia AL-BASSAM,,BRN,4,,Manama (BRN),10 MAY 2017,957,women_400h,2017,https://worldathletics.org/athletes/bahrain/rokia-al-bassam-14943601
137,1:02.29,,Soni KUMARI,,IND,3,,Dehradun (IND),28 DEC 2017,956,women_400h,2017,https://worldathletics.org/athletes/india/soni-kumari-14823005
138,1:02.30,,Changwei LU,08 NOV 2001,CHN,4,,Nanchang (CHN),19 APR 2017,955,women_400h,2017,https://worldathletics.org/athletes/athlete=14811638
138,1:02.30,,Mio TSUJII,24 NOV 2000,JPN,5h1,,Matsuyama (JPN),06 OCT 2017,955,women_400h,2017,https://worldathletics.org/athletes/athlete=14815091
140,1:02.31,,Nurul Faizah MAZLAN,04 JUL 1991,MAS,5,,Kuala Lumpur (MAS),22 AUG 2017,955,women_400h,2017,https://worldathletics.org/athletes/athlete=14290832
140,1:02.31,,Vishnu Priya JAYAPRAKASAN,13 MAR 2001,IND,1,,Kottayam (IND),20 OCT 2017,955,women_400h,2017,https://worldathletics.org/athletes/athlete=14841060
142,1:02.36,,Ah-reum LEE,24 JUL 1988,KOR,3,,Kimchun (KOR),03 JUN 2017,954,women_400h,2017,https://worldathletics.org/athletes/athlete=14289772
143,1:02.38,,Akari MATSUGATANI,14 NOV 1995,JPN,5h5,,Fukui (JPN),09 SEP 2017,953,women_400h,2017,https://worldathletics.org/athletes/japan/akari-matsugatani-14608115
144,1:02.49,,Abigail AROKIANATHAN,20 OCT 1999,IND,2,,Vijayawada (IND),19 NOV 2017,950,women_400h,2017,https://worldathletics.org/athletes/athlete=14734725
145,1:02.52,,Anjali JOSE,24 MAY 1996,IND,4sf1,,Coimbatore (IND),15 JAN 2017,949,women_400h,2017,https://worldathletics.org/athletes/athlete=14620979
145,1:02.52,,Wan-Yu LO,,TPE,3,,Taipei City (TPE),10 MAY 2017,949,women_400h,2017,https://worldathletics.org/athletes/chinese-taipei/wan-yu-lo-14831846
147,1:02.54,,Sawako NAKAGAMA,13 MAY 1997,JPN,4h1,,Yokohama (JPN),27 MAY 2017,949,women_400h,2017,https://worldathletics.org/athletes/athlete=14671531
148,1:02.62,,Min-ki KIM,27 SEP 1995,KOR,1,,Cheongju (KOR),23 OCT 2017,946,women_400h,2017,https://worldathletics.org/athletes/athlete=14376753
149,1:02.70,,Menglu JIAO,24 APR 2001,CHN,5,,Nanchang (CHN),19 APR 2017,944,women_400h,2017,https://worldathletics.org/athletes/athlete=14811661
150,1:02.75,,Mizuki KURITANI,1998,JPN,4h2,,Hiratsuka (JPN),10 JUN 2017,943,women_400h,2017,https://worldathletics.org/athletes/japan/mizuki-kuritani-14767091
151,1:02.77,,Thaths SIPKADUWE,21 JUN 2001,SRI,5,,Nassau (BAH),23 JUL 2017,942,women_400h,2017,https://worldathletics.org/athletes/athlete=14806620
152,1:02.83,,Masaki ADACHI,03 DEC 1998,JPN,5f1,,Fukuroi (JPN),03 MAY 2017,941,women_400h,2017,https://worldathletics.org/athletes/athlete=14795543
152,1:02.83,,. BHATERI,20 MAY 1996,IND,4,,Dehradun (IND),28 DEC 2017,941,women_400h,2017,https://worldathletics.org/athletes/athlete=14823006
154,1:02.87,,Natsuki IKEDA,29 SEP 1996,JPN,6h3,,Yokohama (JPN),27 MAY 2017,939,women_400h,2017,https://worldathletics.org/athletes/athlete=14671533
155,1:02.90,,Dongmei ZHUANG,14 DEC 2000,CHN,6,,Nanchang (CHN),19 APR 2017,939,women_400h,2017,https://worldathletics.org/athletes/athlete=14811662
155,1:02.90,,Jae-yeon KIM,1999,KOR,4,,Kimchun (KOR),03 JUN 2017,939,women_400h,2017,https://worldathletics.org/athletes/korea/jae-yeon-kim-14800057
155,1:02.90,,Chui Ling GOH,27 NOV 1992,SGP,6h1,,Bhubaneshwar (IND),07 JUL 2017,939,women_400h,2017,https://worldathletics.org/athletes/athlete=14621654
158,1:02.95,,B. DHANALAKSHMI,31 AUG 1995,IND,3sf3,,Coimbatore (IND),15 JAN 2017,937,women_400h,2017,https://worldathletics.org/athletes/athlete=14649929
159,1:03.04,,Cha-soon SIM,27 JAN 1996,KOR,2,,Cheongju (KOR),23 OCT 2017,935,women_400h,2017,https://worldathletics.org/athletes/athlete=14604583
160,1:03.08,,Subani KAUSHALYA,,SRI,2,,Diyagama (SRI),24 APR 2017,934,women_400h,2017,https://worldathletics.org/athletes/sri-lanka/subani-kaushalya-14793826
160,1:03.08,,Mayu NOJIRI,05 JUN 1998,JPN,5h2,,Hiratsuka (JPN),10 JUN 2017,934,women_400h,2017,https://worldathletics.org/athletes/athlete=14809503
160,1:03.08,,Ryo WAKAMATSU,1998,JPN,5h6,,Fukui (JPN),09 SEP 2017,934,women_400h,2017,https://worldathletics.org/athletes/japan/ryo-wakamatsu-14811084
163,1:03.09,,Yui SAITO,18 FEB 1991,JPN,4h1,,Osaka (JPN),23 SEP 2017,933,women_400h,2017,https://worldathletics.org/athletes/japan/yui-saito-14441938
164,1:03.10,,J. DHIVYA,31 JAN 1998,IND,3,,Vijayawada (IND),19 NOV 2017,933,women_400h,2017,https://worldathletics.org/athletes/athlete=14818587
165,1:03.14,,Ryoko TSUBOURA,11 FEB 1995,JPN,5h1,,Yokohama (JPN),27 MAY 2017,932,women_400h,2017,https://worldathletics.org/athletes/athlete=14562714
166,1:03.18,,Kaede DEMIZU,08 MAY 1997,JPN,6h2,,Hiratsuka (JPN),10 JUN 2017,931,women_400h,2017,https://worldathletics.org/athletes/athlete=14671509
167,1:03.22,,Ya-Hsin LIN,23 APR 1998,TPE,1h1,,Taipei City (TPE),08 APR 2017,930,women_400h,2017,https://worldathletics.org/athletes/athlete=14705954
167,1:03.22,,Kannika PHIMPHACHAT,,THA,2,,Singapore (SGP),15 JUL 2017,930,women_400h,2017,https://worldathletics.org/athletes/thailand/kannika-phimphachat-14943592
169,1:03.27,,M.B. BIBISHA,1998,IND,4,,Vijayawada (IND),19 NOV 2017,928,women_400h,2017,https://worldathletics.org/athletes/athlete=14768651
170,1:03.30,,Reina TAKEUCHI,1998,JPN,4h3,,Hiratsuka (JPN),10 JUN 2017,927,women_400h,2017,https://worldathletics.org/athletes/japan/reina-takeuchi-14809504
171,1:03.32,,So-young PARK,1996,KOR,6,,Cheongju (KOR),23 OCT 2017,927,women_400h,2017,https://worldathletics.org/athletes/korea/so-young-park-14670903
172,1:03.33,,Ying OU,03 DEC 2001,CHN,5h3,,Jinan (CHN),17 MAY 2017,927,women_400h,2017,https://worldathletics.org/athletes/athlete=14795241
173,1:03.37,,Kurumu MONOE,1997,JPN,6h1,,Yokohama (JPN),27 MAY 2017,925,women_400h,2017,https://worldathletics.org/athletes/japan/kurumu-monoe-14728017
174,1:03.39,,Yanxin DONG,27 FEB 1998,CHN,7h1,,Guiyang (CHN),25 JUN 2017,925,women_400h,2017,https://worldathletics.org/athletes/athlete=14750645
175,1:03.40,,. SUGIARTI,1999,INA,1,,Jakarta (INA),23 APR 2017,925,women_400h,2017,https://worldathletics.org/athletes/athlete=14794038
175,1:03.40,,Manami ITO,01 OCT 1997,JPN,4h3,,Osaka (JPN),23 SEP 2017,925,women_400h,2017,https://worldathletics.org/athletes/athlete=14814432
177,1:03.42,,. SUGIARTI,1999,INA,3,,Singapore (SGP),15 JUL 2017,924,women_400h,2017,https://worldathletics.org/athletes/indonesia/sugiarti-14943593
178,1:03.43,,Rama JANUARTI,1997,INA,2,,Jakarta (INA),07 DEC 2017,924,women_400h,2017,https://worldathletics.org/athletes/athlete=14765283
179,1:03.45,,Gulhayo RAKHIMOVA,09 MAY 1998,UZB,1,,Andijan (UZB),24 APR 2017,923,women_400h,2017,https://worldathletics.org/athletes/uzbekistan/gulhayo-rakhimova-14794056
180,1:03.49,,. RAMALAKSHMI,26 MAR 1999,IND,5h1,,Chennai (IND),27 SEP 2017,922,women_400h,2017,https://worldathletics.org/athletes/athlete=14813108
181,1:03.51,,Mizuki KURIYA,26 APR 1998,JPN,6f1,,Fukuroi (JPN),03 MAY 2017,922,women_400h,2017,https://worldathletics.org/athletes/athlete=14795544
182,1:03.54,,Shin-ae KIM,1986,KOR,2,,Goseong (KOR),05 JUL 2017,921,women_400h,2017,https://worldathletics.org/athletes/korea/shin-ae-kim-14289746
183,1:03.58,,Riza Jane DUPALCO,28 FEB 2001,PHI,4,,Singapore (SGP),15 JUL 2017,920,women_400h,2017,https://worldathletics.org/athletes/athlete=14849591
184,1:03.67,,Jingyi YANG,17 AUG 1998,CHN,2,,Hong Kong (HKG),24 JUN 2017,917,women_400h,2017,https://worldathletics.org/athletes/athlete=14831905
185,1:03.80,,Kanae KITSUDA,31 MAY 1996,JPN,5h2,,Fukui (JPN),09 SEP 2017,914,women_400h,2017,https://worldathletics.org/athletes/athlete=14671529
186,1:03.83,,Yi-Mei KAO,1982,TPE,8,,Taipei City (TPE),30 APR 2017,913,women_400h,2017,https://worldathletics.org/athletes/chinese-taipei/yi-mei-kao-14584744
187,1:03.92,,Elaheh SEIFI,,IRI,1,,Tehran (IRI),06 SEP 2017,910,women_400h,2017,https://worldathletics.org/athletes/athlete=14738747
1,55.30,,Thi Lan QUACH,18 OCT 1995,VIE,1,,Jakarta (INA),27 AUG 2018,1163,women_400h,2018,https://worldathletics.org/athletes/athlete=14483951
2,55.45,,Kemi ADEKOYA,16 JAN 1993,BRN,2,,"Wieslaw Maniak Municipal Athletic Stadium, Szczecin (POL)",15 AUG 2018,1159,women_400h,2018,https://worldathletics.org/athletes/athlete=14419510
3,55.54,,Aminat JAMAL,27 JUN 1997,BRN,2,,Goleniow (POL),20 JUN 2018,1156,women_400h,2018,https://worldathletics.org/athletes/athlete=14701082
4,56.77,,Anu RAGHAVAN,20 APR 1993,IND,2h2,,Jakarta (INA),26 AUG 2018,1118,women_400h,2018,https://worldathletics.org/athletes/athlete=14436789
5,56.84,,Eri UTSUNOMIYA,11 APR 1993,JPN,1,,Osaka (JPN),06 MAY 2018,1116,women_400h,2018,https://worldathletics.org/athletes/athlete=14664132
6,57.02,,Jauna MURMU,16 AUG 1990,IND,1,,Guwahati (IND),26 JUN 2018,1110,women_400h,2018,https://worldathletics.org/athletes/athlete=14377658
7,57.04,,Saritaben Laxmanbhai GAYAKWAD,01 JUN 1994,IND,1,,Jablonec nad Nisou (CZE),15 AUG 2018,1110,women_400h,2018,https://worldathletics.org/athletes/athlete=14735664
8,57.29,,Yan HUANG,12 JAN 1996,CHN,1,,Huai'an (CHN),17 MAY 2018,1102,women_400h,2018,https://worldathletics.org/athletes/athlete=14668298
9,57.31,,Manami KIRA,23 OCT 1991,JPN,5,,"Yanmar Stadium Nagai, Osaka (JPN)",20 MAY 2018,1102,women_400h,2018,https://worldathletics.org/athletes/athlete=14439813
10,57.43,,Arpitha MANJUNATHA,11 FEB 1993,IND,1,,Patiala (IND),08 MAR 2018,1098,women_400h,2018,https://worldathletics.org/athletes/athlete=14497980
11,57.55,,Sayaka AOKI,15 DEC 1986,JPN,1,,Hiratsuka (JPN),21 JUL 2018,1094,women_400h,2018,https://worldathletics.org/athletes/athlete=14286092
12,57.63,,Anju RANI,25 SEP 1992,IND,1,,Bhubaneshwar (IND),28 SEP 2018,1092,women_400h,2018,https://worldathletics.org/athletes/athlete=14497979
13,57.80,,Kana KOYAMA,16 DEC 1998,JPN,3,,Osaka (JPN),06 MAY 2018,1087,women_400h,2018,https://worldathletics.org/athletes/athlete=14719704
14,57.81,,Satsuki UMEHARA,22 MAY 1994,JPN,4,,Osaka (JPN),06 MAY 2018,1086,women_400h,2018,https://worldathletics.org/athletes/athlete=14444482
15,57.86,,Jiadie MO,06 JAN 2000,CHN,2,,Taiyuan (CHN),16 SEP 2018,1085,women_400h,2018,https://worldathletics.org/athletes/athlete=14744957
16,58.29,,Konomi TAKEISHI,09 OCT 1991,JPN,5,,Osaka (JPN),06 MAY 2018,1072,women_400h,2018,https://worldathletics.org/athletes/athlete=14388922
17,58.36,,Veerpal KAUR,07 SEP 1997,IND,3,,Bhubaneshwar (IND),28 SEP 2018,1070,women_400h,2018,https://worldathletics.org/athletes/athlete=14670522
18,58.38,,Mayu SAITO,08 JUN 1995,JPN,4,,Yamaguchi (JPN),24 JUN 2018,1069,women_400h,2018,https://worldathletics.org/athletes/athlete=14766692
19,58.43,,Kasumi YOSHIDA,10 MAR 1999,JPN,1,,Gifu (JPN),10 JUN 2018,1068,women_400h,2018,https://worldathletics.org/athletes/athlete=14719715
20,58.48,,Xia XIAO,04 JUN 1991,CHN,7,,"Shanghai Stadium, Shanghai (CHN)",12 MAY 2018,1066,women_400h,2018,https://worldathletics.org/athletes/athlete=14264869
21,58.60,,Akiko ITO,26 MAY 1995,JPN,1h2,,Osaka (JPN),06 MAY 2018,1063,women_400h,2018,https://worldathletics.org/athletes/athlete=14562727
22,58.65,,Xueting WU,20 AUG 1995,CHN,3,,Taiyuan (CHN),16 SEP 2018,1061,women_400h,2018,https://worldathletics.org/athletes/athlete=14585341
23,58.76,,Kazuki HIGA,01 NOV 1998,JPN,2,,Kawasaki (JPN),09 SEP 2018,1058,women_400h,2018,https://worldathletics.org/athletes/athlete=14719708
24,58.77,,Mai SAIHARA,05 JUN 2000,JPN,1,,Fukui (JPN),06 OCT 2018,1058,women_400h,2018,https://worldathletics.org/athletes/athlete=14855700
25,58.84,,Adelina AKHMETOVA,25 DEC 1998,KAZ,1,,Almaty (KAZ),24 JUL 2018,1056,women_400h,2018,https://worldathletics.org/athletes/athlete=14714397
26,58.89,,Juihsuan YANG,24 OCT 2002,TPE,2,,Gifu (JPN),10 JUN 2018,1054,women_400h,2018,https://worldathletics.org/athletes/athlete=14791205
27,58.91,,Tiasha SAMADDER,20 MAY 1998,IND,3,,Lucknow (IND),18 AUG 2018,1054,women_400h,2018,https://worldathletics.org/athletes/athlete=14621363
27,58.91,,Suzuka KAWABATA,13 JUL 1993,JPN,3,,Osaka (JPN),22 SEP 2018,1054,women_400h,2018,https://worldathletics.org/athletes/athlete=14591170
29,58.92,,Natsumi MURAKAMI,01 JUL 1999,JPN,3,,Gifu (JPN),10 JUN 2018,1053,women_400h,2018,https://worldathletics.org/athletes/athlete=14766631
30,58.93,,Dipna Lim PRASAD,07 JUN 1991,SGP,3h1,,Jakarta (INA),26 AUG 2018,1053,women_400h,2018,https://worldathletics.org/athletes/athlete=14427000
31,58.96,,Veerpal KAUR,24 MAR 1994,IND,4,,Bhubaneshwar (IND),28 SEP 2018,1052,women_400h,2018,https://worldathletics.org/athletes/athlete=14866192
32,59.00,,Saori OOCHI,11 JUN 2000,JPN,1,,Ise (JPN),04 AUG 2018,1051,women_400h,2018,https://worldathletics.org/athletes/athlete=14855476
33,59.03,,Risa HAYASHI,18 FEB 1998,JPN,1,,Kyoto (JPN),13 MAY 2018,1050,women_400h,2018,https://worldathletics.org/athletes/athlete=14719701
34,59.07,,Fangfang WU,05 OCT 1997,CHN,4,,Zhuzhou (CHN),17 APR 2018,1049,women_400h,2018,https://worldathletics.org/athletes/athlete=14750686
35,59.08,,Honoka AOKI,24 SEP 2001,JPN,2,,Ise (JPN),04 AUG 2018,1049,women_400h,2018,https://worldathletics.org/athletes/athlete=14855506
36,59.09,,Hana SHIMIZU,09 JUL 2001,JPN,1h1,,Fukui (JPN),05 OCT 2018,1048,women_400h,2018,https://worldathletics.org/athletes/athlete=14855689
37,59.16,,Xue TAO,26 OCT 1999,CHN,2,,Huai'an (CHN),17 MAY 2018,1046,women_400h,2018,https://worldathletics.org/athletes/athlete=14750688
37,59.16,,Moeka SEKIMOTO,23 FEB 2000,JPN,3h2,,"Ratinan Stadion, Tampere (FIN)",11 JUL 2018,1046,women_400h,2018,https://worldathletics.org/athletes/athlete=14728063
37,59.16,,Ying OU,03 DEC 2001,CHN,2h1,,Taiyuan (CHN),15 SEP 2018,1046,women_400h,2018,https://worldathletics.org/athletes/athlete=14795241
40,59.18,,Xin LIU,26 AUG 1992,CHN,3h1,,Taiyuan (CHN),15 SEP 2018,1046,women_400h,2018,https://worldathletics.org/athletes/athlete=14472021
40,59.18,,Yuriko MITO,05 APR 1995,JPN,1h1,,Osaka (JPN),22 SEP 2018,1046,women_400h,2018,https://worldathletics.org/athletes/athlete=14766811
42,59.32,,Merjen ISHANGULIYEVA,21 JAN 1988,KAZ,4h2,,Jakarta (INA),26 AUG 2018,1041,women_400h,2018,https://worldathletics.org/athletes/athlete=14941261
43,59.35,,Changwei LU,08 NOV 2001,CHN,1,,Zhuzhou (CHN),17 APR 2018,1041,women_400h,2018,https://worldathletics.org/athletes/athlete=14811638
44,59.40,,Karen YOKOTA,17 MAR 1999,JPN,3sf2,,Kawasaki (JPN),08 SEP 2018,1039,women_400h,2018,https://worldathletics.org/athletes/athlete=14856898
44,59.40,,Rui TSUGAWA,24 NOV 2001,JPN,1h6,,Nagoya (JPN),21 OCT 2018,1039,women_400h,2018,https://worldathletics.org/athletes/athlete=14825125
46,59.45,,Kyeong-mi SON,09 FEB 1990,KOR,1,,Heongseong (KOR),25 JUL 2018,1038,women_400h,2018,https://worldathletics.org/athletes/athlete=14289898
46,59.45,,Yuka KAWAMURA,28 DEC 2001,JPN,1f1,,Nagoya (JPN),21 OCT 2018,1038,women_400h,2018,https://worldathletics.org/athletes/athlete=14855694
48,59.46,,Lihong HU,08 AUG 1999,CHN,2h2,,Taiyuan (CHN),15 SEP 2018,1037,women_400h,2018,https://worldathletics.org/athletes/athlete=14754413
48,59.46,,Nazuna OKAWA,22 JAN 2001,JPN,2h1,,Fukui (JPN),05 OCT 2018,1037,women_400h,2018,https://worldathletics.org/athletes/athlete=14855502
50,59.47,,Chiharu ARUGA,22 APR 2001,JPN,3h1,,Fukui (JPN),05 OCT 2018,1037,women_400h,2018,https://worldathletics.org/athletes/athlete=14855682
51,59.48,,Miyu ROKUTANDA,30 AUG 1997,JPN,2,,Kyoto (JPN),13 MAY 2018,1037,women_400h,2018,https://worldathletics.org/athletes/athlete=14719711
52,59.51,,Robyn BROWN,27 JUL 1994,PHI,2f1,,"Torrance, CA (USA)",20 APR 2018,1036,women_400h,2018,https://worldathletics.org/athletes/athlete=14893469
53,59.55,,Hongjuan LIU,30 JUL 1996,CHN,4,,Huai'an (CHN),17 MAY 2018,1035,women_400h,2018,https://worldathletics.org/athletes/athlete=14585470
54,59.57,,Yuki YAMASAKI,06 JUN 1995,JPN,1,,Isahaya (JPN),15 JUL 2018,1034,women_400h,2018,https://worldathletics.org/athletes/athlete=14722710
55,59.64,,Svetlana KUZNETSOVA,29 JAN 1992,KAZ,1,,Almaty (KAZ),29 JUN 2018,1032,women_400h,2018,https://worldathletics.org/athletes/athlete=14375685
56,59.68,,Vivien Keina CARRUTHERS,28 MAR 1997,JPN,3f1,,Yokohama (JPN),22 JUL 2018,1031,women_400h,2018,https://worldathletics.org/athletes/athlete=14809501
56,59.68,,Yuki FUJIMOTO,13 JUN 2000,JPN,4h1,,Fukui (JPN),05 OCT 2018,1031,women_400h,2018,https://worldathletics.org/athletes/athlete=14855482
56,59.68,,Kawshalya MADUSHANI,13 NOV 1995,SRI,1,,Colombo (SRI),29 OCT 2018,1031,women_400h,2018,https://worldathletics.org/athletes/sri-lanka/kawshalya-madushani-14651473
59,59.70,,Tianlu LAN,15 OCT 1999,CHN,2,,Nanchang (CHN),12 MAY 2018,1030,women_400h,2018,https://worldathletics.org/athletes/athlete=14782077
59,59.70,,Vithya RAMRAJ,20 SEP 1998,IND,1,,Moodbidri (IND),25 NOV 2018,1030,women_400h,2018,https://worldathletics.org/athletes/athlete=14776046
61,59.73,,Ren OBARA,29 SEP 1996,JPN,3sf2,,Sagamihara (JPN),27 MAY 2018,1029,women_400h,2018,https://worldathletics.org/athletes/athlete=14766840
62,59.74,,Yuri OKUBO,04 MAR 1997,JPN,1,,Fukui (JPN),15 JUL 2018,1029,women_400h,2018,https://worldathletics.org/athletes/athlete=14608122
62,59.74,,Aiki TSUHA,15 FEB 2000,JPN,2f1,,Nagoya (JPN),21 OCT 2018,1029,women_400h,2018,https://worldathletics.org/athletes/athlete=14858499
64,59.77,,Haruka SHIBATA,13 JAN 1991,JPN,5,,Osaka (JPN),22 SEP 2018,1028,women_400h,2018,https://worldathletics.org/athletes/athlete=14334519
65,59.80,,Yina LIANG,20 APR 2001,CHN,2,,Zhuzhou (CHN),17 APR 2018,1027,women_400h,2018,https://worldathletics.org/athletes/athlete=14755819
66,59.81,,Young-hee JUNG,02 JAN 1990,KOR,1,,Yecheon (KOR),12 JUL 2018,1027,women_400h,2018,https://worldathletics.org/athletes/athlete=14289649
67,59.83,,G.A.S. DULANI,14 FEB 1993,SRI,1,,Colombo (SRI),14 SEP 2018,1026,women_400h,2018,https://worldathletics.org/athletes/athlete=14759773
68,59.84,,Xiaoxue DING,04 JAN 1998,CHN,5,,Zhuzhou (CHN),17 APR 2018,1026,women_400h,2018,https://worldathletics.org/athletes/athlete=14750685
69,59.85,,Yilan ZHUANG,04 MAR 2000,CHN,3,,Nanchang (CHN),12 MAY 2018,1026,women_400h,2018,https://worldathletics.org/athletes/athlete=14849147
69,59.85,,Eunju JO,12 NOV 1989,KOR,2,,Yecheon (KOR),12 JUL 2018,1026,women_400h,2018,https://worldathletics.org/athletes/athlete=14477439
71,59.86,,Yuka NOMURA,18 JUN 1987,JPN,4h2,,Fukui (JPN),05 OCT 2018,1026,women_400h,2018,https://worldathletics.org/athletes/athlete=14287489
72,59.88,,Natsumi HIGUCHI,17 AUG 2000,JPN,3sf2,,Ise (JPN),04 AUG 2018,1025,women_400h,2018,https://worldathletics.org/athletes/athlete=14855701
73,59.90,,Nozomi BAN,04 JUL 2001,JPN,2h3,,Fukui (JPN),05 OCT 2018,1024,women_400h,2018,https://worldathletics.org/athletes/athlete=14855628
74,59.94,,Miku FUJIWARA,07 DEC 1992,JPN,3h1,,Fukui (JPN),05 OCT 2018,1023,women_400h,2018,https://worldathletics.org/athletes/athlete=14433362
75,59.97,,Pei-Lin LO,01 FEB 1994,TPE,2,,Taipei City (TPE),26 MAY 2018,1022,women_400h,2018,https://worldathletics.org/athletes/athlete=14483702
75,59.97,,Bui Thi TRANG,03 SEP 2000,VIE,1,,Kuala Lumpur (MAS),21 JUL 2018,1022,women_400h,2018,https://worldathletics.org/athletes/athlete=14751081
77,59.98,,Hongyan WANG,14 NOV 1998,CHN,5,,Huai'an (CHN),17 MAY 2018,1022,women_400h,2018,https://worldathletics.org/athletes/athlete=14750687
77,59.98,,Thi Oanh NGUYEN,22 FEB 1996,VIE,2,,Hanoi (VIE),29 NOV 2018,1022,women_400h,2018,https://worldathletics.org/athletes/athlete=14434122
79,59.99,,Yifan ZOU,11 DEC 2000,CHN,4,,Nanchang (CHN),12 MAY 2018,1022,women_400h,2018,https://worldathletics.org/athletes/athlete=14839833
80,1:00.00,,Ya-Ting LI,19 FEB 1999,TPE,4,,Gifu (JPN),10 JUN 2018,1021,women_400h,2018,https://worldathletics.org/athletes/athlete=14670024
81,1:00.03,,Nano NAKANO,10 JUN 2001,JPN,3f1,,Nagoya (JPN),21 OCT 2018,1021,women_400h,2018,https://worldathletics.org/athletes/athlete=14855487
82,1:00.04,,Zhangyan QIU,14 AUG 1998,CHN,6,,Huai'an (CHN),17 MAY 2018,1020,women_400h,2018,https://worldathletics.org/athletes/athlete=14668302
82,1:00.04,,Rina TAKAGI,02 OCT 1999,JPN,3h3,,Yamaguchi (JPN),23 JUN 2018,1020,women_400h,2018,https://worldathletics.org/athletes/athlete=14815080
84,1:00.05,,Ryo MATSUMURA,19 JUL 1996,JPN,1f2,,Yokohama (JPN),22 JUL 2018,1020,women_400h,2018,https://worldathletics.org/athletes/athlete=14766838
84,1:00.05,,Ayana THOMAS,20 JAN 1993,IND,2,,New Delhi (IND),13 DEC 2018,1020,women_400h,2018,https://worldathletics.org/athletes/athlete=14685495
86,1:00.06,,V. Krishnan SALINI,10 JAN 1998,IND,2,,Moodbidri (IND),25 NOV 2018,1020,women_400h,2018,https://worldathletics.org/athletes/athlete=14849699
87,1:00.08,,Kristina PRONZHENKO,10 DEC 1988,TJK,1,,Bishkek (KGZ),17 JUN 2018,1019,women_400h,2018,https://worldathletics.org/athletes/athlete=14591502
88,1:00.11,,Shahla MAHMOUDI,21 MAR 1991,IRI,1,,Tehran (IRI),27 JUL 2018,1018,women_400h,2018,https://worldathletics.org/athletes/athlete=14584684
89,1:00.27,,Yuimi YAMAMOTO,22 FEB 1998,JPN,4sf1,,Sagamihara (JPN),27 MAY 2018,1014,women_400h,2018,https://worldathletics.org/athletes/japan/yuimi-yamamoto-14728016
90,1:00.34,,Yijia FU,13 MAY 2001,CHN,1,,Marrakech (MAR),06 MAY 2018,1012,women_400h,2018,https://worldathletics.org/athletes/athlete=14844214
91,1:00.41,,G.D. Niroshika LAKMALI,25 NOV 1989,SRI,2,,Colombo (SRI),14 SEP 2018,1010,women_400h,2018,https://worldathletics.org/athletes/athlete=14606678
92,1:00.43,,Shizuka MURAKAMI,02 JAN 2001,JPN,4sf2,,Ise (JPN),04 AUG 2018,1009,women_400h,2018,https://worldathletics.org/athletes/athlete=14855475
93,1:00.45,,Ayaha KIMOTO,13 JUL 1996,JPN,5h3,,Fukui (JPN),05 OCT 2018,1008,women_400h,2018,https://worldathletics.org/athletes/athlete=14643504
94,1:00.46,,Chengqian DI,11 JUN 1999,CHN,2,,Dalian (CHN),07 AUG 2018,1008,women_400h,2018,https://worldathletics.org/athletes/athlete=14750646
95,1:00.47,,Liying CHEN,21 AUG 1994,CHN,5,,Chongqing (CHN),23 MAY 2018,1008,women_400h,2018,https://worldathletics.org/athletes/athlete=14714474
95,1:00.47,,. NANHI,16 OCT 1999,IND,3,,Moodbidri (IND),25 NOV 2018,1008,women_400h,2018,https://worldathletics.org/athletes/athlete=14734726
97,1:00.49,,Momoko YAMANISHI,15 MAY 2001,JPN,1f2,,Nagoya (JPN),21 OCT 2018,1007,women_400h,2018,https://worldathletics.org/athletes/athlete=14815153
98,1:00.52,,Alvin TEHUPEIORY,05 APR 1995,INA,2,,Jakarta (INA),12 FEB 2018,1006,women_400h,2018,https://worldathletics.org/athletes/athlete=14478692
99,1:00.56,,Jiaqi WANG,07 MAR 2000,CHN,6,,Nanchang (CHN),12 MAY 2018,1005,women_400h,2018,https://worldathletics.org/athletes/athlete=14839849
99,1:00.56,,Yirui DING,30 OCT 2002,CHN,3,,Dalian (CHN),07 AUG 2018,1005,women_400h,2018,https://worldathletics.org/athletes/athlete=14857824
101,1:00.58,,Kaori NISHIYAMA,13 OCT 1994,JPN,5h2,,Kawasaki (JPN),08 SEP 2018,1005,women_400h,2018,https://worldathletics.org/athletes/athlete=14766841
102,1:00.59,,Aika HIRAHARA,14 JUL 1998,JPN,4h3,,Kawasaki (JPN),08 SEP 2018,1004,women_400h,2018,https://worldathletics.org/athletes/athlete=14853600
103,1:00.67,,Qiao YANG,15 JUL 1996,CHN,1h4,,Zhuzhou (CHN),16 APR 2018,1002,women_400h,2018,https://worldathletics.org/athletes/athlete=14585337
104,1:00.68,,Mizuki KURIYA,26 APR 1998,JPN,2h2,,Kyoto (JPN),12 MAY 2018,1002,women_400h,2018,https://worldathletics.org/athletes/athlete=14795544
104,1:00.68,,Koto OKUYAMA,01 FEB 2001,JPN,5sf2,,Ise (JPN),04 AUG 2018,1002,women_400h,2018,https://worldathletics.org/athletes/athlete=14855486
106,1:00.70,,Akane MINAMISAWA,23 SEP 1997,JPN,5h3,,Kawasaki (JPN),08 SEP 2018,1001,women_400h,2018,https://worldathletics.org/athletes/athlete=14858495
106,1:00.70,,Mami NITTA,06 MAR 1995,JPN,5h1,,Fukui (JPN),05 OCT 2018,1001,women_400h,2018,https://worldathletics.org/athletes/athlete=14722795
108,1:00.81,,Rina TAWA,07 FEB 2002,JPN,7f1,,Nagoya (JPN),21 OCT 2018,998,women_400h,2018,https://worldathletics.org/athletes/athlete=14861097
109,1:00.86,,D.G.N.D. WICKRAMESINGHE,06 SEP 1987,SRI,1,,Colombo (SRI),27 APR 2018,997,women_400h,2018,https://worldathletics.org/athletes/athlete=14483764
110,1:00.87,,Yamani DULANJALI,19 JAN 1998,SRI,,,Bangkok (THA),05 MAY 2018,996,women_400h,2018,https://worldathletics.org/athletes/sri-lanka/yamani-dulanjali-14695746
110,1:00.87,,Moe NAKATSUKA,10 MAY 2000,JPN,1h8,,Ise (JPN),03 AUG 2018,996,women_400h,2018,https://worldathletics.org/athletes/athlete=14855712
112,1:00.88,,Tomoka SAITOU,02 JUL 2000,JPN,3h3,,Ise (JPN),03 AUG 2018,996,women_400h,2018,https://worldathletics.org/athletes/athlete=14855683
113,1:00.90,,Xiulan YE,22 AUG 1998,CHN,1h1,,Dalian (CHN),03 AUG 2018,995,women_400h,2018,https://worldathletics.org/athletes/athlete=14723554
114,1:00.91,,Rumi SAKAMOTO,17 JUL 1999,JPN,2f2,,Nagoya (JPN),21 OCT 2018,995,women_400h,2018,https://worldathletics.org/athletes/athlete=14766634
115,1:00.92,,Misa YAMAMOTO,26 APR 2000,JPN,1h2,,Ise (JPN),03 AUG 2018,995,women_400h,2018,https://worldathletics.org/athletes/athlete=14855677
116,1:00.95,,Nonoka RITO,08 JUL 1995,JPN,3,,Kumagaya (JPN),20 MAY 2018,994,women_400h,2018,https://worldathletics.org/athletes/athlete=14562711
116,1:00.95,,Vishnu Priya JAYAPRAKASAN,13 MAR 2001,IND,2,,Bangkok (THA),05 JUL 2018,994,women_400h,2018,https://worldathletics.org/athletes/athlete=14841060
116,1:00.95,,Chie TASHIRO,20 OCT 2000,JPN,3f2,,Nagoya (JPN),21 OCT 2018,994,women_400h,2018,https://worldathletics.org/athletes/athlete=14855651
119,1:00.97,,Minami NAKAHARA,14 MAY 1998,JPN,2h1,,Kawasaki (JPN),08 SEP 2018,993,women_400h,2018,https://worldathletics.org/athletes/athlete=14719705
119,1:00.97,,Haruko ISHIZUKA,02 JUN 1997,JPN,4h1,,Osaka (JPN),22 SEP 2018,993,women_400h,2018,https://worldathletics.org/athletes/athlete=14649124
121,1:00.98,,Yuki TOHI,11 JAN 1999,JPN,7sf2,,Sagamihara (JPN),27 MAY 2018,993,women_400h,2018,https://worldathletics.org/athletes/athlete=14851891
122,1:01.02,,Ayana YASUI,07 MAY 1997,JPN,5,,Kyoto (JPN),13 MAY 2018,992,women_400h,2018,https://worldathletics.org/athletes/athlete=14719700
122,1:01.02,,Jie MA,25 JAN 1998,CHN,2h2,,Dalian (CHN),06 AUG 2018,992,women_400h,2018,https://worldathletics.org/athletes/athlete=14702566
122,1:01.02,,Mina KUBOTA,27 JUN 2000,JPN,2h2,,Fukui (JPN),05 OCT 2018,992,women_400h,2018,https://worldathletics.org/athletes/athlete=14855646
125,1:01.03,,Masaki ADACHI,03 DEC 1998,JPN,6,,Kyoto (JPN),13 MAY 2018,992,women_400h,2018,https://worldathletics.org/athletes/athlete=14795543
125,1:01.03,,Mio TSUJII,24 NOV 2000,JPN,4h3,,Fukui (JPN),05 OCT 2018,992,women_400h,2018,https://worldathletics.org/athletes/athlete=14815091
127,1:01.04,,Mitsuki NAGAYA,01 FEB 1999,JPN,4h4,,Kawasaki (JPN),08 SEP 2018,991,women_400h,2018,https://worldathletics.org/athletes/athlete=14767094
128,1:01.08,,Yuki KITANO,03 SEP 1995,JPN,3h5,,Kawasaki (JPN),07 SEP 2018,990,women_400h,2018,https://worldathletics.org/athletes/athlete=14707945
129,1:01.11,,P.O. SAYANA,11 MAR 1998,IND,1,,Trivandrum (IND),13 JUN 2018,989,women_400h,2018,https://worldathletics.org/athletes/athlete=14714271
129,1:01.11,,Funa OSHIRO,1999,JPN,5h3,,Yamaguchi (JPN),23 JUN 2018,989,women_400h,2018,https://worldathletics.org/athletes/athlete=14815088
131,1:01.12,,Mayu NOJIRI,05 JUN 1998,JPN,1h1,,Kyoto (JPN),12 MAY 2018,989,women_400h,2018,https://worldathletics.org/athletes/athlete=14809503
131,1:01.12,,Yu-Chieh LIN,08 SEP 1998,TPE,1,,Kaohsiung (TPE),20 OCT 2018,989,women_400h,2018,https://worldathletics.org/athletes/athlete=14591671
133,1:01.14,,Chen WANG,26 FEB 1999,CHN,7h1,,Huai'an (CHN),16 MAY 2018,988,women_400h,2018,https://worldathletics.org/athletes/athlete=14702502
133,1:01.14,,Yui OGAWA,26 AUG 1996,JPN,2f2,,Yokohama (JPN),22 JUL 2018,988,women_400h,2018,https://worldathletics.org/athletes/athlete=14809502
133,1:01.14,,Hana IKEDAKA,31 AUG 2001,JPN,1f2,,Nagoya (JPN),21 OCT 2018,988,women_400h,2018,https://worldathletics.org/athletes/athlete=14855714
136,1:01.19,,Haruka NAKAZAWA,25 APR 2001,JPN,2f2,,Nagoya (JPN),21 OCT 2018,987,women_400h,2018,https://worldathletics.org/athletes/athlete=14861099
137,1:01.20,,Pei-Shan WU,27 MAR 2000,TPE,1,,Taichung (TPE),26 APR 2018,987,women_400h,2018,https://worldathletics.org/athletes/athlete=14689213
137,1:01.20,,Juthamas KHONKHAM,06 MAY 1991,THA,1,,Bangkok (THA),05 MAY 2018,987,women_400h,2018,https://worldathletics.org/athletes/athlete=14374883
139,1:01.23,,Chia-Yu CHANG,03 DEC 2000,TPE,1,,Yilan (TPE),03 NOV 2018,986,women_400h,2018,https://worldathletics.org/athletes/athlete=14831881
140,1:01.25,,Haruka KOZAKI,08 DEC 1999,JPN,4f2,,Nagoya (JPN),21 OCT 2018,985,women_400h,2018,https://worldathletics.org/athletes/athlete=14853659
141,1:01.27,,Nuoya WU,,CHN,1,,Daqing (CHN),16 JUL 2018,985,women_400h,2018,https://worldathletics.org/athletes/athlete=14908061
142,1:01.35,,Nanami TAKANO,24 JUL 2001,JPN,2h4,,Nagoya (JPN),21 OCT 2018,982,women_400h,2018,https://worldathletics.org/athletes/athlete=14861098
143,1:01.39,,Ying CHEN,,CHN,1h3,,Daqing (CHN),16 JUL 2018,981,women_400h,2018,https://worldathletics.org/athletes/athlete=14908051
144,1:01.41,,Mei KUDO,18 NOV 2002,JPN,3f2,,Nagoya (JPN),21 OCT 2018,981,women_400h,2018,https://worldathletics.org/athletes/athlete=14861100
145,1:01.46,,Misa HONDA,27 JUN 2000,JPN,2h5,,Nagoya (JPN),21 OCT 2018,979,women_400h,2018,https://worldathletics.org/athletes/athlete=14855368
146,1:01.47,,Anjali JOSE,24 MAY 1996,IND,2h4,,Moodbidri (IND),24 NOV 2018,979,women_400h,2018,https://worldathletics.org/athletes/athlete=14620979
147,1:01.48,,Se-ra OH,30 AUG 1987,KOR,3,,Heongseong (KOR),25 JUL 2018,979,women_400h,2018,https://worldathletics.org/athletes/athlete=14424653
148,1:01.49,,Jiayu LING,09 NOV 1997,CHN,2,,Daqing (CHN),16 JUL 2018,978,women_400h,2018,https://worldathletics.org/athletes/athlete=14905814
149,1:01.51,,Kanako NISHIDA,21 MAY 1997,JPN,5sf1,,Sagamihara (JPN),27 MAY 2018,978,women_400h,2018,https://worldathletics.org/athletes/athlete=14728019
149,1:01.51,,Misato HIYOSHI,18 APR 2000,JPN,5h3,,Fukui (JPN),05 OCT 2018,978,women_400h,2018,https://worldathletics.org/athletes/athlete=14855671
151,1:01.52,,Riza Jane DUPALCO,28 FEB 2001,PHI,2,,Kuala Lumpur (MAS),21 JUL 2018,978,women_400h,2018,https://worldathletics.org/athletes/athlete=14849591
152,1:01.53,,Thi Trang BUI,1993,VIE,1,,Ho Chi-Minh (VIE),12 APR 2018,977,women_400h,2018,https://worldathletics.org/athletes/athlete=14483924
152,1:01.53,,Manami TAKASE,14 AUG 1998,JPN,3h5,,Kyoto (JPN),12 MAY 2018,977,women_400h,2018,https://worldathletics.org/athletes/athlete=14856904
154,1:01.54,,Yunzhe JIANGLI,10 FEB 2002,CHN,3h4,,Zhuzhou (CHN),16 APR 2018,977,women_400h,2018,https://worldathletics.org/athletes/athlete=14857827
154,1:01.54,,Maya MATSUSHIMA,13 JUN 2000,JPN,3h5,,Ise (JPN),03 AUG 2018,977,women_400h,2018,https://worldathletics.org/athletes/athlete=14855494
156,1:01.57,,Moe OSHIDEN,19 AUG 1993,JPN,8,,"Yanmar Stadium Nagai, Osaka (JPN)",20 MAY 2018,976,women_400h,2018,https://worldathletics.org/athletes/athlete=14521628
156,1:01.57,,Ayaka MIYADE,25 SEP 2000,JPN,2h4,,Nagoya (JPN),21 OCT 2018,976,women_400h,2018,https://worldathletics.org/athletes/athlete=14773919
158,1:01.59,,Rino SATAKE,22 AUG 2001,JPN,2h7,,Ise (JPN),03 AUG 2018,976,women_400h,2018,https://worldathletics.org/athletes/athlete=14855707
159,1:01.61,,Suzuka KOYAMA,02 OCT 1996,JPN,2h5,,Sagamihara (JPN),26 MAY 2018,975,women_400h,2018,https://worldathletics.org/athletes/athlete=14722793
160,1:01.62,,Kanae KITSUDA,31 MAY 1996,JPN,2h3,,Kyoto (JPN),12 MAY 2018,975,women_400h,2018,https://worldathletics.org/athletes/athlete=14671529
160,1:01.62,,Haruna AIDA,15 JUN 2000,JPN,6sf3,,Ise (JPN),04 AUG 2018,975,women_400h,2018,https://worldathletics.org/athletes/athlete=14855695
162,1:01.64,,Xiaomei ZHU,01 JAN 2002,CHN,4h1,,Dalian (CHN),03 AUG 2018,974,women_400h,2018,https://worldathletics.org/athletes/athlete=14839830
163,1:01.67,,Maho IOKA,14 APR 1999,JPN,5h1,,Kawasaki (JPN),08 SEP 2018,973,women_400h,2018,https://worldathletics.org/athletes/athlete=14853028
163,1:01.67,,Mei FUJIWARA,10 APR 2000,JPN,5h1,,Fukui (JPN),05 OCT 2018,973,women_400h,2018,https://worldathletics.org/athletes/athlete=14855703
163,1:01.67,,Nao KATSUYA,09 JUL 2001,JPN,4f2,,Nagoya (JPN),21 OCT 2018,973,women_400h,2018,https://worldathletics.org/athletes/athlete=14861039
166,1:01.71,,Mei-Hsiu LIN,12 MAY 2003,TPE,4,,Taipei City (TPE),26 MAY 2018,972,women_400h,2018,https://worldathletics.org/athletes/athlete=14845690
166,1:01.71,,Maya ISHIZAWA,01 SEP 2001,JPN,2h3,,Nagoya (JPN),21 OCT 2018,972,women_400h,2018,https://worldathletics.org/athletes/athlete=14855704
168,1:01.72,,Rina KURATA,19 MAR 2002,JPN,5f2,,Nagoya (JPN),21 OCT 2018,972,women_400h,2018,https://worldathletics.org/athletes/athlete=14855698
169,1:01.77,,Raimu MONOE,18 NOV 1997,JPN,6sf1,,Sagamihara (JPN),27 MAY 2018,970,women_400h,2018,https://worldathletics.org/athletes/athlete=14853666
170,1:01.79,,Airi NISHINO,26 MAR 1992,JPN,4,,Kumagaya (JPN),20 MAY 2018,970,women_400h,2018,https://worldathletics.org/athletes/athlete=14334541
171,1:01.81,,Akane NODA,13 OCT 1999,JPN,1h2,,Nagoya (JPN),21 OCT 2018,969,women_400h,2018,https://worldathletics.org/athletes/athlete=14860819
172,1:01.84,,Ghofrane MOHAMMAD,06 JUN 1989,SYR,1,,Cairo (EGY),05 SEP 2018,968,women_400h,2018,https://worldathletics.org/athletes/athlete=14302586
173,1:01.86,,Yui MATSUMOTO,04 DEC 2000,JPN,5h2,,Fukui (JPN),05 OCT 2018,968,women_400h,2018,https://worldathletics.org/athletes/athlete=14855710
174,1:01.90,,Maron UCHIDA,03 JUN 1999,JPN,6f2,,Nagoya (JPN),21 OCT 2018,967,women_400h,2018,https://worldathletics.org/athletes/athlete=14766632
175,1:01.92,,Kuki OTANI,17 JAN 1993,JPN,5h2,,Osaka (JPN),22 SEP 2018,966,women_400h,2018,https://worldathletics.org/athletes/athlete=14433356
176,1:01.94,,Yumi SAITO,04 NOV 2001,JPN,6h1,,Fukui (JPN),05 OCT 2018,966,women_400h,2018,https://worldathletics.org/athletes/athlete=14855523
177,1:01.96,,Momoka TOYOIZUMI,10 JUL 2000,JPN,4h4,,Ise (JPN),03 AUG 2018,965,women_400h,2018,https://worldathletics.org/athletes/athlete=14855690
178,1:01.99,,J. DHIVYA,31 JAN 1998,IND,6,,Bhubaneshwar (IND),28 SEP 2018,964,women_400h,2018,https://worldathletics.org/athletes/athlete=14818587
178,1:01.99,,. RAJNI,07 NOV 1990,IND,4,,New Delhi (IND),13 DEC 2018,964,women_400h,2018,https://worldathletics.org/athletes/athlete=14866193
180,1:02.03,,Akane KOBAYASHI,22 OCT 1998,JPN,6h4,,Kawasaki (JPN),08 SEP 2018,963,women_400h,2018,https://worldathletics.org/athletes/athlete=14728015
181,1:02.04,,Xiaomei YU,16 OCT 1996,CHN,5,,Daqing (CHN),16 JUL 2018,963,women_400h,2018,https://worldathletics.org/athletes/athlete=14723553
182,1:02.05,,Yukina NOGUCHI,12 JAN 2000,JPN,5h2,,Sagamihara (JPN),26 MAY 2018,962,women_400h,2018,https://worldathletics.org/athletes/athlete=14853658
182,1:02.05,,Natalya ASANOVA,29 NOV 1989,UZB,2,,Tashkent (UZB),03 JUN 2018,962,women_400h,2018,https://worldathletics.org/athletes/athlete=14324997
184,1:02.07,,Koharu ISHIKAWA,18 APR 2001,JPN,4h8,,Ise (JPN),03 AUG 2018,962,women_400h,2018,https://worldathletics.org/athletes/athlete=14855713
185,1:02.08,,Ayumi KOBAYASHI,25 MAR 2001,JPN,1f2,,Chiba (JPN),29 APR 2018,962,women_400h,2018,https://worldathletics.org/athletes/athlete=14819275
185,1:02.08,,Sesami KUROIWA,08 MAR 2000,JPN,7h3,,Fukui (JPN),05 OCT 2018,962,women_400h,2018,https://worldathletics.org/athletes/athlete=14766636
187,1:02.11,,Min-ki KIM,27 SEP 1995,KOR,1,,Iksan (KOR),15 OCT 2018,961,women_400h,2018,https://worldathletics.org/athletes/athlete=14376753
188,1:02.12,,Asaka OTA,30 APR 1997,JPN,6h2,,Sagamihara (JPN),26 MAY 2018,961,women_400h,2018,https://worldathletics.org/athletes/japan/asaka-ota-14719706
189,1:02.13,,Mai HAMADA,05 JUN 1998,JPN,4h1,,Sagamihara (JPN),26 MAY 2018,960,women_400h,2018,https://worldathletics.org/athletes/athlete=14767097
190,1:02.15,,Manman BI,,CHN,2h1,,Daqing (CHN),16 JUL 2018,960,women_400h,2018,https://worldathletics.org/athletes/athlete=14908062
191,1:02.17,,Yuna KANAMORI,09 OCT 2000,JPN,3h7,,Ise (JPN),03 AUG 2018,959,women_400h,2018,https://worldathletics.org/athletes/athlete=14855708
191,1:02.17,,Manikam LOGANAYAKI,03 JUN 1997,IND,4,,Lucknow (IND),18 AUG 2018,959,women_400h,2018,https://worldathletics.org/athletes/athlete=14714272
193,1:02.18,,. RAMALAKSHMI,26 MAR 1999,IND,5h1,,Guwahati (IND),26 JUN 2018,959,women_400h,2018,https://worldathletics.org/athletes/athlete=14813108
194,1:02.24,,Chihiro HAYASHI,04 JAN 2002,JPN,4h3,,Ise (JPN),03 AUG 2018,957,women_400h,2018,https://worldathletics.org/athletes/athlete=14855684
195,1:02.25,,Zaimah Atifah ZAINUDDIN,10 SEP 1999,MAS,1,,Kuala Lumpur (MAS),04 AUG 2018,957,women_400h,2018,https://worldathletics.org/athletes/athlete=14696673
196,1:02.28,,Neneka NISHIMURA,05 NOV 1999,JPN,7h2,,Kawasaki (JPN),08 SEP 2018,956,women_400h,2018,https://worldathletics.org/athletes/athlete=14815090
197,1:02.29,,Sunshine ACASO,,PHI,1,,Pasig (PHI),01 DEC 2018,956,women_400h,2018,https://worldathletics.org/athletes/athlete=14864168
198,1:02.32,,Takako YODA,21 JAN 2001,JPN,4h5,,Ise (JPN),03 AUG 2018,955,women_400h,2018,https://worldathletics.org/athletes/athlete=14855702
198,1:02.32,,Elisa AGUINALDO,,PHI,2,,Pasig (PHI),01 DEC 2018,955,women_400h,2018,https://worldathletics.org/athletes/athlete=14791727
200,1:02.38,,Abigail AROKIANATHAN,20 OCT 1999,IND,2,,Coimbatore (IND),22 APR 2018,953,women_400h,2018,https://worldathletics.org/athletes/athlete=14734725
201,1:02.39,,Asami SHIBAYAMA,08 NOV 1998,JPN,3h4,,Kyoto (JPN),12 MAY 2018,953,women_400h,2018,https://worldathletics.org/athletes/athlete=14856899
202,1:02.44,,Le Thi Hong HAN,23 AUG 2000,VIE,3,,Hanoi (VIE),29 NOV 2018,951,women_400h,2018,https://worldathletics.org/athletes/athlete=14788476
203,1:02.46,,Xueying HE,31 AUG 2002,CHN,4h1,,Zhaoqing (CHN),10 APR 2018,951,women_400h,2018,https://worldathletics.org/athletes/athlete=14839836
203,1:02.46,,Umi KAWASHIMA,15 MAR 1999,JPN,4h5,,Sagamihara (JPN),26 MAY 2018,951,women_400h,2018,https://worldathletics.org/athletes/athlete=14853642
203,1:02.46,,Suzu WAKAMATU,30 JUN 1998,JPN,7h4,,Kawasaki (JPN),08 SEP 2018,951,women_400h,2018,https://worldathletics.org/athletes/athlete=14858498
206,1:02.50,,R.V. VISHWAPRIYA,,IND,1,,Tirunelveli (IND),10 JUN 2018,950,women_400h,2018,https://worldathletics.org/athletes/athlete=14849692
206,1:02.50,,Funa OKI,27 SEP 1999,JPN,2h2,,Nagoya (JPN),21 OCT 2018,950,women_400h,2018,https://worldathletics.org/athletes/athlete=14858497
208,1:02.51,,Momoka MATSUZAKI,13 MAY 2001,JPN,4h2,,Nagoya (JPN),21 OCT 2018,950,women_400h,2018,https://worldathletics.org/athletes/athlete=14855510
209,1:02.53,,Arisa WERUWANARAK,26 JUN 2003,THA,1,,Bangkok (THA),04 APR 2018,949,women_400h,2018,https://worldathletics.org/athletes/athlete=14840465
209,1:02.53,,Rika IMAMURA,02 SEP 2000,JPN,4h2,,Ise (JPN),03 AUG 2018,949,women_400h,2018,https://worldathletics.org/athletes/athlete=14833839
211,1:02.54,,Xuejie MA,23 DEC 2001,CHN,4,,Zhuzhou (CHN),17 APR 2018,949,women_400h,2018,https://worldathletics.org/athletes/athlete=14805801
211,1:02.54,,Amesha Piumanthi Hettiarachchi HETTIARACHCHILAGE,03 MAY 2003,SRI,4,,Colombo (SRI),05 AUG 2018,949,women_400h,2018,https://worldathletics.org/athletes/athlete=14853827
213,1:02.55,,Nidhi SINGH,31 JAN 1999,IND,1sf1,,Moodbidri (IND),24 NOV 2018,948,women_400h,2018,https://worldathletics.org/athletes/athlete=14875814
214,1:02.57,,Ah-reum LEE,24 JUL 1988,KOR,1,,Yecheon (KOR),17 JUN 2018,948,women_400h,2018,https://worldathletics.org/athletes/athlete=14289772
215,1:02.58,,Supaporn SOMSRI,1996,THA,2,,Thunyaburi (THA),26 JAN 2018,948,women_400h,2018,https://worldathletics.org/athletes/athlete=14675955
215,1:02.58,,Ansa BABU,09 APR 1998,IND,3,,Trivandrum (IND),13 JUN 2018,948,women_400h,2018,https://worldathletics.org/athletes/athlete=14717119
217,1:02.60,,Mary LYN AVILA,,PHI,1,,Pasig (PHI),10 FEB 2018,947,women_400h,2018,https://worldathletics.org/athletes/athlete=14603848
218,1:02.64,,Fengdan LI,09 SEP 2002,CHN,2h1,,Zhuzhou (CHN),16 APR 2018,946,women_400h,2018,https://worldathletics.org/athletes/athlete=14839848
219,1:02.65,,Miku KAMIMURA,24 JUN 2001,JPN,4h7,,Ise (JPN),03 AUG 2018,946,women_400h,2018,https://worldathletics.org/athletes/athlete=14855709
219,1:02.65,,S. ARSHITHA,10 AUG 1999,IND,2,,Ranchi (IND),05 NOV 2018,946,women_400h,2018,https://worldathletics.org/athletes/athlete=14734733
219,1:02.65,,K. M. NIBHA,14 DEC 1999,IND,2sf1,,Moodbidri (IND),24 NOV 2018,946,women_400h,2018,https://worldathletics.org/athletes/athlete=14822222
222,1:02.66,,Yoko SHIMADA,07 MAY 1992,JPN,6h1,,Osaka (JPN),22 SEP 2018,945,women_400h,2018,https://worldathletics.org/athletes/athlete=14722792
223,1:02.67,,Yuzhu ZHANG,,CHN,3h1,,Daqing (CHN),16 JUL 2018,945,women_400h,2018,https://worldathletics.org/athletes/athlete=14908063
223,1:02.67,,Sandamali U.G.D.,1990,SRI,5,,Colombo (SRI),14 SEP 2018,945,women_400h,2018,https://worldathletics.org/athletes/athlete=14376428
225,1:02.68,,Arisa SAITO,09 MAY 1996,JPN,5h1,,Sagamihara (JPN),26 MAY 2018,945,women_400h,2018,https://worldathletics.org/athletes/athlete=14853656
226,1:02.71,,Rama JANUARTI,1997,INA,2,,Jakarta (INA),09 MAY 2018,944,women_400h,2018,https://worldathletics.org/athletes/athlete=14765283
226,1:02.71,,. BHATERI,20 MAY 1996,IND,4h1,,Bhubaneshwar (IND),27 SEP 2018,944,women_400h,2018,https://worldathletics.org/athletes/athlete=14823006
228,1:02.72,,Miku ARAI,08 JUL 1996,JPN,4h3,,Sagamihara (JPN),26 MAY 2018,944,women_400h,2018,https://worldathletics.org/athletes/athlete=14853660
229,1:02.73,,Vishwa Priya RAMAMURTHI VENUGOPA,28 OCT 1995,IND,6h1,,Guwahati (IND),26 JUN 2018,943,women_400h,2018,https://worldathletics.org/athletes/athlete=14776067
230,1:02.75,,Ayane HANAFUSA,2001,JPN,5h2,,Nagoya (JPN),21 OCT 2018,943,women_400h,2018,https://worldathletics.org/athletes/athlete=14861103
231,1:02.76,,Yumeka KAGAWA,02 NOV 2001,JPN,6h2,,Nagoya (JPN),21 OCT 2018,942,women_400h,2018,https://worldathletics.org/athletes/athlete=14861104
232,1:02.78,,Mizuki TAKIZAWA,24 MAY 1999,JPN,7h1,,Kawasaki (JPN),08 SEP 2018,942,women_400h,2018,https://worldathletics.org/athletes/athlete=14853668
233,1:02.79,,C. VISHRUTHA,20 MAR 2002,IND,1,,New Delhi (IND),16 DEC 2018,942,women_400h,2018,https://worldathletics.org/athletes/athlete=14873505
234,1:02.80,,Yae TOKUNAGA,16 SEP 2000,JPN,4h1,,Ise (JPN),03 AUG 2018,941,women_400h,2018,https://worldathletics.org/athletes/athlete=14849059
235,1:02.81,,Honoka OSAWA,1997,JPN,8h3,,Kawasaki (JPN),08 SEP 2018,941,women_400h,2018,https://worldathletics.org/athletes/athlete=14719709
236,1:02.82,,Tomomi NONO,30 APR 1996,JPN,2,,Yamaguchi (JPN),11 AUG 2018,941,women_400h,2018,https://worldathletics.org/athletes/athlete=14677683
237,1:02.83,,Rio NIIKURA,22 MAR 2001,JPN,8h1,,Fukui (JPN),05 OCT 2018,941,women_400h,2018,https://worldathletics.org/athletes/athlete=14855686
237,1:02.83,,R. ARATHI,21 MAY 2001,IND,1,,Ranchi (IND),05 NOV 2018,941,women_400h,2018,https://worldathletics.org/athletes/athlete=14862001
239,1:02.84,,Ji-yeon LEE,25 FEB 1988,KOR,1,,Naju (KOR),12 APR 2018,940,women_400h,2018,https://worldathletics.org/athletes/athlete=14382930
239,1:02.84,,Miyabi KAWASHIMA,13 JUL 1999,JPN,5h3,,Sagamihara (JPN),26 MAY 2018,940,women_400h,2018,https://worldathletics.org/athletes/athlete=14853604
241,1:02.85,,Kiyono TANAKA,22 FEB 2002,JPN,5h4,,Ise (JPN),03 AUG 2018,940,women_400h,2018,https://worldathletics.org/athletes/athlete=14855691
242,1:02.88,,Namichi NAKANO,02 AUG 2001,JPN,3h3,,Nagoya (JPN),21 OCT 2018,939,women_400h,2018,https://worldathletics.org/athletes/athlete=14861106
243,1:02.90,,Yuri ARASHIMA,02 SEP 1997,JPN,6h1,,Sagamihara (JPN),26 MAY 2018,939,women_400h,2018,https://worldathletics.org/athletes/athlete=14608150
243,1:02.90,,Cha-soon SIM,27 JAN 1996,KOR,4,,Heongseong (KOR),25 JUL 2018,939,women_400h,2018,https://worldathletics.org/athletes/athlete=14604583
245,1:02.98,,Kizuki KAWAKATSU,01 MAY 1999,JPN,5h4,,Sagamihara (JPN),26 MAY 2018,936,women_400h,2018,https://worldathletics.org/athletes/athlete=14853637
246,1:02.99,,Prajna KRISHNARAJA,25 JUL 2001,IND,3,,Ranchi (IND),05 NOV 2018,936,women_400h,2018,https://worldathletics.org/athletes/athlete=14862003
247,1:03.00,,Kyong-hwa KIM,14 OCT 1988,KOR,2,,Yecheon (KOR),17 JUN 2018,936,women_400h,2018,https://worldathletics.org/athletes/athlete=14382045
248,1:03.02,,Mayako HASHIMOTO,06 DEC 2000,JPN,4h6,,Ise (JPN),03 AUG 2018,935,women_400h,2018,https://worldathletics.org/athletes/athlete=14855696
249,1:03.04,,Yumei YANG,04 AUG 1997,CHN,2,,Guangzhou (CHN),30 DEC 2018,935,women_400h,2018,https://worldathletics.org/athletes/athlete=14885712
250,1:03.07,,. SULASTRI,10 OCT 1991,INA,3,,Jakarta (INA),09 MAY 2018,934,women_400h,2018,https://worldathletics.org/athletes/athlete=14498026
250,1:03.07,,Veronika BROSLAVSKAYA,11 SEP 1999,KAZ,1,,Shimkent (KAZ),14 MAY 2018,934,women_400h,2018,https://worldathletics.org/athletes/athlete=14797233
250,1:03.07,,Hikari TERAMOTO,13 MAY 1999,JPN,7h2,,Sagamihara (JPN),26 MAY 2018,934,women_400h,2018,https://worldathletics.org/athletes/athlete=14853606
250,1:03.07,,Momo TOYAMA,06 SEP 2001,JPN,4h3,,Nagoya (JPN),21 OCT 2018,934,women_400h,2018,https://worldathletics.org/athletes/athlete=14861107
254,1:03.09,,Chia-Chen CHANG,,TPE,2,,Taipei City (TPE),16 MAR 2018,933,women_400h,2018,https://worldathletics.org/athletes/athlete=14838037
255,1:03.10,,Najma PARVEEN,20 DEC 1990,PAK,1,,Islamabad (PAK),17 NOV 2018,933,women_400h,2018,https://worldathletics.org/athletes/athlete=14594326
256,1:03.11,,Yimin CAO,07 AUG 2001,CHN,6,,Zhuzhou (CHN),17 APR 2018,933,women_400h,2018,https://worldathletics.org/athletes/athlete=14857845
257,1:03.13,,Yating GAO,18 SEP 1999,CHN,4h2,,Huai'an (CHN),16 MAY 2018,932,women_400h,2018,https://worldathletics.org/athletes/athlete=14885001
257,1:03.13,,Kim Thoa BUI THI,1999,VIE,2,,Ho Chi-Minh (VIE),27 JUL 2018,932,women_400h,2018,https://worldathletics.org/athletes/athlete=14760118
259,1:03.15,,Nong THI BIEN,1994,VIE,3,,Ho Chi-Minh (VIE),27 JUL 2018,932,women_400h,2018,https://worldathletics.org/athletes/athlete=14603433
260,1:03.17,,Bernalyn BEJOY,01 SEP 2001,PHI,2,,Bangkok (THA),04 APR 2018,931,women_400h,2018,https://worldathletics.org/athletes/athlete=14788477
261,1:03.20,,Kyung-jin SEO,,KOR,5,,Heongseong (KOR),25 JUL 2018,930,women_400h,2018,https://worldathletics.org/athletes/athlete=14849643
262,1:03.24,,Aino HIROMORI,25 MAY 2000,JPN,5h6,,Ise (JPN),03 AUG 2018,929,women_400h,2018,https://worldathletics.org/athletes/athlete=14855697
263,1:03.28,,Thaths SIPKADUWE,21 JUN 2001,SRI,3,,Colombo (SRI),06 MAY 2018,928,women_400h,2018,https://worldathletics.org/athletes/athlete=14806620
264,1:03.29,,Yuriko OSAKA,20 NOV 1997,JPN,3h1,,Kyoto (JPN),12 MAY 2018,928,women_400h,2018,https://worldathletics.org/athletes/athlete=14753583
265,1:03.30,,Menglu JIAO,24 APR 2001,CHN,3h2,,Zhuzhou (CHN),16 APR 2018,927,women_400h,2018,https://worldathletics.org/athletes/athlete=14811661
266,1:03.31,,Saki TAMURA,10 MAY 2000,JPN,6h8,,Ise (JPN),03 AUG 2018,927,women_400h,2018,https://worldathletics.org/athletes/athlete=14855715
267,1:03.33,,Dongmei ZHUANG,14 DEC 2000,CHN,4h3,,Chongqing (CHN),22 MAY 2018,927,women_400h,2018,https://worldathletics.org/athletes/athlete=14811662
268,1:03.36,,Rino SHIMIZU,18 JAN 2001,JPN,5h2,,Ise (JPN),03 AUG 2018,926,women_400h,2018,https://worldathletics.org/athletes/athlete=14855678
269,1:03.39,,Jiahui WANG,07 MAR 2000,CHN,6h2,,Chongqing (CHN),22 MAY 2018,925,women_400h,2018,https://worldathletics.org/athletes/athlete=14858770
269,1:03.39,,Mirea WATANABE,19 MAY 2000,JPN,6h3,,Nagoya (JPN),21 OCT 2018,925,women_400h,2018,https://worldathletics.org/athletes/athlete=14860821
271,1:03.42,,Yuna SUGAWARA,15 JUL 2001,JPN,3h5,,Nagoya (JPN),21 OCT 2018,924,women_400h,2018,https://worldathletics.org/athletes/athlete=14861112
272,1:03.43,,Mizuki SHINOHARA,05 JUN 1999,JPN,5h5,,Sagamihara (JPN),26 MAY 2018,924,women_400h,2018,https://worldathletics.org/athletes/athlete=14853667
272,1:03.43,,Rosnani PAMAYBAY,1998,PHI,3,,Pasig (PHI),01 DEC 2018,924,women_400h,2018,https://worldathletics.org/athletes/athlete=14745627
274,1:03.44,,. SUGIARTI,1999,INA,1,,Jakarta (INA),09 MAY 2018,924,women_400h,2018,https://worldathletics.org/athletes/athlete=14794038
275,1:03.46,,Saranya DEVI,18 DEC 1997,IND,4sf3,,Moodbidri (IND),26 NOV 2018,923,women_400h,2018,https://worldathletics.org/athletes/athlete=14759421
276,1:03.47,,Ayaka TASHIRO,30 AUG 1998,JPN,6h4,,Sagamihara (JPN),26 MAY 2018,923,women_400h,2018,https://worldathletics.org/athletes/athlete=14853663
276,1:03.47,,Tsuzumi MIYAMAE,07 APR 2001,JPN,4h4,,Nagoya (JPN),21 OCT 2018,923,women_400h,2018,https://worldathletics.org/athletes/athlete=14861109
278,1:03.49,,Mizuki YOSHIOKA,14 JUL 1997,JPN,6h3,,Sagamihara (JPN),26 MAY 2018,922,women_400h,2018,https://worldathletics.org/athletes/athlete=14853661
278,1:03.49,,Mizuki OKADO,17 JAN 2001,JPN,5h3,,Ise (JPN),03 AUG 2018,922,women_400h,2018,https://worldathletics.org/athletes/athlete=14855685
280,1:03.51,,Tomomi KONO,23 OCT 1997,JPN,7h4,,Sagamihara (JPN),26 MAY 2018,922,women_400h,2018,https://worldathletics.org/athletes/athlete=14853664
281,1:03.54,,Miku SOGA,03 OCT 1997,JPN,7h3,,Sagamihara (JPN),26 MAY 2018,921,women_400h,2018,https://worldathletics.org/athletes/athlete=14853662
282,1:03.55,,Mizuki NOBUYASU,08 JUL 2001,JPN,7h2,,Nagoya (JPN),21 OCT 2018,920,women_400h,2018,https://worldathletics.org/athletes/athlete=14861105
283,1:03.56,,Yu-Chi WANG,,TPE,1,,Kaohsiung (TPE),11 FEB 2018,920,women_400h,2018,https://worldathletics.org/athletes/athlete=14838050
283,1:03.56,,Eri KOZAI,12 JUL 1995,JPN,4h4,,Kyoto (JPN),12 MAY 2018,920,women_400h,2018,https://worldathletics.org/athletes/athlete=14856900
285,1:03.57,,Nurul Faizah MAZLAN,04 JUL 1991,MAS,1,,Kuala Lumpur (MAS),13 MAY 2018,920,women_400h,2018,https://worldathletics.org/athletes/athlete=14290832
286,1:03.58,,Aphinya ARTHIWECH,1998,THA,3,,Thunyaburi (THA),26 JAN 2018,920,women_400h,2018,https://worldathletics.org/athletes/athlete=14840493
287,1:03.60,,S.A.K. THATHSARANI,2001,SRI,1,,Colombo (SRI),20 SEP 2018,919,women_400h,2018,https://worldathletics.org/athletes/athlete=14859359
288,1:03.61,,Thanaporn JAN-ON,21 JUL 1992,THA,4,,Thunyaburi (THA),26 JAN 2018,919,women_400h,2018,https://worldathletics.org/athletes/athlete=14550902
289,1:03.67,,W.A.Saumya DILRUKSHI,,SRI,2,,Colombo (SRI),24 APR 2018,917,women_400h,2018,https://worldathletics.org/athletes/athlete=14759774
290,1:03.68,,Mandy GOH LI,15 DEC 2000,MAS,2,,Ipoh (MAS),19 SEP 2018,917,women_400h,2018,https://worldathletics.org/athletes/athlete=14859377
290,1:03.68,,Nanase KUDO,17 DEC 2000,JPN,7h3,,Fukui (JPN),05 OCT 2018,917,women_400h,2018,https://worldathletics.org/athletes/athlete=14855680
292,1:03.69,,Yan JIN,08 FEB 1997,CHN,5h4,,Zhuzhou (CHN),16 APR 2018,917,women_400h,2018,https://worldathletics.org/athletes/athlete=14585476
293,1:03.70,,Anon YAMAGUCHI,31 JAN 2001,JPN,6h6,,Ise (JPN),03 AUG 2018,916,women_400h,2018,https://worldathletics.org/athletes/athlete=14855660
294,1:03.72,,Rin OKUBAYASHI,07 AUG 2001,JPN,5h4,,Nagoya (JPN),21 OCT 2018,916,women_400h,2018,https://worldathletics.org/athletes/athlete=14861110
295,1:03.73,,W.P.E. RASIKA DULAKSHI,21 MAR 1991,SRI,4h1,,Colombo (SRI),03 AUG 2018,915,women_400h,2018,https://worldathletics.org/athletes/sri-lanka/wpe-rasika-dulakshi-14377488
295,1:03.73,,Jais RANI SEBASTIAN,1995,IND,2h2,,New Delhi (IND),13 DEC 2018,915,women_400h,2018,https://worldathletics.org/athletes/athlete=14549118
297,1:03.76,,Qifan JI,,CHN,3h3,,Daqing (CHN),16 JUL 2018,915,women_400h,2018,https://worldathletics.org/athletes/athlete=14908064
297,1:03.76,,Akira NAGAI,2001,JPN,4h5,,Nagoya (JPN),21 OCT 2018,915,women_400h,2018,https://worldathletics.org/athletes/athlete=14861113
299,1:03.81,,Elijah SIRILAN,2001,PHI,1,,Pasig (PHI),01 DEC 2018,913,women_400h,2018,https://worldathletics.org/athletes/athlete=14860183
300,1:03.84,,Yanxin DONG,27 FEB 1998,CHN,6h1,,Zhaoqing (CHN),10 APR 2018,912,women_400h,2018,https://worldathletics.org/athletes/athlete=14750645
1,55.12,,Aminat JAMAL,27 JUN 1997,BRN,1,,"Five Rings Sports Center, Wuhan (CHN)",24 OCT 2019,1169,women_400h,2019,https://worldathletics.org/athletes/athlete=14701082
2,56.10,,Thi Lan QUACH,18 OCT 1995,VIE,1,,Doha (QAT),22 APR 2019,1139,women_400h,2019,https://worldathletics.org/athletes/athlete=14483951
3,56.70,,Jiadie MO,06 JAN 2000,CHN,1,,Shenyang (CHN),10 JUL 2019,1120,women_400h,2019,https://worldathletics.org/athletes/athlete=14744957
4,56.90,,Thi Huyen NGUYEN,19 MAY 1993,VIE,1,,New Clark City (PHI),10 DEC 2019,1114,women_400h,2019,https://worldathletics.org/athletes/athlete=14524764
5,57.05,,Eri UTSUNOMIYA,11 APR 1993,JPN,1f3,,Osaka (JPN),06 MAY 2019,1109,women_400h,2019,https://worldathletics.org/athletes/athlete=14664132
6,57.09,,Akiko ITO,26 MAY 1995,JPN,1,,Fukuoka (JPN),30 JUN 2019,1108,women_400h,2019,https://worldathletics.org/athletes/athlete=14562727
7,57.21,,Saritaben Laxmanbhai GAYAKWAD,01 JUN 1994,IND,1,,Patiala (IND),16 MAR 2019,1105,women_400h,2019,https://worldathletics.org/athletes/athlete=14735664
8,57.45,,Arpitha MANJUNATHA,11 FEB 1993,IND,2,,Patiala (IND),16 MAR 2019,1097,women_400h,2019,https://worldathletics.org/athletes/athlete=14497980
8,57.45,,Kana KOYAMA,16 DEC 1998,JPN,6,,"Yanmar Stadium Nagai, Osaka (JPN)",19 MAY 2019,1097,women_400h,2019,https://worldathletics.org/athletes/athlete=14719704
10,57.58,,Jauna MURMU,16 AUG 1990,IND,3,,Patiala (IND),16 MAR 2019,1093,women_400h,2019,https://worldathletics.org/athletes/athlete=14377658
11,57.70,,Satsuki UMEHARA,22 MAY 1994,JPN,1,,"Yanmar Stadium Nagai, Osaka (JPN)",08 SEP 2019,1090,women_400h,2019,https://worldathletics.org/athletes/athlete=14444482
12,57.73,,Moeka SEKIMOTO,23 FEB 2000,JPN,3,,Fukuoka (JPN),30 JUN 2019,1089,women_400h,2019,https://worldathletics.org/athletes/athlete=14728063
13,57.77,,Ami YAMAMOTO,19 APR 2002,JPN,1,,"Prefectural Kasamatsu Stadium, Hitachinaka (JPN)",05 OCT 2019,1088,women_400h,2019,https://worldathletics.org/athletes/athlete=14861142
14,57.88,,Mayu SAITO,08 JUN 1995,JPN,2,,"Prefectural Kasamatsu Stadium, Hitachinaka (JPN)",05 OCT 2019,1084,women_400h,2019,https://worldathletics.org/athletes/athlete=14766692
15,57.92,,Adelina AKHMETOVA,25 DEC 1998,KAZ,5,,Doha (QAT),22 APR 2019,1083,women_400h,2019,https://worldathletics.org/athletes/athlete=14714397
16,58.07,,Haruka SHIBATA,13 JAN 1991,JPN,4,,"Prefectural Kasamatsu Stadium, Hitachinaka (JPN)",05 OCT 2019,1079,women_400h,2019,https://worldathletics.org/athletes/athlete=14334519
17,58.09,,Ayesha IBRAHIM,16 JAN 1998,JPN,1f1,,Osaka (JPN),06 MAY 2019,1078,women_400h,2019,https://worldathletics.org/athletes/athlete=14898323
17,58.09,,Rina TAWA,07 FEB 2002,JPN,2,,"Yanmar Stadium Nagai, Osaka (JPN)",08 SEP 2019,1078,women_400h,2019,https://worldathletics.org/athletes/athlete=14861097
19,58.11,,Yan HUANG,12 JAN 1996,CHN,2,,Shenyang (CHN),10 JUL 2019,1077,women_400h,2019,https://worldathletics.org/athletes/athlete=14668298
20,58.14,,Rui TSUGAWA,24 NOV 2001,JPN,1,,Okinawa (JPN),06 AUG 2019,1077,women_400h,2019,https://worldathletics.org/athletes/athlete=14825125
20,58.14,,Honoka AOKI,24 SEP 2001,JPN,1f1,,"Municipal Stadium, Hiroshima (JPN)",20 OCT 2019,1077,women_400h,2019,https://worldathletics.org/athletes/athlete=14855506
22,58.15,,Pei-Lin LO,01 FEB 1994,TPE,1,,Taoyuan (TPE),23 OCT 2019,1076,women_400h,2019,https://worldathletics.org/athletes/athlete=14483702
23,58.16,,Kawshalya MADUSHANI,13 NOV 1995,SRI,1,,Colombo (SRI),18 AUG 2019,1076,women_400h,2019,https://worldathletics.org/athletes/sri-lanka/kawshalya-madushani-14651473
24,58.18,,Nano NAKANO,10 JUN 2001,JPN,2,,"Municipal Stadium, Nagai (JPN)",15 APR 2019,1075,women_400h,2019,https://worldathletics.org/athletes/athlete=14855487
25,58.35,,Hana SHIMIZU,09 JUL 2001,JPN,2f1,,"Municipal Stadium, Hiroshima (JPN)",20 OCT 2019,1070,women_400h,2019,https://worldathletics.org/athletes/athlete=14855689
26,58.40,,Karen YOKOTA,17 MAR 1999,JPN,4,,"Yanmar Stadium Nagai, Osaka (JPN)",08 SEP 2019,1069,women_400h,2019,https://worldathletics.org/athletes/athlete=14856898
27,58.47,,Kristina PRONZHENKO,10 DEC 1988,TJK,1,,Tashkent (UZB),12 JUN 2019,1067,women_400h,2019,https://worldathletics.org/athletes/athlete=14591502
28,58.48,,Tianlu LAN,15 OCT 1999,CHN,2,,Shenyang (CHN),03 AUG 2019,1066,women_400h,2019,https://worldathletics.org/athletes/athlete=14782077
29,58.49,,Robyn BROWN,27 JUL 1994,PHI,2f1,,"Los Angeles, CA (USA)",11 MAY 2019,1066,women_400h,2019,https://worldathletics.org/athletes/athlete=14893469
29,58.49,,Moe OSHIDEN,19 AUG 1993,JPN,1,,Kumagaya (JPN),19 MAY 2019,1066,women_400h,2019,https://worldathletics.org/athletes/athlete=14521628
31,58.53,,Changwei LU,08 NOV 2001,CHN,2,,"Shanxi Sports Center Stadium, Taiyuan (CHN)",17 AUG 2019,1065,women_400h,2019,https://worldathletics.org/athletes/athlete=14811638
31,58.53,,Suzuka KAWABATA,13 JUL 1993,JPN,3,,"Yanmar Stadium Nagai, Osaka (JPN)",21 SEP 2019,1065,women_400h,2019,https://worldathletics.org/athletes/athlete=14591170
31,58.53,,Veerpal KAUR,24 MAR 1994,IND,2,,Ranchi (IND),11 OCT 2019,1065,women_400h,2019,https://worldathletics.org/athletes/athlete=14866192
34,58.62,,Anu RAGHAVAN,20 APR 1993,IND,4,,Patiala (IND),16 MAR 2019,1062,women_400h,2019,https://worldathletics.org/athletes/athlete=14436789
35,58.64,,Moe MIZUGUCHI,13 APR 2002,JPN,3,,"Municipal Stadium, Nagai (JPN)",15 APR 2019,1062,women_400h,2019,https://worldathletics.org/athletes/athlete=14861125
36,58.69,,Sayaka AOKI,15 DEC 1986,JPN,4,,"Yanmar Stadium Nagai, Osaka (JPN)",21 SEP 2019,1060,women_400h,2019,https://worldathletics.org/athletes/athlete=14286092
37,58.74,,Mikoto SHIOMI,20 AUG 2001,JPN,4,,"Prefectural Kasamatsu Stadium, Hitachinaka (JPN)",05 OCT 2019,1059,women_400h,2019,https://worldathletics.org/athletes/athlete=14855488
38,58.76,,Konomi TAKEISHI,09 OCT 1991,JPN,6,,Fukuoka (JPN),30 JUN 2019,1058,women_400h,2019,https://worldathletics.org/athletes/athlete=14388922
39,58.84,,Fangfang WU,05 OCT 1997,CHN,4,,Shenyang (CHN),10 JUL 2019,1056,women_400h,2019,https://worldathletics.org/athletes/athlete=14750686
40,58.90,,Vivien Keina CARRUTHERS,28 MAR 1997,JPN,3f1,,Osaka (JPN),06 MAY 2019,1054,women_400h,2019,https://worldathletics.org/athletes/athlete=14809501
40,58.90,,Yu-Chieh LIN,08 SEP 1998,TPE,2,,Taoyuan (TPE),23 OCT 2019,1054,women_400h,2019,https://worldathletics.org/athletes/athlete=14591671
42,58.92,,Aiki TSUHA,15 FEB 2000,JPN,1h5,,"Nagaragawa Stadium, Gifu (JPN)",14 SEP 2019,1053,women_400h,2019,https://worldathletics.org/athletes/athlete=14858499
43,58.93,,Risa HAYASHI,18 FEB 1998,JPN,1,,Hiratsuka (JPN),27 JUL 2019,1053,women_400h,2019,https://worldathletics.org/athletes/athlete=14719701
44,58.98,,Haruka NAKAZAWA,25 APR 2001,JPN,4,,"Municipal Stadium, Nagai (JPN)",15 APR 2019,1051,women_400h,2019,https://worldathletics.org/athletes/athlete=14861099
45,59.01,,Vithya RAMRAJ,20 SEP 1998,IND,5,,Patiala (IND),16 MAR 2019,1051,women_400h,2019,https://worldathletics.org/athletes/athlete=14776046
46,59.03,,Kazuki HIGA,01 NOV 1998,JPN,5f3,,Osaka (JPN),06 MAY 2019,1050,women_400h,2019,https://worldathletics.org/athletes/athlete=14719708
47,59.16,,V. Krishnan SALINI,10 JAN 1998,IND,6,,Patiala (IND),16 MAR 2019,1046,women_400h,2019,https://worldathletics.org/athletes/athlete=14849699
47,59.16,,Kasumi YOSHIDA,10 MAR 1999,JPN,3h5,,"Nagaragawa Stadium, Gifu (JPN)",14 SEP 2019,1046,women_400h,2019,https://worldathletics.org/athletes/athlete=14719715
49,59.21,,Juihsuan YANG,24 OCT 2002,TPE,3,,Taoyuan (TPE),23 OCT 2019,1045,women_400h,2019,https://worldathletics.org/athletes/athlete=14791205
50,59.27,,Hikari OKUBO,17 FEB 1998,JPN,3sf1,,"Nagaragawa Stadium, Gifu (JPN)",15 SEP 2019,1043,women_400h,2019,https://worldathletics.org/athletes/athlete=14853645
51,59.30,,Ying OU,03 DEC 2001,CHN,6,,Shenyang (CHN),10 JUL 2019,1042,women_400h,2019,https://worldathletics.org/athletes/athlete=14795241
52,59.37,,Xiaohan ZHOU,09 MAR 2002,CHN,1,,"Shanxi Sports Center Stadium, Taiyuan (CHN)",17 AUG 2019,1040,women_400h,2019,https://worldathletics.org/athletes/pr-of-china/xiaohan-zhou-14942549
53,59.42,,Kyeong-mi SON,09 FEB 1990,KOR,1,,Taebaek (KOR),06 AUG 2019,1038,women_400h,2019,https://worldathletics.org/athletes/athlete=14289898
54,59.43,,G.D. Niroshika LAKMALI,25 NOV 1989,SRI,2,,Colombo (SRI),18 AUG 2019,1038,women_400h,2019,https://worldathletics.org/athletes/athlete=14606678
55,59.44,,Yuka KAWAMURA,28 DEC 2001,JPN,1h2,,"Municipal Stadium, Hiroshima (JPN)",20 OCT 2019,1038,women_400h,2019,https://worldathletics.org/athletes/athlete=14855694
56,59.47,,Natsumi MURAKAMI,01 JUL 1999,JPN,3,,Sagamihara (JPN),26 MAY 2019,1037,women_400h,2019,https://worldathletics.org/athletes/athlete=14766631
57,59.48,,Nozomi BAN,04 JUL 2001,JPN,6,,Okinawa (JPN),06 AUG 2019,1037,women_400h,2019,https://worldathletics.org/athletes/athlete=14855628
58,59.50,,Yuriko MITO,05 APR 1995,JPN,2,,Kumagaya (JPN),19 MAY 2019,1036,women_400h,2019,https://worldathletics.org/athletes/athlete=14766811
59,59.51,,Ayumi NAKAO,14 DEC 2000,JPN,4,,Sagamihara (JPN),26 MAY 2019,1036,women_400h,2019,https://worldathletics.org/athletes/athlete=14855629
60,59.56,,Yifan ZOU,11 DEC 2000,CHN,3,,"Shanxi Sports Center Stadium, Taiyuan (CHN)",17 AUG 2019,1034,women_400h,2019,https://worldathletics.org/athletes/athlete=14839833
61,59.57,,Xue TAO,26 OCT 1999,CHN,1,,Huangshi (CHN),12 APR 2019,1034,women_400h,2019,https://worldathletics.org/athletes/athlete=14750688
62,59.60,,Akane KOBAYASHI,22 OCT 1998,JPN,1,,Hiratsuka (JPN),09 JUN 2019,1033,women_400h,2019,https://worldathletics.org/athletes/athlete=14728015
63,59.63,,Yirui DING,30 OCT 2002,CHN,4,,Shenyang (CHN),03 AUG 2019,1032,women_400h,2019,https://worldathletics.org/athletes/athlete=14857824
64,59.65,,Hongjuan LIU,30 JUL 1996,CHN,3,,Zhaoqing (CHN),08 APR 2019,1032,women_400h,2019,https://worldathletics.org/athletes/athlete=14585470
65,59.67,,Ya-Hsin LIN,23 APR 1998,TPE,4,,Taoyuan (TPE),23 OCT 2019,1031,women_400h,2019,https://worldathletics.org/athletes/athlete=14705954
66,59.73,,G.A.S. DULANI,14 FEB 1993,SRI,1,,Colombo (SRI),05 APR 2019,1029,women_400h,2019,https://worldathletics.org/athletes/athlete=14759773
67,59.81,,Akane MINAMISAWA,23 SEP 1997,JPN,5sf1,,"Nagaragawa Stadium, Gifu (JPN)",15 SEP 2019,1027,women_400h,2019,https://worldathletics.org/athletes/athlete=14858495
68,59.84,,Yuimi YAMAMOTO,22 FEB 1998,JPN,4sf1,,Sagamihara (JPN),26 MAY 2019,1026,women_400h,2019,https://worldathletics.org/athletes/japan/yuimi-yamamoto-14728016
69,59.86,,Xin LIU,26 AUG 1992,CHN,1h1,,Shenyang (CHN),09 JUL 2019,1026,women_400h,2019,https://worldathletics.org/athletes/athlete=14472021
70,59.89,,Jiaqi WANG,07 MAR 2000,CHN,4,,"Shanxi Sports Center Stadium, Taiyuan (CHN)",17 AUG 2019,1025,women_400h,2019,https://worldathletics.org/athletes/athlete=14839849
71,59.91,,Shahla MAHMOUDI,21 MAR 1991,IRI,1,,Tehran (IRI),23 AUG 2019,1024,women_400h,2019,https://worldathletics.org/athletes/athlete=14584684
72,59.92,,Miku FUJIWARA,07 DEC 1992,JPN,3h1,,"Yanmar Stadium Nagai, Osaka (JPN)",21 SEP 2019,1024,women_400h,2019,https://worldathletics.org/athletes/athlete=14433362
73,59.94,,Rina TAKAGI,02 OCT 1999,JPN,4h5,,"Nagaragawa Stadium, Gifu (JPN)",14 SEP 2019,1023,women_400h,2019,https://worldathletics.org/athletes/athlete=14815080
74,59.96,,Asaka OTA,30 APR 1997,JPN,5sf1,,Sagamihara (JPN),26 MAY 2019,1023,women_400h,2019,https://worldathletics.org/athletes/japan/asaka-ota-14719706
75,59.97,,Minami NAKAHARA,14 MAY 1998,JPN,3,,Nara (JPN),19 MAY 2019,1022,women_400h,2019,https://worldathletics.org/athletes/athlete=14719705
76,59.98,,Yu ZHOU,26 AUG 1999,CHN,1h3,,Huangshi (CHN),12 APR 2019,1022,women_400h,2019,https://worldathletics.org/athletes/athlete=14714470
77,1:00.00,,Yuki KITANO,03 SEP 1995,JPN,5h1,,Fukuoka (JPN),29 JUN 2019,1021,women_400h,2019,https://worldathletics.org/athletes/athlete=14707945
78,1:00.08,,Se-ra OH,30 AUG 1987,KOR,1,,"Olympic Stadium, Seoul (KOR)",07 OCT 2019,1019,women_400h,2019,https://worldathletics.org/athletes/athlete=14424653
79,1:00.12,,Veerpal KAUR,07 SEP 1997,IND,4,,Ranchi (IND),11 OCT 2019,1018,women_400h,2019,https://worldathletics.org/athletes/athlete=14670522
80,1:00.13,,Liying CHEN,21 AUG 1994,CHN,6,,Shenyang (CHN),03 AUG 2019,1018,women_400h,2019,https://worldathletics.org/athletes/athlete=14714474
81,1:00.18,,Ayana YASUI,07 MAY 1997,JPN,4,,Nara (JPN),19 MAY 2019,1016,women_400h,2019,https://worldathletics.org/athletes/athlete=14719700
81,1:00.18,,Lihong HU,08 AUG 1999,CHN,2h2,,Daqing (CHN),22 AUG 2019,1016,women_400h,2019,https://worldathletics.org/athletes/athlete=14754413
83,1:00.20,,Tiasha SAMADDER,20 MAY 1998,IND,1,,Pune (IND),21 AUG 2019,1016,women_400h,2019,https://worldathletics.org/athletes/athlete=14621363
84,1:00.24,,Mei FUJIWARA,10 APR 2000,JPN,1,,Okayama (JPN),19 MAY 2019,1014,women_400h,2019,https://worldathletics.org/athletes/athlete=14855703
84,1:00.24,,Masaki ADACHI,03 DEC 1998,JPN,5,,"Yanmar Stadium Nagai, Osaka (JPN)",08 SEP 2019,1014,women_400h,2019,https://worldathletics.org/athletes/athlete=14795543
86,1:00.25,,Ayaka MIYADE,25 SEP 2000,JPN,5f1,,Osaka (JPN),06 MAY 2019,1014,women_400h,2019,https://worldathletics.org/athletes/athlete=14773919
87,1:00.26,,Thi Oanh NGUYEN,22 FEB 1996,VIE,2,,Ho Chi-Minh (VIE),17 SEP 2019,1014,women_400h,2019,https://worldathletics.org/athletes/athlete=14434122
88,1:00.30,,Maho IOKA,14 APR 1999,JPN,3h3,,"Nagaragawa Stadium, Gifu (JPN)",14 SEP 2019,1013,women_400h,2019,https://worldathletics.org/athletes/athlete=14853028
88,1:00.30,,Akane NODA,13 OCT 1999,JPN,4sf2,,"Nagaragawa Stadium, Gifu (JPN)",15 SEP 2019,1013,women_400h,2019,https://worldathletics.org/athletes/athlete=14860819
90,1:00.35,,Najma PARVEEN,20 DEC 1990,PAK,1,,Kathmandu (NEP),06 DEC 2019,1011,women_400h,2019,https://worldathletics.org/athletes/athlete=14594326
91,1:00.36,,Nonoka RITO,08 JUL 1995,JPN,6f1,,Osaka (JPN),06 MAY 2019,1011,women_400h,2019,https://worldathletics.org/athletes/athlete=14562711
92,1:00.41,,Nazuna OKAWA,22 JAN 2001,JPN,1f1,,Yokohama (JPN),28 JUL 2019,1010,women_400h,2019,https://worldathletics.org/athletes/athlete=14855502
93,1:00.42,,Umi KAWASHIMA,15 MAR 1999,JPN,5h5,,"Nagaragawa Stadium, Gifu (JPN)",14 SEP 2019,1009,women_400h,2019,https://worldathletics.org/athletes/athlete=14853642
94,1:00.44,,Mizuki NOBUYASU,08 JUL 2001,JPN,5,,"Municipal Stadium, Nagai (JPN)",15 APR 2019,1009,women_400h,2019,https://worldathletics.org/athletes/athlete=14861105
95,1:00.45,,Yunzhe JIANGLI,10 FEB 2002,CHN,1h1,,Huludao (CHN),24 MAY 2019,1008,women_400h,2019,https://worldathletics.org/athletes/athlete=14857827
96,1:00.46,,Keina KARAZAZU,,JPN,3,,Kumagaya (JPN),19 MAY 2019,1008,women_400h,2019,https://worldathletics.org/athletes/athlete=14904043
97,1:00.47,,Xia XIAO,04 JUN 1991,CHN,1h1,,Luoyang (CHN),29 MAY 2019,1008,women_400h,2019,https://worldathletics.org/athletes/athlete=14264869
98,1:00.48,,Sridhar AARTHI,29 MAR 1998,IND,2,,Lucknow (IND),28 AUG 2019,1008,women_400h,2019,https://worldathletics.org/athletes/athlete=14910140
99,1:00.51,,Kyounghwa KIM,21 AUG 1991,KOR,1,,Kimchun (KOR),16 JUN 2019,1007,women_400h,2019,https://worldathletics.org/athletes/korea/kyounghwa-kim-14643971
100,1:00.52,,Arisa WERUWANARAK,26 JUN 2003,THA,1,,Hong Kong (HKG),17 MAR 2019,1006,women_400h,2019,https://worldathletics.org/athletes/athlete=14840465
101,1:00.53,,Zhengqian ZHAI,11 JUN 1999,CHN,1h2,,Zhaoqing (CHN),07 APR 2019,1006,women_400h,2019,https://worldathletics.org/athletes/athlete=14811248
101,1:00.53,,. PREETI,06 JUL 1999,IND,5,,Ranchi (IND),11 OCT 2019,1006,women_400h,2019,https://worldathletics.org/athletes/athlete=14916409
103,1:00.56,,Saori OOCHI,11 JUN 2000,JPN,1,,Yokohama (JPN),06 APR 2019,1005,women_400h,2019,https://worldathletics.org/athletes/athlete=14855476
104,1:00.57,,Amesha Piumanthi Hettiarachchi HETTIARACHCHILAGE,03 MAY 2003,SRI,3,,Colombo (SRI),18 AUG 2019,1005,women_400h,2019,https://worldathletics.org/athletes/athlete=14853827
105,1:00.58,,Svetlana KUZNETSOVA,29 JAN 1992,KAZ,2,,"Central Stadium, Almaty (KAZ)",06 JUL 2019,1005,women_400h,2019,https://worldathletics.org/athletes/athlete=14375685
106,1:00.60,,Maya ISHIZAWA,01 SEP 2001,JPN,3h1,,"Municipal Stadium, Hiroshima (JPN)",20 OCT 2019,1004,women_400h,2019,https://worldathletics.org/athletes/athlete=14855704
107,1:00.61,,Yuan-Hsuan CHIEN,29 SEP 1998,TPE,4,,Chiayi (TPE),01 MAY 2019,1004,women_400h,2019,https://worldathletics.org/athletes/athlete=14791492
108,1:00.62,,Kaori NISHIYAMA,13 OCT 1994,JPN,4h2,,"Nagaragawa Stadium, Gifu (JPN)",14 SEP 2019,1003,women_400h,2019,https://worldathletics.org/athletes/athlete=14766841
109,1:00.64,,Chiharu ARUGA,22 APR 2001,JPN,7,,"Prefectural Kasamatsu Stadium, Hitachinaka (JPN)",05 OCT 2019,1003,women_400h,2019,https://worldathletics.org/athletes/athlete=14855682
110,1:00.66,,Young-hee JUNG,02 JAN 1990,KOR,2,,Gimcheon (KOR),04 JUL 2019,1002,women_400h,2019,https://worldathletics.org/athletes/athlete=14289649
111,1:00.78,,Kuki OTANI,17 JAN 1993,JPN,1h2,,Wakayama (JPN),05 MAY 2019,999,women_400h,2019,https://worldathletics.org/athletes/athlete=14433356
112,1:00.86,,Mio TSUJII,24 NOV 2000,JPN,4h1,,Hiratsuka (JPN),08 JUN 2019,997,women_400h,2019,https://worldathletics.org/athletes/athlete=14815091
113,1:00.88,,Nao KATSUYA,09 JUL 2001,JPN,6,,"Municipal Stadium, Nagai (JPN)",15 APR 2019,996,women_400h,2019,https://worldathletics.org/athletes/athlete=14861039
113,1:00.88,,Yumeka KAGAWA,02 NOV 2001,JPN,3h3,,"Prefectural Kasamatsu Stadium, Hitachinaka (JPN)",04 OCT 2019,996,women_400h,2019,https://worldathletics.org/athletes/athlete=14861104
115,1:00.90,,Ya-Ting LI,19 FEB 1999,TPE,5,,Chiayi (TPE),01 MAY 2019,995,women_400h,2019,https://worldathletics.org/athletes/athlete=14670024
116,1:00.92,,Xueting WU,20 AUG 1995,CHN,2,,Huangshi (CHN),12 APR 2019,995,women_400h,2019,https://worldathletics.org/athletes/athlete=14585341
116,1:00.92,,Rin OKUBAYASHI,07 AUG 2001,JPN,4h3,,"Prefectural Kasamatsu Stadium, Hitachinaka (JPN)",04 OCT 2019,995,women_400h,2019,https://worldathletics.org/athletes/athlete=14861110
116,1:00.92,,Ayana MANABE,03 DEC 2001,JPN,4h1,,"Municipal Stadium, Hiroshima (JPN)",20 OCT 2019,995,women_400h,2019,https://worldathletics.org/athletes/athlete=14931808
116,1:00.92,,Mei-Hsiu LIN,12 MAY 2003,TPE,2h2,,Taoyuan (TPE),22 OCT 2019,995,women_400h,2019,https://worldathletics.org/athletes/athlete=14845690
120,1:00.96,,Yae TOKUNAGA,16 SEP 2000,JPN,1h2,,Nara (JPN),18 MAY 2019,994,women_400h,2019,https://worldathletics.org/athletes/athlete=14849059
121,1:00.99,,Miyu ROKUTANDA,30 AUG 1997,JPN,2f2,,Kyoto (JPN),07 APR 2019,993,women_400h,2019,https://worldathletics.org/athletes/athlete=14719711
122,1:01.00,,Eunju JO,12 NOV 1989,KOR,2,,Taebaek (KOR),06 AUG 2019,992,women_400h,2019,https://worldathletics.org/athletes/athlete=14477439
123,1:01.02,,Vishwa Priya RAMAMURTHI VENUGOPA,28 OCT 1995,IND,8,,Patiala (IND),16 MAR 2019,992,women_400h,2019,https://worldathletics.org/athletes/athlete=14776067
124,1:01.05,,D.G.N.D. WICKRAMESINGHE,06 SEP 1987,SRI,5,,Colombo (SRI),18 AUG 2019,991,women_400h,2019,https://worldathletics.org/athletes/athlete=14483764
125,1:01.06,,J. DHIVYA,31 JAN 1998,IND,3,,Lucknow (IND),28 AUG 2019,991,women_400h,2019,https://worldathletics.org/athletes/athlete=14818587
126,1:01.09,,Akira NAGAI,2001,JPN,7,,"Municipal Stadium, Nagai (JPN)",15 APR 2019,990,women_400h,2019,https://worldathletics.org/athletes/athlete=14861113
127,1:01.11,,Nanako KIKUCHI,15 MAY 2001,JPN,4h2,,"Prefectural Kasamatsu Stadium, Hitachinaka (JPN)",04 OCT 2019,989,women_400h,2019,https://worldathletics.org/athletes/athlete=14921637
128,1:01.13,,Chawla SONAL,16 NOV 1992,IND,3,,Pune (IND),21 AUG 2019,989,women_400h,2019,https://worldathletics.org/athletes/athlete=14522518
129,1:01.15,,Jiahui WANG,07 MAR 2000,CHN,5,,Wuhu (CHN),18 MAY 2019,988,women_400h,2019,https://worldathletics.org/athletes/athlete=14858770
130,1:01.16,,Mei-Dan WANG,03 MAR 2001,TPE,2,,Kaohsiung (TPE),25 APR 2019,988,women_400h,2019,https://worldathletics.org/athletes/athlete=14845589
131,1:01.22,,Manikam LOGANAYAKI,03 JUN 1997,IND,4,,Pune (IND),21 AUG 2019,986,women_400h,2019,https://worldathletics.org/athletes/athlete=14714272
132,1:01.25,,Mitsuki NAGAYA,01 FEB 1999,JPN,5f2,,Osaka (JPN),06 MAY 2019,985,women_400h,2019,https://worldathletics.org/athletes/athlete=14767094
133,1:01.33,,Yuki TOHI,11 JAN 1999,JPN,5h2,,"Nagaragawa Stadium, Gifu (JPN)",14 SEP 2019,983,women_400h,2019,https://worldathletics.org/athletes/athlete=14851891
134,1:01.35,,Yina LIANG,20 APR 2001,CHN,5,,"Shanxi Sports Center Stadium, Taiyuan (CHN)",17 AUG 2019,982,women_400h,2019,https://worldathletics.org/athletes/athlete=14755819
134,1:01.35,,Misa HONDA,27 JUN 2000,JPN,4f2,,"Municipal Stadium, Hiroshima (JPN)",20 OCT 2019,982,women_400h,2019,https://worldathletics.org/athletes/athlete=14855368
136,1:01.39,,P.O. SAYANA,11 MAR 1998,IND,1,,Kozhikode (IND),16 JUN 2019,981,women_400h,2019,https://worldathletics.org/athletes/athlete=14714271
137,1:01.43,,Dongmei ZHUANG,14 DEC 2000,CHN,4h4,,Luoyang (CHN),29 MAY 2019,980,women_400h,2019,https://worldathletics.org/athletes/athlete=14811662
138,1:01.47,,Raimu MONOE,18 NOV 1997,JPN,1f2,,Tama (JPN),07 APR 2019,979,women_400h,2019,https://worldathletics.org/athletes/athlete=14853666
139,1:01.51,,Rina KURATA,19 MAR 2002,JPN,5h2,,"Prefectural Kasamatsu Stadium, Hitachinaka (JPN)",04 OCT 2019,978,women_400h,2019,https://worldathletics.org/athletes/athlete=14855698
140,1:01.53,,Riza Jane DUPALCO,28 FEB 2001,PHI,1,,Ilagan (PHI),06 MAR 2019,977,women_400h,2019,https://worldathletics.org/athletes/athlete=14849591
140,1:01.53,,Mayu NOJIRI,05 JUN 1998,JPN,6,,Nara (JPN),19 MAY 2019,977,women_400h,2019,https://worldathletics.org/athletes/athlete=14809503
142,1:01.55,,K. M. NIBHA,14 DEC 1999,IND,1,,Mangalagiri (IND),06 NOV 2019,977,women_400h,2019,https://worldathletics.org/athletes/athlete=14822222
143,1:01.57,,Ji-eun KIM,16 JUN 1992,KOR,3,,Gimcheon (KOR),04 JUL 2019,976,women_400h,2019,https://worldathletics.org/athletes/athlete=14289713
144,1:01.66,,Momo TOYAMA,06 SEP 2001,JPN,8,,"Municipal Stadium, Nagai (JPN)",15 APR 2019,974,women_400h,2019,https://worldathletics.org/athletes/athlete=14861107
145,1:01.67,,Yuki FUJIMOTO,13 JUN 2000,JPN,1,,"Prefectural Stadium, Kumamoto (JPN)",18 MAY 2019,973,women_400h,2019,https://worldathletics.org/athletes/athlete=14855482
145,1:01.67,,. RAJNI,07 NOV 1990,IND,7,,Ranchi (IND),11 OCT 2019,973,women_400h,2019,https://worldathletics.org/athletes/athlete=14866193
147,1:01.68,,Lin ZHOU,19 DEC 1998,CHN,3h4,,Jinhua (CHN),22 MAY 2019,973,women_400h,2019,https://worldathletics.org/athletes/athlete=14702500
148,1:01.72,,Mingee KIM,05 APR 1996,KOR,3,,Jeongseon (KOR),27 JUN 2019,972,women_400h,2019,https://worldathletics.org/athletes/athlete=14901712
148,1:01.72,,Mohaddeseh EBRAHIMPOOR,16 FEB 2002,IRI,2,,Tehran (IRI),22 SEP 2019,972,women_400h,2019,https://worldathletics.org/athletes/athlete=14878455
150,1:01.74,,Yuki KIMURA,,JPN,4h2,,Sagamihara (JPN),25 MAY 2019,971,women_400h,2019,https://worldathletics.org/athletes/athlete=14902698
151,1:01.75,,Mao OBAYASHI,05 APR 2001,JPN,2,,Osaka (JPN),06 MAY 2019,971,women_400h,2019,https://worldathletics.org/athletes/athlete=14861114
152,1:01.77,,. NANHI,16 OCT 1999,IND,1,,Trivandrum (IND),26 SEP 2019,970,women_400h,2019,https://worldathletics.org/athletes/athlete=14734726
153,1:01.81,,C. VISHRUTHA,20 MAR 2002,IND,1,,Raipur (IND),21 FEB 2019,969,women_400h,2019,https://worldathletics.org/athletes/athlete=14873505
154,1:01.82,,Sachini Kavinda THATSARANI,2001,SRI,1,,Colombo (SRI),11 SEP 2019,969,women_400h,2019,https://worldathletics.org/athletes/athlete=14917214
155,1:01.91,,Xiulan YE,22 AUG 1998,CHN,4h4,,Zhaoqing (CHN),07 APR 2019,966,women_400h,2019,https://worldathletics.org/athletes/athlete=14723554
156,1:01.94,,Maron UCHIDA,03 JUN 1999,JPN,2,,"Prefectural Stadium, Kumamoto (JPN)",18 MAY 2019,966,women_400h,2019,https://worldathletics.org/athletes/athlete=14766632
157,1:01.96,,Ghofrane MOHAMMAD,06 JUN 1989,SYR,1,,El Maadi (EGY),25 JUL 2019,965,women_400h,2019,https://worldathletics.org/athletes/athlete=14302586
157,1:01.96,,Mei KUDO,18 NOV 2002,JPN,2,,"Kimiidera Park Athletic Field, Wakayama (JPN)",13 SEP 2019,965,women_400h,2019,https://worldathletics.org/athletes/athlete=14861100
159,1:01.97,,Chia-Yu CHANG,03 DEC 2000,TPE,2,,Kaohsiung (TPE),21 FEB 2019,965,women_400h,2019,https://worldathletics.org/athletes/athlete=14831881
160,1:02.06,,K.H.A.Dasuni KAUSHALYA,25 OCT 2001,SRI,2,,Colombo (SRI),11 SEP 2019,962,women_400h,2019,https://worldathletics.org/athletes/athlete=14860250
160,1:02.06,,Bernalyn BEJOY,01 SEP 2001,PHI,4,,New Clark City (PHI),10 DEC 2019,962,women_400h,2019,https://worldathletics.org/athletes/athlete=14788477
162,1:02.07,,Benny NONTANAM,15 MAY 2001,THA,5,,New Clark City (PHI),10 DEC 2019,962,women_400h,2019,https://worldathletics.org/athletes/athlete=14847223
163,1:02.08,,Yuanyuan WANG,17 MAR 2001,CHN,1,,Chengdu (CHN),07 MAY 2019,962,women_400h,2019,https://worldathletics.org/athletes/athlete=14844216
163,1:02.08,,Sena KAWACHI,13 APR 2003,JPN,1,,"Kimiidera Park Athletic Field, Wakayama (JPN)",13 SEP 2019,962,women_400h,2019,https://worldathletics.org/athletes/athlete=14897192
163,1:02.08,,Khurshidabonu KHOLLIEVA,26 NOV 2001,UZB,1,,Tashkent (UZB),12 OCT 2019,962,women_400h,2019,https://worldathletics.org/athletes/athlete=14843188
166,1:02.09,,Suzu WAKAMATU,30 JUN 1998,JPN,2,,Tendo (JPN),07 JUL 2019,961,women_400h,2019,https://worldathletics.org/athletes/athlete=14858498
166,1:02.09,,Miki MATSUMOTO,13 JAN 2003,JPN,3,,"Kimiidera Park Athletic Field, Wakayama (JPN)",13 SEP 2019,961,women_400h,2019,https://worldathletics.org/athletes/athlete=14896815
168,1:02.10,,Zhangyan QIU,14 AUG 1998,CHN,3h2,,Zhaoqing (CHN),07 APR 2019,961,women_400h,2019,https://worldathletics.org/athletes/athlete=14668302
168,1:02.10,,Yeon-wo LEE,04 JUL 2002,KOR,1,,"Jamsil, Seoul (KOR)",27 JUL 2019,961,women_400h,2019,https://worldathletics.org/athletes/athlete=14850582
170,1:02.11,,Sesami KUROIWA,08 MAR 2000,JPN,3,,Okayama (JPN),19 MAY 2019,961,women_400h,2019,https://worldathletics.org/athletes/athlete=14766636
170,1:02.11,,Jamileh SEIFI,05 NOV 1991,IRI,2,,Tehran (IRI),22 JUL 2019,961,women_400h,2019,https://worldathletics.org/athletes/athlete=14497636
172,1:02.13,,Riho BEPPU,05 JUN 2002,JPN,6h2,,"Prefectural Kasamatsu Stadium, Hitachinaka (JPN)",04 OCT 2019,960,women_400h,2019,https://worldathletics.org/athletes/athlete=14921638
173,1:02.15,,G.D.S.C. PADUKA,,SRI,1,,Colombo (SRI),03 NOV 2019,960,women_400h,2019,https://worldathletics.org/athletes/athlete=14921842
174,1:02.28,,Yuka NAKAMURA,28 DEC 2002,JPN,4,,Osaka (JPN),06 MAY 2019,956,women_400h,2019,https://worldathletics.org/athletes/athlete=14897217
175,1:02.29,,Alvin TEHUPEIORY,05 APR 1995,INA,1,,Semarang (INA),04 JUL 2019,956,women_400h,2019,https://worldathletics.org/athletes/athlete=14478692
176,1:02.30,,Xinghua HOU,08 NOV 1996,CHN,2,,Chengdu (CHN),07 MAY 2019,955,women_400h,2019,https://worldathletics.org/athletes/athlete=14744956
176,1:02.30,,Zhuo CHEN,20 JUL 2001,CHN,7,,Wuhu (CHN),18 MAY 2019,955,women_400h,2019,https://worldathletics.org/athletes/athlete=14857865
176,1:02.30,,Tomoka SAITOU,02 JUL 2000,JPN,4h2,,Hiratsuka (JPN),08 JUN 2019,955,women_400h,2019,https://worldathletics.org/athletes/athlete=14855683
176,1:02.30,,Chinenye Josephine ONUORAH,04 OCT 2002,THA,2,,Khon Kaen (THA),04 AUG 2019,955,women_400h,2019,https://worldathletics.org/athletes/athlete=14884899
180,1:02.31,,Neneka NISHIMURA,05 NOV 1999,JPN,6h5,,"Nagaragawa Stadium, Gifu (JPN)",14 SEP 2019,955,women_400h,2019,https://worldathletics.org/athletes/athlete=14815090
181,1:02.33,,Chen WANG,26 FEB 1999,CHN,3h3,,Zhaoqing (CHN),07 APR 2019,955,women_400h,2019,https://worldathletics.org/athletes/athlete=14702502
182,1:02.37,,. SULASTRI,10 OCT 1991,INA,1,,Cibinong (INA),05 AUG 2019,953,women_400h,2019,https://worldathletics.org/athletes/athlete=14498026
183,1:02.38,,Mizuki KURIYA,26 APR 1998,JPN,2h3,,Nara (JPN),18 MAY 2019,953,women_400h,2019,https://worldathletics.org/athletes/athlete=14795544
184,1:02.41,,Yingqi XIONG,14 MAR 2002,CHN,2,,"Shanxi Sports Center Stadium, Taiyuan (CHN)",17 AUG 2019,952,women_400h,2019,https://worldathletics.org/athletes/pr-of-china/yingqi-xiong-14942554
185,1:02.42,,Suzumi HARA,19 SEP 2001,JPN,5,,Osaka (JPN),06 MAY 2019,952,women_400h,2019,https://worldathletics.org/athletes/athlete=14861108
186,1:02.45,,Miyuki YANO,01 APR 1990,JPN,4h1,,Tokyo (JPN),27 APR 2019,951,women_400h,2019,https://worldathletics.org/athletes/athlete=14374558
186,1:02.45,,Cha-soon SIM,27 JAN 1996,KOR,4,,Taebaek (KOR),06 AUG 2019,951,women_400h,2019,https://worldathletics.org/athletes/athlete=14604583
186,1:02.45,,Leyi CHEN,13 MAY 2003,CHN,3,,"Shanxi Sports Center Stadium, Taiyuan (CHN)",17 AUG 2019,951,women_400h,2019,https://worldathletics.org/athletes/athlete=14885003
189,1:02.46,,Manami NAKAMURA,06 JUN 2002,JPN,4h1,,"Prefectural Kasamatsu Stadium, Hitachinaka (JPN)",04 OCT 2019,951,women_400h,2019,https://worldathletics.org/athletes/athlete=14921635
190,1:02.47,,Narumi UCHIYAMA,26 DEC 1995,JPN,5,,Singapore (SGP),28 MAR 2019,951,women_400h,2019,https://worldathletics.org/athletes/athlete=14562720
191,1:02.49,,Juthamas KHONKHAM,06 MAY 1991,THA,1,,Bangkok (THA),30 AUG 2019,950,women_400h,2019,https://worldathletics.org/athletes/athlete=14374883
192,1:02.50,,Yuriko OSAKA,20 NOV 1997,JPN,3h5,,Nara (JPN),18 MAY 2019,950,women_400h,2019,https://worldathletics.org/athletes/athlete=14753583
193,1:02.51,,Yu-En YANG,2000,TPE,4,,Kaohsiung (TPE),25 APR 2019,950,women_400h,2019,https://worldathletics.org/athletes/athlete=14884204
193,1:02.51,,R. ARATHI,21 MAY 2001,IND,2,,Udupi (IND),15 SEP 2019,950,women_400h,2019,https://worldathletics.org/athletes/athlete=14862001
193,1:02.51,,Tsuzumi MIYAMAE,07 APR 2001,JPN,5h3,,"Prefectural Kasamatsu Stadium, Hitachinaka (JPN)",04 OCT 2019,950,women_400h,2019,https://worldathletics.org/athletes/athlete=14861109
196,1:02.52,,Risa TAMURA,17 MAY 2002,JPN,5,,"Kimiidera Park Athletic Field, Wakayama (JPN)",13 SEP 2019,949,women_400h,2019,https://worldathletics.org/athletes/athlete=14916869
197,1:02.54,,Pei-Shan WU,27 MAR 2000,TPE,3h1,,Taoyuan (TPE),22 OCT 2019,949,women_400h,2019,https://worldathletics.org/athletes/athlete=14689213
198,1:02.56,,Yekaterina YEFREMOVA,08 JUN 2000,KAZ,2,,Almaty (KAZ),26 MAY 2019,948,women_400h,2019,https://worldathletics.org/athletes/athlete=14830394
198,1:02.56,,Rama JANUARTI,1997,INA,2,,Cibinong (INA),05 AUG 2019,948,women_400h,2019,https://worldathletics.org/athletes/athlete=14765283
200,1:02.59,,Ayaka TASHIRO,30 AUG 1998,JPN,3h1,,Sagamihara (JPN),25 MAY 2019,947,women_400h,2019,https://worldathletics.org/athletes/athlete=14853663
201,1:02.61,,Maya MATSUSHIMA,13 JUN 2000,JPN,2h1,,Gifu (JPN),18 MAY 2019,947,women_400h,2019,https://worldathletics.org/athletes/athlete=14855494
202,1:02.63,,Jing WU,07 JUL 1999,CHN,4h2,,Zhaoqing (CHN),07 APR 2019,946,women_400h,2019,https://worldathletics.org/athletes/athlete=14857934
202,1:02.63,,Dakwatul ANISAH,1992,INA,3,,Cibinong (INA),05 AUG 2019,946,women_400h,2019,https://worldathletics.org/athletes/athlete=14765286
204,1:02.65,,Le Thi Hong HAN,23 AUG 2000,VIE,1,,Dong Nai (VIE),05 AUG 2019,946,women_400h,2019,https://worldathletics.org/athletes/athlete=14788476
205,1:02.68,,Yuki NAKAMURA,29 MAY 1995,JPN,1,,Naruto (JPN),31 MAR 2019,945,women_400h,2019,https://worldathletics.org/athletes/japan/yuki-nakamura-14664077
206,1:02.69,,Miku KAMIMURA,24 JUN 2001,JPN,5h1,,"Prefectural Kasamatsu Stadium, Hitachinaka (JPN)",04 OCT 2019,944,women_400h,2019,https://worldathletics.org/athletes/athlete=14855709
207,1:02.71,,Chayapha SOAPRASERT,,THA,2,,Bangkok (THA),30 AUG 2019,944,women_400h,2019,https://worldathletics.org/athletes/athlete=14791305
208,1:02.77,,Prajna KRISHNARAJA,25 JUL 2001,IND,1,,Nadiad (IND),12 FEB 2019,942,women_400h,2019,https://worldathletics.org/athletes/athlete=14862003
208,1:02.77,,Kanako YUNOUE,24 SEP 1997,JPN,3f2,,Kyoto (JPN),07 APR 2019,942,women_400h,2019,https://worldathletics.org/athletes/athlete=14899052
208,1:02.77,,Chia-Ni SHEN,20 JAN 2000,TPE,3,,Taipei City (TPE),22 SEP 2019,942,women_400h,2019,https://worldathletics.org/athletes/athlete=14831855
211,1:02.78,,Mitsuki KUDO,28 MAR 2004,JPN,2,,"Kimiidera Park Athletic Field, Wakayama (JPN)",13 SEP 2019,942,women_400h,2019,https://worldathletics.org/athletes/japan/mitsuki-kudo-14957210
212,1:02.79,,Mizuki YOSHIOKA,14 JUL 1997,JPN,4h1,,Sagamihara (JPN),25 MAY 2019,942,women_400h,2019,https://worldathletics.org/athletes/athlete=14853661
212,1:02.79,,Khusdeep KAUR,03 APR 2000,IND,2,,Mangalagiri (IND),06 NOV 2019,942,women_400h,2019,https://worldathletics.org/athletes/athlete=14885899
214,1:02.81,,Miyu OZAKI,07 JAN 2002,JPN,5sf1,,"Municipal Stadium, Nagai (JPN)",14 APR 2019,941,women_400h,2019,https://worldathletics.org/athletes/athlete=14861115
215,1:02.82,,Haruka KOZAKI,08 DEC 1999,JPN,4h3,,Hiratsuka (JPN),08 JUN 2019,941,women_400h,2019,https://worldathletics.org/athletes/athlete=14853659
216,1:02.85,,Clea IGAWA,23 JUL 2001,JPN,6sf1,,"Municipal Stadium, Nagai (JPN)",14 APR 2019,940,women_400h,2019,https://worldathletics.org/athletes/athlete=14861102
216,1:02.85,,R.A.T.N.D. RANASINGHE,,SRI,2,,Colombo (SRI),03 NOV 2019,940,women_400h,2019,https://worldathletics.org/athletes/athlete=14921843
218,1:02.88,,Ayane HANAFUSA,2001,JPN,4sf2,,"Municipal Stadium, Nagai (JPN)",14 APR 2019,939,women_400h,2019,https://worldathletics.org/athletes/athlete=14861103
219,1:02.89,,Yijia XU,13 MAY 2001,CHN,5h4,,Luoyang (CHN),29 MAY 2019,939,women_400h,2019,https://worldathletics.org/athletes/athlete=14885687
220,1:02.91,,Ayano YASUDA,18 OCT 2002,JPN,6,,"Kimiidera Park Athletic Field, Wakayama (JPN)",13 SEP 2019,938,women_400h,2019,https://worldathletics.org/athletes/athlete=14898360
221,1:02.93,,Nanami TAKANO,24 JUL 2001,JPN,6h1,,"Prefectural Kasamatsu Stadium, Hitachinaka (JPN)",04 OCT 2019,938,women_400h,2019,https://worldathletics.org/athletes/athlete=14861098
222,1:02.96,,Karina ABDULLAYEVA,24 MAY 2000,UZB,1,,Tashkent (UZB),03 MAY 2019,937,women_400h,2019,https://worldathletics.org/athletes/athlete=14898552
223,1:02.97,,Jianhe GAO,06 SEP 2000,CHN,4h1,,Zhaoqing (CHN),07 APR 2019,937,women_400h,2019,https://worldathletics.org/athletes/athlete=14885239
223,1:02.97,,Namichi NAKANO,02 AUG 2001,JPN,5h1,,Tokyo (JPN),27 APR 2019,937,women_400h,2019,https://worldathletics.org/athletes/athlete=14861106
225,1:02.99,,Jinxia LIN,26 JAN 1998,CHN,5h1,,Zhaoqing (CHN),07 APR 2019,936,women_400h,2019,https://worldathletics.org/athletes/athlete=14831904
226,1:03.06,,Moe NAKATSUKA,10 MAY 2000,JPN,8h4,,"Nagaragawa Stadium, Gifu (JPN)",14 SEP 2019,934,women_400h,2019,https://worldathletics.org/athletes/athlete=14855712
227,1:03.07,,Momoko YAMANISHI,15 MAY 2001,JPN,5h4,,"Municipal Stadium, Hiroshima (JPN)",20 OCT 2019,934,women_400h,2019,https://worldathletics.org/athletes/athlete=14815153
228,1:03.12,,Asaki ARITA,03 SEP 2000,JPN,1,,"Municipal Stadium, Sendai (JPN)",01 MAY 2019,932,women_400h,2019,https://worldathletics.org/athletes/athlete=14860820
228,1:03.12,,Haruko ISHIZUKA,02 JUN 1997,JPN,3,,Osaka (JPN),11 MAY 2019,932,women_400h,2019,https://worldathletics.org/athletes/athlete=14649124
230,1:03.15,,Chisa KITAZAWA,10 FEB 1998,JPN,2h4,,Nara (JPN),18 MAY 2019,932,women_400h,2019,https://worldathletics.org/athletes/athlete=14714396
230,1:03.15,,Mizuki SHINOHARA,05 JUN 1999,JPN,5h1,,Sagamihara (JPN),25 MAY 2019,932,women_400h,2019,https://worldathletics.org/athletes/athlete=14853667
230,1:03.15,,Gihani Daneka PANDUKA,16 JUL 2002,SRI,2,,Colombo (SRI),03 SEP 2019,932,women_400h,2019,https://worldathletics.org/athletes/athlete=14917215
233,1:03.20,,Mandy GOH LI,15 DEC 2000,MAS,1,,Kuala Lumpur (MAS),03 AUG 2019,930,women_400h,2019,https://worldathletics.org/athletes/athlete=14859377
234,1:03.25,,Jessa Mae JARDER,31 DEC 1998,PHI,2,,Ilagan (PHI),06 MAR 2019,929,women_400h,2019,https://worldathletics.org/athletes/athlete=14884889
235,1:03.27,,Sunshine ACASO,,PHI,1,,Capas (PHI),01 SEP 2019,928,women_400h,2019,https://worldathletics.org/athletes/athlete=14864168
236,1:03.28,,Kanan KISHI,08 MAY 2001,JPN,2,,Chiba (JPN),23 JUN 2019,928,women_400h,2019,https://worldathletics.org/athletes/athlete=14895974
237,1:03.29,,Yuna KANAMORI,09 OCT 2000,JPN,5h3,,Sagamihara (JPN),25 MAY 2019,928,women_400h,2019,https://worldathletics.org/athletes/athlete=14855708
238,1:03.35,,Ayane HIGUCHI,21 FEB 2004,JPN,3,,"Kimiidera Park Athletic Field, Wakayama (JPN)",13 SEP 2019,926,women_400h,2019,https://worldathletics.org/athletes/japan/ayane-higuchi-14949722
239,1:03.36,,Koharu ISHIKAWA,18 APR 2001,JPN,6h2,,"Municipal Stadium, Hiroshima (JPN)",20 OCT 2019,926,women_400h,2019,https://worldathletics.org/athletes/athlete=14855713
240,1:03.37,,Xueying HE,31 AUG 2002,CHN,3h3,,Luoyang (CHN),29 MAY 2019,925,women_400h,2019,https://worldathletics.org/athletes/athlete=14839836
241,1:03.42,,Rihoko ABE,12 OCT 2001,JPN,4sf3,,"Municipal Stadium, Nagai (JPN)",14 APR 2019,924,women_400h,2019,https://worldathletics.org/athletes/athlete=14916874
242,1:03.45,,. JYOTHIKA,29 SEP 2002,IND,2,,Sangrur (IND),15 DEC 2019,923,women_400h,2019,https://worldathletics.org/athletes/athlete=14921116
243,1:03.46,,Yirong LI,17 JAN 2002,CHN,4,,"Shanxi Sports Center Stadium, Taiyuan (CHN)",17 AUG 2019,923,women_400h,2019,https://worldathletics.org/athletes/pr-of-china/yirong-li-14942555
243,1:03.46,,Lingyu DU,29 JAN 2000,CHN,5h1,,"Shanxi Sports Center Stadium, Taiyuan (CHN)",17 AUG 2019,923,women_400h,2019,https://worldathletics.org/athletes/pr-of-china/lingyu-du-14942560
245,1:03.50,,Satomi NARASAKI,06 APR 2001,JPN,7h1,,"Prefectural Kasamatsu Stadium, Hitachinaka (JPN)",04 OCT 2019,922,women_400h,2019,https://worldathletics.org/athletes/athlete=14921636
246,1:03.52,,Ah-reum LEE,24 JUL 1988,KOR,4,,Chungju (KOR),04 MAY 2019,921,women_400h,2019,https://worldathletics.org/athletes/athlete=14289772
247,1:03.53,,Chihiro NAKAMURA,27 DEC 1999,JPN,2,,Inzai (JPN),03 MAY 2019,921,women_400h,2019,https://worldathletics.org/athletes/athlete=14901645
248,1:03.55,,Nidhi SINGH,31 JAN 1999,IND,6,,Lucknow (IND),28 AUG 2019,920,women_400h,2019,https://worldathletics.org/athletes/athlete=14875814
249,1:03.58,,Misa YAMAMOTO,26 APR 2000,JPN,5sf2,,Sagamihara (JPN),26 MAY 2019,920,women_400h,2019,https://worldathletics.org/athletes/athlete=14855677
250,1:03.62,,Yuna KANEMITSU,05 DEC 1999,JPN,3,,"Prefectural Stadium, Kumamoto (JPN)",18 MAY 2019,919,women_400h,2019,https://worldathletics.org/athletes/japan/yuna-kanemitsu-14957734
251,1:03.63,,Dilrabo NABIYEVA,2001,UZB,2,,Tashkent (UZB),03 MAY 2019,918,women_400h,2019,https://worldathletics.org/athletes/athlete=14898556
251,1:03.63,,Natsuki JITSUISHI,19 APR 1999,JPN,3,,Inzai (JPN),03 MAY 2019,918,women_400h,2019,https://worldathletics.org/athletes/athlete=14901646
251,1:03.63,,Yilan ZHUANG,04 MAR 2000,CHN,4h2,,Wuhu (CHN),17 MAY 2019,918,women_400h,2019,https://worldathletics.org/athletes/athlete=14849147
254,1:03.64,,Xiaomei ZHU,01 JAN 2002,CHN,3,,Huludao (CHN),25 MAY 2019,918,women_400h,2019,https://worldathletics.org/athletes/athlete=14839830
255,1:03.68,,Svetlana MALEZHINA,15 JUN 2000,KAZ,3,,Almaty (KAZ),30 MAY 2019,917,women_400h,2019,https://worldathletics.org/athletes/athlete=14877166
256,1:03.70,,Yutong LIU,10 APR 2002,CHN,7h3,,Zhaoqing (CHN),07 APR 2019,916,women_400h,2019,https://worldathletics.org/athletes/athlete=14884987
256,1:03.70,,Maho SHIMIZU,16 MAR 1994,JPN,6h1,,Tokyo (JPN),27 APR 2019,916,women_400h,2019,https://worldathletics.org/athletes/athlete=14896796
258,1:03.71,,Aya AL-RUABBUH,31 JAN 2003,SYR,1,,Beirut (LBN),15 AUG 2019,916,women_400h,2019,https://worldathletics.org/athletes/athlete=14915924
259,1:03.78,,Mari TERANISHI,10 FEB 2000,JPN,4,,Okayama (JPN),19 MAY 2019,914,women_400h,2019,https://worldathletics.org/athletes/athlete=14911804
260,1:03.80,,Joo-young HWANG,04 APR 1994,KOR,1,,"Olympic Stadium, Seoul (KOR)",07 OCT 2019,914,women_400h,2019,https://worldathletics.org/athletes/athlete=14901668
261,1:03.81,,Ritika KIRO,11 MAR 1996,IND,2h2,,Lucknow (IND),27 AUG 2019,913,women_400h,2019,https://worldathletics.org/athletes/athlete=14916397
261,1:03.81,,Gaeun LEE,01 JUL 2002,KOR,2,,"Olympic Stadium, Seoul (KOR)",07 OCT 2019,913,women_400h,2019,https://worldathletics.org/athletes/athlete=14910684
263,1:03.84,,Jingyi YANG,17 AUG 1998,CHN,6h5,,Zhaoqing (CHN),07 APR 2019,912,women_400h,2019,https://worldathletics.org/athletes/athlete=14831905
264,1:03.85,,Buarim BUEKHUNTHOD,,THA,3,,Semarang (INA),21 JUL 2019,912,women_400h,2019,https://worldathletics.org/athletes/athlete=14912740
264,1:03.85,,Thi Ngoc NGUYEN,06 JAN 2002,VIE,2,,Dong Nai (VIE),05 AUG 2019,912,women_400h,2019,https://worldathletics.org/athletes/athlete=14902553
266,1:03.88,,Rin HAYANO,26 JAN 2003,JPN,3,,Chiba (JPN),23 JUN 2019,911,women_400h,2019,https://worldathletics.org/athletes/athlete=14895844
266,1:03.88,,Sae NARIYUKI,24 MAR 2003,JPN,6h3,,"Prefectural Kasamatsu Stadium, Hitachinaka (JPN)",04 OCT 2019,911,women_400h,2019,https://worldathletics.org/athletes/athlete=14904943
266,1:03.88,,Chia-Ting YEH,07 SEP 2001,TPE,3,,Hualin (TPE),11 NOV 2019,911,women_400h,2019,https://worldathletics.org/athletes/athlete=14922632
269,1:03.91,,Aydana TURSYN,04 APR 1997,KAZ,3,,Almaty (KAZ),26 MAY 2019,910,women_400h,2019,https://worldathletics.org/athletes/athlete=14802848
270,1:03.92,,Kseniya YATSENKO,13 OCT 2000,KAZ,4,,Almaty (KAZ),26 MAY 2019,910,women_400h,2019,https://worldathletics.org/athletes/athlete=14877162
271,1:03.96,,Babita SINGH,12 JUL 2000,IND,4,,Mangalagiri (IND),06 NOV 2019,909,women_400h,2019,https://worldathletics.org/athletes/athlete=14921071
272,1:03.98,,Jianan PAN,31 JAN 2002,CHN,5,,"Shanxi Sports Center Stadium, Taiyuan (CHN)",17 AUG 2019,909,women_400h,2019,https://worldathletics.org/athletes/pr-of-china/jianan-pan-14942556
273,1:03.99,,Vo Nhu PHAN,09 JUN 2002,VIE,3,,Dong Nai (VIE),05 AUG 2019,908,women_400h,2019,https://worldathletics.org/athletes/athlete=14852400
1,55.98,,Thi Lan QUACH,18 OCT 1995,VIE,1,,Hanoi (VIE),14 NOV 2020,1142,women_400h,2020,https://worldathletics.org/athletes/athlete=14483951
2,56.50,,Ayesha IBRAHIM,16 JAN 1998,JPN,1,,"Denka Big Swan Stadium, Niigata (JPN)",03 OCT 2020,1126,women_400h,2020,https://worldathletics.org/athletes/athlete=14898323
3,56.77,,Jiadie MO,06 JAN 2000,CHN,1,,"Shangyu Stadium, Shaoxing (CHN)",17 SEP 2020,1118,women_400h,2020,https://worldathletics.org/athletes/athlete=14744957
4,56.96,,Moeka SEKIMOTO,23 FEB 2000,JPN,1f1,,"Mikio Oda Memorial Athletic Field, Tokorozawa (JPN)",26 JUL 2020,1112,women_400h,2020,https://worldathletics.org/athletes/athlete=14728063
5,57.09,,Eri UTSUNOMIYA,11 APR 1993,JPN,2,,"Denka Big Swan Stadium, Niigata (JPN)",03 OCT 2020,1108,women_400h,2020,https://worldathletics.org/athletes/athlete=14664132
6,57.28,,Changwei LU,08 NOV 2001,CHN,1,,Nanjing (CHN),30 MAY 2020,1102,women_400h,2020,https://worldathletics.org/athletes/athlete=14811638
7,57.34,,Akiko ITO,26 MAY 1995,JPN,3,,"Denka Big Swan Stadium, Niigata (JPN)",03 OCT 2020,1101,women_400h,2020,https://worldathletics.org/athletes/athlete=14562727
8,57.41,,Yan HUANG,12 JAN 1996,CHN,2,,Nanjing (CHN),30 MAY 2020,1099,women_400h,2020,https://worldathletics.org/athletes/athlete=14668298
9,57.43,,Ami YAMAMOTO,19 APR 2002,JPN,4,,"Denka Big Swan Stadium, Niigata (JPN)",03 OCT 2020,1098,women_400h,2020,https://worldathletics.org/athletes/athlete=14861142
10,57.44,,Kana KOYAMA,16 DEC 1998,JPN,5,,"Denka Big Swan Stadium, Niigata (JPN)",03 OCT 2020,1098,women_400h,2020,https://worldathletics.org/athletes/athlete=14719704
11,57.54,,Thi Huyen NGUYEN,19 MAY 1993,VIE,2,,Hanoi (VIE),14 NOV 2020,1095,women_400h,2020,https://worldathletics.org/athletes/athlete=14524764
12,57.73,,Mizuna ONO,09 DEC 2002,JPN,1,,"Denka Big Swan Stadium, Niigata (JPN)",03 NOV 2020,1089,women_400h,2020,https://worldathletics.org/athletes/athlete=14855450
13,57.85,,Rui TSUGAWA,24 NOV 2001,JPN,1f1,,"Mikio Oda Memorial Athletic Field, Tokorozawa (JPN)",15 AUG 2020,1085,women_400h,2020,https://worldathletics.org/athletes/athlete=14825125
14,58.38,,Yuka KAWAMURA,28 DEC 2001,JPN,8,,"Denka Big Swan Stadium, Niigata (JPN)",03 OCT 2020,1069,women_400h,2020,https://worldathletics.org/athletes/athlete=14855694
15,58.60,,Yu-Chieh LIN,08 SEP 1998,TPE,1,,Kaohsiung (TPE),04 NOV 2020,1063,women_400h,2020,https://worldathletics.org/athletes/athlete=14591671
16,58.71,,P.O. SAYANA,11 MAR 1998,IND,1,,"Kalinga Stadium, Bhubaneshwar (IND)",29 FEB 2020,1059,women_400h,2020,https://worldathletics.org/athletes/athlete=14714271
17,58.80,,Ying OU,03 DEC 2001,CHN,4,,"Shangyu Stadium, Shaoxing (CHN)",17 SEP 2020,1057,women_400h,2020,https://worldathletics.org/athletes/athlete=14795241
18,58.84,,Moeno TSUKAMOTO,18 FEB 2004,JPN,3f1,,"Edion Stadium, Hiroshima (JPN)",25 OCT 2020,1056,women_400h,2020,https://worldathletics.org/athletes/athlete=14912055
19,58.87,,Suzuka KAWABATA,13 JUL 1993,JPN,2,,"Denka Big Swan Stadium, Niigata (JPN)",03 NOV 2020,1055,women_400h,2020,https://worldathletics.org/athletes/athlete=14591170
20,58.89,,Sumika OKAWA,12 NOV 2003,JPN,1h3,,"Edion Stadium, Hiroshima (JPN)",25 OCT 2020,1054,women_400h,2020,https://worldathletics.org/athletes/athlete=14896770
21,58.90,,Aiki TSUHA,15 FEB 2000,JPN,4,,"Denka Big Swan Stadium, Niigata (JPN)",13 SEP 2020,1054,women_400h,2020,https://worldathletics.org/athletes/athlete=14858499
22,58.92,,Hana NAKAHARA,14 MAY 1998,JPN,5,,"Denka Big Swan Stadium, Niigata (JPN)",13 SEP 2020,1053,women_400h,2020,https://worldathletics.org/athletes/japan/hana-nakahara-14949718
23,58.94,,Nano NAKANO,10 JUN 2001,JPN,1,,"Municipal Stadium, Hiroshima (JPN)",25 OCT 2020,1053,women_400h,2020,https://worldathletics.org/athletes/athlete=14855487
24,59.02,,Honoka AOKI,24 SEP 2001,JPN,2,,"Municipal Stadium, Hiroshima (JPN)",25 OCT 2020,1050,women_400h,2020,https://worldathletics.org/athletes/athlete=14855506
25,59.13,,Ayana THOMAS,20 JAN 1993,IND,1,,"Tau Devi Lal Stadium, Panchkula (IND)",06 MAR 2020,1047,women_400h,2020,https://worldathletics.org/athletes/athlete=14685495
25,59.13,,Juihsuan YANG,24 OCT 2002,TPE,1,,New Taipei City (TPE),07 OCT 2020,1047,women_400h,2020,https://worldathletics.org/athletes/athlete=14791205
27,59.16,,Moe MIZUGUCHI,13 APR 2002,JPN,4f1,,"Edion Stadium, Hiroshima (JPN)",25 OCT 2020,1046,women_400h,2020,https://worldathletics.org/athletes/athlete=14861125
28,59.35,,Karen YOKOTA,17 MAR 1999,JPN,3,,"Denka Big Swan Stadium, Niigata (JPN)",03 NOV 2020,1041,women_400h,2020,https://worldathletics.org/athletes/athlete=14856898
29,59.37,,Yunzhe JIANGLI,10 FEB 2002,CHN,1,,Fuzhou (CHN),26 APR 2020,1040,women_400h,2020,https://worldathletics.org/athletes/athlete=14857827
30,59.43,,Kazuki HIGA,01 NOV 1998,JPN,4,,"Denka Big Swan Stadium, Niigata (JPN)",03 NOV 2020,1038,women_400h,2020,https://worldathletics.org/athletes/athlete=14719708
31,59.48,,Yurie KUKI,17 JAN 1993,JPN,1h2,,"Athletics Stadium, Toyama (JPN)",05 SEP 2020,1037,women_400h,2020,https://worldathletics.org/athletes/athlete=14433356
32,59.68,,Sena KAWACHI,13 APR 2003,JPN,1,,"Yanmar Stadium Nagai, Osaka (JPN)",24 JUL 2020,1031,women_400h,2020,https://worldathletics.org/athletes/athlete=14897192
33,59.69,,Xueting WU,20 AUG 1995,CHN,1,,Fuzhou (CHN),24 MAY 2020,1031,women_400h,2020,https://worldathletics.org/athletes/athlete=14585341
34,59.71,,Sayaka AOKI,15 DEC 1986,JPN,2,,"Komazawa Olympic Park Athletic Stadium, Tokyo (JPN)",26 JUL 2020,1030,women_400h,2020,https://worldathletics.org/athletes/athlete=14286092
35,59.73,,Mizuki SHINOHARA,05 JUN 1999,JPN,6,,"Denka Big Swan Stadium, Niigata (JPN)",13 SEP 2020,1029,women_400h,2020,https://worldathletics.org/athletes/athlete=14853667
36,59.74,,Anjali JOSE,24 MAY 1996,IND,2,,"Kalinga Stadium, Bhubaneshwar (IND)",29 FEB 2020,1029,women_400h,2020,https://worldathletics.org/athletes/athlete=14620979
37,59.82,,Pei-Lin LO,01 FEB 1994,TPE,2,,Kaohsiung (TPE),04 NOV 2020,1027,women_400h,2020,https://worldathletics.org/athletes/athlete=14483702
38,59.84,,Robyn BROWN,27 JUL 1994,PHI,1f1,,"Jack Rose Track, Long Beach, CA (USA)",07 MAR 2020,1026,women_400h,2020,https://worldathletics.org/athletes/athlete=14893469
39,59.87,,Haruka SHIBATA,13 JAN 1991,JPN,5h2,,"Denka Big Swan Stadium, Niigata (JPN)",02 OCT 2020,1025,women_400h,2020,https://worldathletics.org/athletes/athlete=14334519
40,59.91,,. PREETI,06 JUL 1999,IND,1,,Moodbidri (IND),03 JAN 2020,1024,women_400h,2020,https://worldathletics.org/athletes/athlete=14916409
41,59.92,,Yuriko MITO,05 APR 1995,JPN,5,,"Denka Big Swan Stadium, Niigata (JPN)",03 NOV 2020,1024,women_400h,2020,https://worldathletics.org/athletes/athlete=14766811
42,59.93,,Akane MINAMISAWA,23 SEP 1997,JPN,1,,Matsumoto (JPN),29 AUG 2020,1024,women_400h,2020,https://worldathletics.org/athletes/athlete=14858495
43,59.97,,Mayu SAITO,08 JUN 1995,JPN,2f2,,"Yanmar Stadium Nagai, Osaka (JPN)",24 OCT 2020,1022,women_400h,2020,https://worldathletics.org/athletes/athlete=14766692
44,59.98,,Vishwa Priya RAMAMURTHI VENUGOPA,28 OCT 1995,IND,2,,Moodbidri (IND),03 JAN 2020,1022,women_400h,2020,https://worldathletics.org/athletes/athlete=14776067
45,1:00.01,,Umi KAWASHIMA,15 MAR 1999,JPN,3,,"Komazawa Olympic Park Athletic Stadium, Tokyo (JPN)",26 JUL 2020,1021,women_400h,2020,https://worldathletics.org/athletes/athlete=14853642
46,1:00.03,,Hongyan WANG,14 NOV 1998,CHN,2h3,,"Shangyu Stadium, Shaoxing (CHN)",16 SEP 2020,1021,women_400h,2020,https://worldathletics.org/athletes/athlete=14750687
47,1:00.11,,Yumeka KAGAWA,02 NOV 2001,JPN,3,,"Municipal Stadium, Hiroshima (JPN)",25 OCT 2020,1018,women_400h,2020,https://worldathletics.org/athletes/athlete=14861104
48,1:00.12,,Natsumi MURAKAMI,01 JUL 1999,JPN,3f1,,"Mikio Oda Memorial Athletic Field, Tokorozawa (JPN)",04 JUL 2020,1018,women_400h,2020,https://worldathletics.org/athletes/athlete=14766631
49,1:00.13,,Hikari OKUBO,17 FEB 1998,JPN,1h2,,"NITTAIDAI Athletic Stadium, Yokohama (JPN)",01 NOV 2020,1018,women_400h,2020,https://worldathletics.org/athletes/athlete=14853645
50,1:00.15,,Akane NODA,13 OCT 1999,JPN,2,,"Yanmar Stadium Nagai, Osaka (JPN)",24 JUL 2020,1017,women_400h,2020,https://worldathletics.org/athletes/athlete=14860819
51,1:00.22,,Kyeong-mi SON,09 FEB 1990,KOR,1,,Yecheon (KOR),27 JUL 2020,1015,women_400h,2020,https://worldathletics.org/athletes/athlete=14289898
52,1:00.32,,. NANHI,16 OCT 1999,IND,3,,Moodbidri (IND),03 JAN 2020,1012,women_400h,2020,https://worldathletics.org/athletes/athlete=14734726
53,1:00.33,,Yuan-Hsuan CHIEN,29 SEP 1998,TPE,3,,Kaohsiung (TPE),04 NOV 2020,1012,women_400h,2020,https://worldathletics.org/athletes/athlete=14791492
54,1:00.36,,Tomoka SAITOU,02 JUL 2000,JPN,2,,"Nagai Stadium No. 2, Osaka (JPN)",23 OCT 2020,1011,women_400h,2020,https://worldathletics.org/athletes/athlete=14855683
55,1:00.44,,Moe KAWAJIRI,21 OCT 2003,JPN,1,,"Tamba Park Athletics Stadium, Kyoto (JPN)",03 AUG 2020,1009,women_400h,2020,https://worldathletics.org/athletes/japan/moe-kawajiri-14962135
56,1:00.48,,Mei KUDO,18 NOV 2002,JPN,1f1,,"Try Stadium, Osaka (JPN)",23 NOV 2020,1008,women_400h,2020,https://worldathletics.org/athletes/athlete=14861100
57,1:00.52,,Rin OKUBAYASHI,07 AUG 2001,JPN,4,,"Municipal Stadium, Hiroshima (JPN)",25 OCT 2020,1006,women_400h,2020,https://worldathletics.org/athletes/athlete=14861110
58,1:00.57,,Maron UCHIDA,03 JUN 1999,JPN,1,,"Hakatanomori Athletic Stadium, Fukuoka (JPN)",09 AUG 2020,1005,women_400h,2020,https://worldathletics.org/athletes/athlete=14766632
59,1:00.60,,Ayana KUSAKA,10 NOV 2003,JPN,6f1,,"Edion Stadium, Hiroshima (JPN)",25 OCT 2020,1004,women_400h,2020,https://worldathletics.org/athletes/japan/ayana-kusaka-14952503
60,1:00.62,,Xia XIAO,04 JUN 1991,CHN,3,,Nanjing (CHN),29 APR 2020,1003,women_400h,2020,https://worldathletics.org/athletes/athlete=14264869
61,1:00.68,,Kasumi YOSHIDA,10 MAR 1999,JPN,8,,"Denka Big Swan Stadium, Niigata (JPN)",13 SEP 2020,1002,women_400h,2020,https://worldathletics.org/athletes/athlete=14719715
62,1:00.71,,Mizuki KURIYA,26 APR 1998,JPN,3f1,,"Universiade Commemorative Stadium, Kobe (JPN)",11 OCT 2020,1001,women_400h,2020,https://worldathletics.org/athletes/athlete=14795544
63,1:00.72,,Chiharu ARUGA,22 APR 2001,JPN,5,,"Municipal Stadium, Hiroshima (JPN)",25 OCT 2020,1001,women_400h,2020,https://worldathletics.org/athletes/athlete=14855682
64,1:00.76,,Yoko SHIMADA,07 MAY 1992,JPN,1f1,,"Try Stadium, Osaka (JPN)",15 AUG 2020,999,women_400h,2020,https://worldathletics.org/athletes/athlete=14722792
65,1:00.83,,Veerpal KAUR,07 SEP 1997,IND,2,,"Tau Devi Lal Stadium, Panchkula (IND)",06 MAR 2020,997,women_400h,2020,https://worldathletics.org/athletes/athlete=14670522
66,1:00.84,,Ayane HIGUCHI,21 FEB 2004,JPN,8f1,,"Edion Stadium, Hiroshima (JPN)",25 OCT 2020,997,women_400h,2020,https://worldathletics.org/athletes/japan/ayane-higuchi-14949722
67,1:00.91,,Hongjuan LIU,30 JUL 1996,CHN,4,,Nanjing (CHN),29 APR 2020,995,women_400h,2020,https://worldathletics.org/athletes/athlete=14585470
67,1:00.91,,Mitsuki KUDO,28 MAR 2004,JPN,4f1,,"Universiade Commemorative Stadium, Kobe (JPN)",11 OCT 2020,995,women_400h,2020,https://worldathletics.org/athletes/japan/mitsuki-kudo-14957210
69,1:00.97,,Masaki ADACHI,03 DEC 1998,JPN,2f1,,"Try Stadium, Osaka (JPN)",08 AUG 2020,993,women_400h,2020,https://worldathletics.org/athletes/athlete=14795543
70,1:00.98,,Nazuna OKAWA,22 JAN 2001,JPN,1,,"Sunrise Park, Saga (JPN)",05 JUL 2020,993,women_400h,2020,https://worldathletics.org/athletes/athlete=14855502
70,1:00.98,,Tianlu LAN,15 OCT 1999,CHN,2h1,,"Shangyu Stadium, Shaoxing (CHN)",16 SEP 2020,993,women_400h,2020,https://worldathletics.org/athletes/athlete=14782077
72,1:01.01,,Yuki TOHI,11 JAN 1999,JPN,3h4,,"Denka Big Swan Stadium, Niigata (JPN)",12 SEP 2020,992,women_400h,2020,https://worldathletics.org/athletes/athlete=14851891
73,1:01.02,,Pragyan Prasanti SAHU,19 DEC 1999,IND,4,,Moodbidri (IND),03 JAN 2020,992,women_400h,2020,https://worldathletics.org/athletes/athlete=14841057
74,1:01.03,,Ghofrane MOHAMMAD,06 JUN 1989,SYR,,,"Olympic Sports Center, El Maadi (EGY)",12 DEC 2020,992,women_400h,2020,https://worldathletics.org/athletes/athlete=14302586
75,1:01.07,,Akane KOBAYASHI,22 OCT 1998,JPN,2,,"Athletic Field, Kitakami (JPN)",19 OCT 2020,990,women_400h,2020,https://worldathletics.org/athletes/athlete=14728015
76,1:01.09,,Jie MA,25 JAN 1998,CHN,1,,Shijiazhuang (CHN),28 MAY 2020,990,women_400h,2020,https://worldathletics.org/athletes/athlete=14702566
77,1:01.11,,Xin LIU,26 AUG 1992,CHN,2,,Dalian (CHN),15 JUL 2020,989,women_400h,2020,https://worldathletics.org/athletes/athlete=14472021
78,1:01.14,,Liying CHEN,21 AUG 1994,CHN,6,,"Shangyu Stadium, Shaoxing (CHN)",17 SEP 2020,988,women_400h,2020,https://worldathletics.org/athletes/athlete=14714474
79,1:01.20,,Yuika MORI,05 DEC 2002,JPN,1,,"Hakatanomori Athletic Stadium, Fukuoka (JPN)",09 AUG 2020,987,women_400h,2020,https://worldathletics.org/athletes/japan/yuika-mori-14954782
79,1:01.20,,Miku KAMIMURA,24 JUN 2001,JPN,3,,"Athletic Field, Kitakami (JPN)",19 OCT 2020,987,women_400h,2020,https://worldathletics.org/athletes/athlete=14855709
81,1:01.22,,Ya-Hsin LIN,23 APR 1998,TPE,1,,Taipei City (TPE),28 MAR 2020,986,women_400h,2020,https://worldathletics.org/athletes/athlete=14705954
81,1:01.22,,Jiaqi WANG,07 MAR 2000,CHN,3h3,,"Shangyu Stadium, Shaoxing (CHN)",16 SEP 2020,986,women_400h,2020,https://worldathletics.org/athletes/athlete=14839849
83,1:01.24,,Pei-Shan WU,27 MAR 2000,TPE,2,,Taipei City (TPE),28 MAR 2020,986,women_400h,2020,https://worldathletics.org/athletes/athlete=14689213
83,1:01.24,,Riho BEPPU,05 JUN 2002,JPN,8,,"National Stadium, Tokyo (JPN)",23 AUG 2020,986,women_400h,2020,https://worldathletics.org/athletes/athlete=14921638
85,1:01.26,,Mio TSUJII,24 NOV 2000,JPN,1,,"Konoike Athletics Stadium, Nara (JPN)",19 JUL 2020,985,women_400h,2020,https://worldathletics.org/athletes/athlete=14815091
85,1:01.26,,Maho SHIMIZU,16 MAR 1994,JPN,1,,"University Athletics Stadium, Fukushima (JPN)",03 OCT 2020,985,women_400h,2020,https://worldathletics.org/athletes/athlete=14896796
85,1:01.26,,Le Thi Hong HAN,23 AUG 2000,VIE,3,,Hanoi (VIE),14 NOV 2020,985,women_400h,2020,https://worldathletics.org/athletes/athlete=14788476
88,1:01.35,,Ayana MANABE,03 DEC 2001,JPN,6,,"Municipal Stadium, Hiroshima (JPN)",25 OCT 2020,982,women_400h,2020,https://worldathletics.org/athletes/athlete=14931808
89,1:01.40,,Nozomi BAN,04 JUL 2001,JPN,5h2,,"Municipal Stadium, Hiroshima (JPN)",25 OCT 2020,981,women_400h,2020,https://worldathletics.org/athletes/athlete=14855628
90,1:01.44,,Minami OSAKI,22 SEP 2003,JPN,2f2,,"Edion Stadium, Hiroshima (JPN)",25 OCT 2020,980,women_400h,2020,https://worldathletics.org/athletes/japan/minami-osaki-14950948
91,1:01.51,,Satsuki UMEHARA,22 MAY 1994,JPN,3h1,,"Prefectural Stadium, Kumagaya (JPN)",20 SEP 2020,978,women_400h,2020,https://worldathletics.org/athletes/athlete=14444482
92,1:01.57,,Moe OSHIDEN,19 AUG 1993,JPN,7h1,,"Denka Big Swan Stadium, Niigata (JPN)",02 OCT 2020,976,women_400h,2020,https://worldathletics.org/athletes/athlete=14521628
93,1:01.58,,Rina TAKAGI,02 OCT 1999,JPN,1,,"Prefectural Stadium, Marugame (JPN)",03 OCT 2020,976,women_400h,2020,https://worldathletics.org/athletes/athlete=14815080
94,1:01.61,,Koharu ISHIKAWA,18 APR 2001,JPN,2f1,,"Nihon University Athletics Stadium, Setagaya, Tokyo (JPN)",09 AUG 2020,975,women_400h,2020,https://worldathletics.org/athletes/athlete=14855713
94,1:01.61,,Lihong HU,08 AUG 1999,CHN,4h2,,"Shangyu Stadium, Shaoxing (CHN)",16 SEP 2020,975,women_400h,2020,https://worldathletics.org/athletes/athlete=14754413
94,1:01.61,,Miki MATSUMOTO,13 JAN 2003,JPN,3h1,,"Edion Stadium, Hiroshima (JPN)",25 OCT 2020,975,women_400h,2020,https://worldathletics.org/athletes/athlete=14896815
97,1:01.64,,Se-ra OH,30 AUG 1987,KOR,1,,Jeongseon (KOR),27 JUN 2020,974,women_400h,2020,https://worldathletics.org/athletes/athlete=14424653
98,1:01.67,,Namichi NAKANO,02 AUG 2001,JPN,4h1,,"Municipal Stadium, Hiroshima (JPN)",25 OCT 2020,973,women_400h,2020,https://worldathletics.org/athletes/athlete=14861106
99,1:01.72,,Kyounghwa KIM,21 AUG 1991,KOR,2,,Yecheon (KOR),27 JUL 2020,972,women_400h,2020,https://worldathletics.org/athletes/korea/kyounghwa-kim-14643971
100,1:01.76,,Neneka NISHIMURA,05 NOV 1999,JPN,2h2,,"Nagai Stadium No. 2, Osaka (JPN)",22 OCT 2020,971,women_400h,2020,https://worldathletics.org/athletes/athlete=14815090
101,1:01.77,,Mei-Hsiu LIN,12 MAY 2003,TPE,2,,Taipei City (TPE),20 SEP 2020,970,women_400h,2020,https://worldathletics.org/athletes/athlete=14845690
102,1:01.79,,Thi Ngoc NGUYEN,06 JAN 2002,VIE,1,,Tay Ninh (VIE),12 OCT 2020,970,women_400h,2020,https://worldathletics.org/athletes/athlete=14902553
103,1:01.80,,Machi KITAJIMA,14 APR 2002,JPN,3f2,,"Edion Stadium, Hiroshima (JPN)",25 OCT 2020,970,women_400h,2020,https://worldathletics.org/athletes/japan/machi-kitajima-14964432
104,1:01.81,,Narumi AZUMA,19 JUL 2002,JPN,1,,"Takegabata Athletic Park, Fukuyama (JPN)",30 AUG 2020,969,women_400h,2020,https://worldathletics.org/athletes/japan/narumi-azuma-14949227
105,1:01.82,,Kazhal ROSTAMI,24 JUL 2000,IRI,1,,Tehran (IRI),04 OCT 2020,969,women_400h,2020,https://worldathletics.org/athletes/athlete=14913324
106,1:01.83,,Maya ISHIZAWA,01 SEP 2001,JPN,6h2,,"Municipal Stadium, Hiroshima (JPN)",25 OCT 2020,969,women_400h,2020,https://worldathletics.org/athletes/athlete=14855704
107,1:01.84,,Vandana SHARMA,08 SEP 1998,IND,3,,"Tau Devi Lal Stadium, Panchkula (IND)",06 MAR 2020,968,women_400h,2020,https://worldathletics.org/athletes/athlete=14818378
108,1:01.87,,Ji-eun KIM,16 JUN 1992,KOR,3,,Yecheon (KOR),27 JUL 2020,968,women_400h,2020,https://worldathletics.org/athletes/athlete=14289713
109,1:01.90,,Tsugumi MATSUSHIMA,22 AUG 2000,JPN,1,,"Athletic Park, Ageo (JPN)",23 SEP 2020,967,women_400h,2020,https://worldathletics.org/athletes/japan/tsugumi-matsushima-14955320
110,1:01.93,,Kanaho HARA,13 APR 2002,JPN,3h3,,"Edion Stadium, Hiroshima (JPN)",25 OCT 2020,966,women_400h,2020,https://worldathletics.org/athletes/athlete=14904942
110,1:01.93,,Yui OTSU,22 FEB 2004,JPN,2f1,,"Nagai Stadium No. 2, Osaka (JPN)",01 NOV 2020,966,women_400h,2020,https://worldathletics.org/athletes/japan/yui-otsu-14949699
112,1:01.95,,Xiaoxue DING,04 JAN 1998,CHN,4,,Nanjing (CHN),30 MAY 2020,965,women_400h,2020,https://worldathletics.org/athletes/athlete=14750685
112,1:01.95,,Yeon-wo LEE,04 JUL 2002,KOR,1,,Jeongseon (KOR),18 JUL 2020,965,women_400h,2020,https://worldathletics.org/athletes/athlete=14850582
114,1:01.96,,Haruko ISHIZUKA,02 JUN 1997,JPN,5,,"Athletics Stadium, Toyama (JPN)",05 SEP 2020,965,women_400h,2020,https://worldathletics.org/athletes/athlete=14649124
115,1:01.97,,Mao FUJITA,07 FEB 2003,JPN,1,,"Municipal Stadium, Kanonji (JPN)",29 AUG 2020,965,women_400h,2020,https://worldathletics.org/athletes/athlete=14941930
115,1:01.97,,Zhuo CHEN,20 JUL 2001,CHN,4h3,,"Shangyu Stadium, Shaoxing (CHN)",16 SEP 2020,965,women_400h,2020,https://worldathletics.org/athletes/athlete=14857865
117,1:01.98,,Yuri NABETA,05 JAN 2003,JPN,1f1,,"Kusanagi Athletic Stadium, Shizuoka (JPN)",01 AUG 2020,964,women_400h,2020,https://worldathletics.org/athletes/japan/yuri-nabeta-14949966
118,1:02.05,,Thi Thu Ha NGUYEN,05 MAY 2002,VIE,4,,Hanoi (VIE),14 NOV 2020,962,women_400h,2020,https://worldathletics.org/athletes/athlete=14852378
119,1:02.06,,Ayaka TASHIRO,30 AUG 1998,JPN,2,,"Prefectural Stadium, Kumagaya (JPN)",04 OCT 2020,962,women_400h,2020,https://worldathletics.org/athletes/athlete=14853663
120,1:02.07,,Benny NONTANAM,15 MAY 2001,THA,1,,Bangkok (THA),11 DEC 2020,962,women_400h,2020,https://worldathletics.org/athletes/athlete=14847223
121,1:02.09,,Akiho TATENO,15 SEP 2003,JPN,1,,"Komazawa Olympic Park Athletic Stadium, Tokyo (JPN)",23 JUL 2020,961,women_400h,2020,https://worldathletics.org/athletes/athlete=14901134
122,1:02.12,,S. ARSHITHA,10 AUG 1999,IND,6,,Moodbidri (IND),03 JAN 2020,961,women_400h,2020,https://worldathletics.org/athletes/athlete=14734733
123,1:02.17,,Ao TAKAOKA,05 JUN 2003,JPN,2,,"Hakatanomori Athletic Stadium, Fukuoka (JPN)",20 SEP 2020,959,women_400h,2020,https://worldathletics.org/athletes/athlete=14921709
124,1:02.19,,Ayana KANDA,29 SEP 2003,JPN,4f2,,"Edion Stadium, Hiroshima (JPN)",25 OCT 2020,959,women_400h,2020,https://worldathletics.org/athletes/japan/ayana-kanda-14956375
125,1:02.24,,Nidhi SINGH,31 JAN 1999,IND,3sf1,,Moodbidri (IND),02 JAN 2020,957,women_400h,2020,https://worldathletics.org/athletes/athlete=14875814
126,1:02.26,,Rina GOTO,02 OCT 2003,JPN,4h5,,"Edion Stadium, Hiroshima (JPN)",25 OCT 2020,957,women_400h,2020,https://worldathletics.org/athletes/japan/rina-goto-14950723
127,1:02.30,,Minami SUSA,04 JUL 1999,JPN,3f1,,"Toneri Park Athletic Field, Tokyo (JPN)",01 NOV 2020,955,women_400h,2020,https://worldathletics.org/athletes/athlete=14902699
128,1:02.31,,Ichika WASHIZU,30 MAR 2004,JPN,2,,"Takegabata Athletic Park, Fukuyama (JPN)",30 AUG 2020,955,women_400h,2020,https://worldathletics.org/athletes/japan/ichika-washizu-14949228
129,1:02.34,,Aika HIRAHARA,14 JUL 1998,JPN,2f1,,"Nihon University Athletics Stadium, Setagaya, Tokyo (JPN)",15 AUG 2020,954,women_400h,2020,https://worldathletics.org/athletes/athlete=14853600
130,1:02.35,,Nanae MORIYAMA,09 APR 2001,JPN,1h1,,"NITTAIDAI Athletic Stadium, Yokohama (JPN)",01 NOV 2020,954,women_400h,2020,https://worldathletics.org/athletes/athlete=14855515
131,1:02.36,,Honoka YUKIMURA,05 OCT 1999,JPN,2,,"NITTAIDAI Athletic Stadium, Yokohama (JPN)",01 NOV 2020,954,women_400h,2020,https://worldathletics.org/athletes/athlete=14901132
132,1:02.38,,Manami NAKAMURA,06 JUN 2002,JPN,1,,"Prefectural Sports Park, Miyazaki (JPN)",23 AUG 2020,953,women_400h,2020,https://worldathletics.org/athletes/athlete=14921635
133,1:02.41,,Wei LIU,01 JUN 2001,CHN,1,,Chongqing (CHN),22 JUN 2020,952,women_400h,2020,https://worldathletics.org/athletes/athlete=14942225
133,1:02.41,,Yuika FUKUSHIMA,09 DEC 2003,JPN,2,,"Athletic Field, Kitakami (JPN)",03 OCT 2020,952,women_400h,2020,https://worldathletics.org/athletes/athlete=14860683
135,1:02.42,,Young-hee JUNG,02 JAN 1990,KOR,4,,Yecheon (KOR),27 JUL 2020,952,women_400h,2020,https://worldathletics.org/athletes/athlete=14289649
135,1:02.42,,Yuna SUGAWARA,15 JUL 2001,JPN,2f1,,"NITTAIDAI Athletic Stadium, Yokohama (JPN)",04 OCT 2020,952,women_400h,2020,https://worldathletics.org/athletes/athlete=14861112
137,1:02.43,,Miu SAWA,15 JUN 2002,JPN,3h4,,"Edion Stadium, Hiroshima (JPN)",25 OCT 2020,952,women_400h,2020,https://worldathletics.org/athletes/japan/miu-sawa-14954465
138,1:02.46,,Asuka HATTORI,16 NOV 2003,JPN,1,,"Municipal Mizuho Stadium, Nagoya (JPN)",24 JUL 2020,951,women_400h,2020,https://worldathletics.org/athletes/japan/asuka-hattori-14954466
139,1:02.49,,Yae TOKUNAGA,16 SEP 2000,JPN,2h1,,"Nagai Stadium No. 2, Osaka (JPN)",22 OCT 2020,950,women_400h,2020,https://worldathletics.org/athletes/athlete=14849059
140,1:02.50,,Yuki SHOJI,01 JUN 2002,JPN,1,,"Prefectural Stadium, Kofu (JPN)",03 NOV 2020,950,women_400h,2020,https://worldathletics.org/athletes/japan/yuki-shoji-14949487
141,1:02.53,,Risa TAMURA,17 MAY 2002,JPN,2f2,,"Yamashiro Park Stadium, Uji (JPN)",09 AUG 2020,949,women_400h,2020,https://worldathletics.org/athletes/athlete=14916869
142,1:02.55,,Mizuki TAKIZAWA,24 MAY 1999,JPN,3,,"Prefectural Stadium, Kumagaya (JPN)",04 OCT 2020,948,women_400h,2020,https://worldathletics.org/athletes/athlete=14853668
143,1:02.59,,Kyoka TOKUHARA,01 NOV 1999,JPN,6f1,,"Nagai Stadium No. 2, Osaka (JPN)",04 SEP 2020,947,women_400h,2020,https://worldathletics.org/athletes/athlete=14767092
144,1:02.60,,Yun-seo CHOI,11 MAY 2003,KOR,1,,Yecheon (KOR),10 JUL 2020,947,women_400h,2020,https://worldathletics.org/athletes/athlete=14910685
145,1:02.63,,Momoka MATSUMOTO,03 AUG 2003,JPN,6,,"Yanmar Stadium Nagai, Osaka (JPN)",24 JUL 2020,946,women_400h,2020,https://worldathletics.org/athletes/japan/momoka-matsumoto-14949723
146,1:02.64,,Miyu OZAKI,07 JAN 2002,JPN,3h3,,"Nagai Stadium No. 2, Osaka (JPN)",22 OCT 2020,946,women_400h,2020,https://worldathletics.org/athletes/athlete=14861115
147,1:02.65,,Haruka KOZAKI,08 DEC 1999,JPN,2h2,,"NITTAIDAI Athletic Stadium, Yokohama (JPN)",01 NOV 2020,946,women_400h,2020,https://worldathletics.org/athletes/athlete=14853659
148,1:02.68,,Hikari TERAMOTO,13 MAY 1999,JPN,1,,"Prefectural Stadium, Aomori (JPN)",21 SEP 2020,945,women_400h,2020,https://worldathletics.org/athletes/athlete=14853606
148,1:02.68,,Yoshino FURUKAWA,05 MAY 2000,JPN,1f2,,"Municipal Heiwadai Stadium, Fukuoka (JPN)",10 OCT 2020,945,women_400h,2020,https://worldathletics.org/athletes/athlete=14855717
150,1:02.74,,Yuna SHIMIZU,23 AUG 2002,JPN,1f2,,"Ishikawa Athletics Stadium, Kanazawa (JPN)",24 JUL 2020,943,women_400h,2020,https://worldathletics.org/athletes/japan/yuna-shimizu-14960474
150,1:02.74,,Yuka NAKAMURA,28 DEC 2002,JPN,5h5,,"Edion Stadium, Hiroshima (JPN)",25 OCT 2020,943,women_400h,2020,https://worldathletics.org/athletes/japan/yuka-nakamura-14949701
152,1:02.77,,Shahla MAHMOUDI,21 MAR 1991,IRI,2,,Tehran (IRI),04 OCT 2020,942,women_400h,2020,https://worldathletics.org/athletes/athlete=14584684
153,1:02.78,,Vishnu Priya JAYAPRAKASAN,13 MAR 2001,IND,3sf2,,Moodbidri (IND),02 JAN 2020,942,women_400h,2020,https://worldathletics.org/athletes/athlete=14841060
154,1:02.81,,Mandy GOH LI,15 DEC 2000,MAS,1,,Kuala Lumpur (MAS),01 MAR 2020,941,women_400h,2020,https://worldathletics.org/athletes/athlete=14859377
154,1:02.81,,Ayano YASUDA,18 OCT 2002,JPN,1,,"Nagai Stadium No. 2, Osaka (JPN)",22 AUG 2020,941,women_400h,2020,https://worldathletics.org/athletes/athlete=14898360
156,1:02.82,,Aoi HIGASHIYA,13 APR 2002,JPN,3,,"Takegabata Athletic Park, Fukuyama (JPN)",30 AUG 2020,941,women_400h,2020,https://worldathletics.org/athletes/japan/aoi-higashiya-14949226
156,1:02.82,,Moe NAKATSUKA,10 MAY 2000,JPN,3h1,,"Nagai Stadium No. 2, Osaka (JPN)",22 OCT 2020,941,women_400h,2020,https://worldathletics.org/athletes/athlete=14855712
158,1:02.83,,Minami WATANABE,02 SEP 2004,JPN,1,,"Prefectural Stadium, Isahaya (JPN)",19 JUL 2020,941,women_400h,2020,https://worldathletics.org/athletes/japan/minami-watanabe-14964444
159,1:02.84,,Kohana MATSUMOTO,25 AUG 2002,JPN,2,,"Hakatanomori Athletic Stadium, Fukuoka (JPN)",26 JUL 2020,940,women_400h,2020,https://worldathletics.org/athletes/japan/kohana-matsumoto-14950950
159,1:02.84,,Koto OKUYAMA,01 FEB 2001,JPN,4,,"University Athletics Stadium, Fukushima (JPN)",03 OCT 2020,940,women_400h,2020,https://worldathletics.org/athletes/athlete=14855486
161,1:02.86,,Chiharu TOBA,20 NOV 2003,JPN,5f1,,"Universiade Commemorative Stadium, Kobe (JPN)",11 OCT 2020,940,women_400h,2020,https://worldathletics.org/athletes/japan/chiharu-toba-14958858
162,1:02.87,,Gaeun LEE,01 JUL 2002,KOR,2,,Yecheon (KOR),10 JUL 2020,939,women_400h,2020,https://worldathletics.org/athletes/athlete=14910684
162,1:02.87,,Riria ONO,04 JUN 2001,JPN,2,,Kofu (JPN),18 JUL 2020,939,women_400h,2020,https://worldathletics.org/athletes/athlete=14897052
164,1:02.88,,Tae-yeon KIM,28 NOV 2003,KOR,2,,Boeun (KOR),10 AUG 2020,939,women_400h,2020,https://worldathletics.org/athletes/athlete=14849657
165,1:02.90,,Saranya DEVI,18 DEC 1997,IND,4sf2,,Moodbidri (IND),02 JAN 2020,939,women_400h,2020,https://worldathletics.org/athletes/athlete=14759421
165,1:02.90,,Ai OKANO,22 SEP 2003,JPN,3,,"Nagai Stadium No. 2, Osaka (JPN)",22 AUG 2020,939,women_400h,2020,https://worldathletics.org/athletes/japan/ai-okano-14949724
165,1:02.90,,Saki NAKAMURA,13 JAN 2004,JPN,1,,"Ehime Athletics Stadium, Matsuyama (JPN)",07 NOV 2020,939,women_400h,2020,https://worldathletics.org/athletes/japan/saki-nakamura-14945916
165,1:02.90,,G.A.S. DULANI,14 FEB 1993,SRI,1,,Colombo (SRI),28 DEC 2020,939,women_400h,2020,https://worldathletics.org/athletes/athlete=14759773
169,1:02.92,,Rina TAWA,07 FEB 2002,JPN,4h1,,"Nagai Stadium No. 2, Osaka (JPN)",22 OCT 2020,938,women_400h,2020,https://worldathletics.org/athletes/athlete=14861097
170,1:02.94,,Hisano NAGAYAMA,10 NOV 2003,JPN,3,,"Hakatanomori Athletic Stadium, Fukuoka (JPN)",20 SEP 2020,937,women_400h,2020,https://worldathletics.org/athletes/japan/hisano-nagayama-14950946
170,1:02.94,,Yin-Ning LAI,24 FEB 2006,TPE,1,,Taoyuan (TPE),28 SEP 2020,937,women_400h,2020,https://worldathletics.org/athletes/chinese-taipei/yin-ning-lai-14954210
172,1:02.96,,Lin CHEN,12 AUG 2004,CHN,2,,"Sichuan Xipu Training Base, Chengdu (CHN)",25 JUL 2020,937,women_400h,2020,https://worldathletics.org/athletes/pr-of-china/lin-chen-14952240
172,1:02.96,,Yuki FUJIMOTO,13 JUN 2000,JPN,1h1,,"Prefectural Stadium, Okayama (JPN)",25 OCT 2020,937,women_400h,2020,https://worldathletics.org/athletes/athlete=14855482
174,1:02.97,,. BHATERI,13 NOV 1998,IND,4,,"Tau Devi Lal Stadium, Panchkula (IND)",06 MAR 2020,937,women_400h,2020,https://worldathletics.org/athletes/athlete=14734757
175,1:02.98,,Chihiro HIROI,14 NOV 2003,JPN,3,,"Athletic Field, Kitakami (JPN)",03 OCT 2020,936,women_400h,2020,https://worldathletics.org/athletes/athlete=14915194
176,1:03.02,,C. VISHRUTHA,20 MAR 2002,IND,3sf3,,Moodbidri (IND),02 JAN 2020,935,women_400h,2020,https://worldathletics.org/athletes/athlete=14873505
177,1:03.04,,Yirui DING,30 OCT 2002,CHN,1,,Hangzhou (CHN),30 MAY 2020,935,women_400h,2020,https://worldathletics.org/athletes/athlete=14857824
178,1:03.06,,Miyu TAKAGAKI,25 JUN 2003,JPN,1,,"Yamashiro Park Stadium, Uji (JPN)",20 AUG 2020,934,women_400h,2020,https://worldathletics.org/athletes/japan/miyu-takagaki-14954562
179,1:03.16,,Reina JO,03 APR 2003,JPN,1f1,,"Prefectural Stadium, Okayama (JPN)",30 AUG 2020,931,women_400h,2020,https://worldathletics.org/athletes/japan/reina-jo-14956005
180,1:03.18,,Mayumi ITO,03 MAY 1996,JPN,1f2,,"Naruto Sports Park, Tokushima (JPN)",31 OCT 2020,931,women_400h,2020,https://worldathletics.org/athletes/japan/mayumi-ito-14954400
181,1:03.19,,Misa HONDA,27 JUN 2000,JPN,4h5,,"Denka Big Swan Stadium, Niigata (JPN)",12 SEP 2020,930,women_400h,2020,https://worldathletics.org/athletes/athlete=14855368
182,1:03.20,,Rin HAYANO,26 JAN 2003,JPN,3,,"Prefectural Tendai Stadium, Chiba (JPN)",23 AUG 2020,930,women_400h,2020,https://worldathletics.org/athletes/athlete=14895844
182,1:03.20,,Chihiro HAYASHI,04 JAN 2002,JPN,6,,"University Athletics Stadium, Fukushima (JPN)",03 OCT 2020,930,women_400h,2020,https://worldathletics.org/athletes/athlete=14855684
184,1:03.22,,D.G.N.D. WICKRAMESINGHE,06 SEP 1987,SRI,2,,Colombo (SRI),28 DEC 2020,930,women_400h,2020,https://worldathletics.org/athletes/athlete=14483764
185,1:03.25,,Supaporn SOMSRI,1996,THA,1,,Bangkok (THA),15 JAN 2020,929,women_400h,2020,https://worldathletics.org/athletes/athlete=14675955
185,1:03.25,,Koto TAKEDA,02 JUL 2002,JPN,5h4,,"Edion Stadium, Hiroshima (JPN)",25 OCT 2020,929,women_400h,2020,https://worldathletics.org/athletes/japan/koto-takeda-14964436
187,1:03.26,,Chisa NISHIKAWA,31 MAY 2001,JPN,2h1,,"NITTAIDAI Athletic Stadium, Yokohama (JPN)",01 NOV 2020,929,women_400h,2020,https://worldathletics.org/athletes/athlete=14855641
188,1:03.28,,Konatsu UWAZUMI,18 AUG 2003,JPN,2f1,,"Hyogo Prefectural Akashi Park Athletics Stadium, Akashi (JPN)",11 OCT 2020,928,women_400h,2020,https://worldathletics.org/athletes/japan/konatsu-uwazumi-14958829
189,1:03.30,,Mao TANAKA,28 OCT 2002,JPN,1,,"Shikishima Park Prefectural Athletic Field, Maebashi (JPN)",02 AUG 2020,927,women_400h,2020,https://worldathletics.org/athletes/japan/mao-tanaka-14953678
189,1:03.30,,Yukina NOGUCHI,12 JAN 2000,JPN,2f2,,"Nihon University Athletics Stadium, Setagaya, Tokyo (JPN)",15 AUG 2020,927,women_400h,2020,https://worldathletics.org/athletes/athlete=14853658
191,1:03.31,,Akari TANOGASHIRA,19 AUG 2003,JPN,1,,"Prefectural Stadium, Kagoshima (JPN)",03 JUL 2020,927,women_400h,2020,https://worldathletics.org/athletes/athlete=14860677
191,1:03.31,,Amika WATANABE,16 JAN 2003,JPN,2f1,,"Prefectural Stadium, Okayama (JPN)",30 AUG 2020,927,women_400h,2020,https://worldathletics.org/athletes/japan/amika-watanabe-14961055
193,1:03.34,,Mohaddeseh EBRAHIMPOOR,16 FEB 2002,IRI,2,,Tehran (IRI),20 SEP 2020,926,women_400h,2020,https://worldathletics.org/athletes/athlete=14878455
194,1:03.39,,Rina HASSAN,12 SEP 2003,JPN,1h3,,"Universiade Commemorative Stadium, Kobe (JPN)",30 AUG 2020,925,women_400h,2020,https://worldathletics.org/athletes/japan/rina-hassan-14957211
195,1:03.41,,Kanon FUJISAWA,29 OCT 2002,JPN,1,,"Municipal Stadium, Oita (JPN)",29 AUG 2020,924,women_400h,2020,https://worldathletics.org/athletes/japan/kanon-fujisawa-14957694
195,1:03.41,,Ji-hyeon NHO,08 JUN 2000,KOR,1,,Yecheon (KOR),20 OCT 2020,924,women_400h,2020,https://worldathletics.org/athletes/athlete=14852503
197,1:03.43,,Yuanyuan WANG,17 MAR 2001,CHN,3,,"Sichuan Xipu Training Base, Chengdu (CHN)",25 JUL 2020,924,women_400h,2020,https://worldathletics.org/athletes/athlete=14844216
198,1:03.45,,Juri OSAWA,01 MAY 2003,JPN,1f1,,"Hattori Ryokuchi Athletics Stadium, Toyonaka (JPN)",27 SEP 2020,923,women_400h,2020,https://worldathletics.org/athletes/japan/juri-osawa-14955412
199,1:03.46,,Nami ASAI,20 NOV 2003,JPN,2,,"Prefectural Stadium, Ise (JPN)",25 JUL 2020,923,women_400h,2020,https://worldathletics.org/athletes/japan/nami-asai-14951299
200,1:03.48,,Mizuki KAWAKAMI,28 SEP 2002,JPN,6h2,,"Edion Stadium, Hiroshima (JPN)",25 OCT 2020,922,women_400h,2020,https://worldathletics.org/athletes/japan/mizuki-kawakami-14964433
201,1:03.50,,Yifan ZOU,11 DEC 2000,CHN,2,,Fuzhou (CHN),24 MAY 2020,922,women_400h,2020,https://worldathletics.org/athletes/athlete=14839833
201,1:03.50,,Mana KAMIARAISO,03 DEC 2001,JPN,2,,"Prefectural Stadium, Kagoshima (JPN)",03 JUL 2020,922,women_400h,2020,https://worldathletics.org/athletes/japan/mana-kamiaraiso-14950209
203,1:03.51,,Cha-soon SIM,27 JAN 1996,KOR,3,,Jeongseon (KOR),27 JUN 2020,922,women_400h,2020,https://worldathletics.org/athletes/athlete=14604583
203,1:03.51,,Misaki KOTOKU,22 APR 2002,JPN,1,,"Showa Denko Stadium, Oita (JPN)",24 JUL 2020,922,women_400h,2020,https://worldathletics.org/athletes/athlete=14904083
205,1:03.53,,Suzuki AYAE,,JPN,5,,"Athletic Field, Kitakami (JPN)",19 OCT 2020,921,women_400h,2020,https://worldathletics.org/athletes/japan/suzuki-ayae-14964846
206,1:03.57,,K. M. NIBHA,14 DEC 1999,IND,4,,Guwahati (IND),13 JAN 2020,920,women_400h,2020,https://worldathletics.org/athletes/athlete=14822222
207,1:03.59,,Yuna KANAMORI,09 OCT 2000,JPN,2,,Matsumoto (JPN),29 AUG 2020,919,women_400h,2020,https://worldathletics.org/athletes/athlete=14855708
208,1:03.60,,Nur Nasyatul NADIA NASRI,2000,MAS,1,,Ipoh (MAS),23 FEB 2020,919,women_400h,2020,https://worldathletics.org/athletes/athlete=14859378
208,1:03.60,,Jais RANI SEBASTIAN,1995,IND,5,,"Tau Devi Lal Stadium, Panchkula (IND)",06 MAR 2020,919,women_400h,2020,https://worldathletics.org/athletes/athlete=14549118
210,1:03.61,,Xinghua HOU,08 NOV 1996,CHN,1,,Chongqing (CHN),15 MAY 2020,919,women_400h,2020,https://worldathletics.org/athletes/athlete=14744956
210,1:03.61,,Nanaki AIZAWA,21 NOV 2001,JPN,6,,"Athletic Field, Kitakami (JPN)",19 OCT 2020,919,women_400h,2020,https://worldathletics.org/athletes/japan/nanaki-aizawa-14952168
212,1:03.63,,Ya-Ting LI,19 FEB 1999,TPE,5,,Kaohsiung (TPE),04 NOV 2020,918,women_400h,2020,https://worldathletics.org/athletes/athlete=14670024
213,1:03.64,,Maika MARUOKA,26 NOV 1999,JPN,7,,"Athletic Field, Kitakami (JPN)",19 OCT 2020,918,women_400h,2020,https://worldathletics.org/athletes/japan/maika-maruoka-14951222
214,1:03.67,,Momo TOYAMA,06 SEP 2001,JPN,4h3,,"Nagai Stadium No. 2, Osaka (JPN)",22 OCT 2020,917,women_400h,2020,https://worldathletics.org/athletes/athlete=14861107
215,1:03.69,,Erika WATANABE,17 AUG 2002,JPN,5f2,,"Hakatanomori Athletic Stadium, Fukuoka (JPN)",23 AUG 2020,917,women_400h,2020,https://worldathletics.org/athletes/japan/erika-watanabe-14950947
216,1:03.70,,Rion FUKUYAMA,31 MAY 2001,JPN,4f1,,"Toneri Park Athletic Field, Tokyo (JPN)",01 NOV 2020,916,women_400h,2020,https://worldathletics.org/athletes/athlete=14855706
217,1:03.72,,Nana TSUKADA,13 MAY 2002,JPN,1,,"Athletic Stadium, Saku (JPN)",05 SEP 2020,916,women_400h,2020,https://worldathletics.org/athletes/japan/nana-tsukada-14958720
218,1:03.73,,Arisa WERUWANARAK,26 JUN 2003,THA,1,,Bangkok (THA),11 DEC 2020,915,women_400h,2020,https://worldathletics.org/athletes/athlete=14840465
219,1:03.78,,Chihiro NAKAMURA,27 DEC 1999,JPN,3h2,,"Prefectural Stadium, Kumagaya (JPN)",04 OCT 2020,914,women_400h,2020,https://worldathletics.org/athletes/athlete=14901645
220,1:03.81,,Minori SIOZAKI,30 JUL 2002,JPN,3f1,,"Kusanagi Athletic Stadium, Shizuoka (JPN)",01 AUG 2020,913,women_400h,2020,https://worldathletics.org/athletes/japan/minori-siozaki-14949998
221,1:03.82,,Natsumi HIGUCHI,17 AUG 2000,JPN,6h1,,"Denka Big Swan Stadium, Niigata (JPN)",12 SEP 2020,913,women_400h,2020,https://worldathletics.org/athletes/athlete=14855701
222,1:03.85,,Moena TAMURA,30 APR 2002,JPN,1,,"Haruno Sports Park, Kochi (JPN)",19 JUL 2020,912,women_400h,2020,https://worldathletics.org/athletes/athlete=14900131
222,1:03.85,,Arisa OTANI,16 OCT 2003,JPN,2,,"University Athletics Stadium, Fukushima (JPN)",15 AUG 2020,912,women_400h,2020,https://worldathletics.org/athletes/japan/arisa-otani-14956893
222,1:03.85,,Aira OKAWARA,22 NOV 2002,JPN,1,,"Prefectural Shizuoka Stadium, Fukuroi (JPN)",13 SEP 2020,912,women_400h,2020,https://worldathletics.org/athletes/japan/aira-okawara-14954840
225,1:03.87,,Yuzuki KIKUCHI,08 JUN 2002,JPN,1f1,,"Athletic Park, Ageo (JPN)",11 AUG 2020,912,women_400h,2020,https://worldathletics.org/athletes/japan/yuzuki-kikuchi-14955877
226,1:03.88,,Saki OKUBO,20 APR 1997,JPN,3,,"Prefectural Stadium, Okayama (JPN)",12 JUL 2020,911,women_400h,2020,https://worldathletics.org/athletes/japan/saki-okubo-14961114
227,1:03.89,,Suzu WAKAMATU,30 JUN 1998,JPN,1,,"Ishikawa Athletics Stadium, Kanazawa (JPN)",02 AUG 2020,911,women_400h,2020,https://worldathletics.org/athletes/athlete=14858498
228,1:03.90,,Nanaka NODA,24 MAY 2003,JPN,1f1,,"Kusanagi Athletic Stadium, Shizuoka (JPN)",27 SEP 2020,911,women_400h,2020,https://worldathletics.org/athletes/japan/nanaka-noda-14949996
229,1:03.95,,I-Ju TUNG,09 JAN 2005,TPE,3,,Taitung (TPE),09 NOV 2020,909,women_400h,2020,https://worldathletics.org/athletes/chinese-taipei/i-ju-tung-14954176
230,1:03.96,,Chao-chen CHUNG,17 DEC 2004,TPE,2,,Taoyuan (TPE),28 SEP 2020,909,women_400h,2020,https://worldathletics.org/athletes/chinese-taipei/chao-chen-chung-14954230
231,1:03.99,,Arya SHAJI,1998,IND,2h3,,Moodbidri (IND),02 JAN 2020,908,women_400h,2020,https://worldathletics.org/athletes/athlete=14859338
232,1:04.00,,Momoka TAKASAKI,10 MAR 2004,JPN,2f2,,"Municipal Mizuho Stadium, Nagoya (JPN)",12 SEP 2020,908,women_400h,2020,https://worldathletics.org/athletes/japan/momoka-takasaki-14956378
1,54.89,,Jiadie MO,06 JAN 2000,CHN,1,,Xi'an (CHN),23 SEP 2021,1176,women_400h,2021,https://worldathletics.org/athletes/athlete=14744957
2,55.71,,Thi Lan QUACH,18 OCT 1995,VIE,4h3,,"National Stadium, Tokyo (JPN)",31 JUL 2021,1151,women_400h,2021,https://worldathletics.org/athletes/athlete=14483951
3,55.90,,Aminat JAMAL,27 JUN 1997,BRN,7h1,,"National Stadium, Tokyo (JPN)",31 JUL 2021,1145,women_400h,2021,https://worldathletics.org/athletes/athlete=14701082
4,56.50,,Eri UTSUNOMIYA,11 APR 1993,JPN,1,,"National Stadium, Tokyo (JPN)",09 MAY 2021,1126,women_400h,2021,https://worldathletics.org/athletes/athlete=14664132
5,56.57,,Changwei LU,08 NOV 2001,CHN,2,,Xi'an (CHN),23 SEP 2021,1124,women_400h,2021,https://worldathletics.org/athletes/athlete=14811638
6,57.04,,Ami YAMAMOTO,19 APR 2002,JPN,1h1,,"Yanmar Stadium Nagai, Osaka (JPN)",26 JUN 2021,1110,women_400h,2021,https://worldathletics.org/athletes/athlete=14861142
7,57.26,,Hongyan WANG,14 NOV 1998,CHN,3,,Xi'an (CHN),23 SEP 2021,1103,women_400h,2021,https://worldathletics.org/athletes/athlete=14750687
8,57.28,,Yifan ZOU,11 DEC 2000,CHN,4,,Xi'an (CHN),23 SEP 2021,1102,women_400h,2021,https://worldathletics.org/athletes/athlete=14839833
9,57.33,,Moeka SEKIMOTO,23 FEB 2000,JPN,1f2,,"Prefectural Shizuoka Stadium, Fukuroi (JPN)",03 MAY 2021,1101,women_400h,2021,https://worldathletics.org/athletes/athlete=14728063
10,57.50,,Yirui DING,30 OCT 2002,CHN,1h1,,Xi'an (CHN),22 SEP 2021,1096,women_400h,2021,https://worldathletics.org/athletes/athlete=14857824
11,57.65,,Robyn BROWN,27 JUL 1994,PHI,1,,"Chula Vista, CA (USA)",13 JUN 2021,1091,women_400h,2021,https://worldathletics.org/athletes/athlete=14893469
12,57.68,,Ying OU,03 DEC 2001,CHN,5,,Xi'an (CHN),23 SEP 2021,1090,women_400h,2021,https://worldathletics.org/athletes/athlete=14795241
13,57.72,,Karen YOKOTA,17 MAR 1999,JPN,1,,"Universiade Commemorative Stadium, Kobe (JPN)",11 JUL 2021,1089,women_400h,2021,https://worldathletics.org/athletes/athlete=14856898
14,57.74,,Akiko ITO,26 MAY 1995,JPN,2h1,,"Yanmar Stadium Nagai, Osaka (JPN)",26 JUN 2021,1089,women_400h,2021,https://worldathletics.org/athletes/athlete=14562727
14,57.74,,Satsuki UMEHARA,22 MAY 1994,JPN,1,,"Yanmar Stadium Nagai, Osaka (JPN)",26 SEP 2021,1089,women_400h,2021,https://worldathletics.org/athletes/athlete=14444482
16,57.89,,Yan HUANG,12 JAN 1996,CHN,7,,Xi'an (CHN),23 SEP 2021,1084,women_400h,2021,https://worldathletics.org/athletes/athlete=14668298
17,57.98,,Asuruhan Marino TANERU,28 JUL 2003,JPN,1,,"Prefectural Stadium, Fukui (JPN)",30 JUL 2021,1081,women_400h,2021,https://worldathletics.org/athletes/athlete=14852852
18,58.01,,Ayesha IBRAHIM,16 JAN 1998,JPN,2f3,,"Yanmar Stadium Nagai, Osaka (JPN)",01 JUN 2021,1080,women_400h,2021,https://worldathletics.org/athletes/athlete=14898323
18,58.01,,Sena KAWACHI,13 APR 2003,JPN,1,,"Yanmar Stadium Nagai, Osaka (JPN)",18 JUL 2021,1080,women_400h,2021,https://worldathletics.org/athletes/athlete=14897192
20,58.17,,Aiki TSUHA,15 FEB 2000,JPN,3h1,,"Yanmar Stadium Nagai, Osaka (JPN)",26 JUN 2021,1076,women_400h,2021,https://worldathletics.org/athletes/athlete=14858499
21,58.20,,Yuka KAWAMURA,28 DEC 2001,JPN,1f3,,"Ishin Me-Life Stadium, Yamaguchi (JPN)",17 OCT 2021,1075,women_400h,2021,https://worldathletics.org/athletes/athlete=14855694
22,58.42,,Xue TAO,26 OCT 1999,CHN,3,,"Shangyu Stadium, Shaoxing (CHN)",13 JUN 2021,1068,women_400h,2021,https://worldathletics.org/athletes/athlete=14750688
23,58.43,,Mizuna ONO,09 DEC 2002,JPN,4,,"National Stadium, Tokyo (JPN)",09 MAY 2021,1068,women_400h,2021,https://worldathletics.org/athletes/athlete=14855450
24,58.47,,Vithya RAMRAJ,20 SEP 1998,IND,1,,"Stadium Hanamkonda, Warangal (IND)",18 SEP 2021,1067,women_400h,2021,https://worldathletics.org/athletes/athlete=14776046
25,58.62,,Suzuka KAWABATA,13 JUL 1993,JPN,1,,"Shinshu SkyPark Athletic Field, Matsumoto (JPN)",21 AUG 2021,1062,women_400h,2021,https://worldathletics.org/athletes/athlete=14591170
25,58.62,,Kasumi YOSHIDA,10 MAR 1999,JPN,1,,"Shinshu SkyPark Athletic Field, Matsumoto (JPN)",21 AUG 2021,1062,women_400h,2021,https://worldathletics.org/athletes/athlete=14719715
27,58.64,,Rui TSUGAWA,24 NOV 2001,JPN,1,,"Mikio Oda Memorial Athletic Field, Tokorozawa (JPN)",27 MAR 2021,1062,women_400h,2021,https://worldathletics.org/athletes/athlete=14825125
27,58.64,,Moe OSHIDEN,19 AUG 1993,JPN,2,,"Yanmar Stadium Nagai, Osaka (JPN)",18 JUL 2021,1062,women_400h,2021,https://worldathletics.org/athletes/athlete=14521628
29,58.69,,Mei KUDO,18 NOV 2002,JPN,3,,"Lemon Gas Stadium, Hiratsuka (JPN)",17 JUL 2021,1060,women_400h,2021,https://worldathletics.org/athletes/athlete=14861100
30,58.75,,Honoka AOKI,24 SEP 2001,JPN,3h2,,"Yanmar Stadium Nagai, Osaka (JPN)",26 JUN 2021,1058,women_400h,2021,https://worldathletics.org/athletes/athlete=14855506
31,58.79,,Natsumi MURAKAMI,01 JUL 1999,JPN,3f2,,"Yanmar Stadium Nagai, Osaka (JPN)",01 JUN 2021,1057,women_400h,2021,https://worldathletics.org/athletes/athlete=14766631
32,58.83,,Yunzhe JIANGLI,10 FEB 2002,CHN,2,,Wuhan (CHN),20 MAY 2021,1056,women_400h,2021,https://worldathletics.org/athletes/athlete=14857827
32,58.83,,Kazuki HIGA,01 NOV 1998,JPN,1f2,,"Denka Big Swan Stadium, Niigata (JPN)",06 JUN 2021,1056,women_400h,2021,https://worldathletics.org/athletes/athlete=14719708
34,58.93,,Nano NAKANO,10 JUN 2001,JPN,3,,"Universiade Commemorative Stadium, Kobe (JPN)",11 JUL 2021,1053,women_400h,2021,https://worldathletics.org/athletes/athlete=14855487
35,58.96,,Yurie KUKI,17 JAN 1993,JPN,4h1,,"Yanmar Stadium Nagai, Osaka (JPN)",26 JUN 2021,1052,women_400h,2021,https://worldathletics.org/athletes/athlete=14433356
36,58.99,,Mayu SAITO,08 JUN 1995,JPN,2f2,,"Denka Big Swan Stadium, Niigata (JPN)",06 JUN 2021,1051,women_400h,2021,https://worldathletics.org/athletes/athlete=14766692
36,58.99,,Neneka NISHIMURA,05 NOV 1999,JPN,3,,"Konoike Athletics Stadium, Nara (JPN)",29 AUG 2021,1051,women_400h,2021,https://worldathletics.org/athletes/athlete=14815090
38,59.01,,Lin ZHOU,19 DEC 1998,CHN,4h2,,Xi'an (CHN),22 SEP 2021,1051,women_400h,2021,https://worldathletics.org/athletes/athlete=14702500
39,59.09,,Kano NAITO,07 JUN 2004,JPN,1sf1,,"Prefectural Stadium, Fukui (JPN)",30 JUL 2021,1048,women_400h,2021,https://worldathletics.org/athletes/japan/kano-naito-14957207
40,59.20,,Liying CHEN,21 AUG 1994,CHN,2h4,,Chongqing (CHN),26 JUN 2021,1045,women_400h,2021,https://worldathletics.org/athletes/athlete=14714474
41,59.22,,Sumika OKAWA,12 NOV 2003,JPN,3,,"Yanmar Stadium Nagai, Osaka (JPN)",27 JUN 2021,1044,women_400h,2021,https://worldathletics.org/athletes/athlete=14896770
42,59.24,,Yingying KONG,22 MAR 2003,CHN,6h1,,Xi'an (CHN),22 SEP 2021,1044,women_400h,2021,https://worldathletics.org/athletes/athlete=14884045
43,59.25,,Xueting WU,20 AUG 1995,CHN,3,,Zhaoqing (CHN),25 APR 2021,1043,women_400h,2021,https://worldathletics.org/athletes/athlete=14585341
44,59.29,,Adelina AKHMETOVA,25 DEC 1998,KAZ,1,,"Central Stadium, Almaty (KAZ)",08 JUN 2021,1042,women_400h,2021,https://worldathletics.org/athletes/athlete=14714397
45,59.32,,Qi YANG,10 OCT 2000,CHN,3,,Chengdu (CHN),16 MAY 2021,1041,women_400h,2021,https://worldathletics.org/athletes/athlete=14839838
45,59.32,,Akari FURUYASHIKI,01 APR 2000,JPN,1,,"Kyushu Kyoritsu University Stadium, Kitakyushu (JPN)",17 JUL 2021,1041,women_400h,2021,https://worldathletics.org/athletes/japan/akari-furuyashiki-14952172
47,59.42,,Juihsuan YANG,24 OCT 2002,TPE,1,,Yunlin (TPE),22 APR 2021,1038,women_400h,2021,https://worldathletics.org/athletes/athlete=14791205
48,59.45,,Akane MINAMISAWA,23 SEP 1997,JPN,4f2,,"Denka Big Swan Stadium, Niigata (JPN)",06 JUN 2021,1038,women_400h,2021,https://worldathletics.org/athletes/athlete=14858495
49,59.47,,Kawshalya MADUSHANI,13 NOV 1995,SRI,1,,Colombo (SRI),31 OCT 2021,1037,women_400h,2021,https://worldathletics.org/athletes/sri-lanka/kawshalya-madushani-14651473
50,59.58,,. NANHI,16 OCT 1999,IND,1,,"JLN Stadium, New Delhi (IND)",29 SEP 2021,1034,women_400h,2021,https://worldathletics.org/athletes/athlete=14734726
51,59.69,,Mitsuki KUDO,28 MAR 2004,JPN,3,,"Universiade Commemorative Stadium, Kobe (JPN)",19 JUN 2021,1031,women_400h,2021,https://worldathletics.org/athletes/japan/mitsuki-kudo-14957210
51,59.69,,Chiharu ARUGA,22 APR 2001,JPN,7,,"Prefectural Stadium, Kumagaya (JPN)",19 SEP 2021,1031,women_400h,2021,https://worldathletics.org/athletes/athlete=14855682
53,59.80,,Mei-Hsiu LIN,12 MAY 2003,TPE,2,,Yunlin (TPE),22 APR 2021,1027,women_400h,2021,https://worldathletics.org/athletes/athlete=14845690
54,59.82,,Tianlu LAN,15 OCT 1999,CHN,5h4,,Chongqing (CHN),26 JUN 2021,1027,women_400h,2021,https://worldathletics.org/athletes/athlete=14782077
55,59.86,,Tomoka SAITOU,02 JUL 2000,JPN,1,,"Try Stadium, Osaka (JPN)",04 SEP 2021,1026,women_400h,2021,https://worldathletics.org/athletes/athlete=14855683
56,59.89,,Mayu NOJIRI,05 JUN 1998,JPN,1f3,,"Takebishi Stadium, Kyoto (JPN)",25 APR 2021,1025,women_400h,2021,https://worldathletics.org/athletes/athlete=14809503
57,59.99,,Zhangyan QIU,14 AUG 1998,CHN,3h3,,Chongqing (CHN),26 JUN 2021,1022,women_400h,2021,https://worldathletics.org/athletes/athlete=14668302
58,1:00.01,,Yijia FU,13 MAY 2001,CHN,1,,Rizhao (CHN),21 MAY 2021,1021,women_400h,2021,https://worldathletics.org/athletes/athlete=14844214
59,1:00.04,,Sinchal KAVERAMMA,05 FEB 2001,IND,2,,"JLN Stadium, New Delhi (IND)",29 SEP 2021,1020,women_400h,2021,https://worldathletics.org/athletes/india/sinchal-kaveramma-14997703
60,1:00.06,,Masaki ADACHI,03 DEC 1998,JPN,3f1,,"Takebishi Stadium, Kyoto (JPN)",23 MAY 2021,1020,women_400h,2021,https://worldathletics.org/athletes/athlete=14795543
60,1:00.06,,Shahla MAHMOUDI,21 MAR 1991,IRI,1,,"Aftab Enghelab Sport Complex, Tehran (IRI)",10 OCT 2021,1020,women_400h,2021,https://worldathletics.org/athletes/athlete=14584684
62,1:00.07,,Jiaqi WANG,07 MAR 2000,CHN,3h2,,Chongqing (CHN),26 JUN 2021,1019,women_400h,2021,https://worldathletics.org/athletes/athlete=14839849
63,1:00.08,,Ayana THOMAS,20 JAN 1993,IND,3,,"Stadium Hanamkonda, Warangal (IND)",18 SEP 2021,1019,women_400h,2021,https://worldathletics.org/athletes/athlete=14685495
64,1:00.11,,Ayana KUSAKA,10 NOV 2003,JPN,5h2,,"Yanmar Stadium Nagai, Osaka (JPN)",26 JUN 2021,1018,women_400h,2021,https://worldathletics.org/athletes/japan/ayana-kusaka-14952503
64,1:00.11,,Rina TAKAGI,02 OCT 1999,JPN,3sf3,,"Prefectural Stadium, Kumagaya (JPN)",18 SEP 2021,1018,women_400h,2021,https://worldathletics.org/athletes/athlete=14815080
66,1:00.13,,Namichi NAKANO,02 AUG 2001,JPN,1,,"Hosei University Stadium, Machida (JPN)",11 JUL 2021,1018,women_400h,2021,https://worldathletics.org/athletes/athlete=14861106
67,1:00.14,,Mio TSUJII,24 NOV 2000,JPN,5,,"Konoike Athletics Stadium, Nara (JPN)",29 AUG 2021,1017,women_400h,2021,https://worldathletics.org/athletes/athlete=14815091
68,1:00.24,,Se-ra OH,30 AUG 1987,KOR,1,,Iksan (KOR),15 JUN 2021,1014,women_400h,2021,https://worldathletics.org/athletes/athlete=14424653
68,1:00.24,,Rinka HAMACHIYO,16 JUL 2003,JPN,3sf2,,"Prefectural Stadium, Fukui (JPN)",30 JUL 2021,1014,women_400h,2021,https://worldathletics.org/athletes/japan/rinka-hamachiyo-14951315
70,1:00.25,,Fangfang WU,05 OCT 1997,CHN,2,,Zaozhuang (CHN),28 APR 2021,1014,women_400h,2021,https://worldathletics.org/athletes/athlete=14750686
70,1:00.25,,Jiayu FEI,08 SEP 2000,CHN,4,,Wuhan (CHN),20 MAY 2021,1014,women_400h,2021,https://worldathletics.org/athletes/athlete=14885690
72,1:00.28,,Maho SHIMIZU,16 MAR 1994,JPN,2f1,,"Denka Big Swan Stadium, Niigata (JPN)",06 JUN 2021,1013,women_400h,2021,https://worldathletics.org/athletes/athlete=14896796
73,1:00.30,,Mayu KAJINO,07 FEB 2004,JPN,1h8,,"Prefectural Stadium, Fukui (JPN)",29 JUL 2021,1013,women_400h,2021,https://worldathletics.org/athletes/japan/mayu-kajino-14949993
74,1:00.31,,Gurdeep KAUR,02 JUN 2001,IND,3,,"JLN Stadium, New Delhi (IND)",29 SEP 2021,1012,women_400h,2021,https://worldathletics.org/athletes/athlete=14768667
75,1:00.32,,Pei-Lin LO,01 FEB 1994,TPE,1,,New Taipei City (TPE),20 OCT 2021,1012,women_400h,2021,https://worldathletics.org/athletes/athlete=14483702
76,1:00.33,,Hongjuan LIU,30 JUL 1996,CHN,5,,Zhaoqing (CHN),25 APR 2021,1012,women_400h,2021,https://worldathletics.org/athletes/athlete=14585470
77,1:00.35,,Ayana MANABE,03 DEC 2001,JPN,1,,"Nagaragawa Stadium, Gifu (JPN)",09 MAY 2021,1011,women_400h,2021,https://worldathletics.org/athletes/athlete=14931808
77,1:00.35,,Hikari TERAMOTO,13 MAY 1999,JPN,4,,"Gion Stadium, Sagamihara (JPN)",23 MAY 2021,1011,women_400h,2021,https://worldathletics.org/athletes/athlete=14853606
79,1:00.36,,Thi Huyen NGUYEN,19 MAY 1993,VIE,1,,Hanoi (VIE),09 DEC 2021,1011,women_400h,2021,https://worldathletics.org/athletes/athlete=14524764
80,1:00.38,,Nazuna OKAWA,22 JAN 2001,JPN,3f1,,"Yanmar Stadium Nagai, Osaka (JPN)",01 JUN 2021,1010,women_400h,2021,https://worldathletics.org/athletes/athlete=14855502
80,1:00.38,,Eunju JO,12 NOV 1989,KOR,1,,Yecheon (KOR),06 JUN 2021,1010,women_400h,2021,https://worldathletics.org/athletes/athlete=14477439
82,1:00.39,,Rena TAKAGI,17 OCT 2000,JPN,1,,"Athletics Stadium, Toyama (JPN)",21 AUG 2021,1010,women_400h,2021,https://worldathletics.org/athletes/athlete=14855664
83,1:00.40,,Moe MATSUOKA,02 MAR 2003,JPN,1h1,,"Prefectural Stadium, Kumagaya (JPN)",18 SEP 2021,1010,women_400h,2021,https://worldathletics.org/athletes/athlete=14895835
83,1:00.40,,Miku KAMIMURA,24 JUN 2001,JPN,1,,"University Athletics Stadium, Fukushima (JPN)",09 OCT 2021,1010,women_400h,2021,https://worldathletics.org/athletes/athlete=14855709
85,1:00.42,,Akane NODA,13 OCT 1999,JPN,1,,"Memorial Park Stadium, Amagasaki (JPN)",02 APR 2021,1009,women_400h,2021,https://worldathletics.org/athletes/athlete=14860819
85,1:00.42,,Xia XIAO,04 JUN 1991,CHN,5h2,,Chongqing (CHN),26 JUN 2021,1009,women_400h,2021,https://worldathletics.org/athletes/athlete=14264869
87,1:00.44,,V. Krishnan SALINI,10 JAN 1998,IND,3,,Patiala (IND),25 FEB 2021,1009,women_400h,2021,https://worldathletics.org/athletes/athlete=14849699
88,1:00.48,,Kyeong-mi SON,09 FEB 1990,KOR,1,,Goseong (KOR),07 JUL 2021,1008,women_400h,2021,https://worldathletics.org/athletes/athlete=14289898
89,1:00.50,,Wei LIU,01 JUN 2001,CHN,2,,Chongqing (CHN),11 MAY 2021,1007,women_400h,2021,https://worldathletics.org/athletes/athlete=14942225
90,1:00.54,,Saya MATSUME,27 JUL 2004,JPN,1,,"Municipal Mizuho Stadium, Nagoya (JPN)",17 JUL 2021,1006,women_400h,2021,https://worldathletics.org/athletes/japan/saya-matsume-14956376
91,1:00.55,,Moeno TSUKAMOTO,18 FEB 2004,JPN,6h2,,"Yanmar Stadium Nagai, Osaka (JPN)",26 JUN 2021,1005,women_400h,2021,https://worldathletics.org/athletes/athlete=14912055
91,1:00.55,,Yui OTSU,22 FEB 2004,JPN,3sf1,,"Prefectural Stadium, Fukui (JPN)",30 JUL 2021,1005,women_400h,2021,https://worldathletics.org/athletes/japan/yui-otsu-14949699
93,1:00.62,,Rin OKUBAYASHI,07 AUG 2001,JPN,1h1,,"Nagaragawa Stadium, Gifu (JPN)",08 MAY 2021,1003,women_400h,2021,https://worldathletics.org/athletes/athlete=14861110
94,1:00.67,,Ayane HIGUCHI,21 FEB 2004,JPN,3h1,,"Yanmar Stadium Nagai, Osaka (JPN)",26 JUN 2021,1002,women_400h,2021,https://worldathletics.org/athletes/japan/ayane-higuchi-14949722
94,1:00.67,,Nozomi BAN,04 JUL 2001,JPN,1,,"ND Soft Stadium, Tendo (JPN)",10 JUL 2021,1002,women_400h,2021,https://worldathletics.org/athletes/athlete=14855628
96,1:00.69,,Lin CHEN,12 AUG 2004,CHN,1,,Chengdu (CHN),02 APR 2021,1001,women_400h,2021,https://worldathletics.org/athletes/pr-of-china/lin-chen-14952240
96,1:00.69,,Jiayu LING,09 NOV 1997,CHN,3,,Shaoxing (CHN),09 APR 2021,1001,women_400h,2021,https://worldathletics.org/athletes/athlete=14905814
98,1:00.73,,Meri MASUKO,15 APR 2003,JPN,1h3,,"Prefectural Stadium, Fukui (JPN)",29 JUL 2021,1000,women_400h,2021,https://worldathletics.org/athletes/athlete=14901137
99,1:00.74,,Bo-An YI,04 JUL 2006,TPE,1,,Yunlin (TPE),22 APR 2021,1000,women_400h,2021,https://worldathletics.org/athletes/chinese-taipei/bo-an-yi-14976378
100,1:00.75,,Jie MA,25 JAN 1998,CHN,3h1,,Chengdu (CHN),16 MAY 2021,1000,women_400h,2021,https://worldathletics.org/athletes/athlete=14702566
101,1:00.76,,Vandana SHARMA,08 SEP 1998,IND,5,,"Stadium Hanamkonda, Warangal (IND)",18 SEP 2021,999,women_400h,2021,https://worldathletics.org/athletes/athlete=14818378
101,1:00.76,,Yu-Chieh LIN,08 SEP 1998,TPE,3,,New Taipei City (TPE),20 OCT 2021,999,women_400h,2021,https://worldathletics.org/athletes/athlete=14591671
103,1:00.78,,Hikari OKUBO,17 FEB 1998,JPN,1er,,"NITTAIDAI Athletic Stadium, Yokohama (JPN)",29 AUG 2021,999,women_400h,2021,https://worldathletics.org/athletes/athlete=14853645
104,1:00.80,,Umi KASHIWAGURA,18 MAY 2004,JPN,1,,"Athletic Field, Kitakami (JPN)",21 JUN 2021,998,women_400h,2021,https://worldathletics.org/athletes/athlete=14921671
105,1:00.81,,Rira HATTORI,27 SEP 2004,JPN,2h4,,"Prefectural Stadium, Fukui (JPN)",29 JUL 2021,998,women_400h,2021,https://worldathletics.org/athletes/japan/rira-hattori-14962635
106,1:00.82,,Mizuki SHINOHARA,05 JUN 1999,JPN,1,,"Nihon University Athletics Stadium, Setagaya, Tokyo (JPN)",01 MAY 2021,998,women_400h,2021,https://worldathletics.org/athletes/athlete=14853667
107,1:00.87,,Ayana KANDA,29 SEP 2003,JPN,2,,"Municipal Mizuho Stadium, Nagoya (JPN)",17 JUL 2021,996,women_400h,2021,https://worldathletics.org/athletes/japan/ayana-kanda-14956375
108,1:00.88,,Nanami TAKANO,24 JUL 2001,JPN,4f1,,"Denka Big Swan Stadium, Niigata (JPN)",06 JUN 2021,996,women_400h,2021,https://worldathletics.org/athletes/athlete=14861098
108,1:00.88,,Wakana TSUJI,08 AUG 2003,JPN,3h4,,"Prefectural Stadium, Fukui (JPN)",29 JUL 2021,996,women_400h,2021,https://worldathletics.org/athletes/japan/wakana-tsuji-14956377
110,1:00.98,,Kanaho HARA,13 APR 2002,JPN,1f5,,"Municipal Stadium, Hiroshima (JPN)",21 AUG 2021,993,women_400h,2021,https://worldathletics.org/athletes/athlete=14904942
111,1:00.99,,Lihong HU,08 AUG 1999,CHN,6h2,,Chongqing (CHN),26 JUN 2021,993,women_400h,2021,https://worldathletics.org/athletes/athlete=14754413
112,1:01.00,,Vishnu Priya JAYAPRAKASAN,13 MAR 2001,IND,4,,Patiala (IND),19 MAR 2021,992,women_400h,2021,https://worldathletics.org/athletes/athlete=14841060
113,1:01.01,,Riko MAEDA,15 APR 2005,JPN,1,,"Municipal Nishikyogoku Stadium, Kyoto (JPN)",17 SEP 2021,992,women_400h,2021,https://worldathletics.org/athletes/japan/riko-maeda-14998630
114,1:01.04,,Kyoka TOKUHARA,01 NOV 1999,JPN,1,,"Mitsuzawa Park Stadium, Yokohama (JPN)",27 JUN 2021,991,women_400h,2021,https://worldathletics.org/athletes/athlete=14767092
114,1:01.04,,Ayano YASUDA,18 OCT 2002,JPN,5,,"Yanmar Stadium Nagai, Osaka (JPN)",18 JUL 2021,991,women_400h,2021,https://worldathletics.org/athletes/athlete=14898360
116,1:01.07,,Ichika WASHIZU,30 MAR 2004,JPN,1,,"Ishin Me-Life Stadium, Yamaguchi (JPN)",19 JUN 2021,990,women_400h,2021,https://worldathletics.org/athletes/japan/ichika-washizu-14949228
116,1:01.07,,Rina HASSAN,12 SEP 2003,JPN,4f1,,"Universiade Commemorative Stadium, Kobe (JPN)",10 OCT 2021,990,women_400h,2021,https://worldathletics.org/athletes/japan/rina-hassan-14957211
118,1:01.09,,Yuriko MITO,05 APR 1995,JPN,7f2,,"Denka Big Swan Stadium, Niigata (JPN)",06 JUN 2021,990,women_400h,2021,https://worldathletics.org/athletes/athlete=14766811
119,1:01.14,,Ji-eun KIM,16 JUN 1992,KOR,2,,Goseong (KOR),07 JUL 2021,988,women_400h,2021,https://worldathletics.org/athletes/athlete=14289713
120,1:01.16,,Mizuki TAKIZAWA,24 MAY 1999,JPN,1h1,,"Kanseki Stadium, Utsunomiya (JPN)",21 AUG 2021,988,women_400h,2021,https://worldathletics.org/athletes/athlete=14853668
121,1:01.20,,J. DHIVYA,31 JAN 1998,IND,1f1,,Bhubaneshwar (IND),08 MAR 2021,987,women_400h,2021,https://worldathletics.org/athletes/athlete=14818587
122,1:01.22,,S. ARSHITHA,10 AUG 1999,IND,1,,Lucknow (IND),21 AUG 2021,986,women_400h,2021,https://worldathletics.org/athletes/athlete=14734733
123,1:01.26,,Ghofrane MOHAMMAD,06 JUN 1989,SYR,1,,"Olympic Sports Center, El Maadi (EGY)",23 DEC 2021,985,women_400h,2021,https://worldathletics.org/athletes/athlete=14302586
124,1:01.28,,Kokoro YOSHIMURA,12 MAY 2004,JPN,1f2,,"Universiade Commemorative Stadium, Kobe (JPN)",10 OCT 2021,984,women_400h,2021,https://worldathletics.org/athletes/japan/kokoro-yoshimura-14958859
125,1:01.34,,Koto OKUYAMA,01 FEB 2001,JPN,1h1,,"University Athletics Stadium, Fukushima (JPN)",09 AUG 2021,983,women_400h,2021,https://worldathletics.org/athletes/athlete=14855486
125,1:01.34,,Ya-Ting LI,19 FEB 1999,TPE,4,,New Taipei City (TPE),20 OCT 2021,983,women_400h,2021,https://worldathletics.org/athletes/athlete=14670024
127,1:01.41,,Moe MIZUGUCHI,13 APR 2002,JPN,7,,"National Stadium, Tokyo (JPN)",09 MAY 2021,981,women_400h,2021,https://worldathletics.org/athletes/athlete=14861125
128,1:01.45,,Khusdeep KAUR,03 APR 2000,IND,5,,Patiala (IND),19 MAR 2021,980,women_400h,2021,https://worldathletics.org/athletes/athlete=14885899
128,1:01.45,,Rumi SAKAMOTO,17 JUL 1999,JPN,2,,"Athletics Stadium, Akita (JPN)",14 JUN 2021,980,women_400h,2021,https://worldathletics.org/athletes/athlete=14766634
128,1:01.45,,Yuika MORI,05 DEC 2002,JPN,1,,"Sports Center Athletics Stadium, Kurume (JPN)",25 SEP 2021,980,women_400h,2021,https://worldathletics.org/athletes/japan/yuika-mori-14954782
131,1:01.46,,Aki TASAKA,16 AUG 1986,JPN,1,,"Edion Stadium, Hiroshima (JPN)",27 JUN 2021,979,women_400h,2021,https://worldathletics.org/athletes/athlete=14327827
132,1:01.48,,Sakura OYAMA,15 AUG 2003,JPN,2h7,,"Prefectural Stadium, Fukui (JPN)",29 JUL 2021,979,women_400h,2021,https://worldathletics.org/athletes/athlete=14860694
133,1:01.49,,G.A.S. DULANI,14 FEB 1993,SRI,1,,Colombo (SRI),25 NOV 2021,978,women_400h,2021,https://worldathletics.org/athletes/athlete=14759773
134,1:01.51,,Arisa OGASAWARA,30 OCT 2004,JPN,5sf2,,"Prefectural Stadium, Fukui (JPN)",30 JUL 2021,978,women_400h,2021,https://worldathletics.org/athletes/japan/arisa-ogasawara-14977288
135,1:01.54,,Khurshidabonu KHOLLIEVA,26 NOV 2001,UZB,1,,Tashkent (UZB),15 MAY 2021,977,women_400h,2021,https://worldathletics.org/athletes/athlete=14843188
136,1:01.58,,Yin-Ning LAI,24 FEB 2006,TPE,2,,Yunlin (TPE),22 APR 2021,976,women_400h,2021,https://worldathletics.org/athletes/chinese-taipei/yin-ning-lai-14954210
136,1:01.58,,Pei-Shan WU,27 MAR 2000,TPE,5,,New Taipei City (TPE),20 OCT 2021,976,women_400h,2021,https://worldathletics.org/athletes/athlete=14689213
138,1:01.61,,Thi Thu Ha NGUYEN,05 MAY 2002,VIE,2,,Hanoi (VIE),09 DEC 2021,975,women_400h,2021,https://worldathletics.org/athletes/athlete=14852378
139,1:01.63,,Xiulan YE,22 AUG 1998,CHN,4,,Chongqing (CHN),11 MAY 2021,974,women_400h,2021,https://worldathletics.org/athletes/athlete=14723554
140,1:01.70,,Chiharu TOBA,20 NOV 2003,JPN,5,,"Universiade Commemorative Stadium, Kobe (JPN)",11 JUL 2021,972,women_400h,2021,https://worldathletics.org/athletes/japan/chiharu-toba-14958858
141,1:01.72,,Rumina MORITA,02 SEP 2004,JPN,4sf1,,"Prefectural Stadium, Ise (JPN)",19 JUN 2021,972,women_400h,2021,https://worldathletics.org/athletes/japan/rumina-morita-14964288
142,1:01.75,,Chisa NISHIKAWA,31 MAY 2001,JPN,4h4,,"Gion Stadium, Sagamihara (JPN)",22 MAY 2021,971,women_400h,2021,https://worldathletics.org/athletes/athlete=14855641
143,1:01.76,,Yuka ONUMA,04 AUG 2003,JPN,3h2,,"Prefectural Stadium, Fukui (JPN)",29 JUL 2021,971,women_400h,2021,https://worldathletics.org/athletes/japan/yuka-onuma-14957613
143,1:01.76,,Mana OSHIKA,27 APR 2004,JPN,2h1,,"Shinshu SkyPark Athletic Field, Matsumoto (JPN)",21 AUG 2021,971,women_400h,2021,https://worldathletics.org/athletes/japan/mana-oshika-14962284
143,1:01.76,,Shiho KAWANO,07 AUG 1999,JPN,3,,"Municipal Heiwadai Stadium, Fukuoka (JPN)",28 AUG 2021,971,women_400h,2021,https://worldathletics.org/athletes/athlete=14766635
146,1:01.79,,Mahiro HASEGAWA,17 APR 2003,JPN,1f1,,"Municipal Nishikyogoku Stadium, Kyoto (JPN)",23 SEP 2021,970,women_400h,2021,https://worldathletics.org/athletes/athlete=14904550
147,1:01.81,,Ranru EGUCHI,29 JUN 2004,JPN,2,,"Showa Denko Stadium, Oita (JPN)",18 JUN 2021,969,women_400h,2021,https://worldathletics.org/athletes/japan/ranru-eguchi-14950521
147,1:01.81,,Hisano NAGAYAMA,10 NOV 2003,JPN,3,,"Showa Denko Stadium, Oita (JPN)",18 JUN 2021,969,women_400h,2021,https://worldathletics.org/athletes/japan/hisano-nagayama-14950946
147,1:01.81,,Makoto NAKAMURA,25 JAN 2005,JPN,2,,"Ishin Me-Life Stadium, Yamaguchi (JPN)",19 JUN 2021,969,women_400h,2021,https://worldathletics.org/athletes/athlete=14921674
147,1:01.81,,Yume TAYA,02 DEC 2004,JPN,3,,"Athletic Field, Kitakami (JPN)",21 JUN 2021,969,women_400h,2021,https://worldathletics.org/athletes/japan/yume-taya-14957969
151,1:01.87,,Akane KOBAYASHI,22 OCT 1998,JPN,2h1,,"University Athletics Stadium, Fukushima (JPN)",09 AUG 2021,968,women_400h,2021,https://worldathletics.org/athletes/athlete=14728015
152,1:01.90,,Hana SHIOTA,20 SEP 2004,JPN,4,,"Athletic Field, Kitakami (JPN)",21 JUN 2021,967,women_400h,2021,https://worldathletics.org/athletes/japan/hana-shiota-14957937
153,1:01.91,,Misa HONDA,27 JUN 2000,JPN,1h5,,"Lemon Gas Stadium, Hiratsuka (JPN)",05 JUN 2021,966,women_400h,2021,https://worldathletics.org/athletes/athlete=14855368
154,1:01.93,,Kokomi MAEDE,19 JAN 2005,JPN,8,,"Prefectural Stadium, Ise (JPN)",19 JUN 2021,966,women_400h,2021,https://worldathletics.org/athletes/japan/kokomi-maede-14950725
155,1:01.94,,Rina GOTO,02 OCT 2003,JPN,5sf1,,"Prefectural Stadium, Ise (JPN)",19 JUN 2021,966,women_400h,2021,https://worldathletics.org/athletes/japan/rina-goto-14950723
156,1:01.96,,Natsumi MURATA,28 OCT 2002,JPN,7,,"Yanmar Stadium Nagai, Osaka (JPN)",18 JUL 2021,965,women_400h,2021,https://worldathletics.org/athletes/japan/natsumi-murata-14949747
156,1:01.96,,Akane NAGANO,10 MAY 2001,JPN,2f1,,"Wave Stadium, Kariya (JPN)",09 AUG 2021,965,women_400h,2021,https://worldathletics.org/athletes/japan/akane-nagano-14952079
158,1:02.00,,Zhuo CHEN,20 JUL 2001,CHN,5h1,,Chengdu (CHN),16 MAY 2021,964,women_400h,2021,https://worldathletics.org/athletes/athlete=14857865
159,1:02.05,,Yumemi NARISAWA,24 OCT 2003,JPN,4,,"Todoroki Stadium, Kawasaki (JPN)",19 JUN 2021,962,women_400h,2021,https://worldathletics.org/athletes/japan/yumemi-narisawa-14948361
159,1:02.05,,Miyu TAKAGAKI,25 JUN 2003,JPN,3h1,,"Konoike Athletics Stadium, Nara (JPN)",29 AUG 2021,962,women_400h,2021,https://worldathletics.org/athletes/japan/miyu-takagaki-14954562
161,1:02.07,,Miku TAKINO,19 JUN 2005,JPN,1,,"Municipal Nishikyogoku Stadium, Kyoto (JPN)",11 OCT 2021,962,women_400h,2021,https://worldathletics.org/athletes/japan/miku-takino-14954560
162,1:02.08,,Yoshino FURUKAWA,05 MAY 2000,JPN,2,,"Hakatanomori Athletic Stadium, Fukuoka (JPN)",17 APR 2021,962,women_400h,2021,https://worldathletics.org/athletes/athlete=14855717
162,1:02.08,,Yukino TABASHI,30 JAN 2003,JPN,2,,"NITTAIDAI Athletic Stadium, Yokohama (JPN)",13 JUN 2021,962,women_400h,2021,https://worldathletics.org/athletes/japan/yukino-tabashi-14952968
164,1:02.09,,Rina TAWA,07 FEB 2002,JPN,1f2,,"Nagai Stadium No. 2, Osaka (JPN)",03 SEP 2021,961,women_400h,2021,https://worldathletics.org/athletes/athlete=14861097
165,1:02.10,,Uruha HOSHIBA,10 JUN 2003,JPN,2h5,,"Prefectural Stadium, Fukui (JPN)",29 JUL 2021,961,women_400h,2021,https://worldathletics.org/athletes/japan/uruha-hoshiba-14958120
166,1:02.12,,Rina YOSHIOKA,24 AUG 2001,JPN,2f2,,"NITTAIDAI Athletic Stadium, Yokohama (JPN)",31 OCT 2021,961,women_400h,2021,https://worldathletics.org/athletes/japan/rina-yoshioka-14963868
167,1:02.15,,Yilan ZHUANG,04 MAR 2000,CHN,2,,Taizhou (CHN),10 MAY 2021,960,women_400h,2021,https://worldathletics.org/athletes/athlete=14849147
167,1:02.15,,Amesha Piumanthi Hettiarachchi HETTIARACHCHILAGE,03 MAY 2003,SRI,1,,Colombo (SRI),21 DEC 2021,960,women_400h,2021,https://worldathletics.org/athletes/athlete=14853827
169,1:02.18,,Natsumi MURATA,12 AUG 2004,JPN,1,,"Hanazono Park Stadium, Higashiosaka (JPN)",15 AUG 2021,959,women_400h,2021,https://worldathletics.org/athletes/japan/natsumi-murata-14976590
170,1:02.19,,Haruka MORIMITU,18 DEC 2003,JPN,4,,"Showa Denko Stadium, Oita (JPN)",18 JUN 2021,959,women_400h,2021,https://worldathletics.org/athletes/japan/haruka-morimitu-14959675
170,1:02.19,,Takako HUJITA,22 MAY 2003,JPN,5,,"Todoroki Stadium, Kawasaki (JPN)",19 JUN 2021,959,women_400h,2021,https://worldathletics.org/athletes/japan/takako-hujita-14961963
172,1:02.20,,Risa KURUTO,27 MAY 2003,JPN,2h1,,"Todoroki Stadium, Kawasaki (JPN)",19 JUN 2021,958,women_400h,2021,https://worldathletics.org/athletes/japan/risa-kuruto-14995938
172,1:02.20,,Yuna KANAMORI,09 OCT 2000,JPN,2h5,,"Shinshu SkyPark Athletic Field, Matsumoto (JPN)",21 AUG 2021,958,women_400h,2021,https://worldathletics.org/athletes/athlete=14855708
174,1:02.24,,Kanami MORIWAKI,29 MAY 2004,JPN,3,,"Ishin Me-Life Stadium, Yamaguchi (JPN)",19 JUN 2021,957,women_400h,2021,https://worldathletics.org/athletes/japan/kanami-moriwaki-14959840
175,1:02.25,,Mizuki NAKIRI,14 JAN 2004,JPN,2,,"Todoroki Stadium, Kawasaki (JPN)",19 JUN 2021,957,women_400h,2021,https://worldathletics.org/athletes/japan/mizuki-nakiri-14958769
176,1:02.27,,Minami SUSA,04 JUL 1999,JPN,2h2,,"Gion Stadium, Sagamihara (JPN)",22 MAY 2021,956,women_400h,2021,https://worldathletics.org/athletes/athlete=14902699
177,1:02.29,,Yae TOKUNAGA,16 SEP 2000,JPN,2h3,,"Takebishi Stadium, Kyoto (JPN)",22 MAY 2021,956,women_400h,2021,https://worldathletics.org/athletes/athlete=14849059
177,1:02.29,,Saki NAKAMURA,13 JAN 2004,JPN,1,,"Ehime Athletics Stadium, Matsuyama (JPN)",20 JUN 2021,956,women_400h,2021,https://worldathletics.org/athletes/japan/saki-nakamura-14945916
179,1:02.35,,Yoshino NOTO,06 DEC 2003,JPN,1,,"Irie Stadium, Muroran (JPN)",17 JUN 2021,954,women_400h,2021,https://worldathletics.org/athletes/japan/yoshino-noto-14964438
180,1:02.39,,Yuna SUGAWARA,15 JUL 2001,JPN,1,,"Gion Stadium, Sagamihara (JPN)",12 SEP 2021,953,women_400h,2021,https://worldathletics.org/athletes/athlete=14861112
181,1:02.40,,Xin LIU,26 AUG 1992,CHN,4h1,,Zaozhuang (CHN),28 APR 2021,953,women_400h,2021,https://worldathletics.org/athletes/athlete=14472021
182,1:02.42,,Momomi NAKANISHI,15 JUL 2004,JPN,2,,"Ehime Athletics Stadium, Matsuyama (JPN)",20 JUN 2021,952,women_400h,2021,https://worldathletics.org/athletes/japan/momomi-nakanishi-14957063
182,1:02.42,,Moe NAKATSUKA,10 MAY 2000,JPN,4h1,,"Municipal Nishikyogoku Stadium, Kyoto (JPN)",18 JUL 2021,952,women_400h,2021,https://worldathletics.org/athletes/athlete=14855712
182,1:02.42,,Yuzuki HAGA,16 APR 2004,JPN,3,,"Prefectural Shizuoka Stadium, Fukuroi (JPN)",31 OCT 2021,952,women_400h,2021,https://worldathletics.org/athletes/japan/yuzuki-haga-14979733
185,1:02.43,,Hikari NAGAI,28 APR 2003,JPN,5,,"Athletic Field, Kitakami (JPN)",21 JUN 2021,952,women_400h,2021,https://worldathletics.org/athletes/athlete=14915191
186,1:02.45,,Miyu OZAKI,07 JAN 2002,JPN,3h2,,"Takebishi Stadium, Kyoto (JPN)",22 MAY 2021,951,women_400h,2021,https://worldathletics.org/athletes/athlete=14861115
186,1:02.45,,Sakura SHIRAHAMA,02 NOV 2005,JPN,1,,"Try Stadium, Osaka (JPN)",20 SEP 2021,951,women_400h,2021,https://worldathletics.org/athletes/athlete=14919447
188,1:02.46,,Maho IOKA,14 APR 1999,JPN,1h1,,"Prefectural Stadium, Ise (JPN)",18 APR 2021,951,women_400h,2021,https://worldathletics.org/athletes/athlete=14853028
189,1:02.49,,Ai OKANO,22 SEP 2003,JPN,3,,"Nagai Stadium No. 2, Osaka (JPN)",21 AUG 2021,950,women_400h,2021,https://worldathletics.org/athletes/japan/ai-okano-14949724
190,1:02.51,,Narumi AZUMA,19 JUL 2002,JPN,2,,"Fukuoka University Stadium, Fukuoka (JPN)",03 JUL 2021,950,women_400h,2021,https://worldathletics.org/athletes/japan/narumi-azuma-14949227
191,1:02.54,,Minami WATANABE,02 SEP 2004,JPN,1,,"Prefectural Stadium, Isahaya (JPN)",06 JUN 2021,949,women_400h,2021,https://worldathletics.org/athletes/japan/minami-watanabe-14964444
192,1:02.56,,Maho YANO,28 DEC 2004,JPN,5,,"Showa Denko Stadium, Oita (JPN)",18 JUN 2021,948,women_400h,2021,https://worldathletics.org/athletes/japan/maho-yano-14959680
192,1:02.56,,Nonoka MAESOKO,19 MAY 2004,JPN,2h1,,"Municipal Nishikyogoku Stadium, Kyoto (JPN)",17 SEP 2021,948,women_400h,2021,https://worldathletics.org/athletes/japan/nonoka-maesoko-14958881
194,1:02.57,,Ziying TANG,26 MAY 1999,CHN,3,,Taizhou (CHN),10 MAY 2021,948,women_400h,2021,https://worldathletics.org/athletes/athlete=14892698
195,1:02.62,,Tsugumi MATSUSHIMA,22 AUG 2000,JPN,1,,"Gakugei University Athletics Stadium, Tokyo (JPN)",10 OCT 2021,946,women_400h,2021,https://worldathletics.org/athletes/japan/tsugumi-matsushima-14955320
196,1:02.64,,Ying Wen Ashleigh MA,20 JAN 2003,HKG,1,,Hong Kong (HKG),27 NOV 2021,946,women_400h,2021,https://worldathletics.org/athletes/athlete=14886704
197,1:02.65,,R. ARATHI,21 MAY 2001,IND,1,,Malappuram (IND),27 AUG 2021,946,women_400h,2021,https://worldathletics.org/athletes/athlete=14862001
198,1:02.66,,Miyu TAKAYASHIKI,01 SEP 1999,JPN,2,,"Mikio Oda Memorial Athletic Field, Tokorozawa (JPN)",29 SEP 2021,945,women_400h,2021,https://worldathletics.org/athletes/japan/miyu-takayashiki-14963866
198,1:02.66,,Bernalyn BEJOY,01 SEP 2001,PHI,1,,Baguio City (PHI),17 DEC 2021,945,women_400h,2021,https://worldathletics.org/athletes/athlete=14788477
200,1:02.67,,Angin Nurainun PERANGIN,21 OCT 1993,INA,1,,"Mimika Sport Complex, Timika (INA)",10 OCT 2021,945,women_400h,2021,https://worldathletics.org/athletes/indonesia/angin-nurainun-perangin-14427067
201,1:02.68,,Yunicke Herlin ANDERI,,INA,2,,"Mimika Sport Complex, Timika (INA)",10 OCT 2021,945,women_400h,2021,https://worldathletics.org/athletes/indonesia/yunicke-herlin-anderi-15002729
202,1:02.69,,Nagisa YAMAZAKI,08 JUL 2004,JPN,2,,"Mitsuzawa Park Stadium, Yokohama (JPN)",27 JUN 2021,944,women_400h,2021,https://worldathletics.org/athletes/japan/nagisa-yamazaki-14966496
203,1:02.72,,Shweta SATAPPA,09 JUN 2003,IND,2,,"Tatya Tope Stadium, Bhopal (IND)",27 JAN 2021,944,women_400h,2021,https://worldathletics.org/athletes/india/shweta-satappa-14969730
204,1:02.73,,Haruka KOZAKI,08 DEC 1999,JPN,1f1,,"NITTAIDAI Athletic Stadium, Yokohama (JPN)",10 APR 2021,943,women_400h,2021,https://worldathletics.org/athletes/athlete=14853659
204,1:02.73,,Mio ITOU,20 APR 2003,JPN,7,,"Todoroki Stadium, Kawasaki (JPN)",19 JUN 2021,943,women_400h,2021,https://worldathletics.org/athletes/japan/mio-itou-14996422
206,1:02.74,,Sena HINO,25 SEP 2003,JPN,7,,"Showa Denko Stadium, Oita (JPN)",18 JUN 2021,943,women_400h,2021,https://worldathletics.org/athletes/japan/sena-hino-14950945
207,1:02.75,,Mahiro WASADA,18 NOV 2004,JPN,3h3,,"Prefectural Shizuoka Stadium, Fukuroi (JPN)",31 OCT 2021,943,women_400h,2021,https://worldathletics.org/athletes/japan/mahiro-wasada-14958609
207,1:02.75,,Nanae MORIYAMA,09 APR 2001,JPN,1f3,,"NITTAIDAI Athletic Stadium, Yokohama (JPN)",31 OCT 2021,943,women_400h,2021,https://worldathletics.org/athletes/athlete=14855515
209,1:02.76,,A.P.M.S.K. ABEYRATHNE,,SRI,2,,Colombo (SRI),25 NOV 2021,942,women_400h,2021,https://worldathletics.org/athletes/athlete=14735772
210,1:02.78,,C. VISHRUTHA,20 MAR 2002,IND,3,,"Tatya Tope Stadium, Bhopal (IND)",27 JAN 2021,942,women_400h,2021,https://worldathletics.org/athletes/athlete=14873505
211,1:02.80,,Miku MIYOSHI,16 AUG 2003,JPN,3h1,,"Todoroki Stadium, Kawasaki (JPN)",19 JUN 2021,941,women_400h,2021,https://worldathletics.org/athletes/japan/miku-miyoshi-14961983
211,1:02.80,,Yuika FUKUSHIMA,09 DEC 2003,JPN,6,,"Athletic Field, Kitakami (JPN)",21 JUN 2021,941,women_400h,2021,https://worldathletics.org/athletes/athlete=14860683
211,1:02.80,,Yui MORIYA,23 DEC 2002,JPN,4,,"Gion Stadium, Sagamihara (JPN)",12 SEP 2021,941,women_400h,2021,https://worldathletics.org/athletes/athlete=14912059
214,1:02.81,,Nanami OZAKI,07 FEB 2004,JPN,3,,"Ehime Athletics Stadium, Matsuyama (JPN)",20 JUN 2021,941,women_400h,2021,https://worldathletics.org/athletes/japan/nanami-ozaki-14961650
214,1:02.81,,Airi MORITA,12 MAY 2003,JPN,2,,"Athletics Stadium, Toyama (JPN)",21 AUG 2021,941,women_400h,2021,https://worldathletics.org/athletes/japan/airi-morita-14959725
216,1:02.82,,Dongmei ZHUANG,14 DEC 2000,CHN,5h1,,Zhaoqing (CHN),25 APR 2021,941,women_400h,2021,https://worldathletics.org/athletes/athlete=14811662
216,1:02.82,,Yun-seo CHOI,11 MAY 2003,KOR,1,,Jeongseon (KOR),26 JUN 2021,941,women_400h,2021,https://worldathletics.org/athletes/athlete=14910685
218,1:02.84,,Cho-eun KIM,20 MAR 2003,KOR,2,,Jeongseon (KOR),26 JUN 2021,940,women_400h,2021,https://worldathletics.org/athletes/korea/cho-eun-kim-14977127
219,1:02.85,,Maron UCHIDA,03 JUN 1999,JPN,1f1,,"Hakatanomori Athletic Stadium, Fukuoka (JPN)",10 APR 2021,940,women_400h,2021,https://worldathletics.org/athletes/athlete=14766632
219,1:02.85,,Kurea IGAWA,23 JUL 2001,JPN,3,,"Municipal Nishikyogoku Stadium, Kyoto (JPN)",18 JUL 2021,940,women_400h,2021,https://worldathletics.org/athletes/japan/kurea-igawa-14954601
219,1:02.85,,Arisa OTANI,16 OCT 2003,JPN,4h7,,"Prefectural Stadium, Fukui (JPN)",29 JUL 2021,940,women_400h,2021,https://worldathletics.org/athletes/japan/arisa-otani-14956893
222,1:02.86,,Kokona KATAYAMA,10 NOV 2005,JPN,5,,"Prefectural Shizuoka Stadium, Fukuroi (JPN)",31 OCT 2021,940,women_400h,2021,https://worldathletics.org/athletes/japan/kokona-katayama-14958789
222,1:02.86,,Thi Hoc CHU,11 MAY 2003,VIE,3,,Hanoi (VIE),09 DEC 2021,940,women_400h,2021,https://worldathletics.org/athletes/vietnam/thi-hoc-chu-15009029
224,1:02.88,,Reira KATO,24 JUN 2003,JPN,4,,"Todoroki Stadium, Kawasaki (JPN)",19 JUN 2021,939,women_400h,2021,https://worldathletics.org/athletes/japan/reira-kato-14998842
225,1:02.89,,Yuan ZHANG,27 AUG 2004,CHN,6h1,,Chengdu (CHN),16 MAY 2021,939,women_400h,2021,https://worldathletics.org/athletes/pr-of-china/yuan-zhang-14981444
225,1:02.89,,Rama JANUARTI,1997,INA,3,,"Mimika Sport Complex, Timika (INA)",10 OCT 2021,939,women_400h,2021,https://worldathletics.org/athletes/athlete=14765283
227,1:02.91,,Saki KAMADA,18 MAY 1997,JPN,1,,"Municipal Sayagatani Stadium, Kitakyushu (JPN)",04 APR 2021,938,women_400h,2021,https://worldathletics.org/athletes/athlete=14719692
227,1:02.91,,Juri OSAWA,01 MAY 2003,JPN,4sf2,,"Universiade Commemorative Stadium, Kobe (JPN)",18 JUN 2021,938,women_400h,2021,https://worldathletics.org/athletes/japan/juri-osawa-14955412
227,1:02.91,,Yukino OZAWA,22 NOV 2005,JPN,2,,"Municipal Nishikyogoku Stadium, Kyoto (JPN)",17 SEP 2021,938,women_400h,2021,https://worldathletics.org/athletes/japan/yukino-ozawa-14949704
230,1:02.92,,Prajna KRISHNARAJA,25 JUL 2001,IND,2,,"Sarusajai Stadium,, Guwahati (IND)",10 FEB 2021,938,women_400h,2021,https://worldathletics.org/athletes/athlete=14862003
230,1:02.92,,Lin CHEN,18 JAN 2002,CHN,1,,Ji'an (CHN),12 MAY 2021,938,women_400h,2021,https://worldathletics.org/athletes/pr-of-china/lin-chen-14983176
230,1:02.92,,Mari TERANISHI,10 FEB 2000,JPN,1f4,,"Municipal Stadium, Hiroshima (JPN)",21 AUG 2021,938,women_400h,2021,https://worldathletics.org/athletes/athlete=14911804
230,1:02.92,,Serina SHIMIZU,16 NOV 2005,JPN,1f1,,"Prefectural Tendai Stadium, Chiba (JPN)",12 SEP 2021,938,women_400h,2021,https://worldathletics.org/athletes/japan/serina-shimizu-14982166
234,1:02.93,,Hanane AKIZAWA,12 JUL 2003,JPN,2h6,,"Universiade Commemorative Stadium, Kobe (JPN)",18 JUN 2021,938,women_400h,2021,https://worldathletics.org/athletes/japan/hanane-akizawa-14966952
235,1:02.95,,Mai DOMOTO,26 OCT 2000,JPN,5,,"Memorial Park Stadium, Amagasaki (JPN)",02 APR 2021,937,women_400h,2021,https://worldathletics.org/athletes/japan/mai-domoto-14956606
236,1:02.96,,Kotone YOSHIHARA,10 APR 2004,JPN,4,,"Ehime Athletics Stadium, Matsuyama (JPN)",20 JUN 2021,937,women_400h,2021,https://worldathletics.org/athletes/japan/kotone-yoshihara-14955314
236,1:02.96,,Michika YOKOKI,03 SEP 2004,JPN,3,,"Athletics Stadium, Toyama (JPN)",21 AUG 2021,937,women_400h,2021,https://worldathletics.org/athletes/japan/michika-yokoki-014959233
238,1:02.99,,Asuka HATTORI,16 NOV 2003,JPN,1h3,,"Municipal Mizuho Stadium, Nagoya (JPN)",17 JUL 2021,936,women_400h,2021,https://worldathletics.org/athletes/japan/asuka-hattori-14954466
238,1:02.99,,Yuzuki ENDO,11 DEC 2003,JPN,4h5,,"Prefectural Stadium, Fukui (JPN)",29 JUL 2021,936,women_400h,2021,https://worldathletics.org/athletes/japan/yuzuki-endo-14956824
240,1:03.00,,Yoko SHIMADA,07 MAY 1992,JPN,6h2,,"Yanmar Stadium Nagai, Osaka (JPN)",26 SEP 2021,936,women_400h,2021,https://worldathletics.org/athletes/athlete=14722792
241,1:03.02,,Arpitha MANJUNATHA,11 FEB 1993,IND,2,,Lucknow (IND),21 AUG 2021,935,women_400h,2021,https://worldathletics.org/athletes/athlete=14497980
241,1:03.02,,Momoka TAKASAKI,10 MAR 2004,JPN,2,,"Municipal Mizuho Stadium, Nagoya (JPN)",03 OCT 2021,935,women_400h,2021,https://worldathletics.org/athletes/japan/momoka-takasaki-14956378
243,1:03.04,,Chia-Chun LI,08 SEP 2003,TPE,2,,New Taipei City (TPE),12 MAR 2021,935,women_400h,2021,https://worldathletics.org/athletes/chinese-taipei/chia-chun-li-14954159
243,1:03.04,,Akiho TATENO,15 SEP 2003,JPN,2,,"Kamiyugi Park Athletic Stadium, Hachioji (JPN)",25 APR 2021,935,women_400h,2021,https://worldathletics.org/athletes/athlete=14901134
243,1:03.04,,Sakura MAEDA,04 APR 2004,JPN,4,,"Ishin Me-Life Stadium, Yamaguchi (JPN)",19 JUN 2021,935,women_400h,2021,https://worldathletics.org/athletes/japan/sakura-maeda-14998847
243,1:03.04,,Sae OGAWA,18 AUG 1999,JPN,3,,"NITTAIDAI Athletic Stadium, Yokohama (JPN)",29 AUG 2021,935,women_400h,2021,https://worldathletics.org/athletes/athlete=14900285
247,1:03.05,,Ya-Hsin LIN,23 APR 1998,TPE,2h3,,New Taipei City (TPE),19 OCT 2021,934,women_400h,2021,https://worldathletics.org/athletes/athlete=14705954
248,1:03.06,,Mao FUJITA,07 FEB 2003,JPN,1,,"Prefectural Stadium, Marugame (JPN)",24 OCT 2021,934,women_400h,2021,https://worldathletics.org/athletes/athlete=14941930
249,1:03.09,,Kokoa HOSHINO,15 JUL 2003,JPN,2h1,,"Todoroki Stadium, Kawasaki (JPN)",19 JUN 2021,933,women_400h,2021,https://worldathletics.org/athletes/japan/kokoa-hoshino-14953679
249,1:03.09,,Umi NISHIMURA,04 MAY 2004,JPN,5,,"Ishin Me-Life Stadium, Yamaguchi (JPN)",19 JUN 2021,933,women_400h,2021,https://worldathletics.org/athletes/japan/umi-nishimura-14998844
251,1:03.10,,Miyu FUJII,07 JAN 2004,JPN,1,,"Expo '70 Stadium, Suita (JPN)",18 APR 2021,933,women_400h,2021,https://worldathletics.org/athletes/japan/miyu-fujii-14949726
251,1:03.10,,Reina JO,03 APR 2003,JPN,6,,"Ishin Me-Life Stadium, Yamaguchi (JPN)",19 JUN 2021,933,women_400h,2021,https://worldathletics.org/athletes/japan/reina-jo-14956005
253,1:03.11,,Yuki FUJIMOTO,13 JUN 2000,JPN,2f4,,"Municipal Stadium, Hiroshima (JPN)",21 AUG 2021,933,women_400h,2021,https://worldathletics.org/athletes/athlete=14855482
254,1:03.12,,Megumi SAITO,08 AUG 2001,JPN,4,,"Mitsuzawa Park Stadium, Yokohama (JPN)",27 JUN 2021,932,women_400h,2021,https://worldathletics.org/athletes/japan/megumi-saito-14955323
255,1:03.13,,Faezeh TABATABAEI,13 APR 1996,IRI,2,,"Aftab Enghelab Sport Complex, Tehran (IRI)",10 OCT 2021,932,women_400h,2021,https://worldathletics.org/athletes/athlete=14853832
256,1:03.15,,Yuna KANEMITSU,05 DEC 1999,JPN,1,,"Kyushu Kyoritsu University Stadium, Kitakyushu (JPN)",10 APR 2021,932,women_400h,2021,https://worldathletics.org/athletes/japan/yuna-kanemitsu-14957734
256,1:03.15,,Leyi CHEN,13 MAY 2003,CHN,3h3,,Zhaoqing (CHN),25 APR 2021,932,women_400h,2021,https://worldathletics.org/athletes/athlete=14885003
256,1:03.15,,Yeon-ju PARK,11 MAR 2003,KOR,1,,Gumi (KOR),11 OCT 2021,932,women_400h,2021,https://worldathletics.org/athletes/korea/yeon-ju-park-14980522
259,1:03.16,,Yumeka KAGAWA,02 NOV 2001,JPN,1,,"Shinobugaoka Stadium, Fukushima (JPN)",25 APR 2021,931,women_400h,2021,https://worldathletics.org/athletes/athlete=14861104
260,1:03.21,,Miyabi KAWASHIMA,13 JUL 1999,JPN,2,,"Prefectural Tendai Stadium, Chiba (JPN)",04 JUL 2021,930,women_400h,2021,https://worldathletics.org/athletes/athlete=14853604
261,1:03.22,,Miho SHIMIZU,12 JUL 2004,JPN,5,,"Mitsuzawa Park Stadium, Yokohama (JPN)",27 JUN 2021,930,women_400h,2021,https://worldathletics.org/athletes/japan/miho-shimizu-14964690
262,1:03.26,,Miki MATSUMOTO,13 JAN 2003,JPN,7f1,,"Universiade Commemorative Stadium, Kobe (JPN)",10 OCT 2021,929,women_400h,2021,https://worldathletics.org/athletes/athlete=14896815
263,1:03.27,,Kamila KUCHKAROVA,22 JUL 1995,UZB,2,,Tashkent (UZB),15 MAY 2021,928,women_400h,2021,https://worldathletics.org/athletes/athlete=14916462
263,1:03.27,,Akari TANOGASHIRA,19 AUG 2003,JPN,4h2,,"Prefectural Stadium, Fukui (JPN)",29 JUL 2021,928,women_400h,2021,https://worldathletics.org/athletes/athlete=14860677
265,1:03.28,,Anila VENU,06 DEC 1998,IND,2,,Malappuram (IND),27 AUG 2021,928,women_400h,2021,https://worldathletics.org/athletes/athlete=14925545
265,1:03.28,,G.D. Niroshika LAKMALI,25 NOV 1989,SRI,3,,Colombo (SRI),31 OCT 2021,928,women_400h,2021,https://worldathletics.org/athletes/athlete=14606678
265,1:03.28,,Chao-chen CHUNG,17 DEC 2004,TPE,2,,New Taipei City (TPE),05 DEC 2021,928,women_400h,2021,https://worldathletics.org/athletes/chinese-taipei/chao-chen-chung-14954230
268,1:03.29,,Karin ODAMA,21 OCT 1999,JPN,2f3,,"NITTAIDAI Athletic Stadium, Yokohama (JPN)",31 OCT 2021,928,women_400h,2021,https://worldathletics.org/athletes/athlete=14767132
269,1:03.30,,Pardis ABDOLMAOHAMMADI,04 MAY 2000,IRI,2,,Tehran (IRI),06 SEP 2021,927,women_400h,2021,https://worldathletics.org/athletes/athlete=14817868
270,1:03.32,,Aona TANI,03 JUL 2004,JPN,5,,"Ehime Athletics Stadium, Matsuyama (JPN)",20 JUN 2021,927,women_400h,2021,https://worldathletics.org/athletes/japan/aona-tani-14961649
270,1:03.32,,Yuka MAEHARA,16 JUN 2002,JPN,6,,"Mitsuzawa Park Stadium, Yokohama (JPN)",27 JUN 2021,927,women_400h,2021,https://worldathletics.org/athletes/japan/yuka-maehara-14964688
272,1:03.33,,Natsuki TOYAMA,24 MAY 2000,JPN,4,,"Nagaragawa Stadium, Gifu (JPN)",09 MAY 2021,927,women_400h,2021,https://worldathletics.org/athletes/athlete=14855673
272,1:03.33,,Tsugumi NAKAI,15 DEC 2003,JPN,1,,"Kimiidera Park Athletic Field, Wakayama (JPN)",11 JUL 2021,927,women_400h,2021,https://worldathletics.org/athletes/japan/tsugumi-nakai-14976151
274,1:03.34,,Sridhar AARTHI,29 MAR 1998,IND,2,,"Jawaharlal Nehru Stadium, Chennai (IND)",17 OCT 2021,926,women_400h,2021,https://worldathletics.org/athletes/athlete=14910140
275,1:03.35,,Nanami KATO,01 MAY 1999,JPN,2f3,,"Nagai Stadium No. 2, Osaka (JPN)",05 AUG 2021,926,women_400h,2021,https://worldathletics.org/athletes/japan/nanami-kato-14949721
276,1:03.37,,Riria ONO,04 JUN 2001,JPN,4h1,,"Gion Stadium, Sagamihara (JPN)",22 MAY 2021,925,women_400h,2021,https://worldathletics.org/athletes/athlete=14897052
277,1:03.38,,Kiri KOSIKAWA,20 DEC 2003,JPN,3h2,,"Todoroki Stadium, Kawasaki (JPN)",19 JUN 2021,925,women_400h,2021,https://worldathletics.org/athletes/japan/kiri-kosikawa-14995926
278,1:03.39,,Zhengqian ZHAI,11 JUN 1999,CHN,5,,Shaoxing (CHN),09 APR 2021,925,women_400h,2021,https://worldathletics.org/athletes/athlete=14811248
279,1:03.40,,Cha-soon SIM,27 JAN 1996,KOR,3,,Jeongseon (KOR),27 JUN 2021,925,women_400h,2021,https://worldathletics.org/athletes/athlete=14604583
279,1:03.40,,Ryusui MORITA,,JPN,2,,"Ryuhoku Stadium, Okazaki (JPN)",26 SEP 2021,925,women_400h,2021,https://worldathletics.org/athletes/japan/ryusui-morita-15005150
281,1:03.41,,Kaon YOSHIDA,02 JUN 2001,JPN,7,,"Mitsuzawa Park Stadium, Yokohama (JPN)",27 JUN 2021,924,women_400h,2021,https://worldathletics.org/athletes/athlete=14861116
281,1:03.41,,Tae-yeon KIM,28 NOV 2003,KOR,2,,Gumi (KOR),11 OCT 2021,924,women_400h,2021,https://worldathletics.org/athletes/athlete=14849657
283,1:03.42,,Nanoha UENO,13 JUL 2001,JPN,1f4,,"Kokushikan University Stadium, Tama (JPN)",13 JUN 2021,924,women_400h,2021,https://worldathletics.org/athletes/japan/nanoha-ueno-14955876
284,1:03.43,,Kurumi IKEDA,24 AUG 2004,JPN,7,,"Ishin Me-Life Stadium, Yamaguchi (JPN)",19 JUN 2021,924,women_400h,2021,https://worldathletics.org/athletes/japan/kurumi-ikeda-15001124
284,1:03.43,,Yu ABE,22 SEP 2004,JPN,1sf1,,"Prefectural Stadium, Kumagaya (JPN)",22 SEP 2021,924,women_400h,2021,https://worldathletics.org/athletes/japan/yu-abe-14961198
286,1:03.44,,Maya ISHIZAWA,01 SEP 2001,JPN,5h1,,"Prefectural Stadium, Kumagaya (JPN)",18 SEP 2021,924,women_400h,2021,https://worldathletics.org/athletes/athlete=14855704
287,1:03.46,,D.G.N.D. WICKRAMESINGHE,06 SEP 1987,SRI,3,,"Sugathadasa Stadium, Colombo (SRI)",09 APR 2021,923,women_400h,2021,https://worldathletics.org/athletes/athlete=14483764
287,1:03.46,,Nanami MISAWA,24 JUL 2003,JPN,1f1,,"Shinshu SkyPark Athletic Field, Matsumoto (JPN)",10 JUL 2021,923,women_400h,2021,https://worldathletics.org/athletes/japan/nanami-misawa-14995754
289,1:03.51,,Tsuzumi MIYAMAE,07 APR 2001,JPN,9f1,,"Nagai Stadium No. 2, Osaka (JPN)",17 MAR 2021,922,women_400h,2021,https://worldathletics.org/athletes/athlete=14861109
290,1:03.52,,Yuna SHIMIZU,23 AUG 2002,JPN,5,,"Gion Stadium, Sagamihara (JPN)",12 SEP 2021,921,women_400h,2021,https://worldathletics.org/athletes/japan/yuna-shimizu-14960474
291,1:03.53,,Yuka NAKAMURA,28 DEC 2002,JPN,7f2,,"Takebishi Stadium, Kyoto (JPN)",23 MAY 2021,921,women_400h,2021,https://worldathletics.org/athletes/japan/yuka-nakamura-14949701
292,1:03.57,,Honoka YUKIMURA,05 OCT 1999,JPN,3f1,,"NITTAIDAI Athletic Stadium, Yokohama (JPN)",10 APR 2021,920,women_400h,2021,https://worldathletics.org/athletes/athlete=14901132
292,1:03.57,,Rene SHINTO,05 APR 2003,JPN,1,,"Shirakobato Sports Park, Koshigaya (JPN)",24 APR 2021,920,women_400h,2021,https://worldathletics.org/athletes/japan/rene-shinto-14982815
292,1:03.57,,Mio SEKIGUCHI,08 APR 2003,JPN,4h2,,"Todoroki Stadium, Kawasaki (JPN)",19 JUN 2021,920,women_400h,2021,https://worldathletics.org/athletes/athlete=14901141
295,1:03.58,,Hsin-Ju CHUNG,04 AUG 2004,TPE,1,,Taipei City (TPE),20 NOV 2021,920,women_400h,2021,https://worldathletics.org/athletes/chinese-taipei/hsin-ju-chung-15007045
296,1:03.59,,Miho KONDO,14 MAY 2002,JPN,1f3,,"Universiade Commemorative Stadium, Kobe (JPN)",10 OCT 2021,919,women_400h,2021,https://worldathletics.org/athletes/japan/miho-kondo-14997377
297,1:03.60,,Satsuki SAOKA,18 AUG 2005,JPN,1h1,,"Universiade Commemorative Stadium, Kobe (JPN)",21 AUG 2021,919,women_400h,2021,https://worldathletics.org/athletes/japan/satsuki-saoka-14967466
298,1:03.62,,Yuzuka TSUCHIYA,15 NOV 2003,JPN,3,,"Prefectural Stadium, Kumagaya (JPN)",27 JUN 2021,919,women_400h,2021,https://worldathletics.org/athletes/japan/yuzuka-tsuchiya-14955874
299,1:03.66,,Rin TSURUYA,14 APR 2004,JPN,4,,"Municipal Nishikyogoku Stadium, Kyoto (JPN)",17 SEP 2021,917,women_400h,2021,https://worldathletics.org/athletes/japan/rin-tsuruya-14980226
300,1:03.70,,Ayano KOIDE,10 NOV 2001,JPN,2,,"Hakatanomori Athletic Stadium, Fukuoka (JPN)",07 AUG 2021,916,women_400h,2021,https://worldathletics.org/athletes/japan/ayano-koide-14957735
1,55.61,,Jiadie MO,06 JAN 2000,CHN,1f2,,"Vanderbilt Track, Nashville, TN (USA)",05 JUN 2022,1154,women_400h,2022,https://worldathletics.org/athletes/athlete=14744957
2,56.38,,Ami YAMAMOTO,19 APR 2002,JPN,1,,"Yanmar Stadium Nagai, Osaka (JPN)",12 JUN 2022,1130,women_400h,2022,https://worldathletics.org/athletes/athlete=14861142
3,56.41,,Thi Huyen NGUYEN,19 MAY 1993,VIE,1,,"My Dinh National Stadium, Hanoi (VIE)",17 MAY 2022,1129,women_400h,2022,https://worldathletics.org/athletes/athlete=14524764
4,56.44,,Robyn BROWN,27 JUL 1994,PHI,2,,"My Dinh National Stadium, Hanoi (VIE)",17 MAY 2022,1128,women_400h,2022,https://worldathletics.org/athletes/athlete=14893469
5,56.57,,Vithya RAMRAJ,20 SEP 1998,IND,1,,Gujarat (IND),04 OCT 2022,1124,women_400h,2022,https://worldathletics.org/athletes/athlete=14776046
6,56.78,,Aminat JAMAL,27 JUN 1997,BRN,7h2,,"Hayward Field, Eugene, OR (USA)",19 JUL 2022,1118,women_400h,2022,https://worldathletics.org/athletes/athlete=14701082
7,56.90,,Eri UTSUNOMIYA,11 APR 1993,JPN,2,,"Yanmar Stadium Nagai, Osaka (JPN)",12 JUN 2022,1114,women_400h,2022,https://worldathletics.org/athletes/athlete=14664132
8,57.24,,Satsuki UMEHARA,22 MAY 1994,JPN,1,,"Nagaragawa Stadium, Gifu (JPN)",25 SEP 2022,1104,women_400h,2022,https://worldathletics.org/athletes/athlete=14444482
9,57.53,,Nurul Faizah MAZLAN,04 JUL 1991,MAS,1,,Kuala Lumpur (MAS),26 MAR 2022,1095,women_400h,2022,https://worldathletics.org/athletes/athlete=14290832
10,57.57,,Moe MATSUOKA,02 MAR 2003,JPN,3,,"Yanmar Stadium Nagai, Osaka (JPN)",12 JUN 2022,1094,women_400h,2022,https://worldathletics.org/athletes/athlete=14895835
11,57.80,,Yingying KONG,22 MAR 2003,CHN,1,,Huangshi (CHN),15 JUL 2022,1087,women_400h,2022,https://worldathletics.org/athletes/athlete=14884045
12,57.96,,Honoka AOKI,24 SEP 2001,JPN,2,,"National Stadium, Tokyo (JPN)",22 MAY 2022,1082,women_400h,2022,https://worldathletics.org/athletes/athlete=14855506
13,58.04,,Mei KUDO,18 NOV 2002,JPN,1h2,,"Prefectural Shizuoka Stadium, Fukuroi (JPN)",03 MAY 2022,1080,women_400h,2022,https://worldathletics.org/athletes/athlete=14861100
14,58.09,,Akiko ITO,26 MAY 1995,JPN,2h2,,"Yanmar Stadium Nagai, Osaka (JPN)",11 JUN 2022,1078,women_400h,2022,https://worldathletics.org/athletes/athlete=14562727
15,58.18,,Karen YOKOTA,17 MAR 1999,JPN,1,,"Municipal Nishikyogoku Stadium, Kyoto (JPN)",04 SEP 2022,1075,women_400h,2022,https://worldathletics.org/athletes/athlete=14856898
16,58.27,,Yuka KAWAMURA,28 DEC 2001,JPN,2f2,,"Denka Big Swan Stadium, Niigata (JPN)",02 OCT 2022,1073,women_400h,2022,https://worldathletics.org/athletes/athlete=14855694
17,58.31,,Changwei LU,08 NOV 2001,CHN,5f1,,"Estadio Francisco Montaner, Ponce (PUR)",12 MAY 2022,1071,women_400h,2022,https://worldathletics.org/athletes/athlete=14811638
18,58.35,,R. ARATHI,21 MAY 2001,IND,1,,Bhubaneshwar (IND),24 FEB 2022,1070,women_400h,2022,https://worldathletics.org/athletes/athlete=14862001
19,58.41,,Mio TSUJII,24 NOV 2000,JPN,1f2,,"Ishin Me-Life Stadium, Yamaguchi (JPN)",16 OCT 2022,1068,women_400h,2022,https://worldathletics.org/athletes/athlete=14815091
20,58.42,,Asaki ARITA,03 SEP 2000,JPN,3,,"Takebishi Stadium, Kyoto (JPN)",11 SEP 2022,1068,women_400h,2022,https://worldathletics.org/athletes/athlete=14860820
21,58.46,,Anu RAGHAVAN,20 APR 1993,IND,1,,Thenhipalam (IND),15 MAY 2022,1067,women_400h,2022,https://worldathletics.org/athletes/athlete=14436789
22,58.54,,Miku TAKINO,19 JUN 2005,JPN,1,,"Naruto Sports Park, Tokushima (JPN)",05 AUG 2022,1065,women_400h,2022,https://worldathletics.org/athletes/japan/miku-takino-14954560
23,58.56,,Rui TSUGAWA,24 NOV 2001,JPN,3h3,,"Prefectural Shizuoka Stadium, Fukuroi (JPN)",03 MAY 2022,1064,women_400h,2022,https://worldathletics.org/athletes/athlete=14825125
24,58.61,,Ayesha IBRAHIM,16 JAN 1998,JPN,2,,"ND Soft Stadium, Tendo (JPN)",15 MAY 2022,1062,women_400h,2022,https://worldathletics.org/athletes/athlete=14898323
25,58.65,,Adelina AKHMETOVA,25 DEC 1998,KAZ,1,,Almaty (KAZ),10 JUN 2022,1061,women_400h,2022,https://worldathletics.org/athletes/athlete=14714397
26,58.73,,Kawshalya MADUSHANI,13 NOV 1995,SRI,1,,Diyagama (SRI),09 APR 2022,1059,women_400h,2022,https://worldathletics.org/athletes/sri-lanka/kawshalya-madushani-14651473
27,58.74,,Sinchal KAVERAMMA,05 FEB 2001,IND,3,,Gujarat (IND),04 OCT 2022,1059,women_400h,2022,https://worldathletics.org/athletes/india/sinchal-kaveramma-14997703
28,58.90,,Tomoka SAITOU,02 JUL 2000,JPN,1f1,,"Nagai Stadium No. 2, Osaka (JPN)",05 AUG 2022,1054,women_400h,2022,https://worldathletics.org/athletes/athlete=14855683
29,58.98,,Yifan ZOU,11 DEC 2000,CHN,1,,Fuzhou (CHN),30 APR 2022,1051,women_400h,2022,https://worldathletics.org/athletes/athlete=14839833
30,59.00,,Veerpal KAUR,07 SEP 1997,IND,3,,"Sree Kanteerava Outdoor Stadium, Bengaluru (IND)",19 OCT 2022,1051,women_400h,2022,https://worldathletics.org/athletes/athlete=14670522
31,59.09,,Asuruhan Marino TANERU,28 JUL 2003,JPN,4,,"National Stadium, Tokyo (JPN)",22 MAY 2022,1048,women_400h,2022,https://worldathletics.org/athletes/athlete=14852852
31,59.09,,Akane MINAMISAWA,23 SEP 1997,JPN,1f1,,"Denka Big Swan Stadium, Niigata (JPN)",02 OCT 2022,1048,women_400h,2022,https://worldathletics.org/athletes/athlete=14858495
33,59.12,,Umi KASHIWAGURA,18 MAY 2004,JPN,2,,"Naruto Sports Park, Tokushima (JPN)",05 AUG 2022,1047,women_400h,2022,https://worldathletics.org/athletes/athlete=14921671
34,59.17,,Kano NAITO,07 JUN 2004,JPN,1sf1,,"Naruto Sports Park, Tokushima (JPN)",05 AUG 2022,1046,women_400h,2022,https://worldathletics.org/athletes/japan/kano-naito-14957207
35,59.19,,Pragyan Prasanti SAHU,19 DEC 1999,IND,4,,Gujarat (IND),04 OCT 2022,1045,women_400h,2022,https://worldathletics.org/athletes/athlete=14841057
36,59.26,,Nanami TAKANO,24 JUL 2001,JPN,7,,"Takebishi Stadium, Kyoto (JPN)",11 SEP 2022,1043,women_400h,2022,https://worldathletics.org/athletes/athlete=14861098
37,59.30,,RUPAL,23 DEC 2004,IND,2,,Bhubaneshwar (IND),24 FEB 2022,1042,women_400h,2022,https://worldathletics.org/athletes/athlete=14921188
38,59.31,,Pei-Lin LO,01 FEB 1994,TPE,1,,New Taipei City (TPE),29 MAY 2022,1042,women_400h,2022,https://worldathletics.org/athletes/athlete=14483702
38,59.31,,Ying OU,03 DEC 2001,CHN,1,,Fuzhou (CHN),23 OCT 2022,1042,women_400h,2022,https://worldathletics.org/athletes/athlete=14795241
40,59.32,,Kasumi YOSHIDA,10 MAR 1999,JPN,4h3,,"Yanmar Stadium Nagai, Osaka (JPN)",11 JUN 2022,1041,women_400h,2022,https://worldathletics.org/athletes/athlete=14719715
41,59.36,,. SIMMY,22 SEP 2003,IND,1,,Narwana (IND),13 MAR 2022,1040,women_400h,2022,https://worldathletics.org/athletes/athlete=15022641
42,59.37,,Yirui DING,30 OCT 2002,CHN,1,,Huzhou (CHN),05 JUN 2022,1040,women_400h,2022,https://worldathletics.org/athletes/athlete=14857824
43,59.45,,Meri MASUKO,15 APR 2003,JPN,1h3,,"Takebishi Stadium, Kyoto (JPN)",10 SEP 2022,1038,women_400h,2022,https://worldathletics.org/athletes/athlete=14901137
44,59.49,,. GUDIYA,14 SEP 1998,IND,3,,Bhubaneshwar (IND),24 FEB 2022,1036,women_400h,2022,https://worldathletics.org/athletes/athlete=14910150
45,59.50,,Chiharu ARUGA,22 APR 2001,JPN,4,,"Lemon Gas Stadium, Hiratsuka (JPN)",17 APR 2022,1036,women_400h,2022,https://worldathletics.org/athletes/athlete=14855682
45,59.50,,Suzuka KAWABATA,13 JUL 1993,JPN,5h2,,"Yanmar Stadium Nagai, Osaka (JPN)",11 JUN 2022,1036,women_400h,2022,https://worldathletics.org/athletes/athlete=14591170
47,59.52,,Nano NAKANO,10 JUN 2001,JPN,6h1,,"Yanmar Stadium Nagai, Osaka (JPN)",11 JUN 2022,1036,women_400h,2022,https://worldathletics.org/athletes/athlete=14855487
47,59.52,,Koto OKUYAMA,01 FEB 2001,JPN,1,,"Koshin Gom Athlete Park, Sendai (JPN)",09 JUL 2022,1036,women_400h,2022,https://worldathletics.org/athletes/athlete=14855486
49,59.65,,Hongyan WANG,14 NOV 1998,CHN,2,,Huangshi (CHN),15 JUL 2022,1032,women_400h,2022,https://worldathletics.org/athletes/athlete=14750687
50,59.72,,Kyeong-mi SON,09 FEB 1990,KOR,1,,Ulsan (KOR),10 OCT 2022,1030,women_400h,2022,https://worldathletics.org/athletes/athlete=14289898
51,59.73,,Yuriko MITO,05 APR 1995,JPN,4h2,,"Tochigi Prefectural Sports Park Stadium, Utsunomiya (JPN)",09 OCT 2022,1029,women_400h,2022,https://worldathletics.org/athletes/athlete=14766811
52,59.81,,Rene SHINTO,05 APR 2003,JPN,1,,"JIT Recycled Ink Stadium, Kofu (JPN)",20 AUG 2022,1027,women_400h,2022,https://worldathletics.org/athletes/japan/rene-shinto-14982815
53,59.82,,Moeno TSUKAMOTO,18 FEB 2004,JPN,1h1,,"Yanmar Stadium Nagai, Osaka (JPN)",11 JUN 2022,1027,women_400h,2022,https://worldathletics.org/athletes/athlete=14912055
54,59.85,,Yu-Chieh LIN,08 SEP 1998,TPE,1,,Taoyuan (TPE),11 MAY 2022,1026,women_400h,2022,https://worldathletics.org/athletes/athlete=14591671
54,59.85,,Namichi NAKANO,02 AUG 2001,JPN,2f2,,"NITTAIDAI Athletic Stadium, Yokohama (JPN)",26 JUN 2022,1026,women_400h,2022,https://worldathletics.org/athletes/athlete=14861106
56,59.92,,Mizuna ONO,09 DEC 2002,JPN,3,,"JIT Recycled Ink Stadium, Kofu (JPN)",20 AUG 2022,1024,women_400h,2022,https://worldathletics.org/athletes/athlete=14855450
57,59.94,,Mahiro WASADA,18 NOV 2004,JPN,1,,"Municipal Mizuho Stadium, Nagoya (JPN)",16 JUL 2022,1023,women_400h,2022,https://worldathletics.org/athletes/japan/mahiro-wasada-14958609
57,59.94,,Moe OSHIDEN,19 AUG 1993,JPN,3,,"Municipal Nishikyogoku Stadium, Kyoto (JPN)",04 SEP 2022,1023,women_400h,2022,https://worldathletics.org/athletes/athlete=14521628
59,1:00.01,,Zhangyan QIU,14 AUG 1998,CHN,1,,"Sichuan Xipu Training Base, Chengdu (CHN)",06 AUG 2022,1021,women_400h,2022,https://worldathletics.org/athletes/athlete=14668302
60,1:00.08,,J. DHIVYA,31 JAN 1998,IND,4,,"Jawaharlal Nehru Stadium, Chennai (IND)",14 JUN 2022,1019,women_400h,2022,https://worldathletics.org/athletes/athlete=14818587
61,1:00.16,,Qi YANG,10 OCT 2000,CHN,1,,Xi'an (CHN),10 JUN 2022,1017,women_400h,2022,https://worldathletics.org/athletes/athlete=14839838
62,1:00.17,,Kazuki HIGA,01 NOV 1998,JPN,3f1,,"Denka Big Swan Stadium, Niigata (JPN)",02 OCT 2022,1017,women_400h,2022,https://worldathletics.org/athletes/athlete=14719708
63,1:00.18,,Makoto NAKAMURA,25 JAN 2005,JPN,3sf1,,"Naruto Sports Park, Tokushima (JPN)",05 AUG 2022,1016,women_400h,2022,https://worldathletics.org/athletes/athlete=14921674
64,1:00.19,,Xue TAO,26 OCT 1999,CHN,3,,Huangshi (CHN),15 JUL 2022,1016,women_400h,2022,https://worldathletics.org/athletes/athlete=14750688
65,1:00.21,,. BHATERI,20 MAY 1996,IND,2,,Narwana (IND),13 MAR 2022,1015,women_400h,2022,https://worldathletics.org/athletes/athlete=14823006
65,1:00.21,,Saya MATSUME,27 JUL 2004,JPN,1,,"Ryuhoku Stadium, Okazaki (JPN)",21 MAY 2022,1015,women_400h,2022,https://worldathletics.org/athletes/japan/saya-matsume-14956376
67,1:00.22,,Mizuki NOBUYASU,08 JUL 2001,JPN,3,,"Nagai Stadium No. 2, Osaka (JPN)",21 OCT 2022,1015,women_400h,2022,https://worldathletics.org/athletes/athlete=14861105
68,1:00.23,,Amesha Piumanthi Hettiarachchi HETTIARACHCHILAGE,03 MAY 2003,SRI,2,,Diyagama (SRI),09 APR 2022,1015,women_400h,2022,https://worldathletics.org/athletes/athlete=14853827
69,1:00.28,,Yuika MORI,05 DEC 2002,JPN,1,,"Hakatanomori Athletic Stadium, Fukuoka (JPN)",21 MAY 2022,1013,women_400h,2022,https://worldathletics.org/athletes/japan/yuika-mori-14954782
69,1:00.28,,Miku KAMIMURA,24 JUN 2001,JPN,2h3,,"Takebishi Stadium, Kyoto (JPN)",10 SEP 2022,1013,women_400h,2022,https://worldathletics.org/athletes/athlete=14855709
69,1:00.28,,Sumika OKAWA,12 NOV 2003,JPN,4f1,,"Denka Big Swan Stadium, Niigata (JPN)",02 OCT 2022,1013,women_400h,2022,https://worldathletics.org/athletes/athlete=14896770
72,1:00.36,,Rin OKUBAYASHI,07 AUG 2001,JPN,1f1,,"Try Stadium, Osaka (JPN)",18 JUL 2022,1011,women_400h,2022,https://worldathletics.org/athletes/athlete=14861110
73,1:00.37,,. NANHI,16 OCT 1999,IND,2,,Raebareli (IND),30 AUG 2022,1011,women_400h,2022,https://worldathletics.org/athletes/athlete=14734726
74,1:00.42,,Ji-eun KIM,16 JUN 1992,KOR,2,,Ulsan (KOR),10 OCT 2022,1009,women_400h,2022,https://worldathletics.org/athletes/athlete=14289713
75,1:00.44,,Yin-Ning LAI,24 FEB 2006,TPE,1,,New Taipei City (TPE),11 MAR 2022,1009,women_400h,2022,https://worldathletics.org/athletes/chinese-taipei/yin-ning-lai-14954210
76,1:00.45,,Bo-An YI,04 JUL 2006,TPE,2,,New Taipei City (TPE),11 MAR 2022,1008,women_400h,2022,https://worldathletics.org/athletes/chinese-taipei/bo-an-yi-14976378
77,1:00.47,,Ya-Ting LI,19 FEB 1999,TPE,2,,Taoyuan (TPE),11 MAY 2022,1008,women_400h,2022,https://worldathletics.org/athletes/athlete=14670024
78,1:00.50,,Ayana KUSAKA,10 NOV 2003,JPN,4,,"Yanmar Stadium Nagai, Osaka (JPN)",12 JUN 2022,1007,women_400h,2022,https://worldathletics.org/athletes/japan/ayana-kusaka-14952503
79,1:00.53,,P.O. SAYANA,11 MAR 1998,IND,3,,Thenhipalam (IND),15 MAY 2022,1006,women_400h,2022,https://worldathletics.org/athletes/athlete=14714271
79,1:00.53,,Svetlana KUZNETSOVA,29 JAN 1992,KAZ,2,,Almaty (KAZ),10 JUN 2022,1006,women_400h,2022,https://worldathletics.org/athletes/athlete=14375685
81,1:00.54,,B. SUMITHRA,23 AUG 2001,IND,2,,Coimbatore (IND),13 MAY 2022,1006,women_400h,2022,https://worldathletics.org/athletes/athlete=14768664
82,1:00.56,,Kyounghwa KIM,21 AUG 1991,KOR,1,,Naju (KOR),05 MAY 2022,1005,women_400h,2022,https://worldathletics.org/athletes/korea/kyounghwa-kim-14643971
82,1:00.56,,Yukino TABASHI,30 JAN 2003,JPN,1,,"Gion Stadium, Sagamihara (JPN)",19 SEP 2022,1005,women_400h,2022,https://worldathletics.org/athletes/japan/yukino-tabashi-14952968
84,1:00.59,,Yumeka KAGAWA,02 NOV 2001,JPN,1,,"Atsubetsu Park Stadium, Sapporo (JPN)",02 JUL 2022,1004,women_400h,2022,https://worldathletics.org/athletes/athlete=14861104
85,1:00.60,,Yunzhe JIANGLI,10 FEB 2002,CHN,2,,Fuzhou (CHN),30 APR 2022,1004,women_400h,2022,https://worldathletics.org/athletes/athlete=14857827
86,1:00.66,,Shahla MAHMOUDI,21 MAR 1991,IRI,1,,Tehran (IRI),15 SEP 2022,1002,women_400h,2022,https://worldathletics.org/athletes/athlete=14584684
87,1:00.67,,Rina TAWA,07 FEB 2002,JPN,6,,"Municipal Nishikyogoku Stadium, Kyoto (JPN)",28 MAY 2022,1002,women_400h,2022,https://worldathletics.org/athletes/athlete=14861097
87,1:00.67,,Wei LIU,01 JUN 2001,CHN,2,,"Sichuan Xipu Training Base, Chengdu (CHN)",06 AUG 2022,1002,women_400h,2022,https://worldathletics.org/athletes/athlete=14942225
89,1:00.68,,Riko MAEDA,15 APR 2005,JPN,2,,"Universiade Commemorative Stadium, Kobe (JPN)",16 SEP 2022,1002,women_400h,2022,https://worldathletics.org/athletes/japan/riko-maeda-14998630
90,1:00.69,,Moe NAKATSUKA,10 MAY 2000,JPN,2f1,,"Sports Park Stadium, Kobe (JPN)",17 APR 2022,1001,women_400h,2022,https://worldathletics.org/athletes/athlete=14855712
91,1:00.76,,Hsin-Ju CHUNG,04 AUG 2004,TPE,1,,Hualien (TPE),20 JUL 2022,999,women_400h,2022,https://worldathletics.org/athletes/chinese-taipei/hsin-ju-chung-15007045
92,1:00.78,,Satsuki SAOKA,18 AUG 2005,JPN,3,,"Universiade Commemorative Stadium, Kobe (JPN)",16 SEP 2022,999,women_400h,2022,https://worldathletics.org/athletes/japan/satsuki-saoka-14967466
93,1:00.79,,Koto MATSUMURA,02 NOV 2005,JPN,1,,"Municipal Mizuho Stadium, Nagoya (JPN)",22 JUL 2022,999,women_400h,2022,https://worldathletics.org/athletes/japan/koto-matsumura-14954720
94,1:00.80,,Mao SHIMANO,02 OCT 2001,JPN,2f3,,"NITTAIDAI Athletic Stadium, Yokohama (JPN)",30 OCT 2022,998,women_400h,2022,https://worldathletics.org/athletes/athlete=14855647
95,1:00.81,,Kano TACHIKAWA,06 SEP 2001,JPN,4,,"Nagai Stadium No. 2, Osaka (JPN)",21 OCT 2022,998,women_400h,2022,https://worldathletics.org/athletes/athlete=14861117
96,1:00.82,,Nozomi BAN,04 JUL 2001,JPN,2,,"Atsubetsu Park Stadium, Sapporo (JPN)",02 JUL 2022,998,women_400h,2022,https://worldathletics.org/athletes/athlete=14855628
97,1:00.83,,Manikam LOGANAYAKI,03 JUN 1997,IND,1,,Kolkata (IND),30 MAR 2022,997,women_400h,2022,https://worldathletics.org/athletes/athlete=14714272
97,1:00.83,,Arisa OGASAWARA,30 OCT 2004,JPN,6,,"Naruto Sports Park, Tokushima (JPN)",05 AUG 2022,997,women_400h,2022,https://worldathletics.org/athletes/japan/arisa-ogasawara-14977288
99,1:00.84,,Sena KAWACHI,13 APR 2003,JPN,6h3,,"Yanmar Stadium Nagai, Osaka (JPN)",11 JUN 2022,997,women_400h,2022,https://worldathletics.org/athletes/athlete=14897192
100,1:00.89,,Kanami MORIWAKI,29 MAY 2004,JPN,7,,"Naruto Sports Park, Tokushima (JPN)",05 AUG 2022,996,women_400h,2022,https://worldathletics.org/athletes/japan/kanami-moriwaki-14959840
101,1:00.90,,Anila VENU,06 DEC 1998,IND,5,,Bhubaneshwar (IND),24 FEB 2022,995,women_400h,2022,https://worldathletics.org/athletes/athlete=14925545
102,1:00.91,,Mei-Hsiu LIN,12 MAY 2003,TPE,3,,Taoyuan (TPE),11 MAY 2022,995,women_400h,2022,https://worldathletics.org/athletes/athlete=14845690
102,1:00.91,,Bernalyn BEJOY,01 SEP 2001,PHI,1,,Pasig (PHI),20 NOV 2022,995,women_400h,2022,https://worldathletics.org/athletes/athlete=14788477
104,1:00.92,,Serina SHIMIZU,16 NOV 2005,JPN,8,,"Naruto Sports Park, Tokushima (JPN)",05 AUG 2022,995,women_400h,2022,https://worldathletics.org/athletes/japan/serina-shimizu-14982166
105,1:00.93,,Kokoro YOSHIMURA,12 MAY 2004,JPN,3f1,,"Sports Park Stadium, Kobe (JPN)",17 APR 2022,995,women_400h,2022,https://worldathletics.org/athletes/japan/kokoro-yoshimura-14958859
105,1:00.93,,Luna MURAMATSU,14 OCT 2006,JPN,1,,"Komazawa Olympic Park Athletic Stadium, Tokyo (JPN)",25 AUG 2022,995,women_400h,2022,https://worldathletics.org/athletes/japan/luna-muramatsu-15028107
107,1:00.95,,Benny NONTANAM,15 MAY 2001,THA,3,,"My Dinh National Stadium, Hanoi (VIE)",17 MAY 2022,994,women_400h,2022,https://worldathletics.org/athletes/athlete=14847223
108,1:00.97,,Hikari OKUBO,17 FEB 1998,JPN,6h1,,"Nagaragawa Stadium, Gifu (JPN)",25 SEP 2022,993,women_400h,2022,https://worldathletics.org/athletes/athlete=14853645
109,1:01.03,,Nazanin FATEMEH,11 AUG 2005,IRI,1,,Al-Kuwait (KUW),15 OCT 2022,992,women_400h,2022,https://worldathletics.org/athletes/islamic-republic-of-iran/nazanin-fatemeh-15034311
110,1:01.08,,Arisa WERUWANARAK,26 JUN 2003,THA,1,,Ubon Ratchathani (THA),28 JUL 2022,990,women_400h,2022,https://worldathletics.org/athletes/athlete=14840465
111,1:01.12,,Akane NAGANO,10 MAY 2001,JPN,2sf1,,"Ehime Athletics Stadium, Matsuyama (JPN)",02 JUL 2022,989,women_400h,2022,https://worldathletics.org/athletes/japan/akane-nagano-14952079
112,1:01.15,,Rira HATTORI,27 SEP 2004,JPN,4h1,,"Yanmar Stadium Nagai, Osaka (JPN)",11 JUN 2022,988,women_400h,2022,https://worldathletics.org/athletes/japan/rira-hattori-14962635
112,1:01.15,,Ghofrane MOHAMMAD,06 JUN 1989,SYR,1,,"Olympic Sports Center, El Maadi (EGY)",17 SEP 2022,988,women_400h,2022,https://worldathletics.org/athletes/athlete=14302586
114,1:01.17,,Olimba STEFFI,15 FEB 2002,IND,2,,Bilaspur (IND),31 OCT 2022,988,women_400h,2022,https://worldathletics.org/athletes/athlete=14918526
115,1:01.18,,Ramandeep KAUR,20 DEC 2003,IND,2,,"Chhotubhai Purani Sports Complex, Nadiad (IND)",04 JUN 2022,987,women_400h,2022,https://worldathletics.org/athletes/india/ramandeep-kaur-15036842
116,1:01.21,,Tsuzumi MIYAMAE,07 APR 2001,JPN,5,,"Nagai Stadium No. 2, Osaka (JPN)",21 OCT 2022,986,women_400h,2022,https://worldathletics.org/athletes/athlete=14861109
117,1:01.23,,Ying Wen Ashleigh MA,20 JAN 2003,HKG,1,,Hong Kong (HKG),08 OCT 2022,986,women_400h,2022,https://worldathletics.org/athletes/athlete=14886704
118,1:01.24,,Rena KISHIMOTO,24 JUN 2006,JPN,1,,"Universiade Commemorative Stadium, Kobe (JPN)",16 SEP 2022,986,women_400h,2022,https://worldathletics.org/athletes/japan/rena-kishimoto-14957322
119,1:01.30,,Sayaka NAKASHIMA,07 APR 2004,JPN,,,"Municipal Mizuho Stadium, Nagoya (JPN)",22 JUL 2022,984,women_400h,2022,https://worldathletics.org/athletes/japan/sayaka-nakashima-14954453
120,1:01.31,,Nazuna OKAWA,22 JAN 2001,JPN,1,,"Komazawa Olympic Park Athletic Stadium, Tokyo (JPN)",02 MAY 2022,984,women_400h,2022,https://worldathletics.org/athletes/athlete=14855502
121,1:01.33,,Arisa MATSUO,15 JUN 2005,JPN,2,,"Municipal Nishikyogoku Stadium, Kyoto (JPN)",22 AUG 2022,983,women_400h,2022,https://worldathletics.org/athletes/japan/arisa-matsuo-15005193
122,1:01.34,,Ichika WASHIZU,30 MAR 2004,JPN,1h8,,"Ehime Athletics Stadium, Matsuyama (JPN)",01 JUL 2022,983,women_400h,2022,https://worldathletics.org/athletes/japan/ichika-washizu-14949228
123,1:01.36,,G.D. Niroshika LAKMALI,25 NOV 1989,SRI,2h2,,Diyagama (SRI),08 APR 2022,982,women_400h,2022,https://worldathletics.org/athletes/athlete=14606678
123,1:01.36,,Mahiro HASEGAWA,17 APR 2003,JPN,7,,"Municipal Nishikyogoku Stadium, Kyoto (JPN)",28 MAY 2022,982,women_400h,2022,https://worldathletics.org/athletes/athlete=14904550
125,1:01.38,,Vandana SHARMA,08 SEP 1998,IND,7,,"Sree Kanteerava Outdoor Stadium, Bengaluru (IND)",19 OCT 2022,982,women_400h,2022,https://worldathletics.org/athletes/athlete=14818378
126,1:01.41,,Momoko YAMAZAKI,17 JUN 2000,JPN,4,,"Koshin Gom Athlete Park, Sendai (JPN)",09 JUL 2022,981,women_400h,2022,https://worldathletics.org/athletes/japan/momoko-yamazaki-14997474
127,1:01.49,,Yuanhong CHEN,13 DEC 2000,CHN,3,,"Sichuan Xipu Training Base, Chengdu (CHN)",06 AUG 2022,978,women_400h,2022,https://worldathletics.org/athletes/athlete=14858764
127,1:01.49,,Mandy GOH LI,15 DEC 2000,MAS,1,,Kuala Lumpur (MAS),17 SEP 2022,978,women_400h,2022,https://worldathletics.org/athletes/athlete=14859377
129,1:01.50,,Haru HIRAKI,06 FEB 2005,JPN,2h2,,"Naruto Sports Park, Tokushima (JPN)",04 AUG 2022,978,women_400h,2022,https://worldathletics.org/athletes/japan/haru-hiraki-14952552
130,1:01.52,,Anastassiya KOLODA,15 AUG 2006,KAZ,2,,Al-Kuwait (KUW),15 OCT 2022,978,women_400h,2022,https://worldathletics.org/athletes/kazakhstan/anastassiya-koloda-15001542
131,1:01.54,,Yuxin LI,23 MAR 2005,CHN,1,,Huangshi (CHN),26 OCT 2022,977,women_400h,2022,https://worldathletics.org/athletes/pr-of-china/yuxin-li-15043460
132,1:01.56,,Misa HONDA,27 JUN 2000,JPN,1er2,,"NITTAIDAI Athletic Stadium, Yokohama (JPN)",11 AUG 2022,976,women_400h,2022,https://worldathletics.org/athletes/athlete=14855368
133,1:01.57,,Prajna KRISHNARAJA,25 JUL 2001,IND,3,,Bengaluru (IND),30 APR 2022,976,women_400h,2022,https://worldathletics.org/athletes/athlete=14862003
134,1:01.58,,Thi Thu Ha NGUYEN,05 MAY 2002,VIE,2,,Hanoi (VIE),16 DEC 2022,976,women_400h,2022,https://worldathletics.org/athletes/athlete=14852378
135,1:01.61,,Renee YANG,,TPE,4h1,,"Hayward Field, Eugene, OR (USA)",13 MAY 2022,975,women_400h,2022,https://worldathletics.org/athletes/chinese-taipei/renee-yang-15021006
135,1:01.61,,Delna PHILIP,17 MAY 2001,IND,3,,Bilaspur (IND),31 OCT 2022,975,women_400h,2022,https://worldathletics.org/athletes/athlete=14859340
137,1:01.63,,Irene-Li LAI,24 FEB 2006,TPE,3,,"Stade Helitas, Caen (FRA)",17 MAY 2022,974,women_400h,2022,https://worldathletics.org/athletes/chinese-taipei/irene-li-lai-15035405
138,1:01.65,,Ji-hyeon NHO,08 JUN 2000,KOR,2h1,,Ulsan (KOR),10 OCT 2022,974,women_400h,2022,https://worldathletics.org/athletes/athlete=14852503
139,1:01.75,,Kokona KATAYAMA,10 NOV 2005,JPN,1,,"Nagaragawa Stadium, Gifu (JPN)",30 OCT 2022,971,women_400h,2022,https://worldathletics.org/athletes/japan/kokona-katayama-14958789
140,1:01.81,,Mana OSHIKA,27 APR 2004,JPN,3h2,,"Naruto Sports Park, Tokushima (JPN)",04 AUG 2022,969,women_400h,2022,https://worldathletics.org/athletes/japan/mana-oshika-14962284
141,1:01.84,,Jiaqi WANG,07 MAR 2000,CHN,7,,Huangshi (CHN),15 JUL 2022,968,women_400h,2022,https://worldathletics.org/athletes/athlete=14839849
142,1:01.85,,Chao-chen CHUNG,17 DEC 2004,TPE,1,,Kaohsiung (TPE),28 FEB 2022,968,women_400h,2022,https://worldathletics.org/athletes/chinese-taipei/chao-chen-chung-14954230
142,1:01.85,,Kanaho HARA,13 APR 2002,JPN,2f2,,"Expo '70 Stadium, Suita (JPN)",05 APR 2022,968,women_400h,2022,https://worldathletics.org/athletes/athlete=14904942
142,1:01.85,,Chihiro HAYASHI,04 JAN 2002,JPN,4,,"Atsubetsu Park Stadium, Sapporo (JPN)",02 JUL 2022,968,women_400h,2022,https://worldathletics.org/athletes/athlete=14855684
145,1:01.87,,Babita SINGH,12 JUL 2000,IND,3,,Rohtak (IND),25 SEP 2022,968,women_400h,2022,https://worldathletics.org/athletes/athlete=14921071
146,1:01.90,,Yuka MAEHARA,16 JUN 2002,JPN,1,,"Tokyo Women's College of PE, Kunitachi (JPN)",11 AUG 2022,967,women_400h,2022,https://worldathletics.org/athletes/japan/yuka-maehara-14964688
147,1:01.91,,Yura ISHIKAWA,16 SEP 2005,JPN,1,,"Ojiyama Athletic Field, Otsu (JPN)",04 JUN 2022,966,women_400h,2022,https://worldathletics.org/athletes/japan/yura-ishikawa-15001260
148,1:01.92,,Yuzuki HAGA,16 APR 2004,JPN,4,,"Ryuhoku Stadium, Okazaki (JPN)",21 MAY 2022,966,women_400h,2022,https://worldathletics.org/athletes/japan/yuzuki-haga-14979733
148,1:01.92,,Maya ISHIZAWA,01 SEP 2001,JPN,1er1,,"NITTAIDAI Athletic Stadium, Yokohama (JPN)",11 AUG 2022,966,women_400h,2022,https://worldathletics.org/athletes/athlete=14855704
150,1:01.96,,Shreeya RAJESH,15 MAY 2005,IND,1,,"Tatya Tope Stadium, Bhopal (IND)",19 SEP 2022,965,women_400h,2022,https://worldathletics.org/athletes/india/shreeya-rajesh-15036843
151,1:01.97,,Pei-Shan WU,27 MAR 2000,TPE,2,,New Taipei City (TPE),29 MAY 2022,965,women_400h,2022,https://worldathletics.org/athletes/athlete=14689213
152,1:01.98,,Minami OSAKI,22 SEP 2003,JPN,5h2,,"National Stadium, Tokyo (JPN)",21 MAY 2022,964,women_400h,2022,https://worldathletics.org/athletes/japan/minami-osaki-14950948
152,1:01.98,,Kokomi MAEDE,19 JAN 2005,JPN,5sf1,,"Naruto Sports Park, Tokushima (JPN)",05 AUG 2022,964,women_400h,2022,https://worldathletics.org/athletes/japan/kokomi-maede-14950725
154,1:01.99,,Yuka NAKAMURA,28 DEC 2002,JPN,3f2,,"Expo '70 Stadium, Suita (JPN)",05 APR 2022,964,women_400h,2022,https://worldathletics.org/athletes/japan/yuka-nakamura-14949701
154,1:01.99,,Sami̇n Jafarzadeh DİZAJİ,03 OCT 2004,IRI,2,,Tehran (IRI),08 JUL 2022,964,women_400h,2022,https://worldathletics.org/athletes/islamic-republic-of-iran/samin-jafarzadeh-dizaji-15015486
156,1:02.01,,Rina YOSHIOKA,24 AUG 2001,JPN,1,,"NITTAIDAI Athletic Stadium, Yokohama (JPN)",31 JUL 2022,964,women_400h,2022,https://worldathletics.org/athletes/japan/rina-yoshioka-14963868
157,1:02.05,,Kazuki TSUKUDA,20 APR 2006,JPN,1f1,,"Sunrise Park, Saga (JPN)",15 OCT 2022,962,women_400h,2022,https://worldathletics.org/athletes/japan/kazuki-tsukuda-15000457
158,1:02.08,,Momoka MIYAKO,24 MAY 2004,JPN,5,,"Ryuhoku Stadium, Okazaki (JPN)",21 MAY 2022,962,women_400h,2022,https://worldathletics.org/athletes/japan/momoka-miyako-14956386
159,1:02.09,,Miki MATSUMOTO,13 JAN 2003,JPN,4f2,,"Expo '70 Stadium, Suita (JPN)",05 APR 2022,961,women_400h,2022,https://worldathletics.org/athletes/athlete=14896815
159,1:02.09,,Uruha HOSHIBA,10 JUN 2003,JPN,1,,"Ishikawa Athletics Stadium, Kanazawa (JPN)",23 JUL 2022,961,women_400h,2022,https://worldathletics.org/athletes/japan/uruha-hoshiba-14958120
161,1:02.11,,Ya-Hsin LIN,23 APR 1998,TPE,1,,Yilan (TPE),22 OCT 2022,961,women_400h,2022,https://worldathletics.org/athletes/athlete=14705954
162,1:02.12,,Cha-soon SIM,27 JAN 1996,KOR,2,,Goseong (KOR),07 JUL 2022,961,women_400h,2022,https://worldathletics.org/athletes/athlete=14604583
162,1:02.12,,Yae TOKUNAGA,16 SEP 2000,JPN,2h1,,"Takebishi Stadium, Kyoto (JPN)",17 JUL 2022,961,women_400h,2022,https://worldathletics.org/athletes/athlete=14849059
164,1:02.15,,Shiori CHIBA,31 OCT 2005,JPN,3h1,,"Naruto Sports Park, Tokushima (JPN)",04 AUG 2022,960,women_400h,2022,https://worldathletics.org/athletes/japan/shiori-chiba-15047895
165,1:02.16,,Tsugumi MATSUSHIMA,22 AUG 2000,JPN,3,,"Athletic Park, Ageo (JPN)",22 SEP 2022,959,women_400h,2022,https://worldathletics.org/athletes/japan/tsugumi-matsushima-14955320
166,1:02.17,,Rina HASSAN,12 SEP 2003,JPN,3sf1,,"Ehime Athletics Stadium, Matsuyama (JPN)",02 JUL 2022,959,women_400h,2022,https://worldathletics.org/athletes/japan/rina-hassan-14957211
167,1:02.21,,Aoi NOMA,25 AUG 2004,JPN,2,,"Municipal Nishikyogoku Stadium, Kyoto (JPN)",04 JUN 2022,958,women_400h,2022,https://worldathletics.org/athletes/japan/aoi-noma-14962141
168,1:02.22,,Natsumi MURATA,28 OCT 2002,JPN,2h1,,"Ehime Athletics Stadium, Matsuyama (JPN)",01 JUL 2022,958,women_400h,2022,https://worldathletics.org/athletes/japan/natsumi-murata-14949747
169,1:02.23,,Chiharu TOBA,20 NOV 2003,JPN,2f1,,"Municipal Nishikyogoku Stadium, Kyoto (JPN)",09 APR 2022,957,women_400h,2022,https://worldathletics.org/athletes/japan/chiharu-toba-14958858
169,1:02.23,,Kazumi NAGAYAMA,05 AUG 2004,JPN,5sf3,,"Naruto Sports Park, Tokushima (JPN)",05 AUG 2022,957,women_400h,2022,https://worldathletics.org/athletes/japan/kazumi-nagayama-15004926
171,1:02.25,,Tae-yeon KIM,28 NOV 2003,KOR,1,,Jeongseon (KOR),24 JUN 2022,957,women_400h,2022,https://worldathletics.org/athletes/athlete=14849657
171,1:02.25,,Jura IKEDA,27 OCT 2001,JPN,5,,"Atsubetsu Park Stadium, Sapporo (JPN)",02 JUL 2022,957,women_400h,2022,https://worldathletics.org/athletes/athlete=14855519
173,1:02.26,,Rahma ANNISA,1999,INA,1,,Kamis (INA),23 NOV 2022,957,women_400h,2022,https://worldathletics.org/athletes/athlete=14914469
174,1:02.30,,Yuki FUJIMOTO,13 JUN 2000,JPN,2,,"Fukuoka University Stadium, Fukuoka (JPN)",31 JUL 2022,955,women_400h,2022,https://worldathletics.org/athletes/athlete=14855482
175,1:02.31,,Mayumi ITO,03 MAY 1996,JPN,1,,"Naruto Sports Park, Tokushima (JPN)",01 MAY 2022,955,women_400h,2022,https://worldathletics.org/athletes/japan/mayumi-ito-14954400
176,1:02.32,,Ayano YASUDA,18 OCT 2002,JPN,3h4,,"Municipal Nishikyogoku Stadium, Kyoto (JPN)",27 MAY 2022,955,women_400h,2022,https://worldathletics.org/athletes/athlete=14898360
176,1:02.32,,Yuna SUGAWARA,15 JUL 2001,JPN,2h3,,"NITTAIDAI Athletic Stadium, Yokohama (JPN)",31 JUL 2022,955,women_400h,2022,https://worldathletics.org/athletes/athlete=14861112
178,1:02.34,,Yuka KOBAYASHI,03 NOV 2006,JPN,2,,"Universiade Commemorative Stadium, Kobe (JPN)",16 SEP 2022,954,women_400h,2022,https://worldathletics.org/athletes/japan/yuka-kobayashi-15050888
178,1:02.34,,Shravani Sachin SANGLE,16 NOV 2005,IND,2,,"Tatya Tope Stadium, Bhopal (IND)",19 SEP 2022,954,women_400h,2022,https://worldathletics.org/athletes/india/shravani-sachin-sangle-14993445
180,1:02.36,,Suzuka ISHIHARA,20 JUN 2005,JPN,1,,"Ishin Me-Life Stadium, Yamaguchi (JPN)",02 OCT 2022,954,women_400h,2022,https://worldathletics.org/athletes/japan/suzuka-ishihara-15000185
181,1:02.37,,A.P.M.S.K. ABEYRATHNE,,SRI,1,,Diyagama (SRI),17 SEP 2022,953,women_400h,2022,https://worldathletics.org/athletes/athlete=14735772
182,1:02.38,,Nanami TAHARA,27 MAY 2004,JPN,3h4,,"Naruto Sports Park, Tokushima (JPN)",04 AUG 2022,953,women_400h,2022,https://worldathletics.org/athletes/japan/nanami-tahara-14996389
182,1:02.38,,Toa ARAI,30 JAN 2005,JPN,2,,"Nakatsugawa Park Stadium, Gifu (JPN)",03 SEP 2022,953,women_400h,2022,https://worldathletics.org/athletes/japan/toa-arai-15000710
184,1:02.40,,Kanoko YAMAMOTO,28 JUL 2004,JPN,4h4,,"Naruto Sports Park, Tokushima (JPN)",04 AUG 2022,953,women_400h,2022,https://worldathletics.org/athletes/japan/kanoko-yamamoto-14949736
184,1:02.40,,Sawa ISHIYAMA,08 APR 2005,JPN,2h1,,"Universiade Commemorative Stadium, Kobe (JPN)",16 SEP 2022,953,women_400h,2022,https://worldathletics.org/athletes/japan/sawa-ishiyama-14998367
186,1:02.41,,Mengyao FU,20 MAR 2006,CHN,2,,Huangshi (CHN),26 OCT 2022,952,women_400h,2022,https://worldathletics.org/athletes/pr-of-china/mengyao-fu-15052081
187,1:02.46,,Machi KITAJIMA,14 APR 2002,JPN,3,,"Nagaragawa Stadium, Gifu (JPN)",29 MAY 2022,951,women_400h,2022,https://worldathletics.org/athletes/japan/machi-kitajima-14964432
188,1:02.47,,Rinka HAMACHIYO,16 JUL 2003,JPN,7h2,,"National Stadium, Tokyo (JPN)",21 MAY 2022,951,women_400h,2022,https://worldathletics.org/athletes/japan/rinka-hamachiyo-14951315
189,1:02.50,,Wako SAKAMOTO,18 DEC 2005,JPN,4h1,,"Universiade Commemorative Stadium, Kobe (JPN)",16 SEP 2022,950,women_400h,2022,https://worldathletics.org/athletes/japan/wako-sakamoto-15002605
190,1:02.51,,Rin SATO,11 MAY 2005,JPN,1,,"ND Soft Stadium, Tendo (JPN)",29 SEP 2022,950,women_400h,2022,https://worldathletics.org/athletes/japan/rin-sato-14998466
191,1:02.52,,Nozliyakhon RAVSHANOVA,21 SEP 2000,UZB,1,,Tashkent (UZB),28 MAY 2022,949,women_400h,2022,https://worldathletics.org/athletes/athlete=14915935
192,1:02.54,,Miku MIYOSHI,16 AUG 2003,JPN,6h1,,"National Stadium, Tokyo (JPN)",21 MAY 2022,949,women_400h,2022,https://worldathletics.org/athletes/japan/miku-miyoshi-14961983
193,1:02.55,,Kotone YOSHIHARA,10 APR 2004,JPN,4h1,,"Naruto Sports Park, Tokushima (JPN)",04 AUG 2022,948,women_400h,2022,https://worldathletics.org/athletes/japan/kotone-yoshihara-14955314
194,1:02.57,,Isha CHANDER,15 JUL 2003,IND,2,,Guwahati (IND),15 NOV 2022,948,women_400h,2022,https://worldathletics.org/athletes/india/isha-chander-15053313
195,1:02.58,,Meiya FENG,28 JAN 2001,CHN,4,,"Sichuan Xipu Training Base, Chengdu (CHN)",06 AUG 2022,948,women_400h,2022,https://worldathletics.org/athletes/pr-of-china/meiya-feng-14970417
195,1:02.58,,Ekaterina KOLODA,15 AUG 2006,KAZ,4,,Al-Kuwait (KUW),15 OCT 2022,948,women_400h,2022,https://worldathletics.org/athletes/kazakhstan/ekaterina-koloda-15019870
197,1:02.60,,G.A.S. DULANI,14 FEB 1993,SRI,4,,Diyagama (SRI),09 APR 2022,947,women_400h,2022,https://worldathletics.org/athletes/athlete=14759773
197,1:02.60,,Juka SOEJIMA,03 AUG 2004,JPN,2,,"Hakatanomori Athletic Stadium, Fukuoka (JPN)",28 MAY 2022,947,women_400h,2022,https://worldathletics.org/athletes/japan/juka-soejima-15008154
199,1:02.63,,Hiyori NISHIKAWA,31 OCT 2001,JPN,1,,"Ryuhoku Stadium, Okazaki (JPN)",01 AUG 2022,946,women_400h,2022,https://worldathletics.org/athletes/japan/hiyori-nishikawa-14960267
200,1:02.64,,Minami WATANABE,02 SEP 2004,JPN,3h7,,"Naruto Sports Park, Tokushima (JPN)",04 AUG 2022,946,women_400h,2022,https://worldathletics.org/athletes/japan/minami-watanabe-14964444
201,1:02.66,,Kun HE,27 JUL 2005,CHN,3,,Huangshi (CHN),26 OCT 2022,945,women_400h,2022,https://worldathletics.org/athletes/pr-of-china/kun-he-15052086
202,1:02.68,,Mayu SAITO,08 JUN 1995,JPN,7h2,,"Yanmar Stadium Nagai, Osaka (JPN)",11 JUN 2022,945,women_400h,2022,https://worldathletics.org/athletes/athlete=14766692
203,1:02.69,,Rena TAKAGI,17 OCT 2000,JPN,1,,"Ishikawa Athletics Stadium, Kanazawa (JPN)",16 OCT 2022,944,women_400h,2022,https://worldathletics.org/athletes/athlete=14855664
204,1:02.70,,Mao FUJITA,07 FEB 2003,JPN,1,,"Hamayama Park Athletic Field, Izumo (JPN)",05 JUN 2022,944,women_400h,2022,https://worldathletics.org/athletes/athlete=14941930
205,1:02.73,,Lin CHEN,18 JAN 2002,CHN,1,,Wuhan (CHN),02 APR 2022,943,women_400h,2022,https://worldathletics.org/athletes/pr-of-china/lin-chen-14983176
205,1:02.73,,Shweta SATAPPA,09 JUN 2003,IND,1,,Pune (IND),23 APR 2022,943,women_400h,2022,https://worldathletics.org/athletes/india/shweta-satappa-14969730
207,1:02.74,,Liying CHEN,21 AUG 1994,CHN,4h2,,Huangshi (CHN),14 JUL 2022,943,women_400h,2022,https://worldathletics.org/athletes/athlete=14714474
207,1:02.74,,Haruka OKAMOTO,13 JAN 1991,JPN,6h2,,"Nagaragawa Stadium, Gifu (JPN)",25 SEP 2022,943,women_400h,2022,https://worldathletics.org/athletes/athlete=14334519
209,1:02.75,,Tae-eun KIM,02 FEB 1998,KOR,4h1,,Ulsan (KOR),10 OCT 2022,943,women_400h,2022,https://worldathletics.org/athletes/athlete=14860260
210,1:02.76,,Nidhi SINGH,31 JAN 1999,IND,2,,Pune (IND),23 APR 2022,942,women_400h,2022,https://worldathletics.org/athletes/athlete=14875814
210,1:02.76,,Liurong PAN,01 AUG 2005,CHN,1h1,,Huangshi (CHN),25 OCT 2022,942,women_400h,2022,https://worldathletics.org/athletes/pr-of-china/liurong-pan-15043466
212,1:02.79,,R. HARSHITHA,21 JUN 2005,IND,2,,Guwahati (IND),15 NOV 2022,942,women_400h,2022,https://worldathletics.org/athletes/india/r-harshitha-15045040
213,1:02.80,,Momo TOYAMA,06 SEP 2001,JPN,2,,"Konoike Athletics Stadium, Nara (JPN)",05 MAY 2022,941,women_400h,2022,https://worldathletics.org/athletes/athlete=14861107
213,1:02.80,,Natsuki TOYAMA,24 MAY 2000,JPN,2,,"Ryuhoku Stadium, Okazaki (JPN)",01 AUG 2022,941,women_400h,2022,https://worldathletics.org/athletes/athlete=14855673
213,1:02.80,,Sachi KUZUHARA,11 APR 2004,JPN,5sf2,,"Naruto Sports Park, Tokushima (JPN)",05 AUG 2022,941,women_400h,2022,https://worldathletics.org/athletes/japan/sachi-kuzuhara-14956007
213,1:02.80,,Ah-reum LEE,24 JUL 1988,KOR,5h1,,Ulsan (KOR),10 OCT 2022,941,women_400h,2022,https://worldathletics.org/athletes/athlete=14289772
217,1:02.81,,Pardis ABDOLMAOHAMMADI,04 MAY 2000,IRI,3,,Mashhad (IRI),02 JUN 2022,941,women_400h,2022,https://worldathletics.org/athletes/athlete=14817868
218,1:02.82,,Mizuki TSUDA,01 FEB 2005,JPN,1h3,,"Hakatanomori Athletic Stadium, Fukuoka (JPN)",28 MAY 2022,941,women_400h,2022,https://worldathletics.org/athletes/japan/mizuki-tsuda-14959755
219,1:02.84,,Kamila KUCHKAROVA,22 JUL 1995,UZB,2,,Tashkent (UZB),28 MAY 2022,940,women_400h,2022,https://worldathletics.org/athletes/athlete=14916462
219,1:02.84,,Yuka ONUMA,04 AUG 2003,JPN,6h5,,"Takebishi Stadium, Kyoto (JPN)",10 SEP 2022,940,women_400h,2022,https://worldathletics.org/athletes/japan/yuka-onuma-14957613
219,1:02.84,,O.G.S.T. DISSANAYAKE,04 AUG 2003,SRI,1,,Colombo (SRI),06 DEC 2022,940,women_400h,2022,https://worldathletics.org/athletes/sri-lanka/ogst-dissanayake-15017838
222,1:02.86,,Chisa NISHIKAWA,31 MAY 2001,JPN,8h2,,"National Stadium, Tokyo (JPN)",21 MAY 2022,940,women_400h,2022,https://worldathletics.org/athletes/athlete=14855641
223,1:02.88,,Yui YAMANAKA,20 DEC 2005,JPN,4h2,,"Universiade Commemorative Stadium, Kobe (JPN)",16 SEP 2022,939,women_400h,2022,https://worldathletics.org/athletes/japan/yui-yamanaka-15001140
223,1:02.88,,Phatcharaporn JONGKRAIJAK,,THA,2,,Pathum Thani (THA),29 NOV 2022,939,women_400h,2022,https://worldathletics.org/athletes/athlete=14840496
225,1:02.90,,Nanami SUEZAKI,15 JUL 2005,JPN,2f1,,"Sunrise Park, Saga (JPN)",15 OCT 2022,939,women_400h,2022,https://worldathletics.org/athletes/athlete=14904114
225,1:02.90,,Neha BIRESH,30 JUN 2002,IND,3,,Bhubaneshwar (IND),23 DEC 2022,939,women_400h,2022,https://worldathletics.org/athletes/india/neha-biresh-15034059
227,1:02.91,,Moe MIZUGUCHI,13 APR 2002,JPN,6f1,,"Denka Big Swan Stadium, Niigata (JPN)",02 OCT 2022,938,women_400h,2022,https://worldathletics.org/athletes/athlete=14861125
228,1:02.93,,Nanami KATO,01 MAY 1999,JPN,4h3,,"Municipal Nishikyogoku Stadium, Kyoto (JPN)",27 MAY 2022,938,women_400h,2022,https://worldathletics.org/athletes/japan/nanami-kato-14949721
228,1:02.93,,Nayana JOSE,13 APR 2004,IND,1,,Mangalagiri (IND),11 SEP 2022,938,women_400h,2022,https://worldathletics.org/athletes/india/nayana-jose-15045138
230,1:02.95,,K.H.A.Dasuni KAUSHALYA,25 OCT 2001,SRI,5,,Diyagama (SRI),09 APR 2022,937,women_400h,2022,https://worldathletics.org/athletes/athlete=14860250
230,1:02.95,,Shiho KAWANO,07 AUG 1999,JPN,1h5,,"Kamoike Auxiliary Stadium, Kagoshima (JPN)",20 AUG 2022,937,women_400h,2022,https://worldathletics.org/athletes/athlete=14766635
232,1:02.97,,Yui OTSU,22 FEB 2004,JPN,1h1,,"Gion Stadium, Sagamihara (JPN)",18 SEP 2022,937,women_400h,2022,https://worldathletics.org/athletes/japan/yui-otsu-14949699
233,1:02.99,,Nonoka MAESOKO,19 MAY 2004,JPN,3sf1,,"Universiade Commemorative Stadium, Kobe (JPN)",28 MAY 2022,936,women_400h,2022,https://worldathletics.org/athletes/japan/nonoka-maesoko-14958881
233,1:02.99,,Nor SHAHIRATUL,,MAS,2,,Kuala Lumpur (MAS),17 SEP 2022,936,women_400h,2022,https://worldathletics.org/athletes/malaysia/nor-shahiratul-15044843
235,1:03.02,,Karin SHIMOMOTO,26 AUG 2005,JPN,1f1,,"Komazawa Olympic Park Athletic Stadium, Tokyo (JPN)",03 APR 2022,935,women_400h,2022,https://worldathletics.org/athletes/japan/karin-shimomoto-14947906
235,1:03.02,,Ayana MANABE,03 DEC 2001,JPN,1h1,,"Nagaragawa Stadium, Gifu (JPN)",28 MAY 2022,935,women_400h,2022,https://worldathletics.org/athletes/athlete=14931808
237,1:03.03,,Rina GOTO,02 OCT 2003,JPN,1,,"Nagaragawa Stadium, Gifu (JPN)",23 OCT 2022,935,women_400h,2022,https://worldathletics.org/athletes/japan/rina-goto-14950723
238,1:03.05,,Rumina MORITA,02 SEP 2004,JPN,6,,"Ryuhoku Stadium, Okazaki (JPN)",21 MAY 2022,934,women_400h,2022,https://worldathletics.org/athletes/japan/rumina-morita-14964288
238,1:03.05,,Riza Jane DUPALCO,28 FEB 2001,PHI,2,,Pasig (PHI),03 DEC 2022,934,women_400h,2022,https://worldathletics.org/athletes/athlete=14849591
240,1:03.06,,Narumi AZUMA,19 JUL 2002,JPN,2,,"Fukuoka University Stadium, Fukuoka (JPN)",26 MAR 2022,934,women_400h,2022,https://worldathletics.org/athletes/japan/narumi-azuma-14949227
240,1:03.06,,Mingee KIM,05 APR 1996,KOR,3,,Goseong (KOR),07 JUL 2022,934,women_400h,2022,https://worldathletics.org/athletes/athlete=14901712
240,1:03.06,,V. Krishnan SALINI,10 JAN 1998,IND,4,,Raebareli (IND),30 AUG 2022,934,women_400h,2022,https://worldathletics.org/athletes/athlete=14849699
243,1:03.10,,Eya ALRAHYA,,SYR,1,,"Stadion Radés, Radés (TUN)",23 MAY 2022,933,women_400h,2022,https://worldathletics.org/athletes/syria/eya-alrahya-15039404
243,1:03.10,,Yu YAMAUCHI,17 FEB 2007,JPN,3,,"Universiade Commemorative Stadium, Kobe (JPN)",16 SEP 2022,933,women_400h,2022,https://worldathletics.org/athletes/japan/yu-yamauchi-15046561
243,1:03.10,,Saki MISUMI,07 APR 2005,JPN,3f1,,"Sunrise Park, Saga (JPN)",15 OCT 2022,933,women_400h,2022,https://worldathletics.org/athletes/japan/saki-misumi-15048071
246,1:03.12,,Jiahui WANG,07 MAR 2000,CHN,2,,Changchun (CHN),02 AUG 2022,932,women_400h,2022,https://worldathletics.org/athletes/athlete=14858770
246,1:03.12,,Zeinab GHAFARI,18 DEC 2001,IRI,3,,Tehran (IRI),15 SEP 2022,932,women_400h,2022,https://worldathletics.org/athletes/islamic-republic-of-iran/zeinab-ghafari-14997420
246,1:03.12,,Cho-eun KIM,20 MAR 2003,KOR,6,,Ulsan (KOR),10 OCT 2022,932,women_400h,2022,https://worldathletics.org/athletes/korea/cho-eun-kim-14977127
249,1:03.15,,Yui SUGIMORI,16 JUN 2005,JPN,5h1,,"Universiade Commemorative Stadium, Kobe (JPN)",16 SEP 2022,932,women_400h,2022,https://worldathletics.org/athletes/japan/yui-sugimori-14967469
249,1:03.15,,Yuri ARASHIMA,02 SEP 1997,JPN,7h1,,"Nagaragawa Stadium, Gifu (JPN)",25 SEP 2022,932,women_400h,2022,https://worldathletics.org/athletes/athlete=14608150
251,1:03.21,,R.M.Yasasri RATHNAYAKE,05 MAR 2004,SRI,2,,Colombo (SRI),06 DEC 2022,930,women_400h,2022,https://worldathletics.org/athletes/sri-lanka/rmyasasri-rathnayake-15047291
252,1:03.23,,Yuno SERIKAWA,15 APR 2004,JPN,4,,"Universiade Commemorative Stadium, Kobe (JPN)",28 MAY 2022,929,women_400h,2022,https://worldathletics.org/athletes/japan/yuno-serikawa-14978077
253,1:03.25,,Yukina KUROYANAGI,05 MAR 2001,JPN,3,,"Municipal Mizuho Stadium, Nagoya (JPN)",16 JUL 2022,929,women_400h,2022,https://worldathletics.org/athletes/japan/yukina-kuroyanagi-14960264
254,1:03.26,,Mizuki NOMURA,12 AUG 2005,JPN,3h6,,"Naruto Sports Park, Tokushima (JPN)",04 AUG 2022,929,women_400h,2022,https://worldathletics.org/athletes/japan/mizuki-nomura-14998232
254,1:03.26,,Sion MIYAMOTO,12 JAN 2005,JPN,2h2,,"Kamoike Auxiliary Stadium, Kagoshima (JPN)",20 AUG 2022,929,women_400h,2022,https://worldathletics.org/athletes/japan/sion-miyamoto-15048065
256,1:03.27,,Hae-in LEE,29 JUN 2001,KOR,1,,Yeosu (KOR),31 MAR 2022,928,women_400h,2022,https://worldathletics.org/athletes/athlete=14800080
257,1:03.28,,Sridhar AARTHI,29 MAR 1998,IND,4,,Coimbatore (IND),13 MAY 2022,928,women_400h,2022,https://worldathletics.org/athletes/athlete=14910140
257,1:03.28,,Nurkhon OCHILOVA,19 APR 2004,UZB,1,,Tashkent (UZB),28 MAY 2022,928,women_400h,2022,https://worldathletics.org/athletes/uzbekistan/nurkhon-ochilova-15036524
259,1:03.30,,Akari TANOGASHIRA,19 AUG 2003,JPN,2,,"Sports Center Athletics Stadium, Kurume (JPN)",24 SEP 2022,927,women_400h,2022,https://worldathletics.org/athletes/athlete=14860677
260,1:03.32,,Mehrangiz ERNAZAROV,19 FEB 2003,UZB,2,,Tashkent (UZB),28 MAY 2022,927,women_400h,2022,https://worldathletics.org/athletes/athlete=14884909
261,1:03.36,,Natsumi HIGUCHI,17 AUG 2000,JPN,2h2,,"NITTAIDAI Athletic Stadium, Yokohama (JPN)",31 JUL 2022,926,women_400h,2022,https://worldathletics.org/athletes/athlete=14855701
262,1:03.37,,Se-ra OH,30 AUG 1987,KOR,2,,Yeosu (KOR),31 MAR 2022,925,women_400h,2022,https://worldathletics.org/athletes/athlete=14424653
263,1:03.38,,Mitsuki KUDO,28 MAR 2004,JPN,1f3,,"Kokushikan University Stadium, Tama (JPN)",06 NOV 2022,925,women_400h,2022,https://worldathletics.org/athletes/japan/mitsuki-kudo-14957210
264,1:03.40,,Thi Thuy Huong LO,2003,VIE,3,,Hanoi (VIE),16 DEC 2022,925,women_400h,2022,https://worldathletics.org/athletes/vietnam/thi-thuy-huong-lo-14956305
265,1:03.42,,Geeta DEVASI,12 MAR 2003,IND,2h2,,Guwahati (IND),14 NOV 2022,924,women_400h,2022,https://worldathletics.org/athletes/athlete=14873499
266,1:03.45,,Haruka SONO,03 APR 2005,JPN,2sf2,,"Universiade Commemorative Stadium, Kobe (JPN)",28 MAY 2022,923,women_400h,2022,https://worldathletics.org/athletes/japan/haruka-sono-14980274
266,1:03.45,,Anastasiya TSVIRKUNOVA,09 SEP 2005,KAZ,3,,Almaty (KAZ),10 JUN 2022,923,women_400h,2022,https://worldathletics.org/athletes/athlete=14907725
266,1:03.45,,Buarim BUEKHUNTHOD,,THA,3,,Pathum Thani (THA),29 NOV 2022,923,women_400h,2022,https://worldathletics.org/athletes/athlete=14912740
269,1:03.46,,Momomi NAKANISHI,15 JUL 2004,JPN,2h8,,"Naruto Sports Park, Tokushima (JPN)",04 AUG 2022,923,women_400h,2022,https://worldathletics.org/athletes/japan/momomi-nakanishi-14957063
269,1:03.46,,Vishnu Priya JAYAPRAKASAN,13 MAR 2001,IND,3h1,,"Sree Kanteerava Outdoor Stadium, Bengaluru (IND)",18 OCT 2022,923,women_400h,2022,https://worldathletics.org/athletes/athlete=14841060
271,1:03.47,,Kurumi AKIYAMA,09 JUN 2004,JPN,1,,"Prefectural Shizuoka Stadium, Fukuroi (JPN)",21 MAY 2022,923,women_400h,2022,https://worldathletics.org/athletes/japan/kurumi-akiyama-14976727
271,1:03.47,,Misaki YOSHIMURA,04 FEB 2002,JPN,1f2,,"Universiade Commemorative Stadium, Kobe (JPN)",09 OCT 2022,923,women_400h,2022,https://worldathletics.org/athletes/athlete=14861132
273,1:03.51,,Jiayi CHEN,22 AUG 2005,CHN,1,,Shanghai (CHN),15 OCT 2022,922,women_400h,2022,https://worldathletics.org/athletes/pr-of-china/jiayi-chen-14990375
274,1:03.52,,Kohana SATO,10 FEB 2005,JPN,3sf2,,"Universiade Commemorative Stadium, Kobe (JPN)",28 MAY 2022,921,women_400h,2022,https://worldathletics.org/athletes/japan/kohana-sato-15002574
275,1:03.57,,Yeon-ju PARK,11 MAR 2003,KOR,1,,Ulsan (KOR),10 OCT 2022,920,women_400h,2022,https://worldathletics.org/athletes/korea/yeon-ju-park-14980522
276,1:03.58,,Satomi NARASAKI,06 APR 2001,JPN,2,,"Hamayama Park Athletic Field, Izumo (JPN)",05 JUN 2022,920,women_400h,2022,https://worldathletics.org/athletes/athlete=14921636
277,1:03.59,,Gurdeep KAUR,02 JUN 2001,IND,1h1,,Bhubaneshwar (IND),23 FEB 2022,919,women_400h,2022,https://worldathletics.org/athletes/athlete=14768667
278,1:03.60,,Megumi SAITO,08 AUG 2001,JPN,1,,"Kokushikan University Stadium, Tama (JPN)",09 OCT 2022,919,women_400h,2022,https://worldathletics.org/athletes/japan/megumi-saito-14955323
279,1:03.63,,Ayano KOIDE,10 NOV 2001,JPN,4h7,,"Ehime Athletics Stadium, Matsuyama (JPN)",01 JUL 2022,918,women_400h,2022,https://worldathletics.org/athletes/japan/ayano-koide-14957735
279,1:03.63,,Himeno KAMIOKA,23 OCT 2005,JPN,4f1,,"Sunrise Park, Saga (JPN)",15 OCT 2022,918,women_400h,2022,https://worldathletics.org/athletes/japan/himeno-kamioka-15052252
279,1:03.63,,Dede HETI,,INA,2,,Kamis (INA),23 NOV 2022,918,women_400h,2022,https://worldathletics.org/athletes/indonesia/dede-heti-15056078
282,1:03.64,,Marin OKADA,05 JUL 2004,JPN,2,,"Nagaragawa Stadium, Gifu (JPN)",15 OCT 2022,918,women_400h,2022,https://worldathletics.org/athletes/japan/marin-okada-14965434
282,1:03.64,,C.S. KRISHNAPRIYA,07 DEC 2004,IND,1,,Thenhipalam (IND),22 OCT 2022,918,women_400h,2022,https://worldathletics.org/athletes/india/cs-krishnapriya-15053090
284,1:03.65,,Faezeh TABATABAEI,13 APR 1996,IRI,4,,Tehran (IRI),16 JUL 2022,918,women_400h,2022,https://worldathletics.org/athletes/athlete=14853832
285,1:03.66,,Sakura MAEDA,04 APR 2004,JPN,5h1,,"Naruto Sports Park, Tokushima (JPN)",04 AUG 2022,917,women_400h,2022,https://worldathletics.org/athletes/japan/sakura-maeda-14998847
285,1:03.66,,Ainur Shafiqah AZMI,2002,MAS,3,,Kuala Lumpur (MAS),17 SEP 2022,917,women_400h,2022,https://worldathletics.org/athletes/athlete=14791058
285,1:03.66,,Riza ABENOJA,15 OCT 1999,PHI,1h1,,Pasig (PHI),03 DEC 2022,917,women_400h,2022,https://worldathletics.org/athletes/philippines/riza-abenoja-15056068
288,1:03.69,,. MADHU,03 JAN 1999,IND,2,,Kolkata (IND),30 MAR 2022,917,women_400h,2022,https://worldathletics.org/athletes/india/madhu-15022838
288,1:03.69,,Riho BEPPU,05 JUN 2002,JPN,1,,"Egao Kenko Stadium, Kumamoto (JPN)",24 APR 2022,917,women_400h,2022,https://worldathletics.org/athletes/athlete=14921638
288,1:03.69,,Minami NISHIMURA,19 APR 2005,JPN,2,,"Ojiyama Athletic Field, Otsu (JPN)",04 JUN 2022,917,women_400h,2022,https://worldathletics.org/athletes/japan/minami-nishimura-15046011
291,1:03.70,,Yuna KANAMORI,09 OCT 2000,JPN,1,,"Hosei University Stadium, Machida (JPN)",23 OCT 2022,916,women_400h,2022,https://worldathletics.org/athletes/athlete=14855708
292,1:03.71,,Ayana ISHITANI,08 DEC 2000,JPN,3h1,,"Ehime Athletics Stadium, Matsuyama (JPN)",01 JUL 2022,916,women_400h,2022,https://worldathletics.org/athletes/japan/ayana-ishitani-14976083
292,1:03.71,,Haruka TAGA,25 MAR 2005,JPN,4h6,,"Naruto Sports Park, Tokushima (JPN)",04 AUG 2022,916,women_400h,2022,https://worldathletics.org/athletes/japan/haruka-taga-14998849
292,1:03.71,,Ayaka YAMADA,16 AUG 2005,JPN,5f1,,"Sunrise Park, Saga (JPN)",15 OCT 2022,916,women_400h,2022,https://worldathletics.org/athletes/japan/ayaka-yamada-15008132
295,1:03.72,,Lalshmi PRIYA,06 AUG 2004,IND,2,,Thenhipalam (IND),22 OCT 2022,916,women_400h,2022,https://worldathletics.org/athletes/india/lalshmi-priya-15053114
296,1:03.73,,Yui MORIYA,23 DEC 2002,JPN,6h3,,"National Stadium, Tokyo (JPN)",21 MAY 2022,915,women_400h,2022,https://worldathletics.org/athletes/athlete=14912059
297,1:03.75,,Jauna MURMU,16 AUG 1990,IND,4h1,,"Sree Kanteerava Outdoor Stadium, Bengaluru (IND)",18 OCT 2022,915,women_400h,2022,https://worldathletics.org/athletes/athlete=14377658
298,1:03.76,,Kanako HEMMI,02 APR 2005,JPN,1,,"Municipal Stadium, Nagano (JPN)",24 SEP 2022,915,women_400h,2022,https://worldathletics.org/athletes/japan/kanako-hemmi-15048074
299,1:03.77,,Anuskha KUMBHAR,04 MAY 2005,IND,3h2,,"Jawaharlal Nehru Stadium, Chennai (IND)",13 JUN 2022,914,women_400h,2022,https://worldathletics.org/athletes/athlete=15030787
300,1:03.78,,Sakura SHIRAHAMA,02 NOV 2005,JPN,3f1,,"Try Stadium, Osaka (JPN)",11 JUN 2022,914,women_400h,2022,https://worldathletics.org/athletes/athlete=14919447
1,53.09,,Kemi ADEKOYA,16 JAN 1993,BRN,4,,"Nemzeti Atlétikai Központ, Budapest (HUN)",24 AUG 2023,1233,women_400h,2023,https://worldathletics.org/athletes/athlete=14419510
2,55.01,,Jiadie MO,06 JAN 2000,CHN,2,,"HOC Stadium, Hangzhou (CHN)",03 OCT 2023,1172,women_400h,2023,https://worldathletics.org/athletes/athlete=14744957
3,55.42,,Vithya RAMRAJ,20 SEP 1998,IND,1h1,,"HOC Stadium, Hangzhou (CHN)",02 OCT 2023,1160,women_400h,2023,https://worldathletics.org/athletes/athlete=14776046
4,55.51,,Aminat JAMAL,27 JUN 1997,BRN,3,,"Complexe Olympique Mohamed Boudiaf, Algiers (ALG)",07 JUL 2023,1157,women_400h,2023,https://worldathletics.org/athletes/athlete=14701082
5,56.06,,Ami YAMAMOTO,19 APR 2002,JPN,1,,"Yanmar Stadium Nagai, Osaka (JPN)",04 JUN 2023,1140,women_400h,2023,https://worldathletics.org/athletes/athlete=14861142
6,56.29,,Thi Huyen NGUYEN,19 MAY 1993,VIE,1,,"Morodok Techo National Stadium, Phnom Penh (CAM)",11 MAY 2023,1133,women_400h,2023,https://worldathletics.org/athletes/athlete=14524764
7,56.51,,Robyn BROWN,27 JUL 1994,PHI,2,,"Morodok Techo National Stadium, Phnom Penh (CAM)",11 MAY 2023,1126,women_400h,2023,https://worldathletics.org/athletes/athlete=14893469
8,56.65,,Eri UTSUNOMIYA,11 APR 1993,JPN,2,,"Yanmar Stadium Nagai, Osaka (JPN)",04 JUN 2023,1122,women_400h,2023,https://worldathletics.org/athletes/athlete=14664132
9,56.76,,Sinchal KAVERAMMA,05 FEB 2001,IND,2,,"Kalinga Stadium, Bhubaneshwar (IND)",19 JUN 2023,1118,women_400h,2023,https://worldathletics.org/athletes/india/sinchal-kaveramma-14997703
10,56.90,,Miku TAKINO,19 JUN 2005,JPN,1f3,,"Denka Big Swan Stadium, Niigata (JPN)",01 OCT 2023,1114,women_400h,2023,https://worldathletics.org/athletes/japan/miku-takino-14954560
11,57.02,,Satsuki UMEHARA,22 MAY 1994,JPN,3,,"Yanmar Stadium Nagai, Osaka (JPN)",04 JUN 2023,1110,women_400h,2023,https://worldathletics.org/athletes/athlete=14444482
12,57.14,,Yingying KONG,22 MAR 2003,CHN,2,,"Olympic Center, Shenyang (CHN)",28 JUN 2023,1107,women_400h,2023,https://worldathletics.org/athletes/athlete=14884045
13,57.16,,Adelina ZEMS,25 DEC 1998,KAZ,3h1,,"HOC Stadium, Hangzhou (CHN)",02 OCT 2023,1106,women_400h,2023,https://worldathletics.org/athletes/athlete=14714397
14,57.21,,Lauren HOFFMAN,30 MAR 1999,PHI,5,,"HOC Stadium, Hangzhou (CHN)",03 OCT 2023,1105,women_400h,2023,https://worldathletics.org/athletes/athlete=14649944
15,57.48,,Honoka AOKI,24 SEP 2001,JPN,4,,"Yanmar Stadium Nagai, Osaka (JPN)",04 JUN 2023,1096,women_400h,2023,https://worldathletics.org/athletes/athlete=14855506
16,57.82,,Akane MINAMISAWA,23 SEP 1997,JPN,2f3,,"Denka Big Swan Stadium, Niigata (JPN)",01 OCT 2023,1086,women_400h,2023,https://worldathletics.org/athletes/athlete=14858495
17,57.84,,Mei KUDO,18 NOV 2002,JPN,5,,"Yanmar Stadium Nagai, Osaka (JPN)",04 JUN 2023,1086,women_400h,2023,https://worldathletics.org/athletes/athlete=14861100
18,57.85,,Shiori CHIBA,31 OCT 2005,JPN,2,,"Atsubetsu Park Stadium, Sapporo (JPN)",04 AUG 2023,1085,women_400h,2023,https://worldathletics.org/athletes/japan/shiori-chiba-15047895
19,57.99,,Changwei LU,08 NOV 2001,CHN,3,,"Sports Center, Quzhou (CHN)",21 JUL 2023,1081,women_400h,2023,https://worldathletics.org/athletes/athlete=14811638
20,58.08,,Yuka KAWAMURA,28 DEC 2001,JPN,3f3,,"Denka Big Swan Stadium, Niigata (JPN)",01 OCT 2023,1078,women_400h,2023,https://worldathletics.org/athletes/athlete=14855694
21,58.12,,Sumika OKAWA,12 NOV 2003,JPN,2,,"Gion Stadium, Sagamihara (JPN)",14 MAY 2023,1077,women_400h,2023,https://worldathletics.org/athletes/athlete=14896770
22,58.13,,Moe MATSUOKA,02 MAR 2003,JPN,6,,"Yanmar Stadium Nagai, Osaka (JPN)",04 JUN 2023,1077,women_400h,2023,https://worldathletics.org/athletes/athlete=14895835
22,58.13,,Anu RAGHAVAN,20 APR 1993,IND,3,,"Kalinga Stadium, Bhubaneshwar (IND)",19 JUN 2023,1077,women_400h,2023,https://worldathletics.org/athletes/athlete=14436789
24,58.16,,Xue TAO,26 OCT 1999,CHN,4,,"Olympic Center, Shenyang (CHN)",28 JUN 2023,1076,women_400h,2023,https://worldathletics.org/athletes/athlete=14750688
25,58.19,,Rui TSUGAWA,24 NOV 2001,JPN,2sf2,,"Prefectural Stadium, Kumagaya (JPN)",16 SEP 2023,1075,women_400h,2023,https://worldathletics.org/athletes/athlete=14825125
26,58.47,,Mio TSUJII,24 NOV 2000,JPN,3sf2,,"Prefectural Stadium, Kumagaya (JPN)",16 SEP 2023,1067,women_400h,2023,https://worldathletics.org/athletes/athlete=14815091
27,58.65,,Yijia FU,13 MAY 2001,CHN,2h3,,"Shuangliu Sports Centre, Chengdu (CHN)",01 AUG 2023,1061,women_400h,2023,https://worldathletics.org/athletes/athlete=14844214
28,58.69,,Veerpal KAUR,24 MAR 1994,IND,2,,"Sree Kanteerava Outdoor Stadium, Bengaluru (IND)",14 OCT 2023,1060,women_400h,2023,https://worldathletics.org/athletes/athlete=14866192
29,58.73,,Karen YOKOTA,17 MAR 1999,JPN,3f2,,"Prefectural Shizuoka Stadium, Fukuroi (JPN)",03 MAY 2023,1059,women_400h,2023,https://worldathletics.org/athletes/athlete=14856898
29,58.73,,Yirui DING,30 OCT 2002,CHN,4,,"Sports Center, Quzhou (CHN)",21 JUL 2023,1059,women_400h,2023,https://worldathletics.org/athletes/athlete=14857824
31,58.74,,Meri MASUKO,15 APR 2003,JPN,4,,"Prefectural Stadium, Kumagaya (JPN)",17 SEP 2023,1059,women_400h,2023,https://worldathletics.org/athletes/athlete=14901137
32,58.80,,Ying OU,03 DEC 2001,CHN,5,,"Olympic Center, Shenyang (CHN)",28 JUN 2023,1057,women_400h,2023,https://worldathletics.org/athletes/athlete=14795241
33,58.81,,Nanami TAKANO,24 JUL 2001,JPN,1h1,,"Prefectural Stadium, Kagoshima (JPN)",14 OCT 2023,1057,women_400h,2023,https://worldathletics.org/athletes/athlete=14861098
34,58.85,,Akiko ITO,26 MAY 1995,JPN,3,,"QSAC State Athletics Facility, Nathan, Brisbane (AUS)",25 MAR 2023,1055,women_400h,2023,https://worldathletics.org/athletes/athlete=14562727
34,58.85,,Namichi NAKANO,02 AUG 2001,JPN,2f2,,"AGF Field, Tokyo (JPN)",22 JUL 2023,1055,women_400h,2023,https://worldathletics.org/athletes/athlete=14861106
36,58.86,,Hikari OKUBO,17 FEB 1998,JPN,1f2,,"Denka Big Swan Stadium, Niigata (JPN)",01 OCT 2023,1055,women_400h,2023,https://worldathletics.org/athletes/athlete=14853645
37,58.89,,Ayesha IBRAHIM,16 JAN 1998,JPN,4f3,,"Yanmar Stadium Nagai, Osaka (JPN)",06 MAY 2023,1054,women_400h,2023,https://worldathletics.org/athletes/athlete=14898323
38,59.01,,Moe OSHIDEN,19 AUG 1993,JPN,3,,"Nagaragawa Stadium, Gifu (JPN)",24 SEP 2023,1051,women_400h,2023,https://worldathletics.org/athletes/athlete=14521628
39,59.02,,. NANHI,16 OCT 1999,IND,3,,"Athletics Stadium, Bambolim (IND)",03 NOV 2023,1050,women_400h,2023,https://worldathletics.org/athletes/athlete=14734726
40,59.04,,Pei-Lin LO,01 FEB 1994,TPE,2,,"Banqiao Stadium, New Taipei City (TPE)",28 MAY 2023,1050,women_400h,2023,https://worldathletics.org/athletes/athlete=14483702
41,59.07,,Svetlana KUZNETSOVA,29 JAN 1992,KAZ,1,,"Central Stadium, Almaty (KAZ)",23 JUN 2023,1049,women_400h,2023,https://worldathletics.org/athletes/athlete=14375685
41,59.07,,Hongyan WANG,14 NOV 1998,CHN,6sf1,,"Shuangliu Sports Centre, Chengdu (CHN)",02 AUG 2023,1049,women_400h,2023,https://worldathletics.org/athletes/athlete=14750687
43,59.08,,Rene SHINTO,05 APR 2003,JPN,2,,"Prefectural Shizuoka Stadium, Fukuroi (JPN)",03 MAY 2023,1049,women_400h,2023,https://worldathletics.org/athletes/japan/rene-shinto-14982815
44,59.09,,Thi Ngoc NGUYEN,06 JAN 2002,VIE,3,,"Morodok Techo National Stadium, Phnom Penh (CAM)",11 MAY 2023,1048,women_400h,2023,https://worldathletics.org/athletes/athlete=14902553
45,59.14,,Nano NAKANO,10 JUN 2001,JPN,3sf1,,"Prefectural Stadium, Kumagaya (JPN)",16 SEP 2023,1047,women_400h,2023,https://worldathletics.org/athletes/athlete=14855487
46,59.16,,Shahla MAHMOUDI,21 MAR 1991,IRI,1,,"Aftab Enghelab Sport Complex, Tehran (IRI)",01 SEP 2023,1046,women_400h,2023,https://worldathletics.org/athletes/athlete=14584684
46,59.16,,Yu-Chieh LIN,08 SEP 1998,TPE,1,,"Tainan National Stadium, Tainan (TPE)",25 OCT 2023,1046,women_400h,2023,https://worldathletics.org/athletes/athlete=14591671
48,59.20,,Riria ONO,04 JUN 2001,JPN,4sf3,,"Prefectural Stadium, Kumagaya (JPN)",16 SEP 2023,1045,women_400h,2023,https://worldathletics.org/athletes/athlete=14897052
49,59.34,,J. DHIVYA,31 JAN 1998,IND,4,,"Kalinga Stadium, Bhubaneshwar (IND)",19 JUN 2023,1041,women_400h,2023,https://worldathletics.org/athletes/athlete=14818587
50,59.35,,Mizuna ONO,09 DEC 2002,JPN,1,,"Hokuroku Park Athletic Field, Fujiyoshida (JPN)",08 AUG 2023,1041,women_400h,2023,https://worldathletics.org/athletes/athlete=14855450
51,59.39,,Yukino TABASHI,30 JAN 2003,JPN,1f1,,"Yanmar Stadium Nagai, Osaka (JPN)",06 MAY 2023,1039,women_400h,2023,https://worldathletics.org/athletes/japan/yukino-tabashi-14952968
52,59.48,,Nazanin FATEMEH,11 AUG 2005,IRI,1,,"Aftab Enghelab Sport Complex, Tehran (IRI)",03 AUG 2023,1037,women_400h,2023,https://worldathletics.org/athletes/islamic-republic-of-iran/nazanin-fatemeh-15034311
53,59.55,,Ya-Ting LI,19 FEB 1999,TPE,3,,"Banqiao Stadium, New Taipei City (TPE)",28 MAY 2023,1035,women_400h,2023,https://worldathletics.org/athletes/athlete=14670024
53,59.55,,Bo-An YI,04 JUL 2006,TPE,2,,"Tainan National Stadium, Tainan (TPE)",25 OCT 2023,1035,women_400h,2023,https://worldathletics.org/athletes/chinese-taipei/bo-an-yi-14976378
55,59.57,,Wei LIU,01 JUN 2001,CHN,5h2,,"Olympic Center, Shenyang (CHN)",27 JUN 2023,1034,women_400h,2023,https://worldathletics.org/athletes/athlete=14942225
56,59.64,,Mei-Hsiu LIN,12 MAY 2003,TPE,3,,"Tainan National Stadium, Tainan (TPE)",25 OCT 2023,1032,women_400h,2023,https://worldathletics.org/athletes/athlete=14845690
57,59.65,,Kyeong-mi SON,09 FEB 1990,KOR,1,,Mokpo (KOR),16 OCT 2023,1032,women_400h,2023,https://worldathletics.org/athletes/athlete=14289898
58,59.67,,Haru HIRAKI,06 FEB 2005,JPN,1,,"Yanmar Stadium Nagai, Osaka (JPN)",04 JUN 2023,1031,women_400h,2023,https://worldathletics.org/athletes/japan/haru-hiraki-14952552
59,59.74,,Serina SHIMIZU,16 NOV 2005,JPN,3,,"Atsubetsu Park Stadium, Sapporo (JPN)",04 AUG 2023,1029,women_400h,2023,https://worldathletics.org/athletes/japan/serina-shimizu-14982166
60,59.77,,Luna MURAMATSU,14 OCT 2006,JPN,1,,"JIT Recycled Ink Stadium, Kofu (JPN)",17 JUN 2023,1028,women_400h,2023,https://worldathletics.org/athletes/japan/luna-muramatsu-15028107
61,59.81,,Jiaqi WANG,07 MAR 2000,CHN,2,,Rizhao (CHN),28 APR 2023,1027,women_400h,2023,https://worldathletics.org/athletes/athlete=14839849
62,59.85,,Moeno TSUKAMOTO,18 FEB 2004,JPN,3,,"Yanmar Stadium Nagai, Osaka (JPN)",04 JUN 2023,1026,women_400h,2023,https://worldathletics.org/athletes/athlete=14912055
63,59.88,,Arisa OGASAWARA,30 OCT 2004,JPN,4,,"Yanmar Stadium Nagai, Osaka (JPN)",04 JUN 2023,1025,women_400h,2023,https://worldathletics.org/athletes/japan/arisa-ogasawara-14977288
64,59.92,,Hana SHIMIZU,09 JUL 2001,JPN,6,,"Gion Stadium, Sagamihara (JPN)",14 MAY 2023,1024,women_400h,2023,https://worldathletics.org/athletes/athlete=14855689
65,59.93,,Yuriko MITO,05 APR 1995,JPN,5f1,,"Prefectural Shizuoka Stadium, Fukuroi (JPN)",03 MAY 2023,1024,women_400h,2023,https://worldathletics.org/athletes/athlete=14766811
65,59.93,,Yifan ZOU,11 DEC 2000,CHN,1,,Taizhou (CHN),28 MAY 2023,1024,women_400h,2023,https://worldathletics.org/athletes/athlete=14839833
67,1:00.00,,Rina TAWA,07 FEB 2002,JPN,3,,"Yanmar Stadium Nagai, Osaka (JPN)",27 MAY 2023,1021,women_400h,2023,https://worldathletics.org/athletes/athlete=14861097
68,1:00.02,,Nozomi BAN,04 JUL 2001,JPN,3f1,,"Yanmar Stadium Nagai, Osaka (JPN)",06 MAY 2023,1021,women_400h,2023,https://worldathletics.org/athletes/athlete=14855628
69,1:00.05,,Kazuki TSUKUDA,20 APR 2006,JPN,4,,"Atsubetsu Park Stadium, Sapporo (JPN)",04 AUG 2023,1020,women_400h,2023,https://worldathletics.org/athletes/japan/kazuki-tsukuda-15000457
70,1:00.09,,Shion FUKUOKA,17 MAR 2007,JPN,1f1,,"Prefectural Stadium, Kumamoto (JPN)",07 OCT 2023,1019,women_400h,2023,https://worldathletics.org/athletes/japan/shion-fukuoka-14977298
71,1:00.10,,Mizuki NOBUYASU,08 JUL 2001,JPN,4f1,,"Yanmar Stadium Nagai, Osaka (JPN)",06 MAY 2023,1019,women_400h,2023,https://worldathletics.org/athletes/athlete=14861105
72,1:00.12,,Miku KAMIMURA,24 JUN 2001,JPN,3f1,,"Denka Big Swan Stadium, Niigata (JPN)",01 OCT 2023,1018,women_400h,2023,https://worldathletics.org/athletes/athlete=14855709
73,1:00.13,,Mahiro WASADA,18 NOV 2004,JPN,5,,"Yanmar Stadium Nagai, Osaka (JPN)",04 JUN 2023,1018,women_400h,2023,https://worldathletics.org/athletes/japan/mahiro-wasada-14958609
74,1:00.14,,Asuruhan Marino TANERU,28 JUL 2003,JPN,3h1,,"Prefectural Stadium, Kumagaya (JPN)",15 SEP 2023,1017,women_400h,2023,https://worldathletics.org/athletes/athlete=14852852
75,1:00.16,,Raji AUSTIN,01 AUG 1988,IND,2h1,,"Kalinga Stadium, Bhubaneshwar (IND)",18 JUN 2023,1017,women_400h,2023,https://worldathletics.org/athletes/athlete=14886151
76,1:00.21,,Maho SHIMIZU,16 MAR 1994,JPN,1,,"National Stadium, Tokyo (JPN)",02 APR 2023,1015,women_400h,2023,https://worldathletics.org/athletes/athlete=14896796
76,1:00.21,,Ghofrane MOHAMMAD,06 JUN 1989,SYR,5,,"Complexe Olympique Mohamed Boudiaf, Algiers (ALG)",07 JUL 2023,1015,women_400h,2023,https://worldathletics.org/athletes/athlete=14302586
78,1:00.29,,Anastassiya KOLODA,15 AUG 2006,KAZ,2,,"Central Stadium, Almaty (KAZ)",23 JUN 2023,1013,women_400h,2023,https://worldathletics.org/athletes/kazakhstan/anastassiya-koloda-15001542
79,1:00.31,,Nidhi SINGH,31 JAN 1999,IND,5,,"Kalinga Stadium, Bhubaneshwar (IND)",19 JUN 2023,1012,women_400h,2023,https://worldathletics.org/athletes/athlete=14875814
80,1:00.34,,Suzuka ISHIHARA,20 JUN 2005,JPN,3sf2,,"Atsubetsu Park Stadium, Sapporo (JPN)",04 AUG 2023,1012,women_400h,2023,https://worldathletics.org/athletes/japan/suzuka-ishihara-15000185
81,1:00.35,,Kyounghwa KIM,21 AUG 1991,KOR,2,,Mokpo (KOR),16 OCT 2023,1011,women_400h,2023,https://worldathletics.org/athletes/korea/kyounghwa-kim-14643971
82,1:00.36,,Anuskha KUMBHAR,04 MAY 2005,IND,1,,"District Sports Complex Collectorate, Tiruvannamalai (IND)",30 APR 2023,1011,women_400h,2023,https://worldathletics.org/athletes/athlete=15030787
82,1:00.36,,Ji-eun KIM,16 JUN 1992,KOR,3,,Mokpo (KOR),16 OCT 2023,1011,women_400h,2023,https://worldathletics.org/athletes/athlete=14289713
84,1:00.39,,Yina LIANG,20 APR 2001,CHN,1,,"Athletics Field of Anhui Vocational and Technical College, Hefei (CHN)",12 AUG 2023,1010,women_400h,2023,https://worldathletics.org/athletes/athlete=14755819
85,1:00.40,,Liying CHEN,21 AUG 1994,CHN,3h1,,"Olympic Center, Shenyang (CHN)",27 JUN 2023,1010,women_400h,2023,https://worldathletics.org/athletes/athlete=14714474
86,1:00.42,,Tsuzumi MIYAMAE,07 APR 2001,JPN,7sf2,,"Prefectural Stadium, Kumagaya (JPN)",16 SEP 2023,1009,women_400h,2023,https://worldathletics.org/athletes/athlete=14861109
87,1:00.43,,Sayaka NAKASHIMA,07 APR 2004,JPN,6,,"Yanmar Stadium Nagai, Osaka (JPN)",04 JUN 2023,1009,women_400h,2023,https://worldathletics.org/athletes/japan/sayaka-nakashima-14954453
87,1:00.43,,Qi YANG,10 OCT 2000,CHN,5h1,,"Sports Center, Quzhou (CHN)",21 JUL 2023,1009,women_400h,2023,https://worldathletics.org/athletes/athlete=14839838
89,1:00.45,,Zhangyan QIU,14 AUG 1998,CHN,4h1,,"Olympic Center, Shenyang (CHN)",27 JUN 2023,1008,women_400h,2023,https://worldathletics.org/athletes/athlete=14668302
90,1:00.48,,Nanami SUEZAKI,15 JUL 2005,JPN,4sf2,,"Atsubetsu Park Stadium, Sapporo (JPN)",04 AUG 2023,1008,women_400h,2023,https://worldathletics.org/athletes/athlete=14904114
91,1:00.49,,Bernalyn BEJOY,01 SEP 2001,PHI,1,,"Philsport Track Oval, Pasig (PHI)",25 NOV 2023,1007,women_400h,2023,https://worldathletics.org/athletes/athlete=14788477
92,1:00.50,,Koto OKUYAMA,01 FEB 2001,JPN,4h5,,"Prefectural Stadium, Kumagaya (JPN)",15 SEP 2023,1007,women_400h,2023,https://worldathletics.org/athletes/athlete=14855486
93,1:00.53,,Vandana SHARMA,08 SEP 1998,IND,5h2,,"Kalinga Stadium, Bhubaneshwar (IND)",18 JUN 2023,1006,women_400h,2023,https://worldathletics.org/athletes/athlete=14818378
94,1:00.54,,Mayu SAITO,08 JUN 1995,JPN,1,,"Denka Big Swan Stadium, Niigata (JPN)",01 OCT 2023,1006,women_400h,2023,https://worldathletics.org/athletes/athlete=14766692
95,1:00.55,,Ayana KUSAKA,10 NOV 2003,JPN,5f1,,"Yanmar Stadium Nagai, Osaka (JPN)",06 MAY 2023,1005,women_400h,2023,https://worldathletics.org/athletes/japan/ayana-kusaka-14952503
95,1:00.55,,Saya MATSUME,27 JUL 2004,JPN,4h1,,"Yanmar Stadium Nagai, Osaka (JPN)",03 JUN 2023,1005,women_400h,2023,https://worldathletics.org/athletes/japan/saya-matsume-14956376
97,1:00.56,,Emily HARADA,22 SEP 2005,JPN,5,,"Atsubetsu Park Stadium, Sapporo (JPN)",04 AUG 2023,1005,women_400h,2023,https://worldathletics.org/athletes/japan/emily-harada-14998839
98,1:00.62,,Cho-eun KIM,20 MAR 2003,KOR,1,,"Yecheon Stadium, Yecheon (KOR)",24 MAY 2023,1003,women_400h,2023,https://worldathletics.org/athletes/korea/cho-eun-kim-14977127
99,1:00.64,,Miu TANAKA,21 JUN 2006,JPN,2h7,,"Atsubetsu Park Stadium, Sapporo (JPN)",03 AUG 2023,1003,women_400h,2023,https://worldathletics.org/athletes/japan/miu-tanaka-15054988
100,1:00.69,,Nurkhon OCHILOVA,19 APR 2004,UZB,6,,"Supachalasai National Stadium, Bangkok (THA)",15 JUL 2023,1001,women_400h,2023,https://worldathletics.org/athletes/uzbekistan/nurkhon-ochilova-15036524
101,1:00.70,,Mandy GOH LI,15 DEC 2000,MAS,4,,"Morodok Techo National Stadium, Phnom Penh (CAM)",11 MAY 2023,1001,women_400h,2023,https://worldathletics.org/athletes/athlete=14859377
102,1:00.75,,Rin OKUBAYASHI,07 AUG 2001,JPN,6f1,,"Prefectural Shizuoka Stadium, Fukuroi (JPN)",03 MAY 2023,1000,women_400h,2023,https://worldathletics.org/athletes/athlete=14861110
102,1:00.75,,Kazuho SAEKI,14 FEB 2006,JPN,6,,"Atsubetsu Park Stadium, Sapporo (JPN)",04 AUG 2023,1000,women_400h,2023,https://worldathletics.org/athletes/japan/kazuho-saeki-14995757
104,1:00.77,,Kokona KATAYAMA,10 NOV 2005,JPN,1,,"Prefectural Shizuoka Stadium, Fukuroi (JPN)",17 JUN 2023,999,women_400h,2023,https://worldathletics.org/athletes/japan/kokona-katayama-14958789
105,1:00.78,,Yin-Ning LAI,24 FEB 2006,TPE,2,,"Hsinchu County Stadium, Hsinchu (TPE)",27 APR 2023,999,women_400h,2023,https://worldathletics.org/athletes/chinese-taipei/yin-ning-lai-14954210
106,1:00.81,,Kano NAITO,07 JUN 2004,JPN,4f2,,"Prefectural Shizuoka Stadium, Fukuroi (JPN)",03 MAY 2023,998,women_400h,2023,https://worldathletics.org/athletes/japan/kano-naito-14957207
106,1:00.81,,Mio HARADA,17 MAY 2006,JPN,1,,"Hakatanomori Athletic Stadium, Fukuoka (JPN)",16 JUN 2023,998,women_400h,2023,https://worldathletics.org/athletes/japan/mio-harada-15066120
108,1:00.83,,Kanami MORIWAKI,29 MAY 2004,JPN,5h5,,"Prefectural Stadium, Kumagaya (JPN)",15 SEP 2023,997,women_400h,2023,https://worldathletics.org/athletes/japan/kanami-moriwaki-14959840
108,1:00.83,,Yuki HATA,28 NOV 2006,JPN,2,,"Denka Big Swan Stadium, Niigata (JPN)",01 OCT 2023,997,women_400h,2023,https://worldathletics.org/athletes/japan/yuki-hata-15101450
110,1:00.88,,Yuxin LI,23 MAR 2005,CHN,5h1,,"Olympic Center, Shenyang (CHN)",27 JUN 2023,996,women_400h,2023,https://worldathletics.org/athletes/pr-of-china/yuxin-li-15043460
111,1:00.90,,Ramandeep KAUR,20 DEC 2003,IND,1,,"Sports Complex, Sector 7, Chandigarh (IND)",22 OCT 2023,995,women_400h,2023,https://worldathletics.org/athletes/india/ramandeep-kaur-15036842
112,1:00.94,,Ayana MANABE,03 DEC 2001,JPN,1h1,,"Nagaragawa Stadium, Gifu (JPN)",27 MAY 2023,994,women_400h,2023,https://worldathletics.org/athletes/athlete=14931808
113,1:00.96,,Kazhal ROSTAMI,24 JUL 2000,IRI,1,,"Aftab Enghelab Sport Complex, Tehran (IRI)",13 OCT 2023,994,women_400h,2023,https://worldathletics.org/athletes/athlete=14913324
114,1:00.98,,K.H.A.Dasuni KAUSHALYA,25 OCT 2001,SRI,1,,"Mahinda Rajapaksha Stadium, Diyagama (SRI)",30 JUL 2023,993,women_400h,2023,https://worldathletics.org/athletes/athlete=14860250
115,1:01.01,,Ji-hyeon NHO,08 JUN 2000,KOR,2,,"Naju Sports Complex, Naju (KOR)",14 JUN 2023,992,women_400h,2023,https://worldathletics.org/athletes/athlete=14852503
116,1:01.03,,Mengyao FU,20 MAR 2006,CHN,1,,"Tuanbo Sports Center, Tianjin (CHN)",22 MAY 2023,992,women_400h,2023,https://worldathletics.org/athletes/pr-of-china/mengyao-fu-15052081
116,1:01.03,,G.D. Niroshika LAKMALI,25 NOV 1989,SRI,1,,"Sugathadasa Stadium, Colombo (SRI)",25 AUG 2023,992,women_400h,2023,https://worldathletics.org/athletes/athlete=14606678
118,1:01.04,,Mizuki NOMURA,12 AUG 2005,JPN,3sf3,,"Atsubetsu Park Stadium, Sapporo (JPN)",04 AUG 2023,991,women_400h,2023,https://worldathletics.org/athletes/japan/mizuki-nomura-14998232
119,1:01.07,,Li ZHOU,12 FEB 2003,CHN,5,,"Jiangjin Stadium, Chongqing (CHN)",04 JUN 2023,990,women_400h,2023,https://worldathletics.org/athletes/pr-of-china/li-zhou-15051990
120,1:01.12,,Rio KUWABARA,28 MAR 2007,JPN,1,,"JIT Recycled Ink Stadium, Kofu (JPN)",17 JUN 2023,989,women_400h,2023,https://worldathletics.org/athletes/japan/rio-kuwabara-15055331
121,1:01.14,,Yukiho NINA,12 JAN 2006,JPN,4sf3,,"Atsubetsu Park Stadium, Sapporo (JPN)",04 AUG 2023,988,women_400h,2023,https://worldathletics.org/athletes/japan/yukiho-nina-15000232
122,1:01.15,,Satsuki SAOKA,18 AUG 2005,JPN,5h1,,"Yanmar Stadium Nagai, Osaka (JPN)",03 JUN 2023,988,women_400h,2023,https://worldathletics.org/athletes/japan/satsuki-saoka-14967466
123,1:01.20,,Saki SAKAMOTO,13 APR 2006,JPN,2,,"Hakatanomori Athletic Stadium, Fukuoka (JPN)",16 JUN 2023,987,women_400h,2023,https://worldathletics.org/athletes/japan/saki-sakamoto-15058011
123,1:01.20,,Hong XIE,06 OCT 2004,CHN,1h1,,Nanping (CHN),18 AUG 2023,987,women_400h,2023,https://worldathletics.org/athletes/pr-of-china/hong-xie-15127490
125,1:01.21,,Yuka MAEHARA,16 JUN 2002,JPN,3h4,,"Prefectural Stadium, Kumagaya (JPN)",15 SEP 2023,986,women_400h,2023,https://worldathletics.org/athletes/japan/yuka-maehara-14964688
126,1:01.22,,Shravani Sachin SANGLE,16 NOV 2005,IND,2,,"District Sports Complex Collectorate, Tiruvannamalai (IND)",30 APR 2023,986,women_400h,2023,https://worldathletics.org/athletes/india/shravani-sachin-sangle-14993445
127,1:01.29,,Riko MAEDA,15 APR 2005,JPN,7f1,,"Yanmar Stadium Nagai, Osaka (JPN)",06 MAY 2023,984,women_400h,2023,https://worldathletics.org/athletes/japan/riko-maeda-14998630
127,1:01.29,,G.A.S. DULANI,14 FEB 1993,SRI,2,,"Mahinda Rajapaksha Stadium, Diyagama (SRI)",30 JUL 2023,984,women_400h,2023,https://worldathletics.org/athletes/athlete=14759773
129,1:01.32,,Kanaho HARA,13 APR 2002,JPN,6,,"Yanmar Stadium Nagai, Osaka (JPN)",27 MAY 2023,983,women_400h,2023,https://worldathletics.org/athletes/athlete=14904942
130,1:01.34,,Aoi SUGITOU,20 JUL 2006,JPN,2,,"Prefectural Shizuoka Stadium, Fukuroi (JPN)",17 JUN 2023,983,women_400h,2023,https://worldathletics.org/athletes/japan/aoi-sugitou-15047480
130,1:01.34,,Yumeka KAGAWA,02 NOV 2001,JPN,1,,"Azuma Stadium, Fukushima (JPN)",15 JUL 2023,983,women_400h,2023,https://worldathletics.org/athletes/athlete=14861104
132,1:01.35,,Yalun WANG,13 APR 2005,CHN,1,,"City Stadium, Daqing (CHN)",09 SEP 2023,982,women_400h,2023,https://worldathletics.org/athletes/pr-of-china/yalun-wang-15103884
133,1:01.36,,Yukine NAKAJIMA,16 DEC 2005,JPN,1,,"Athletics Stadium, Toyama (JPN)",17 JUN 2023,982,women_400h,2023,https://worldathletics.org/athletes/japan/yukine-nakajima-15049650
134,1:01.37,,Rumi SATO,26 AUG 2005,JPN,2,,"Athletics Stadium, Toyama (JPN)",17 JUN 2023,982,women_400h,2023,https://worldathletics.org/athletes/japan/rumi-sato-14959237
134,1:01.37,,Kotone MASA,16 JUL 2002,JPN,1,,"Takebishi Stadium, Kyoto (JPN)",20 OCT 2023,982,women_400h,2023,https://worldathletics.org/athletes/japan/kotone-masa-14958873
136,1:01.39,,Pei-Shan WU,27 MAR 2000,TPE,5,,"Tainan National Stadium, Tainan (TPE)",25 OCT 2023,981,women_400h,2023,https://worldathletics.org/athletes/athlete=14689213
137,1:01.42,,Yeon-wo LEE,04 JUL 2002,KOR,3,,"Naju Sports Complex, Naju (KOR)",14 JUN 2023,980,women_400h,2023,https://worldathletics.org/athletes/athlete=14850582
138,1:01.43,,Jura IKEDA,27 OCT 2001,JPN,1,,"Hanasaki Athletic Field, Asahikawa (JPN)",12 AUG 2023,980,women_400h,2023,https://worldathletics.org/athletes/athlete=14855519
139,1:01.44,,Kokomi MAEDE,19 JAN 2005,JPN,2,,"Gion Stadium, Sagamihara (JPN)",24 SEP 2023,980,women_400h,2023,https://worldathletics.org/athletes/japan/kokomi-maede-14950725
140,1:01.45,,Zimei TANG,11 AUG 2006,CHN,2,,"Tuanbo Sports Center, Tianjin (CHN)",22 MAY 2023,980,women_400h,2023,https://worldathletics.org/athletes/pr-of-china/zimei-tang-15096881
140,1:01.45,,B. SUMITHRA,23 AUG 2001,IND,3h2,,"Sree Kanteerava Outdoor Stadium, Bengaluru (IND)",13 OCT 2023,980,women_400h,2023,https://worldathletics.org/athletes/athlete=14768664
142,1:01.46,,Moe MIZUGUCHI,13 APR 2002,JPN,6h2,,"Prefectural Stadium, Kumagaya (JPN)",15 SEP 2023,979,women_400h,2023,https://worldathletics.org/athletes/athlete=14861125
143,1:01.52,,Prajna KRISHNARAJA,25 JUL 2001,IND,2,,"Sports Complex, Sector 7, Chandigarh (IND)",22 OCT 2023,978,women_400h,2023,https://worldathletics.org/athletes/athlete=14862003
144,1:01.55,,Jiahui WANG,07 MAR 2000,CHN,4,,Rizhao (CHN),28 APR 2023,977,women_400h,2023,https://worldathletics.org/athletes/athlete=14858770
144,1:01.55,,Yuika SATO,18 APR 2005,JPN,5,,"JIT Recycled Ink Stadium, Kofu (JPN)",17 JUN 2023,977,women_400h,2023,https://worldathletics.org/athletes/japan/yuika-sato-14995617
144,1:01.55,,Xiaohan ZHOU,09 MAR 2002,CHN,2,,"Athletics Field of Anhui Vocational and Technical College, Hefei (CHN)",12 AUG 2023,977,women_400h,2023,https://worldathletics.org/athletes/pr-of-china/xiaohan-zhou-14942549
147,1:01.56,,Rina YOSHIOKA,24 AUG 2001,JPN,3f1,,"AGF Field, Tokyo (JPN)",22 JUL 2023,976,women_400h,2023,https://worldathletics.org/athletes/japan/rina-yoshioka-14963868
148,1:01.58,,Delna PHILIP,17 MAY 2001,IND,1,,"LNCPE, Trivandrum (IND)",20 MAR 2023,976,women_400h,2023,https://worldathletics.org/athletes/athlete=14859340
149,1:01.59,,Jiayi CHEN,22 AUG 2005,CHN,1h2,,Nanping (CHN),18 AUG 2023,976,women_400h,2023,https://worldathletics.org/athletes/pr-of-china/jiayi-chen-14990375
150,1:01.62,,Rasha BADRANI,15 JUN 2004,LBN,1f1,,"Anteater Stadium, Irvine, CA (USA)",29 APR 2023,975,women_400h,2023,https://worldathletics.org/athletes/lebanon/rasha-badrani-15069579
151,1:01.63,,Rina HASSAN,12 SEP 2003,JPN,1h4,,"Nagaragawa Stadium, Gifu (JPN)",17 JUN 2023,974,women_400h,2023,https://worldathletics.org/athletes/japan/rina-hassan-14957211
152,1:01.64,,Ya-Hsin LIN,23 APR 1998,TPE,2,,"Banqiao Stadium, New Taipei City (TPE)",10 MAR 2023,974,women_400h,2023,https://worldathletics.org/athletes/athlete=14705954
152,1:01.64,,Minami OSAKI,22 SEP 2003,JPN,5h4,,"Prefectural Stadium, Kumagaya (JPN)",15 SEP 2023,974,women_400h,2023,https://worldathletics.org/athletes/japan/minami-osaki-14950948
154,1:01.65,,Pranjali PATIL,23 JAN 2003,IND,4f1,,Chandigarh (IND),11 SEP 2023,974,women_400h,2023,https://worldathletics.org/athletes/athlete=14862019
155,1:01.67,,Yuzuki UEKAWA,07 OCT 2006,JPN,3,,"Prefectural Shizuoka Stadium, Fukuroi (JPN)",17 JUN 2023,973,women_400h,2023,https://worldathletics.org/athletes/japan/yuzuki-uekawa-15049876
155,1:01.67,,Maya ISHIZAWA,01 SEP 2001,JPN,6h5,,"Prefectural Stadium, Kumagaya (JPN)",15 SEP 2023,973,women_400h,2023,https://worldathletics.org/athletes/athlete=14855704
157,1:01.68,,Kana YAMAMOTO,25 AUG 2005,JPN,6,,"JIT Recycled Ink Stadium, Kofu (JPN)",17 JUN 2023,973,women_400h,2023,https://worldathletics.org/athletes/japan/kana-yamamoto-14955878
158,1:01.70,,Tae-eun KIM,02 FEB 1998,KOR,3,,"Iksan Stadium, Iksan (KOR)",08 JUL 2023,972,women_400h,2023,https://worldathletics.org/athletes/athlete=14860260
159,1:01.71,,Momo TOYAMA,06 SEP 2001,JPN,1h2,,"Nagaragawa Stadium, Gifu (JPN)",17 JUN 2023,972,women_400h,2023,https://worldathletics.org/athletes/athlete=14861107
160,1:01.73,,Tomoka SAITOU,02 JUL 2000,JPN,7f3,,"Yanmar Stadium Nagai, Osaka (JPN)",06 MAY 2023,972,women_400h,2023,https://worldathletics.org/athletes/athlete=14855683
160,1:01.73,,Chiharu ARUGA,22 APR 2001,JPN,4h2,,"Yanmar Stadium Nagai, Osaka (JPN)",03 JUN 2023,972,women_400h,2023,https://worldathletics.org/athletes/athlete=14855682
162,1:01.77,,Shreeya RAJESH,15 MAY 2005,IND,3,,"District Sports Complex Collectorate, Tiruvannamalai (IND)",30 APR 2023,970,women_400h,2023,https://worldathletics.org/athletes/india/shreeya-rajesh-15036843
162,1:01.77,,Ying Wen Ashleigh MA,20 JAN 2003,HKG,6h1,,"Shuangliu Sports Centre, Chengdu (CHN)",01 AUG 2023,970,women_400h,2023,https://worldathletics.org/athletes/athlete=14886704
162,1:01.77,,Shiho KAWANO,07 AUG 1999,JPN,4h1,,"Nagaragawa Stadium, Gifu (JPN)",24 SEP 2023,970,women_400h,2023,https://worldathletics.org/athletes/athlete=14766635
165,1:01.84,,Na LI,06 NOV 2001,CHN,3,,"Athletics Field of Anhui Vocational and Technical College, Hefei (CHN)",12 AUG 2023,968,women_400h,2023,https://worldathletics.org/athletes/pr-of-china/na-li-15118692
166,1:01.85,,Akari NISHIDATE,30 JUN 2005,JPN,4h5,,"Atsubetsu Park Stadium, Sapporo (JPN)",03 AUG 2023,968,women_400h,2023,https://worldathletics.org/athletes/japan/akari-nishidate-15058091
166,1:01.85,,Yuzuki ENDO,11 DEC 2003,JPN,2,,"Hanasaki Athletic Field, Asahikawa (JPN)",12 AUG 2023,968,women_400h,2023,https://worldathletics.org/athletes/japan/yuzuki-endo-14956824
168,1:01.88,,Cha-soon SIM,27 JAN 1996,KOR,4,,"Naju Sports Complex, Naju (KOR)",14 JUN 2023,967,women_400h,2023,https://worldathletics.org/athletes/athlete=14604583
169,1:01.91,,Unnathi Aiyappa BOLLANDA,05 JUN 2005,IND,5f1,,Chandigarh (IND),11 SEP 2023,966,women_400h,2023,https://worldathletics.org/athletes/athlete=14971180
170,1:01.92,,Anastasiya TSVIRKUNOVA,09 SEP 2005,KAZ,3,,"Central Stadium, Almaty (KAZ)",23 JUN 2023,966,women_400h,2023,https://worldathletics.org/athletes/athlete=14907725
170,1:01.92,,Yingqi XIONG,14 MAR 2002,CHN,4,,"Athletics Field of Anhui Vocational and Technical College, Hefei (CHN)",12 AUG 2023,966,women_400h,2023,https://worldathletics.org/athletes/pr-of-china/yingqi-xiong-14942554
170,1:01.92,,Riho BEPPU,05 JUN 2002,JPN,5h1,,"Prefectural Stadium, Kumagaya (JPN)",15 SEP 2023,966,women_400h,2023,https://worldathletics.org/athletes/athlete=14921638
173,1:01.93,,Mika KUMAGAI,12 AUG 2005,JPN,4,,"Prefectural Shizuoka Stadium, Fukuroi (JPN)",17 JUN 2023,966,women_400h,2023,https://worldathletics.org/athletes/japan/mika-kumagai-15005154
174,1:01.94,,Toa ARAI,30 JAN 2005,JPN,5h6,,"Prefectural Stadium, Kumagaya (JPN)",15 SEP 2023,966,women_400h,2023,https://worldathletics.org/athletes/japan/toa-arai-15000710
175,1:01.99,,Chao-chen CHUNG,17 DEC 2004,TPE,3,,"Hsinchu County Stadium, Hsinchu (TPE)",27 APR 2023,964,women_400h,2023,https://worldathletics.org/athletes/chinese-taipei/chao-chen-chung-14954230
175,1:01.99,,Chia-Yu CHANG,03 DEC 2000,TPE,3,,"Chung Yuan Christian University, Taoyuan (TPE)",10 MAY 2023,964,women_400h,2023,https://worldathletics.org/athletes/athlete=14831881
177,1:02.02,,Nagomi TERACHI,29 DEC 2005,JPN,1f4,,"Athletic Stadium, Tottori (JPN)",20 AUG 2023,963,women_400h,2023,https://worldathletics.org/athletes/japan/nagomi-terachi-15048075
178,1:02.05,,Sung-myun PARK,13 JUN 1995,KOR,4,,Mokpo (KOR),16 OCT 2023,962,women_400h,2023,https://worldathletics.org/athletes/korea/sung-myun-park-14604323
179,1:02.06,,Yura ISHIKAWA,16 SEP 2005,JPN,1,,"Athletic Stadium, Hikone (JPN)",16 JUL 2023,962,women_400h,2023,https://worldathletics.org/athletes/japan/yura-ishikawa-15001260
179,1:02.06,,Liurong PAN,01 AUG 2005,CHN,2,,"Athletics Field of Nanning Sports School, Nanning (CHN)",09 OCT 2023,962,women_400h,2023,https://worldathletics.org/athletes/pr-of-china/liurong-pan-15043466
181,1:02.07,,Suzuko MINAGAWA,23 DEC 2005,JPN,3,,"Athletics Stadium, Toyama (JPN)",17 JUN 2023,962,women_400h,2023,https://worldathletics.org/athletes/japan/suzuko-minagawa-15103226
182,1:02.08,,Kanako HEMMI,02 APR 2005,JPN,4,,"Athletics Stadium, Toyama (JPN)",17 JUN 2023,962,women_400h,2023,https://worldathletics.org/athletes/japan/kanako-hemmi-15048074
183,1:02.09,,Haruka OKAMOTO,13 JAN 1991,JPN,5h2,,"Nagaragawa Stadium, Gifu (JPN)",24 SEP 2023,961,women_400h,2023,https://worldathletics.org/athletes/athlete=14334519
184,1:02.10,,Rena HARUKI,29 JAN 2007,JPN,3,,"JIT Recycled Ink Stadium, Kofu (JPN)",17 JUN 2023,961,women_400h,2023,https://worldathletics.org/athletes/japan/rena-haruki-15051709
185,1:02.13,,Huisha BAI,05 SEP 2004,CHN,3h1,,Nanping (CHN),18 AUG 2023,960,women_400h,2023,https://worldathletics.org/athletes/athlete=14940332
186,1:02.14,,Makoto NAKAMURA,25 JAN 2005,JPN,6h2,,"Prefectural Stadium, Kagoshima (JPN)",14 OCT 2023,960,women_400h,2023,https://worldathletics.org/athletes/athlete=14921674
186,1:02.14,,Neha DHABALE,06 AUG 2003,IND,3,,"Sports Complex, Sector 7, Chandigarh (IND)",22 OCT 2023,960,women_400h,2023,https://worldathletics.org/athletes/india/neha-dhabale-15113697
188,1:02.15,,Konomi HATAKEYAMA,12 DEC 2006,JPN,3h1,,"Atsubetsu Park Stadium, Sapporo (JPN)",03 AUG 2023,960,women_400h,2023,https://worldathletics.org/athletes/japan/konomi-hatakeyama-15046102
188,1:02.15,,. VANDANA,09 MAY 2003,IND,4,,"Sports Complex, Sector 7, Chandigarh (IND)",22 OCT 2023,960,women_400h,2023,https://worldathletics.org/athletes/athlete=14921118
190,1:02.19,,Geeta DEVASI,12 MAR 2003,IND,1f2,,Chandigarh (IND),11 SEP 2023,959,women_400h,2023,https://worldathletics.org/athletes/athlete=14873499
191,1:02.21,,Lihong HU,08 AUG 1999,CHN,3h1,,"Sichuan Xipu Training Base, Chengdu (CHN)",08 APR 2023,958,women_400h,2023,https://worldathletics.org/athletes/athlete=14754413
192,1:02.24,,Xinlei ZHU,26 JUL 2004,CHN,2h2,,Nanping (CHN),18 AUG 2023,957,women_400h,2023,https://worldathletics.org/athletes/pr-of-china/xinlei-zhu-14944820
192,1:02.24,,Arisa MATSUO,15 JUN 2005,JPN,1f1,,"Konoike Athletics Stadium, Nara (JPN)",24 SEP 2023,957,women_400h,2023,https://worldathletics.org/athletes/japan/arisa-matsuo-15005193
194,1:02.27,,Tamaki KONO,14 JUL 2006,JPN,4,,"JIT Recycled Ink Stadium, Kofu (JPN)",17 JUN 2023,956,women_400h,2023,https://worldathletics.org/athletes/japan/tamaki-kono-15052864
194,1:02.27,,Rin SATO,11 MAY 2005,JPN,2,,"ND Soft Stadium, Tendo (JPN)",17 JUN 2023,956,women_400h,2023,https://worldathletics.org/athletes/japan/rin-sato-14998466
196,1:02.28,,Yui YAMANAKA,20 DEC 2005,JPN,6sf1,,"Atsubetsu Park Stadium, Sapporo (JPN)",04 AUG 2023,956,women_400h,2023,https://worldathletics.org/athletes/japan/yui-yamanaka-15001140
197,1:02.31,,Nayana JOSE,13 APR 2004,IND,4,,"District Sports Complex Collectorate, Tiruvannamalai (IND)",30 APR 2023,955,women_400h,2023,https://worldathletics.org/athletes/india/nayana-jose-15045138
198,1:02.32,,Zhuo CHEN,20 JUL 2001,CHN,3,,"Olympic Sports Center, Huangshi (CHN)",11 JUN 2023,955,women_400h,2023,https://worldathletics.org/athletes/athlete=14857865
199,1:02.34,,V. Krishnan SALINI,10 JAN 1998,IND,1,,"Sree Kanteerava Outdoor Stadium, Bengaluru (IND)",10 APR 2023,954,women_400h,2023,https://worldathletics.org/athletes/athlete=14849699
200,1:02.35,,Yuka NAKAMURA,28 DEC 2002,JPN,4,,"Takebishi Stadium, Kyoto (JPN)",20 OCT 2023,954,women_400h,2023,https://worldathletics.org/athletes/japan/yuka-nakamura-14949701
201,1:02.36,,Sakura HAJI,13 APR 2005,JPN,3h3,,"JIT Recycled Ink Stadium, Kofu (JPN)",17 JUN 2023,954,women_400h,2023,https://worldathletics.org/athletes/japan/sakura-haji-15054986
201,1:02.36,,Hiyori NISHIKAWA,31 OCT 2001,JPN,5sf3,,"Nagaragawa Stadium, Gifu (JPN)",18 JUN 2023,954,women_400h,2023,https://worldathletics.org/athletes/japan/hiyori-nishikawa-14960267
203,1:02.38,,Nana KOJIMA,16 FEB 2007,JPN,5,,"Prefectural Shizuoka Stadium, Fukuroi (JPN)",17 JUN 2023,953,women_400h,2023,https://worldathletics.org/athletes/japan/nana-kojima-14996787
204,1:02.39,,Miyu OZAKI,07 JAN 2002,JPN,3h7,,"Nagaragawa Stadium, Gifu (JPN)",17 JUN 2023,953,women_400h,2023,https://worldathletics.org/athletes/athlete=14861115
205,1:02.41,,Aoi NOMA,25 AUG 2004,JPN,2,,"Takebishi Stadium, Kyoto (JPN)",31 AUG 2023,952,women_400h,2023,https://worldathletics.org/athletes/japan/aoi-noma-14962141
206,1:02.49,,W.H.M. FERNANDO,25 SEP 1998,SRI,3,,"Sugathadasa Stadium, Colombo (SRI)",25 AUG 2023,950,women_400h,2023,https://worldathletics.org/athletes/athlete=14843058
206,1:02.49,,Kokoro YOSHIMURA,12 MAY 2004,JPN,3,,"Takebishi Stadium, Kyoto (JPN)",31 AUG 2023,950,women_400h,2023,https://worldathletics.org/athletes/japan/kokoro-yoshimura-14958859
208,1:02.52,,Mia TAKEDA,26 OCT 2005,JPN,2h4,,"Atsubetsu Park Stadium, Sapporo (JPN)",03 AUG 2023,949,women_400h,2023,https://worldathletics.org/athletes/japan/mia-takeda-15048066
208,1:02.52,,Siwei MAI,09 SEP 2003,CHN,5,,"Athletics Field of Anhui Vocational and Technical College, Hefei (CHN)",12 AUG 2023,949,women_400h,2023,https://worldathletics.org/athletes/pr-of-china/siwei-mai-15115141
210,1:02.54,,Hiyori AOYAMA,07 MAY 2005,JPN,6,,"Prefectural Shizuoka Stadium, Fukuroi (JPN)",17 JUN 2023,949,women_400h,2023,https://worldathletics.org/athletes/japan/hiyori-aoyama-14951292
211,1:02.57,,Ekaterina KOLODA,15 AUG 2006,KAZ,2,,Tashkent (UZB),29 APR 2023,948,women_400h,2023,https://worldathletics.org/athletes/kazakhstan/ekaterina-koloda-15019870
212,1:02.59,,Lealyn SANITA,18 MAR 2001,PHI,1h1,,"Philsport Track Oval, Pasig (PHI)",25 NOV 2023,947,women_400h,2023,https://worldathletics.org/athletes/athlete=14840461
213,1:02.60,,Machi KITAJIMA,14 APR 2002,JPN,5,,"Nagaragawa Stadium, Gifu (JPN)",27 MAY 2023,947,women_400h,2023,https://worldathletics.org/athletes/japan/machi-kitajima-14964432
214,1:02.64,,Isha CHANDER,15 JUL 2003,IND,2f2,,Chandigarh (IND),11 SEP 2023,946,women_400h,2023,https://worldathletics.org/athletes/india/isha-chander-15053313
215,1:02.67,,Akane NAGANO,10 MAY 2001,JPN,3h5,,"Nagaragawa Stadium, Gifu (JPN)",17 JUN 2023,945,women_400h,2023,https://worldathletics.org/athletes/japan/akane-nagano-14952079
216,1:02.68,,Mengqiao CHEN,23 APR 2004,CHN,3,,"City Stadium, Daqing (CHN)",09 SEP 2023,945,women_400h,2023,https://worldathletics.org/athletes/pr-of-china/mengqiao-chen-15073059
217,1:02.70,,Misaki HAGIWARA,22 MAY 2007,JPN,1h2,,"Prefectural Stadium, Kumagaya (JPN)",22 OCT 2023,944,women_400h,2023,https://worldathletics.org/athletes/japan/misaki-hagiwara-15114846
218,1:02.71,,Suzuka KAWABATA,13 JUL 1993,JPN,3,,"Hoshigadai Stadium, Tajimi (JPN)",08 OCT 2023,944,women_400h,2023,https://worldathletics.org/athletes/athlete=14591170
218,1:02.71,,Santosh KUMARI,15 JAN 1990,IND,4h1,,"Sree Kanteerava Outdoor Stadium, Bengaluru (IND)",13 OCT 2023,944,women_400h,2023,https://worldathletics.org/athletes/athlete=14545221
218,1:02.71,,Min-kyung LEE,18 JAN 2007,KOR,1,,Mokpo (KOR),16 OCT 2023,944,women_400h,2023,https://worldathletics.org/athletes/korea/min-kyung-lee-14986904
218,1:02.71,,Rashini KARUNARATHNE,19 JUN 2006,SRI,1,,"Sugathadasa Stadium, Colombo (SRI)",27 NOV 2023,944,women_400h,2023,https://worldathletics.org/athletes/sri-lanka/rashini-karunarathne-15100584
222,1:02.72,,Miyu BESSHO,01 FEB 2007,JPN,1,,"Prefectural Stadium, Hiroshima (JPN)",08 OCT 2023,944,women_400h,2023,https://worldathletics.org/athletes/japan/miyu-bessho-14974650
222,1:02.72,,Vishnu Priya JAYAPRAKASAN,13 MAR 2001,IND,4h1,,"Sports Complex, Sector 7, Chandigarh (IND)",22 OCT 2023,944,women_400h,2023,https://worldathletics.org/athletes/athlete=14841060
224,1:02.75,,Kano TACHIKAWA,06 SEP 2001,JPN,6h3,,"Prefectural Stadium, Kumagaya (JPN)",15 SEP 2023,943,women_400h,2023,https://worldathletics.org/athletes/athlete=14861117
224,1:02.75,,Yun-seo JO,13 SEP 2005,KOR,2,,Mokpo (KOR),16 OCT 2023,943,women_400h,2023,https://worldathletics.org/athletes/korea/yun-seo-jo-14980533
226,1:02.77,,Mao SATO,20 APR 2005,JPN,4,,"ND Soft Stadium, Tendo (JPN)",17 JUN 2023,942,women_400h,2023,https://worldathletics.org/athletes/japan/mao-sato-15049069
227,1:02.79,,Hikaru HARA,22 JUL 2005,JPN,3h1,,"JIT Recycled Ink Stadium, Kofu (JPN)",17 JUN 2023,942,women_400h,2023,https://worldathletics.org/athletes/japan/hikaru-hara-15032562
227,1:02.79,,Xueqi LI,14 FEB 2005,CHN,7h2,,"Olympic Center, Shenyang (CHN)",27 JUN 2023,942,women_400h,2023,https://worldathletics.org/athletes/pr-of-china/xueqi-li-15031091
227,1:02.79,,Veronika LOGINOVA,21 FEB 1993,UZB,8,,"Supachalasai National Stadium, Bangkok (THA)",15 JUL 2023,942,women_400h,2023,https://worldathletics.org/athletes/uzbekistan/veronika-loginova-15099678
227,1:02.79,,Yuna SHIMIZU,23 AUG 2002,JPN,2,,"Prefectural Stadium, Fukui (JPN)",19 AUG 2023,942,women_400h,2023,https://worldathletics.org/athletes/japan/yuna-shimizu-14960474
231,1:02.80,,Gurdeep KAUR,02 JUN 2001,IND,5h1,,"Sports Complex, Sector 7, Chandigarh (IND)",22 OCT 2023,941,women_400h,2023,https://worldathletics.org/athletes/athlete=14768667
232,1:02.82,,Misato KATO,21 AUG 2007,JPN,3h2,,"JIT Recycled Ink Stadium, Kofu (JPN)",17 JUN 2023,941,women_400h,2023,https://worldathletics.org/athletes/japan/misato-kato-15052975
232,1:02.82,,Rinka HAMACHIYO,16 JUL 2003,JPN,1h1,,"Gion Stadium, Sagamihara (JPN)",23 SEP 2023,941,women_400h,2023,https://worldathletics.org/athletes/japan/rinka-hamachiyo-14951315
234,1:02.89,,Itsuna CHIBA,13 NOV 2006,JPN,1,,"Azuma Stadium, Fukushima (JPN)",29 SEP 2023,939,women_400h,2023,https://worldathletics.org/athletes/japan/itsuna-chiba-15103358
235,1:02.92,,M. SIREESHA,05 JUN 2003,IND,3h3,,"Sree Kanteerava Outdoor Stadium, Bengaluru (IND)",13 OCT 2023,938,women_400h,2023,https://worldathletics.org/athletes/athlete=14884125
235,1:02.92,,Megha MUNAVALLI,19 MAY 2001,IND,2h2,,"Sports Complex, Sector 7, Chandigarh (IND)",22 OCT 2023,938,women_400h,2023,https://worldathletics.org/athletes/india/megha-munavalli-15018309
237,1:02.94,,Hanoa FUKUSHIMA,22 JAN 2007,JPN,2f1,,"Konoike Athletics Stadium, Nara (JPN)",24 SEP 2023,937,women_400h,2023,https://worldathletics.org/athletes/japan/hanoa-fukushima-15046560
238,1:02.96,,Himeno KAMIOKA,23 OCT 2005,JPN,3f3,,"Municipal Stadium, Miyazaki (JPN)",16 APR 2023,937,women_400h,2023,https://worldathletics.org/athletes/japan/himeno-kamioka-15052252
238,1:02.96,,Ayano KOIDE,10 NOV 2001,JPN,2,,"Hakatanomori Athletic Stadium, Fukuoka (JPN)",11 AUG 2023,937,women_400h,2023,https://worldathletics.org/athletes/japan/ayano-koide-14957735
238,1:02.96,,Yun Jie WENG,05 MAR 2005,TPE,4sf1,,"Tainan National Stadium, Tainan (TPE)",24 OCT 2023,937,women_400h,2023,https://worldathletics.org/athletes/chinese-taipei/yun-jie-weng-15113424
241,1:02.97,,Hina NISHI,12 JUL 2002,JPN,3h3,,"Nagaragawa Stadium, Gifu (JPN)",17 JUN 2023,937,women_400h,2023,https://worldathletics.org/athletes/japan/hina-nishi-14965117
241,1:02.97,,Sae OTANI,17 JUL 2005,JPN,6,,"Athletics Stadium, Toyama (JPN)",17 JUN 2023,937,women_400h,2023,https://worldathletics.org/athletes/japan/sae-otani-15047706
243,1:02.98,,Nagisa YAMAZAKI,08 JUL 2004,JPN,5f1,,"AGF Field, Tokyo (JPN)",22 JUL 2023,936,women_400h,2023,https://worldathletics.org/athletes/japan/nagisa-yamazaki-14966496
244,1:03.00,,Tsubasa MORIYAMA,05 JUN 2005,JPN,5,,"Hakatanomori Athletic Stadium, Fukuoka (JPN)",16 JUN 2023,936,women_400h,2023,https://worldathletics.org/athletes/japan/tsubasa-moriyama-14996736
244,1:03.00,,Yuka HAYASHI,30 SEP 2005,JPN,3sf2,,"Athletics Stadium, Toyama (JPN)",17 JUN 2023,936,women_400h,2023,https://worldathletics.org/athletes/japan/yuka-hayashi-15004272
246,1:03.01,,Iroha YOSHIDA,01 OCT 2006,JPN,4sf2,,"Athletics Stadium, Toyama (JPN)",17 JUN 2023,935,women_400h,2023,https://worldathletics.org/athletes/japan/iroha-yoshida-15050519
246,1:03.01,,Yoko SHIMADA,07 MAY 1992,JPN,5h3,,"Nagaragawa Stadium, Gifu (JPN)",24 SEP 2023,935,women_400h,2023,https://worldathletics.org/athletes/athlete=14722792
248,1:03.02,,Rina TAKAGI,02 OCT 1999,JPN,1f3,,"Athletic Stadium, Tottori (JPN)",20 AUG 2023,935,women_400h,2023,https://worldathletics.org/athletes/athlete=14815080
249,1:03.03,,Mizuno KUBO,02 MAY 2006,JPN,3,,"Prefectural Stadium, Okayama (JPN)",17 JUN 2023,935,women_400h,2023,https://worldathletics.org/athletes/japan/mizuno-kubo-14952387
250,1:03.05,,Wenjing CHI,01 MAY 2004,CHN,4,,"City Stadium, Daqing (CHN)",09 SEP 2023,934,women_400h,2023,https://worldathletics.org/athletes/pr-of-china/wenjing-chi-14974856
251,1:03.06,,R.M.C. UMAYA,05 MAR 2004,SRI,1,,"Sugathadasa Stadium, Colombo (SRI)",27 NOV 2023,934,women_400h,2023,https://worldathletics.org/athletes/sri-lanka/rmc-umaya-15157528
252,1:03.08,,Kona SHIOYA,12 DEC 2007,JPN,3,,"Prefectural Stadium, Kumagaya (JPN)",22 OCT 2023,934,women_400h,2023,https://worldathletics.org/athletes/japan/kona-shioya-15114847
253,1:03.10,,Ami HIRAMOTO,12 APR 2006,JPN,4h1,,"JIT Recycled Ink Stadium, Kofu (JPN)",17 JUN 2023,933,women_400h,2023,https://worldathletics.org/athletes/japan/ami-hiramoto-15058378
253,1:03.10,,Kanaru KAWADA,16 APR 2005,JPN,5,,"JIT Recycled Ink Stadium, Kofu (JPN)",17 JUN 2023,933,women_400h,2023,https://worldathletics.org/athletes/japan/kanaru-kawada-15004833
253,1:03.10,,Houka GOTOU,09 AUG 2005,JPN,6,,"ND Soft Stadium, Tendo (JPN)",17 JUN 2023,933,women_400h,2023,https://worldathletics.org/athletes/japan/houka-gotou-15049073
253,1:03.10,,Mayumi ITO,03 MAY 1996,JPN,6h2,,"Nagaragawa Stadium, Gifu (JPN)",24 SEP 2023,933,women_400h,2023,https://worldathletics.org/athletes/japan/mayumi-ito-14954400
257,1:03.12,,Yana ZARIPOVA,27 MAR 2002,KAZ,2f2,,"Yelena Yelesina Stadium, Chelyabinsk (RUS)",09 JUL 2023,932,women_400h,2023,https://worldathletics.org/athletes/athlete=14832550
257,1:03.12,,Kun HE,27 JUL 2005,CHN,5,,"City Stadium, Daqing (CHN)",09 SEP 2023,932,women_400h,2023,https://worldathletics.org/athletes/pr-of-china/kun-he-15052086
259,1:03.16,,Kristina PRONZHENKO,10 DEC 1988,TJK,6h1,,"HOC Stadium, Hangzhou (CHN)",02 OCT 2023,931,women_400h,2023,https://worldathletics.org/athletes/athlete=14591502
260,1:03.17,,Mio SEKIGUCHI,08 APR 2003,JPN,4,,"Gion Stadium, Sagamihara (JPN)",24 SEP 2023,931,women_400h,2023,https://worldathletics.org/athletes/athlete=14901141
260,1:03.17,,Nagisa WATANABE,06 FEB 2007,JPN,4f1,,"Prefectural Stadium, Kumamoto (JPN)",07 OCT 2023,931,women_400h,2023,https://worldathletics.org/athletes/japan/nagisa-watanabe-15103668
262,1:03.19,,Mao FUJITA,07 FEB 2003,JPN,3h2,,"Nagaragawa Stadium, Gifu (JPN)",17 JUN 2023,930,women_400h,2023,https://worldathletics.org/athletes/athlete=14941930
263,1:03.20,,Mao EBIHARA,13 APR 2005,JPN,6,,"JIT Recycled Ink Stadium, Kofu (JPN)",17 JUN 2023,930,women_400h,2023,https://worldathletics.org/athletes/japan/mao-ebihara-15101799
264,1:03.21,,Yuna ARAKI,21 OCT 2005,JPN,3sf1,,"ND Soft Stadium, Tendo (JPN)",17 JUN 2023,930,women_400h,2023,https://worldathletics.org/athletes/japan/yuna-araki-15000552
265,1:03.24,,Seong-min HUH,06 APR 2004,KOR,4,,"Yecheon Stadium, Yecheon (KOR)",08 MAY 2023,929,women_400h,2023,https://worldathletics.org/athletes/athlete=14901543
265,1:03.24,,Airi TANAKA,10 MAY 2006,JPN,4,,"Prefectural Stadium, Kumagaya (JPN)",22 OCT 2023,929,women_400h,2023,https://worldathletics.org/athletes/japan/airi-tanaka-15114848
267,1:03.25,,Moumi JANA,23 AUG 2004,IND,6h1,,"Athletics Stadium, Bambolim (IND)",02 NOV 2023,929,women_400h,2023,https://worldathletics.org/athletes/india/moumi-jana-15034043
268,1:03.27,,Nanami TAHARA,27 MAY 2004,JPN,4,,"Takebishi Stadium, Kyoto (JPN)",31 AUG 2023,928,women_400h,2023,https://worldathletics.org/athletes/japan/nanami-tahara-14996389
269,1:03.29,,Miyu TAKAGAKI,25 JUN 2003,JPN,3,,"Memorial Park Stadium, Amagasaki (JPN)",04 APR 2023,928,women_400h,2023,https://worldathletics.org/athletes/japan/miyu-takagaki-14954562
269,1:03.29,,Miku MIYOSHI,16 AUG 2003,JPN,6h3,,"Gion Stadium, Sagamihara (JPN)",13 MAY 2023,928,women_400h,2023,https://worldathletics.org/athletes/japan/miku-miyoshi-14961983
269,1:03.29,,R.M.Yasasri RATHNAYAKE,05 MAR 2004,SRI,4h2,,"Mahinda Rajapaksha Stadium, Diyagama (SRI)",29 JUL 2023,928,women_400h,2023,https://worldathletics.org/athletes/sri-lanka/rmyasasri-rathnayake-15047291
269,1:03.29,,Chihiro HAYASHI,04 JAN 2002,JPN,2h5,,"Prefectural Shizuoka Stadium, Fukuroi (JPN)",26 AUG 2023,928,women_400h,2023,https://worldathletics.org/athletes/athlete=14855684
273,1:03.31,,Miu TESHIMA,26 DEC 2005,JPN,4,,"Prefectural Stadium, Okayama (JPN)",17 JUN 2023,927,women_400h,2023,https://worldathletics.org/athletes/japan/miu-teshima-15048983
274,1:03.32,,Miyu HOSINO,26 FEB 2006,JPN,4h3,,"JIT Recycled Ink Stadium, Kofu (JPN)",17 JUN 2023,927,women_400h,2023,https://worldathletics.org/athletes/japan/miyu-hosino-14997322
274,1:03.32,,. NEHA,30 JUN 2002,IND,7h2,,"Athletics Stadium, Bambolim (IND)",02 NOV 2023,927,women_400h,2023,https://worldathletics.org/athletes/india/neha-15108383
276,1:03.33,,Miyuu SATO,08 NOV 2005,JPN,7,,"ND Soft Stadium, Tendo (JPN)",17 JUN 2023,927,women_400h,2023,https://worldathletics.org/athletes/japan/miyuu-sato-14960755
276,1:03.33,,Sachi KUZUHARA,11 APR 2004,JPN,5,,"Takebishi Stadium, Kyoto (JPN)",31 AUG 2023,927,women_400h,2023,https://worldathletics.org/athletes/japan/sachi-kuzuhara-14956007
278,1:03.38,,Xinyi DONG,16 JUL 2006,CHN,3,,"Tuanbo Sports Center, Tianjin (CHN)",22 MAY 2023,925,women_400h,2023,https://worldathletics.org/athletes/pr-of-china/xinyi-dong-15035635
278,1:03.38,,Yukina HASHIMOTO,28 DEC 2005,JPN,5,,"Sunrise Park, Saga (JPN)",19 AUG 2023,925,women_400h,2023,https://worldathletics.org/athletes/japan/yukina-hashimoto-15008156
278,1:03.38,,Yeon-ju PARK,11 MAR 2003,KOR,1,,Mokpo (KOR),16 OCT 2023,925,women_400h,2023,https://worldathletics.org/athletes/korea/yeon-ju-park-14980522
281,1:03.39,,Rena KISHIMOTO,24 JUN 2006,JPN,7h1,,"Yanmar Stadium Nagai, Osaka (JPN)",03 JUN 2023,925,women_400h,2023,https://worldathletics.org/athletes/japan/rena-kishimoto-14957322
282,1:03.42,,Nanako FUJII,21 JUL 2006,JPN,6,,"Hakatanomori Athletic Stadium, Fukuoka (JPN)",16 JUN 2023,924,women_400h,2023,https://worldathletics.org/athletes/japan/nanako-fujii-15053714
282,1:03.42,,Sakura SHIRAHAMA,02 NOV 2005,JPN,3h8,,"Atsubetsu Park Stadium, Sapporo (JPN)",03 AUG 2023,924,women_400h,2023,https://worldathletics.org/athletes/athlete=14919447
282,1:03.42,,Chae-won HWANG,26 FEB 2006,KOR,2,,Mokpo (KOR),19 AUG 2023,924,women_400h,2023,https://worldathletics.org/athletes/korea/chae-won-hwang-15099869
285,1:03.44,,Shalan DON ARACHCHILAGE,2007,SRI,4,,"Hasely Crawford Stadium, Port-of-Spain (TTO)",09 AUG 2023,924,women_400h,2023,https://worldathletics.org/athletes/sri-lanka/shalan-don-arachchilage-15108620
285,1:03.44,,Ayaka YOSHINO,19 SEP 2006,JPN,2h2,,"Prefectural Stadium, Kumamoto (JPN)",07 OCT 2023,924,women_400h,2023,https://worldathletics.org/athletes/japan/ayaka-yoshino-15086042
285,1:03.44,,Deekshitha RAMAKRISHNA,28 APR 2003,IND,4h3,,"Sree Kanteerava Outdoor Stadium, Bengaluru (IND)",13 OCT 2023,924,women_400h,2023,https://worldathletics.org/athletes/india/deekshitha-ramakrishna-15045500
288,1:03.45,,Umi KASHIWAGURA,18 MAY 2004,JPN,7h6,,"Prefectural Stadium, Kumagaya (JPN)",15 SEP 2023,923,women_400h,2023,https://worldathletics.org/athletes/athlete=14921671
289,1:03.46,,Wakaba TERAOKA,22 APR 2005,JPN,7,,"Prefectural Shizuoka Stadium, Fukuroi (JPN)",17 JUN 2023,923,women_400h,2023,https://worldathletics.org/athletes/japan/wakaba-teraoka-14999940
290,1:03.48,,Natsuki KIKUCHI,23 MAY 2005,JPN,7,,"JIT Recycled Ink Stadium, Kofu (JPN)",17 JUN 2023,922,women_400h,2023,https://worldathletics.org/athletes/japan/natsuki-kikuchi-15004144
291,1:03.49,,Minqing WU,15 NOV 2006,CHN,3h3,,Nanping (CHN),18 AUG 2023,922,women_400h,2023,https://worldathletics.org/athletes/pr-of-china/minqing-wu-15052060
292,1:03.51,,Hansika MUNASINGHE,28 OCT 2007,SRI,2h1,,"Mahinda Rajapaksha Stadium, Diyagama (SRI)",29 JUL 2023,922,women_400h,2023,https://worldathletics.org/athletes/sri-lanka/hansika-munasinghe-15088774
293,1:03.52,,H.A.S.D NETHMINI,29 JUL 2004,SRI,2,,"Sugathadasa Stadium, Colombo (SRI)",27 NOV 2023,921,women_400h,2023,https://worldathletics.org/athletes/sri-lanka/hasd-nethmini-15110101
294,1:03.54,,Hiroka KUZUHARA,22 NOV 2007,JPN,2,,"Pikara Stadium, Marugame (JPN)",18 JUN 2023,921,women_400h,2023,https://worldathletics.org/athletes/japan/hiroka-kuzuhara-15102248
294,1:03.54,,Yirong LI,17 JAN 2002,CHN,6,,"Athletics Field of Anhui Vocational and Technical College, Hefei (CHN)",12 AUG 2023,921,women_400h,2023,https://worldathletics.org/athletes/pr-of-china/yirong-li-14942555
294,1:03.54,,Shih-Han LO,06 MAY 2007,TPE,3,,"Tainan National Stadium, Tainan (TPE)",04 NOV 2023,921,women_400h,2023,https://worldathletics.org/athletes/chinese-taipei/shih-han-lo-15047612
297,1:03.56,,Yu-Ching CHEN,20 NOV 2007,TPE,3,,"Taoyuan City Stadium, Taoyuan (TPE)",18 SEP 2023,920,women_400h,2023,https://worldathletics.org/athletes/chinese-taipei/yu-ching-chen-15110251
298,1:03.59,,Megumi SAITO,08 AUG 2001,JPN,8h2,,"Gion Stadium, Sagamihara (JPN)",13 MAY 2023,919,women_400h,2023,https://worldathletics.org/athletes/japan/megumi-saito-14955323
298,1:03.59,,Kokona ANDO,28 JUL 2006,JPN,8,,"Prefectural Shizuoka Stadium, Fukuroi (JPN)",17 JUN 2023,919,women_400h,2023,https://worldathletics.org/athletes/japan/kokona-ando-15101163
300,1:03.60,,Rira HATTORI,27 SEP 2004,JPN,8h6,,"Prefectural Stadium, Kumagaya (JPN)",15 SEP 2023,919,women_400h,2023,https://worldathletics.org/athletes/japan/rira-hattori-14962635
1,53.41,,Kemi ADEKOYA,16 JAN 1993,BRN,2f1,,"Stade de La Charrière, La Chaux-de-Fonds (SUI)",14 JUL 2024,1223,women_400h,2024,https://worldathletics.org/athletes/athlete=14419510
2,54.75,,Jiadie MO,06 JAN 2000,CHN,1rr2,,"Stade de France, Paris (FRA)",05 AUG 2024,1181,women_400h,2024,https://worldathletics.org/athletes/athlete=14744957
3,55.72,,Lauren HOFFMAN,30 MAR 1999,PHI,2,,"Drake Stadium, Des Moines, IA (USA)",27 APR 2024,1150,women_400h,2024,https://worldathletics.org/athletes/athlete=14649944
4,55.87,,Yingying KONG,22 MAR 2003,CHN,1,,"Sports Center, Quzhou (CHN)",16 SEP 2024,1146,women_400h,2024,https://worldathletics.org/athletes/athlete=14884045
5,56.23,,Vithya RAMRAJ,20 SEP 1998,IND,1,,"Sree Kanteerava Outdoor Stadium, Bengaluru (IND)",02 SEP 2024,1135,women_400h,2024,https://worldathletics.org/athletes/athlete=14776046
6,56.25,,Changwei LU,08 NOV 2001,CHN,2,,"Sports Center, Quzhou (CHN)",16 SEP 2024,1134,women_400h,2024,https://worldathletics.org/athletes/athlete=14811638
7,56.35,,Ami YAMAMOTO,19 APR 2002,JPN,1,,"Todoroki Stadium, Kawasaki (JPN)",22 SEP 2024,1131,women_400h,2024,https://worldathletics.org/athletes/athlete=14861142
8,56.80,,Aminat JAMAL,27 JUN 1997,BRN,3,,"Estadio Luguelín Santos, Bayaguana (DOM)",20 APR 2024,1117,women_400h,2024,https://worldathletics.org/athletes/athlete=14701082
9,56.81,,Miku TAKINO,19 JUN 2005,JPN,1,,"Sunrise Park, Saga (JPN)",13 OCT 2024,1117,women_400h,2024,https://worldathletics.org/athletes/japan/miku-takino-14954560
10,56.86,,Adelina ZEMS,25 DEC 1998,KAZ,5,,"Nyayo National Stadium, Nairobi (KEN)",20 APR 2024,1115,women_400h,2024,https://worldathletics.org/athletes/athlete=14714397
11,56.87,,Moe MATSUOKA,02 MAR 2003,JPN,2sf3,,"Todoroki Stadium, Kawasaki (JPN)",21 SEP 2024,1115,women_400h,2024,https://worldathletics.org/athletes/athlete=14895835
12,56.93,,Robyn BROWN,27 JUL 1994,PHI,5,,"Foote Field, Edmonton (CAN)",13 JUN 2024,1113,women_400h,2024,https://worldathletics.org/athletes/athlete=14893469
13,56.96,,Mizuna ONO,09 DEC 2002,JPN,3sf3,,"Todoroki Stadium, Kawasaki (JPN)",21 SEP 2024,1112,women_400h,2024,https://worldathletics.org/athletes/athlete=14855450
14,57.30,,Eri UTSUNOMIYA,11 APR 1993,JPN,2f3,,"Yanmar Stadium Nagai, Osaka (JPN)",12 MAY 2024,1102,women_400h,2024,https://worldathletics.org/athletes/athlete=14664132
14,57.30,,Satsuki UMEHARA,22 MAY 1994,JPN,1,,"Lemon Gas Stadium, Hiratsuka (JPN)",20 JUL 2024,1102,women_400h,2024,https://worldathletics.org/athletes/athlete=14444482
16,57.33,,Meri MASUKO,15 APR 2003,JPN,2,,"Sunrise Park, Saga (JPN)",13 OCT 2024,1101,women_400h,2024,https://worldathletics.org/athletes/athlete=14901137
17,57.35,,Akane MINAMISAWA,23 SEP 1997,JPN,3,,"Sunrise Park, Saga (JPN)",13 OCT 2024,1100,women_400h,2024,https://worldathletics.org/athletes/athlete=14858495
18,57.42,,Yirui DING,30 OCT 2002,CHN,2f1,,"Olympic Sports Center, Chongqing (CHN)",29 MAY 2024,1098,women_400h,2024,https://worldathletics.org/athletes/athlete=14857824
19,57.60,,Sinchal KAVERAMMA,05 FEB 2001,IND,2,,"Sree Kanteerava Outdoor Stadium, Bengaluru (IND)",02 SEP 2024,1093,women_400h,2024,https://worldathletics.org/athletes/india/sinchal-kaveramma-14997703
20,57.74,,Xue TAO,26 OCT 1999,CHN,4,,"Kuishan Sports Center, Rizhao (CHN)",29 JUN 2024,1089,women_400h,2024,https://worldathletics.org/athletes/athlete=14750688
21,57.76,,Wei LIU,01 JUN 2001,CHN,4,,"Sports Center, Quzhou (CHN)",16 SEP 2024,1088,women_400h,2024,https://worldathletics.org/athletes/athlete=14942225
22,57.77,,Ayesha IBRAHIM,16 JAN 1998,JPN,1f3,,"Ishin Me-Life Stadium, Yamaguchi (JPN)",20 OCT 2024,1088,women_400h,2024,https://worldathletics.org/athletes/athlete=14898323
23,57.88,,Hikari OKUBO,17 FEB 1998,JPN,2h3,,"Sunrise Park, Saga (JPN)",12 OCT 2024,1084,women_400h,2024,https://worldathletics.org/athletes/athlete=14853645
24,57.90,,Prajna KRISHNARAJA,25 JUL 2001,IND,3,,"Sree Kanteerava Outdoor Stadium, Bengaluru (IND)",02 SEP 2024,1084,women_400h,2024,https://worldathletics.org/athletes/athlete=14862003
25,58.02,,Shiori CHIBA,31 OCT 2005,JPN,3,,"National Stadium, Tokyo (JPN)",12 MAY 2024,1080,women_400h,2024,https://worldathletics.org/athletes/japan/shiori-chiba-15047895
25,58.02,,Haru HIRAKI,06 FEB 2005,JPN,1,,"Denka Big Swan Stadium, Niigata (JPN)",30 JUN 2024,1080,women_400h,2024,https://worldathletics.org/athletes/japan/haru-hiraki-14952552
27,58.06,,Jiuxiang WANG,12 JAN 2001,CHN,2h1,,"Sports Center, Quzhou (CHN)",15 SEP 2024,1079,women_400h,2024,https://worldathletics.org/athletes/athlete=14857930
28,58.09,,Olimba STEFFI,15 FEB 2002,IND,4,,"Sree Kanteerava Outdoor Stadium, Bengaluru (IND)",02 SEP 2024,1078,women_400h,2024,https://worldathletics.org/athletes/athlete=14918526
29,58.10,,Mio TSUJII,24 NOV 2000,JPN,3sf2,,"Todoroki Stadium, Kawasaki (JPN)",21 SEP 2024,1078,women_400h,2024,https://worldathletics.org/athletes/athlete=14815091
30,58.16,,Asuruhan Marino TANERU,28 JUL 2003,JPN,1sf1,,"Todoroki Stadium, Kawasaki (JPN)",21 SEP 2024,1076,women_400h,2024,https://worldathletics.org/athletes/athlete=14852852
31,58.19,,Sumika OKAWA,12 NOV 2003,JPN,2f2,,"AGF Field, Tokyo (JPN)",21 JUL 2024,1075,women_400h,2024,https://worldathletics.org/athletes/athlete=14896770
32,58.23,,Konomi HATAKEYAMA,12 DEC 2006,JPN,1,,"Hakatanomori Athletic Stadium, Fukuoka (JPN)",30 JUL 2024,1074,women_400h,2024,https://worldathletics.org/athletes/japan/konomi-hatakeyama-15046102
33,58.26,,Liying CHEN,21 AUG 1994,CHN,2h2,,"Sports Center, Quzhou (CHN)",15 SEP 2024,1073,women_400h,2024,https://worldathletics.org/athletes/athlete=14714474
34,58.38,,Karen YOKOTA,17 MAR 1999,JPN,2,,"Yanmar Stadium Nagai, Osaka (JPN)",01 JUN 2024,1069,women_400h,2024,https://worldathletics.org/athletes/athlete=14856898
35,58.51,,Ying OU,03 DEC 2001,CHN,3h2,,"Sports Center, Quzhou (CHN)",15 SEP 2024,1065,women_400h,2024,https://worldathletics.org/athletes/athlete=14795241
36,58.54,,Mei KUDO,18 NOV 2002,JPN,3sf1,,"Todoroki Stadium, Kawasaki (JPN)",21 SEP 2024,1065,women_400h,2024,https://worldathletics.org/athletes/athlete=14861100
37,58.58,,Aki YAJIMA,06 FEB 2007,JPN,2,,"Denka Big Swan Stadium, Niigata (JPN)",30 JUN 2024,1063,women_400h,2024,https://worldathletics.org/athletes/japan/aki-yajima-15168260
38,58.65,,Kanaho HARA,13 APR 2002,JPN,4sf3,,"Todoroki Stadium, Kawasaki (JPN)",21 SEP 2024,1061,women_400h,2024,https://worldathletics.org/athletes/athlete=14904942
39,58.66,,Akiko ITO,26 MAY 1995,JPN,2f2,,"Prefectural Shizuoka Stadium, Fukuroi (JPN)",03 MAY 2024,1061,women_400h,2024,https://worldathletics.org/athletes/athlete=14562727
40,58.72,,Kano NAITO,07 JUN 2004,JPN,4sf2,,"Todoroki Stadium, Kawasaki (JPN)",21 SEP 2024,1059,women_400h,2024,https://worldathletics.org/athletes/japan/kano-naito-14957207
41,58.74,,Hitomi SHIMURA,08 NOV 1990,JPN,2h1,,"Sunrise Park, Saga (JPN)",12 OCT 2024,1059,women_400h,2024,https://worldathletics.org/athletes/athlete=14329735
42,58.75,,Mitsuki MAEDA,18 DEC 2004,JPN,4,,"National Stadium, Tokyo (JPN)",12 MAY 2024,1058,women_400h,2024,https://worldathletics.org/athletes/japan/mitsuki-maeda-14946057
42,58.75,,Miu TANAKA,21 JUN 2006,JPN,2,,"Hakatanomori Athletic Stadium, Fukuoka (JPN)",30 JUL 2024,1058,women_400h,2024,https://worldathletics.org/athletes/japan/miu-tanaka-15054988
44,58.76,,Makoto NAKAMURA,25 JAN 2005,JPN,4sf1,,"Todoroki Stadium, Kawasaki (JPN)",21 SEP 2024,1058,women_400h,2024,https://worldathletics.org/athletes/athlete=14921674
45,58.86,,Nazanin FATEMEH,11 AUG 2005,IRI,1,,Dubai (UAE),26 APR 2024,1055,women_400h,2024,https://worldathletics.org/athletes/islamic-republic-of-iran/nazanin-fatemeh-15034311
46,58.89,,Bo-An YI,04 JUL 2006,TPE,1,,"Taipei Municipal Stadium, Taipei City (TPE)",05 FEB 2024,1054,women_400h,2024,https://worldathletics.org/athletes/chinese-taipei/bo-an-yi-14976378
47,58.99,,Honoka AOKI,24 SEP 2001,JPN,4h1,,"Denka Big Swan Stadium, Niigata (JPN)",29 JUN 2024,1051,women_400h,2024,https://worldathletics.org/athletes/athlete=14855506
48,59.01,,Kokoro YOSHIMURA,12 MAY 2004,JPN,5sf1,,"Todoroki Stadium, Kawasaki (JPN)",21 SEP 2024,1051,women_400h,2024,https://worldathletics.org/athletes/japan/kokoro-yoshimura-14958859
49,59.07,,Neha DHABALE,06 AUG 2003,IND,5,,"Sree Kanteerava Outdoor Stadium, Bengaluru (IND)",02 SEP 2024,1049,women_400h,2024,https://worldathletics.org/athletes/india/neha-dhabale-15113697
50,59.20,,Shreeya RAJESH,15 MAY 2005,IND,3,,Dubai (UAE),26 APR 2024,1045,women_400h,2024,https://worldathletics.org/athletes/india/shreeya-rajesh-15036843
51,59.21,,Yukino TABASHI,30 JAN 2003,JPN,5sf2,,"Todoroki Stadium, Kawasaki (JPN)",21 SEP 2024,1045,women_400h,2024,https://worldathletics.org/athletes/japan/yukino-tabashi-14952968
51,59.21,,Rina HASSAN,12 SEP 2003,JPN,5sf3,,"Todoroki Stadium, Kawasaki (JPN)",21 SEP 2024,1045,women_400h,2024,https://worldathletics.org/athletes/japan/rina-hassan-14957211
53,59.23,,Kanoko YAMAMOTO,28 JUL 2004,JPN,6sf1,,"Todoroki Stadium, Kawasaki (JPN)",21 SEP 2024,1044,women_400h,2024,https://worldathletics.org/athletes/japan/kanoko-yamamoto-14949736
54,59.26,,Yalun WANG,13 APR 2005,CHN,1,,"City Stadium, Daqing (CHN)",16 JUN 2024,1043,women_400h,2024,https://worldathletics.org/athletes/pr-of-china/yalun-wang-15103884
54,59.26,,Nanami TAKANO,24 JUL 2001,JPN,6h2,,"Denka Big Swan Stadium, Niigata (JPN)",29 JUN 2024,1043,women_400h,2024,https://worldathletics.org/athletes/athlete=14861098
56,59.27,,Umi KASHIWAGURA,18 MAY 2004,JPN,6sf3,,"Todoroki Stadium, Kawasaki (JPN)",21 SEP 2024,1043,women_400h,2024,https://worldathletics.org/athletes/athlete=14921671
57,59.33,,Mariam KAREEM,25 JAN 2008,UAE,4,,Dubai (UAE),26 APR 2024,1041,women_400h,2024,https://worldathletics.org/athletes/united-arab-emirates/mariam-kareem-15122282
58,59.42,,Arisa OGASAWARA,30 OCT 2004,JPN,6sf2,,"Todoroki Stadium, Kawasaki (JPN)",21 SEP 2024,1038,women_400h,2024,https://worldathletics.org/athletes/japan/arisa-ogasawara-14977288
59,59.43,,Veerpal KAUR,24 MAR 1994,IND,1,,"Kalinga Stadium, Bhubaneshwar (IND)",12 MAY 2024,1038,women_400h,2024,https://worldathletics.org/athletes/athlete=14866192
60,59.46,,Kazuki MATSUO,27 JUN 2006,JPN,1,,"Yanmar Stadium Nagai, Osaka (JPN)",15 JUN 2024,1037,women_400h,2024,https://worldathletics.org/athletes/japan/kazuki-matsuo-15046558
61,59.52,,Hanoa FUKUSHIMA,22 JAN 2007,JPN,1sf2,,"Yanmar Stadium Nagai, Osaka (JPN)",14 JUN 2024,1036,women_400h,2024,https://worldathletics.org/athletes/japan/hanoa-fukushima-15046560
62,59.53,,K.H.A.Dasuni KAUSHALYA,25 OCT 2001,SRI,1,,"Mahinda Rajapaksha Stadium, Diyagama (SRI)",27 JUN 2024,1035,women_400h,2024,https://worldathletics.org/athletes/athlete=14860250
63,59.57,,Rene SHINTO,05 APR 2003,JPN,5f1,,"Prefectural Shizuoka Stadium, Fukuroi (JPN)",03 MAY 2024,1034,women_400h,2024,https://worldathletics.org/athletes/japan/rene-shinto-14982815
63,59.57,,Rasha BADRANI,15 JUN 2004,LBN,4h2,,"Emporia St. Francis G. Welch Stadium, Emporia, KS (USA)",23 MAY 2024,1034,women_400h,2024,https://worldathletics.org/athletes/lebanon/rasha-badrani-15069579
65,59.59,,Saki SAKAMOTO,13 APR 2006,JPN,3h3,,"Denka Big Swan Stadium, Niigata (JPN)",29 JUN 2024,1033,women_400h,2024,https://worldathletics.org/athletes/japan/saki-sakamoto-15058011
66,59.62,,Yuki HATA,28 NOV 2006,JPN,4,,"Hakatanomori Athletic Stadium, Fukuoka (JPN)",30 JUL 2024,1033,women_400h,2024,https://worldathletics.org/athletes/japan/yuki-hata-15101450
67,59.65,,Kanami MORIWAKI,29 MAY 2004,JPN,3f1,,"Yanmar Stadium Nagai, Osaka (JPN)",12 MAY 2024,1032,women_400h,2024,https://worldathletics.org/athletes/japan/kanami-moriwaki-14959840
68,59.66,,Tomoka SAITOU,02 JUL 2000,JPN,3,,"Yanmar Stadium Nagai, Osaka (JPN)",01 JUN 2024,1031,women_400h,2024,https://worldathletics.org/athletes/athlete=14855683
69,59.68,,Misato KATO,01 APR 2007,JPN,5,,"Denka Big Swan Stadium, Niigata (JPN)",30 JUN 2024,1031,women_400h,2024,https://worldathletics.org/athletes/japan/misato-kato-15058474
70,59.75,,Emily HARADA,22 SEP 2005,JPN,1,,"Prefectural Sports Park, Miyazaki (JPN)",07 JUL 2024,1029,women_400h,2024,https://worldathletics.org/athletes/japan/emily-harada-14998839
71,59.78,,Toa ARAI,30 JAN 2005,JPN,4h3,,"Sunrise Park, Saga (JPN)",12 OCT 2024,1028,women_400h,2024,https://worldathletics.org/athletes/japan/toa-arai-15000710
72,59.81,,Ramandeep KAUR,20 DEC 2003,IND,2,,"Tau Devi Lal Stadium, Panchkula (IND)",30 JUN 2024,1027,women_400h,2024,https://worldathletics.org/athletes/india/ramandeep-kaur-15036842
73,59.84,,Deekshitha RAMAKRISHNA,28 APR 2003,IND,3,,"Tau Devi Lal Stadium, Panchkula (IND)",30 JUN 2024,1026,women_400h,2024,https://worldathletics.org/athletes/india/deekshitha-ramakrishna-15045500
74,59.86,,Unnathi Aiyappa BOLLANDA,05 JUN 2005,IND,2,,"SAI Regional Centre Sarojini Nagar, Lucknow (IND)",10 MAR 2024,1026,women_400h,2024,https://worldathletics.org/athletes/athlete=14971180
75,59.91,,Anu RAGHAVAN,20 APR 1993,IND,4,,"Tau Devi Lal Stadium, Panchkula (IND)",30 JUN 2024,1024,women_400h,2024,https://worldathletics.org/athletes/athlete=14436789
76,59.98,,Ai MATSUKI,05 SEP 2006,JPN,3sf2,,"Hakatanomori Athletic Stadium, Fukuoka (JPN)",30 JUL 2024,1022,women_400h,2024,https://worldathletics.org/athletes/japan/ai-matsuki-14974660
76,59.98,,Moeno TSUKAMOTO,18 FEB 2004,JPN,6f2,,"Denka Big Swan Stadium, Niigata (JPN)",29 SEP 2024,1022,women_400h,2024,https://worldathletics.org/athletes/athlete=14912055
78,59.99,,Nurkhon OCHILOVA,19 APR 2004,UZB,2f2,,Tashkent (UZB),12 MAY 2024,1022,women_400h,2024,https://worldathletics.org/athletes/uzbekistan/nurkhon-ochilova-15036524
78,59.99,,Aoi NOMA,25 AUG 2004,JPN,2,,"Nagai Stadium No. 2, Osaka (JPN)",19 OCT 2024,1022,women_400h,2024,https://worldathletics.org/athletes/japan/aoi-noma-14962141
80,1:00.06,,Yuika MORI,05 DEC 2002,JPN,1,,"Kamoike Auxiliary Stadium, Kagoshima (JPN)",11 MAY 2024,1020,women_400h,2024,https://worldathletics.org/athletes/japan/yuika-mori-14954782
80,1:00.06,,Suzuka KAWABATA,13 JUL 1993,JPN,1,,"Hoshigadai Stadium, Tajimi (JPN)",05 OCT 2024,1020,women_400h,2024,https://worldathletics.org/athletes/athlete=14591170
82,1:00.09,,Rena KISHIMOTO,24 JUN 2006,JPN,1,,"Nagai Stadium No. 2, Osaka (JPN)",25 MAY 2024,1019,women_400h,2024,https://worldathletics.org/athletes/japan/rena-kishimoto-14957322
83,1:00.10,,Kyoka TANOUE,26 JUN 2006,JPN,3,,"Yanmar Stadium Nagai, Osaka (JPN)",15 JUN 2024,1019,women_400h,2024,https://worldathletics.org/athletes/japan/kyoka-tanoue-15114744
84,1:00.11,,Yin-Ning LAI,24 FEB 2006,TPE,1,,"Taipei Municipal Stadium, Taipei City (TPE)",25 APR 2024,1018,women_400h,2024,https://worldathletics.org/athletes/chinese-taipei/yin-ning-lai-14954210
85,1:00.12,,Kyeong-mi SON,09 FEB 1990,KOR,1,,Iksan (KOR),08 JUL 2024,1018,women_400h,2024,https://worldathletics.org/athletes/athlete=14289898
85,1:00.12,,Nagi YAMAGA,25 NOV 2006,JPN,2sf1,,"Hakatanomori Athletic Stadium, Fukuoka (JPN)",30 JUL 2024,1018,women_400h,2024,https://worldathletics.org/athletes/japan/nagi-yamaga-14959218
87,1:00.13,,Mahiro WASADA,18 NOV 2004,JPN,2,,"Hakatanomori Athletic Stadium, Fukuoka (JPN)",07 JUL 2024,1018,women_400h,2024,https://worldathletics.org/athletes/japan/mahiro-wasada-14958609
88,1:00.15,,Mengyao FU,20 MAR 2006,CHN,2,,"City Stadium, Daqing (CHN)",16 JUN 2024,1017,women_400h,2024,https://worldathletics.org/athletes/pr-of-china/mengyao-fu-15052081
89,1:00.21,,Yijia FU,13 MAY 2001,CHN,2h2,,"HOC Stadium, Hangzhou (CHN)",14 APR 2024,1015,women_400h,2024,https://worldathletics.org/athletes/athlete=14844214
90,1:00.22,,Siwei MAI,09 SEP 2003,CHN,2,,"Sports Center, Nanping (CHN)",19 JUL 2024,1015,women_400h,2024,https://worldathletics.org/athletes/pr-of-china/siwei-mai-15115141
91,1:00.23,,Yifan ZOU,11 DEC 2000,CHN,6,,"Zhaoqing Sports Center, Zhaoqing (CHN)",10 APR 2024,1015,women_400h,2024,https://worldathletics.org/athletes/athlete=14839833
91,1:00.23,,Cho-eun KIM,20 MAR 2003,KOR,1,,"Mangma Athletic Competition Center, Yeosu (KOR)",24 APR 2024,1015,women_400h,2024,https://worldathletics.org/athletes/korea/cho-eun-kim-14977127
93,1:00.24,,Pei-Lin LO,01 FEB 1994,TPE,1,,"Hualien Stadium, Hualien (TPE)",19 OCT 2024,1014,women_400h,2024,https://worldathletics.org/athletes/athlete=14483702
94,1:00.26,,Yura ISHIKAWA,16 SEP 2005,JPN,1,,"Athletic Stadium, Hikone (JPN)",14 JUL 2024,1014,women_400h,2024,https://worldathletics.org/athletes/japan/yura-ishikawa-15001260
95,1:00.31,,Moe MIZUGUCHI,13 APR 2002,JPN,4sf2,,"Lemon Gas Stadium, Hiratsuka (JPN)",15 JUN 2024,1012,women_400h,2024,https://worldathletics.org/athletes/athlete=14861125
96,1:00.33,,Hina TOYOSHIMA,12 OCT 2006,JPN,2,,"Komazawa Olympic Park Athletic Stadium, Tokyo (JPN)",15 JUN 2024,1012,women_400h,2024,https://worldathletics.org/athletes/japan/hina-toyoshima-15057278
97,1:00.34,,Yuina KOUNO,02 AUG 2006,JPN,4sf2,,"Hakatanomori Athletic Stadium, Fukuoka (JPN)",30 JUL 2024,1012,women_400h,2024,https://worldathletics.org/athletes/japan/yuina-kouno-15102234
98,1:00.37,,S. K. SHREE,18 APR 2005,IND,1h1,,"Kalinga Stadium, Bhubaneshwar (IND)",10 DEC 2024,1011,women_400h,2024,https://worldathletics.org/athletes/india/s-k-shree-15116865
99,1:00.41,,Moe OSHIDEN,19 AUG 1993,JPN,2f2,,"Yanmar Stadium Nagai, Osaka (JPN)",01 JUN 2024,1010,women_400h,2024,https://worldathletics.org/athletes/athlete=14521628
99,1:00.41,,Ami HIRAMOTO,12 APR 2006,JPN,4,,"Komazawa Olympic Park Athletic Stadium, Tokyo (JPN)",15 JUN 2024,1010,women_400h,2024,https://worldathletics.org/athletes/japan/ami-hiramoto-15058378
101,1:00.42,,Saya MATSUME,27 JUL 2004,JPN,f1,,"Prefectural Shizuoka Stadium, Fukuroi (JPN)",03 MAY 2024,1009,women_400h,2024,https://worldathletics.org/athletes/japan/saya-matsume-14956376
102,1:00.43,,J. DHIVYA,31 JAN 1998,IND,5,,"Tau Devi Lal Stadium, Panchkula (IND)",30 JUN 2024,1009,women_400h,2024,https://worldathletics.org/athletes/athlete=14818587
103,1:00.44,,Mayu SAITO,08 JUN 1995,JPN,3f2,,"Prefectural Stadium, Kumagaya (JPN)",19 MAY 2024,1009,women_400h,2024,https://worldathletics.org/athletes/athlete=14766692
104,1:00.48,,Ayana KUSAKA,10 NOV 2003,JPN,4sf3,,"Lemon Gas Stadium, Hiratsuka (JPN)",15 JUN 2024,1008,women_400h,2024,https://worldathletics.org/athletes/japan/ayana-kusaka-14952503
105,1:00.53,,Bernalyn BEJOY,01 SEP 2001,PHI,1,,"New Clark City Stadium, New Clark City (PHI)",20 NOV 2024,1006,women_400h,2024,https://worldathletics.org/athletes/athlete=14788477
106,1:00.62,,Zhixuan LAN,08 MAR 2005,CHN,1,,"Sports Center, Nanping (CHN)",19 JUL 2024,1003,women_400h,2024,https://worldathletics.org/athletes/pr-of-china/zhixuan-lan-15183015
107,1:00.63,,Nozomi BAN,04 JUL 2001,JPN,1,,"ND Soft Stadium, Tendo (JPN)",13 JUL 2024,1003,women_400h,2024,https://worldathletics.org/athletes/athlete=14855628
108,1:00.64,,Shion FUKUOKA,17 MAR 2007,JPN,2h5,,"Hakatanomori Athletic Stadium, Fukuoka (JPN)",29 JUL 2024,1003,women_400h,2024,https://worldathletics.org/athletes/japan/shion-fukuoka-14977298
109,1:00.68,,Mei-Hsiu LIN,12 MAY 2003,TPE,2,,"Hualien Stadium, Hualien (TPE)",19 OCT 2024,1002,women_400h,2024,https://worldathletics.org/athletes/athlete=14845690
110,1:00.69,,Svetlana KUZNETSOVA,29 JAN 1992,KAZ,2,,"Olympic Training Base, Almaty (KAZ)",12 JUN 2024,1001,women_400h,2024,https://worldathletics.org/athletes/athlete=14375685
111,1:00.72,,. HIMANSHI,02 SEP 2005,IND,2,,"Kalinga Stadium, Bhubaneshwar (IND)",11 DEC 2024,1001,women_400h,2024,https://worldathletics.org/athletes/india/himanshi-15190040
112,1:00.73,,V. Krishnan SALINI,10 JAN 1998,IND,2,,"Kalinga Stadium, Bhubaneshwar (IND)",12 MAY 2024,1000,women_400h,2024,https://worldathletics.org/athletes/athlete=14849699
113,1:00.75,,Rin OKUBAYASHI,07 AUG 2001,JPN,1,,"Nagaragawa Stadium, Gifu (JPN)",11 MAY 2024,1000,women_400h,2024,https://worldathletics.org/athletes/athlete=14861110
114,1:00.76,,Liwei WEI,10 FEB 2007,CHN,1f2,,"Olympic Sports Center, Chongqing (CHN)",29 MAY 2024,999,women_400h,2024,https://worldathletics.org/athletes/pr-of-china/liwei-wei-15144526
114,1:00.76,,Kazuki TSUKUDA,20 APR 2006,JPN,1,,"Prefectural Sports Park, Miyazaki (JPN)",14 JUN 2024,999,women_400h,2024,https://worldathletics.org/athletes/japan/kazuki-tsukuda-15000457
114,1:00.76,,. ASHA,13 OCT 2005,IND,2h1,,"Kalinga Stadium, Bhubaneshwar (IND)",10 DEC 2024,999,women_400h,2024,https://worldathletics.org/athletes/india/asha-15035147
117,1:00.79,,Shahla MAHMOUDI,21 MAR 1991,IRI,1,,"Aftab Enghelab Sport Complex, Tehran (IRI)",17 JUN 2024,999,women_400h,2024,https://worldathletics.org/athletes/athlete=14584684
118,1:00.81,,Thi Tuyet Mai LE,03 JAN 2006,VIE,3h2,,Dubai (UAE),24 APR 2024,998,women_400h,2024,https://worldathletics.org/athletes/vietnam/thi-tuyet-mai-le-15042646
119,1:00.85,,Anuskha KUMBHAR,04 MAY 2005,IND,1h2,,"SAI Regional Centre Sarojini Nagar, Lucknow (IND)",09 MAR 2024,997,women_400h,2024,https://worldathletics.org/athletes/athlete=15030787
119,1:00.85,,Rinka HAMACHIYO,16 JUL 2003,JPN,2f1,,"Gion Stadium, Sagamihara (JPN)",14 APR 2024,997,women_400h,2024,https://worldathletics.org/athletes/japan/rinka-hamachiyo-14951315
121,1:00.86,,Yui KITAMURA,03 NOV 2007,JPN,4,,"Nagai Stadium No. 2, Osaka (JPN)",25 MAY 2024,997,women_400h,2024,https://worldathletics.org/athletes/japan/yui-kitamura-15030037
122,1:00.87,,Chiharu ARUGA,22 APR 2001,JPN,7sf2,,"Todoroki Stadium, Kawasaki (JPN)",21 SEP 2024,996,women_400h,2024,https://worldathletics.org/athletes/athlete=14855682
123,1:00.91,,Vandana SHARMA,08 SEP 1998,IND,6,,"Tau Devi Lal Stadium, Panchkula (IND)",30 JUN 2024,995,women_400h,2024,https://worldathletics.org/athletes/athlete=14818378
124,1:00.92,,Ji-eun KIM,16 JUN 1992,KOR,2,,"Mangma Athletic Competition Center, Yeosu (KOR)",24 APR 2024,995,women_400h,2024,https://worldathletics.org/athletes/athlete=14289713
124,1:00.92,,Yuna SHIMIZU,23 AUG 2002,JPN,5h1,,"Todoroki Stadium, Kawasaki (JPN)",20 SEP 2024,995,women_400h,2024,https://worldathletics.org/athletes/japan/yuna-shimizu-14960474
126,1:00.93,,Kotone MASA,16 JUL 2002,JPN,3h1,,"Lemon Gas Stadium, Hiratsuka (JPN)",15 JUN 2024,995,women_400h,2024,https://worldathletics.org/athletes/japan/kotone-masa-14958873
126,1:00.93,,Kona SHIOYA,12 DEC 2007,JPN,1,,"Kanseki Stadium, Utsunomiya (JPN)",20 OCT 2024,995,women_400h,2024,https://worldathletics.org/athletes/japan/kona-shioya-15114847
128,1:00.94,,Mengyao TIAN,13 NOV 2003,CHN,2f2,,"Olympic Sports Center, Chongqing (CHN)",29 MAY 2024,994,women_400h,2024,https://worldathletics.org/athletes/pr-of-china/mengyao-tian-15084914
128,1:00.94,,Suzu UEJIMA,13 MAY 2007,JPN,3sf2,,"Yanmar Stadium Nagai, Osaka (JPN)",14 JUN 2024,994,women_400h,2024,https://worldathletics.org/athletes/japan/suzu-uejima-15114745
130,1:00.98,,Zhangyan QIU,14 AUG 1998,CHN,8,,"Zhaoqing Sports Center, Zhaoqing (CHN)",10 APR 2024,993,women_400h,2024,https://worldathletics.org/athletes/athlete=14668302
130,1:00.98,,Yeon-wo LEE,04 JUL 2002,KOR,1,,"Naju Sports Complex, Naju (KOR)",22 MAY 2024,993,women_400h,2024,https://worldathletics.org/athletes/athlete=14850582
130,1:00.98,,Sachi KAJIO,09 SEP 2006,JPN,1sf3,,"Yanmar Stadium Nagai, Osaka (JPN)",14 JUN 2024,993,women_400h,2024,https://worldathletics.org/athletes/japan/sachi-kajio-15050889
130,1:00.98,,Nanako FUJII,21 JUL 2006,JPN,2h7,,"Hakatanomori Athletic Stadium, Fukuoka (JPN)",29 JUL 2024,993,women_400h,2024,https://worldathletics.org/athletes/japan/nanako-fujii-15053714
130,1:00.98,,Sachi KUZUHARA,11 APR 2004,JPN,5h7,,"Todoroki Stadium, Kawasaki (JPN)",20 SEP 2024,993,women_400h,2024,https://worldathletics.org/athletes/japan/sachi-kuzuhara-14956007
135,1:01.03,,Jiayi CHEN,22 AUG 2005,CHN,4h1,,"Sports Center, Quzhou (CHN)",15 SEP 2024,992,women_400h,2024,https://worldathletics.org/athletes/pr-of-china/jiayi-chen-14990375
136,1:01.05,,BM AMULYA,15 MAR 2005,IND,7,,"Sree Kanteerava Outdoor Stadium, Bengaluru (IND)",02 SEP 2024,991,women_400h,2024,https://worldathletics.org/athletes/india/bm-amulya-15116861
137,1:01.08,,Huisha BAI,05 SEP 2004,CHN,3,,"Sports Center, Nanping (CHN)",19 JUL 2024,990,women_400h,2024,https://worldathletics.org/athletes/athlete=14940332
138,1:01.09,,Yui YAMANAKA,20 DEC 2005,JPN,6,,"Hakatanomori Athletic Stadium, Fukuoka (JPN)",07 JUL 2024,990,women_400h,2024,https://worldathletics.org/athletes/japan/yui-yamanaka-15001140
138,1:01.09,,Sami̇n Jafarzadeh DİZAJİ,03 OCT 2004,IRI,2,,"Aftab Enghelab Sport Complex, Tehran (IRI)",06 SEP 2024,990,women_400h,2024,https://worldathletics.org/athletes/islamic-republic-of-iran/samin-jafarzadeh-dizaji-15015486
140,1:01.11,,Chinami IRIKURA,20 SEP 2006,JPN,6,,"Yanmar Stadium Nagai, Osaka (JPN)",15 JUN 2024,989,women_400h,2024,https://worldathletics.org/athletes/japan/chinami-irikura-15049819
141,1:01.12,,Ayaka YOSHINO,19 SEP 2006,JPN,3h5,,"Hakatanomori Athletic Stadium, Fukuoka (JPN)",29 JUL 2024,989,women_400h,2024,https://worldathletics.org/athletes/japan/ayaka-yoshino-15086042
142,1:01.13,,Jieiaya YAMAZAKI,24 APR 2006,JPN,6,,"Komazawa Olympic Park Athletic Stadium, Tokyo (JPN)",15 JUN 2024,989,women_400h,2024,https://worldathletics.org/athletes/japan/jieiaya-yamazaki-15168048
142,1:01.13,,Mandy GOH LI,15 DEC 2000,MAS,1,,"Tuanku Syed Putra Stadium, Kangar (MAS)",13 OCT 2024,989,women_400h,2024,https://worldathletics.org/athletes/athlete=14859377
144,1:01.19,,Aimi OZAWA,18 SEP 2006,JPN,1,,"Athletic Stadium, Hikone (JPN)",01 JUN 2024,987,women_400h,2024,https://worldathletics.org/athletes/japan/aimi-ozawa-15107475
145,1:01.20,,Asa ITO,04 OCT 2006,JPN,7,,"Komazawa Olympic Park Athletic Stadium, Tokyo (JPN)",15 JUN 2024,987,women_400h,2024,https://worldathletics.org/athletes/japan/asa-ito-15047553
146,1:01.21,,Sana KINUGAWA,30 SEP 2008,JPN,2sf3,,"Yanmar Stadium Nagai, Osaka (JPN)",14 JUN 2024,986,women_400h,2024,https://worldathletics.org/athletes/japan/sana-kinugawa-15181247
147,1:01.22,,Ji-hyeon NHO,08 JUN 2000,KOR,4,,"Mangma Athletic Competition Center, Yeosu (KOR)",24 APR 2024,986,women_400h,2024,https://worldathletics.org/athletes/athlete=14852503
148,1:01.23,,Mitsuki KUDO,28 MAR 2004,JPN,3h2,,"National Stadium, Tokyo (JPN)",11 MAY 2024,986,women_400h,2024,https://worldathletics.org/athletes/japan/mitsuki-kudo-14957210
149,1:01.24,,Ekaterina KOLODA,15 AUG 2006,KAZ,4h2,,Dubai (UAE),24 APR 2024,986,women_400h,2024,https://worldathletics.org/athletes/kazakhstan/ekaterina-koloda-15019870
150,1:01.25,,Kokomi MAEDE,19 JAN 2005,JPN,4f1,,"Gion Stadium, Sagamihara (JPN)",14 APR 2024,985,women_400h,2024,https://worldathletics.org/athletes/japan/kokomi-maede-14950725
151,1:01.26,,Luna MURAMATSU,14 OCT 2006,JPN,8,,"Komazawa Olympic Park Athletic Stadium, Tokyo (JPN)",15 JUN 2024,985,women_400h,2024,https://worldathletics.org/athletes/japan/luna-muramatsu-15028107
152,1:01.28,,Sung-myun PARK,13 JUN 1995,KOR,1,,"Seocheon Sports Complex, Seocheon (KOR)",11 SEP 2024,984,women_400h,2024,https://worldathletics.org/athletes/korea/sung-myun-park-14604323
153,1:01.29,,Khusdeep KAUR,03 APR 2000,IND,1h3,,"Sree Kanteerava Outdoor Stadium, Bengaluru (IND)",01 SEP 2024,984,women_400h,2024,https://worldathletics.org/athletes/athlete=14885899
154,1:01.32,,Miyu BESSHO,01 FEB 2007,JPN,1,,"Athletic Stadium, Tottori (JPN)",15 JUN 2024,983,women_400h,2024,https://worldathletics.org/athletes/japan/miyu-bessho-14974650
154,1:01.32,,Rena HARUKI,29 JAN 2007,JPN,2,,"Komazawa Olympic Park Athletic Stadium, Tokyo (JPN)",15 JUN 2024,983,women_400h,2024,https://worldathletics.org/athletes/japan/rena-haruki-15051709
156,1:01.33,,Anastassiya KOLODA,15 AUG 2006,KAZ,3,,"Olympic Training Base, Almaty (KAZ)",12 JUN 2024,983,women_400h,2024,https://worldathletics.org/athletes/kazakhstan/anastassiya-koloda-15001542
157,1:01.34,,Mio TANAKA,05 APR 2007,JPN,1,,"Prefectural Stadium, Okayama (JPN)",06 OCT 2024,983,women_400h,2024,https://worldathletics.org/athletes/japan/mio-tanaka-15162326
158,1:01.36,,Diana TROFIMENKO,01 FEB 2004,KAZ,4,,"Olympic Training Base, Almaty (KAZ)",12 JUN 2024,982,women_400h,2024,https://worldathletics.org/athletes/kazakhstan/diana-trofimenko-14970232
159,1:01.37,,Yuxin LEI,09 JUN 2006,CHN,3,,"City Stadium, Daqing (CHN)",16 JUN 2024,982,women_400h,2024,https://worldathletics.org/athletes/pr-of-china/yuxin-lei-15154413
160,1:01.42,,Yina LIANG,20 APR 2001,CHN,2,,"Sports Center, Nanping (CHN)",19 JUL 2024,980,women_400h,2024,https://worldathletics.org/athletes/athlete=14755819
161,1:01.43,,Satoshi TAKANO,,JPN,1,,"Haruno Sports Park, Kochi (JPN)",16 JUN 2024,980,women_400h,2024,https://worldathletics.org/athletes/japan/satoshi-takano-15167029
161,1:01.43,,Xiaohan ZHOU,09 MAR 2002,CHN,3,,"Sports Center, Nanping (CHN)",19 JUL 2024,980,women_400h,2024,https://worldathletics.org/athletes/pr-of-china/xiaohan-zhou-14942549
163,1:01.46,,Liurong PAN,01 AUG 2005,CHN,4f2,,"Olympic Sports Center, Chongqing (CHN)",29 MAY 2024,979,women_400h,2024,https://worldathletics.org/athletes/pr-of-china/liurong-pan-15043466
164,1:01.49,,Riho BEPPU,05 JUN 2002,JPN,3f1,,"AGF Field, Tokyo (JPN)",21 JUL 2024,978,women_400h,2024,https://worldathletics.org/athletes/athlete=14921638
165,1:01.50,,Mayumi ITO,03 MAY 1996,JPN,4,,"Yanmar Stadium Nagai, Osaka (JPN)",01 JUN 2024,978,women_400h,2024,https://worldathletics.org/athletes/japan/mayumi-ito-14954400
165,1:01.50,,A.P.M.S.K. ABEYRATHNE,,SRI,2,,"Sugathadasa Stadium, Colombo (SRI)",18 JUL 2024,978,women_400h,2024,https://worldathletics.org/athletes/athlete=14735772
167,1:01.51,,Rin SATO,11 MAY 2005,JPN,1,,"Azuma Stadium, Fukushima (JPN)",13 JUL 2024,978,women_400h,2024,https://worldathletics.org/athletes/japan/rin-sato-14998466
168,1:01.52,,Yumika SHIMAMOTO,30 MAY 2006,JPN,2f4,,"Hamayama Park Athletic Field, Izumo (JPN)",18 AUG 2024,978,women_400h,2024,https://worldathletics.org/athletes/japan/yumika-shimamoto-15000953
169,1:01.58,,Kotone YOSHIHARA,10 APR 2004,JPN,3sf2,,"Hakatanomori Athletic Stadium, Fukuoka (JPN)",07 JUL 2024,976,women_400h,2024,https://worldathletics.org/athletes/japan/kotone-yoshihara-14955314
170,1:01.59,,Veerpal KAUR,07 SEP 1997,IND,5h1,,"Sree Kanteerava Outdoor Stadium, Bengaluru (IND)",01 SEP 2024,976,women_400h,2024,https://worldathletics.org/athletes/athlete=14670522
171,1:01.60,,R.M.Yasasri RATHNAYAKE,05 MAR 2004,SRI,2,,"Mahinda Rajapaksha Stadium, Diyagama (SRI)",27 JUN 2024,975,women_400h,2024,https://worldathletics.org/athletes/sri-lanka/rmyasasri-rathnayake-15047291
172,1:01.61,,Abayarathna SUBAHANI,10 FEB 1997,SRI,3,,"Mahinda Rajapaksha Stadium, Diyagama (SRI)",27 JUN 2024,975,women_400h,2024,https://worldathletics.org/athletes/athlete=14910916
173,1:01.65,,Yu Jhen LIOU,27 APR 2009,TPE,1,,"Nantou County Stadium, Nantou City (TPE)",09 NOV 2024,974,women_400h,2024,https://worldathletics.org/athletes/chinese-taipei/yu-jhen-liou-15097933
174,1:01.67,,Tamaki KONO,14 JUL 2006,JPN,3,,"Komazawa Olympic Park Athletic Stadium, Tokyo (JPN)",15 JUN 2024,973,women_400h,2024,https://worldathletics.org/athletes/japan/tamaki-kono-15052864
175,1:01.70,,Machi KITAJIMA,14 APR 2002,JPN,2,,"Nagaragawa Stadium, Gifu (JPN)",25 MAY 2024,972,women_400h,2024,https://worldathletics.org/athletes/japan/machi-kitajima-14964432
176,1:01.72,,Jiayi LEI,31 JAN 2004,CHN,1,,"Jiangjin Stadium, Chongqing (CHN)",19 MAY 2024,972,women_400h,2024,https://worldathletics.org/athletes/pr-of-china/jiayi-lei-15074943
176,1:01.72,,Yume IMAI,19 APR 2006,JPN,3sf3,,"Yanmar Stadium Nagai, Osaka (JPN)",14 JUN 2024,972,women_400h,2024,https://worldathletics.org/athletes/japan/yume-imai-15045176
176,1:01.72,,Rana TAKAHASHI,03 AUG 2006,JPN,2,,"Prefectural Sports Park, Miyazaki (JPN)",07 JUL 2024,972,women_400h,2024,https://worldathletics.org/athletes/japan/rana-takahashi-15053933
176,1:01.72,,Narumi AZUMA,19 JUL 2002,JPN,3f4,,"Hamayama Park Athletic Field, Izumo (JPN)",18 AUG 2024,972,women_400h,2024,https://worldathletics.org/athletes/japan/narumi-azuma-14949227
180,1:01.73,,Tomoko KAWATA,12 MAY 2007,JPN,3h7,,"Hakatanomori Athletic Stadium, Fukuoka (JPN)",29 JUL 2024,972,women_400h,2024,https://worldathletics.org/athletes/japan/tomoko-kawata-15005223
180,1:01.73,,Xinyi DONG,16 JUL 2006,CHN,5h2,,"Sports Center, Quzhou (CHN)",15 SEP 2024,972,women_400h,2024,https://worldathletics.org/athletes/pr-of-china/xinyi-dong-15035635
182,1:01.76,,Shi-Han LUO,07 MAY 2007,TPE,2,,"Nantou County Stadium, Nantou City (TPE)",09 NOV 2024,971,women_400h,2024,https://worldathletics.org/athletes/chinese-taipei/shi-han-luo-15119273
183,1:01.78,,Qiao-Ling LIN,24 FEB 2009,TPE,3,,"Nantou County Stadium, Nantou City (TPE)",09 NOV 2024,970,women_400h,2024,https://worldathletics.org/athletes/chinese-taipei/qiao-ling-lin-15097929
184,1:01.82,,Mei TAKEUCHI,28 OCT 2007,JPN,2,,"Athletic Stadium, Hikone (JPN)",13 SEP 2024,969,women_400h,2024,https://worldathletics.org/athletes/japan/mei-takeuchi-15171082
185,1:01.84,,Hono NAKAYAMA,25 SEP 2006,JPN,4h7,,"Hakatanomori Athletic Stadium, Fukuoka (JPN)",29 JUL 2024,968,women_400h,2024,https://worldathletics.org/athletes/japan/hono-nakayama-15049074
186,1:01.85,,Riko MAEDA,15 APR 2005,JPN,4sf2,,"Hakatanomori Athletic Stadium, Fukuoka (JPN)",07 JUL 2024,968,women_400h,2024,https://worldathletics.org/athletes/japan/riko-maeda-14998630
187,1:01.86,,Rio YAGI,22 OCT 2006,JPN,5sf3,,"Yanmar Stadium Nagai, Osaka (JPN)",14 JUN 2024,968,women_400h,2024,https://worldathletics.org/athletes/japan/rio-yagi-15184954
187,1:01.86,,Yuxin LI,23 MAR 2005,CHN,4h3,,"Sports Center, Quzhou (CHN)",15 SEP 2024,968,women_400h,2024,https://worldathletics.org/athletes/pr-of-china/yuxin-li-15043460
189,1:01.90,,Mikuru AKETAGAWA,29 SEP 2007,JPN,2,,"Denka Big Swan Stadium, Niigata (JPN)",15 JUN 2024,967,women_400h,2024,https://worldathletics.org/athletes/japan/mikuru-aketagawa-15115529
190,1:01.91,,Jiushan SHU,26 SEP 2006,CHN,1,,"Olympic Sports Center, Chongqing (CHN)",16 JUN 2024,966,women_400h,2024,https://worldathletics.org/athletes/pr-of-china/jiushan-shu-15166283
191,1:01.92,,Yuzuki UEKAWA,07 OCT 2006,JPN,1,,"Nagaragawa Stadium, Gifu (JPN)",15 JUN 2024,966,women_400h,2024,https://worldathletics.org/athletes/japan/yuzuki-uekawa-15049876
192,1:01.93,,Rika HASEGAWA,23 FEB 2007,JPN,3,,"Denka Big Swan Stadium, Niigata (JPN)",15 JUN 2024,966,women_400h,2024,https://worldathletics.org/athletes/japan/rika-hasegawa-15103229
192,1:01.93,,Huiyi WANG,11 MAY 2008,CHN,2,,"Sports Center, Yulin (CHN)",12 JUL 2024,966,women_400h,2024,https://worldathletics.org/athletes/pr-of-china/huiyi-wang-15144535
192,1:01.93,,Yu-Ching CHEN,20 NOV 2007,TPE,4,,"Nantou County Stadium, Nantou City (TPE)",09 NOV 2024,966,women_400h,2024,https://worldathletics.org/athletes/chinese-taipei/yu-ching-chen-15110251
195,1:01.96,,Mia TAKEDA,26 OCT 2005,JPN,2,,"Ehime Athletics Stadium, Matsuyama (JPN)",25 AUG 2024,965,women_400h,2024,https://worldathletics.org/athletes/japan/mia-takeda-15048066
196,1:01.97,,Tenka KOMADA,22 MAR 2007,JPN,3h3,,"Hakatanomori Athletic Stadium, Fukuoka (JPN)",29 JUL 2024,965,women_400h,2024,https://worldathletics.org/athletes/japan/tenka-komada-15101166
197,1:01.98,,Hiyori NISHIKAWA,31 OCT 2001,JPN,2h4,,"Nagaragawa Stadium, Gifu (JPN)",17 AUG 2024,964,women_400h,2024,https://worldathletics.org/athletes/japan/hiyori-nishikawa-14960267
198,1:02.00,,Veronika LOGINOVA,21 FEB 1993,UZB,3f2,,Tashkent (UZB),12 MAY 2024,964,women_400h,2024,https://worldathletics.org/athletes/uzbekistan/veronika-loginova-15099678
198,1:02.00,,Toko OTSHUKI,02 NOV 2006,JPN,4,,"Prefectural Sports Park, Miyazaki (JPN)",14 JUN 2024,964,women_400h,2024,https://worldathletics.org/athletes/japan/toko-otshuki-15044575
200,1:02.01,,Shravani Sachin SANGLE,16 NOV 2005,IND,4,,"SAI Regional Centre Sarojini Nagar, Lucknow (IND)",10 MAR 2024,964,women_400h,2024,https://worldathletics.org/athletes/india/shravani-sachin-sangle-14993445
201,1:02.05,,Zhuo CHEN,20 JUL 2001,CHN,6f2,,"Olympic Sports Center, Chongqing (CHN)",29 MAY 2024,962,women_400h,2024,https://worldathletics.org/athletes/athlete=14857865
202,1:02.06,,Jiali GUO,17 SEP 2003,CHN,7f2,,"Olympic Sports Center, Chongqing (CHN)",29 MAY 2024,962,women_400h,2024,https://worldathletics.org/athletes/pr-of-china/jiali-guo-15138440
203,1:02.07,,T. RAJI CHRISTUDAS,01 AUG 1988,IND,3h3,,"Sree Kanteerava Outdoor Stadium, Bengaluru (IND)",01 SEP 2024,962,women_400h,2024,https://worldathletics.org/athletes/athlete=14283018
204,1:02.08,,Aoi SUGITOU,20 JUL 2006,JPN,1,,"Ryuhoku Stadium, Okazaki (JPN)",18 MAY 2024,962,women_400h,2024,https://worldathletics.org/athletes/japan/aoi-sugitou-15047480
204,1:02.08,,Mona KUWAJIMA,19 DEC 2007,JPN,5h6,,"Hakatanomori Athletic Stadium, Fukuoka (JPN)",29 JUL 2024,962,women_400h,2024,https://worldathletics.org/athletes/japan/mona-kuwajima-15049941
206,1:02.10,,Misato TAKAGI,12 JUL 2007,JPN,4sf1,,"Yanmar Stadium Nagai, Osaka (JPN)",14 JUN 2024,961,women_400h,2024,https://worldathletics.org/athletes/japan/misato-takagi-15184713
207,1:02.11,,Mira SHIINA,24 MAY 2006,JPN,2,,"Nagaragawa Stadium, Gifu (JPN)",15 JUN 2024,961,women_400h,2024,https://worldathletics.org/athletes/japan/mira-shiina-15163994
208,1:02.13,,Yutong WANG,11 JAN 2003,CHN,4,,"Sports Center, Nanping (CHN)",19 JUL 2024,960,women_400h,2024,https://worldathletics.org/athletes/pr-of-china/yutong-wang-15183016
209,1:02.19,,Zhenqi YE,02 DEC 2004,CHN,5h2,,"Zhaoqing Sports Center, Zhaoqing (CHN)",10 APR 2024,959,women_400h,2024,https://worldathletics.org/athletes/athlete=14940326
209,1:02.19,,Moa BABA,20 FEB 2007,JPN,5,,"Nagai Stadium No. 2, Osaka (JPN)",25 MAY 2024,959,women_400h,2024,https://worldathletics.org/athletes/japan/moa-baba-15180077
211,1:02.22,,Yuka TSUTSUI,20 FEB 2007,JPN,3,,"Nagaragawa Stadium, Gifu (JPN)",15 JUN 2024,958,women_400h,2024,https://worldathletics.org/athletes/japan/yuka-tsutsui-15148381
212,1:02.24,,Suzuka ISHIHARA,20 JUN 2005,JPN,6h1,,"Denka Big Swan Stadium, Niigata (JPN)",29 JUN 2024,957,women_400h,2024,https://worldathletics.org/athletes/japan/suzuka-ishihara-15000185
212,1:02.24,,Nanami TAKAHASHI,24 JUL 2006,JPN,3h4,,"Hakatanomori Athletic Stadium, Fukuoka (JPN)",29 JUL 2024,957,women_400h,2024,https://worldathletics.org/athletes/japan/nanami-takahashi-15112456
214,1:02.25,,Ya-Ting LI,19 FEB 1999,TPE,2f2,,"Taipei Municipal Stadium, Taipei City (TPE)",02 JUN 2024,957,women_400h,2024,https://worldathletics.org/athletes/athlete=14670024
214,1:02.25,,Rio KUWABARA,28 MAR 2007,JPN,6h6,,"Hakatanomori Athletic Stadium, Fukuoka (JPN)",29 JUL 2024,957,women_400h,2024,https://worldathletics.org/athletes/japan/rio-kuwabara-15055331
216,1:02.26,,Hina TAKEYAMA,27 MAY 2007,JPN,5,,"Komazawa Olympic Park Athletic Stadium, Tokyo (JPN)",15 JUN 2024,957,women_400h,2024,https://worldathletics.org/athletes/japan/hina-takeyama-15168261
216,1:02.26,,H.M.N.S. SENEVIRATHNA,03 SEP 2008,SRI,3,,"Sugathadasa Stadium, Colombo (SRI)",18 JUL 2024,957,women_400h,2024,https://worldathletics.org/athletes/sri-lanka/hmns-senevirathna-15100648
216,1:02.26,,. MUGADA,05 JUN 2003,IND,3h2,,"Sree Kanteerava Outdoor Stadium, Bengaluru (IND)",01 SEP 2024,957,women_400h,2024,https://worldathletics.org/athletes/india/mugada-15169889
216,1:02.26,,Yuzuki ENDO,11 DEC 2003,JPN,6h7,,"Todoroki Stadium, Kawasaki (JPN)",20 SEP 2024,957,women_400h,2024,https://worldathletics.org/athletes/japan/yuzuki-endo-14956824
220,1:02.27,,Misaki HAGIWARA,22 MAY 2007,JPN,1h1,,"Kanseki Stadium, Utsunomiya (JPN)",20 OCT 2024,956,women_400h,2024,https://worldathletics.org/athletes/japan/misaki-hagiwara-15114846
221,1:02.29,,Iroha YOSHIDA,01 OCT 2006,JPN,4,,"Denka Big Swan Stadium, Niigata (JPN)",15 JUN 2024,956,women_400h,2024,https://worldathletics.org/athletes/japan/iroha-yoshida-15050519
221,1:02.29,,Sayaka NAKASHIMA,07 APR 2004,JPN,3,,"Municipal Mizuho Stadium, Nagoya (JPN)",13 JUL 2024,956,women_400h,2024,https://worldathletics.org/athletes/japan/sayaka-nakashima-14954453
223,1:02.33,,. MUSKAN,26 JAN 2006,IND,5,,"SAI Regional Centre Sarojini Nagar, Lucknow (IND)",10 MAR 2024,955,women_400h,2024,https://worldathletics.org/athletes/india/muskan-15078508
224,1:02.34,,Marin OKADA,05 JUL 2004,JPN,2,,"Nagaragawa Stadium, Gifu (JPN)",06 JUL 2024,954,women_400h,2024,https://worldathletics.org/athletes/japan/marin-okada-14965434
225,1:02.35,,Nagyeom AN,23 JAN 2006,KOR,1,,"Gimhae Stadium, Gimhae (KOR)",14 OCT 2024,954,women_400h,2024,https://worldathletics.org/athletes/korea/nagyeom-an-15093425
225,1:02.35,,Chihiro MIURA,07 FEB 2008,JPN,3,,"Kanseki Stadium, Utsunomiya (JPN)",20 OCT 2024,954,women_400h,2024,https://worldathletics.org/athletes/japan/chihiro-miura-15168049
227,1:02.38,,Miyu NOMURA,21 JUN 2006,JPN,2,,"Ryuhoku Stadium, Okazaki (JPN)",18 MAY 2024,953,women_400h,2024,https://worldathletics.org/athletes/japan/miyu-nomura-14997943
228,1:02.39,,Aika NAKAJIMA,12 SEP 2004,JPN,7h6,,"Todoroki Stadium, Kawasaki (JPN)",20 SEP 2024,953,women_400h,2024,https://worldathletics.org/athletes/japan/aika-nakajima-15051708
229,1:02.41,,Gihani Daneka PANDUKA,16 JUL 2002,SRI,2,,"Mahinda Rajapaksha Stadium, Diyagama (SRI)",19 MAR 2024,952,women_400h,2024,https://worldathletics.org/athletes/athlete=14917215
229,1:02.41,,Fengyu CHE,02 AUG 2002,CHN,2,,"Jiangjin Stadium, Chongqing (CHN)",19 MAY 2024,952,women_400h,2024,https://worldathletics.org/athletes/pr-of-china/fengyu-che-14947013
231,1:02.42,,Mana KATO,27 APR 2006,JPN,3,,"Ryuhoku Stadium, Okazaki (JPN)",18 MAY 2024,952,women_400h,2024,https://worldathletics.org/athletes/japan/mana-kato-15163995
231,1:02.42,,G.A.S. DULANI,14 FEB 1993,SRI,2h3,,"Sugathadasa Stadium, Colombo (SRI)",17 JUL 2024,952,women_400h,2024,https://worldathletics.org/athletes/athlete=14759773
233,1:02.43,,Hina NISHI,12 JUL 2002,JPN,3h7,,"Hakatanomori Athletic Stadium, Fukuoka (JPN)",06 JUL 2024,952,women_400h,2024,https://worldathletics.org/athletes/japan/hina-nishi-14965117
233,1:02.43,,Mizuka KAWAMOTO,04 OCT 2003,JPN,2h4,,"Nagai Stadium No. 2, Osaka (JPN)",18 OCT 2024,952,women_400h,2024,https://worldathletics.org/athletes/japan/mizuka-kawamoto-14949702
235,1:02.44,,Lealyn SANITA,18 MAR 2001,PHI,2,,"New Clark City Stadium, New Clark City (PHI)",20 NOV 2024,951,women_400h,2024,https://worldathletics.org/athletes/athlete=14840461
236,1:02.45,,Kristina PRONZHENKO,10 DEC 1988,TJK,1,,"Centlar stadium, Dushanbe (TJK)",08 MAY 2024,951,women_400h,2024,https://worldathletics.org/athletes/athlete=14591502
237,1:02.52,,Kokona ANDO,28 JUL 2006,JPN,3,,"Nagaragawa Stadium, Gifu (JPN)",06 JUL 2024,949,women_400h,2024,https://worldathletics.org/athletes/japan/kokona-ando-15101163
237,1:02.52,,Kazuho SAEKI,14 FEB 2006,JPN,1,,"Gion Stadium, Sagamihara (JPN)",29 SEP 2024,949,women_400h,2024,https://worldathletics.org/athletes/japan/kazuho-saeki-14995757
239,1:02.53,,Evelina RYABKOVA,31 JUL 2008,KAZ,1,,"Olympic Training Base, Almaty (KAZ)",17 JUL 2024,949,women_400h,2024,https://worldathletics.org/athletes/kazakhstan/evelina-ryabkova-15019876
239,1:02.53,,Natsuki IWASA,07 JUL 2007,JPN,5h4,,"Hakatanomori Athletic Stadium, Fukuoka (JPN)",29 JUL 2024,949,women_400h,2024,https://worldathletics.org/athletes/japan/natsuki-iwasa-15099966
241,1:02.54,,Min-kyung LEE,18 JAN 2007,KOR,4h1,,Dubai (UAE),24 APR 2024,949,women_400h,2024,https://worldathletics.org/athletes/korea/min-kyung-lee-14986904
241,1:02.54,,Riri NISHIMURA,23 APR 2007,JPN,6,,"Nagaragawa Stadium, Gifu (JPN)",15 JUN 2024,949,women_400h,2024,https://worldathletics.org/athletes/japan/riri-nishimura-15110587
241,1:02.54,,Ying Wen Ashleigh MA,20 JAN 2003,HKG,1,,"Tsueng Kwan O Sports Ground, Hong Kong (HKG)",03 NOV 2024,949,women_400h,2024,https://worldathletics.org/athletes/athlete=14886704
244,1:02.55,,Harusa MARUO,06 DEC 2003,JPN,3f1,,"Ishin Me-Life Stadium, Yamaguchi (JPN)",20 OCT 2024,948,women_400h,2024,https://worldathletics.org/athletes/athlete=14904507
245,1:02.56,,U.M.S HIMASHINI,,SRI,3h3,,"Sugathadasa Stadium, Colombo (SRI)",17 JUL 2024,948,women_400h,2024,https://worldathletics.org/athletes/sri-lanka/ums-himashini-15173936
246,1:02.58,,Kokona KATAYAMA,10 NOV 2005,JPN,4f1,,"Ishin Me-Life Stadium, Yamaguchi (JPN)",20 OCT 2024,948,women_400h,2024,https://worldathletics.org/athletes/japan/kokona-katayama-14958789
247,1:02.59,,Nur Shaqirah CIK MAT KILAU,2004,MAS,2,,"Stadium Darul Makmur Kuantan, Kuantan (MAS)",14 JUN 2024,947,women_400h,2024,https://worldathletics.org/athletes/malaysia/nur-shaqirah-cik-mat-kilau-15047310
247,1:02.59,,Mizuki NOMURA,12 AUG 2005,JPN,2,,"Gion Stadium, Sagamihara (JPN)",29 SEP 2024,947,women_400h,2024,https://worldathletics.org/athletes/japan/mizuki-nomura-14998232
249,1:02.61,,Itsuna CHIBA,13 NOV 2006,JPN,2,,"Azuma Stadium, Fukushima (JPN)",16 JUN 2024,947,women_400h,2024,https://worldathletics.org/athletes/japan/itsuna-chiba-15103358
250,1:02.62,,Sakura SHIRAHAMA,02 NOV 2005,JPN,4h4,,"Todoroki Stadium, Kawasaki (JPN)",20 SEP 2024,946,women_400h,2024,https://worldathletics.org/athletes/athlete=14919447
251,1:02.63,,Akari NISHIDATE,30 JUN 2005,JPN,5,,"Athletics Stadium, Akita (JPN)",25 AUG 2024,946,women_400h,2024,https://worldathletics.org/athletes/japan/akari-nishidate-15058091
252,1:02.65,,Mio HARADA,17 MAY 2006,JPN,2,,"Hakatanomori Athletic Stadium, Fukuoka (JPN)",25 MAY 2024,946,women_400h,2024,https://worldathletics.org/athletes/japan/mio-harada-15066120
252,1:02.65,,Zejin CENG,18 NOV 2002,CHN,5,,"Sports Center, Nanping (CHN)",19 JUL 2024,946,women_400h,2024,https://worldathletics.org/athletes/pr-of-china/zejin-ceng-15118671
252,1:02.65,,Asaha DODO,09 NOV 2007,JPN,2,,"Ehime Athletics Stadium, Matsuyama (JPN)",06 OCT 2024,946,women_400h,2024,https://worldathletics.org/athletes/japan/asaha-dodo-15052956
255,1:02.66,,Minami OSAKI,22 SEP 2003,JPN,5h1,,"National Stadium, Tokyo (JPN)",11 MAY 2024,945,women_400h,2024,https://worldathletics.org/athletes/japan/minami-osaki-14950948
255,1:02.66,,Kotoha HIRAIWA,13 MAY 2008,JPN,1,,"Prefectural Stadium, Ise (JPN)",27 OCT 2024,945,women_400h,2024,https://worldathletics.org/athletes/japan/kotoha-hiraiwa-15174941
257,1:02.67,,Anastasiya TSVIRKUNOVA,09 SEP 2005,KAZ,2,,"Olympic Training Base, Almaty (KAZ)",17 JUL 2024,945,women_400h,2024,https://worldathletics.org/athletes/athlete=14907725
257,1:02.67,,Natsumi EDA,25 SEP 2007,JPN,3h1,,"Hakatanomori Athletic Stadium, Fukuoka (JPN)",29 JUL 2024,945,women_400h,2024,https://worldathletics.org/athletes/japan/natsumi-eda-15103023
257,1:02.67,,Miku YAZAWA,13 JUL 2004,JPN,3,,"Gion Stadium, Sagamihara (JPN)",29 SEP 2024,945,women_400h,2024,https://worldathletics.org/athletes/japan/miku-yazawa-15004247
257,1:02.67,,Karin MIYAZAKI,07 NOV 2008,JPN,1f2,,"Showa Denko Stadium, Oita (JPN)",05 OCT 2024,945,women_400h,2024,https://worldathletics.org/athletes/japan/karin-miyazaki-15148393
261,1:02.68,,Cha-soon SIM,27 JAN 1996,KOR,5,,"Gimhae Stadium, Gimhae (KOR)",14 OCT 2024,945,women_400h,2024,https://worldathletics.org/athletes/athlete=14604583
262,1:02.70,,Diana ANVAROVA,,UZB,6f2,,Tashkent (UZB),12 MAY 2024,944,women_400h,2024,https://worldathletics.org/athletes/uzbekistan/diana-anvarova-15155971
262,1:02.70,,Kazhal ROSTAMI,24 JUL 2000,IRI,2,,"Aftab Enghelab Sport Complex, Tehran (IRI)",17 JUN 2024,944,women_400h,2024,https://worldathletics.org/athletes/athlete=14913324
262,1:02.70,,Yu-Chun LIU,25 JAN 2007,TPE,5,,"Nantou County Stadium, Nantou City (TPE)",09 NOV 2024,944,women_400h,2024,https://worldathletics.org/athletes/chinese-taipei/yu-chun-liu-15117531
265,1:02.74,,Satsuki SAOKA,18 AUG 2005,JPN,3f2,,"Yanmar Stadium Nagai, Osaka (JPN)",08 SEP 2024,943,women_400h,2024,https://worldathletics.org/athletes/japan/satsuki-saoka-14967466
266,1:02.75,,Mao FUJITA,07 FEB 2003,JPN,1,,"Hamayama Park Athletic Field, Izumo (JPN)",12 MAY 2024,943,women_400h,2024,https://worldathletics.org/athletes/athlete=14941930
266,1:02.75,,U.M.S HIMASHANI,07 JUL 2008,SRI,1,,"Mahinda Rajapaksha Stadium, Diyagama (SRI)",13 JUL 2024,943,women_400h,2024,https://worldathletics.org/athletes/sri-lanka/ums-himashani-15100534
266,1:02.75,,R.M.C. UMAYA,05 MAR 2004,SRI,4,,"Sugathadasa Stadium, Colombo (SRI)",18 JUL 2024,943,women_400h,2024,https://worldathletics.org/athletes/sri-lanka/rmc-umaya-15157528
269,1:02.80,,Mitsuki MATSUDA,21 SEP 2006,JPN,2h2,,"Yanmar Stadium Nagai, Osaka (JPN)",14 JUN 2024,941,women_400h,2024,https://worldathletics.org/athletes/japan/mitsuki-matsuda-15046314
270,1:02.81,,Sabrina GOYIBNAZAROVA,24 FEB 2006,UZB,5h2,,Dubai (UAE),24 APR 2024,941,women_400h,2024,https://worldathletics.org/athletes/uzbekistan/sabrina-goyibnazarova-15089283
271,1:02.85,,Mio SEKIGUCHI,08 APR 2003,JPN,6h1,,"National Stadium, Tokyo (JPN)",11 MAY 2024,940,women_400h,2024,https://worldathletics.org/athletes/athlete=14901141
271,1:02.85,,Shiori NARITA,17 NOV 2006,JPN,1sf3,,"Azuma Stadium, Fukushima (JPN)",16 JUN 2024,940,women_400h,2024,https://worldathletics.org/athletes/japan/shiori-narita-15049070
273,1:02.86,,Michiru KOGA,02 JAN 2007,JPN,5sf2,,"Yanmar Stadium Nagai, Osaka (JPN)",14 JUN 2024,940,women_400h,2024,https://worldathletics.org/athletes/japan/michiru-koga-15184955
274,1:02.88,,Yuka MAEHARA,16 JUN 2002,JPN,5h3,,"Todoroki Stadium, Kawasaki (JPN)",20 SEP 2024,939,women_400h,2024,https://worldathletics.org/athletes/japan/yuka-maehara-14964688
275,1:02.90,,Hatsumi EDA,13 DEC 2007,JPN,7,,"Denka Big Swan Stadium, Niigata (JPN)",15 JUN 2024,939,women_400h,2024,https://worldathletics.org/athletes/japan/hatsumi-eda-15052941
276,1:02.91,,Ako ISHIDA,26 JUN 2006,JPN,3sf1,,"Nagaragawa Stadium, Gifu (JPN)",15 JUN 2024,938,women_400h,2024,https://worldathletics.org/athletes/japan/ako-ishida-15104704
276,1:02.91,,Eren TAKAGUCHI,22 DEC 2007,JPN,5h8,,"Hakatanomori Athletic Stadium, Fukuoka (JPN)",29 JUL 2024,938,women_400h,2024,https://worldathletics.org/athletes/japan/eren-takaguchi-14995649
276,1:02.91,,Yuka NAKAMURA,28 DEC 2002,JPN,3h4,,"Nagai Stadium No. 2, Osaka (JPN)",18 OCT 2024,938,women_400h,2024,https://worldathletics.org/athletes/japan/yuka-nakamura-14949701
279,1:02.92,,Saki SUGAWARA,05 JUN 2006,JPN,3,,"Azuma Stadium, Fukushima (JPN)",16 JUN 2024,938,women_400h,2024,https://worldathletics.org/athletes/japan/saki-sugawara-15103362
279,1:02.92,,Justine Mae CATINDOY,13 AUG 2001,PHI,3,,"New Clark City Stadium, New Clark City (PHI)",20 NOV 2024,938,women_400h,2024,https://worldathletics.org/athletes/philippines/justine-mae-catindoy-15122501
281,1:02.94,,Miyu TAKAGAKI,25 JUN 2003,JPN,3h1,,"Takebishi Stadium, Kyoto (JPN)",24 MAY 2024,937,women_400h,2024,https://worldathletics.org/athletes/japan/miyu-takagaki-14954562
281,1:02.94,,Risa HORIUCHI,18 JAN 2007,JPN,4h2,,"Yanmar Stadium Nagai, Osaka (JPN)",14 JUN 2024,937,women_400h,2024,https://worldathletics.org/athletes/japan/risa-horiuchi-15162216
283,1:02.96,,Mia KINOSHITA,24 SEP 2008,JPN,3,,"Ehime Athletics Stadium, Matsuyama (JPN)",06 OCT 2024,937,women_400h,2024,https://worldathletics.org/athletes/japan/mia-kinoshita-15167034
284,1:02.97,,Suzu MIYASHITA,04 JAN 2008,JPN,4,,"Athletic Stadium, Hikone (JPN)",13 SEP 2024,937,women_400h,2024,https://worldathletics.org/athletes/japan/suzu-miyashita-15115866
285,1:02.99,,Meizhe LI,12 MAR 2005,CHN,4h1,,"HOC Stadium, Hangzhou (CHN)",14 APR 2024,936,women_400h,2024,https://worldathletics.org/athletes/pr-of-china/meizhe-li-15137366
285,1:02.99,,Jeralyn RODRIGUEZ,17 MAY 2007,PHI,1,,"New Clark City Stadium, New Clark City (PHI)",20 NOV 2024,936,women_400h,2024,https://worldathletics.org/athletes/philippines/jeralyn-rodriguez-15154319
287,1:03.02,,Sunshin SILVESTRE,23 APR 2002,PHI,4,,"New Clark City Stadium, New Clark City (PHI)",20 NOV 2024,935,women_400h,2024,https://worldathletics.org/athletes/philippines/sunshin-silvestre-15107856
288,1:03.03,,Wenyu TAN,09 DEC 2002,CHN,3,,"Jiangjin Stadium, Chongqing (CHN)",19 MAY 2024,935,women_400h,2024,https://worldathletics.org/athletes/athlete=14885707
289,1:03.05,,Meiya FENG,28 JAN 2001,CHN,8f2,,"Olympic Sports Center, Chongqing (CHN)",29 MAY 2024,934,women_400h,2024,https://worldathletics.org/athletes/pr-of-china/meiya-feng-14970417
290,1:03.06,,Xin Yan YE,23 DEC 2006,TPE,4,,"Taipei Municipal Stadium, Taipei City (TPE)",25 APR 2024,934,women_400h,2024,https://worldathletics.org/athletes/chinese-taipei/xin-yan-ye-15110235
290,1:03.06,,M. SIREESHA,05 JUN 2003,IND,3,,"Jawaharlal Nehru Stadium, Chennai (IND)",30 MAY 2024,934,women_400h,2024,https://worldathletics.org/athletes/athlete=14884125
290,1:03.06,,Preeti PRAMANIK,23 SEP 2005,IND,2h2,,"Kalinga Stadium, Bhubaneshwar (IND)",10 DEC 2024,934,women_400h,2024,https://worldathletics.org/athletes/india/preeti-pramanik-15045586
293,1:03.08,,W.H.M. FERNANDO,25 SEP 1998,SRI,2,,"Mahinda Rajapaksha Stadium, Diyagama (SRI)",01 MAR 2024,934,women_400h,2024,https://worldathletics.org/athletes/athlete=14843058
293,1:03.08,,Airi TANAKA,10 MAY 2006,JPN,4h2,,"Komazawa Olympic Park Athletic Stadium, Tokyo (JPN)",15 JUN 2024,934,women_400h,2024,https://worldathletics.org/athletes/japan/airi-tanaka-15114848
293,1:03.08,,Shiho KAWANO,07 AUG 1999,JPN,6f2,,"Ishin Me-Life Stadium, Yamaguchi (JPN)",23 SEP 2024,934,women_400h,2024,https://worldathletics.org/athletes/athlete=14766635
293,1:03.08,,Tae-yeon KIM,28 NOV 2003,KOR,6,,"Gimhae Stadium, Gimhae (KOR)",14 OCT 2024,934,women_400h,2024,https://worldathletics.org/athletes/athlete=14849657
297,1:03.09,,O.G.S.T. DISSANAYAKE,04 AUG 2003,SRI,2,,"Mahinda Rajapaksha Stadium, Diyagama (SRI)",13 JUL 2024,933,women_400h,2024,https://worldathletics.org/athletes/sri-lanka/ogst-dissanayake-15017838
298,1:03.12,,Rumi SATO,26 AUG 2005,JPN,2,,"Denka Big Swan Stadium, Niigata (JPN)",14 JUL 2024,932,women_400h,2024,https://worldathletics.org/athletes/japan/rumi-sato-14959237
298,1:03.12,,Kanako KIKUCHI,17 SEP 2006,JPN,6,,"Athletics Stadium, Akita (JPN)",25 AUG 2024,932,women_400h,2024,https://worldathletics.org/athletes/japan/kanako-kikuchi-15103363
300,1:03.14,,H.A.S.D NETHMINI,29 JUL 2004,SRI,2h1,,"Sugathadasa Stadium, Colombo (SRI)",17 JUL 2024,932,women_400h,2024,https://worldathletics.org/athletes/sri-lanka/hasd-nethmini-15110101
1,54.04,,Kemi ADEKOYA,16 JAN 1993,BRN,4sf1,,"National Stadium, Tokyo (JPN)",17 SEP 2025,1203,women_400h,2025,https://worldathletics.org/athletes/athlete=14419510
2,54.63,,Jiadie MO,06 JAN 2000,CHN,3h5,,"National Stadium, Tokyo (JPN)",15 SEP 2025,1184,women_400h,2025,https://worldathletics.org/athletes/athlete=14744957
3,55.54,,Yingying KONG,22 MAR 2003,CHN,2f,,"National Stadium, Beijing (CHN)",07 SEP 2025,1156,women_400h,2025,https://worldathletics.org/athletes/athlete=14884045
4,56.04,,Vithya RAMRAJ,20 SEP 1998,IND,1,,"Maharaja's College Grounds, Kochi (IND)",23 APR 2025,1140,women_400h,2025,https://worldathletics.org/athletes/athlete=14776046
5,56.43,,Satsuki UMEHARA,22 MAY 1994,JPN,1,,"National Stadium, Tokyo (JPN)",05 JUL 2025,1128,women_400h,2025,https://worldathletics.org/athletes/athlete=14444482
6,56.51,,Akane MINAMISAWA,23 SEP 1997,JPN,1f3,,"Ishin Me-Life Stadium, Yamaguchi (JPN)",28 SEP 2025,1126,women_400h,2025,https://worldathletics.org/athletes/athlete=14858495
7,56.68,,Miku TAKINO,19 JUN 2005,JPN,2,,"National Stadium, Tokyo (JPN)",05 JUL 2025,1121,women_400h,2025,https://worldathletics.org/athletes/japan/miku-takino-14954560
8,56.73,,Adelina ZEMS,25 DEC 1998,KAZ,4,,"Gumi Civic Stadium, Gumi (KOR)",31 MAY 2025,1119,women_400h,2025,https://worldathletics.org/athletes/athlete=14714397
9,56.82,,Thi Lan QUACH,18 OCT 1995,VIE,1,,"Supachalasai National Stadium, Bangkok (THA)",15 DEC 2025,1116,women_400h,2025,https://worldathletics.org/athletes/athlete=14483951
10,56.87,,Ami YAMAMOTO,19 APR 2002,JPN,1f2,,"Hokuroku Park Athletic Field, Fujiyoshida (JPN)",03 AUG 2025,1115,women_400h,2025,https://worldathletics.org/athletes/athlete=14861142
11,56.93,,Honoka AOKI,24 SEP 2001,JPN,1f2,,"Yanmar Stadium Nagai, Osaka (JPN)",11 MAY 2025,1113,women_400h,2025,https://worldathletics.org/athletes/athlete=14855506
12,56.96,,Robyn BROWN,27 JUL 1994,PHI,8,,"Billy J. Murphy Track and Field Complex, Memphis, TN (USA)",12 JUL 2025,1112,women_400h,2025,https://worldathletics.org/athletes/athlete=14893469
13,57.10,,Rene SHINTO,05 APR 2003,JPN,1,,"Gion Stadium, Sagamihara (JPN)",11 MAY 2025,1108,women_400h,2025,https://worldathletics.org/athletes/japan/rene-shinto-14982815
13,57.10,,Ayesha IBRAHIM,16 JAN 1998,JPN,2f2,,"Hokuroku Park Athletic Field, Fujiyoshida (JPN)",03 AUG 2025,1108,women_400h,2025,https://worldathletics.org/athletes/athlete=14898323
15,57.16,,Shion FUKUOKA,17 MAR 2007,JPN,4,,"National Stadium, Tokyo (JPN)",05 JUL 2025,1106,women_400h,2025,https://worldathletics.org/athletes/japan/shion-fukuoka-14977298
16,57.29,,Ying OU,03 DEC 2001,CHN,3,,"Guangdong Ersha Sports Training Center, Guangzhou (CHN)",17 NOV 2025,1102,women_400h,2025,https://worldathletics.org/athletes/athlete=14795241
17,57.36,,Meri MASUKO,15 APR 2003,JPN,4,,"Athletic Stadium, Hikone (JPN)",05 OCT 2025,1100,women_400h,2025,https://worldathletics.org/athletes/athlete=14901137
18,57.37,,Hikari OKUBO,17 FEB 1998,JPN,1h3,,"National Stadium, Tokyo (JPN)",04 JUL 2025,1100,women_400h,2025,https://worldathletics.org/athletes/athlete=14853645
19,57.42,,Mariam KAREEM,25 JAN 2008,UAE,2,,Riyadh (KSA),18 NOV 2025,1098,women_400h,2025,https://worldathletics.org/athletes/united-arab-emirates/mariam-kareem-15122282
20,57.44,,Pei-Lin LO,01 FEB 1994,TPE,1h1,,"Taipei Municipal Stadium, Taipei City (TPE)",08 JUN 2025,1098,women_400h,2025,https://worldathletics.org/athletes/athlete=14483702
21,57.45,,Changwei LU,08 NOV 2001,CHN,1,,"Sports Center, Quzhou (CHN)",04 AUG 2025,1097,women_400h,2025,https://worldathletics.org/athletes/athlete=14811638
22,57.46,,Anu RAGHAVAN,20 APR 1993,IND,7,,"Gumi Civic Stadium, Gumi (KOR)",31 MAY 2025,1097,women_400h,2025,https://worldathletics.org/athletes/athlete=14436789
22,57.46,,Yifan ZOU,11 DEC 2000,CHN,4,,"Guangdong Ersha Sports Training Center, Guangzhou (CHN)",17 NOV 2025,1097,women_400h,2025,https://worldathletics.org/athletes/athlete=14839833
24,57.47,,Xue TAO,26 OCT 1999,CHN,1,,"Sports Center, Yulin (CHN)",12 JUL 2025,1097,women_400h,2025,https://worldathletics.org/athletes/athlete=14750688
25,57.48,,Aminat JAMAL,27 JUN 1997,BRN,2f2,,"Percy Beard Track, Gainesville, FL (USA)",04 APR 2025,1096,women_400h,2025,https://worldathletics.org/athletes/athlete=14701082
26,57.55,,Haru HIRAKI,06 FEB 2005,JPN,2f2,,"Yanmar Stadium Nagai, Osaka (JPN)",11 MAY 2025,1094,women_400h,2025,https://worldathletics.org/athletes/japan/haru-hiraki-14952552
27,57.59,,Arisa OGASAWARA,30 OCT 2004,JPN,1,,"Fukuoka University Stadium, Fukuoka (JPN)",19 JUL 2025,1093,women_400h,2025,https://worldathletics.org/athletes/japan/arisa-ogasawara-14977288
28,57.66,,Sumika OKAWA,12 NOV 2003,JPN,1f2,,"Prefectural Shizuoka Stadium, Fukuroi (JPN)",03 MAY 2025,1091,women_400h,2025,https://worldathletics.org/athletes/athlete=14896770
29,57.68,,Asuruhan Marino TANERU,28 JUL 2003,JPN,3,,"Gion Stadium, Sagamihara (JPN)",11 MAY 2025,1090,women_400h,2025,https://worldathletics.org/athletes/athlete=14852852
30,57.74,,Shiori CHIBA,31 OCT 2005,JPN,3,,"Prefectural Stadium, Okayama (JPN)",08 JUN 2025,1089,women_400h,2025,https://worldathletics.org/athletes/japan/shiori-chiba-15047895
31,57.75,,Lauren HOFFMAN,30 MAR 1999,PHI,3,,"Supachalasai National Stadium, Bangkok (THA)",15 DEC 2025,1088,women_400h,2025,https://worldathletics.org/athletes/athlete=14649944
32,57.79,,Rasha BADRANI,15 JUN 2004,LBN,2f1,,"Triton Stadium, San Diego, CA (USA)",05 APR 2025,1087,women_400h,2025,https://worldathletics.org/athletes/lebanon/rasha-badrani-15069579
33,57.92,,Moe MATSUOKA,02 MAR 2003,JPN,3h3,,"National Stadium, Tokyo (JPN)",04 JUL 2025,1083,women_400h,2025,https://worldathletics.org/athletes/athlete=14895835
34,57.95,,Akiko ITO,26 MAY 1995,JPN,3f2,,"Prefectural Shizuoka Stadium, Fukuroi (JPN)",03 MAY 2025,1082,women_400h,2025,https://worldathletics.org/athletes/athlete=14562727
35,57.96,,Nurkhon OCHILOVA,19 APR 2004,UZB,1,,"AFU Athletics Stadium, Tashkent (UZB)",15 MAY 2025,1082,women_400h,2025,https://worldathletics.org/athletes/uzbekistan/nurkhon-ochilova-15036524
36,57.97,,Mio TSUJII,24 NOV 2000,JPN,1f1,,"Hokuroku Park Athletic Field, Fujiyoshida (JPN)",03 AUG 2025,1082,women_400h,2025,https://worldathletics.org/athletes/athlete=14815091
37,57.98,,Yirui DING,30 OCT 2002,CHN,2h3,,"Sports Center, Quzhou (CHN)",02 AUG 2025,1081,women_400h,2025,https://worldathletics.org/athletes/athlete=14857824
38,58.11,,Thi Tuyet Mai LE,03 JAN 2006,VIE,,,"National Athletics Centre, Pathum Thani (THA)",24 JUN 2025,1077,women_400h,2025,https://worldathletics.org/athletes/vietnam/thi-tuyet-mai-le-15042646
39,58.16,,Rachel GARDNER,27 DEC 2007,JPN,1f2,,"Prefectural Stadium, Hiroshima (JPN)",27 JUL 2025,1076,women_400h,2025,https://worldathletics.org/athletes/japan/rachel-gardner-15052716
39,58.16,,Xin-Ru ZHONG,04 AUG 2004,TPE,1,,"Taipei Municipal Stadium, Taipei City (TPE)",20 SEP 2025,1076,women_400h,2025,https://worldathletics.org/athletes/chinese-taipei/xin-ru-zhong-15180339
41,58.19,,Wanyu ZHAO,01 MAY 2004,CHN,2,,Chongqing (CHN),15 MAY 2025,1075,women_400h,2025,https://worldathletics.org/athletes/pr-of-china/wanyu-zhao-15137368
42,58.26,,R. ASWINI,24 AUG 2004,IND,1,,"Sree Kanteerava Outdoor Stadium, Bengaluru (IND)",28 JUN 2025,1073,women_400h,2025,https://worldathletics.org/athletes/india/r-aswini-15053037
43,58.31,,Jiuxiang WANG,12 JAN 2001,CHN,3h2,,"Guangdong Ersha Sports Training Center, Guangzhou (CHN)",16 NOV 2025,1071,women_400h,2025,https://worldathletics.org/athletes/athlete=14857930
44,58.44,,Ayana KUSAKA,10 NOV 2003,JPN,3,,"Takebishi Stadium, Kyoto (JPN)",14 SEP 2025,1068,women_400h,2025,https://worldathletics.org/athletes/japan/ayana-kusaka-14952503
45,58.48,,Chen-Yu LIU,01 JAN 2007,TPE,3,,Yunlin (TPE),22 OCT 2025,1066,women_400h,2025,https://worldathletics.org/athletes/chinese-taipei/chen-yu-liu-14965286
46,58.51,,Sachi KUZUHARA,11 APR 2004,JPN,4sf3,,"Prefectural Stadium, Okayama (JPN)",07 JUN 2025,1065,women_400h,2025,https://worldathletics.org/athletes/japan/sachi-kuzuhara-14956007
47,58.65,,Mizuna ONO,09 DEC 2002,JPN,5f2,,"Hokuroku Park Athletic Field, Fujiyoshida (JPN)",03 AUG 2025,1061,women_400h,2025,https://worldathletics.org/athletes/athlete=14855450
48,58.66,,K.H.A.Dasuni KAUSHALYA,25 OCT 2001,SRI,1,,"Birsa Munda Foot Ball Stadium, Morabadi, Ranchi (IND)",26 OCT 2025,1061,women_400h,2025,https://worldathletics.org/athletes/athlete=14860250
49,58.67,,Wei LIU,01 JUN 2001,CHN,4h3,,"Sports Center, Quzhou (CHN)",02 AUG 2025,1061,women_400h,2025,https://worldathletics.org/athletes/athlete=14942225
50,58.71,,Hsin-Ju CHUNG,04 AUG 2004,TPE,,,"National Athletics Centre, Pathum Thani (THA)",24 JUN 2025,1059,women_400h,2025,https://worldathletics.org/athletes/chinese-taipei/hsin-ju-chung-15007045
51,58.72,,Yuna KUSUDA,16 JUL 2008,JPN,1f3,,"Prefectural Stadium, Hiroshima (JPN)",27 JUL 2025,1059,women_400h,2025,https://worldathletics.org/athletes/japan/yuna-kusuda-15000440
52,58.77,,Mahiro WASADA,18 NOV 2004,JPN,4,,"Takebishi Stadium, Kyoto (JPN)",14 SEP 2025,1058,women_400h,2025,https://worldathletics.org/athletes/japan/mahiro-wasada-14958609
53,58.90,,Ramandeep KAUR,20 DEC 2003,IND,1,,"Jawaharlal Nehru Stadium, Chennai (IND)",23 AUG 2025,1054,women_400h,2025,https://worldathletics.org/athletes/india/ramandeep-kaur-15036842
54,58.93,,Siwei MAI,09 SEP 2003,CHN,4,,"Kuishan Sports Center, Rizhao (CHN)",27 SEP 2025,1053,women_400h,2025,https://worldathletics.org/athletes/pr-of-china/siwei-mai-15115141
54,58.93,,Olimba STEFFI,15 FEB 2002,IND,1,,"Sree Kanteerava Outdoor Stadium, Bengaluru (IND)",30 SEP 2025,1053,women_400h,2025,https://worldathletics.org/athletes/athlete=14918526
56,58.99,,Aoi NOMA,25 AUG 2004,JPN,3sf2,,"Prefectural Stadium, Okayama (JPN)",07 JUN 2025,1051,women_400h,2025,https://worldathletics.org/athletes/japan/aoi-noma-14962141
57,59.07,,Yalun WANG,13 APR 2005,CHN,2h2,,"Sports Center, Quzhou (CHN)",02 AUG 2025,1049,women_400h,2025,https://worldathletics.org/athletes/pr-of-china/yalun-wang-15103884
58,59.11,,Liying CHEN,21 AUG 1994,CHN,2,,"Sports Center, Yulin (CHN)",12 JUL 2025,1048,women_400h,2025,https://worldathletics.org/athletes/athlete=14714474
59,59.16,,Kokoro YOSHIMURA,12 MAY 2004,JPN,3,,"Yanmar Stadium Nagai, Osaka (JPN)",07 MAY 2025,1046,women_400h,2025,https://worldathletics.org/athletes/japan/kokoro-yoshimura-14958859
60,59.20,,Liwei WEI,10 FEB 2007,CHN,1h1,,"Zhaoqing Sports Center, Zhaoqing (CHN)",11 APR 2025,1045,women_400h,2025,https://worldathletics.org/athletes/pr-of-china/liwei-wei-15144526
61,59.21,,Mei TAKEUCHI,28 OCT 2007,JPN,1,,"Takebishi Stadium, Kyoto (JPN)",14 JUN 2025,1045,women_400h,2025,https://worldathletics.org/athletes/japan/mei-takeuchi-15171082
61,59.21,,Luyao JIANG,03 JAN 2008,CHN,1,,"Olympic Center, Shenyang (CHN)",14 AUG 2025,1045,women_400h,2025,https://worldathletics.org/athletes/pr-of-china/luyao-jiang-15255399
63,59.24,,Araliya Sathsarani LOKU GEEGANAGE,28 MAR 2004,SRI,2,,"Birsa Munda Foot Ball Stadium, Morabadi, Ranchi (IND)",26 OCT 2025,1044,women_400h,2025,https://worldathletics.org/athletes/sri-lanka/araliya-sathsarani-loku-geeganage-15095291
64,59.38,,Makoto SAKA,03 OCT 2008,JPN,1f1,,"Prefectural Stadium, Hiroshima (JPN)",27 JUL 2025,1040,women_400h,2025,https://worldathletics.org/athletes/japan/makoto-saka-15114226
65,59.39,,Hina OKAZAKI,04 SEP 2007,JPN,2f2,,"Prefectural Stadium, Hiroshima (JPN)",27 JUL 2025,1039,women_400h,2025,https://worldathletics.org/athletes/japan/hina-okazaki-15179734
66,59.41,,Saya MATSUME,27 JUL 2004,JPN,4sf2,,"Prefectural Stadium, Okayama (JPN)",07 JUN 2025,1039,women_400h,2025,https://worldathletics.org/athletes/japan/saya-matsume-14956376
67,59.43,,Karen YOKOTA,17 MAR 1999,JPN,2f1,,"Takebishi Stadium, Kyoto (JPN)",12 AUG 2025,1038,women_400h,2025,https://worldathletics.org/athletes/athlete=14856898
68,59.44,,Konomi HATAKEYAMA,12 DEC 2006,JPN,2,,"Kusanagi Athletic Stadium, Shizuoka (JPN)",28 SEP 2025,1038,women_400h,2025,https://worldathletics.org/athletes/japan/konomi-hatakeyama-15046102
69,59.45,,Yijia FU,13 MAY 2001,CHN,1h2,,"Sports Center, Jiaxing (CHN)",28 APR 2025,1038,women_400h,2025,https://worldathletics.org/athletes/athlete=14844214
69,59.45,,Sana KINUGAWA,30 SEP 2008,JPN,2,,"Takebishi Stadium, Kyoto (JPN)",14 JUN 2025,1038,women_400h,2025,https://worldathletics.org/athletes/japan/sana-kinugawa-15181247
69,59.45,,Ayaka YOSHINO,19 SEP 2006,JPN,1f1,,"Prefectural Sports Park, Miyazaki (JPN)",09 AUG 2025,1038,women_400h,2025,https://worldathletics.org/athletes/japan/ayaka-yoshino-15086042
72,59.47,,Nanami TAKANO,24 JUL 2001,JPN,1,,"Fukuoka University Stadium, Fukuoka (JPN)",22 MAR 2025,1037,women_400h,2025,https://worldathletics.org/athletes/athlete=14861098
72,59.47,,Emily HARADA,22 SEP 2005,JPN,2,,"Showa Denko Stadium, Oita (JPN)",23 AUG 2025,1037,women_400h,2025,https://worldathletics.org/athletes/japan/emily-harada-14998839
74,59.54,,Umi KASHIWAGURA,18 MAY 2004,JPN,5sf2,,"Prefectural Stadium, Okayama (JPN)",07 JUN 2025,1035,women_400h,2025,https://worldathletics.org/athletes/athlete=14921671
75,59.56,,Yuki HATA,28 NOV 2006,JPN,1,,"Prefectural Shizuoka Stadium, Fukuroi (JPN)",03 MAY 2025,1034,women_400h,2025,https://worldathletics.org/athletes/japan/yuki-hata-15101450
76,59.60,,Airi TADA,23 NOV 2007,JPN,2f1,,"Prefectural Stadium, Hiroshima (JPN)",27 JUL 2025,1033,women_400h,2025,https://worldathletics.org/athletes/japan/airi-tada-15069363
77,59.61,,Tomoka SAITOU,02 JUL 2000,JPN,2,,"Prefectural Shizuoka Stadium, Fukuroi (JPN)",03 MAY 2025,1033,women_400h,2025,https://worldathletics.org/athletes/athlete=14855683
77,59.61,,Yura ISHIKAWA,16 SEP 2005,JPN,2f1,,"Yanmar Stadium Nagai, Osaka (JPN)",11 MAY 2025,1033,women_400h,2025,https://worldathletics.org/athletes/japan/yura-ishikawa-15001260
79,59.68,,Ayumi NAKAO,14 DEC 2000,JPN,2f1,,"Prefectural Sports Park, Miyazaki (JPN)",09 AUG 2025,1031,women_400h,2025,https://worldathletics.org/athletes/athlete=14855629
79,59.68,,Aika NAKAJIMA,12 SEP 2004,JPN,3,,"Prefectural Stadium, Ise (JPN)",23 AUG 2025,1031,women_400h,2025,https://worldathletics.org/athletes/japan/aika-nakajima-15051708
81,59.69,,Misato TAKAGI,12 JUL 2007,JPN,4,,"Takebishi Stadium, Kyoto (JPN)",14 JUN 2025,1031,women_400h,2025,https://worldathletics.org/athletes/japan/misato-takagi-15184713
82,59.73,,Huiyi WANG,11 MAY 2008,CHN,1,,"Olympic Sports Center, Huangshi (CHN)",29 JUN 2025,1029,women_400h,2025,https://worldathletics.org/athletes/pr-of-china/huiyi-wang-15144535
82,59.73,,Maho TANAKA,03 JAN 2009,JPN,1,,"Athletic Stadium, Tottori (JPN)",12 OCT 2025,1029,women_400h,2025,https://worldathletics.org/athletes/japan/maho-tanaka-15174658
84,59.74,,Jiameng LI,07 SEP 2008,CHN,2,,"Olympic Sports Center, Huangshi (CHN)",29 JUN 2025,1029,women_400h,2025,https://worldathletics.org/athletes/pr-of-china/jiameng-li-15092403
85,59.75,,Suzu UEJIMA,13 MAY 2007,JPN,5,,"Takebishi Stadium, Kyoto (JPN)",14 JUN 2025,1029,women_400h,2025,https://worldathletics.org/athletes/japan/suzu-uejima-15114745
86,59.76,,Deekshitha RAMAKRISHNA,28 APR 2003,IND,6h3,,"Lohrheidestadion, Wattenscheid, Bochum (GER)",22 JUL 2025,1028,women_400h,2025,https://worldathletics.org/athletes/india/deekshitha-ramakrishna-15045500
87,59.77,,Kanoko YAMAMOTO,28 JUL 2004,JPN,6f2,,"Yanmar Stadium Nagai, Osaka (JPN)",11 MAY 2025,1028,women_400h,2025,https://worldathletics.org/athletes/japan/kanoko-yamamoto-14949736
88,59.78,,Suzu MIYASHITA,04 JAN 2008,JPN,6,,"Takebishi Stadium, Kyoto (JPN)",14 JUN 2025,1028,women_400h,2025,https://worldathletics.org/athletes/japan/suzu-miyashita-15115866
89,59.79,,Ekaterina KOLODA,15 AUG 2006,KAZ,2,,"Olympic Training Base, Almaty (KAZ)",12 JUL 2025,1028,women_400h,2025,https://worldathletics.org/athletes/kazakhstan/ekaterina-koloda-15019870
89,59.79,,Shodiyona RAHMONOVA,13 DEC 2009,UZB,1,,"AFU Athletics Stadium, Tashkent (UZB)",18 SEP 2025,1028,women_400h,2025,https://worldathletics.org/athletes/uzbekistan/shodiyona-rahmonova-15156297
91,59.81,,Makoto NAKAMURA,25 JAN 2005,JPN,4f1,,"Prefectural Shizuoka Stadium, Fukuroi (JPN)",03 MAY 2025,1027,women_400h,2025,https://worldathletics.org/athletes/athlete=14921674
92,59.84,,Yui KITAMURA,03 NOV 2007,JPN,7,,"Takebishi Stadium, Kyoto (JPN)",14 JUN 2025,1026,women_400h,2025,https://worldathletics.org/athletes/japan/yui-kitamura-15030037
93,59.86,,S. K. SHREE,18 APR 2005,IND,2,,"Maharana Pratap Sports College Dehradun, Dehradun (IND)",12 FEB 2025,1026,women_400h,2025,https://worldathletics.org/athletes/india/s-k-shree-15116865
94,59.93,,Mengyao FU,20 MAR 2006,CHN,4h1,,"Guangdong Ersha Sports Training Center, Guangzhou (CHN)",16 NOV 2025,1024,women_400h,2025,https://worldathletics.org/athletes/pr-of-china/mengyao-fu-15052081
95,1:00.02,,Jiayi CHEN,22 AUG 2005,CHN,5h3,,"Guangdong Ersha Sports Training Center, Guangzhou (CHN)",16 NOV 2025,1021,women_400h,2025,https://worldathletics.org/athletes/pr-of-china/jiayi-chen-14990375
96,1:00.03,,R. HARSHITHA,21 JUN 2005,IND,1,,"Stadium Hanamkonda, Warangal (IND)",18 OCT 2025,1021,women_400h,2025,https://worldathletics.org/athletes/india/r-harshitha-15045040
97,1:00.06,,Neha DHABALE,06 AUG 2003,IND,2,,"Sree Kanteerava Outdoor Stadium, Bengaluru (IND)",30 SEP 2025,1020,women_400h,2025,https://worldathletics.org/athletes/india/neha-dhabale-15113697
98,1:00.11,,Miria IMAI,07 AUG 2007,JPN,3f2,,"Prefectural Stadium, Hiroshima (JPN)",27 JUL 2025,1018,women_400h,2025,https://worldathletics.org/athletes/japan/miria-imai-15008416
99,1:00.12,,Mikuru AKETAGAWA,29 SEP 2007,JPN,4f2,,"Prefectural Stadium, Hiroshima (JPN)",27 JUL 2025,1018,women_400h,2025,https://worldathletics.org/athletes/japan/mikuru-aketagawa-15115529
100,1:00.17,,Ai MATSUKI,05 SEP 2006,JPN,3,,"Kusanagi Athletic Stadium, Shizuoka (JPN)",28 SEP 2025,1017,women_400h,2025,https://worldathletics.org/athletes/japan/ai-matsuki-14974660
101,1:00.22,,Miwa IEUJI,17 SEP 2008,JPN,1sf1,,"Takebishi Stadium, Kyoto (JPN)",13 JUN 2025,1015,women_400h,2025,https://worldathletics.org/athletes/japan/miwa-ieuji-15184809
102,1:00.25,,Arisa WERUWANARAK,26 JUN 2003,THA,1,,"National Athletics Centre, Pathum Thani (THA)",24 JUN 2025,1014,women_400h,2025,https://worldathletics.org/athletes/athlete=14840465
103,1:00.26,,Mio TANAKA,05 APR 2007,JPN,2f3,,"Prefectural Stadium, Hiroshima (JPN)",27 JUL 2025,1014,women_400h,2025,https://worldathletics.org/athletes/japan/mio-tanaka-15162326
104,1:00.28,,Kazuki MATSUO,27 JUN 2006,JPN,3,,"Yanmar Stadium Nagai, Osaka (JPN)",29 JUN 2025,1013,women_400h,2025,https://worldathletics.org/athletes/japan/kazuki-matsuo-15046558
105,1:00.34,,Rina HASSAN,12 SEP 2003,JPN,6sf2,,"Prefectural Stadium, Okayama (JPN)",07 JUN 2025,1012,women_400h,2025,https://worldathletics.org/athletes/japan/rina-hassan-14957211
106,1:00.42,,Irina KONICHSHEVA,06 AUG 2007,KAZ,1,,"Olympic Training Base, Almaty (KAZ)",21 JUN 2025,1009,women_400h,2025,https://worldathletics.org/athletes/kazakhstan/irina-konichsheva-15018906
107,1:00.43,,Kaho YAMAGUCHI,15 AUG 2007,JPN,4,,"Kusanagi Athletic Stadium, Shizuoka (JPN)",28 SEP 2025,1009,women_400h,2025,https://worldathletics.org/athletes/japan/kaho-yamaguchi-15107478
108,1:00.44,,Xinyi DONG,16 JUL 2006,CHN,6h3,,"Guangdong Ersha Sports Training Center, Guangzhou (CHN)",16 NOV 2025,1009,women_400h,2025,https://worldathletics.org/athletes/pr-of-china/xinyi-dong-15035635
109,1:00.45,,Kyeong-mi SON,09 FEB 1990,KOR,1,,"Gumi Civic Stadium, Gumi (KOR)",23 APR 2025,1008,women_400h,2025,https://worldathletics.org/athletes/athlete=14289898
110,1:00.46,,Yukino TABASHI,30 JAN 2003,JPN,4f1,,"Hokuroku Park Athletic Field, Fujiyoshida (JPN)",03 AUG 2025,1008,women_400h,2025,https://worldathletics.org/athletes/japan/yukino-tabashi-14952968
111,1:00.55,,Shihan BO,21 JAN 2009,CHN,4,,"Olympic Center, Shenyang (CHN)",14 AUG 2025,1005,women_400h,2025,https://worldathletics.org/athletes/pr-of-china/shihan-bo-15255400
112,1:00.58,,Karin SUZUKI,09 JAN 2009,JPN,1,,"Kanseki Stadium, Utsunomiya (JPN)",14 JUN 2025,1005,women_400h,2025,https://worldathletics.org/athletes/japan/karin-suzuki-15168293
112,1:00.58,,Misaki HAGIWARA,22 MAY 2007,JPN,3h5,,"Prefectural Stadium, Hiroshima (JPN)",26 JUL 2025,1005,women_400h,2025,https://worldathletics.org/athletes/japan/misaki-hagiwara-15114846
114,1:00.60,,R.M.Yasasri RATHNAYAKE,05 MAR 2004,SRI,2,,"Mahinda Rajapaksha Stadium, Diyagama (SRI)",03 AUG 2025,1004,women_400h,2025,https://worldathletics.org/athletes/sri-lanka/rmyasasri-rathnayake-15047291
115,1:00.61,,Prajna KRISHNARAJA,25 JUL 2001,IND,4,,"Maharana Pratap Sports College Dehradun, Dehradun (IND)",12 FEB 2025,1004,women_400h,2025,https://worldathletics.org/athletes/athlete=14862003
116,1:00.62,,Sayaka NAKASHIMA,07 APR 2004,JPN,2,,"Prefectural Shizuoka Stadium, Fukuroi (JPN)",20 APR 2025,1003,women_400h,2025,https://worldathletics.org/athletes/japan/sayaka-nakashima-14954453
116,1:00.62,,Eren TAKAGUCHI,22 DEC 2007,JPN,3f3,,"Prefectural Stadium, Hiroshima (JPN)",27 JUL 2025,1003,women_400h,2025,https://worldathletics.org/athletes/japan/eren-takaguchi-14995649
118,1:00.66,,Cho-eun KIM,20 MAR 2003,KOR,1,,"Seocheon Sports Complex, Seocheon (KOR)",02 JUL 2025,1002,women_400h,2025,https://worldathletics.org/athletes/korea/cho-eun-kim-14977127
119,1:00.68,,Megha MUNAVALLI,19 MAY 2001,IND,2,,"Sree Kanteerava Outdoor Stadium, Bengaluru (IND)",28 JUN 2025,1002,women_400h,2025,https://worldathletics.org/athletes/india/megha-munavalli-15018309
120,1:00.69,,Miku MINEGISHI,20 JUL 2008,JPN,3h1,,"Kusanagi Athletic Stadium, Shizuoka (JPN)",28 SEP 2025,1001,women_400h,2025,https://worldathletics.org/athletes/japan/miku-minegishi-15002307
121,1:00.72,,Qiao-Ling LIN,24 FEB 2009,TPE,1,,"Taipei Municipal Stadium, Taipei City (TPE)",07 NOV 2025,1001,women_400h,2025,https://worldathletics.org/athletes/chinese-taipei/qiao-ling-lin-15097929
122,1:00.81,,Dinara ANVAROVA,26 SEP 2003,UZB,2,,"AFU Athletics Stadium, Tashkent (UZB)",15 MAY 2025,998,women_400h,2025,https://worldathletics.org/athletes/uzbekistan/dinara-anvarova-15099703
123,1:00.83,,Ying Wen Ashleigh MA,20 JAN 2003,HKG,1,,"Wan Chai Sports Ground, Hong Kong (HKG)",11 MAY 2025,997,women_400h,2025,https://worldathletics.org/athletes/athlete=14886704
123,1:00.83,,Moumi JANA,23 AUG 2004,IND,2,,"Stadium Hanamkonda, Warangal (IND)",18 OCT 2025,997,women_400h,2025,https://worldathletics.org/athletes/india/moumi-jana-15034043
125,1:00.87,,Moeno TSUKAMOTO,18 FEB 2004,JPN,7f1,,"Prefectural Shizuoka Stadium, Fukuroi (JPN)",03 MAY 2025,996,women_400h,2025,https://worldathletics.org/athletes/athlete=14912055
125,1:00.87,,Mitsuki KUDO,28 MAR 2004,JPN,6f1,,"International Stadium, Yokohama (JPN)",20 AUG 2025,996,women_400h,2025,https://worldathletics.org/athletes/japan/mitsuki-kudo-14957210
127,1:00.88,,Minami SAKAMOTO,13 FEB 2006,JPN,1f2,,"Takebishi Stadium, Kyoto (JPN)",12 AUG 2025,996,women_400h,2025,https://worldathletics.org/athletes/japan/minami-sakamoto-14958551
128,1:00.93,,Kurara KAKUDA,08 SEP 2007,JPN,2h2,,"Prefectural Stadium, Hiroshima (JPN)",26 JUL 2025,995,women_400h,2025,https://worldathletics.org/athletes/japan/kurara-kakuda-15181806
129,1:00.95,,Yun-seo JO,13 SEP 2005,KOR,1,,"Miryang Sports Complexs, Miryang (KOR)",21 MAY 2025,994,women_400h,2025,https://worldathletics.org/athletes/korea/yun-seo-jo-14980533
130,1:00.97,,Mitsuki MAEDA,18 DEC 2004,JPN,4h7,,"Lemon Gas Stadium, Hiratsuka (JPN)",26 APR 2025,993,women_400h,2025,https://worldathletics.org/athletes/japan/mitsuki-maeda-14946057
131,1:00.98,,Mayoko ASAI,16 OCT 2009,JPN,4sf1,,"Takebishi Stadium, Kyoto (JPN)",13 JUN 2025,993,women_400h,2025,https://worldathletics.org/athletes/japan/mayoko-asai-15251181
132,1:00.99,,Riria ONO,04 JUN 2001,JPN,2,,"Prefectural Stadium, Kumagaya (JPN)",25 MAY 2025,993,women_400h,2025,https://worldathletics.org/athletes/athlete=14897052
132,1:00.99,,Tomoko KAWATA,12 MAY 2007,JPN,2,,"Kanseki Stadium, Utsunomiya (JPN)",14 JUN 2025,993,women_400h,2025,https://worldathletics.org/athletes/japan/tomoko-kawata-15005223
134,1:01.00,,Lovely RAJPUT,29 MAY 2004,IND,4,,"Stadium Hanamkonda, Warangal (IND)",18 OCT 2025,992,women_400h,2025,https://worldathletics.org/athletes/india/lovely-rajput-15045664
135,1:01.04,,Evelina RYABKOVA,31 JUL 2008,KAZ,3,,"Olympic Training Base, Almaty (KAZ)",21 JUN 2025,991,women_400h,2025,https://worldathletics.org/athletes/kazakhstan/evelina-ryabkova-15019876
136,1:01.05,,W.G.S. LAKSHANI,07 SEP 2004,SRI,1,,"Mahinda Rajapaksha Stadium, Diyagama (SRI)",19 AUG 2025,991,women_400h,2025,https://worldathletics.org/athletes/sri-lanka/wgs-lakshani-15027714
136,1:01.05,,Mia TAKEDA,26 OCT 2005,JPN,1,,"Haruno Sports Park, Kochi (JPN)",24 AUG 2025,991,women_400h,2025,https://worldathletics.org/athletes/japan/mia-takeda-15048066
138,1:01.06,,Kona SHIOYA,12 DEC 2007,JPN,3,,"Kanseki Stadium, Utsunomiya (JPN)",14 JUN 2025,991,women_400h,2025,https://worldathletics.org/athletes/japan/kona-shioya-15114847
139,1:01.07,,Mandy GOH LI,15 DEC 2000,MAS,,,"National Athletics Centre, Pathum Thani (THA)",24 JUN 2025,990,women_400h,2025,https://worldathletics.org/athletes/athlete=14859377
140,1:01.09,,Tanu CHAUDHARY,20 APR 2009,IND,1,,"Madan Mohan Malviya Sports Stadium, Prayagraj (IND)",24 JUN 2025,990,women_400h,2025,https://worldathletics.org/athletes/india/tanu-chaudhary-15117162
141,1:01.10,,Natsumi EDA,25 SEP 2007,JPN,3h9,,"Prefectural Stadium, Hiroshima (JPN)",26 JUL 2025,990,women_400h,2025,https://worldathletics.org/athletes/japan/natsumi-eda-15103023
142,1:01.12,,Saki UETA,11 OCT 2007,JPN,1,,"Prefectural Stadium, Ise (JPN)",21 JUN 2025,989,women_400h,2025,https://worldathletics.org/athletes/japan/saki-ueta-15183638
143,1:01.13,,Hanoa FUKUSHIMA,22 JAN 2007,JPN,1f2,,"Yanmar Stadium Nagai, Osaka (JPN)",04 APR 2025,989,women_400h,2025,https://worldathletics.org/athletes/japan/hanoa-fukushima-15046560
143,1:01.13,,Kazhal ROSTAMI,24 JUL 2000,IRI,1,,"Sardar Jangal Stadium, Rasht (IRI)",05 MAY 2025,989,women_400h,2025,https://worldathletics.org/athletes/athlete=14913324
145,1:01.17,,Sara Shams ALI,05 NOV 2005,QAT,1,,"Suhaim bin Hamad Stadium, Doha (QAT)",09 APR 2025,988,women_400h,2025,https://worldathletics.org/athletes/qatar/sara-shams-ali-15210619
146,1:01.19,,Jecel VIVAS,09 SEP 2007,PHI,1f1,,"New Clark City Stadium, New Clark City (PHI)",09 NOV 2025,987,women_400h,2025,https://worldathletics.org/athletes/philippines/jecel-vivas-15188381
147,1:01.21,,Svetlana KUZNETSOVA,29 JAN 1992,KAZ,3,,"Olympic Training Base, Almaty (KAZ)",12 JUL 2025,986,women_400h,2025,https://worldathletics.org/athletes/athlete=14375685
148,1:01.28,,R.M.C. UMAYA,05 MAR 2004,SRI,2,,"Mahinda Rajapaksha Stadium, Diyagama (SRI)",13 JUN 2025,984,women_400h,2025,https://worldathletics.org/athletes/sri-lanka/rmc-umaya-15157528
148,1:01.28,,Ji-hyeon NHO,08 JUN 2000,KOR,1h1,,"Iksan Sports Complex, Iksan (KOR)",08 JUL 2025,984,women_400h,2025,https://worldathletics.org/athletes/athlete=14852503
150,1:01.29,,. NANHI,16 OCT 1999,IND,2h1,,"Gowans Stadium, Hutchinson, KS (USA)",15 MAY 2025,984,women_400h,2025,https://worldathletics.org/athletes/athlete=14734726
151,1:01.34,,U.M.S HIMASHANI,07 JUL 2008,SRI,1,,"Mahinda Rajapaksha Stadium, Diyagama (SRI)",14 OCT 2025,983,women_400h,2025,https://worldathletics.org/athletes/sri-lanka/ums-himashani-15100534
152,1:01.37,,Shan WANG,19 JAN 2011,CHN,1,,"Olympic Sports Center, Huangshi (CHN)",29 JUN 2025,982,women_400h,2025,https://worldathletics.org/athletes/pr-of-china/shan-wang-15248331
153,1:01.39,,Rin OKUBAYASHI,07 AUG 2001,JPN,3f1,,"Takebishi Stadium, Kyoto (JPN)",12 AUG 2025,981,women_400h,2025,https://worldathletics.org/athletes/athlete=14861110
154,1:01.42,,Nanami YOSHIZAWA,01 MAY 2007,JPN,1h8,,"Prefectural Stadium, Hiroshima (JPN)",26 JUL 2025,980,women_400h,2025,https://worldathletics.org/athletes/japan/nanami-yoshizawa-15115088
155,1:01.43,,Mei-Hsiu LIN,12 MAY 2003,TPE,3f2,,"Banqiao Stadium, New Taipei City (TPE)",14 MAR 2025,980,women_400h,2025,https://worldathletics.org/athletes/athlete=14845690
156,1:01.45,,Bo-An YI,04 JUL 2006,TPE,4f2,,"Banqiao Stadium, New Taipei City (TPE)",14 MAR 2025,980,women_400h,2025,https://worldathletics.org/athletes/chinese-taipei/bo-an-yi-14976378
157,1:01.54,,Qi YANG,10 OCT 2000,CHN,6,,"Guoxin Sports Center, Qingdao (CHN)",19 JUN 2025,977,women_400h,2025,https://worldathletics.org/athletes/athlete=14839838
158,1:01.56,,Natsuki IWASA,07 JUL 2007,JPN,1,,"Hanasaki Athletic Field, Asahikawa (JPN)",19 JUN 2025,976,women_400h,2025,https://worldathletics.org/athletes/japan/natsuki-iwasa-15099966
158,1:01.56,,Miyu FUNATSU,17 NOV 2008,JPN,1,,"JIT Recycled Ink Stadium, Kofu (JPN)",19 OCT 2025,976,women_400h,2025,https://worldathletics.org/athletes/japan/miyu-funatsu-15181807
160,1:01.57,,Chenmengqing CHENMENGQING,04 DEC 2008,CHN,3,,"Olympic Sports Center, Huangshi (CHN)",29 JUN 2025,976,women_400h,2025,https://worldathletics.org/athletes/pr-of-china/chenmengqing-chenmengqing-15224185
160,1:01.57,,W.H.M. FERNANDO,25 SEP 1998,SRI,3,,"Mahinda Rajapaksha Stadium, Diyagama (SRI)",30 SEP 2025,976,women_400h,2025,https://worldathletics.org/athletes/athlete=14843058
162,1:01.58,,Ririka TOMITA,18 AUG 2009,JPN,2,,"JIT Recycled Ink Stadium, Kofu (JPN)",19 OCT 2025,976,women_400h,2025,https://worldathletics.org/athletes/japan/ririka-tomita-15249617
163,1:01.59,,Chiharu ARUGA,22 APR 2001,JPN,3,,"Prefectural Stadium, Kumagaya (JPN)",25 MAY 2025,976,women_400h,2025,https://worldathletics.org/athletes/athlete=14855682
163,1:01.59,,Nanami TAKAHASHI,24 JUL 2006,JPN,2,,Rifu (JPN),06 JUL 2025,976,women_400h,2025,https://worldathletics.org/athletes/japan/nanami-takahashi-15112456
165,1:01.60,,Ji-eun KIM,16 JUN 1992,KOR,1,,"Yecheon Stadium, Yecheon (KOR)",04 SEP 2025,975,women_400h,2025,https://worldathletics.org/athletes/athlete=14289713
166,1:01.67,,Yume NAGASE,08 NOV 2008,JPN,2h4,,"Prefectural Stadium, Hiroshima (JPN)",26 JUL 2025,973,women_400h,2025,https://worldathletics.org/athletes/japan/yume-nagase-15162317
167,1:01.68,,Boan MA,01 APR 2008,CHN,2h2,,"Olympic Sports Center, Huangshi (CHN)",28 JUN 2025,973,women_400h,2025,https://worldathletics.org/athletes/pr-of-china/boan-ma-15154415
168,1:01.69,,Suzuka KAWABATA,13 JUL 1993,JPN,2f1,,"Nihon University Stadium, Tokyo (JPN)",26 OCT 2025,973,women_400h,2025,https://worldathletics.org/athletes/athlete=14591170
169,1:01.74,,Yu-Hsuan YU,05 OCT 2006,TPE,1f2,,"Banqiao Stadium, New Taipei City (TPE)",14 MAR 2025,971,women_400h,2025,https://worldathletics.org/athletes/chinese-taipei/yu-hsuan-yu-15075192
169,1:01.74,,Yeon-wo LEE,04 JUL 2002,KOR,2,,"Miryang Sports Complexs, Miryang (KOR)",21 MAY 2025,971,women_400h,2025,https://worldathletics.org/athletes/athlete=14850582
171,1:01.75,,. MUSKAN,26 JAN 2006,IND,1,,"Kalinga Stadium, Bhubaneshwar (IND)",13 OCT 2025,971,women_400h,2025,https://worldathletics.org/athletes/india/muskan-15078508
172,1:01.78,,Liurong PAN,01 AUG 2005,CHN,6h2,,"Zhaoqing Sports Center, Zhaoqing (CHN)",11 APR 2025,970,women_400h,2025,https://worldathletics.org/athletes/pr-of-china/liurong-pan-15043466
173,1:01.79,,Momomi NAKANISHI,15 JUL 2004,JPN,h1,,"Yanmar Stadium Nagai, Osaka (JPN)",28 JUN 2025,970,women_400h,2025,https://worldathletics.org/athletes/japan/momomi-nakanishi-14957063
173,1:01.79,,Hiyori NISHIKAWA,31 OCT 2001,JPN,1f1,,"Ishin Me-Life Stadium, Yamaguchi (JPN)",28 SEP 2025,970,women_400h,2025,https://worldathletics.org/athletes/japan/hiyori-nishikawa-14960267
175,1:01.80,,Haruka MIKASHIMA,07 JUL 2007,JPN,4h1,,"Prefectural Stadium, Hiroshima (JPN)",26 JUL 2025,970,women_400h,2025,https://worldathletics.org/athletes/japan/haruka-mikashima-15110674
175,1:01.80,,Mao SHIMODO,10 JUL 2008,JPN,3,,"Kimiidera Park Athletic Field, Wakayama (JPN)",19 SEP 2025,970,women_400h,2025,https://worldathletics.org/athletes/japan/mao-shimodo-15175479
177,1:01.81,,Mona KUWAJIMA,19 DEC 2007,JPN,3h2,,"Prefectural Stadium, Hiroshima (JPN)",26 JUL 2025,969,women_400h,2025,https://worldathletics.org/athletes/japan/mona-kuwajima-15049941
178,1:01.88,,T. RAJI CHRISTUDAS,01 AUG 1988,IND,5,,"LNCPE, Trivandrum (IND)",17 MAY 2025,967,women_400h,2025,https://worldathletics.org/athletes/athlete=14283018
178,1:01.88,,Mahiro SAKASHITA,27 AUG 2007,JPN,1,,"Ryuhoku Stadium, Okazaki (JPN)",24 MAY 2025,967,women_400h,2025,https://worldathletics.org/athletes/japan/mahiro-sakashita-15052958
178,1:01.88,,Minori SAITOU,15 NOV 2007,JPN,3,,Rifu (JPN),06 JUL 2025,967,women_400h,2025,https://worldathletics.org/athletes/japan/minori-saitou-15112460
181,1:01.89,,Mion ODASHIMA,08 SEP 2007,JPN,5,,"Kanseki Stadium, Utsunomiya (JPN)",14 JUN 2025,967,women_400h,2025,https://worldathletics.org/athletes/japan/mion-odashima-14997117
182,1:01.90,,Yu Jhen LIOU,27 APR 2009,TPE,2,,"Taipei Municipal Stadium, Taipei City (TPE)",07 NOV 2025,967,women_400h,2025,https://worldathletics.org/athletes/chinese-taipei/yu-jhen-liou-15097933
183,1:01.92,,Mai FUKADA,29 JUL 2007,JPN,6,,"Kanseki Stadium, Utsunomiya (JPN)",14 JUN 2025,966,women_400h,2025,https://worldathletics.org/athletes/japan/mai-fukada-15181645
183,1:01.92,,Apurva NAIK,01 AUG 2006,IND,2,,"Madan Mohan Malviya Sports Stadium, Prayagraj (IND)",24 JUN 2025,966,women_400h,2025,https://worldathletics.org/athletes/india/apurva-naik-15116982
183,1:01.92,,Xinli HU,08 AUG 2008,CHN,5,,"Olympic Sports Center, Huangshi (CHN)",29 JUN 2025,966,women_400h,2025,https://worldathletics.org/athletes/pr-of-china/xinli-hu-15137361
186,1:01.95,,Misato KATO,01 APR 2007,JPN,5h6,,"Prefectural Stadium, Okayama (JPN)",06 JUN 2025,965,women_400h,2025,https://worldathletics.org/athletes/japan/misato-kato-15058474
186,1:01.95,,Yun Jie WENG,05 MAR 2005,TPE,4,,Yunlin (TPE),22 OCT 2025,965,women_400h,2025,https://worldathletics.org/athletes/chinese-taipei/yun-jie-weng-15113424
188,1:01.99,,Ayana NABETA,15 JUL 2007,JPN,4,,"Prefectural Stadium, Ise (JPN)",21 JUN 2025,964,women_400h,2025,https://worldathletics.org/athletes/japan/ayana-nabeta-15176794
189,1:02.03,,Mia KINOSHITA,24 SEP 2008,JPN,1,,"Ehime Athletics Stadium, Matsuyama (JPN)",15 JUN 2025,963,women_400h,2025,https://worldathletics.org/athletes/japan/mia-kinoshita-15167034
189,1:02.03,,Niginabonu RAJABOVA,25 SEP 2009,UZB,3,,"AFU Athletics Stadium, Tashkent (UZB)",17 AUG 2025,963,women_400h,2025,https://worldathletics.org/athletes/uzbekistan/niginabonu-rajabova-15156298
189,1:02.03,,Minami OSAKI,22 SEP 2003,JPN,5,,"Showa Denko Stadium, Oita (JPN)",23 AUG 2025,963,women_400h,2025,https://worldathletics.org/athletes/japan/minami-osaki-14950948
192,1:02.06,,Anuskha KUMBHAR,04 MAY 2005,IND,2h1,,"Maharana Pratap Sports College Dehradun, Dehradun (IND)",11 FEB 2025,962,women_400h,2025,https://worldathletics.org/athletes/athlete=15030787
192,1:02.06,,Huei Shan JHU,20 OCT 2006,TPE,2f2,,"Banqiao Stadium, New Taipei City (TPE)",14 MAR 2025,962,women_400h,2025,https://worldathletics.org/athletes/chinese-taipei/huei-shan-jhu-15117529
192,1:02.06,,Ayaka TACHI,29 SEP 2008,JPN,5,,"Prefectural Stadium, Ise (JPN)",21 JUN 2025,962,women_400h,2025,https://worldathletics.org/athletes/japan/ayaka-tachi-15183633
195,1:02.08,,Sakura SHIRAHAMA,02 NOV 2005,JPN,6h6,,"Prefectural Stadium, Okayama (JPN)",06 JUN 2025,962,women_400h,2025,https://worldathletics.org/athletes/athlete=14919447
195,1:02.08,,Meika ONO,06 MAY 2008,JPN,2h8,,"Prefectural Stadium, Hiroshima (JPN)",26 JUL 2025,962,women_400h,2025,https://worldathletics.org/athletes/japan/meika-ono-15050565
197,1:02.09,,Tomoko UEHARA,18 APR 2007,JPN,4,,"Yanmar Stadium Nagai, Osaka (JPN)",29 JUN 2025,961,women_400h,2025,https://worldathletics.org/athletes/japan/tomoko-uehara-15180078
198,1:02.11,,S. ATCHAYA,13 JAN 2003,IND,4,,"Sree Kanteerava Outdoor Stadium, Bengaluru (IND)",28 JUN 2025,961,women_400h,2025,https://worldathletics.org/athletes/athlete=14884138
199,1:02.12,,Yu KITAGAWA,05 OCT 2007,JPN,3h8,,"Prefectural Stadium, Hiroshima (JPN)",26 JUL 2025,961,women_400h,2025,https://worldathletics.org/athletes/japan/yu-kitagawa-15113192
200,1:02.13,,Ninna ZASTROW,13 AUG 2008,JPN,4h8,,"Prefectural Stadium, Hiroshima (JPN)",26 JUL 2025,960,women_400h,2025,https://worldathletics.org/athletes/japan/ninna-zastrow-15251985
200,1:02.13,,Rion FUKUYAMA,31 MAY 2001,JPN,2f1,,"Ishin Me-Life Stadium, Yamaguchi (JPN)",28 SEP 2025,960,women_400h,2025,https://worldathletics.org/athletes/athlete=14855706
200,1:02.13,,Yuika NISHIDE,08 FEB 2010,JPN,1,,"Seibu Ryokuchi Park Athletics Stadium, Kanazawa (JPN)",18 OCT 2025,960,women_400h,2025,https://worldathletics.org/athletes/japan/yuika-nishide-15050404
203,1:02.14,,Chihiro MIURA,07 FEB 2008,JPN,2h2,,"Kanseki Stadium, Utsunomiya (JPN)",14 JUN 2025,960,women_400h,2025,https://worldathletics.org/athletes/japan/chihiro-miura-15168049
203,1:02.14,,Yu-Ching CHEN,20 NOV 2007,TPE,1,,"Pingtung Track Stadium, Pingtung (TPE)",22 NOV 2025,960,women_400h,2025,https://worldathletics.org/athletes/chinese-taipei/yu-ching-chen-15110251
205,1:02.15,,Proud KITNITCHIVA,,THA,1f3,,"Cougar Athletic Stadium, Azusa, CA (USA)",10 MAY 2025,960,women_400h,2025,https://worldathletics.org/athletes/thailand/proud-kitnitchiva-15142536
205,1:02.15,,Yurari TAKANO,06 SEP 2004,JPN,1,,"Chukyo University Athletics Field, Toyota (JPN)",12 OCT 2025,960,women_400h,2025,https://worldathletics.org/athletes/japan/yurari-takano-15029283
207,1:02.16,,Asahi IRIE,21 SEP 2005,JPN,6h3,,"Gion Stadium, Sagamihara (JPN)",10 MAY 2025,959,women_400h,2025,https://worldathletics.org/athletes/japan/asahi-irie-15005087
208,1:02.18,,Kanaho HARA,13 APR 2002,JPN,7f2,,"Prefectural Shizuoka Stadium, Fukuroi (JPN)",03 MAY 2025,959,women_400h,2025,https://worldathletics.org/athletes/athlete=14904942
208,1:02.18,,Nagisa YAMAZAKI,08 JUL 2004,JPN,4h1,,"Gion Stadium, Sagamihara (JPN)",10 MAY 2025,959,women_400h,2025,https://worldathletics.org/athletes/japan/nagisa-yamazaki-14966496
208,1:02.18,,Sachi KAJIO,09 SEP 2006,JPN,4h1,,"Prefectural Stadium, Okayama (JPN)",06 JUN 2025,959,women_400h,2025,https://worldathletics.org/athletes/japan/sachi-kajio-15050889
211,1:02.21,,Yui YAMANAKA,20 DEC 2005,JPN,5f1,,"Takebishi Stadium, Kyoto (JPN)",12 AUG 2025,958,women_400h,2025,https://worldathletics.org/athletes/japan/yui-yamanaka-15001140
211,1:02.21,,Mizuki NOMURA,12 AUG 2005,JPN,3,,"Gion Stadium, Sagamihara (JPN)",28 SEP 2025,958,women_400h,2025,https://worldathletics.org/athletes/japan/mizuki-nomura-14998232
213,1:02.22,,Yu-Wen CHAO,01 DEC 2009,TPE,1f2,,"Banqiao Stadium, New Taipei City (TPE)",14 MAR 2025,958,women_400h,2025,https://worldathletics.org/athletes/chinese-taipei/yu-wen-chao-15135424
214,1:02.28,,Rimiya MATSUMOTO,12 MAY 2007,JPN,1,,"Sunrise Park, Saga (JPN)",14 JUN 2025,956,women_400h,2025,https://worldathletics.org/athletes/japan/rimiya-matsumoto-15185738
215,1:02.30,,Rin SATO,11 MAY 2005,JPN,5h2,,"Prefectural Stadium, Okayama (JPN)",06 JUN 2025,955,women_400h,2025,https://worldathletics.org/athletes/japan/rin-sato-14998466
215,1:02.30,,Mimi TAMURA,29 JUN 2008,JPN,2,,"Hanasaki Athletic Field, Asahikawa (JPN)",19 JUN 2025,955,women_400h,2025,https://worldathletics.org/athletes/japan/mimi-tamura-15174830
215,1:02.30,,Rashini KARUNARATHNE,19 JUN 2006,SRI,3,,"Mahinda Rajapaksha Stadium, Diyagama (SRI)",03 AUG 2025,955,women_400h,2025,https://worldathletics.org/athletes/sri-lanka/rashini-karunarathne-15100584
218,1:02.35,,Honoka NAKAI,08 MAY 2009,JPN,2,,"Kimiidera Park Athletic Field, Wakayama (JPN)",19 SEP 2025,954,women_400h,2025,https://worldathletics.org/athletes/japan/honoka-nakai-15216283
219,1:02.38,,Gihani Daneka PANDUKA,16 JUL 2002,SRI,2,,"Mahinda Rajapaksha Stadium, Diyagama (SRI)",19 AUG 2025,953,women_400h,2025,https://worldathletics.org/athletes/athlete=14917215
219,1:02.38,,Nana HORIUCHI,30 MAR 2010,JPN,1,,"Kusanagi Athletic Stadium, Shizuoka (JPN)",26 OCT 2025,953,women_400h,2025,https://worldathletics.org/athletes/japan/nana-horiuchi-15176801
221,1:02.39,,Riko MAEDA,15 APR 2005,JPN,3h1,,"Athletic Stadium, Hikone (JPN)",13 JUL 2025,953,women_400h,2025,https://worldathletics.org/athletes/japan/riko-maeda-14998630
222,1:02.40,,Hatsumi EDA,13 DEC 2007,JPN,2,,"Ijimino Park Athletics Stadium, Shibata (JPN)",03 MAY 2025,953,women_400h,2025,https://worldathletics.org/athletes/japan/hatsumi-eda-15052941
223,1:02.41,,Mizuka KAWAMOTO,04 OCT 2003,JPN,5h5,,"Prefectural Stadium, Okayama (JPN)",06 JUN 2025,952,women_400h,2025,https://worldathletics.org/athletes/japan/mizuka-kawamoto-14949702
224,1:02.42,,Delna PHILIP,17 MAY 2001,IND,3h1,,"Maharana Pratap Sports College Dehradun, Dehradun (IND)",11 FEB 2025,952,women_400h,2025,https://worldathletics.org/athletes/athlete=14859340
224,1:02.42,,Minori IUCHI,31 OCT 2007,JPN,3,,"Hanasaki Athletic Field, Asahikawa (JPN)",19 JUN 2025,952,women_400h,2025,https://worldathletics.org/athletes/japan/minori-iuchi-15185274
224,1:02.42,,Yuna YANAGIHARA,13 AUG 2007,JPN,6,,"Prefectural Stadium, Ise (JPN)",21 JUN 2025,952,women_400h,2025,https://worldathletics.org/athletes/japan/yuna-yanagihara-15101172
224,1:02.42,,Shravani Sachin SANGLE,16 NOV 2005,IND,3,,Pune (IND),12 JUL 2025,952,women_400h,2025,https://worldathletics.org/athletes/india/shravani-sachin-sangle-14993445
228,1:02.43,,Kokomi MAEDE,19 JAN 2005,JPN,1,,"Nagaragawa Stadium, Gifu (JPN)",28 JUN 2025,952,women_400h,2025,https://worldathletics.org/athletes/japan/kokomi-maede-14950725
229,1:02.45,,Mei SUGINAKA,25 MAY 2007,JPN,3h2,,"Kanseki Stadium, Utsunomiya (JPN)",14 JUN 2025,951,women_400h,2025,https://worldathletics.org/athletes/japan/mei-suginaka-15181644
229,1:02.45,,Tae-eun KIM,02 FEB 1998,KOR,3,,"Jeongseon Sports Complex, Jeongseon (KOR)",23 JUN 2025,951,women_400h,2025,https://worldathletics.org/athletes/athlete=14860260
229,1:02.45,,Kazuho SAEKI,14 FEB 2006,JPN,3,,"Municipal Stadium, Nagano (JPN)",12 JUL 2025,951,women_400h,2025,https://worldathletics.org/athletes/japan/kazuho-saeki-14995757
232,1:02.47,,Rei NAKAMACHI,10 FEB 2007,JPN,5,,"Yanmar Stadium Nagai, Osaka (JPN)",29 JUN 2025,951,women_400h,2025,https://worldathletics.org/athletes/japan/rei-nakamachi-15055389
232,1:02.47,,Kazuki TSUKUDA,20 APR 2006,JPN,2,,"Hakatanomori Athletic Stadium, Fukuoka (JPN)",27 SEP 2025,951,women_400h,2025,https://worldathletics.org/athletes/japan/kazuki-tsukuda-15000457
234,1:02.48,,Chae-won HWANG,26 FEB 2006,KOR,1,,"Jeongseon Sports Complex, Jeongseon (KOR)",22 JUN 2025,950,women_400h,2025,https://worldathletics.org/athletes/korea/chae-won-hwang-15099869
234,1:02.48,,P.H. AMAYA,25 MAR 2009,SRI,2,,"Mahinda Rajapaksha Stadium, Diyagama (SRI)",14 OCT 2025,950,women_400h,2025,https://worldathletics.org/athletes/sri-lanka/ph-amaya-15212955
236,1:02.53,,Bingxin XIE,22 NOV 2010,CHN,2,,"Olympic Sports Center, Huangshi (CHN)",29 JUN 2025,949,women_400h,2025,https://worldathletics.org/athletes/pr-of-china/bingxin-xie-15248332
237,1:02.54,,Riri NISHIMURA,23 APR 2007,JPN,1,,"Kusanagi Athletic Stadium, Shizuoka (JPN)",12 JUL 2025,949,women_400h,2025,https://worldathletics.org/athletes/japan/riri-nishimura-15110587
238,1:02.55,,O.G.S.T. DISSANAYAKE,04 AUG 2003,SRI,3,,"Mahinda Rajapaksha Stadium, Diyagama (SRI)",19 AUG 2025,948,women_400h,2025,https://worldathletics.org/athletes/sri-lanka/ogst-dissanayake-15017838
239,1:02.57,,Mizuka NAKAYAMA,16 JAN 2006,JPN,1f3,,"Takebishi Stadium, Kyoto (JPN)",12 AUG 2025,948,women_400h,2025,https://worldathletics.org/athletes/japan/mizuka-nakayama-15005196
239,1:02.57,,G.A.S. DULANI,14 FEB 1993,SRI,4,,"Mahinda Rajapaksha Stadium, Diyagama (SRI)",19 AUG 2025,948,women_400h,2025,https://worldathletics.org/athletes/athlete=14759773
241,1:02.59,,Harshita GOSWAMI,08 JUN 2006,IND,3,,"Madan Mohan Malviya Sports Stadium, Prayagraj (IND)",24 JUN 2025,947,women_400h,2025,https://worldathletics.org/athletes/india/harshita-goswami-15078412
242,1:02.63,,Nazanin FATEMEH,11 AUG 2005,IRI,1,,"Aftab Enghelab Sport Complex, Tehran (IRI)",06 SEP 2025,946,women_400h,2025,https://worldathletics.org/athletes/islamic-republic-of-iran/nazanin-fatemeh-15034311
242,1:02.63,,Karin MIYAZAKI,07 NOV 2008,JPN,1f1,,"Prefectural Stadium, Okinawa (JPN)",11 OCT 2025,946,women_400h,2025,https://worldathletics.org/athletes/japan/karin-miyazaki-15148393
244,1:02.64,,Riko KAWABE,30 AUG 2004,JPN,2h4,,"Yanmar Stadium Nagai, Osaka (JPN)",28 JUN 2025,946,women_400h,2025,https://worldathletics.org/athletes/japan/riko-kawabe-14963137
245,1:02.69,,Yuina KOUNO,02 AUG 2006,JPN,5h5,,"Lemon Gas Stadium, Hiratsuka (JPN)",26 APR 2025,944,women_400h,2025,https://worldathletics.org/athletes/japan/yuina-kouno-15102234
246,1:02.70,,Sakura FUJIWARA,22 APR 2007,JPN,2,,"Sunrise Park, Saga (JPN)",14 JUN 2025,944,women_400h,2025,https://worldathletics.org/athletes/japan/sakura-fujiwara-14959433
247,1:02.72,,Aki YAJIMA,06 FEB 2007,JPN,3,,"Mikio Oda Memorial Athletic Field, Tokorozawa (JPN)",23 MAR 2025,944,women_400h,2025,https://worldathletics.org/athletes/japan/aki-yajima-15168260
247,1:02.72,,Mirei NAKAO,28 AUG 2008,JPN,1,,"Pikara Stadium, Marugame (JPN)",12 OCT 2025,944,women_400h,2025,https://worldathletics.org/athletes/japan/mirei-nakao-15179938
249,1:02.73,,Kano NAITO,07 JUN 2004,JPN,4,,"Mikio Oda Memorial Athletic Field, Tokorozawa (JPN)",23 MAR 2025,943,women_400h,2025,https://worldathletics.org/athletes/japan/kano-naito-14957207
249,1:02.73,,Kohane MAEKAWA,03 OCT 2006,JPN,1,,"Pikara Stadium, Marugame (JPN)",05 MAY 2025,943,women_400h,2025,https://worldathletics.org/athletes/japan/kohane-maekawa-15049341
251,1:02.76,,Hino NAKAMATA,06 MAY 2008,JPN,3,,"Denka Big Swan Stadium, Niigata (JPN)",31 MAY 2025,942,women_400h,2025,https://worldathletics.org/athletes/japan/hino-nakamata-15057588
252,1:02.77,,Kyoka TANOUE,26 JUN 2006,JPN,6h2,,"Prefectural Stadium, Okayama (JPN)",06 JUN 2025,942,women_400h,2025,https://worldathletics.org/athletes/japan/kyoka-tanoue-15114744
253,1:02.78,,P. KUMARI,23 FEB 2001,IND,4,,"Maharaja's College Grounds, Kochi (IND)",23 APR 2025,942,women_400h,2025,https://worldathletics.org/athletes/india/p-kumari-15224709
253,1:02.78,,Harune NAKANISHI,15 MAY 2007,JPN,4h2,,"Kanseki Stadium, Utsunomiya (JPN)",14 JUN 2025,942,women_400h,2025,https://worldathletics.org/athletes/japan/harune-nakanishi-15184450
255,1:02.79,,Harusa MARUO,06 DEC 2003,JPN,3h2,,"Gion Stadium, Sagamihara (JPN)",10 MAY 2025,942,women_400h,2025,https://worldathletics.org/athletes/athlete=14904507
255,1:02.79,,G. PRITHIKA,09 JAN 2007,IND,3,,"Kalinga Stadium, Bhubaneshwar (IND)",13 OCT 2025,942,women_400h,2025,https://worldathletics.org/athletes/india/g-prithika-15262281
255,1:02.79,,Miano NIINOU,26 NOV 2008,JPN,3,,"JIT Recycled Ink Stadium, Kofu (JPN)",19 OCT 2025,942,women_400h,2025,https://worldathletics.org/athletes/japan/miano-niinou-15263695
258,1:02.81,,Poonam GEHLOT,23 AUG 2006,IND,4,,"Madan Mohan Malviya Sports Stadium, Prayagraj (IND)",24 JUN 2025,941,women_400h,2025,https://worldathletics.org/athletes/india/poonam-gehlot-15078509
259,1:02.84,,Ayumi NISHIMORI,14 JUN 2005,JPN,4,,"Gion Stadium, Sagamihara (JPN)",28 SEP 2025,940,women_400h,2025,https://worldathletics.org/athletes/japan/ayumi-nishimori-15179385
260,1:02.85,,Yuanfang XU,22 JUN 2008,CHN,6,,"Olympic Sports Center, Huangshi (CHN)",29 JUN 2025,940,women_400h,2025,https://worldathletics.org/athletes/pr-of-china/yuanfang-xu-15248062
261,1:02.86,,Yuzuki ENDO,11 DEC 2003,JPN,5h1,,"Prefectural Stadium, Okayama (JPN)",06 JUN 2025,940,women_400h,2025,https://worldathletics.org/athletes/japan/yuzuki-endo-14956824
261,1:02.86,,Nagyeom AN,23 JAN 2006,KOR,3,,"Seocheon Sports Complex, Seocheon (KOR)",02 JUL 2025,940,women_400h,2025,https://worldathletics.org/athletes/korea/nagyeom-an-15093425
263,1:02.87,,Sae HOMMA,29 JUL 2007,JPN,4,,"Hanasaki Athletic Field, Asahikawa (JPN)",19 JUN 2025,939,women_400h,2025,https://worldathletics.org/athletes/japan/sae-homma-15175642
264,1:02.88,,Kokona YAMAWAKI,25 APR 2007,JPN,3h1,,"Yanmar Stadium Nagai, Osaka (JPN)",28 JUN 2025,939,women_400h,2025,https://worldathletics.org/athletes/japan/kokona-yamawaki-15144049
265,1:02.90,,Sara OKUTANI,10 AUG 2008,JPN,4,,"Kimiidera Park Athletic Field, Wakayama (JPN)",19 SEP 2025,939,women_400h,2025,https://worldathletics.org/athletes/japan/sara-okutani-15255966
266,1:02.93,,Miyu TAKAGAKI,25 JUN 2003,JPN,3h2,,"Yanmar Stadium Nagai, Osaka (JPN)",06 MAY 2025,938,women_400h,2025,https://worldathletics.org/athletes/japan/miyu-takagaki-14954562
267,1:02.94,,Iman BADR,,QAT,1h1,,"Suhaim bin Hamad Stadium, Doha (QAT)",09 APR 2025,937,women_400h,2025,https://worldathletics.org/athletes/qatar/iman-badr-15226656
268,1:02.96,,Kokona ANDO,28 JUL 2006,JPN,2,,"Nagaragawa Stadium, Gifu (JPN)",28 JUN 2025,937,women_400h,2025,https://worldathletics.org/athletes/japan/kokona-ando-15101163
268,1:02.96,,Anastassiya KOLODA,15 AUG 2006,KAZ,2f2,,"Olympic Training Base, Almaty (KAZ)",05 JUL 2025,937,women_400h,2025,https://worldathletics.org/athletes/kazakhstan/anastassiya-koloda-15001542
270,1:02.99,,Moyu TODA,16 APR 2007,JPN,5sf1,,"Takebishi Stadium, Kyoto (JPN)",13 JUN 2025,936,women_400h,2025,https://worldathletics.org/athletes/japan/moyu-toda-15151658
271,1:03.00,,Min-kyung LEE,18 JAN 2007,KOR,1,,"Busan Asiad Stadium, Busan (KOR)",20 OCT 2025,936,women_400h,2025,https://worldathletics.org/athletes/korea/min-kyung-lee-14986904
272,1:03.01,,Hina TOYOSHIMA,12 OCT 2006,JPN,4h3,,"Prefectural Stadium, Okayama (JPN)",06 JUN 2025,935,women_400h,2025,https://worldathletics.org/athletes/japan/hina-toyoshima-15057278
272,1:03.01,,Arujan ALTYBAI,06 NOV 2006,KAZ,4,,"Olympic Training Base, Almaty (KAZ)",21 JUN 2025,935,women_400h,2025,https://worldathletics.org/athletes/kazakhstan/arujan-altybai-15049554
274,1:03.03,,Natsu TORITSU,22 AUG 2007,JPN,5,,"Edion Stadium, Hiroshima (JPN)",21 JUN 2025,935,women_400h,2025,https://worldathletics.org/athletes/japan/natsu-toritsu-15113109
274,1:03.03,,Miku YAZAWA,13 JUL 2004,JPN,1,,"Athletics Stadium, Nagaoka (JPN)",20 JUL 2025,935,women_400h,2025,https://worldathletics.org/athletes/japan/miku-yazawa-15004247
274,1:03.03,,Hanano YOSHIOKA,02 JUN 2008,JPN,2,,"Pikara Stadium, Marugame (JPN)",12 OCT 2025,935,women_400h,2025,https://worldathletics.org/athletes/japan/hanano-yoshioka-15179939
274,1:03.03,,Su-bin JO,18 MAR 2008,KOR,2,,"Busan Asiad Stadium, Busan (KOR)",20 OCT 2025,935,women_400h,2025,https://worldathletics.org/athletes/korea/su-bin-jo-15111488
278,1:03.04,,Kanon HUJII,30 APR 2007,JPN,5,,"Hanasaki Athletic Field, Asahikawa (JPN)",19 JUN 2025,935,women_400h,2025,https://worldathletics.org/athletes/japan/kanon-hujii-15184200
279,1:03.05,,Yuxin LEI,09 JUN 2006,CHN,4h1,,"Sports Center, Jiaxing (CHN)",28 APR 2025,934,women_400h,2025,https://worldathletics.org/athletes/pr-of-china/yuxin-lei-15154413
280,1:03.08,,Sora HATANAKA,09 DEC 2008,JPN,2h3,,"Kanseki Stadium, Utsunomiya (JPN)",14 JUN 2025,934,women_400h,2025,https://worldathletics.org/athletes/japan/sora-hatanaka-15181940
281,1:03.09,,Saki NAKAMURA,13 JAN 2004,JPN,2,,"Ehime Athletics Stadium, Matsuyama (JPN)",12 JUL 2025,933,women_400h,2025,https://worldathletics.org/athletes/japan/saki-nakamura-14945916
281,1:03.09,,Yu-Chin MO,27 SEP 2010,TPE,1,,"Taichung City Fengyuan Stadium, Taichung (TPE)",28 AUG 2025,933,women_400h,2025,https://worldathletics.org/athletes/chinese-taipei/yu-chin-mo-15187739
283,1:03.12,,Yurika TOYODA,11 DEC 2005,JPN,2h2,,"Takebishi Stadium, Kyoto (JPN)",13 SEP 2025,932,women_400h,2025,https://worldathletics.org/athletes/japan/yurika-toyoda-15175415
284,1:03.14,,Sachiko BABA,20 SEP 2007,JPN,3h3,,"Kanseki Stadium, Utsunomiya (JPN)",14 JUN 2025,932,women_400h,2025,https://worldathletics.org/athletes/japan/sachiko-baba-15181643
284,1:03.14,,Mari TERANISHI,10 FEB 2000,JPN,3f1,,"Ishin Me-Life Stadium, Yamaguchi (JPN)",28 SEP 2025,932,women_400h,2025,https://worldathletics.org/athletes/athlete=14911804
286,1:03.15,,Zhuo CHEN,20 JUL 2001,CHN,5h1,,Chongqing (CHN),14 MAY 2025,932,women_400h,2025,https://worldathletics.org/athletes/athlete=14857865
286,1:03.15,,Airi MORI,18 JUL 2003,JPN,4,,"Hakatanomori Athletic Stadium, Fukuoka (JPN)",17 MAY 2025,932,women_400h,2025,https://worldathletics.org/athletes/japan/airi-mori-14967060
288,1:03.16,,Ayana TAKAMOTO,08 OCT 2007,JPN,6,,"Hanasaki Athletic Field, Asahikawa (JPN)",19 JUN 2025,931,women_400h,2025,https://worldathletics.org/athletes/japan/ayana-takamoto-15184199
288,1:03.16,,Kyu-ri SHIN,09 NOV 2007,KOR,3,,"Busan Asiad Stadium, Busan (KOR)",20 OCT 2025,931,women_400h,2025,https://worldathletics.org/athletes/korea/kyu-ri-shin-15029914
290,1:03.17,,Yuyan LI,20 JAN 2006,CHN,1h2,,Cixi City (CHN),12 APR 2025,931,women_400h,2025,https://worldathletics.org/athletes/pr-of-china/yuyan-li-15224192
290,1:03.17,,Airi NISHIMURA,24 SEP 2007,JPN,4,,"Sunrise Park, Saga (JPN)",14 JUN 2025,931,women_400h,2025,https://worldathletics.org/athletes/japan/airi-nishimura-15109039
290,1:03.17,,Maria NOHRA,26 APR 2001,LBN,1,,"Camille Chamoun Sports City Stadium, Beirut (LBN)",10 JUL 2025,931,women_400h,2025,https://worldathletics.org/athletes/lebanon/maria-nohra-15060391
290,1:03.17,,Geeta DEVASI,12 MAR 2003,IND,5,,"Stadium Hanamkonda, Warangal (IND)",18 OCT 2025,931,women_400h,2025,https://worldathletics.org/athletes/athlete=14873499
294,1:03.18,,Seina SHIRAI,04 NOV 2007,JPN,4,,"Denka Big Swan Stadium, Niigata (JPN)",31 MAY 2025,931,women_400h,2025,https://worldathletics.org/athletes/japan/seina-shirai-15173358
295,1:03.19,,Shaoen ZHANG,29 DEC 2008,CHN,7,,"Olympic Sports Center, Huangshi (CHN)",29 JUN 2025,930,women_400h,2025,https://worldathletics.org/athletes/pr-of-china/shaoen-zhang-15248063
296,1:03.20,,Mone YANAGIYA,16 JUN 2007,JPN,3h1,,"Kanseki Stadium, Utsunomiya (JPN)",14 JUN 2025,930,women_400h,2025,https://worldathletics.org/athletes/japan/mone-yanagiya-15168052
297,1:03.21,,Kokoa ARAMAKI,24 MAY 2007,JPN,6,,"Sunrise Park, Saga (JPN)",14 JUN 2025,930,women_400h,2025,https://worldathletics.org/athletes/japan/kokoa-aramaki-15153486
298,1:03.22,,Mao HIRAHARA,12 APR 2007,JPN,1,,"Azuma Stadium, Fukushima (JPN)",12 JUL 2025,930,women_400h,2025,https://worldathletics.org/athletes/japan/mao-hirahara-15107395
299,1:03.23,,J. DHIVYA,31 JAN 1998,IND,4,,Pune (IND),12 JUL 2025,929,women_400h,2025,https://worldathletics.org/athletes/athlete=14818587
300,1:03.24,,Guria MAHATO,10 MAR 2006,IND,3h2,,"Madan Mohan Malviya Sports Stadium, Prayagraj (IND)",23 JUN 2025,929,women_400h,2025,https://worldathletics.org/athletes/india/guria-mahato-15244687
