discipline,Competitor,DOB,Mark,WIND,Nat,Venue,Meeting,Date,year,Pos,tier,group,competitionId,source
men_3000sc,Yutaro NIINAE,06 FEB 2001,8:33.77,,JPN,"SA Athletic Stadium, Adelaide (AUS)",Adelaide Invitational,14 MAR 2026,2026,1.0,C,Continental Tour,7232366,worldwide
men_3000sc,Ben BUCKINGHAM,08 NOV 1991,8:36.67,,AUS,"SA Athletic Stadium, Adelaide (AUS)",Adelaide Invitational,14 MAR 2026,2026,2.0,C,Continental Tour,7232366,worldwide
men_3000sc,Daichi SHIBATA,02 NOV 2004,9:40.00,,JPN,"SA Athletic Stadium, Adelaide (AUS)",Adelaide Invitational,14 MAR 2026,2026,12.0,C,Continental Tour,7232366,worldwide
men_3000sc,Milkesa FIKADU,22 JUN 2005,8:34.04,,ETH,"Ethiopian Sport Academy, Addis Ababa (ETH)",Ethiopian Championships,25 MAR 2026,2026,1.0,B,National Championships,7234052,worldwide
men_3000sc,Samuel FIREWU,03 MAY 2004,8:39.28,,ETH,"Ethiopian Sport Academy, Addis Ababa (ETH)",Ethiopian Championships,25 MAR 2026,2026,3.0,B,National Championships,7234052,worldwide
men_3000sc,Abrham SIME,07 NOV 2001,8:52.26,,ETH,"Ethiopian Sport Academy, Addis Ababa (ETH)",Ethiopian Championships,25 MAR 2026,2026,7.0,B,National Championships,7234052,worldwide
men_3000sc,Geoffrey Kipkemoi KIRWA,03 JUL 2001,8:08.10,,KEN,"Cougar Athletic Stadium, Azusa, CA (USA)",Bryan Clay Invitational,16 APR 2026,2026,1.0,D,Continental Tour,7237976,worldwide
men_3000sc,Silas KIPTANUI,,8:25.16,,KEN,"Cougar Athletic Stadium, Azusa, CA (USA)",Bryan Clay Invitational,16 APR 2026,2026,3.0,D,Continental Tour,7237976,worldwide
men_3000sc,Jackson SHORTEN,15 JUL 2004,8:26.75,,USA,"Cougar Athletic Stadium, Azusa, CA (USA)",Bryan Clay Invitational,16 APR 2026,2026,4.0,D,Continental Tour,7237976,worldwide
men_3000sc,Soheil BOUFRIZI,03 OCT 2001,8:28.05,,FRA,"Cougar Athletic Stadium, Azusa, CA (USA)",Bryan Clay Invitational,16 APR 2026,2026,5.0,D,Continental Tour,7237976,worldwide
men_3000sc,Rob MCMANUS,15 JUL 2002,8:31.85,,USA,"Cougar Athletic Stadium, Azusa, CA (USA)",Bryan Clay Invitational,16 APR 2026,2026,10.0,D,Continental Tour,7237976,worldwide
men_3000sc,Edward TRIPPAS,22 SEP 1998,8:35.29,,AUS,"Olympic Park, Sydney (AUS)",Australian Championships,12 APR 2026,2026,1.0,B,National Championships,7232772,worldwide
men_3000sc,Ben BUCKINGHAM,08 NOV 1991,8:45.86,,AUS,"Olympic Park, Sydney (AUS)",Australian Championships,12 APR 2026,2026,2.0,B,National Championships,7232772,worldwide
men_3000sc,Hailemariyam AMARE,22 FEB 1997,DNF,,ETH,"Addis Ababa Stadium, Addis Ababa (ETH)",Addis Ababa Grand Prix,18 APR 2026,2026,,C,Continental Tour,7239468,worldwide
men_3000sc,Simon KOECH,06 OCT 2003,8:15.71,,KEN,"Nyayo National Stadium, Nairobi (KEN)",Kip Keino Classic,24 APR 2026,2026,2.0,A,Continental Tour,7233226,worldwide
men_3000sc,Leonard Kipkemoi BETT,03 NOV 2000,8:25.06,,KEN,"Nyayo National Stadium, Nairobi (KEN)",Kip Keino Classic,24 APR 2026,2026,3.0,A,Continental Tour,7233226,worldwide
men_3000sc,Edmund SEREM,27 DEC 2007,8:25.85,,KEN,"Nyayo National Stadium, Nairobi (KEN)",Kip Keino Classic,24 APR 2026,2026,4.0,A,Continental Tour,7233226,worldwide
men_3000sc,Milkesa FIKADU,22 JUN 2005,8:26.07,,ETH,"Nyayo National Stadium, Nairobi (KEN)",Kip Keino Classic,24 APR 2026,2026,5.0,A,Continental Tour,7233226,worldwide
men_3000sc,Abraham KIBIWOT,06 APR 1996,8:30.86,,KEN,"Nyayo National Stadium, Nairobi (KEN)",Kip Keino Classic,24 APR 2026,2026,6.0,A,Continental Tour,7233226,worldwide
men_3000sc,Wesley LANGAT,07 JUL 1994,8:48.11,,KEN,"Nyayo National Stadium, Nairobi (KEN)",Kip Keino Classic,24 APR 2026,2026,10.0,A,Continental Tour,7233226,worldwide
men_3000sc,Amos SEREM,28 AUG 2002,8:54.45,,KEN,"Nyayo National Stadium, Nairobi (KEN)",Kip Keino Classic,24 APR 2026,2026,11.0,A,Continental Tour,7233226,worldwide
men_3000sc,Wilberforce Chemiat KONES,19 SEP 1993,DNF,,KEN,"Nyayo National Stadium, Nairobi (KEN)",Kip Keino Classic,24 APR 2026,2026,,A,Continental Tour,7233226,worldwide
men_3000sc,Ryoma AOKI,16 JUN 1997,8:22.69,,JPN,"Municipal Stadium, Hiroshima (JPN)",60th Oda Mikio Memorial,29 APR 2026,2026,1.,C,Continental Tour,7238866,worldwide
men_3000sc,Yutaro NIINAE,06 FEB 2001,8:23.60,,JPN,"Municipal Stadium, Hiroshima (JPN)",60th Oda Mikio Memorial,29 APR 2026,2026,2.,C,Continental Tour,7238866,worldwide
men_3000sc,Seiya SUNADA,30 OCT 2001,8:32.10,,JPN,"Municipal Stadium, Hiroshima (JPN)",60th Oda Mikio Memorial,29 APR 2026,2026,3.,C,Continental Tour,7238866,worldwide
men_3000sc,Atsushi SHOBU,16 DEC 2001,8:52.04,,JPN,"Municipal Stadium, Hiroshima (JPN)",60th Oda Mikio Memorial,29 APR 2026,2026,13.,C,Continental Tour,7238866,worldwide
men_3000sc,Yasunari KUSU,21 AUG 1993,DNF,,JPN,"Municipal Stadium, Hiroshima (JPN)",60th Oda Mikio Memorial,29 APR 2026,2026,,C,Continental Tour,7238866,worldwide
men_3000sc,Ryuji MIURA,11 FEB 2002,DNF,,JPN,"Municipal Stadium, Hiroshima (JPN)",60th Oda Mikio Memorial,29 APR 2026,2026,,C,Continental Tour,7238866,worldwide
men_3000sc,Salem Mohamed ATTIAALLAH,01 OCT 1993,8:58.76,,EGY,"King Fahd Sports City Stadium, Taif (KSA)",The Saudi Arabian Championships for Men,09 MAY 2026,2026,OC,B,National Championships,7237446,worldwide
men_3000sc,John KOECH,23 AUG 1995,9:16.19,,BRN,"King Fahd Sports City Stadium, Taif (KSA)",The Saudi Arabian Championships for Men,09 MAY 2026,2026,OC,B,National Championships,7237446,worldwide
men_3000sc,Salah Eddine BEN YAZIDE,06 MAY 2003,8:41.02,,MAR,"University of Ghana Sports Stadium, Accra (GHA)",African Athletics Championships,14 MAY 2026,2026,2.,GL,Area Champs,7238651,worldwide
men_3000sc,Samuel FIREWU,03 MAY 2004,8:41.67,,ETH,"University of Ghana Sports Stadium, Accra (GHA)",African Athletics Championships,14 MAY 2026,2026,3.,GL,Area Champs,7238651,worldwide
men_3000sc,Mohamed TINDOUFT,12 MAR 1993,8:42.12,,MAR,"University of Ghana Sports Stadium, Accra (GHA)",African Athletics Championships,14 MAY 2026,2026,5.,GL,Area Champs,7238651,worldwide
men_3000sc,Leonard CHEMUTAI,05 MAY 2003,8:45.03,,UGA,"University of Ghana Sports Stadium, Accra (GHA)",African Athletics Championships,14 MAY 2026,2026,6.,GL,Area Champs,7238651,worldwide
men_3000sc,Milkesa FIKADU,22 JUN 2005,8:47.74,,ETH,"University of Ghana Sports Stadium, Accra (GHA)",African Athletics Championships,14 MAY 2026,2026,8.,GL,Area Champs,7238651,worldwide
men_3000sc,Amos SEREM,28 AUG 2002,8:53.76,,KEN,"University of Ghana Sports Stadium, Accra (GHA)",African Athletics Championships,14 MAY 2026,2026,9.,GL,Area Champs,7238651,worldwide
men_3000sc,Zakaria EL AHLAAMI,07 JUL 2004,8:35.13,,QAT,"Suhaim bin Hamad Stadium, Doha (QAT)",GCC Games,14 MAY 2026,2026,1.,D,Area Regional Champs,7238929,worldwide
men_3000sc,Yaser Salem BAGHARAB,01 JAN 1998,9:08.58,,QAT,"Suhaim bin Hamad Stadium, Doha (QAT)",GCC Games,14 MAY 2026,2026,2.,D,Area Regional Champs,7238929,worldwide
men_3000sc,Hailu AYALEW,21 JAN 2008,8:22.91,,ETH,"Boudewijnstadion, Bruxelles (BEL)",IFAM Outdoor,24 MAY 2026,2026,2.,C,Continental Tour,7235003,worldwide
men_3000sc,Eisa GIRMA,21 SEP 2007,8:23.59,,ETH,"Boudewijnstadion, Bruxelles (BEL)",IFAM Outdoor,24 MAY 2026,2026,4.,C,Continental Tour,7235003,worldwide
men_3000sc,Alejandro QUIJADA,07 MAR 2001,8:24.02,,ESP,"Boudewijnstadion, Bruxelles (BEL)",IFAM Outdoor,24 MAY 2026,2026,5.,C,Continental Tour,7235003,worldwide
men_3000sc,Simon SUNDSTRÖM,04 FEB 1998,8:24.89,,SWE,"Boudewijnstadion, Bruxelles (BEL)",IFAM Outdoor,24 MAY 2026,2026,7.,C,Continental Tour,7235003,worldwide
men_3000sc,Berihun MOGES,18 MAR 2005,8:25.44,,ETH,"Boudewijnstadion, Bruxelles (BEL)",IFAM Outdoor,24 MAY 2026,2026,8.,C,Continental Tour,7235003,worldwide
men_3000sc,Rubén LEONARDO,15 FEB 2004,8:26.35,,ESP,"Boudewijnstadion, Bruxelles (BEL)",IFAM Outdoor,24 MAY 2026,2026,9.,C,Continental Tour,7235003,worldwide
men_3000sc,Mark PEARCE,19 JAN 1996,8:26.61,,GBR,"Boudewijnstadion, Bruxelles (BEL)",IFAM Outdoor,24 MAY 2026,2026,10.,C,Continental Tour,7235003,worldwide
men_3000sc,Ben BUCKINGHAM,08 NOV 1991,8:27.67,,AUS,"Boudewijnstadion, Bruxelles (BEL)",IFAM Outdoor,24 MAY 2026,2026,11.,C,Continental Tour,7235003,worldwide
men_3000sc,William BATTERSHILL,25 FEB 1998,8:30.01,,GBR,"Boudewijnstadion, Bruxelles (BEL)",IFAM Outdoor,24 MAY 2026,2026,13.,C,Continental Tour,7235003,worldwide
men_3000sc,Lourenço RODRIGUES,02 FEB 2004,8:32.56,,POR,"Boudewijnstadion, Bruxelles (BEL)",IFAM Outdoor,24 MAY 2026,2026,16.,C,Continental Tour,7235003,worldwide
men_3000sc,István PALKOVITS,27 DEC 2000,8:34.39,,HUN,"Boudewijnstadion, Bruxelles (BEL)",IFAM Outdoor,24 MAY 2026,2026,17.,C,Continental Tour,7235003,worldwide
men_3000sc,Tim VAN DE VELDE,01 FEB 2000,8:48.04,,BEL,"Boudewijnstadion, Bruxelles (BEL)",IFAM Outdoor,24 MAY 2026,2026,19.,C,Continental Tour,7235003,worldwide
men_3000sc,Robin MÜLLER,12 JUN 2003,DNF,,GER,"Boudewijnstadion, Bruxelles (BEL)",IFAM Outdoor,24 MAY 2026,2026,,C,Continental Tour,7235003,worldwide
men_3000sc,Parker STOKES,05 SEP 2000,8:23.88,,USA,"Drake Stadium, Los Angeles, CA (USA)",LA Track Festival,23 MAY 2026,2026,1.,B,Continental Tour,7236537,worldwide
men_3000sc,Yasin SADO,10 MAR 2001,8:24.06,,USA,"Drake Stadium, Los Angeles, CA (USA)",LA Track Festival,23 MAY 2026,2026,2.,B,Continental Tour,7236537,worldwide
men_3000sc,Aaron AHL,25 FEB 1999,8:24.08,,CAN,"Drake Stadium, Los Angeles, CA (USA)",LA Track Festival,23 MAY 2026,2026,3.,B,Continental Tour,7236537,worldwide
men_3000sc,Ahmed JAZIRI,16 DEC 1997,8:27.72,,TUN,"Drake Stadium, Los Angeles, CA (USA)",LA Track Festival,23 MAY 2026,2026,4.,B,Continental Tour,7236537,worldwide
men_3000sc,Daniel MICHALSKI,10 SEP 1995,8:27.99,,USA,"Drake Stadium, Los Angeles, CA (USA)",LA Track Festival,23 MAY 2026,2026,5.,B,Continental Tour,7236537,worldwide
men_3000sc,Kenneth ROOKS,21 OCT 1999,8:28.54,,USA,"Drake Stadium, Los Angeles, CA (USA)",LA Track Festival,23 MAY 2026,2026,6.,B,Continental Tour,7236537,worldwide
men_3000sc,Duncan HAMILTON,14 JUL 2000,8:28.81,,USA,"Drake Stadium, Los Angeles, CA (USA)",LA Track Festival,23 MAY 2026,2026,7.,B,Continental Tour,7236537,worldwide
men_3000sc,Benard KETER,25 MAY 1992,8:31.16,,USA,"Drake Stadium, Los Angeles, CA (USA)",LA Track Festival,23 MAY 2026,2026,8.,B,Continental Tour,7236537,worldwide
men_3000sc,Hibiki OBARA,10 NOV 2001,8:33.21,,JPN,"Drake Stadium, Los Angeles, CA (USA)",LA Track Festival,23 MAY 2026,2026,9.,B,Continental Tour,7236537,worldwide
men_3000sc,Edward TRIPPAS,22 SEP 1998,8:35.63,,AUS,"Drake Stadium, Los Angeles, CA (USA)",LA Track Festival,23 MAY 2026,2026,10.,B,Continental Tour,7236537,worldwide
men_3000sc,Anthony ROTICH,20 OCT 1990,8:39.82,,USA,"Drake Stadium, Los Angeles, CA (USA)",LA Track Festival,23 MAY 2026,2026,11.,B,Continental Tour,7236537,worldwide
men_3000sc,Daichi SHIBATA,02 NOV 2004,8:49.91,,JPN,"Drake Stadium, Los Angeles, CA (USA)",LA Track Festival,23 MAY 2026,2026,12.,B,Continental Tour,7236537,worldwide
men_3000sc,Kevin ROBERTSON,28 SEP 1998,DNF,,CAN,"Drake Stadium, Los Angeles, CA (USA)",LA Track Festival,23 MAY 2026,2026,,B,Continental Tour,7236537,worldwide
men_3000sc,Christian NOBLE,21 APR 1997,DNS,,USA,"Ray Conn Sports Complex, Cleveland, TN (USA)",Music City Track Carnival,29 MAY 2026,2026,,D,Continental Tour,7239721,worldwide
men_3000sc,William BATTERSHILL,25 FEB 1998,8:29.41,,GBR,"Birmingham University Athletics Track, Birmingham (GBR)",British Milers Club Grand Prix,30 MAY 2026,2026,1.,D,Continental Tour,7235021,worldwide
men_3000sc,Gonzalo PARRA,20 JUN 1996,8:35.85,,ESP,"Birmingham University Athletics Track, Birmingham (GBR)",British Milers Club Grand Prix,30 MAY 2026,2026,3.,D,Continental Tour,7235021,worldwide
men_3000sc,Mohamed TINDOUFT,12 MAR 1993,8:11.52,,MAR,"Paavo Nurmen Stadion, Turku (FIN)",Paavo Nurmi Games,03 JUN 2026,2026,1.,A,Continental Tour,7230225,worldwide
men_3000sc,Abrham SIME,07 NOV 2001,8:14.09,,ETH,"Paavo Nurmen Stadion, Turku (FIN)",Paavo Nurmi Games,03 JUN 2026,2026,2.,A,Continental Tour,7230225,worldwide
men_3000sc,Jean-Simon DESGAGNÉS,26 JUL 1998,8:14.85,,CAN,"Paavo Nurmen Stadion, Turku (FIN)",Paavo Nurmi Games,03 JUN 2026,2026,3.,A,Continental Tour,7230225,worldwide
men_3000sc,Niklas BUCHHOLZ,04 MAR 1998,8:15.27,,GER,"Paavo Nurmen Stadion, Turku (FIN)",Paavo Nurmi Games,03 JUN 2026,2026,4.,A,Continental Tour,7230225,worldwide
men_3000sc,Aaron AHL,25 FEB 1999,8:17.22,,CAN,"Paavo Nurmen Stadion, Turku (FIN)",Paavo Nurmi Games,03 JUN 2026,2026,5.,A,Continental Tour,7230225,worldwide
men_3000sc,Ahmed JAZIRI,16 DEC 1997,8:17.82,,TUN,"Paavo Nurmen Stadion, Turku (FIN)",Paavo Nurmi Games,03 JUN 2026,2026,6.,A,Continental Tour,7230225,worldwide
men_3000sc,Daniel MICHALSKI,10 SEP 1995,8:18.91,,USA,"Paavo Nurmen Stadion, Turku (FIN)",Paavo Nurmi Games,03 JUN 2026,2026,7.,A,Continental Tour,7230225,worldwide
men_3000sc,Luc LE BARON,05 FEB 2002,8:19.16,,FRA,"Paavo Nurmen Stadion, Turku (FIN)",Paavo Nurmi Games,03 JUN 2026,2026,8.,A,Continental Tour,7230225,worldwide
men_3000sc,Vidar JOHANSSON,08 OCT 1996,8:24.73,,SWE,"Paavo Nurmen Stadion, Turku (FIN)",Paavo Nurmi Games,03 JUN 2026,2026,9.,A,Continental Tour,7230225,worldwide
men_3000sc,Velten SCHNEIDER,21 AUG 1999,8:32.47,,GER,"Paavo Nurmen Stadion, Turku (FIN)",Paavo Nurmi Games,03 JUN 2026,2026,10.,A,Continental Tour,7230225,worldwide
men_3000sc,Leo MAGNUSSON,04 FEB 1998,8:38.05,,SWE,"Paavo Nurmen Stadion, Turku (FIN)",Paavo Nurmi Games,03 JUN 2026,2026,11.,A,Continental Tour,7230225,worldwide
men_3000sc,Ben BUCKINGHAM,08 NOV 1991,8:49.58,,AUS,"Paavo Nurmen Stadion, Turku (FIN)",Paavo Nurmi Games,03 JUN 2026,2026,13.,A,Continental Tour,7230225,worldwide
men_3000sc,Wesley LANGAT,07 JUL 1994,DNF,,KEN,"Paavo Nurmen Stadion, Turku (FIN)",Paavo Nurmi Games,03 JUN 2026,2026,,A,Continental Tour,7230225,worldwide
men_3000sc,Wilberforce Chemiat KONES,19 SEP 1993,DNF,,KEN,"Paavo Nurmen Stadion, Turku (FIN)",Paavo Nurmi Games,03 JUN 2026,2026,,A,Continental Tour,7230225,worldwide
men_3000sc,Tim VAN DE VELDE,01 FEB 2000,DNF,,BEL,"Paavo Nurmen Stadion, Turku (FIN)",Paavo Nurmi Games,03 JUN 2026,2026,,A,Continental Tour,7230225,worldwide
men_3000sc,Faid EL MOSTAFA,13 JAN 2000,8:23.69,,MAR,"Campo Scuola Moreno Martini, Lucca (ITA)",5th Lucca International Meeting,07 JUN 2026,2026,1.,D,Continental Tour,7234846,worldwide
men_3000sc,Soheil BOUFRIZI,03 OCT 2001,8:24.61,,FRA,"Campo Scuola Moreno Martini, Lucca (ITA)",5th Lucca International Meeting,07 JUN 2026,2026,2.,D,Continental Tour,7234846,worldwide
men_3000sc,Ala ZOGHLAMI,19 JUN 1994,8:27.55,,ITA,"Campo Scuola Moreno Martini, Lucca (ITA)",5th Lucca International Meeting,07 JUN 2026,2026,3.,D,Continental Tour,7234846,worldwide
men_3000sc,Omar SERAICH,16 MAR 1997,8:27.98,,ALG,"Campo Scuola Moreno Martini, Lucca (ITA)",5th Lucca International Meeting,07 JUN 2026,2026,4.,D,Continental Tour,7234846,worldwide
men_3000sc,Yassin BOUIH,24 NOV 1996,8:28.90,,ITA,"Campo Scuola Moreno Martini, Lucca (ITA)",5th Lucca International Meeting,07 JUN 2026,2026,5.,D,Continental Tour,7234846,worldwide
men_3000sc,Mohamed TINDOUFT,12 MAR 1993,8:31.77,,MAR,"Stadion, Lahti (FIN)",Motonet GP Lahti,10 JUN 2026,2026,1.,C,Continental Tour,7234403,worldwide
men_3000sc,István PALKOVITS,27 DEC 2000,8:41.98,,HUN,"Stadion, Lahti (FIN)",Motonet GP Lahti,10 JUN 2026,2026,3.,C,Continental Tour,7234403,worldwide
men_3000sc,Ryoma AOKI,16 JUN 1997,8:18.63,,JPN,"Municipal Mizuho Stadium, Nagoya (JPN)",Japanese Championships,12 JUN 2026,2026,1.,B,National Championships,7237909,worldwide
men_3000sc,Hibiki OBARA,10 NOV 2001,8:18.66,,JPN,"Municipal Mizuho Stadium, Nagoya (JPN)",Japanese Championships,12 JUN 2026,2026,2.,B,National Championships,7237909,worldwide
men_3000sc,Yutaro NIINAE,06 FEB 2001,8:22.62,,JPN,"Municipal Mizuho Stadium, Nagoya (JPN)",Japanese Championships,12 JUN 2026,2026,4.,B,National Championships,7237909,worldwide
men_3000sc,Daichi SHIBATA,02 NOV 2004,8:32.98,,JPN,"Municipal Mizuho Stadium, Nagoya (JPN)",Japanese Championships,12 JUN 2026,2026,8.,B,National Championships,7237909,worldwide
men_3000sc,Yasunari KUSU,21 AUG 1993,8:38.12,,JPN,"Municipal Mizuho Stadium, Nagoya (JPN)",Japanese Championships,12 JUN 2026,2026,10.,B,National Championships,7237909,worldwide
men_3000sc,Yasin SADO,10 MAR 2001,8:15.78,,USA,"USC Allyson Felix at Loker Track Stadium, Los Angeles, CA (USA)",USATF LA Grand Prix,13 JUN 2026,2026,1.,A,Continental Tour,7233063,worldwide
men_3000sc,Jean-Simon DESGAGNÉS,26 JUL 1998,8:16.04,,CAN,"USC Allyson Felix at Loker Track Stadium, Los Angeles, CA (USA)",USATF LA Grand Prix,13 JUN 2026,2026,2.,A,Continental Tour,7233063,worldwide
men_3000sc,Duncan HAMILTON,14 JUL 2000,8:16.05,,USA,"USC Allyson Felix at Loker Track Stadium, Los Angeles, CA (USA)",USATF LA Grand Prix,13 JUN 2026,2026,3.,A,Continental Tour,7233063,worldwide
men_3000sc,Daniel MICHALSKI,10 SEP 1995,8:17.77,,USA,"USC Allyson Felix at Loker Track Stadium, Los Angeles, CA (USA)",USATF LA Grand Prix,13 JUN 2026,2026,4.,A,Continental Tour,7233063,worldwide
men_3000sc,Parker STOKES,05 SEP 2000,8:24.30,,USA,"USC Allyson Felix at Loker Track Stadium, Los Angeles, CA (USA)",USATF LA Grand Prix,13 JUN 2026,2026,6.,A,Continental Tour,7233063,worldwide
men_3000sc,Kenneth ROOKS,21 OCT 1999,8:38.82,,USA,"USC Allyson Felix at Loker Track Stadium, Los Angeles, CA (USA)",USATF LA Grand Prix,13 JUN 2026,2026,7.,A,Continental Tour,7233063,worldwide
men_3000sc,James CORRIGAN,16 APR 2002,DNF,,USA,"USC Allyson Felix at Loker Track Stadium, Los Angeles, CA (USA)",USATF LA Grand Prix,13 JUN 2026,2026,,A,Continental Tour,7233063,worldwide
men_3000sc,Soheil BOUFRIZI,03 OCT 2001,8:24.39,,FRA,"Parc des Sports C. Ehrmann, Nice (FRA)",Meeting Nikaia,13 JUN 2026,2026,3.,C,Continental Tour,7234178,worldwide
men_3000sc,Wilberforce Chemiat KONES,19 SEP 1993,DNF,,KEN,"Parc des Sports C. Ehrmann, Nice (FRA)",Meeting Nikaia,13 JUN 2026,2026,,C,Continental Tour,7234178,worldwide
men_3000sc,Rubén LEONARDO,15 FEB 2004,DNF,,ESP,"Parc des Sports C. Ehrmann, Nice (FRA)",Meeting Nikaia,13 JUN 2026,2026,,C,Continental Tour,7234178,worldwide
men_3000sc,Lourenço RODRIGUES,02 FEB 2004,DNF,,POR,"Parc des Sports C. Ehrmann, Nice (FRA)",Meeting Nikaia,13 JUN 2026,2026,,C,Continental Tour,7234178,worldwide
men_3000sc,Salah Eddine BEN YAZIDE,06 MAY 2003,8:09.88,,MAR,"Mestský Stadion, Ostrava (CZE)",65th Ostrava Golden Spike,16 JUN 2026,2026,1.,A,Continental Tour,7231415,worldwide
men_3000sc,Mohamed TINDOUFT,12 MAR 1993,8:10.04,,MAR,"Mestský Stadion, Ostrava (CZE)",65th Ostrava Golden Spike,16 JUN 2026,2026,2.,A,Continental Tour,7231415,worldwide
men_3000sc,Osama ZOGHLAMI,19 JUN 1994,8:13.10,,ITA,"Mestský Stadion, Ostrava (CZE)",65th Ostrava Golden Spike,16 JUN 2026,2026,3.,A,Continental Tour,7231415,worldwide
men_3000sc,Baptiste FOURMONT,19 MAY 1999,8:13.80,,FRA,"Mestský Stadion, Ostrava (CZE)",65th Ostrava Golden Spike,16 JUN 2026,2026,4.,A,Continental Tour,7231415,worldwide
men_3000sc,Carson WILLIAMS,12 FEB 2002,8:16.69,,USA,"Mestský Stadion, Ostrava (CZE)",65th Ostrava Golden Spike,16 JUN 2026,2026,5.,A,Continental Tour,7231415,worldwide
men_3000sc,Alejandro QUIJADA,07 MAR 2001,8:17.34,,ESP,"Mestský Stadion, Ostrava (CZE)",65th Ostrava Golden Spike,16 JUN 2026,2026,6.,A,Continental Tour,7231415,worldwide
men_3000sc,Rémi SCHYNS,26 JAN 1999,8:17.46,,BEL,"Mestský Stadion, Ostrava (CZE)",65th Ostrava Golden Spike,16 JUN 2026,2026,8.,A,Continental Tour,7231415,worldwide
men_3000sc,Faid EL MOSTAFA,13 JAN 2000,8:21.03,,MAR,"Mestský Stadion, Ostrava (CZE)",65th Ostrava Golden Spike,16 JUN 2026,2026,9.,A,Continental Tour,7231415,worldwide
men_3000sc,Vidar JOHANSSON,08 OCT 1996,8:21.41,,SWE,"Mestský Stadion, Ostrava (CZE)",65th Ostrava Golden Spike,16 JUN 2026,2026,10.,A,Continental Tour,7231415,worldwide
men_3000sc,Ala ZOGHLAMI,19 JUN 1994,8:23.21,,ITA,"Mestský Stadion, Ostrava (CZE)",65th Ostrava Golden Spike,16 JUN 2026,2026,11.,A,Continental Tour,7231415,worldwide
men_3000sc,Leo MAGNUSSON,04 FEB 1998,8:23.54,,SWE,"Mestský Stadion, Ostrava (CZE)",65th Ostrava Golden Spike,16 JUN 2026,2026,12.,A,Continental Tour,7231415,worldwide
men_3000sc,Velten SCHNEIDER,21 AUG 1999,8:24.56,,GER,"Mestský Stadion, Ostrava (CZE)",65th Ostrava Golden Spike,16 JUN 2026,2026,13.,A,Continental Tour,7231415,worldwide
men_3000sc,Damián VÍCH,14 AUG 1998,8:39.78,,CZE,"Mestský Stadion, Ostrava (CZE)",65th Ostrava Golden Spike,16 JUN 2026,2026,15.,A,Continental Tour,7231415,worldwide
men_3000sc,Wilberforce Chemiat KONES,19 SEP 1993,DNF,,KEN,"Mestský Stadion, Ostrava (CZE)",65th Ostrava Golden Spike,16 JUN 2026,2026,,A,Continental Tour,7231415,worldwide
men_3000sc,Wesley LANGAT,07 JUL 1994,DNF,,KEN,"Mestský Stadion, Ostrava (CZE)",65th Ostrava Golden Spike,16 JUN 2026,2026,,A,Continental Tour,7231415,worldwide
men_3000sc,Jean-Simon DESGAGNÉS,26 JUL 1998,8:50.71,,CAN,"Terry Fox AF, Ottawa (CAN)",Canadian Championships,18 JUN 2026,2026,1.,B,National Championships,7237652,worldwide
men_3000sc,Aaron AHL,25 FEB 1999,8:55.94,,CAN,"Terry Fox AF, Ottawa (CAN)",Canadian Championships,18 JUN 2026,2026,3.,B,National Championships,7237652,worldwide
men_3000sc,Kevin ROBERTSON,28 SEP 1998,9:08.40,,CAN,"Terry Fox AF, Ottawa (CAN)",Canadian Championships,18 JUN 2026,2026,7.,B,National Championships,7237652,worldwide
men_3000sc,Simon KOECH,06 OCT 2003,8:16.59,,KEN,"Nyayo National Stadium, Nairobi (KEN)",Kenyan Championships Cum Trials for Commonwealth Games,20 JUN 2026,2026,1.,B,National Championships,7241942,worldwide
men_3000sc,Edmund SEREM,27 DEC 2007,8:20.37,,KEN,"Nyayo National Stadium, Nairobi (KEN)",Kenyan Championships Cum Trials for Commonwealth Games,20 JUN 2026,2026,2.,B,National Championships,7241942,worldwide
men_3000sc,Leonard Kipkemoi BETT,03 NOV 2000,8:24.13,,KEN,"Nyayo National Stadium, Nairobi (KEN)",Kenyan Championships Cum Trials for Commonwealth Games,20 JUN 2026,2026,3.,B,National Championships,7241942,worldwide
men_3000sc,Joash RUTO,15 JAN 2001,8:36.36,,KEN,"Nyayo National Stadium, Nairobi (KEN)",Kenyan Championships Cum Trials for Commonwealth Games,20 JUN 2026,2026,8.,B,National Championships,7241942,worldwide
men_3000sc,Collins KIPNGOK,13 JUL 2000,8:47.01,,KEN,"Nyayo National Stadium, Nairobi (KEN)",Kenyan Championships Cum Trials for Commonwealth Games,20 JUN 2026,2026,12.,B,National Championships,7241942,worldwide
men_3000sc,Mohamed TINDOUFT,12 MAR 1993,8:17.94,,MAR,"Paul-Greifzu-Stadion, Dessau (GER)",28. Anhalt Meeting Dessau,19 JUN 2026,2026,1.,C,Continental Tour,7234134,worldwide
men_3000sc,Djilali BEDRANI,01 OCT 1993,8:19.18,,FRA,"Paul-Greifzu-Stadion, Dessau (GER)",28. Anhalt Meeting Dessau,19 JUN 2026,2026,2.,C,Continental Tour,7234134,worldwide
men_3000sc,Lourenço RODRIGUES,02 FEB 2004,8:21.99,,POR,"Paul-Greifzu-Stadion, Dessau (GER)",28. Anhalt Meeting Dessau,19 JUN 2026,2026,3.,C,Continental Tour,7234134,worldwide
men_3000sc,Robin MÜLLER,12 JUN 2003,8:27.25,,GER,"Paul-Greifzu-Stadion, Dessau (GER)",28. Anhalt Meeting Dessau,19 JUN 2026,2026,4.,C,Continental Tour,7234134,worldwide
men_3000sc,Nick JÄGER,22 AUG 1999,8:39.23,,GER,"Paul-Greifzu-Stadion, Dessau (GER)",28. Anhalt Meeting Dessau,19 JUN 2026,2026,7.,C,Continental Tour,7234134,worldwide
men_3000sc,István PALKOVITS,27 DEC 2000,8:44.03,,HUN,"Paul-Greifzu-Stadion, Dessau (GER)",28. Anhalt Meeting Dessau,19 JUN 2026,2026,8.,C,Continental Tour,7234134,worldwide
men_3000sc,Rubén LEONARDO,15 FEB 2004,8:45.29,,ESP,"Paul-Greifzu-Stadion, Dessau (GER)",28. Anhalt Meeting Dessau,19 JUN 2026,2026,9.,C,Continental Tour,7234134,worldwide
men_3000sc,Velten SCHNEIDER,21 AUG 1999,DNF,,GER,"Paul-Greifzu-Stadion, Dessau (GER)",28. Anhalt Meeting Dessau,19 JUN 2026,2026,,C,Continental Tour,7234134,worldwide
men_3000sc,Wesley LANGAT,07 JUL 1994,DNF,,KEN,"Paul-Greifzu-Stadion, Dessau (GER)",28. Anhalt Meeting Dessau,19 JUN 2026,2026,,C,Continental Tour,7234134,worldwide
men_3000sc,William BATTERSHILL,25 FEB 1998,8:22.97,,GBR,"Alexander Stadium, Birmingham (GBR)",Novuna UK Athletics Championships,21 JUN 2026,2026,2.,B,National Championships,7243090,worldwide
men_3000sc,Zak SEDDON,28 JUN 1994,8:23.99,,GBR,"Alexander Stadium, Birmingham (GBR)",Novuna UK Athletics Championships,21 JUN 2026,2026,3.,B,National Championships,7243090,worldwide
men_3000sc,Mark PEARCE,19 JAN 1996,8:40.20,,GBR,"Alexander Stadium, Birmingham (GBR)",Novuna UK Athletics Championships,21 JUN 2026,2026,4.,B,National Championships,7243090,worldwide
men_3000sc,Luc LE BARON,05 FEB 2002,8:17.85,,FRA,"Stade Raymond Troussier, Decines (FRA)",Meeting National Est Lyonnais,04 JUL 2026,2026,1.,D,Continental Tour,7234912,worldwide
men_3000sc,Louis GILAVERT,01 JAN 1998,8:17.94,,FRA,"Stade Raymond Troussier, Decines (FRA)",Meeting National Est Lyonnais,04 JUL 2026,2026,2.,D,Continental Tour,7234912,worldwide
men_3000sc,Alexis MIELLET,05 MAY 1995,8:21.91,,FRA,"Stade Raymond Troussier, Decines (FRA)",Meeting National Est Lyonnais,04 JUL 2026,2026,3.,D,Continental Tour,7234912,worldwide
men_3000sc,Yassin BOUIH,24 NOV 1996,8:23.03,,ITA,"Stade Raymond Troussier, Decines (FRA)",Meeting National Est Lyonnais,04 JUL 2026,2026,4.,D,Continental Tour,7234912,worldwide
men_3000sc,Lourenço RODRIGUES,02 FEB 2004,8:23.68,,POR,"Stade Raymond Troussier, Decines (FRA)",Meeting National Est Lyonnais,04 JUL 2026,2026,5.,D,Continental Tour,7234912,worldwide
men_3000sc,Ala ZOGHLAMI,19 JUN 1994,8:26.23,,ITA,"Stade Raymond Troussier, Decines (FRA)",Meeting National Est Lyonnais,04 JUL 2026,2026,6.,D,Continental Tour,7234912,worldwide
men_3000sc,William BATTERSHILL,25 FEB 1998,8:26.86,,GBR,"Stade Raymond Troussier, Decines (FRA)",Meeting National Est Lyonnais,04 JUL 2026,2026,7.,D,Continental Tour,7234912,worldwide
men_3000sc,Rémi SCHYNS,26 JAN 1999,8:28.53,,BEL,"Stade Raymond Troussier, Decines (FRA)",Meeting National Est Lyonnais,04 JUL 2026,2026,10.,D,Continental Tour,7234912,worldwide
men_3000sc,Mohamed Amin JHINAOUI,02 APR 1997,8:28.85,,TUN,"Stade Raymond Troussier, Decines (FRA)",Meeting National Est Lyonnais,04 JUL 2026,2026,11.,D,Continental Tour,7234912,worldwide
men_3000sc,Valentin BRESC,27 MAY 2001,8:29.78,,FRA,"Stade Raymond Troussier, Decines (FRA)",Meeting National Est Lyonnais,04 JUL 2026,2026,13.,D,Continental Tour,7234912,worldwide
men_3000sc,Abderrafia BOUASSEL,18 FEB 2001,DNF,,MAR,"Stade Raymond Troussier, Decines (FRA)",Meeting National Est Lyonnais,04 JUL 2026,2026,,D,Continental Tour,7234912,worldwide
men_3000sc,Soheil BOUFRIZI,03 OCT 2001,DNF,,FRA,"Stade Raymond Troussier, Decines (FRA)",Meeting National Est Lyonnais,04 JUL 2026,2026,,D,Continental Tour,7234912,worldwide
men_3000sc,Faid EL MOSTAFA,13 JAN 2000,DNF,,MAR,Sale (MAR),Moroccan Championships,05 JUL 2026,2026,,B,National Championships,7239227,worldwide
men_3000sc,Abderrafia BOUASSEL,18 FEB 2001,8:22.63,,MAR,"Estadi Joan Serrahima, Barcelona (ESP)",Míting Internacional Ciutat de Barcelona,07 JUL 2026,2026,1.,D,Continental Tour,7234914,worldwide
men_3000sc,Víctor ORTIZ RIVERA,30 JUN 1998,8:30.52,,PUR,"Estadi Joan Serrahima, Barcelona (ESP)",Míting Internacional Ciutat de Barcelona,07 JUL 2026,2026,3.,D,Continental Tour,7234914,worldwide
men_3000sc,Omar SERAICH,16 MAR 1997,8:32.70,,ALG,"Estadi Joan Serrahima, Barcelona (ESP)",Míting Internacional Ciutat de Barcelona,07 JUL 2026,2026,6.,D,Continental Tour,7234914,worldwide
men_3000sc,Soheil BOUFRIZI,03 OCT 2001,8:35.40,,FRA,"Estadi Joan Serrahima, Barcelona (ESP)",Míting Internacional Ciutat de Barcelona,07 JUL 2026,2026,8.,D,Continental Tour,7234914,worldwide
men_3000sc,Clément DEFLANDRE,14 DEC 1997,8:39.77,,BEL,"Estadi Joan Serrahima, Barcelona (ESP)",Míting Internacional Ciutat de Barcelona,07 JUL 2026,2026,11.,D,Continental Tour,7234914,worldwide
men_3000sc,Rubén LEONARDO,15 FEB 2004,8:41.08,,ESP,"Estadi Joan Serrahima, Barcelona (ESP)",Míting Internacional Ciutat de Barcelona,07 JUL 2026,2026,12.,D,Continental Tour,7234914,worldwide
men_3000sc,Estanislao Nicolas RUIZ,02 OCT 2000,DNF,,ESP,"Estadi Joan Serrahima, Barcelona (ESP)",Míting Internacional Ciutat de Barcelona,07 JUL 2026,2026,,D,Continental Tour,7234914,worldwide
men_3000sc,Jaouad HSSINI,29 NOV 1999,DNF,,ESP,"Estadi Joan Serrahima, Barcelona (ESP)",Míting Internacional Ciutat de Barcelona,07 JUL 2026,2026,,D,Continental Tour,7234914,worldwide
men_3000sc,William BATTERSHILL,25 FEB 1998,8:23.89,,GBR,"Woodside Stadium, Watford (GBR)",British Milers Club Grand Prix,11 JUL 2026,2026,1.,D,Continental Tour,7235019,worldwide
men_3000sc,Mark PEARCE,19 JAN 1996,DNF,,GBR,"Woodside Stadium, Watford (GBR)",British Milers Club Grand Prix,11 JUL 2026,2026,,D,Continental Tour,7235019,worldwide
men_3000sc,Enrico VECCHI,15 DEC 2000,8:31.27,,ITA,"Estádio 1o de Maio, Braga (POR)",Meeting of Braga,11 JUL 2026,2026,1.,C,Continental Tour,7235310,worldwide
men_3000sc,Robin MÜLLER,12 JUN 2003,8:39.38,,GER,"Estádio 1o de Maio, Braga (POR)",Meeting of Braga,11 JUL 2026,2026,5.,C,Continental Tour,7235310,worldwide
men_3000sc,Soheil BOUFRIZI,03 OCT 2001,DNF,,FRA,"Estádio 1o de Maio, Braga (POR)",Meeting of Braga,11 JUL 2026,2026,,C,Continental Tour,7235310,worldwide
men_3000sc,Abdellah RIAHI,13 OCT 1994,DNF,,FRA,"Estádio 1o de Maio, Braga (POR)",Meeting of Braga,11 JUL 2026,2026,,C,Continental Tour,7235310,worldwide
men_3000sc,Yasin SADO,10 MAR 2001,8:16.03,,USA,"Jack Kemp Stadium - Occidental College, Los Angeles, CA (USA)",Sunset Tour,11 JUL 2026,2026,1.,B,Continental Tour,7233851,worldwide
men_3000sc,Benjámin BALÁZS,02 JUN 2004,8:17.67,,USA,"Jack Kemp Stadium - Occidental College, Los Angeles, CA (USA)",Sunset Tour,11 JUL 2026,2026,2.,B,Continental Tour,7233851,worldwide
men_3000sc,Parker STOKES,05 SEP 2000,8:19.67,,USA,"Jack Kemp Stadium - Occidental College, Los Angeles, CA (USA)",Sunset Tour,11 JUL 2026,2026,3.,B,Continental Tour,7233851,worldwide
men_3000sc,James CORRIGAN,16 APR 2002,8:22.35,,USA,"Jack Kemp Stadium - Occidental College, Los Angeles, CA (USA)",Sunset Tour,11 JUL 2026,2026,4.,B,Continental Tour,7233851,worldwide
men_3000sc,Benard KETER,25 MAY 1992,8:22.91,,USA,"Jack Kemp Stadium - Occidental College, Los Angeles, CA (USA)",Sunset Tour,11 JUL 2026,2026,5.,B,Continental Tour,7233851,worldwide
men_3000sc,Daniel MICHALSKI,10 SEP 1995,8:27.42,,USA,"Jack Kemp Stadium - Occidental College, Los Angeles, CA (USA)",Sunset Tour,11 JUL 2026,2026,7.,B,Continental Tour,7233851,worldwide
men_3000sc,Aaron AHL,25 FEB 1999,8:35.57,,CAN,"Jack Kemp Stadium - Occidental College, Los Angeles, CA (USA)",Sunset Tour,11 JUL 2026,2026,10.,B,Continental Tour,7233851,worldwide
men_3000sc,Isaac UPDIKE,21 MAR 1992,8:35.68,,USA,"Jack Kemp Stadium - Occidental College, Los Angeles, CA (USA)",Sunset Tour,11 JUL 2026,2026,11.,B,Continental Tour,7233851,worldwide
men_3000sc,Anthony ROTICH,20 OCT 1990,8:37.15,,USA,"Jack Kemp Stadium - Occidental College, Los Angeles, CA (USA)",Sunset Tour,11 JUL 2026,2026,13.,B,Continental Tour,7233851,worldwide
men_3000sc,Joey BERRIATUA,16 JUN 1995,8:38.01,,USA,"Jack Kemp Stadium - Occidental College, Los Angeles, CA (USA)",Sunset Tour,11 JUL 2026,2026,14.,B,Continental Tour,7233851,worldwide
men_3000sc,Samuel DUGUNA,20 SEP 2003,8:12.63,,ETH,"Province Naimette Arena, Liège (BEL)",Meeting International d'Athlétisme de la Province de Liège,15 JUL 2026,2026,1.,C,Continental Tour,7235004,worldwide
men_3000sc,Leo MAGNUSSON,04 FEB 1998,8:24.30,,SWE,"Province Naimette Arena, Liège (BEL)",Meeting International d'Athlétisme de la Province de Liège,15 JUL 2026,2026,2.,C,Continental Tour,7235004,worldwide
men_3000sc,Vidar JOHANSSON,08 OCT 1996,8:28.22,,SWE,"Province Naimette Arena, Liège (BEL)",Meeting International d'Athlétisme de la Province de Liège,15 JUL 2026,2026,4.,C,Continental Tour,7235004,worldwide
men_3000sc,Clément DEFLANDRE,14 DEC 1997,8:33.47,,BEL,"Province Naimette Arena, Liège (BEL)",Meeting International d'Athlétisme de la Province de Liège,15 JUL 2026,2026,6.,C,Continental Tour,7235004,worldwide
men_3000sc,Damián VÍCH,14 AUG 1998,8:34.75,,CZE,"Province Naimette Arena, Liège (BEL)",Meeting International d'Athlétisme de la Province de Liège,15 JUL 2026,2026,7.,C,Continental Tour,7235004,worldwide
men_3000sc,Tomáš HABARTA,10 JUL 2003,8:37.02,,CZE,"Province Naimette Arena, Liège (BEL)",Meeting International d'Athlétisme de la Province de Liège,15 JUL 2026,2026,9.,C,Continental Tour,7235004,worldwide
men_3000sc,Nick JÄGER,22 AUG 1999,8:45.50,,GER,"Province Naimette Arena, Liège (BEL)",Meeting International d'Athlétisme de la Province de Liège,15 JUL 2026,2026,10.,C,Continental Tour,7235004,worldwide
men_3000sc,Kevin ROBERTSON,28 SEP 1998,DNF,,CAN,"Province Naimette Arena, Liège (BEL)",Meeting International d'Athlétisme de la Province de Liège,15 JUL 2026,2026,,C,Continental Tour,7235004,worldwide
men_3000sc,Wesley LANGAT,07 JUL 1994,DNF,,KEN,"Province Naimette Arena, Liège (BEL)",Meeting International d'Athlétisme de la Province de Liège,15 JUL 2026,2026,,C,Continental Tour,7235004,worldwide
men_3000sc,Wilberforce Chemiat KONES,19 SEP 1993,DNF,,KEN,"Province Naimette Arena, Liège (BEL)",Meeting International d'Athlétisme de la Province de Liège,15 JUL 2026,2026,,C,Continental Tour,7235004,worldwide
men_3000sc,Dzmitry IVANENKA,07 JAN 1994,8:48.50,,BLR,"Dinamo National Olympic Stadium, Minsk (BLR)",Belarus Championships,22 JUL 2026,2026,2.,B,National Championships,7244584,worldwide
men_3000sc,Maksim YAKUSHEV,15 MAR 1992,8:34.41,,RUS,"Kalininets Stadium, Yekaterinburg (RUS)",Russian Championships,24 JUL 2026,2026,1.,B,National Championships,7243535,worldwide
men_3000sc,Konstantin PLOKHOTNIKOV,24 MAR 1997,8:37.13,,RUS,"Kalininets Stadium, Yekaterinburg (RUS)",Russian Championships,24 JUL 2026,2026,3.,B,National Championships,7243535,worldwide
men_3000sc,Artem KOROL,27 AUG 1998,8:38.61,,RUS,"Kalininets Stadium, Yekaterinburg (RUS)",Russian Championships,24 JUL 2026,2026,4.,B,National Championships,7243535,worldwide
men_3000sc,Eduard BATYRSHIN,04 DEC 1998,8:55.32,,RUS,"Kalininets Stadium, Yekaterinburg (RUS)",Russian Championships,24 JUL 2026,2026,8.,B,National Championships,7243535,worldwide
men_3000sc,Nikita KALGANOV,07 JUN 1999,8:59.10,,RUS,"Kalininets Stadium, Yekaterinburg (RUS)",Russian Championships,24 JUL 2026,2026,9.,B,National Championships,7243535,worldwide
men_3000sc,Nathan MOUNTAIN,27 AUG 2002,8:13.81,,USA,"Icahn Stadium, New York, NY (USA)",USA Championships,25 JUL 2026,2026,1.,B,National Championships,7243123,worldwide
men_3000sc,Carson WILLIAMS,12 FEB 2002,8:13.88,,USA,"Icahn Stadium, New York, NY (USA)",USA Championships,25 JUL 2026,2026,2.,B,National Championships,7243123,worldwide
men_3000sc,Duncan HAMILTON,14 JUL 2000,8:14.05,,USA,"Icahn Stadium, New York, NY (USA)",USA Championships,25 JUL 2026,2026,3.,B,National Championships,7243123,worldwide
men_3000sc,Daniel MICHALSKI,10 SEP 1995,8:17.78,,USA,"Icahn Stadium, New York, NY (USA)",USA Championships,25 JUL 2026,2026,4.,B,National Championships,7243123,worldwide
men_3000sc,Parker STOKES,05 SEP 2000,8:19.36,,USA,"Icahn Stadium, New York, NY (USA)",USA Championships,25 JUL 2026,2026,5.,B,National Championships,7243123,worldwide
men_3000sc,James CORRIGAN,16 APR 2002,8:21.05,,USA,"Icahn Stadium, New York, NY (USA)",USA Championships,25 JUL 2026,2026,7.,B,National Championships,7243123,worldwide
men_3000sc,Benjámin BALÁZS,02 JUN 2004,8:22.48,,USA,"Icahn Stadium, New York, NY (USA)",USA Championships,25 JUL 2026,2026,8.,B,National Championships,7243123,worldwide
men_3000sc,Yasin SADO,10 MAR 2001,8:24.52,,USA,"Icahn Stadium, New York, NY (USA)",USA Championships,25 JUL 2026,2026,9.,B,National Championships,7243123,worldwide
men_3000sc,Matthew WILKINSON,27 DEC 1998,8:24.94,,USA,"Icahn Stadium, New York, NY (USA)",USA Championships,25 JUL 2026,2026,10.,B,National Championships,7243123,worldwide
men_3000sc,Anthony ROTICH,20 OCT 1990,8:35.08,,USA,"Icahn Stadium, New York, NY (USA)",USA Championships,25 JUL 2026,2026,11.,B,National Championships,7243123,worldwide
men_3000sc,Jackson SHORTEN,15 JUL 2004,8:35.93,,USA,"Icahn Stadium, New York, NY (USA)",USA Championships,25 JUL 2026,2026,13.,B,National Championships,7243123,worldwide
men_3000sc,Benard KETER,25 MAY 1992,DNF,,USA,"Icahn Stadium, New York, NY (USA)",USA Championships,25 JUL 2026,2026,,B,National Championships,7243123,worldwide
men_3000sc,Maciej MEGIER,26 APR 2003,8:24.11,,POL,"Stadion BOSiR, Białystok (POL)",Polish Championships,24 JUL 2026,2026,1.,B,National Championships,7231706,worldwide
men_3000sc,Alexis MIELLET,05 MAY 1995,8:24.64,,FRA,"Stadium Municipal, Albi (FRA)",French Championships,25 JUL 2026,2026,1.,B,National Championships,7236362,worldwide
men_3000sc,Nicolas-Marie DARU,21 OCT 1988,8:27.35,,FRA,"Stadium Municipal, Albi (FRA)",French Championships,25 JUL 2026,2026,4.,B,National Championships,7236362,worldwide
men_3000sc,Louis GILAVERT,01 JAN 1998,8:28.65,,FRA,"Stadium Municipal, Albi (FRA)",French Championships,25 JUL 2026,2026,5.,B,National Championships,7236362,worldwide
men_3000sc,Baptiste FOURMONT,19 MAY 1999,8:29.08,,FRA,"Stadium Municipal, Albi (FRA)",French Championships,25 JUL 2026,2026,6.,B,National Championships,7236362,worldwide
men_3000sc,Luc LE BARON,05 FEB 2002,8:32.44,,FRA,"Stadium Municipal, Albi (FRA)",French Championships,25 JUL 2026,2026,7.,B,National Championships,7236362,worldwide
men_3000sc,Valentin BRESC,27 MAY 2001,8:36.65,,FRA,"Stadium Municipal, Albi (FRA)",French Championships,25 JUL 2026,2026,8.,B,National Championships,7236362,worldwide
men_3000sc,Djilali BEDRANI,01 OCT 1993,8:45.62,,FRA,"Stadium Municipal, Albi (FRA)",French Championships,25 JUL 2026,2026,12.,B,National Championships,7236362,worldwide
men_3000sc,Soheil BOUFRIZI,03 OCT 2001,DNF,,FRA,"Stadium Municipal, Albi (FRA)",French Championships,25 JUL 2026,2026,,B,National Championships,7236362,worldwide
men_3000sc,Leo MAGNUSSON,04 FEB 1998,8:31.40,,SWE,"Uppsala Friidrottsarena, Uppsala (SWE)",Swedish Championships,24 JUL 2026,2026,1.,B,National Championships,7237432,worldwide
men_3000sc,Vidar JOHANSSON,08 OCT 1996,8:33.90,,SWE,"Uppsala Friidrottsarena, Uppsala (SWE)",Swedish Championships,24 JUL 2026,2026,2.,B,National Championships,7237432,worldwide
men_3000sc,Daniel ARCE,22 APR 1992,8:32.61,,ESP,"Estadio Ciudad de Málaga, Málaga (ESP)",Spanish Championships,24 JUL 2026,2026,1.,B,National Championships,7239429,worldwide
men_3000sc,Alejandro QUIJADA,07 MAR 2001,8:36.71,,ESP,"Estadio Ciudad de Málaga, Málaga (ESP)",Spanish Championships,24 JUL 2026,2026,3.,B,National Championships,7239429,worldwide
men_3000sc,Rubén LEONARDO,15 FEB 2004,8:37.36,,ESP,"Estadio Ciudad de Málaga, Málaga (ESP)",Spanish Championships,24 JUL 2026,2026,4.,B,National Championships,7239429,worldwide
men_3000sc,Víctor RUIZ,24 JUN 1993,8:48.98,,ESP,"Estadio Ciudad de Málaga, Málaga (ESP)",Spanish Championships,24 JUL 2026,2026,8.,B,National Championships,7239429,worldwide
men_3000sc,Carlos ÁNGEL,30 MAR 2003,8:50.97,,ESP,"Estadio Ciudad de Málaga, Málaga (ESP)",Spanish Championships,24 JUL 2026,2026,9.,B,National Championships,7239429,worldwide
men_3000sc,Gonzalo PARRA,20 JUN 1996,9:16.47,,ESP,"Estadio Ciudad de Málaga, Málaga (ESP)",Spanish Championships,24 JUL 2026,2026,12.,B,National Championships,7239429,worldwide
men_3000sc,Estanislao Nicolas RUIZ,02 OCT 2000,DNF,,ESP,"Estadio Ciudad de Málaga, Málaga (ESP)",Spanish Championships,24 JUL 2026,2026,,B,National Championships,7239429,worldwide
men_3000sc,Lourenço RODRIGUES,02 FEB 2004,8:29.54,,POR,"Estadio Universitario, Lisboa (POR)",Portuguese Championships,26 JUL 2026,2026,1.,B,National Championships,7232876,worldwide
men_3000sc,Yassin BOUIH,24 NOV 1996,8:29.56,,ITA,"Stadio Luigi Ridolfi, Firenze (ITA)",Italian Championships,26 JUL 2026,2026,1.,B,National Championships,7239956,worldwide
men_3000sc,Enrico VECCHI,15 DEC 2000,8:32.02,,ITA,"Stadio Luigi Ridolfi, Firenze (ITA)",Italian Championships,26 JUL 2026,2026,2.,B,National Championships,7239956,worldwide
men_3000sc,István PALKOVITS,27 DEC 2000,8:32.21,,HUN,"Nemzeti Atlétikai Központ, Budapest (HUN)",Hungarian Championships,25 JUL 2026,2026,1.,B,National Championships,7243637,worldwide
men_3000sc,Karl BEBENDORF,07 MAY 1996,8:21.01,,GER,"Lohrheidestadion, Wattenscheid, Bochum (GER)",German Championships,25 JUL 2026,2026,1.,B,National Championships,7243645,worldwide
men_3000sc,Niklas BUCHHOLZ,04 MAR 1998,8:22.29,,GER,"Lohrheidestadion, Wattenscheid, Bochum (GER)",German Championships,25 JUL 2026,2026,2.,B,National Championships,7243645,worldwide
men_3000sc,Robin MÜLLER,12 JUN 2003,8:29.02,,GER,"Lohrheidestadion, Wattenscheid, Bochum (GER)",German Championships,25 JUL 2026,2026,4.,B,National Championships,7243645,worldwide
men_3000sc,Velten SCHNEIDER,21 AUG 1999,8:36.96,,GER,"Lohrheidestadion, Wattenscheid, Bochum (GER)",German Championships,25 JUL 2026,2026,6.,B,National Championships,7243645,worldwide
men_3000sc,Damián VÍCH,14 AUG 1998,8:50.56,,CZE,"Atletický stadion města Plzně, Plzeň (CZE)",Czech Championships,26 JUL 2026,2026,1.,B,National Championships,7239384,worldwide
men_3000sc,Jáchym KOVÁŘ,25 MAY 1996,8:55.14,,CZE,"Atletický stadion města Plzně, Plzeň (CZE)",Czech Championships,26 JUL 2026,2026,2.,B,National Championships,7239384,worldwide
men_3000sc,Tomáš HABARTA,10 JUL 2003,DNF,,CZE,"Atletický stadion města Plzně, Plzeň (CZE)",Czech Championships,26 JUL 2026,2026,,B,National Championships,7239384,worldwide
men_3000sc,Zakaria EL AHLAAMI,07 JUL 2004,8:16.72,,QAT,"Putbosstadion, Oordegem (BEL)",IFAM Oordegem,01 AUG 2026,2026,1.,C,Continental Tour,7235002,worldwide
men_3000sc,Duncan HAMILTON,14 JUL 2000,8:17.57,,USA,"Putbosstadion, Oordegem (BEL)",IFAM Oordegem,01 AUG 2026,2026,2.,C,Continental Tour,7235002,worldwide
men_3000sc,Leo MAGNUSSON,04 FEB 1998,8:18.52,,SWE,"Putbosstadion, Oordegem (BEL)",IFAM Oordegem,01 AUG 2026,2026,3.,C,Continental Tour,7235002,worldwide
men_3000sc,Robin MÜLLER,12 JUN 2003,8:25.36,,GER,"Putbosstadion, Oordegem (BEL)",IFAM Oordegem,01 AUG 2026,2026,5.,C,Continental Tour,7235002,worldwide
men_3000sc,Amos SEREM,28 AUG 2002,8:39.38,,KEN,"Putbosstadion, Oordegem (BEL)",IFAM Oordegem,01 AUG 2026,2026,13.,C,Continental Tour,7235002,worldwide
men_3000sc,Joey BERRIATUA,16 JUN 1995,8:42.72,,USA,"Putbosstadion, Oordegem (BEL)",IFAM Oordegem,01 AUG 2026,2026,15.,C,Continental Tour,7235002,worldwide
men_3000sc,Tim VAN DE VELDE,01 FEB 2000,DNF,,BEL,"Putbosstadion, Oordegem (BEL)",IFAM Oordegem,01 AUG 2026,2026,,C,Continental Tour,7235002,worldwide
men_3000sc,Zakariya GIRMA,23 DEC 2005,DNF,,ETH,"Putbosstadion, Oordegem (BEL)",IFAM Oordegem,01 AUG 2026,2026,,C,Continental Tour,7235002,worldwide
men_3000sc,Abderrafia BOUASSEL,18 FEB 2001,DNF,,MAR,"Putbosstadion, Oordegem (BEL)",IFAM Oordegem,01 AUG 2026,2026,,C,Continental Tour,7235002,worldwide
men_3000sc,Parker STOKES,05 SEP 2000,DNF,,USA,"Putbosstadion, Oordegem (BEL)",IFAM Oordegem,01 AUG 2026,2026,,C,Continental Tour,7235002,worldwide
men_3000sc,Ryoma AOKI,16 JUN 1997,DNF,,JPN,"Putbosstadion, Oordegem (BEL)",IFAM Oordegem,01 AUG 2026,2026,,C,Continental Tour,7235002,worldwide
men_3000sc,Víctor ORTIZ RIVERA,30 JUN 1998,8:39.72,,PUR,"Estadio Olimpico Juan Pablo Duarte, Santo Domingo (DOM)",CAC Games,07 AUG 2026,2026,3.,B,Area Regional Champs,7233796,worldwide
men_3000sc,Carlos SAN MARTÍN,19 NOV 1993,8:39.95,,COL,"Estadio Olimpico Juan Pablo Duarte, Santo Domingo (DOM)",CAC Games,07 AUG 2026,2026,4.,B,Area Regional Champs,7233796,worldwide
men_3000sc,Frederik RUPPERT,19 FEB 1997,8:25.33,,GER,"Alexander Stadium, Birmingham (GBR)",European Athletics Championships,16 AUG 2026,2026,1.,GL,Area Champs,7192415,worldwide
men_3000sc,Ruben QUERINJEAN,22 DEC 2001,8:25.61,,LUX,"Alexander Stadium, Birmingham (GBR)",European Athletics Championships,16 AUG 2026,2026,2.,GL,Area Champs,7192415,worldwide
men_3000sc,Karl BEBENDORF,07 MAY 1996,8:26.65,,GER,"Alexander Stadium, Birmingham (GBR)",European Athletics Championships,16 AUG 2026,2026,3.,GL,Area Champs,7192415,worldwide
men_3000sc,Daniel ARCE,22 APR 1992,8:27.02,,ESP,"Alexander Stadium, Birmingham (GBR)",European Athletics Championships,16 AUG 2026,2026,4.,GL,Area Champs,7192415,worldwide
men_3000sc,Alejandro QUIJADA,07 MAR 2001,8:29.15,,ESP,"Alexander Stadium, Birmingham (GBR)",European Athletics Championships,16 AUG 2026,2026,6.,GL,Area Champs,7192415,worldwide
men_3000sc,Rémi SCHYNS,26 JAN 1999,8:29.25,,BEL,"Alexander Stadium, Birmingham (GBR)",European Athletics Championships,16 AUG 2026,2026,7.,GL,Area Champs,7192415,worldwide
men_3000sc,Nicolas-Marie DARU,21 OCT 1988,8:29.46,,FRA,"Alexander Stadium, Birmingham (GBR)",European Athletics Championships,16 AUG 2026,2026,8.,GL,Area Champs,7192415,worldwide
men_3000sc,Niklas BUCHHOLZ,04 MAR 1998,8:31.08,,GER,"Alexander Stadium, Birmingham (GBR)",European Athletics Championships,16 AUG 2026,2026,9.,GL,Area Champs,7192415,worldwide
men_3000sc,Leo MAGNUSSON,04 FEB 1998,8:32.87,,SWE,"Alexander Stadium, Birmingham (GBR)",European Athletics Championships,16 AUG 2026,2026,10.,GL,Area Champs,7192415,worldwide
men_3000sc,Osama ZOGHLAMI,19 JUN 1994,8:33.25,,ITA,"Alexander Stadium, Birmingham (GBR)",European Athletics Championships,16 AUG 2026,2026,11.,GL,Area Champs,7192415,worldwide
men_3000sc,Ala ZOGHLAMI,19 JUN 1994,8:34.65,,ITA,"Alexander Stadium, Birmingham (GBR)",European Athletics Championships,16 AUG 2026,2026,13.,GL,Area Champs,7192415,worldwide
men_3000sc,William BATTERSHILL,25 FEB 1998,8:34.73,,GBR,"Alexander Stadium, Birmingham (GBR)",European Athletics Championships,16 AUG 2026,2026,14.,GL,Area Champs,7192415,worldwide
men_3000sc,Zak SEDDON,28 JUN 1994,8:35.83,,GBR,"Alexander Stadium, Birmingham (GBR)",European Athletics Championships,16 AUG 2026,2026,15.,GL,Area Champs,7192415,worldwide
men_3000sc,Yassin BOUIH,24 NOV 1996,8:36.15,,ITA,"Alexander Stadium, Birmingham (GBR)",European Athletics Championships,16 AUG 2026,2026,16.,GL,Area Champs,7192415,worldwide
men_3000sc,Topi RAITANEN,07 FEB 1996,8:45.30,,FIN,"Leppävaaran Stadion, Espoo (FIN)",Espoo Motonet GP,19 AUG 2026,2026,1.,C,Continental Tour,7235369,worldwide
men_3000sc,Duncan HAMILTON,14 JUL 2000,8:29.86,,USA,"Atletický stadion, Ustí Nad Orlicí (CZE)",Atletický Mítink Rieter,19 AUG 2026,2026,1.,D,Continental Tour,7235041,worldwide
men_3000sc,Damián VÍCH,14 AUG 1998,8:38.87,,CZE,"Atletický stadion, Ustí Nad Orlicí (CZE)",Atletický Mítink Rieter,19 AUG 2026,2026,2.,D,Continental Tour,7235041,worldwide
men_3000sc,Robin MÜLLER,12 JUN 2003,8:38.96,,GER,"Atletický stadion, Ustí Nad Orlicí (CZE)",Atletický Mítink Rieter,19 AUG 2026,2026,3.,D,Continental Tour,7235041,worldwide
men_3000sc,Edward TRIPPAS,22 SEP 1998,8:49.56,,AUS,"SA Athletic Stadium, Adelaide (AUS)",Adelaide Invitational,15 FEB 2025,2025,1.,C,Continental Tour,7216938,worldwide
men_3000sc,Jack BRUCE,31 AUG 1994,8:59.25,,AUS,"SA Athletic Stadium, Adelaide (AUS)",Adelaide Invitational,15 FEB 2025,2025,3.,C,Continental Tour,7216938,worldwide
men_3000sc,Matthew CLARKE,29 APR 1995,8:34.75,,AUS,"WA Athletics Stadium, Perth (AUS)",Australian Championships,12 APR 2025,2025,1.,B,National Championships,7217088,worldwide
men_3000sc,Ben BUCKINGHAM,08 NOV 1991,8:35.04,,AUS,"WA Athletics Stadium, Perth (AUS)",Australian Championships,12 APR 2025,2025,2.,B,National Championships,7217088,worldwide
men_3000sc,Edward TRIPPAS,22 SEP 1998,8:36.67,,AUS,"WA Athletics Stadium, Perth (AUS)",Australian Championships,12 APR 2025,2025,3.,B,National Championships,7217088,worldwide
men_3000sc,Jack BRUCE,31 AUG 1994,8:55.18,,AUS,"WA Athletics Stadium, Perth (AUS)",Australian Championships,12 APR 2025,2025,5.,B,National Championships,7217088,worldwide
men_3000sc,Hailemariyam AMARE,22 FEB 1997,8:28.00,,ETH,"National Stadium, Gaborone (BOT)",FNB Botswana Golden Grand Prix,12 APR 2025,2025,1.,A,Continental Tour,7223448,worldwide
men_3000sc,Milkesa FIKADU,22 JUN 2005,8:28.67,,ETH,"National Stadium, Gaborone (BOT)",FNB Botswana Golden Grand Prix,12 APR 2025,2025,2.,A,Continental Tour,7223448,worldwide
men_3000sc,Niklas BUCHHOLZ,04 MAR 1998,8:32.24,,GER,"National Stadium, Gaborone (BOT)",FNB Botswana Golden Grand Prix,12 APR 2025,2025,4.,A,Continental Tour,7223448,worldwide
men_3000sc,Eisa GIRMA,21 SEP 2007,8:35.88,,ETH,"National Stadium, Gaborone (BOT)",FNB Botswana Golden Grand Prix,12 APR 2025,2025,5.,A,Continental Tour,7223448,worldwide
men_3000sc,Berihun MOGES,18 MAR 2005,8:37.00,,ETH,"National Stadium, Gaborone (BOT)",FNB Botswana Golden Grand Prix,12 APR 2025,2025,6.,A,Continental Tour,7223448,worldwide
men_3000sc,Wilberforce Chemiat KONES,19 SEP 1993,8:38.14,,KEN,"National Stadium, Gaborone (BOT)",FNB Botswana Golden Grand Prix,12 APR 2025,2025,7.,A,Continental Tour,7223448,worldwide
men_3000sc,Victor KIBIEGO,,8:37.33,,KEN,"Franklin Field, Philadelphia, PA (USA)",The Penn Relays,24 APR 2025,2025,1.,B,Continental Tour,7219596,worldwide
men_3000sc,Hosein KEYHANI,26 APR 1990,DQ,,IRI,"Imam Reza Stadium, Mashhad (IRI)",4th International Imam Reza Cup Tournament,25 APR 2025,2025, - ,C,Continental Tour,7224852,worldwide
men_3000sc,Carlos SAN MARTÍN,19 NOV 1993,8:37.79,,COL,"Pista de Atletismo Justo Román, Mar del Plata (ARG)",South American Athletics Championships,26 APR 2025,2025,1.,GL,Area Champs,7227188,worldwide
men_3000sc,Yutaro NIINAE,06 FEB 2001,8:25.43,,JPN,"Municipal Stadium, Hiroshima (JPN)",59th Oda Mikio Memorial,29 APR 2025,2025,1.,C,Continental Tour,7223169,worldwide
men_3000sc,Philemon Kiplagat RUTO,20 SEP 2001,8:25.87,,KEN,"Municipal Stadium, Hiroshima (JPN)",59th Oda Mikio Memorial,29 APR 2025,2025,2.,C,Continental Tour,7223169,worldwide
men_3000sc,Yasunari KUSU,21 AUG 1993,8:34.51,,JPN,"Municipal Stadium, Hiroshima (JPN)",59th Oda Mikio Memorial,29 APR 2025,2025,3.,C,Continental Tour,7223169,worldwide
men_3000sc,Hibiki OBARA,10 NOV 2001,8:35.84,,JPN,"Municipal Stadium, Hiroshima (JPN)",59th Oda Mikio Memorial,29 APR 2025,2025,4.,C,Continental Tour,7223169,worldwide
men_3000sc,Seiya SUNADA,30 OCT 2001,8:39.37,,JPN,"Municipal Stadium, Hiroshima (JPN)",59th Oda Mikio Memorial,29 APR 2025,2025,6.,C,Continental Tour,7223169,worldwide
men_3000sc,Hosein KEYHANI,26 APR 1990,DQ,,IRI,"Sardar Jangal Stadium, Rasht (IRI)",Iranian Championships,09 MAY 2025,2025, - ,B,National Championships,7225005,worldwide
men_3000sc,Ryuji MIURA,11 FEB 2002,8:18.96,,JPN,"National Stadium, Tokyo (JPN)",Seiko Golden Grand Prix 2025 Tokyo,18 MAY 2025,2025,1.,A,Continental Tour,7216820,worldwide
men_3000sc,Milkesa FIKADU,22 JUN 2005,8:20.10,,ETH,"National Stadium, Tokyo (JPN)",Seiko Golden Grand Prix 2025 Tokyo,18 MAY 2025,2025,2.,A,Continental Tour,7216820,worldwide
men_3000sc,Ryoma AOKI,16 JUN 1997,8:20.99,,JPN,"National Stadium, Tokyo (JPN)",Seiko Golden Grand Prix 2025 Tokyo,18 MAY 2025,2025,3.,A,Continental Tour,7216820,worldwide
men_3000sc,Velten SCHNEIDER,21 AUG 1999,8:22.55,,GER,"National Stadium, Tokyo (JPN)",Seiko Golden Grand Prix 2025 Tokyo,18 MAY 2025,2025,4.,A,Continental Tour,7216820,worldwide
men_3000sc,Matthew CLARKE,29 APR 1995,8:23.60,,AUS,"National Stadium, Tokyo (JPN)",Seiko Golden Grand Prix 2025 Tokyo,18 MAY 2025,2025,5.,A,Continental Tour,7216820,worldwide
men_3000sc,Hibiki OBARA,10 NOV 2001,8:24.36,,JPN,"National Stadium, Tokyo (JPN)",Seiko Golden Grand Prix 2025 Tokyo,18 MAY 2025,2025,6.,A,Continental Tour,7216820,worldwide
men_3000sc,Ben BUCKINGHAM,08 NOV 1991,8:27.44,,AUS,"National Stadium, Tokyo (JPN)",Seiko Golden Grand Prix 2025 Tokyo,18 MAY 2025,2025,7.,A,Continental Tour,7216820,worldwide
men_3000sc,Daichi SHIBATA,02 NOV 2004,8:30.62,,JPN,"National Stadium, Tokyo (JPN)",Seiko Golden Grand Prix 2025 Tokyo,18 MAY 2025,2025,8.,A,Continental Tour,7216820,worldwide
men_3000sc,Seiya SUNADA,30 OCT 2001,8:35.53,,JPN,"National Stadium, Tokyo (JPN)",Seiko Golden Grand Prix 2025 Tokyo,18 MAY 2025,2025,9.,A,Continental Tour,7216820,worldwide
men_3000sc,Yasunari KUSU,21 AUG 1993,8:41.31,,JPN,"National Stadium, Tokyo (JPN)",Seiko Golden Grand Prix 2025 Tokyo,18 MAY 2025,2025,10.,A,Continental Tour,7216820,worldwide
men_3000sc,Atsushi SHOBU,16 DEC 2001,DNF,,JPN,"National Stadium, Tokyo (JPN)",Seiko Golden Grand Prix 2025 Tokyo,18 MAY 2025,2025,,A,Continental Tour,7216820,worldwide
men_3000sc,Stefan NILLESSEN,02 JAN 2003,8:32.78,,NED,"Atletiekbaan Brakkenstein, Nijmegen (NED)",Next Generation Athletics,24 MAY 2025,2025,1.,D,Continental Tour,7219151,worldwide
men_3000sc,Niklas BUCHHOLZ,04 MAR 1998,8:23.57,,GER,"Boudewijnstadion, Bruxelles (BEL)",IFAM Outdoor,25 MAY 2025,2025,1.,C,Continental Tour,7218626,worldwide
men_3000sc,Ala ZOGHLAMI,19 JUN 1994,8:25.81,,ITA,"Boudewijnstadion, Bruxelles (BEL)",IFAM Outdoor,25 MAY 2025,2025,2.,C,Continental Tour,7218626,worldwide
men_3000sc,Baptiste FOURMONT,19 MAY 1999,8:28.06,,FRA,"Boudewijnstadion, Bruxelles (BEL)",IFAM Outdoor,25 MAY 2025,2025,3.,C,Continental Tour,7218626,worldwide
men_3000sc,Jacob BOUTERA,29 APR 1996,8:28.76,,NOR,"Boudewijnstadion, Bruxelles (BEL)",IFAM Outdoor,25 MAY 2025,2025,4.,C,Continental Tour,7218626,worldwide
men_3000sc,Etson BARROS,16 MAR 2001,8:31.55,,POR,"Boudewijnstadion, Bruxelles (BEL)",IFAM Outdoor,25 MAY 2025,2025,5.,C,Continental Tour,7218626,worldwide
men_3000sc,Valentin BRESC,27 MAY 2001,8:32.02,,FRA,"Boudewijnstadion, Bruxelles (BEL)",IFAM Outdoor,25 MAY 2025,2025,6.,C,Continental Tour,7218626,worldwide
men_3000sc,Robin MÜLLER,12 JUN 2003,8:41.03,,GER,"Boudewijnstadion, Bruxelles (BEL)",IFAM Outdoor,25 MAY 2025,2025,10.,C,Continental Tour,7218626,worldwide
men_3000sc,Kevin ROBERTSON,28 SEP 1998,8:44.22,,CAN,"Boudewijnstadion, Bruxelles (BEL)",IFAM Outdoor,25 MAY 2025,2025,13.,C,Continental Tour,7218626,worldwide
men_3000sc,Lourenço RODRIGUES,02 FEB 2004,8:44.57,,POR,"Boudewijnstadion, Bruxelles (BEL)",IFAM Outdoor,25 MAY 2025,2025,14.,C,Continental Tour,7218626,worldwide
men_3000sc,Nick JÄGER,22 AUG 1999,8:44.76,,GER,"Boudewijnstadion, Bruxelles (BEL)",IFAM Outdoor,25 MAY 2025,2025,15.,C,Continental Tour,7218626,worldwide
men_3000sc,Kenneth ROOKS,21 OCT 1999,8:14.25,,USA,"Jack Kemp Stadium - Occidental College, Los Angeles, CA (USA)",Track Fest,24 MAY 2025,2025,1.,B,Continental Tour,7222403,worldwide
men_3000sc,Duncan HAMILTON,14 JUL 2000,8:20.28,,USA,"Jack Kemp Stadium - Occidental College, Los Angeles, CA (USA)",Track Fest,24 MAY 2025,2025,2.,B,Continental Tour,7222403,worldwide
men_3000sc,Derek JOHNSON,11 OCT 1999,8:22.64,,USA,"Jack Kemp Stadium - Occidental College, Los Angeles, CA (USA)",Track Fest,24 MAY 2025,2025,3.,B,Continental Tour,7222403,worldwide
men_3000sc,Gable SIEPERDA,01 AUG 1999,8:24.82,,USA,"Jack Kemp Stadium - Occidental College, Los Angeles, CA (USA)",Track Fest,24 MAY 2025,2025,4.,B,Continental Tour,7222403,worldwide
men_3000sc,Daniel MICHALSKI,10 SEP 1995,8:24.91,,USA,"Jack Kemp Stadium - Occidental College, Los Angeles, CA (USA)",Track Fest,24 MAY 2025,2025,5.,B,Continental Tour,7222403,worldwide
men_3000sc,Edward TRIPPAS,22 SEP 1998,8:27.58,,AUS,"Jack Kemp Stadium - Occidental College, Los Angeles, CA (USA)",Track Fest,24 MAY 2025,2025,6.,B,Continental Tour,7222403,worldwide
men_3000sc,Jackson MESTLER,27 DEC 1997,8:29.68,,USA,"Jack Kemp Stadium - Occidental College, Los Angeles, CA (USA)",Track Fest,24 MAY 2025,2025,7.,B,Continental Tour,7222403,worldwide
men_3000sc,Benard KETER,25 MAY 1992,8:34.92,,USA,"Jack Kemp Stadium - Occidental College, Los Angeles, CA (USA)",Track Fest,24 MAY 2025,2025,8.,B,Continental Tour,7222403,worldwide
men_3000sc,Parker STOKES,05 SEP 2000,8:52.58,,USA,"Jack Kemp Stadium - Occidental College, Los Angeles, CA (USA)",Track Fest,24 MAY 2025,2025,9.,B,Continental Tour,7222403,worldwide
men_3000sc,Alec BASTEN,26 FEB 1998,8:52.63,,USA,"Jack Kemp Stadium - Occidental College, Los Angeles, CA (USA)",Track Fest,24 MAY 2025,2025,10.,B,Continental Tour,7222403,worldwide
men_3000sc,Joey BERRIATUA,16 JUN 1995,DNF,,USA,"Jack Kemp Stadium - Occidental College, Los Angeles, CA (USA)",Track Fest,24 MAY 2025,2025,,B,Continental Tour,7222403,worldwide
men_3000sc,Nahuel CARABAÑA,10 NOV 1999,9:09.50,,AND,"Estadi Comunal, Andorra La Vella (AND)",Games of the Small States of Europe,27 MAY 2025,2025,1.,D,Area Regional Champs,7206815,worldwide
men_3000sc,Avinash Mukund SABLE,13 SEP 1994,8:20.92,,IND,"Gumi Civic Stadium, Gumi (KOR)",26th Asian Athletics Championships,29 MAY 2025,2025,1.,GL,Area Champs,7216290,worldwide
men_3000sc,Yutaro NIINAE,06 FEB 2001,8:24.41,,JPN,"Gumi Civic Stadium, Gumi (KOR)",26th Asian Athletics Championships,29 MAY 2025,2025,2.,GL,Area Champs,7216290,worldwide
men_3000sc,Zakaria EL AHLAAMI,07 JUL 2004,8:27.12,,QAT,"Gumi Civic Stadium, Gumi (KOR)",26th Asian Athletics Championships,29 MAY 2025,2025,3.,GL,Area Champs,7216290,worldwide
men_3000sc,Faid EL MOSTAFA,13 JAN 2000,8:19.77,,MAR,"Stade Universitaire D. Faucher, Toulouse (FRA)",Meeting international du SATUC Toulouse Athlé,29 MAY 2025,2025,1.,D,Continental Tour,7219132,worldwide
men_3000sc,Osama ZOGHLAMI,19 JUN 1994,8:26.63,,ITA,"Stade Universitaire D. Faucher, Toulouse (FRA)",Meeting international du SATUC Toulouse Athlé,29 MAY 2025,2025,2.,D,Continental Tour,7219132,worldwide
men_3000sc,Gatien AIRIAU,09 JUN 1993,8:37.83,,FRA,"Stade Universitaire D. Faucher, Toulouse (FRA)",Meeting international du SATUC Toulouse Athlé,29 MAY 2025,2025,5.,D,Continental Tour,7219132,worldwide
men_3000sc,Abdelhamid ZERRIFI,20 JUN 1986,8:46.23,,FRA,"Stade Universitaire D. Faucher, Toulouse (FRA)",Meeting international du SATUC Toulouse Athlé,29 MAY 2025,2025,8.,D,Continental Tour,7219132,worldwide
men_3000sc,Matthew WILKINSON,27 DEC 1998,8:14.08,,USA,"Parc des Sports C. Ehrmann, Nice (FRA)",Meeting Nikaia,31 MAY 2025,2025,1.,C,Continental Tour,7218637,worldwide
men_3000sc,Nathan MOUNTAIN,27 AUG 2002,8:14.43,,USA,"Parc des Sports C. Ehrmann, Nice (FRA)",Meeting Nikaia,31 MAY 2025,2025,2.,C,Continental Tour,7218637,worldwide
men_3000sc,Baptiste FOURMONT,19 MAY 1999,8:16.34,,FRA,"Parc des Sports C. Ehrmann, Nice (FRA)",Meeting Nikaia,31 MAY 2025,2025,3.,C,Continental Tour,7218637,worldwide
men_3000sc,Jacob BOUTERA,29 APR 1996,8:17.25,,NOR,"Parc des Sports C. Ehrmann, Nice (FRA)",Meeting Nikaia,31 MAY 2025,2025,4.,C,Continental Tour,7218637,worldwide
men_3000sc,Faid EL MOSTAFA,13 JAN 2000,8:18.43,,MAR,"Parc des Sports C. Ehrmann, Nice (FRA)",Meeting Nikaia,31 MAY 2025,2025,5.,C,Continental Tour,7218637,worldwide
men_3000sc,Edward TRIPPAS,22 SEP 1998,8:23.19,,AUS,"Parc des Sports C. Ehrmann, Nice (FRA)",Meeting Nikaia,31 MAY 2025,2025,6.,C,Continental Tour,7218637,worldwide
men_3000sc,Vidar JOHANSSON,08 OCT 1996,8:26.96,,SWE,"Parc des Sports C. Ehrmann, Nice (FRA)",Meeting Nikaia,31 MAY 2025,2025,7.,C,Continental Tour,7218637,worldwide
men_3000sc,Víctor ORTIZ RIVERA,30 JUN 1998,8:27.26,,PUR,"Parc des Sports C. Ehrmann, Nice (FRA)",Meeting Nikaia,31 MAY 2025,2025,8.,C,Continental Tour,7218637,worldwide
men_3000sc,Simon SUNDSTRÖM,04 FEB 1998,8:34.91,,SWE,"Parc des Sports C. Ehrmann, Nice (FRA)",Meeting Nikaia,31 MAY 2025,2025,10.,C,Continental Tour,7218637,worldwide
men_3000sc,Evan JAGER,08 MAR 1989,8:35.94,,USA,"Parc des Sports C. Ehrmann, Nice (FRA)",Meeting Nikaia,31 MAY 2025,2025,11.,C,Continental Tour,7218637,worldwide
men_3000sc,Valentin BRESC,27 MAY 2001,8:38.70,,FRA,"Parc des Sports C. Ehrmann, Nice (FRA)",Meeting Nikaia,31 MAY 2025,2025,12.,C,Continental Tour,7218637,worldwide
men_3000sc,Maciej MEGIER,26 APR 2003,8:23.01,,POL,"Zdzisław Krzyszkowiak Stadium, Bydgoszcz (POL)",7th Irena Szewińska Memorial,30 MAY 2025,2025,1.,A,Continental Tour,7214476,worldwide
men_3000sc,Víctor RUIZ,24 JUN 1993,8:28.33,,ESP,"Pistes d'atletisme Gaetà Huguet, Castellón (ESP)",GP Diputacion Castellon - Memorial Jose Antonio Cansino,30 MAY 2025,2025,1.,D,Continental Tour,7218537,worldwide
men_3000sc,Carlos ÁNGEL,30 MAR 2003,8:34.11,,ESP,"Pistes d'atletisme Gaetà Huguet, Castellón (ESP)",GP Diputacion Castellon - Memorial Jose Antonio Cansino,30 MAY 2025,2025,2.,D,Continental Tour,7218537,worldwide
men_3000sc,Eric PEÑALVER,23 SEP 1993,DNF,,ESP,"Pistes d'atletisme Gaetà Huguet, Castellón (ESP)",GP Diputacion Castellon - Memorial Jose Antonio Cansino,30 MAY 2025,2025,,D,Continental Tour,7218537,worldwide
men_3000sc,Edmund SEREM,27 DEC 2007,8:27.68,,KEN,"Ulinzi Sports Complex, Langata, Nairobi (KEN)",Kip Keino Classic,31 MAY 2025,2025,1.,A,Continental Tour,7216821,worldwide
men_3000sc,Zakariya GIRMA,23 DEC 2005,8:32.39,,ETH,"Ulinzi Sports Complex, Langata, Nairobi (KEN)",Kip Keino Classic,31 MAY 2025,2025,4.,A,Continental Tour,7216821,worldwide
men_3000sc,Wesley LANGAT,07 JUL 1994,8:43.74,,KEN,"Ulinzi Sports Complex, Langata, Nairobi (KEN)",Kip Keino Classic,31 MAY 2025,2025,7.,A,Continental Tour,7216821,worldwide
men_3000sc,Damián VÍCH,14 AUG 1998,8:53.99,,CZE,"Ulinzi Sports Complex, Langata, Nairobi (KEN)",Kip Keino Classic,31 MAY 2025,2025,8.,A,Continental Tour,7216821,worldwide
men_3000sc,John KOECH,23 AUG 1995,DNF,,BRN,"Ulinzi Sports Complex, Langata, Nairobi (KEN)",Kip Keino Classic,31 MAY 2025,2025,,A,Continental Tour,7216821,worldwide
men_3000sc,Wilberforce Chemiat KONES,19 SEP 1993,DNF,,KEN,"Ulinzi Sports Complex, Langata, Nairobi (KEN)",Kip Keino Classic,31 MAY 2025,2025,,A,Continental Tour,7216821,worldwide
men_3000sc,Berihun MOGES,18 MAR 2005,8:30.28,,ETH,"Stadio Quercia, Rovereto (ITA)",61° Palio Città della Quercia,02 JUN 2025,2025,1.,B,Continental Tour,7220557,worldwide
men_3000sc,Rubén LEONARDO,15 FEB 2004,8:37.51,,ESP,"Estadio Enrique Lopez Cuenca, Nerja (ESP)",Desafio Nerja,04 JUN 2025,2025,2.,D,Continental Tour,7219195,worldwide
men_3000sc,Sebastián MARTOS,20 JUN 1989,8:41.20,,ESP,"Estadio Enrique Lopez Cuenca, Nerja (ESP)",Desafio Nerja,04 JUN 2025,2025,3.,D,Continental Tour,7219195,worldwide
men_3000sc,Eric PEÑALVER,23 SEP 1993,8:41.76,,ESP,"Estadio Enrique Lopez Cuenca, Nerja (ESP)",Desafio Nerja,04 JUN 2025,2025,4.,D,Continental Tour,7219195,worldwide
men_3000sc,Ruben QUERINJEAN,22 DEC 2001,8:20.94,,LUX,"Bungertstadion, Rehlingen (GER)",60. Internationales Pfingstsportfest Rehlingen,08 JUN 2025,2025,1.,B,Continental Tour,7218861,worldwide
men_3000sc,Vidar JOHANSSON,08 OCT 1996,8:22.27,,SWE,"Bungertstadion, Rehlingen (GER)",60. Internationales Pfingstsportfest Rehlingen,08 JUN 2025,2025,2.,B,Continental Tour,7218861,worldwide
men_3000sc,Velten SCHNEIDER,21 AUG 1999,8:23.36,,GER,"Bungertstadion, Rehlingen (GER)",60. Internationales Pfingstsportfest Rehlingen,08 JUN 2025,2025,3.,B,Continental Tour,7218861,worldwide
men_3000sc,Ala ZOGHLAMI,19 JUN 1994,8:24.79,,ITA,"Bungertstadion, Rehlingen (GER)",60. Internationales Pfingstsportfest Rehlingen,08 JUN 2025,2025,4.,B,Continental Tour,7218861,worldwide
men_3000sc,Jean-Simon DESGAGNÉS,26 JUL 1998,8:25.93,,CAN,"Bungertstadion, Rehlingen (GER)",60. Internationales Pfingstsportfest Rehlingen,08 JUN 2025,2025,5.,B,Continental Tour,7218861,worldwide
men_3000sc,Ben BUCKINGHAM,08 NOV 1991,8:28.81,,AUS,"Bungertstadion, Rehlingen (GER)",60. Internationales Pfingstsportfest Rehlingen,08 JUN 2025,2025,6.,B,Continental Tour,7218861,worldwide
men_3000sc,Niklas BUCHHOLZ,04 MAR 1998,8:29.12,,GER,"Bungertstadion, Rehlingen (GER)",60. Internationales Pfingstsportfest Rehlingen,08 JUN 2025,2025,7.,B,Continental Tour,7218861,worldwide
men_3000sc,Osama ZOGHLAMI,19 JUN 1994,8:31.88,,ITA,"Bungertstadion, Rehlingen (GER)",60. Internationales Pfingstsportfest Rehlingen,08 JUN 2025,2025,8.,B,Continental Tour,7218861,worldwide
men_3000sc,Tomáš HABARTA,10 JUL 2003,8:32.81,,CZE,"Bungertstadion, Rehlingen (GER)",60. Internationales Pfingstsportfest Rehlingen,08 JUN 2025,2025,9.,B,Continental Tour,7218861,worldwide
men_3000sc,Mark PEARCE,19 JAN 1996,8:36.04,,GBR,"Bungertstadion, Rehlingen (GER)",60. Internationales Pfingstsportfest Rehlingen,08 JUN 2025,2025,10.,B,Continental Tour,7218861,worldwide
men_3000sc,Yassin BOUIH,24 NOV 1996,8:47.22,,ITA,"Bungertstadion, Rehlingen (GER)",60. Internationales Pfingstsportfest Rehlingen,08 JUN 2025,2025,11.,B,Continental Tour,7218861,worldwide
men_3000sc,Víctor ORTIZ RIVERA,30 JUN 1998,8:51.22,,PUR,"Bungertstadion, Rehlingen (GER)",60. Internationales Pfingstsportfest Rehlingen,08 JUN 2025,2025,12.,B,Continental Tour,7218861,worldwide
men_3000sc,Isaac UPDIKE,21 MAR 1992,8:13.64,,USA,"Griswold Stadium, Portland, OR (USA)",Portland Track Festival,14 JUN 2025,2025,1.,C,Continental Tour,7219494,worldwide
men_3000sc,Gable SIEPERDA,01 AUG 1999,8:20.95,,USA,"Griswold Stadium, Portland, OR (USA)",Portland Track Festival,14 JUN 2025,2025,2.,C,Continental Tour,7219494,worldwide
men_3000sc,Duncan HAMILTON,14 JUL 2000,8:21.86,,USA,"Griswold Stadium, Portland, OR (USA)",Portland Track Festival,14 JUN 2025,2025,3.,C,Continental Tour,7219494,worldwide
men_3000sc,Hibiki OBARA,10 NOV 2001,8:22.64,,JPN,"Griswold Stadium, Portland, OR (USA)",Portland Track Festival,14 JUN 2025,2025,4.,C,Continental Tour,7219494,worldwide
men_3000sc,Parker STOKES,05 SEP 2000,8:24.96,,USA,"Griswold Stadium, Portland, OR (USA)",Portland Track Festival,14 JUN 2025,2025,5.,C,Continental Tour,7219494,worldwide
men_3000sc,Yasin SADO,10 MAR 2001,8:25.14,,USA,"Griswold Stadium, Portland, OR (USA)",Portland Track Festival,14 JUN 2025,2025,6.,C,Continental Tour,7219494,worldwide
men_3000sc,Daniel MICHALSKI,10 SEP 1995,8:27.06,,USA,"Griswold Stadium, Portland, OR (USA)",Portland Track Festival,14 JUN 2025,2025,7.,C,Continental Tour,7219494,worldwide
men_3000sc,Derek JOHNSON,11 OCT 1999,8:28.63,,USA,"Griswold Stadium, Portland, OR (USA)",Portland Track Festival,14 JUN 2025,2025,8.,C,Continental Tour,7219494,worldwide
men_3000sc,Joey BERRIATUA,16 JUN 1995,8:32.19,,USA,"Griswold Stadium, Portland, OR (USA)",Portland Track Festival,14 JUN 2025,2025,9.,C,Continental Tour,7219494,worldwide
men_3000sc,Kevin ROBERTSON,28 SEP 1998,8:33.54,,CAN,"Griswold Stadium, Portland, OR (USA)",Portland Track Festival,14 JUN 2025,2025,10.,C,Continental Tour,7219494,worldwide
men_3000sc,Craig NOWAK,20 APR 1994,8:38.14,,USA,"Griswold Stadium, Portland, OR (USA)",Portland Track Festival,14 JUN 2025,2025,11.,C,Continental Tour,7219494,worldwide
men_3000sc,Aidan TOOKER,26 JUN 1998,8:44.00,,USA,"Griswold Stadium, Portland, OR (USA)",Portland Track Festival,14 JUN 2025,2025,12.,C,Continental Tour,7219494,worldwide
men_3000sc,Benard KETER,25 MAY 1992,8:53.15,,USA,"Griswold Stadium, Portland, OR (USA)",Portland Track Festival,14 JUN 2025,2025,13.,C,Continental Tour,7219494,worldwide
men_3000sc,Jackson MESTLER,27 DEC 1997,DNF,,USA,"Griswold Stadium, Portland, OR (USA)",Portland Track Festival,14 JUN 2025,2025,,C,Continental Tour,7219494,worldwide
men_3000sc,Etson BARROS,16 MAR 2001,8:36.49,,POR,"Estádio 1o de Maio, Braga (POR)",Meeting of Braga,14 JUN 2025,2025,1.,C,Continental Tour,7219930,worldwide
men_3000sc,Frederik RUPPERT,19 FEB 1997,8:10.39,,GER,"Paavo Nurmen Stadion, Turku (FIN)",Paavo Nurmi Games,17 JUN 2025,2025,1.,A,Continental Tour,7216765,worldwide
men_3000sc,Karl BEBENDORF,07 MAY 1996,8:11.52,,GER,"Paavo Nurmen Stadion, Turku (FIN)",Paavo Nurmi Games,17 JUN 2025,2025,2.,A,Continental Tour,7216765,worldwide
men_3000sc,Salah Eddine BEN YAZIDE,06 MAY 2003,8:14.05,,MAR,"Paavo Nurmen Stadion, Turku (FIN)",Paavo Nurmi Games,17 JUN 2025,2025,3.,A,Continental Tour,7216765,worldwide
men_3000sc,Ruben QUERINJEAN,22 DEC 2001,8:14.33,,LUX,"Paavo Nurmen Stadion, Turku (FIN)",Paavo Nurmi Games,17 JUN 2025,2025,4.,A,Continental Tour,7216765,worldwide
men_3000sc,Jean-Simon DESGAGNÉS,26 JUL 1998,8:14.40,,CAN,"Paavo Nurmen Stadion, Turku (FIN)",Paavo Nurmi Games,17 JUN 2025,2025,5.,A,Continental Tour,7216765,worldwide
men_3000sc,Jacob BOUTERA,29 APR 1996,8:16.09,,NOR,"Paavo Nurmen Stadion, Turku (FIN)",Paavo Nurmi Games,17 JUN 2025,2025,6.,A,Continental Tour,7216765,worldwide
men_3000sc,Geordie BEAMISH,24 OCT 1996,8:17.77,,NZL,"Paavo Nurmen Stadion, Turku (FIN)",Paavo Nurmi Games,17 JUN 2025,2025,7.,A,Continental Tour,7216765,worldwide
men_3000sc,Mohamed TINDOUFT,12 MAR 1993,8:21.01,,MAR,"Paavo Nurmen Stadion, Turku (FIN)",Paavo Nurmi Games,17 JUN 2025,2025,8.,A,Continental Tour,7216765,worldwide
men_3000sc,Ben BUCKINGHAM,08 NOV 1991,8:24.70,,AUS,"Paavo Nurmen Stadion, Turku (FIN)",Paavo Nurmi Games,17 JUN 2025,2025,9.,A,Continental Tour,7216765,worldwide
men_3000sc,Zak SEDDON,28 JUN 1994,8:25.39,,GBR,"Paavo Nurmen Stadion, Turku (FIN)",Paavo Nurmi Games,17 JUN 2025,2025,10.,A,Continental Tour,7216765,worldwide
men_3000sc,Wilberforce Chemiat KONES,19 SEP 1993,8:34.20,,KEN,"Paavo Nurmen Stadion, Turku (FIN)",Paavo Nurmi Games,17 JUN 2025,2025,11.,A,Continental Tour,7216765,worldwide
men_3000sc,Wesley LANGAT,07 JUL 1994,DNF,,KEN,"Paavo Nurmen Stadion, Turku (FIN)",Paavo Nurmi Games,17 JUN 2025,2025,,A,Continental Tour,7216765,worldwide
men_3000sc,Nahuel CARABAÑA,10 NOV 1999,DNF,,AND,"Paavo Nurmen Stadion, Turku (FIN)",Paavo Nurmi Games,17 JUN 2025,2025,,A,Continental Tour,7216765,worldwide
men_3000sc,Etson BARROS,16 MAR 2001,8:25.63,,POR,"Estádio José Vieira de Carvalho, Maia (POR)",Gold Gala Fernanda Ribeiro,21 JUN 2025,2025,1.,D,Continental Tour,7219163,worldwide
men_3000sc,Velten SCHNEIDER,21 AUG 1999,8:18.12,,GER,"Paul-Greifzu-Stadion, Dessau (GER)",27. Anhalt Meeting Dessau,21 JUN 2025,2025,1.,C,Continental Tour,7218447,worldwide
men_3000sc,Niklas BUCHHOLZ,04 MAR 1998,8:18.17,,GER,"Paul-Greifzu-Stadion, Dessau (GER)",27. Anhalt Meeting Dessau,21 JUN 2025,2025,2.,C,Continental Tour,7218447,worldwide
men_3000sc,Osama ZOGHLAMI,19 JUN 1994,8:26.03,,ITA,"Paul-Greifzu-Stadion, Dessau (GER)",27. Anhalt Meeting Dessau,21 JUN 2025,2025,3.,C,Continental Tour,7218447,worldwide
men_3000sc,Robin MÜLLER,12 JUN 2003,8:26.72,,GER,"Paul-Greifzu-Stadion, Dessau (GER)",27. Anhalt Meeting Dessau,21 JUN 2025,2025,4.,C,Continental Tour,7218447,worldwide
men_3000sc,Damián VÍCH,14 AUG 1998,8:26.85,,CZE,"Paul-Greifzu-Stadion, Dessau (GER)",27. Anhalt Meeting Dessau,21 JUN 2025,2025,5.,C,Continental Tour,7218447,worldwide
men_3000sc,Clément DEFLANDRE,14 DEC 1997,8:36.57,,BEL,"Paul-Greifzu-Stadion, Dessau (GER)",27. Anhalt Meeting Dessau,21 JUN 2025,2025,6.,C,Continental Tour,7218447,worldwide
men_3000sc,Nick JÄGER,22 AUG 1999,8:46.03,,GER,"Paul-Greifzu-Stadion, Dessau (GER)",27. Anhalt Meeting Dessau,21 JUN 2025,2025,7.,C,Continental Tour,7218447,worldwide
men_3000sc,Casey COMBER,04 NOV 1996,DNF,,USA,"Paul-Greifzu-Stadion, Dessau (GER)",27. Anhalt Meeting Dessau,21 JUN 2025,2025,,C,Continental Tour,7218447,worldwide
men_3000sc,Wesley LANGAT,07 JUL 1994,DNF,,KEN,"Paul-Greifzu-Stadion, Dessau (GER)",27. Anhalt Meeting Dessau,21 JUN 2025,2025,,C,Continental Tour,7218447,worldwide
men_3000sc,Simon KOECH,06 OCT 2003,8:22.99,,KEN,"Nyayo National Stadium, Nairobi (KEN)",Kenyan Championships,27 JUN 2025,2025,1.,B,National Championships,7217332,worldwide
men_3000sc,Abraham KIBIWOT,06 APR 1996,8:36.10,,KEN,"Nyayo National Stadium, Nairobi (KEN)",Kenyan Championships,27 JUN 2025,2025,2.,B,National Championships,7217332,worldwide
men_3000sc,Benjamin KIGEN,05 JUL 1993,8:39.75,,KEN,"Nyayo National Stadium, Nairobi (KEN)",Kenyan Championships,27 JUN 2025,2025,3.,B,National Championships,7217332,worldwide
men_3000sc,Wesley LANGAT,07 JUL 1994,8:44.53,,KEN,"Nyayo National Stadium, Nairobi (KEN)",Kenyan Championships,27 JUN 2025,2025,5.,B,National Championships,7217332,worldwide
men_3000sc,Wilberforce Chemiat KONES,19 SEP 1993,8:53.17,,KEN,"Nyayo National Stadium, Nairobi (KEN)",Kenyan Championships,27 JUN 2025,2025,7.,B,National Championships,7217332,worldwide
men_3000sc,Justus LAGAT,20 MAY 1996,9:25.68,,KEN,"Nyayo National Stadium, Nairobi (KEN)",Kenyan Championships,27 JUN 2025,2025,18.,B,National Championships,7217332,worldwide
men_3000sc,Fredrik SANDVIK,23 MAR 1998,8:29.61,,NOR,"Sola Arena, Karlstad (SWE)",Folksam Grand Prix Karlstad,03 JUL 2025,2025,2.,C,Continental Tour,7220031,worldwide
men_3000sc,Víctor ORTIZ RIVERA,30 JUN 1998,8:33.28,,PUR,"Sola Arena, Karlstad (SWE)",Folksam Grand Prix Karlstad,03 JUL 2025,2025,3.,C,Continental Tour,7220031,worldwide
men_3000sc,Leo MAGNUSSON,04 FEB 1998,8:33.65,,SWE,"Sola Arena, Karlstad (SWE)",Folksam Grand Prix Karlstad,03 JUL 2025,2025,4.,C,Continental Tour,7220031,worldwide
men_3000sc,Ryoma AOKI,16 JUN 1997,8:26.62,,JPN,"National Stadium, Tokyo (JPN)",Japanese Championships,04 JUL 2025,2025,1.,B,National Championships,7224447,worldwide
men_3000sc,Yutaro NIINAE,06 FEB 2001,8:28.56,,JPN,"National Stadium, Tokyo (JPN)",Japanese Championships,04 JUL 2025,2025,2.,B,National Championships,7224447,worldwide
men_3000sc,Yasunari KUSU,21 AUG 1993,8:33.93,,JPN,"National Stadium, Tokyo (JPN)",Japanese Championships,04 JUL 2025,2025,4.,B,National Championships,7224447,worldwide
men_3000sc,Seiya SUNADA,30 OCT 2001,8:36.70,,JPN,"National Stadium, Tokyo (JPN)",Japanese Championships,04 JUL 2025,2025,5.,B,National Championships,7224447,worldwide
men_3000sc,Daichi SHIBATA,02 NOV 2004,8:47.71,,JPN,"National Stadium, Tokyo (JPN)",Japanese Championships,04 JUL 2025,2025,10.,B,National Championships,7224447,worldwide
men_3000sc,Atsushi SHOBU,16 DEC 2001,9:01.98,,JPN,"National Stadium, Tokyo (JPN)",Japanese Championships,04 JUL 2025,2025,15.,B,National Championships,7224447,worldwide
men_3000sc,Hibiki OBARA,10 NOV 2001,DNF,,JPN,"National Stadium, Tokyo (JPN)",Japanese Championships,04 JUL 2025,2025,,B,National Championships,7224447,worldwide
men_3000sc,Milkesa FIKADU,22 JUN 2005,8:11.97,,ETH,"Stade Raymond Troussier, Decines (FRA)",Meeting National Est Lyonnais,05 JUL 2025,2025,1.,D,Continental Tour,7219136,worldwide
men_3000sc,Osama ZOGHLAMI,19 JUN 1994,8:20.83,,ITA,"Stade Raymond Troussier, Decines (FRA)",Meeting National Est Lyonnais,05 JUL 2025,2025,2.,D,Continental Tour,7219136,worldwide
men_3000sc,Hichem BOUCHICHA,19 MAY 1989,8:23.62,,ALG,"Stade Raymond Troussier, Decines (FRA)",Meeting National Est Lyonnais,05 JUL 2025,2025,3.,D,Continental Tour,7219136,worldwide
men_3000sc,Mark PEARCE,19 JAN 1996,8:23.63,,GBR,"Stade Raymond Troussier, Decines (FRA)",Meeting National Est Lyonnais,05 JUL 2025,2025,4.,D,Continental Tour,7219136,worldwide
men_3000sc,Valentin BRESC,27 MAY 2001,8:24.82,,FRA,"Stade Raymond Troussier, Decines (FRA)",Meeting National Est Lyonnais,05 JUL 2025,2025,5.,D,Continental Tour,7219136,worldwide
men_3000sc,Mohammed AATAATI,09 SEP 2003,8:27.55,,MAR,"Stade Raymond Troussier, Decines (FRA)",Meeting National Est Lyonnais,05 JUL 2025,2025,6.,D,Continental Tour,7219136,worldwide
men_3000sc,Gatien AIRIAU,09 JUN 1993,8:33.54,,FRA,"Stade Raymond Troussier, Decines (FRA)",Meeting National Est Lyonnais,05 JUL 2025,2025,8.,D,Continental Tour,7219136,worldwide
men_3000sc,Abdelhamid ZERRIFI,20 JUN 1986,8:44.25,,FRA,"Stade Raymond Troussier, Decines (FRA)",Meeting National Est Lyonnais,05 JUL 2025,2025,9.,D,Continental Tour,7219136,worldwide
men_3000sc,Clement DUIGOU,26 APR 1996,9:04.36,,FRA,"Stade Raymond Troussier, Decines (FRA)",Meeting National Est Lyonnais,05 JUL 2025,2025,10.,D,Continental Tour,7219136,worldwide
men_3000sc,Omar SERAICH,16 MAR 1997,8:29.48,,ALG,"Estadi Joan Serrahima, Barcelona (ESP)",Míting Internacional Ciutat de Barcelona,09 JUL 2025,2025,1.,D,Continental Tour,7225901,worldwide
men_3000sc,István PALKOVITS,27 DEC 2000,8:29.96,,HUN,"Estadi Joan Serrahima, Barcelona (ESP)",Míting Internacional Ciutat de Barcelona,09 JUL 2025,2025,2.,D,Continental Tour,7225901,worldwide
men_3000sc,Mohammed AATAATI,09 SEP 2003,8:30.59,,MAR,"Estadi Joan Serrahima, Barcelona (ESP)",Míting Internacional Ciutat de Barcelona,09 JUL 2025,2025,3.,D,Continental Tour,7225901,worldwide
men_3000sc,Eric PEÑALVER,23 SEP 1993,8:37.13,,ESP,"Estadi Joan Serrahima, Barcelona (ESP)",Míting Internacional Ciutat de Barcelona,09 JUL 2025,2025,7.,D,Continental Tour,7225901,worldwide
men_3000sc,Sebastián MARTOS,20 JUN 1989,8:39.34,,ESP,"Estadi Joan Serrahima, Barcelona (ESP)",Míting Internacional Ciutat de Barcelona,09 JUL 2025,2025,8.,D,Continental Tour,7225901,worldwide
men_3000sc,Jaouad HSSINI,29 NOV 1999,8:47.91,,ESP,"Estadi Joan Serrahima, Barcelona (ESP)",Míting Internacional Ciutat de Barcelona,09 JUL 2025,2025,11.,D,Continental Tour,7225901,worldwide
men_3000sc,Omar SERAICH,16 MAR 1997,8:31.85,,ALG,"Stade de Vongy, Thonon-les-Bains (FRA)",Meeting Bouvet-Bionda,13 JUL 2025,2025,1.,D,Continental Tour,7218871,worldwide
men_3000sc,Clement DUIGOU,26 APR 1996,8:53.55,,FRA,"Stade de Vongy, Thonon-les-Bains (FRA)",Meeting Bouvet-Bionda,13 JUL 2025,2025,2.,D,Continental Tour,7218871,worldwide
men_3000sc,Abdelhamid ZERRIFI,20 JUN 1986,8:54.63,,FRA,"Stade de Vongy, Thonon-les-Bains (FRA)",Meeting Bouvet-Bionda,13 JUL 2025,2025,3.,D,Continental Tour,7218871,worldwide
men_3000sc,Isaac UPDIKE,21 MAR 1992,8:13.68,,USA,"Jack Kemp Stadium - Occidental College, Los Angeles, CA (USA)",Sunset Tour,12 JUL 2025,2025,1.,B,Continental Tour,7223443,worldwide
men_3000sc,Yasin SADO,10 MAR 2001,8:15.91,,USA,"Jack Kemp Stadium - Occidental College, Los Angeles, CA (USA)",Sunset Tour,12 JUL 2025,2025,2.,B,Continental Tour,7223443,worldwide
men_3000sc,Geoffrey Kipkemoi KIRWA,03 JUL 2001,8:17.66,,KEN,"Jack Kemp Stadium - Occidental College, Los Angeles, CA (USA)",Sunset Tour,12 JUL 2025,2025,3.,B,Continental Tour,7223443,worldwide
men_3000sc,Daniel MICHALSKI,10 SEP 1995,8:18.40,,USA,"Jack Kemp Stadium - Occidental College, Los Angeles, CA (USA)",Sunset Tour,12 JUL 2025,2025,4.,B,Continental Tour,7223443,worldwide
men_3000sc,Ryoma AOKI,16 JUN 1997,8:18.75,,JPN,"Jack Kemp Stadium - Occidental College, Los Angeles, CA (USA)",Sunset Tour,12 JUL 2025,2025,5.,B,Continental Tour,7223443,worldwide
men_3000sc,Ahmed JAZIRI,16 DEC 1997,8:19.50,,TUN,"Jack Kemp Stadium - Occidental College, Los Angeles, CA (USA)",Sunset Tour,12 JUL 2025,2025,6.,B,Continental Tour,7223443,worldwide
men_3000sc,Víctor ORTIZ RIVERA,30 JUN 1998,8:22.31,,PUR,"Jack Kemp Stadium - Occidental College, Los Angeles, CA (USA)",Sunset Tour,12 JUL 2025,2025,7.,B,Continental Tour,7223443,worldwide
men_3000sc,Gable SIEPERDA,01 AUG 1999,8:24.17,,USA,"Jack Kemp Stadium - Occidental College, Los Angeles, CA (USA)",Sunset Tour,12 JUL 2025,2025,8.,B,Continental Tour,7223443,worldwide
men_3000sc,Aaron AHL,25 FEB 1999,8:24.30,,CAN,"Jack Kemp Stadium - Occidental College, Los Angeles, CA (USA)",Sunset Tour,12 JUL 2025,2025,9.,B,Continental Tour,7223443,worldwide
men_3000sc,Alec BASTEN,26 FEB 1998,8:28.23,,USA,"Jack Kemp Stadium - Occidental College, Los Angeles, CA (USA)",Sunset Tour,12 JUL 2025,2025,10.,B,Continental Tour,7223443,worldwide
men_3000sc,Benard KETER,25 MAY 1992,8:28.72,,USA,"Jack Kemp Stadium - Occidental College, Los Angeles, CA (USA)",Sunset Tour,12 JUL 2025,2025,11.,B,Continental Tour,7223443,worldwide
men_3000sc,Joey BERRIATUA,16 JUN 1995,8:30.44,,USA,"Jack Kemp Stadium - Occidental College, Los Angeles, CA (USA)",Sunset Tour,12 JUL 2025,2025,12.,B,Continental Tour,7223443,worldwide
men_3000sc,Ben BUCKINGHAM,08 NOV 1991,8:32.96,,AUS,"Jack Kemp Stadium - Occidental College, Los Angeles, CA (USA)",Sunset Tour,12 JUL 2025,2025,13.,B,Continental Tour,7223443,worldwide
men_3000sc,Jackson MESTLER,27 DEC 1997,8:39.16,,USA,"Jack Kemp Stadium - Occidental College, Los Angeles, CA (USA)",Sunset Tour,12 JUL 2025,2025,14.,B,Continental Tour,7223443,worldwide
men_3000sc,Christian NOBLE,21 APR 1997,8:53.89,,USA,"Jack Kemp Stadium - Occidental College, Los Angeles, CA (USA)",Sunset Tour,12 JUL 2025,2025,15.,B,Continental Tour,7223443,worldwide
men_3000sc,Kevin ROBERTSON,28 SEP 1998,8:54.38,,CAN,"Jack Kemp Stadium - Occidental College, Los Angeles, CA (USA)",Sunset Tour,12 JUL 2025,2025,16.,B,Continental Tour,7223443,worldwide
men_3000sc,Craig NOWAK,20 APR 1994,DNF,,USA,"Jack Kemp Stadium - Occidental College, Los Angeles, CA (USA)",Sunset Tour,12 JUL 2025,2025,,B,Continental Tour,7223443,worldwide
men_3000sc,Niklas BUCHHOLZ,04 MAR 1998,8:19.38,,GER,"Province Naimette Arena, Liège (BEL)",Meeting International d'Athlétisme de la Province de Liège,16 JUL 2025,2025,1.,C,Continental Tour,7218870,worldwide
men_3000sc,Hailemariyam AMARE,22 FEB 1997,8:19.87,,ETH,"Province Naimette Arena, Liège (BEL)",Meeting International d'Athlétisme de la Province de Liège,16 JUL 2025,2025,2.,C,Continental Tour,7218870,worldwide
men_3000sc,Edward TRIPPAS,22 SEP 1998,8:21.54,,AUS,"Province Naimette Arena, Liège (BEL)",Meeting International d'Athlétisme de la Province de Liège,16 JUL 2025,2025,3.,C,Continental Tour,7218870,worldwide
men_3000sc,Simon SUNDSTRÖM,04 FEB 1998,8:22.33,,SWE,"Province Naimette Arena, Liège (BEL)",Meeting International d'Athlétisme de la Province de Liège,16 JUL 2025,2025,4.,C,Continental Tour,7218870,worldwide
men_3000sc,Mohamed TINDOUFT,12 MAR 1993,8:22.39,,MAR,"Province Naimette Arena, Liège (BEL)",Meeting International d'Athlétisme de la Province de Liège,16 JUL 2025,2025,5.,C,Continental Tour,7218870,worldwide
men_3000sc,Luc LE BARON,05 FEB 2002,8:24.56,,FRA,"Province Naimette Arena, Liège (BEL)",Meeting International d'Athlétisme de la Province de Liège,16 JUL 2025,2025,6.,C,Continental Tour,7218870,worldwide
men_3000sc,Zakaria EL AHLAAMI,07 JUL 2004,8:25.05,,QAT,"Province Naimette Arena, Liège (BEL)",Meeting International d'Athlétisme de la Province de Liège,16 JUL 2025,2025,7.,C,Continental Tour,7218870,worldwide
men_3000sc,Bilal TABTI,07 JUN 1993,8:25.74,,ALG,"Province Naimette Arena, Liège (BEL)",Meeting International d'Athlétisme de la Province de Liège,16 JUL 2025,2025,8.,C,Continental Tour,7218870,worldwide
men_3000sc,Leonard CHEMUTAI,05 MAY 2003,8:28.61,,UGA,"Province Naimette Arena, Liège (BEL)",Meeting International d'Athlétisme de la Province de Liège,16 JUL 2025,2025,9.,C,Continental Tour,7218870,worldwide
men_3000sc,Fredrik SANDVIK,23 MAR 1998,8:30.84,,NOR,"Province Naimette Arena, Liège (BEL)",Meeting International d'Athlétisme de la Province de Liège,16 JUL 2025,2025,10.,C,Continental Tour,7218870,worldwide
men_3000sc,Wesley LANGAT,07 JUL 1994,8:31.53,,KEN,"Province Naimette Arena, Liège (BEL)",Meeting International d'Athlétisme de la Province de Liège,16 JUL 2025,2025,11.,C,Continental Tour,7218870,worldwide
men_3000sc,Matthew CLARKE,29 APR 1995,8:31.67,,AUS,"Province Naimette Arena, Liège (BEL)",Meeting International d'Athlétisme de la Province de Liège,16 JUL 2025,2025,12.,C,Continental Tour,7218870,worldwide
men_3000sc,Etson BARROS,16 MAR 2001,8:36.23,,POR,"Province Naimette Arena, Liège (BEL)",Meeting International d'Athlétisme de la Province de Liège,16 JUL 2025,2025,14.,C,Continental Tour,7218870,worldwide
men_3000sc,Rémi SCHYNS,26 JAN 1999,8:44.93,,BEL,"Province Naimette Arena, Liège (BEL)",Meeting International d'Athlétisme de la Province de Liège,16 JUL 2025,2025,15.,C,Continental Tour,7218870,worldwide
men_3000sc,Jack BRUCE,31 AUG 1994,9:09.11,,AUS,"Province Naimette Arena, Liège (BEL)",Meeting International d'Athlétisme de la Province de Liège,16 JUL 2025,2025,16.,C,Continental Tour,7218870,worldwide
men_3000sc,Velten SCHNEIDER,21 AUG 1999,DNF,,GER,"Province Naimette Arena, Liège (BEL)",Meeting International d'Athlétisme de la Province de Liège,16 JUL 2025,2025,,C,Continental Tour,7218870,worldwide
men_3000sc,Wilberforce Chemiat KONES,19 SEP 1993,DNF,,KEN,"Province Naimette Arena, Liège (BEL)",Meeting International d'Athlétisme de la Province de Liège,16 JUL 2025,2025,,C,Continental Tour,7218870,worldwide
men_3000sc,Mohammed AATAATI,09 SEP 2003,8:42.84,,MAR,"Piste Athlétisme, Tiflet (MAR)",Moroccan Championships,20 JUL 2025,2025,1.,B,National Championships,7228569,worldwide
men_3000sc,Ruben QUERINJEAN,22 DEC 2001,8:18.46,,LUX,"Lohrheidestadion, Wattenscheid, Bochum (GER)",FISU World University Games,26 JUL 2025,2025,1.,B,FISU,7174350,worldwide
men_3000sc,Alejandro QUIJADA,07 MAR 2001,8:20.70,,ESP,"Lohrheidestadion, Wattenscheid, Bochum (GER)",FISU World University Games,26 JUL 2025,2025,2.,B,FISU,7174350,worldwide
men_3000sc,István PALKOVITS,27 DEC 2000,8:35.05,,HUN,"Lohrheidestadion, Wattenscheid, Bochum (GER)",FISU World University Games,26 JUL 2025,2025,3.,B,FISU,7174350,worldwide
men_3000sc,Rob MCMANUS,15 JUL 2002,8:41.52,,USA,"Lohrheidestadion, Wattenscheid, Bochum (GER)",FISU World University Games,26 JUL 2025,2025,6.,B,FISU,7174350,worldwide
men_3000sc,Tomáš HABARTA,10 JUL 2003,8:55.40,,CZE,"Lohrheidestadion, Wattenscheid, Bochum (GER)",FISU World University Games,26 JUL 2025,2025,11.,B,FISU,7174350,worldwide
men_3000sc,Dzmitry IVANENKA,07 JAN 1994,8:46.97,,BLR,"Regional Sport Complex, Brest (BLR)",Belarus Championships,24 JUL 2025,2025,1.,B,National Championships,7228280,worldwide
men_3000sc,Leonard CHEMUTAI,05 MAY 2003,8:38.21,,UGA,"Mandela National Stadium, Kampala (UGA)",Ugandan Championships,24 JUL 2025,2025,1.,B,National Championships,7231109,worldwide
men_3000sc,Jean-Simon DESGAGNÉS,26 JUL 1998,8:29.82,,CAN,"Terry Fox AF, Ottawa (CAN)",Canadian Championships,31 JUL 2025,2025,1.,B,National Championships,7222681,worldwide
men_3000sc,Aaron AHL,25 FEB 1999,8:31.68,,CAN,"Terry Fox AF, Ottawa (CAN)",Canadian Championships,31 JUL 2025,2025,2.,B,National Championships,7222681,worldwide
men_3000sc,Kenneth ROOKS,21 OCT 1999,8:26.58,,USA,"Hayward Field, Eugene, OR (USA)",USA Championships,02 AUG 2025,2025,1.,B,National Championships,7222826,worldwide
men_3000sc,Daniel MICHALSKI,10 SEP 1995,8:26.77,,USA,"Hayward Field, Eugene, OR (USA)",USA Championships,02 AUG 2025,2025,2.,B,National Championships,7222826,worldwide
men_3000sc,Benard KETER,25 MAY 1992,8:29.00,,USA,"Hayward Field, Eugene, OR (USA)",USA Championships,02 AUG 2025,2025,3.,B,National Championships,7222826,worldwide
men_3000sc,Matthew WILKINSON,27 DEC 1998,8:29.32,,USA,"Hayward Field, Eugene, OR (USA)",USA Championships,02 AUG 2025,2025,4.,B,National Championships,7222826,worldwide
men_3000sc,Isaac UPDIKE,21 MAR 1992,8:30.15,,USA,"Hayward Field, Eugene, OR (USA)",USA Championships,02 AUG 2025,2025,5.,B,National Championships,7222826,worldwide
men_3000sc,Yasin SADO,10 MAR 2001,8:30.54,,USA,"Hayward Field, Eugene, OR (USA)",USA Championships,02 AUG 2025,2025,6.,B,National Championships,7222826,worldwide
men_3000sc,Benjámin BALÁZS,02 JUN 2004,8:30.68,,USA,"Hayward Field, Eugene, OR (USA)",USA Championships,02 AUG 2025,2025,7.,B,National Championships,7222826,worldwide
men_3000sc,Nathan MOUNTAIN,27 AUG 2002,8:30.87,,USA,"Hayward Field, Eugene, OR (USA)",USA Championships,02 AUG 2025,2025,8.,B,National Championships,7222826,worldwide
men_3000sc,Duncan HAMILTON,14 JUL 2000,8:30.99,,USA,"Hayward Field, Eugene, OR (USA)",USA Championships,02 AUG 2025,2025,9.,B,National Championships,7222826,worldwide
men_3000sc,Derek JOHNSON,11 OCT 1999,8:31.71,,USA,"Hayward Field, Eugene, OR (USA)",USA Championships,02 AUG 2025,2025,10.,B,National Championships,7222826,worldwide
men_3000sc,Parker STOKES,05 SEP 2000,8:33.04,,USA,"Hayward Field, Eugene, OR (USA)",USA Championships,02 AUG 2025,2025,11.,B,National Championships,7222826,worldwide
men_3000sc,Alec BASTEN,26 FEB 1998,8:36.90,,USA,"Hayward Field, Eugene, OR (USA)",USA Championships,02 AUG 2025,2025,12.,B,National Championships,7222826,worldwide
men_3000sc,Gable SIEPERDA,01 AUG 1999,8:36.99,,USA,"Hayward Field, Eugene, OR (USA)",USA Championships,02 AUG 2025,2025,13.,B,National Championships,7222826,worldwide
men_3000sc,James CORRIGAN,16 APR 2002,8:37.00,,USA,"Hayward Field, Eugene, OR (USA)",USA Championships,02 AUG 2025,2025,14.,B,National Championships,7222826,worldwide
men_3000sc,Karl BEBENDORF,07 MAY 1996,8:32.90,,GER,"Heinz-Steyer-Stadion, Dresden (GER)",German Championships,02 AUG 2025,2025,1.,B,National Championships,7229381,worldwide
men_3000sc,Frederik RUPPERT,19 FEB 1997,8:33.79,,GER,"Heinz-Steyer-Stadion, Dresden (GER)",German Championships,02 AUG 2025,2025,2.,B,National Championships,7229381,worldwide
men_3000sc,Niklas BUCHHOLZ,04 MAR 1998,8:39.98,,GER,"Heinz-Steyer-Stadion, Dresden (GER)",German Championships,02 AUG 2025,2025,3.,B,National Championships,7229381,worldwide
men_3000sc,Robin MÜLLER,12 JUN 2003,8:42.24,,GER,"Heinz-Steyer-Stadion, Dresden (GER)",German Championships,02 AUG 2025,2025,4.,B,National Championships,7229381,worldwide
men_3000sc,Nick JÄGER,22 AUG 1999,8:45.64,,GER,"Heinz-Steyer-Stadion, Dresden (GER)",German Championships,02 AUG 2025,2025,6.,B,National Championships,7229381,worldwide
men_3000sc,Vidar JOHANSSON,08 OCT 1996,8:27.96,,SWE,"Sola Arena, Karlstad (SWE)",Swedish Championships,01 AUG 2025,2025,1.,B,National Championships,7227009,worldwide
men_3000sc,Simon SUNDSTRÖM,04 FEB 1998,8:28.34,,SWE,"Sola Arena, Karlstad (SWE)",Swedish Championships,01 AUG 2025,2025,2.,B,National Championships,7227009,worldwide
men_3000sc,Leo MAGNUSSON,04 FEB 1998,8:35.48,,SWE,"Sola Arena, Karlstad (SWE)",Swedish Championships,01 AUG 2025,2025,3.,B,National Championships,7227009,worldwide
men_3000sc,Jacob BOUTERA,29 APR 1996,8:24.46,,NOR,"Ravnanger Idrettspark, Askoy (NOR)",Norwegian Championships,02 AUG 2025,2025,1.,B,National Championships,7222638,worldwide
men_3000sc,Fredrik SANDVIK,23 MAR 1998,8:46.48,,NOR,"Ravnanger Idrettspark, Askoy (NOR)",Norwegian Championships,02 AUG 2025,2025,2.,B,National Championships,7222638,worldwide
men_3000sc,Carlos SAN MARTÍN,19 NOV 1993,9:10.56,,COL,"Estadio de Atletismo de la Unidad Deportiva Centenario, Armenia (COL)",Colombian Championships,02 AUG 2025,2025,1.,B,National Championships,7224481,worldwide
men_3000sc,Daniel ARCE,22 APR 1992,8:25.49,,ESP,"Estadi Natalia Rodríguez, Tarragona (ESP)",Spanish Championships,01 AUG 2025,2025,1.,B,National Championships,7217967,worldwide
men_3000sc,Alejandro QUIJADA,07 MAR 2001,8:27.06,,ESP,"Estadi Natalia Rodríguez, Tarragona (ESP)",Spanish Championships,01 AUG 2025,2025,2.,B,National Championships,7217967,worldwide
men_3000sc,Rubén LEONARDO,15 FEB 2004,8:32.91,,ESP,"Estadi Natalia Rodríguez, Tarragona (ESP)",Spanish Championships,01 AUG 2025,2025,3.,B,National Championships,7217967,worldwide
men_3000sc,Carlos ÁNGEL,30 MAR 2003,8:35.50,,ESP,"Estadi Natalia Rodríguez, Tarragona (ESP)",Spanish Championships,01 AUG 2025,2025,4.,B,National Championships,7217967,worldwide
men_3000sc,Eric PEÑALVER,23 SEP 1993,8:38.90,,ESP,"Estadi Natalia Rodríguez, Tarragona (ESP)",Spanish Championships,01 AUG 2025,2025,6.,B,National Championships,7217967,worldwide
men_3000sc,Sebastián MARTOS,20 JUN 1989,8:39.42,,ESP,"Estadi Natalia Rodríguez, Tarragona (ESP)",Spanish Championships,01 AUG 2025,2025,7.,B,National Championships,7217967,worldwide
men_3000sc,Nicolas-Marie DARU,21 OCT 1988,8:22.94,,FRA,"Stade Pierre Paul Bernard, Talence (FRA)",French Championships,02 AUG 2025,2025,1.,B,National Championships,7226084,worldwide
men_3000sc,Djilali BEDRANI,01 OCT 1993,8:23.76,,FRA,"Stade Pierre Paul Bernard, Talence (FRA)",French Championships,02 AUG 2025,2025,2.,B,National Championships,7226084,worldwide
men_3000sc,Baptiste FOURMONT,19 MAY 1999,8:23.78,,FRA,"Stade Pierre Paul Bernard, Talence (FRA)",French Championships,02 AUG 2025,2025,3.,B,National Championships,7226084,worldwide
men_3000sc,Soheil BOUFRIZI,03 OCT 2001,8:25.08,,FRA,"Stade Pierre Paul Bernard, Talence (FRA)",French Championships,02 AUG 2025,2025,4.,B,National Championships,7226084,worldwide
men_3000sc,Luc LE BARON,05 FEB 2002,8:25.24,,FRA,"Stade Pierre Paul Bernard, Talence (FRA)",French Championships,02 AUG 2025,2025,5.,B,National Championships,7226084,worldwide
men_3000sc,Valentin BRESC,27 MAY 2001,8:27.79,,FRA,"Stade Pierre Paul Bernard, Talence (FRA)",French Championships,02 AUG 2025,2025,6.,B,National Championships,7226084,worldwide
men_3000sc,Gatien AIRIAU,09 JUN 1993,8:47.29,,FRA,"Stade Pierre Paul Bernard, Talence (FRA)",French Championships,02 AUG 2025,2025,14.,B,National Championships,7226084,worldwide
men_3000sc,Tim VAN DE VELDE,01 FEB 2000,8:28.23,,BEL,"Boudewijnstadion, Bruxelles (BEL)",Belgian Championships,02 AUG 2025,2025,1.,B,National Championships,7228613,worldwide
men_3000sc,Rémi SCHYNS,26 JAN 1999,8:34.94,,BEL,"Boudewijnstadion, Bruxelles (BEL)",Belgian Championships,02 AUG 2025,2025,2.,B,National Championships,7228613,worldwide
men_3000sc,Phil NORMAN,20 OCT 1989,8:40.47,,GBR,"Alexander Stadium, Birmingham (GBR)",UK Championships,03 AUG 2025,2025,1.,B,National Championships,7229689,worldwide
men_3000sc,Zak SEDDON,28 JUN 1994,8:40.69,,GBR,"Alexander Stadium, Birmingham (GBR)",UK Championships,03 AUG 2025,2025,2.,B,National Championships,7229689,worldwide
men_3000sc,Mark PEARCE,19 JAN 1996,8:41.65,,GBR,"Alexander Stadium, Birmingham (GBR)",UK Championships,03 AUG 2025,2025,3.,B,National Championships,7229689,worldwide
men_3000sc,Etson BARROS,16 MAR 2001,8:22.31,,POR,"Estádio 1o de Maio, Braga (POR)",Portuguese Championships,02 AUG 2025,2025,1.,B,National Championships,7227434,worldwide
men_3000sc,Lourenço RODRIGUES,02 FEB 2004,DNF,,POR,"Estádio 1o de Maio, Braga (POR)",Portuguese Championships,02 AUG 2025,2025,,B,National Championships,7227434,worldwide
men_3000sc,István PALKOVITS,27 DEC 2000,8:25.55,,HUN,"Nemzeti Atlétikai Központ, Budapest (HUN)",Hungarian Championships,02 AUG 2025,2025,1.,B,National Championships,7229640,worldwide
men_3000sc,Osama ZOGHLAMI,19 JUN 1994,8:24.80,,ITA,"Giovanni Chiggiato Stadium, Caorle (ITA)",Italian Championships,03 AUG 2025,2025,1.,B,National Championships,7226755,worldwide
men_3000sc,Ala ZOGHLAMI,19 JUN 1994,8:24.92,,ITA,"Giovanni Chiggiato Stadium, Caorle (ITA)",Italian Championships,03 AUG 2025,2025,2.,B,National Championships,7226755,worldwide
men_3000sc,Enrico VECCHI,15 DEC 2000,8:47.83,,ITA,"Giovanni Chiggiato Stadium, Caorle (ITA)",Italian Championships,03 AUG 2025,2025,4.,B,National Championships,7226755,worldwide
men_3000sc,Yassin BOUIH,24 NOV 1996,DNF,,ITA,"Giovanni Chiggiato Stadium, Caorle (ITA)",Italian Championships,03 AUG 2025,2025,,B,National Championships,7226755,worldwide
men_3000sc,Maksim YAKUSHEV,15 MAR 1992,8:28.65,,RUS,"Central Stadium, Kazan (RUS)",Russian Championships,08 AUG 2025,2025,1.,B,National Championships,7230365,worldwide
men_3000sc,Artem KOROL,27 AUG 1998,8:32.06,,RUS,"Central Stadium, Kazan (RUS)",Russian Championships,08 AUG 2025,2025,2.,B,National Championships,7230365,worldwide
men_3000sc,Konstantin PLOKHOTNIKOV,24 MAR 1997,8:32.31,,RUS,"Central Stadium, Kazan (RUS)",Russian Championships,08 AUG 2025,2025,3.,B,National Championships,7230365,worldwide
men_3000sc,Nikita KALGANOV,07 JUN 1999,8:37.55,,RUS,"Central Stadium, Kazan (RUS)",Russian Championships,08 AUG 2025,2025,4.,B,National Championships,7230365,worldwide
men_3000sc,Yuriy KLOPTSOV,22 DEC 1989,8:41.53,,RUS,"Central Stadium, Kazan (RUS)",Russian Championships,08 AUG 2025,2025,6.,B,National Championships,7230365,worldwide
men_3000sc,Eduard BATYRSHIN,04 DEC 1998,8:42.96,,RUS,"Central Stadium, Kazan (RUS)",Russian Championships,08 AUG 2025,2025,7.,B,National Championships,7230365,worldwide
men_3000sc,Dzmitry IVANENKA,07 JAN 1994,8:34.33,,BLR,"Central Stadium, Kazan (RUS)",Russian Championships,08 AUG 2025,2025,OC,B,National Championships,7230365,worldwide
men_3000sc,Louis GILAVERT,01 JAN 1998,8:11.49,,FRA,"Putbosstadion, Oordegem (BEL)",IFAM Oordegem,09 AUG 2025,2025,1.,C,Continental Tour,7218629,worldwide
men_3000sc,Baptiste FOURMONT,19 MAY 1999,8:12.10,,FRA,"Putbosstadion, Oordegem (BEL)",IFAM Oordegem,09 AUG 2025,2025,2.,C,Continental Tour,7218629,worldwide
men_3000sc,Etson BARROS,16 MAR 2001,8:12.19,,POR,"Putbosstadion, Oordegem (BEL)",IFAM Oordegem,09 AUG 2025,2025,3.,C,Continental Tour,7218629,worldwide
men_3000sc,Nahuel CARABAÑA,10 NOV 1999,8:12.80,,AND,"Putbosstadion, Oordegem (BEL)",IFAM Oordegem,09 AUG 2025,2025,4.,C,Continental Tour,7218629,worldwide
men_3000sc,Edward TRIPPAS,22 SEP 1998,8:13.15,,AUS,"Putbosstadion, Oordegem (BEL)",IFAM Oordegem,09 AUG 2025,2025,5.,C,Continental Tour,7218629,worldwide
men_3000sc,Alejandro QUIJADA,07 MAR 2001,8:13.40,,ESP,"Putbosstadion, Oordegem (BEL)",IFAM Oordegem,09 AUG 2025,2025,6.,C,Continental Tour,7218629,worldwide
men_3000sc,Niklas BUCHHOLZ,04 MAR 1998,8:14.05,,GER,"Putbosstadion, Oordegem (BEL)",IFAM Oordegem,09 AUG 2025,2025,7.,C,Continental Tour,7218629,worldwide
men_3000sc,Vidar JOHANSSON,08 OCT 1996,8:15.00,,SWE,"Putbosstadion, Oordegem (BEL)",IFAM Oordegem,09 AUG 2025,2025,8.,C,Continental Tour,7218629,worldwide
men_3000sc,Leo MAGNUSSON,04 FEB 1998,8:15.02,,SWE,"Putbosstadion, Oordegem (BEL)",IFAM Oordegem,09 AUG 2025,2025,9.,C,Continental Tour,7218629,worldwide
men_3000sc,Ben BUCKINGHAM,08 NOV 1991,8:15.14,,AUS,"Putbosstadion, Oordegem (BEL)",IFAM Oordegem,09 AUG 2025,2025,10.,C,Continental Tour,7218629,worldwide
men_3000sc,Zakariya GIRMA,23 DEC 2005,8:15.18,,ETH,"Putbosstadion, Oordegem (BEL)",IFAM Oordegem,09 AUG 2025,2025,11.,C,Continental Tour,7218629,worldwide
men_3000sc,Zak SEDDON,28 JUN 1994,8:15.66,,GBR,"Putbosstadion, Oordegem (BEL)",IFAM Oordegem,09 AUG 2025,2025,12.,C,Continental Tour,7218629,worldwide
men_3000sc,Zakaria EL AHLAAMI,07 JUL 2004,8:15.82,,QAT,"Putbosstadion, Oordegem (BEL)",IFAM Oordegem,09 AUG 2025,2025,13.,C,Continental Tour,7218629,worldwide
men_3000sc,Matthew CLARKE,29 APR 1995,8:16.57,,AUS,"Putbosstadion, Oordegem (BEL)",IFAM Oordegem,09 AUG 2025,2025,14.,C,Continental Tour,7218629,worldwide
men_3000sc,Simon SUNDSTRÖM,04 FEB 1998,8:17.01,,SWE,"Putbosstadion, Oordegem (BEL)",IFAM Oordegem,09 AUG 2025,2025,15.,C,Continental Tour,7218629,worldwide
men_3000sc,Tim VAN DE VELDE,01 FEB 2000,8:19.38,,BEL,"Putbosstadion, Oordegem (BEL)",IFAM Oordegem,09 AUG 2025,2025,16.,C,Continental Tour,7218629,worldwide
men_3000sc,Yutaro NIINAE,06 FEB 2001,8:19.54,,JPN,"Putbosstadion, Oordegem (BEL)",IFAM Oordegem,09 AUG 2025,2025,17.,C,Continental Tour,7218629,worldwide
men_3000sc,Damián VÍCH,14 AUG 1998,8:19.88,,CZE,"Putbosstadion, Oordegem (BEL)",IFAM Oordegem,09 AUG 2025,2025,18.,C,Continental Tour,7218629,worldwide
men_3000sc,Omar SERAICH,16 MAR 1997,8:22.47,,ALG,"Putbosstadion, Oordegem (BEL)",IFAM Oordegem,09 AUG 2025,2025,19.,C,Continental Tour,7218629,worldwide
men_3000sc,Luc LE BARON,05 FEB 2002,8:24.11,,FRA,"Putbosstadion, Oordegem (BEL)",IFAM Oordegem,09 AUG 2025,2025,20.,C,Continental Tour,7218629,worldwide
men_3000sc,Jacob BOUTERA,29 APR 1996,8:25.86,,NOR,"Putbosstadion, Oordegem (BEL)",IFAM Oordegem,09 AUG 2025,2025,21.,C,Continental Tour,7218629,worldwide
men_3000sc,Rémi SCHYNS,26 JAN 1999,8:27.36,,BEL,"Putbosstadion, Oordegem (BEL)",IFAM Oordegem,09 AUG 2025,2025,22.,C,Continental Tour,7218629,worldwide
men_3000sc,Soheil BOUFRIZI,03 OCT 2001,8:39.78,,FRA,"Putbosstadion, Oordegem (BEL)",IFAM Oordegem,09 AUG 2025,2025,23.,C,Continental Tour,7218629,worldwide
men_3000sc,Hichem BOUCHICHA,19 MAY 1989,8:22.86,,ALG,"Complexe Olympique Mohamed Boudiaf, Algiers (ALG)",Algerian Championships,12 AUG 2025,2025,1.,B,National Championships,7223652,worldwide
men_3000sc,Omar SERAICH,16 MAR 1997,8:35.06,,ALG,"Complexe Olympique Mohamed Boudiaf, Algiers (ALG)",Algerian Championships,12 AUG 2025,2025,2.,B,National Championships,7223652,worldwide
men_3000sc,Daniel MICHALSKI,10 SEP 1995,8:14.07,,USA,"Grand Bahama Sports Complex, Freeport (BAH)",NACAC Championships,17 AUG 2025,2025,1.,GL,Area Champs,7228704,worldwide
men_3000sc,Aaron AHL,25 FEB 1999,8:17.17,,CAN,"Grand Bahama Sports Complex, Freeport (BAH)",NACAC Championships,17 AUG 2025,2025,2.,GL,Area Champs,7228704,worldwide
men_3000sc,Kenneth ROOKS,21 OCT 1999,8:26.52,,USA,"Grand Bahama Sports Complex, Freeport (BAH)",NACAC Championships,17 AUG 2025,2025,3.,GL,Area Champs,7228704,worldwide
men_3000sc,Víctor ORTIZ RIVERA,30 JUN 1998,DNF,,PUR,"Grand Bahama Sports Complex, Freeport (BAH)",NACAC Championships,17 AUG 2025,2025,,GL,Area Champs,7228704,worldwide
men_3000sc,Maciej MEGIER,26 APR 2003,8:41.10,,POL,"Zdzisław Krzyszkowiak Stadium, Bydgoszcz (POL)",Polish Championships,22 AUG 2025,2025,1.,B,National Championships,7227065,worldwide
men_3000sc,Tomáš HABARTA,10 JUL 2003,8:44.25,,CZE,"Atletický stadion Střelnice, Jablonec nad Nisou (CZE)",Czech Championships,23 AUG 2025,2025,1.,B,National Championships,7226301,worldwide
men_3000sc,Jáchym KOVÁŘ,25 MAY 1996,9:03.81,,CZE,"Atletický stadion Střelnice, Jablonec nad Nisou (CZE)",Czech Championships,23 AUG 2025,2025,3.,B,National Championships,7226301,worldwide
men_3000sc,Turgay BAYRAM,15 JUN 1995,8:43.90,,TUR,"Atatürk Stadyumu, Izmir (TUR)",Turkish Championships,22 AUG 2025,2025,1.,B,National Championships,7220153,worldwide
men_3000sc,Leo MAGNUSSON,04 FEB 1998,8:38.24,,SWE,"Olympiastadion, Stockholm (SWE)",Finnkampen,24 AUG 2025,2025,1.,D,Traditional International,7218010,worldwide
men_3000sc,Simon SUNDSTRÖM,04 FEB 1998,8:38.26,,SWE,"Olympiastadion, Stockholm (SWE)",Finnkampen,24 AUG 2025,2025,2.,D,Traditional International,7218010,worldwide
men_3000sc,Vidar JOHANSSON,08 OCT 1996,8:38.33,,SWE,"Olympiastadion, Stockholm (SWE)",Finnkampen,24 AUG 2025,2025,3.,D,Traditional International,7218010,worldwide
men_3000sc,Phil NORMAN,20 OCT 1989,8:35.95,,GBR,"Manchester Regional Arena, Manchester (GBR)",Manchester International,30 AUG 2025,2025,1.,D,Continental Tour,7226665,worldwide
men_3000sc,Michael CURTI,08 APR 1994,8:47.73,,SUI,"Manchester Regional Arena, Manchester (GBR)",Manchester International,30 AUG 2025,2025,2.,D,Continental Tour,7226665,worldwide
men_3000sc,Edward TRIPPAS,22 SEP 1998,8:32.24,,AUS,"SA Athletic Stadium, Adelaide (AUS)",Adelaide Invitational,10 FEB 2024,2024,1.,C,Continental Tour,7203750,worldwide
men_3000sc,Matthew CLARKE,29 APR 1995,DNF,,AUS,"SA Athletic Stadium, Adelaide (AUS)",Adelaide Invitational,10 FEB 2024,2024,,C,Continental Tour,7203750,worldwide
men_3000sc,Edward TRIPPAS,22 SEP 1998,8:32.19,,AUS,"AIS Athletics Track, Canberra (AUS)",Canberra Track Classic,02 MAR 2024,2024,1.,D,Continental Tour,7204504,worldwide
men_3000sc,Matthew CLARKE,29 APR 1995,8:40.45,,AUS,"AIS Athletics Track, Canberra (AUS)",Canberra Track Classic,02 MAR 2024,2024,3.,D,Continental Tour,7204504,worldwide
men_3000sc,Yutaro NIINAE,06 FEB 2001,8:42.49,,JPN,"AIS Athletics Track, Canberra (AUS)",Canberra Track Classic,02 MAR 2024,2024,4.,D,Continental Tour,7204504,worldwide
men_3000sc,Yasunari KUSU,21 AUG 1993,8:51.17,,JPN,"AIS Athletics Track, Canberra (AUS)",Canberra Track Classic,02 MAR 2024,2024,5.,D,Continental Tour,7204504,worldwide
men_3000sc,Jude THOMAS,17 MAR 2002,8:53.73,,AUS,"AIS Athletics Track, Canberra (AUS)",Canberra Track Classic,02 MAR 2024,2024,6.,D,Continental Tour,7204504,worldwide
men_3000sc,Atsushi SHOBU,16 DEC 2001,9:19.22,,JPN,"AIS Athletics Track, Canberra (AUS)",Canberra Track Classic,02 MAR 2024,2024,8.,D,Continental Tour,7204504,worldwide
men_3000sc,Antonio RUIZ,13 SEP 1994,9:15.10,,ARG,"E.Nacional, Santiago de Chile (CHI)",Grand Prix Atletica Chilena,28 MAR 2024,2024,1.,D,Continental Tour,7207345,worldwide
men_3000sc,Matthew CLARKE,29 APR 1995,8:41.49,,AUS,"SA Athletic Stadium, Adelaide (AUS)",Australian Championships,13 APR 2024,2024,1.,B,National Championships,7202429,worldwide
men_3000sc,Ben BUCKINGHAM,08 NOV 1991,8:43.15,,AUS,"SA Athletic Stadium, Adelaide (AUS)",Australian Championships,13 APR 2024,2024,2.,B,National Championships,7202429,worldwide
men_3000sc,Edward TRIPPAS,22 SEP 1998,DNF,,AUS,"SA Athletic Stadium, Adelaide (AUS)",Australian Championships,13 APR 2024,2024,,B,National Championships,7202429,worldwide
men_3000sc,Antonio RUIZ,13 SEP 1994,9:13.19,,ARG,"Pista de Atletismo Justo Román, Mar del Plata (ARG)",Argentinian Championships,13 APR 2024,2024,3.,B,National Championships,7207797,worldwide
men_3000sc,Yutaro NIINAE,06 FEB 2001,8:33.43,,JPN,"Universiade Commemorative Stadium, Kobe (JPN)",72nd Hyogo Relay Carnival,21 APR 2024,2024,1.,D,Continental Tour,7208576,worldwide
men_3000sc,Seiya SUNADA,30 OCT 2001,8:42.36,,JPN,"Universiade Commemorative Stadium, Kobe (JPN)",72nd Hyogo Relay Carnival,21 APR 2024,2024,7.,D,Continental Tour,7208576,worldwide
men_3000sc,Seiya SHIGENO,23 DEC 1996,8:47.75,,JPN,"Universiade Commemorative Stadium, Kobe (JPN)",72nd Hyogo Relay Carnival,21 APR 2024,2024,10.,D,Continental Tour,7208576,worldwide
men_3000sc,Atsushi SHOBU,16 DEC 2001,8:58.95,,JPN,"Universiade Commemorative Stadium, Kobe (JPN)",72nd Hyogo Relay Carnival,21 APR 2024,2024,13.,D,Continental Tour,7208576,worldwide
men_3000sc,Abraham KIBIWOT,06 APR 1996,8:20.54,,KEN,"Nyayo National Stadium, Nairobi (KEN)",Kip Keino Classic,20 APR 2024,2024,1.,A,Continental Tour,7201053,worldwide
men_3000sc,Amos SEREM,28 AUG 2002,8:21.40,,KEN,"Nyayo National Stadium, Nairobi (KEN)",Kip Keino Classic,20 APR 2024,2024,2.,A,Continental Tour,7201053,worldwide
men_3000sc,Matthew KOSGEI,14 MAR 2006,8:23.84,,KEN,"Nyayo National Stadium, Nairobi (KEN)",Kip Keino Classic,20 APR 2024,2024,3.,A,Continental Tour,7201053,worldwide
men_3000sc,Wesley LANGAT,07 JUL 1994,8:26.04,,KEN,"Nyayo National Stadium, Nairobi (KEN)",Kip Keino Classic,20 APR 2024,2024,4.,A,Continental Tour,7201053,worldwide
men_3000sc,Lawrence Kemboi KIPSANG,15 JUN 1993,8:29.62,,KEN,"Nyayo National Stadium, Nairobi (KEN)",Kip Keino Classic,20 APR 2024,2024,5.,A,Continental Tour,7201053,worldwide
men_3000sc,Samuel DUGUNA,20 SEP 2003,8:30.21,,ETH,"Nyayo National Stadium, Nairobi (KEN)",Kip Keino Classic,20 APR 2024,2024,6.,A,Continental Tour,7201053,worldwide
men_3000sc,Edmund SEREM,27 DEC 2007,8:37.27,,KEN,"Nyayo National Stadium, Nairobi (KEN)",Kip Keino Classic,20 APR 2024,2024,8.,A,Continental Tour,7201053,worldwide
men_3000sc,Amos KIRUI,09 FEB 1998,8:42.49,,KEN,"Nyayo National Stadium, Nairobi (KEN)",Kip Keino Classic,20 APR 2024,2024,10.,A,Continental Tour,7201053,worldwide
men_3000sc,Benjamin KIGEN,05 JUL 1993,9:05.34,,KEN,"Nyayo National Stadium, Nairobi (KEN)",Kip Keino Classic,20 APR 2024,2024,14.,A,Continental Tour,7201053,worldwide
men_3000sc,Wilberforce Chemiat KONES,19 SEP 1993,DNF,,KEN,"Nyayo National Stadium, Nairobi (KEN)",Kip Keino Classic,20 APR 2024,2024,,A,Continental Tour,7201053,worldwide
men_3000sc,Milkesa FIKADU,22 JUN 2005,DNF,,ETH,"Nyayo National Stadium, Nairobi (KEN)",Kip Keino Classic,20 APR 2024,2024,,A,Continental Tour,7201053,worldwide
men_3000sc,Ryuji MIURA,11 FEB 2002,8:22.07,,JPN,"Municipal Stadium, Hiroshima (JPN)",58th Oda Mikio Memorial,29 APR 2024,2024,1.,C,Continental Tour,7208984,worldwide
men_3000sc,Philemon Kiplagat RUTO,20 SEP 2001,8:23.35,,KEN,"Municipal Stadium, Hiroshima (JPN)",58th Oda Mikio Memorial,29 APR 2024,2024,2.,C,Continental Tour,7208984,worldwide
men_3000sc,Yutaro NIINAE,06 FEB 2001,8:28.54,,JPN,"Municipal Stadium, Hiroshima (JPN)",58th Oda Mikio Memorial,29 APR 2024,2024,3.,C,Continental Tour,7208984,worldwide
men_3000sc,Yasunari KUSU,21 AUG 1993,8:30.80,,JPN,"Municipal Stadium, Hiroshima (JPN)",58th Oda Mikio Memorial,29 APR 2024,2024,4.,C,Continental Tour,7208984,worldwide
men_3000sc,Seiya SUNADA,30 OCT 2001,8:36.86,,JPN,"Municipal Stadium, Hiroshima (JPN)",58th Oda Mikio Memorial,29 APR 2024,2024,7.,C,Continental Tour,7208984,worldwide
men_3000sc,Seiya SHIGENO,23 DEC 1996,8:54.71,,JPN,"Municipal Stadium, Hiroshima (JPN)",58th Oda Mikio Memorial,29 APR 2024,2024,12.,C,Continental Tour,7208984,worldwide
men_3000sc,Atsushi SHOBU,16 DEC 2001,8:58.89,,JPN,"Municipal Stadium, Hiroshima (JPN)",58th Oda Mikio Memorial,29 APR 2024,2024,14.,C,Continental Tour,7208984,worldwide
men_3000sc,Frederik RUPPERT,19 FEB 1997,8:17.41,,GER,"Estadio Iberoamericano, Huelva (ESP)",Meeting Iberoamericano Huelva 2024,30 APR 2024,2024,1.,C,Continental Tour,7205353,worldwide
men_3000sc,Tim VAN DE VELDE,01 FEB 2000,8:18.68,,BEL,"Estadio Iberoamericano, Huelva (ESP)",Meeting Iberoamericano Huelva 2024,30 APR 2024,2024,2.,C,Continental Tour,7205353,worldwide
men_3000sc,Rémi SCHYNS,26 JAN 1999,8:18.95,,BEL,"Estadio Iberoamericano, Huelva (ESP)",Meeting Iberoamericano Huelva 2024,30 APR 2024,2024,3.,C,Continental Tour,7205353,worldwide
men_3000sc,Milkesa FIKADU,22 JUN 2005,8:21.25,,ETH,"Estadio Iberoamericano, Huelva (ESP)",Meeting Iberoamericano Huelva 2024,30 APR 2024,2024,4.,C,Continental Tour,7205353,worldwide
men_3000sc,Etson BARROS,16 MAR 2001,8:24.25,,POR,"Estadio Iberoamericano, Huelva (ESP)",Meeting Iberoamericano Huelva 2024,30 APR 2024,2024,5.,C,Continental Tour,7205353,worldwide
men_3000sc,Alejandro QUIJADA,07 MAR 2001,8:24.38,,ESP,"Estadio Iberoamericano, Huelva (ESP)",Meeting Iberoamericano Huelva 2024,30 APR 2024,2024,6.,C,Continental Tour,7205353,worldwide
men_3000sc,Salah Eddine BEN YAZIDE,06 MAY 2003,8:26.29,,MAR,"Estadio Iberoamericano, Huelva (ESP)",Meeting Iberoamericano Huelva 2024,30 APR 2024,2024,7.,C,Continental Tour,7205353,worldwide
men_3000sc,Velten SCHNEIDER,21 AUG 1999,8:28.15,,GER,"Estadio Iberoamericano, Huelva (ESP)",Meeting Iberoamericano Huelva 2024,30 APR 2024,2024,9.,C,Continental Tour,7205353,worldwide
men_3000sc,Mohammed AATAATI,09 SEP 2003,8:29.01,,MAR,"Estadio Iberoamericano, Huelva (ESP)",Meeting Iberoamericano Huelva 2024,30 APR 2024,2024,10.,C,Continental Tour,7205353,worldwide
men_3000sc,Ole HESSELBJERG,23 APR 1990,8:29.16,,DEN,"Estadio Iberoamericano, Huelva (ESP)",Meeting Iberoamericano Huelva 2024,30 APR 2024,2024,11.,C,Continental Tour,7205353,worldwide
men_3000sc,Luc LE BARON,05 FEB 2002,8:29.25,,FRA,"Estadio Iberoamericano, Huelva (ESP)",Meeting Iberoamericano Huelva 2024,30 APR 2024,2024,12.,C,Continental Tour,7205353,worldwide
men_3000sc,Ibrahim EZZAYDOUNI,28 APR 1991,8:31.84,,ESP,"Estadio Iberoamericano, Huelva (ESP)",Meeting Iberoamericano Huelva 2024,30 APR 2024,2024,14.,C,Continental Tour,7205353,worldwide
men_3000sc,Jaouad HSSINI,29 NOV 1999,8:33.52,,ESP,"Estadio Iberoamericano, Huelva (ESP)",Meeting Iberoamericano Huelva 2024,30 APR 2024,2024,15.,C,Continental Tour,7205353,worldwide
men_3000sc,Rubén LEONARDO,15 FEB 2004,8:33.99,,ESP,"Estadio Iberoamericano, Huelva (ESP)",Meeting Iberoamericano Huelva 2024,30 APR 2024,2024,16.,C,Continental Tour,7205353,worldwide
men_3000sc,Andreu BLANES,14 OCT 1991,8:39.11,,ESP,"Estadio Iberoamericano, Huelva (ESP)",Meeting Iberoamericano Huelva 2024,30 APR 2024,2024,17.,C,Continental Tour,7205353,worldwide
men_3000sc,Carlos ÁNGEL,30 MAR 2003,8:43.52,,ESP,"Estadio Iberoamericano, Huelva (ESP)",Meeting Iberoamericano Huelva 2024,30 APR 2024,2024,18.,C,Continental Tour,7205353,worldwide
men_3000sc,Maciej MEGIER,26 APR 2003,8:46.45,,POL,"Estadio Iberoamericano, Huelva (ESP)",Meeting Iberoamericano Huelva 2024,30 APR 2024,2024,21.,C,Continental Tour,7205353,worldwide
men_3000sc,Louis GILAVERT,01 JAN 1998,8:24.20,,FRA,"Stade Raymond Troussier, Decines (FRA)",Meeting National Est Lyonnais,04 MAY 2024,2024,1.,D,Continental Tour,7205993,worldwide
men_3000sc,Alexis MIELLET,05 MAY 1995,8:24.94,,FRA,"Stade Raymond Troussier, Decines (FRA)",Meeting National Est Lyonnais,04 MAY 2024,2024,2.,D,Continental Tour,7205993,worldwide
men_3000sc,Nahuel CARABAÑA,10 NOV 1999,8:26.82,,AND,"Stade Raymond Troussier, Decines (FRA)",Meeting National Est Lyonnais,04 MAY 2024,2024,3.,D,Continental Tour,7205993,worldwide
men_3000sc,Yassin BOUIH,24 NOV 1996,8:27.19,,ITA,"Stade Raymond Troussier, Decines (FRA)",Meeting National Est Lyonnais,04 MAY 2024,2024,4.,D,Continental Tour,7205993,worldwide
men_3000sc,Baptiste FOURMONT,19 MAY 1999,8:33.91,,FRA,"Stade Raymond Troussier, Decines (FRA)",Meeting National Est Lyonnais,04 MAY 2024,2024,5.,D,Continental Tour,7205993,worldwide
men_3000sc,Ala ZOGHLAMI,19 JUN 1994,8:36.03,,ITA,"Stade Raymond Troussier, Decines (FRA)",Meeting National Est Lyonnais,04 MAY 2024,2024,6.,D,Continental Tour,7205993,worldwide
men_3000sc,Rémi SCHYNS,26 JAN 1999,8:36.48,,BEL,"Stade Raymond Troussier, Decines (FRA)",Meeting National Est Lyonnais,04 MAY 2024,2024,7.,D,Continental Tour,7205993,worldwide
men_3000sc,Valentin BRESC,27 MAY 2001,8:37.54,,FRA,"Stade Raymond Troussier, Decines (FRA)",Meeting National Est Lyonnais,04 MAY 2024,2024,8.,D,Continental Tour,7205993,worldwide
men_3000sc,Luc LE BARON,05 FEB 2002,8:37.74,,FRA,"Stade Raymond Troussier, Decines (FRA)",Meeting National Est Lyonnais,04 MAY 2024,2024,9.,D,Continental Tour,7205993,worldwide
men_3000sc,Abderrafia BOUASSEL,18 FEB 2001,8:48.12,,MAR,"Stade Raymond Troussier, Decines (FRA)",Meeting National Est Lyonnais,04 MAY 2024,2024,11.,D,Continental Tour,7205993,worldwide
men_3000sc,Abdellah RIAHI,13 OCT 1994,DQ,,FRA,"Stade Raymond Troussier, Decines (FRA)",Meeting National Est Lyonnais,04 MAY 2024,2024, - ,D,Continental Tour,7205993,worldwide
men_3000sc,Kenneth ROOKS,21 OCT 1999,8:15.08,,USA,"Jack Kemp Stadium - Occidental College, Los Angeles, CA (USA)",Track Fest,11 MAY 2024,2024,1.,C,Continental Tour,7210748,worldwide
men_3000sc,Anthony ROTICH,20 OCT 1990,8:23.00,,USA,"Jack Kemp Stadium - Occidental College, Los Angeles, CA (USA)",Track Fest,11 MAY 2024,2024,2.,C,Continental Tour,7210748,worldwide
men_3000sc,Duncan HAMILTON,14 JUL 2000,8:23.02,,USA,"Jack Kemp Stadium - Occidental College, Los Angeles, CA (USA)",Track Fest,11 MAY 2024,2024,3.,C,Continental Tour,7210748,worldwide
men_3000sc,Brian BARRAZA,16 MAY 1995,8:23.05,,USA,"Jack Kemp Stadium - Occidental College, Los Angeles, CA (USA)",Track Fest,11 MAY 2024,2024,4.,C,Continental Tour,7210748,worldwide
men_3000sc,Hibiki OBARA,10 NOV 2001,8:25.92,,JPN,"Jack Kemp Stadium - Occidental College, Los Angeles, CA (USA)",Track Fest,11 MAY 2024,2024,5.,C,Continental Tour,7210748,worldwide
men_3000sc,John GAY,07 NOV 1996,8:30.46,,CAN,"Jack Kemp Stadium - Occidental College, Los Angeles, CA (USA)",Track Fest,11 MAY 2024,2024,6.,C,Continental Tour,7210748,worldwide
men_3000sc,Evan JAGER,08 MAR 1989,8:33.19,,USA,"Jack Kemp Stadium - Occidental College, Los Angeles, CA (USA)",Track Fest,11 MAY 2024,2024,8.,C,Continental Tour,7210748,worldwide
men_3000sc,Ryoma AOKI,16 JUN 1997,8:35.16,,JPN,"Jack Kemp Stadium - Occidental College, Los Angeles, CA (USA)",Track Fest,11 MAY 2024,2024,9.,C,Continental Tour,7210748,worldwide
men_3000sc,Craig NOWAK,20 APR 1994,8:35.85,,USA,"Jack Kemp Stadium - Occidental College, Los Angeles, CA (USA)",Track Fest,11 MAY 2024,2024,10.,C,Continental Tour,7210748,worldwide
men_3000sc,Nathan MYLENEK,29 APR 1998,8:37.43,,USA,"Jack Kemp Stadium - Occidental College, Los Angeles, CA (USA)",Track Fest,11 MAY 2024,2024,11.,C,Continental Tour,7210748,worldwide
men_3000sc,Clement DUIGOU,26 APR 1996,8:49.78,,FRA,"Jack Kemp Stadium - Occidental College, Los Angeles, CA (USA)",Track Fest,11 MAY 2024,2024,12.,C,Continental Tour,7210748,worldwide
men_3000sc,Emmanuel BOR,14 APR 1988,8:53.91,,USA,"Jack Kemp Stadium - Occidental College, Los Angeles, CA (USA)",Track Fest,11 MAY 2024,2024,14.,C,Continental Tour,7210748,worldwide
men_3000sc,Christoph KESSLER,28 APR 1995,8:54.79,,GER,"Carl-Kaufmann-Stadion, Karlsruhe (GER)",Puma Nitro Lange Laufnacht,11 MAY 2024,2024,2.,D,Continental Tour,7205495,worldwide
men_3000sc,Jean-Simon DESGAGNÉS,26 JUL 1998,8:16.49,,CAN,"Drake Stadium, Los Angeles, CA (USA)",USATF Los Angeles Grand Prix,17 MAY 2024,2024,1.,A,Continental Tour,7206591,worldwide
men_3000sc,Matthew WILKINSON,27 DEC 1998,8:16.59,,USA,"Drake Stadium, Los Angeles, CA (USA)",USATF Los Angeles Grand Prix,17 MAY 2024,2024,2.,A,Continental Tour,7206591,worldwide
men_3000sc,Alec BASTEN,26 FEB 1998,8:19.96,,USA,"Drake Stadium, Los Angeles, CA (USA)",USATF Los Angeles Grand Prix,17 MAY 2024,2024,3.,A,Continental Tour,7206591,worldwide
men_3000sc,Zak SEDDON,28 JUN 1994,8:20.77,,GBR,"Drake Stadium, Los Angeles, CA (USA)",USATF Los Angeles Grand Prix,17 MAY 2024,2024,4.,A,Continental Tour,7206591,worldwide
men_3000sc,Derek JOHNSON,11 OCT 1999,8:20.90,,USA,"Drake Stadium, Los Angeles, CA (USA)",USATF Los Angeles Grand Prix,17 MAY 2024,2024,5.,A,Continental Tour,7206591,worldwide
men_3000sc,Joey BERRIATUA,16 JUN 1995,8:21.98,,USA,"Drake Stadium, Los Angeles, CA (USA)",USATF Los Angeles Grand Prix,17 MAY 2024,2024,6.,A,Continental Tour,7206591,worldwide
men_3000sc,Duncan HAMILTON,14 JUL 2000,8:23.10,,USA,"Drake Stadium, Los Angeles, CA (USA)",USATF Los Angeles Grand Prix,17 MAY 2024,2024,7.,A,Continental Tour,7206591,worldwide
men_3000sc,Matthew CLARKE,29 APR 1995,8:24.37,,AUS,"Drake Stadium, Los Angeles, CA (USA)",USATF Los Angeles Grand Prix,17 MAY 2024,2024,8.,A,Continental Tour,7206591,worldwide
men_3000sc,Isaac UPDIKE,21 MAR 1992,8:25.88,,USA,"Drake Stadium, Los Angeles, CA (USA)",USATF Los Angeles Grand Prix,17 MAY 2024,2024,9.,A,Continental Tour,7206591,worldwide
men_3000sc,Daniel MICHALSKI,10 SEP 1995,8:28.07,,USA,"Drake Stadium, Los Angeles, CA (USA)",USATF Los Angeles Grand Prix,17 MAY 2024,2024,10.,A,Continental Tour,7206591,worldwide
men_3000sc,Christian NOBLE,21 APR 1997,8:28.29,,USA,"Drake Stadium, Los Angeles, CA (USA)",USATF Los Angeles Grand Prix,17 MAY 2024,2024,11.,A,Continental Tour,7206591,worldwide
men_3000sc,Benard KETER,25 MAY 1992,8:30.19,,USA,"Drake Stadium, Los Angeles, CA (USA)",USATF Los Angeles Grand Prix,17 MAY 2024,2024,12.,A,Continental Tour,7206591,worldwide
men_3000sc,Ryoma AOKI,16 JUN 1997,8:33.47,,JPN,"Drake Stadium, Los Angeles, CA (USA)",USATF Los Angeles Grand Prix,17 MAY 2024,2024,13.,A,Continental Tour,7206591,worldwide
men_3000sc,Evan JAGER,08 MAR 1989,8:35.99,,USA,"Drake Stadium, Los Angeles, CA (USA)",USATF Los Angeles Grand Prix,17 MAY 2024,2024,14.,A,Continental Tour,7206591,worldwide
men_3000sc,Carson WILLIAMS,12 FEB 2002,8:38.30,,USA,"Drake Stadium, Los Angeles, CA (USA)",USATF Los Angeles Grand Prix,17 MAY 2024,2024,15.,A,Continental Tour,7206591,worldwide
men_3000sc,Ben BUCKINGHAM,08 NOV 1991,8:39.81,,AUS,"Drake Stadium, Los Angeles, CA (USA)",USATF Los Angeles Grand Prix,17 MAY 2024,2024,16.,A,Continental Tour,7206591,worldwide
men_3000sc,Travis MAHONEY,25 JUL 1990,8:40.33,,USA,"Drake Stadium, Los Angeles, CA (USA)",USATF Los Angeles Grand Prix,17 MAY 2024,2024,17.,A,Continental Tour,7206591,worldwide
men_3000sc,Yoann KOWAL,28 MAY 1987,8:31.33,,FRA,"Stade Du Moulin Boisseau, Carquefou (FRA)",Meeting National de Carquefou,17 MAY 2024,2024,1.,D,Continental Tour,7205351,worldwide
men_3000sc,Gatien AIRIAU,09 JUN 1993,8:35.09,,FRA,"Stade Du Moulin Boisseau, Carquefou (FRA)",Meeting National de Carquefou,17 MAY 2024,2024,2.,D,Continental Tour,7205351,worldwide
men_3000sc,Turgay BAYRAM,15 JUN 1995,8:42.72,,TUR,"Stade Du Moulin Boisseau, Carquefou (FRA)",Meeting National de Carquefou,17 MAY 2024,2024,3.,D,Continental Tour,7205351,worldwide
men_3000sc,Hailemariyam AMARE,22 FEB 1997,8:15.61,,ETH,"Stadion Śląski, Chorzów (POL)",70. ORLEN Janusz Kusocinski Memorial,18 MAY 2024,2024,1.,B,Continental Tour,7205386,worldwide
men_3000sc,Nicolas-Marie DARU,21 OCT 1988,8:16.36,,FRA,"Stadion Śląski, Chorzów (POL)",70. ORLEN Janusz Kusocinski Memorial,18 MAY 2024,2024,2.,B,Continental Tour,7205386,worldwide
men_3000sc,Karl BEBENDORF,07 MAY 1996,8:16.84,,GER,"Stadion Śląski, Chorzów (POL)",70. ORLEN Janusz Kusocinski Memorial,18 MAY 2024,2024,3.,B,Continental Tour,7205386,worldwide
men_3000sc,Yassin BOUIH,24 NOV 1996,8:18.37,,ITA,"Stadion Śląski, Chorzów (POL)",70. ORLEN Janusz Kusocinski Memorial,18 MAY 2024,2024,4.,B,Continental Tour,7205386,worldwide
men_3000sc,Tomáš HABARTA,10 JUL 2003,8:22.68,,CZE,"Stadion Śląski, Chorzów (POL)",70. ORLEN Janusz Kusocinski Memorial,18 MAY 2024,2024,5.,B,Continental Tour,7205386,worldwide
men_3000sc,Ala ZOGHLAMI,19 JUN 1994,8:23.70,,ITA,"Stadion Śląski, Chorzów (POL)",70. ORLEN Janusz Kusocinski Memorial,18 MAY 2024,2024,6.,B,Continental Tour,7205386,worldwide
men_3000sc,Fredrik SANDVIK,23 MAR 1998,8:29.80,,NOR,"Stadion Śląski, Chorzów (POL)",70. ORLEN Janusz Kusocinski Memorial,18 MAY 2024,2024,7.,B,Continental Tour,7205386,worldwide
men_3000sc,Ole HESSELBJERG,23 APR 1990,8:41.77,,DEN,"Stadion Śląski, Chorzów (POL)",70. ORLEN Janusz Kusocinski Memorial,18 MAY 2024,2024,8.,B,Continental Tour,7205386,worldwide
men_3000sc,Maciej MEGIER,26 APR 2003,8:58.29,,POL,"Stadion Śląski, Chorzów (POL)",70. ORLEN Janusz Kusocinski Memorial,18 MAY 2024,2024,13.,B,Continental Tour,7205386,worldwide
men_3000sc,Wilberforce Chemiat KONES,19 SEP 1993,DNF,,KEN,"Stadion Śląski, Chorzów (POL)",70. ORLEN Janusz Kusocinski Memorial,18 MAY 2024,2024,,B,Continental Tour,7205386,worldwide
men_3000sc,Leo MAGNUSSON,04 FEB 1998,8:41.41,,SWE,"Malmö Stadion, Malmö (SWE)",Nordic Senior Championships,18 MAY 2024,2024,1.,C,Area Regional Champs,7206113,worldwide
men_3000sc,Jakob Dybdal ABRAHAMSEN,29 JUL 1994,9:04.89,,DEN,"Malmö Stadion, Malmö (SWE)",Nordic Senior Championships,18 MAY 2024,2024,5.,C,Area Regional Champs,7206113,worldwide
men_3000sc,Samuel DUGUNA,20 SEP 2003,8:15.61,,ETH,"Bungertstadion, Rehlingen (GER)",59. Internationales Pfingstsportfest Rehlingen,19 MAY 2024,2024,1.,B,Continental Tour,7205496,worldwide
men_3000sc,Frederik RUPPERT,19 FEB 1997,8:17.46,,GER,"Bungertstadion, Rehlingen (GER)",59. Internationales Pfingstsportfest Rehlingen,19 MAY 2024,2024,2.,B,Continental Tour,7205496,worldwide
men_3000sc,Bilal TABTI,07 JUN 1993,8:23.32,,ALG,"Bungertstadion, Rehlingen (GER)",59. Internationales Pfingstsportfest Rehlingen,19 MAY 2024,2024,3.,B,Continental Tour,7205496,worldwide
men_3000sc,Niklas BUCHHOLZ,04 MAR 1998,8:24.71,,GER,"Bungertstadion, Rehlingen (GER)",59. Internationales Pfingstsportfest Rehlingen,19 MAY 2024,2024,4.,B,Continental Tour,7205496,worldwide
men_3000sc,William BATTERSHILL,25 FEB 1998,8:25.02,,GBR,"Bungertstadion, Rehlingen (GER)",59. Internationales Pfingstsportfest Rehlingen,19 MAY 2024,2024,5.,B,Continental Tour,7205496,worldwide
men_3000sc,Rémi SCHYNS,26 JAN 1999,8:25.12,,BEL,"Bungertstadion, Rehlingen (GER)",59. Internationales Pfingstsportfest Rehlingen,19 MAY 2024,2024,6.,B,Continental Tour,7205496,worldwide
men_3000sc,Ruben QUERINJEAN,22 DEC 2001,8:25.81,,LUX,"Bungertstadion, Rehlingen (GER)",59. Internationales Pfingstsportfest Rehlingen,19 MAY 2024,2024,7.,B,Continental Tour,7205496,worldwide
men_3000sc,Jacob BOUTERA,29 APR 1996,8:27.50,,NOR,"Bungertstadion, Rehlingen (GER)",59. Internationales Pfingstsportfest Rehlingen,19 MAY 2024,2024,8.,B,Continental Tour,7205496,worldwide
men_3000sc,Damián VÍCH,14 AUG 1998,8:30.29,,CZE,"Bungertstadion, Rehlingen (GER)",59. Internationales Pfingstsportfest Rehlingen,19 MAY 2024,2024,10.,B,Continental Tour,7205496,worldwide
men_3000sc,Axel Vang CHRISTENSEN,30 JUL 2004,8:30.56,,DEN,"Bungertstadion, Rehlingen (GER)",59. Internationales Pfingstsportfest Rehlingen,19 MAY 2024,2024,11.,B,Continental Tour,7205496,worldwide
men_3000sc,Michael CURTI,08 APR 1994,8:30.98,,SUI,"Bungertstadion, Rehlingen (GER)",59. Internationales Pfingstsportfest Rehlingen,19 MAY 2024,2024,12.,B,Continental Tour,7205496,worldwide
men_3000sc,Hichem BOUCHICHA,19 MAY 1989,8:31.01,,ALG,"Bungertstadion, Rehlingen (GER)",59. Internationales Pfingstsportfest Rehlingen,19 MAY 2024,2024,13.,B,Continental Tour,7205496,worldwide
men_3000sc,István PALKOVITS,27 DEC 2000,8:36.23,,HUN,"Bungertstadion, Rehlingen (GER)",59. Internationales Pfingstsportfest Rehlingen,19 MAY 2024,2024,14.,B,Continental Tour,7205496,worldwide
men_3000sc,Seiya SUNADA,30 OCT 2001,8:43.91,,JPN,"Bungertstadion, Rehlingen (GER)",59. Internationales Pfingstsportfest Rehlingen,19 MAY 2024,2024,15.,B,Continental Tour,7205496,worldwide
men_3000sc,Lawrence Kemboi KIPSANG,15 JUN 1993,DNF,,KEN,"Bungertstadion, Rehlingen (GER)",59. Internationales Pfingstsportfest Rehlingen,19 MAY 2024,2024,,B,Continental Tour,7205496,worldwide
men_3000sc,Altobeli SILVA,03 DEC 1990,8:43.24,,BRA,"Pista da Universidade Federal Fluminense – UFF, Rio de Janeiro (BRA)",Grande Prémio Brasil de Atletismo-Niteró,19 MAY 2024,2024,1.,C,Continental Tour,7211381,worldwide
men_3000sc,Carlos SAN MARTÍN,19 NOV 1993,8:50.95,,COL,"Pista da Universidade Federal Fluminense – UFF, Rio de Janeiro (BRA)",Grande Prémio Brasil de Atletismo-Niteró,19 MAY 2024,2024,3.,C,Continental Tour,7211381,worldwide
men_3000sc,Edmund SEREM,27 DEC 2007,8:20.05,,KEN,"Nyayo National Stadium, Nairobi (KEN)",Kenyan Championships,22 MAY 2024,2024,1.,B,National Championships,7208088,worldwide
men_3000sc,Collins KIPNGOK,13 JUL 2000,8:34.89,,KEN,"Nyayo National Stadium, Nairobi (KEN)",Kenyan Championships,22 MAY 2024,2024,2.,B,National Championships,7208088,worldwide
men_3000sc,Justus LAGAT,20 MAY 1996,9:01.94,,KEN,"Nyayo National Stadium, Nairobi (KEN)",Kenyan Championships,22 MAY 2024,2024,6.,B,National Championships,7208088,worldwide
men_3000sc,Samuel DUGUNA,20 SEP 2003,8:12.44,,ETH,"Stade Delort, Marseille (FRA)",International Marseille Meeting,22 MAY 2024,2024,1.,B,Continental Tour,7205905,worldwide
men_3000sc,Louis GILAVERT,01 JAN 1998,8:13.47,,FRA,"Stade Delort, Marseille (FRA)",International Marseille Meeting,22 MAY 2024,2024,2.,B,Continental Tour,7205905,worldwide
men_3000sc,Alexis MIELLET,05 MAY 1995,8:14.71,,FRA,"Stade Delort, Marseille (FRA)",International Marseille Meeting,22 MAY 2024,2024,3.,B,Continental Tour,7205905,worldwide
men_3000sc,Hailemariyam AMARE,22 FEB 1997,8:15.14,,ETH,"Stade Delort, Marseille (FRA)",International Marseille Meeting,22 MAY 2024,2024,4.,B,Continental Tour,7205905,worldwide
men_3000sc,Nahuel CARABAÑA,10 NOV 1999,8:16.04,,AND,"Stade Delort, Marseille (FRA)",International Marseille Meeting,22 MAY 2024,2024,5.,B,Continental Tour,7205905,worldwide
men_3000sc,Fernando CARRO,01 APR 1992,8:18.30,,ESP,"Stade Delort, Marseille (FRA)",International Marseille Meeting,22 MAY 2024,2024,6.,B,Continental Tour,7205905,worldwide
men_3000sc,Vidar JOHANSSON,08 OCT 1996,8:20.87,,SWE,"Stade Delort, Marseille (FRA)",International Marseille Meeting,22 MAY 2024,2024,7.,B,Continental Tour,7205905,worldwide
men_3000sc,Karl BEBENDORF,07 MAY 1996,8:22.38,,GER,"Stade Delort, Marseille (FRA)",International Marseille Meeting,22 MAY 2024,2024,8.,B,Continental Tour,7205905,worldwide
men_3000sc,Luc LE BARON,05 FEB 2002,8:23.28,,FRA,"Stade Delort, Marseille (FRA)",International Marseille Meeting,22 MAY 2024,2024,9.,B,Continental Tour,7205905,worldwide
men_3000sc,Ibrahim EZZAYDOUNI,28 APR 1991,8:25.91,,ESP,"Stade Delort, Marseille (FRA)",International Marseille Meeting,22 MAY 2024,2024,10.,B,Continental Tour,7205905,worldwide
men_3000sc,Abdelhamid ZERRIFI,20 JUN 1986,8:50.74,,FRA,"Stade Delort, Marseille (FRA)",International Marseille Meeting,22 MAY 2024,2024,12.,B,Continental Tour,7205905,worldwide
men_3000sc,Lawrence Kemboi KIPSANG,15 JUN 1993,DNF,,KEN,"Stade Delort, Marseille (FRA)",International Marseille Meeting,22 MAY 2024,2024,,B,Continental Tour,7205905,worldwide
men_3000sc,Topi RAITANEN,07 FEB 1996,DNF,,FIN,"Stade Delort, Marseille (FRA)",International Marseille Meeting,22 MAY 2024,2024,,B,Continental Tour,7205905,worldwide
men_3000sc,Matthew KOSGEI,14 MAR 2006,DNF,,KEN,"Stade Delort, Marseille (FRA)",International Marseille Meeting,22 MAY 2024,2024,,B,Continental Tour,7205905,worldwide
men_3000sc,Yassin BOUIH,24 NOV 1996,DNF,,ITA,"Stade Delort, Marseille (FRA)",International Marseille Meeting,22 MAY 2024,2024,,B,Continental Tour,7205905,worldwide
men_3000sc,Faid EL MOSTAFA,13 JAN 2000,8:20.71,,MAR,"Estadio Enrique Lopez Cuenca, Nerja (ESP)",Desafio Nerja,22 MAY 2024,2024,1.,D,Continental Tour,7205348,worldwide
men_3000sc,Alejandro QUIJADA,07 MAR 2001,8:27.08,,ESP,"Estadio Enrique Lopez Cuenca, Nerja (ESP)",Desafio Nerja,22 MAY 2024,2024,2.,D,Continental Tour,7205348,worldwide
men_3000sc,Andreu BLANES,14 OCT 1991,8:27.42,,ESP,"Estadio Enrique Lopez Cuenca, Nerja (ESP)",Desafio Nerja,22 MAY 2024,2024,3.,D,Continental Tour,7205348,worldwide
men_3000sc,Sebastián MARTOS,20 JUN 1989,8:31.88,,ESP,"Estadio Enrique Lopez Cuenca, Nerja (ESP)",Desafio Nerja,22 MAY 2024,2024,5.,D,Continental Tour,7205348,worldwide
men_3000sc,Jaouad HSSINI,29 NOV 1999,8:48.63,,ESP,"Estadio Enrique Lopez Cuenca, Nerja (ESP)",Desafio Nerja,22 MAY 2024,2024,13.,D,Continental Tour,7205348,worldwide
men_3000sc,Gonzalo PARRA,20 JUN 1996,8:49.32,,ESP,"Estadio Enrique Lopez Cuenca, Nerja (ESP)",Desafio Nerja,22 MAY 2024,2024,14.,D,Continental Tour,7205348,worldwide
men_3000sc,Álvaro GUTIERREZ,20 MAY 1988,DNF,,ESP,"Estadio Enrique Lopez Cuenca, Nerja (ESP)",Desafio Nerja,22 MAY 2024,2024,,D,Continental Tour,7205348,worldwide
men_3000sc,Mounaime SASSIOUI,20 MAR 1995,9:13.25,,MAR,"Stade L. Lagrange, Toulon (FRA)",Meeting Toulon Provence Méditérranée,24 MAY 2024,2024,5.,D,Continental Tour,7205674,worldwide
men_3000sc,Abdelhamid ZERRIFI,20 JUN 1986,DNF,,FRA,"Stade L. Lagrange, Toulon (FRA)",Meeting Toulon Provence Méditérranée,24 MAY 2024,2024,,D,Continental Tour,7205674,worldwide
men_3000sc,Michael CURTI,08 APR 1994,8:42.64,,SUI,"Stadion Buchholz, Uster (SUI)",Swiss Steeplechase Championships,24 MAY 2024,2024,1.,B,National Championships,7210160,worldwide
men_3000sc,Mark PEARCE,19 JAN 1996,8:20.83,,GBR,"Boudewijnstadion, Bruxelles (BEL)",IFAM Outdoor,26 MAY 2024,2024,1.,C,Continental Tour,7204758,worldwide
men_3000sc,Velten SCHNEIDER,21 AUG 1999,8:20.94,,GER,"Boudewijnstadion, Bruxelles (BEL)",IFAM Outdoor,26 MAY 2024,2024,2.,C,Continental Tour,7204758,worldwide
men_3000sc,Hichem BOUCHICHA,19 MAY 1989,8:21.45,,ALG,"Boudewijnstadion, Bruxelles (BEL)",IFAM Outdoor,26 MAY 2024,2024,3.,C,Continental Tour,7204758,worldwide
men_3000sc,Baptiste FOURMONT,19 MAY 1999,8:21.91,,FRA,"Boudewijnstadion, Bruxelles (BEL)",IFAM Outdoor,26 MAY 2024,2024,4.,C,Continental Tour,7204758,worldwide
men_3000sc,Alexis MIELLET,05 MAY 1995,8:21.92,,FRA,"Boudewijnstadion, Bruxelles (BEL)",IFAM Outdoor,26 MAY 2024,2024,5.,C,Continental Tour,7204758,worldwide
men_3000sc,Bilal TABTI,07 JUN 1993,8:23.39,,ALG,"Boudewijnstadion, Bruxelles (BEL)",IFAM Outdoor,26 MAY 2024,2024,6.,C,Continental Tour,7204758,worldwide
men_3000sc,Michael CURTI,08 APR 1994,8:25.17,,SUI,"Boudewijnstadion, Bruxelles (BEL)",IFAM Outdoor,26 MAY 2024,2024,7.,C,Continental Tour,7204758,worldwide
men_3000sc,William BATTERSHILL,25 FEB 1998,8:25.33,,GBR,"Boudewijnstadion, Bruxelles (BEL)",IFAM Outdoor,26 MAY 2024,2024,8.,C,Continental Tour,7204758,worldwide
men_3000sc,Phil NORMAN,20 OCT 1989,8:25.37,,GBR,"Boudewijnstadion, Bruxelles (BEL)",IFAM Outdoor,26 MAY 2024,2024,9.,C,Continental Tour,7204758,worldwide
men_3000sc,Leo MAGNUSSON,04 FEB 1998,8:26.08,,SWE,"Boudewijnstadion, Bruxelles (BEL)",IFAM Outdoor,26 MAY 2024,2024,10.,C,Continental Tour,7204758,worldwide
men_3000sc,Ole HESSELBJERG,23 APR 1990,8:26.30,,DEN,"Boudewijnstadion, Bruxelles (BEL)",IFAM Outdoor,26 MAY 2024,2024,11.,C,Continental Tour,7204758,worldwide
men_3000sc,Yasunari KUSU,21 AUG 1993,8:27.37,,JPN,"Boudewijnstadion, Bruxelles (BEL)",IFAM Outdoor,26 MAY 2024,2024,12.,C,Continental Tour,7204758,worldwide
men_3000sc,Valentin BRESC,27 MAY 2001,8:27.80,,FRA,"Boudewijnstadion, Bruxelles (BEL)",IFAM Outdoor,26 MAY 2024,2024,13.,C,Continental Tour,7204758,worldwide
men_3000sc,Fredrik SANDVIK,23 MAR 1998,8:30.47,,NOR,"Boudewijnstadion, Bruxelles (BEL)",IFAM Outdoor,26 MAY 2024,2024,15.,C,Continental Tour,7204758,worldwide
men_3000sc,Yoann KOWAL,28 MAY 1987,8:31.32,,FRA,"Boudewijnstadion, Bruxelles (BEL)",IFAM Outdoor,26 MAY 2024,2024,16.,C,Continental Tour,7204758,worldwide
men_3000sc,Gatien AIRIAU,09 JUN 1993,8:34.10,,FRA,"Boudewijnstadion, Bruxelles (BEL)",IFAM Outdoor,26 MAY 2024,2024,17.,C,Continental Tour,7204758,worldwide
men_3000sc,Clément DEFLANDRE,14 DEC 1997,8:34.72,,BEL,"Boudewijnstadion, Bruxelles (BEL)",IFAM Outdoor,26 MAY 2024,2024,18.,C,Continental Tour,7204758,worldwide
men_3000sc,Nick JÄGER,22 AUG 1999,8:34.73,,GER,"Boudewijnstadion, Bruxelles (BEL)",IFAM Outdoor,26 MAY 2024,2024,19.,C,Continental Tour,7204758,worldwide
men_3000sc,Ruben QUERINJEAN,22 DEC 2001,8:35.80,,LUX,"Boudewijnstadion, Bruxelles (BEL)",IFAM Outdoor,26 MAY 2024,2024,20.,C,Continental Tour,7204758,worldwide
men_3000sc,Amos KIRUI,09 FEB 1998,8:43.18,,KEN,"Boudewijnstadion, Bruxelles (BEL)",IFAM Outdoor,26 MAY 2024,2024,22.,C,Continental Tour,7204758,worldwide
men_3000sc,Alexis PHELUT,03 MAR 1998,8:44.96,,FRA,"Boudewijnstadion, Bruxelles (BEL)",IFAM Outdoor,26 MAY 2024,2024,23.,C,Continental Tour,7204758,worldwide
men_3000sc,Seiya SUNADA,30 OCT 2001,8:58.12,,JPN,"Boudewijnstadion, Bruxelles (BEL)",IFAM Outdoor,26 MAY 2024,2024,24.,C,Continental Tour,7204758,worldwide
men_3000sc,Isaac YEGO,18 APR 1989,DNF,,KEN,"Boudewijnstadion, Bruxelles (BEL)",IFAM Outdoor,26 MAY 2024,2024,,C,Continental Tour,7204758,worldwide
men_3000sc,Nahuel CARABAÑA,10 NOV 1999,8:28.66,,AND,"Estadi Municipal, Mataró (ESP)",Andorran Championships,25 MAY 2024,2024,1.,B,National Championships,7208613,worldwide
men_3000sc,Turgay BAYRAM,15 JUN 1995,8:46.11,,TUR,"Atatürk Stadyumu, Izmir (TUR)",Balkan Championships,26 MAY 2024,2024,3.,B,Area Regional Champs,7205187,worldwide
men_3000sc,Zakaria EL AHLAAMI,07 JUL 2004,8:45.6h,,QAT,"Al-Fayhaa Stadium, Basra (IRQ)",West Asian Championships,29 MAY 2024,2024,1.,D,Area Regional Champs,7208719,worldwide
men_3000sc,Hosein KEYHANI,26 APR 1990,8:45.8h,,IRI,"Al-Fayhaa Stadium, Basra (IRQ)",West Asian Championships,29 MAY 2024,2024,2.,D,Area Regional Champs,7208719,worldwide
men_3000sc,Yaser Salem BAGHARAB,01 JAN 1998,10:10.0h,,QAT,"Al-Fayhaa Stadium, Basra (IRQ)",West Asian Championships,29 MAY 2024,2024,6.,D,Area Regional Champs,7208719,worldwide
men_3000sc,Mason FERLIC,05 AUG 1993,8:20.48,,USA,"Dean A. Hayes Track and Soccer Stadium, Murfreesboro, TN (USA)",Music City Track Carnival,31 MAY 2024,2024,1.,C,Continental Tour,7209462,worldwide
men_3000sc,Derek JOHNSON,11 OCT 1999,8:21.43,,USA,"Dean A. Hayes Track and Soccer Stadium, Murfreesboro, TN (USA)",Music City Track Carnival,31 MAY 2024,2024,2.,C,Continental Tour,7209462,worldwide
men_3000sc,Travis MAHONEY,25 JUL 1990,8:23.79,,USA,"Dean A. Hayes Track and Soccer Stadium, Murfreesboro, TN (USA)",Music City Track Carnival,31 MAY 2024,2024,3.,C,Continental Tour,7209462,worldwide
men_3000sc,Alec BASTEN,26 FEB 1998,8:24.04,,USA,"Dean A. Hayes Track and Soccer Stadium, Murfreesboro, TN (USA)",Music City Track Carnival,31 MAY 2024,2024,4.,C,Continental Tour,7209462,worldwide
men_3000sc,Hibiki OBARA,10 NOV 2001,8:25.07,,JPN,"Dean A. Hayes Track and Soccer Stadium, Murfreesboro, TN (USA)",Music City Track Carnival,31 MAY 2024,2024,5.,C,Continental Tour,7209462,worldwide
men_3000sc,Aaron AHL,25 FEB 1999,8:28.00,,CAN,"Dean A. Hayes Track and Soccer Stadium, Murfreesboro, TN (USA)",Music City Track Carnival,31 MAY 2024,2024,6.,C,Continental Tour,7209462,worldwide
men_3000sc,Aidan TOOKER,26 JUN 1998,8:42.80,,USA,"Dean A. Hayes Track and Soccer Stadium, Murfreesboro, TN (USA)",Music City Track Carnival,31 MAY 2024,2024,7.,C,Continental Tour,7209462,worldwide
men_3000sc,Christian NOBLE,21 APR 1997,9:00.65,,USA,"Dean A. Hayes Track and Soccer Stadium, Murfreesboro, TN (USA)",Music City Track Carnival,31 MAY 2024,2024,15.,C,Continental Tour,7209462,worldwide
men_3000sc,Nathan MYLENEK,29 APR 1998,DNF,,USA,"Dean A. Hayes Track and Soccer Stadium, Murfreesboro, TN (USA)",Music City Track Carnival,31 MAY 2024,2024,,C,Continental Tour,7209462,worldwide
men_3000sc,Alexis MIELLET,05 MAY 1995,8:14.01,,FRA,"Stadio Olimpico, Roma (ITA)",European Athletics Championships,10 JUN 2024,2024,1.,GL,Area Champs,7158244,worldwide
men_3000sc,Djilali BEDRANI,01 OCT 1993,8:14.36,,FRA,"Stadio Olimpico, Roma (ITA)",European Athletics Championships,10 JUN 2024,2024,2.,GL,Area Champs,7158244,worldwide
men_3000sc,Karl BEBENDORF,07 MAY 1996,8:14.41,,GER,"Stadio Olimpico, Roma (ITA)",European Athletics Championships,10 JUN 2024,2024,3.,GL,Area Champs,7158244,worldwide
men_3000sc,Frederik RUPPERT,19 FEB 1997,8:15.08,,GER,"Stadio Olimpico, Roma (ITA)",European Athletics Championships,10 JUN 2024,2024,4.,GL,Area Champs,7158244,worldwide
men_3000sc,Daniel ARCE,22 APR 1992,8:16.70,,ESP,"Stadio Olimpico, Roma (ITA)",European Athletics Championships,10 JUN 2024,2024,5.,GL,Area Champs,7158244,worldwide
men_3000sc,Nicolas-Marie DARU,21 OCT 1988,8:19.42,,FRA,"Stadio Olimpico, Roma (ITA)",European Athletics Championships,10 JUN 2024,2024,6.,GL,Area Champs,7158244,worldwide
men_3000sc,Nahuel CARABAÑA,10 NOV 1999,8:21.08,,AND,"Stadio Olimpico, Roma (ITA)",European Athletics Championships,10 JUN 2024,2024,7.,GL,Area Champs,7158244,worldwide
men_3000sc,Osama ZOGHLAMI,19 JUN 1994,8:21.09,,ITA,"Stadio Olimpico, Roma (ITA)",European Athletics Championships,10 JUN 2024,2024,8.,GL,Area Champs,7158244,worldwide
men_3000sc,Vidar JOHANSSON,08 OCT 1996,8:21.54,,SWE,"Stadio Olimpico, Roma (ITA)",European Athletics Championships,10 JUN 2024,2024,9.,GL,Area Champs,7158244,worldwide
men_3000sc,Tomáš HABARTA,10 JUL 2003,8:21.83,,CZE,"Stadio Olimpico, Roma (ITA)",European Athletics Championships,10 JUN 2024,2024,10.,GL,Area Champs,7158244,worldwide
men_3000sc,Emil BLOMBERG,09 APR 1992,8:22.92,,SWE,"Stadio Olimpico, Roma (ITA)",European Athletics Championships,10 JUN 2024,2024,11.,GL,Area Champs,7158244,worldwide
men_3000sc,Damián VÍCH,14 AUG 1998,8:22.95,,CZE,"Stadio Olimpico, Roma (ITA)",European Athletics Championships,10 JUN 2024,2024,12.,GL,Area Champs,7158244,worldwide
men_3000sc,Mark PEARCE,19 JAN 1996,8:26.92,,GBR,"Stadio Olimpico, Roma (ITA)",European Athletics Championships,10 JUN 2024,2024,13.,GL,Area Champs,7158244,worldwide
men_3000sc,Yassin BOUIH,24 NOV 1996,8:27.29,,ITA,"Stadio Olimpico, Roma (ITA)",European Athletics Championships,10 JUN 2024,2024,14.,GL,Area Champs,7158244,worldwide
men_3000sc,Topi RAITANEN,07 FEB 1996,8:32.37,,FIN,"Stadio Olimpico, Roma (ITA)",European Athletics Championships,10 JUN 2024,2024,15.,GL,Area Champs,7158244,worldwide
men_3000sc,Velten SCHNEIDER,21 AUG 1999,8:38.73,,GER,"Stadio Olimpico, Roma (ITA)",European Athletics Championships,10 JUN 2024,2024,16.,GL,Area Champs,7158244,worldwide
men_3000sc,Kenneth ROOKS,21 OCT 1999,8:18.77,,USA,"Mt. Hood Community College, Gresham, OR (USA)",Portland Track Festival - High Performance,08 JUN 2024,2024,1.,C,Continental Tour,7205725,worldwide
men_3000sc,Avinash Mukund SABLE,13 SEP 1994,8:21.85,,IND,"Mt. Hood Community College, Gresham, OR (USA)",Portland Track Festival - High Performance,08 JUN 2024,2024,2.,C,Continental Tour,7205725,worldwide
men_3000sc,Anthony ROTICH,20 OCT 1990,8:24.13,,USA,"Mt. Hood Community College, Gresham, OR (USA)",Portland Track Festival - High Performance,08 JUN 2024,2024,3.,C,Continental Tour,7205725,worldwide
men_3000sc,Evan JAGER,08 MAR 1989,8:25.77,,USA,"Mt. Hood Community College, Gresham, OR (USA)",Portland Track Festival - High Performance,08 JUN 2024,2024,4.,C,Continental Tour,7205725,worldwide
men_3000sc,Benard KETER,25 MAY 1992,8:27.25,,USA,"Mt. Hood Community College, Gresham, OR (USA)",Portland Track Festival - High Performance,08 JUN 2024,2024,5.,C,Continental Tour,7205725,worldwide
men_3000sc,Brian BARRAZA,16 MAY 1995,8:30.84,,USA,"Mt. Hood Community College, Gresham, OR (USA)",Portland Track Festival - High Performance,08 JUN 2024,2024,7.,C,Continental Tour,7205725,worldwide
men_3000sc,Daniel MICHALSKI,10 SEP 1995,8:34.06,,USA,"Mt. Hood Community College, Gresham, OR (USA)",Portland Track Festival - High Performance,08 JUN 2024,2024,8.,C,Continental Tour,7205725,worldwide
men_3000sc,Craig NOWAK,20 APR 1994,8:38.98,,USA,"Mt. Hood Community College, Gresham, OR (USA)",Portland Track Festival - High Performance,08 JUN 2024,2024,10.,C,Continental Tour,7205725,worldwide
men_3000sc,Aidan TOOKER,26 JUN 1998,8:39.49,,USA,"Mt. Hood Community College, Gresham, OR (USA)",Portland Track Festival - High Performance,08 JUN 2024,2024,11.,C,Continental Tour,7205725,worldwide
men_3000sc,Craig HUFF,22 JUL 1996,8:47.47,,USA,"Mt. Hood Community College, Gresham, OR (USA)",Portland Track Festival - High Performance,08 JUN 2024,2024,12.,C,Continental Tour,7205725,worldwide
men_3000sc,John GAY,07 NOV 1996,8:47.73,,CAN,"Mt. Hood Community College, Gresham, OR (USA)",Portland Track Festival - High Performance,08 JUN 2024,2024,13.,C,Continental Tour,7205725,worldwide
men_3000sc,Nathan MYLENEK,29 APR 1998,8:59.82,,USA,"Mt. Hood Community College, Gresham, OR (USA)",Portland Track Festival - High Performance,08 JUN 2024,2024,14.,C,Continental Tour,7205725,worldwide
men_3000sc,Emmanuel BOR,14 APR 1988,DNF,,USA,"Mt. Hood Community College, Gresham, OR (USA)",Portland Track Festival - High Performance,08 JUN 2024,2024,,C,Continental Tour,7205725,worldwide
men_3000sc,Víctor ORTIZ RIVERA,30 JUN 1998,8:38.45,,PUR,"Estadio Jose A. Figueroa Freyre, Mayagüez (PUR)",Puerto Rican Championships,14 JUN 2024,2024,1.,B,National Championships,7208211,worldwide
men_3000sc,Leo MAGNUSSON,04 FEB 1998,8:18.23,,SWE,"Parc des Sports C. Ehrmann, Nice (FRA)",Meeting Nikaia,15 JUN 2024,2024,1.,C,Continental Tour,7205338,worldwide
men_3000sc,Faid EL MOSTAFA,13 JAN 2000,8:19.24,,MAR,"Parc des Sports C. Ehrmann, Nice (FRA)",Meeting Nikaia,15 JUN 2024,2024,2.,C,Continental Tour,7205338,worldwide
men_3000sc,Salah Eddine BEN YAZIDE,06 MAY 2003,8:20.65,,MAR,"Parc des Sports C. Ehrmann, Nice (FRA)",Meeting Nikaia,15 JUN 2024,2024,3.,C,Continental Tour,7205338,worldwide
men_3000sc,Phil NORMAN,20 OCT 1989,8:20.93,,GBR,"Parc des Sports C. Ehrmann, Nice (FRA)",Meeting Nikaia,15 JUN 2024,2024,4.,C,Continental Tour,7205338,worldwide
men_3000sc,Luc LE BARON,05 FEB 2002,8:21.89,,FRA,"Parc des Sports C. Ehrmann, Nice (FRA)",Meeting Nikaia,15 JUN 2024,2024,5.,C,Continental Tour,7205338,worldwide
men_3000sc,Yoann KOWAL,28 MAY 1987,8:30.70,,FRA,"Parc des Sports C. Ehrmann, Nice (FRA)",Meeting Nikaia,15 JUN 2024,2024,6.,C,Continental Tour,7205338,worldwide
men_3000sc,Bilal TABTI,07 JUN 1993,8:32.73,,ALG,"Parc des Sports C. Ehrmann, Nice (FRA)",Meeting Nikaia,15 JUN 2024,2024,7.,C,Continental Tour,7205338,worldwide
men_3000sc,Hichem BOUCHICHA,19 MAY 1989,8:33.68,,ALG,"Parc des Sports C. Ehrmann, Nice (FRA)",Meeting Nikaia,15 JUN 2024,2024,9.,C,Continental Tour,7205338,worldwide
men_3000sc,Jens MERGENTHALER,13 JUN 1997,8:40.97,,GER,"Parc des Sports C. Ehrmann, Nice (FRA)",Meeting Nikaia,15 JUN 2024,2024,11.,C,Continental Tour,7205338,worldwide
men_3000sc,Alexis PHELUT,03 MAR 1998,8:41.58,,FRA,"Parc des Sports C. Ehrmann, Nice (FRA)",Meeting Nikaia,15 JUN 2024,2024,12.,C,Continental Tour,7205338,worldwide
men_3000sc,Rubén LEONARDO,15 FEB 2004,DNF,,ESP,"Parc des Sports C. Ehrmann, Nice (FRA)",Meeting Nikaia,15 JUN 2024,2024,,C,Continental Tour,7205338,worldwide
men_3000sc,Faid EL MOSTAFA,13 JAN 2000,8:18.63,,MAR,"Polideportivo Zorrotza, Bilbao (ESP)",XIX Reunión Internacional Villa de Bilbao,18 JUN 2024,2024,1.,C,Continental Tour,7205978,worldwide
men_3000sc,Matthew CLARKE,29 APR 1995,8:20.06,,AUS,"Polideportivo Zorrotza, Bilbao (ESP)",XIX Reunión Internacional Villa de Bilbao,18 JUN 2024,2024,2.,C,Continental Tour,7205978,worldwide
men_3000sc,Estanislao Nicolas RUIZ,02 OCT 2000,8:21.31,,ESP,"Polideportivo Zorrotza, Bilbao (ESP)",XIX Reunión Internacional Villa de Bilbao,18 JUN 2024,2024,3.,C,Continental Tour,7205978,worldwide
men_3000sc,Sebastián MARTOS,20 JUN 1989,8:23.89,,ESP,"Polideportivo Zorrotza, Bilbao (ESP)",XIX Reunión Internacional Villa de Bilbao,18 JUN 2024,2024,4.,C,Continental Tour,7205978,worldwide
men_3000sc,Etson BARROS,16 MAR 2001,8:24.02,,POR,"Polideportivo Zorrotza, Bilbao (ESP)",XIX Reunión Internacional Villa de Bilbao,18 JUN 2024,2024,5.,C,Continental Tour,7205978,worldwide
men_3000sc,Lourenço RODRIGUES,02 FEB 2004,8:24.17,,POR,"Polideportivo Zorrotza, Bilbao (ESP)",XIX Reunión Internacional Villa de Bilbao,18 JUN 2024,2024,6.,C,Continental Tour,7205978,worldwide
men_3000sc,Jaouad HSSINI,29 NOV 1999,8:24.58,,ESP,"Polideportivo Zorrotza, Bilbao (ESP)",XIX Reunión Internacional Villa de Bilbao,18 JUN 2024,2024,7.,C,Continental Tour,7205978,worldwide
men_3000sc,Andreu BLANES,14 OCT 1991,8:26.59,,ESP,"Polideportivo Zorrotza, Bilbao (ESP)",XIX Reunión Internacional Villa de Bilbao,18 JUN 2024,2024,8.,C,Continental Tour,7205978,worldwide
men_3000sc,Fernando CARRO,01 APR 1992,8:27.94,,ESP,"Polideportivo Zorrotza, Bilbao (ESP)",XIX Reunión Internacional Villa de Bilbao,18 JUN 2024,2024,10.,C,Continental Tour,7205978,worldwide
men_3000sc,Damián VÍCH,14 AUG 1998,8:28.66,,CZE,"Polideportivo Zorrotza, Bilbao (ESP)",XIX Reunión Internacional Villa de Bilbao,18 JUN 2024,2024,11.,C,Continental Tour,7205978,worldwide
men_3000sc,Víctor ORTIZ RIVERA,30 JUN 1998,8:29.31,,PUR,"Polideportivo Zorrotza, Bilbao (ESP)",XIX Reunión Internacional Villa de Bilbao,18 JUN 2024,2024,12.,C,Continental Tour,7205978,worldwide
men_3000sc,Mohammed AATAATI,09 SEP 2003,8:30.07,,MAR,"Polideportivo Zorrotza, Bilbao (ESP)",XIX Reunión Internacional Villa de Bilbao,18 JUN 2024,2024,13.,C,Continental Tour,7205978,worldwide
men_3000sc,Carlos ÁNGEL,30 MAR 2003,8:31.56,,ESP,"Polideportivo Zorrotza, Bilbao (ESP)",XIX Reunión Internacional Villa de Bilbao,18 JUN 2024,2024,15.,C,Continental Tour,7205978,worldwide
men_3000sc,Gonzalo PARRA,20 JUN 1996,8:34.78,,ESP,"Polideportivo Zorrotza, Bilbao (ESP)",XIX Reunión Internacional Villa de Bilbao,18 JUN 2024,2024,16.,C,Continental Tour,7205978,worldwide
men_3000sc,Abrham SIME,07 NOV 2001,8:17.22,,ETH,"Paavo Nurmen Stadion, Turku (FIN)",Paavo Nurmi Games,18 JUN 2024,2024,1.,A,Continental Tour,7189393,worldwide
men_3000sc,Ben BUCKINGHAM,08 NOV 1991,8:21.34,,AUS,"Paavo Nurmen Stadion, Turku (FIN)",Paavo Nurmi Games,18 JUN 2024,2024,2.,A,Continental Tour,7189393,worldwide
men_3000sc,Emil BLOMBERG,09 APR 1992,8:21.40,,SWE,"Paavo Nurmen Stadion, Turku (FIN)",Paavo Nurmi Games,18 JUN 2024,2024,3.,A,Continental Tour,7189393,worldwide
men_3000sc,Yassin BOUIH,24 NOV 1996,8:22.01,,ITA,"Paavo Nurmen Stadion, Turku (FIN)",Paavo Nurmi Games,18 JUN 2024,2024,4.,A,Continental Tour,7189393,worldwide
men_3000sc,Jacob BOUTERA,29 APR 1996,8:23.21,,NOR,"Paavo Nurmen Stadion, Turku (FIN)",Paavo Nurmi Games,18 JUN 2024,2024,5.,A,Continental Tour,7189393,worldwide
men_3000sc,Nahuel CARABAÑA,10 NOV 1999,8:24.16,,AND,"Paavo Nurmen Stadion, Turku (FIN)",Paavo Nurmi Games,18 JUN 2024,2024,6.,A,Continental Tour,7189393,worldwide
men_3000sc,Zak SEDDON,28 JUN 1994,8:24.75,,GBR,"Paavo Nurmen Stadion, Turku (FIN)",Paavo Nurmi Games,18 JUN 2024,2024,7.,A,Continental Tour,7189393,worldwide
men_3000sc,Simon SUNDSTRÖM,04 FEB 1998,8:24.98,,SWE,"Paavo Nurmen Stadion, Turku (FIN)",Paavo Nurmi Games,18 JUN 2024,2024,8.,A,Continental Tour,7189393,worldwide
men_3000sc,Ibrahim EZZAYDOUNI,28 APR 1991,8:28.43,,ESP,"Paavo Nurmen Stadion, Turku (FIN)",Paavo Nurmi Games,18 JUN 2024,2024,9.,A,Continental Tour,7189393,worldwide
men_3000sc,Víctor RUIZ,24 JUN 1993,8:30.78,,ESP,"Paavo Nurmen Stadion, Turku (FIN)",Paavo Nurmi Games,18 JUN 2024,2024,10.,A,Continental Tour,7189393,worldwide
men_3000sc,William BATTERSHILL,25 FEB 1998,8:33.01,,GBR,"Paavo Nurmen Stadion, Turku (FIN)",Paavo Nurmi Games,18 JUN 2024,2024,11.,A,Continental Tour,7189393,worldwide
men_3000sc,Osama ZOGHLAMI,19 JUN 1994,8:34.40,,ITA,"Paavo Nurmen Stadion, Turku (FIN)",Paavo Nurmi Games,18 JUN 2024,2024,12.,A,Continental Tour,7189393,worldwide
men_3000sc,Topi RAITANEN,07 FEB 1996,8:37.58,,FIN,"Paavo Nurmen Stadion, Turku (FIN)",Paavo Nurmi Games,18 JUN 2024,2024,13.,A,Continental Tour,7189393,worldwide
men_3000sc,Wilberforce Chemiat KONES,19 SEP 1993,DNF,,KEN,"Paavo Nurmen Stadion, Turku (FIN)",Paavo Nurmi Games,18 JUN 2024,2024,,A,Continental Tour,7189393,worldwide
men_3000sc,Nicolas-Marie DARU,21 OCT 1988,DNF,,FRA,"Paavo Nurmen Stadion, Turku (FIN)",Paavo Nurmi Games,18 JUN 2024,2024,,A,Continental Tour,7189393,worldwide
men_3000sc,Luc LE BARON,05 FEB 2002,DNF,,FRA,"Paavo Nurmen Stadion, Turku (FIN)",Paavo Nurmi Games,18 JUN 2024,2024,,A,Continental Tour,7189393,worldwide
men_3000sc,Leo MAGNUSSON,04 FEB 1998,8:21.74,,SWE,"Stade Naimette-Xhovémont, Liège (BEL)",Meeting International d'Athlétisme de la Province de Liège,19 JUN 2024,2024,1.,C,Continental Tour,7205332,worldwide
men_3000sc,Salah Eddine BEN YAZIDE,06 MAY 2003,8:22.71,,MAR,"Stade Naimette-Xhovémont, Liège (BEL)",Meeting International d'Athlétisme de la Province de Liège,19 JUN 2024,2024,2.,C,Continental Tour,7205332,worldwide
men_3000sc,Ruben QUERINJEAN,22 DEC 2001,8:22.85,,LUX,"Stade Naimette-Xhovémont, Liège (BEL)",Meeting International d'Athlétisme de la Province de Liège,19 JUN 2024,2024,3.,C,Continental Tour,7205332,worldwide
men_3000sc,Omar SERAICH,16 MAR 1997,8:22.99,,ALG,"Stade Naimette-Xhovémont, Liège (BEL)",Meeting International d'Athlétisme de la Province de Liège,19 JUN 2024,2024,4.,C,Continental Tour,7205332,worldwide
men_3000sc,Baptiste FOURMONT,19 MAY 1999,8:23.89,,FRA,"Stade Naimette-Xhovémont, Liège (BEL)",Meeting International d'Athlétisme de la Province de Liège,19 JUN 2024,2024,5.,C,Continental Tour,7205332,worldwide
men_3000sc,Niklas BUCHHOLZ,04 MAR 1998,8:24.01,,GER,"Stade Naimette-Xhovémont, Liège (BEL)",Meeting International d'Athlétisme de la Province de Liège,19 JUN 2024,2024,6.,C,Continental Tour,7205332,worldwide
men_3000sc,Ole HESSELBJERG,23 APR 1990,8:28.52,,DEN,"Stade Naimette-Xhovémont, Liège (BEL)",Meeting International d'Athlétisme de la Province de Liège,19 JUN 2024,2024,7.,C,Continental Tour,7205332,worldwide
men_3000sc,Clement DUIGOU,26 APR 1996,8:30.00,,FRA,"Stade Naimette-Xhovémont, Liège (BEL)",Meeting International d'Athlétisme de la Province de Liège,19 JUN 2024,2024,8.,C,Continental Tour,7205332,worldwide
men_3000sc,Lawrence Kemboi KIPSANG,15 JUN 1993,8:34.50,,KEN,"Stade Naimette-Xhovémont, Liège (BEL)",Meeting International d'Athlétisme de la Province de Liège,19 JUN 2024,2024,9.,C,Continental Tour,7205332,worldwide
men_3000sc,Nick JÄGER,22 AUG 1999,8:38.37,,GER,"Stade Naimette-Xhovémont, Liège (BEL)",Meeting International d'Athlétisme de la Province de Liège,19 JUN 2024,2024,12.,C,Continental Tour,7205332,worldwide
men_3000sc,Edward TRIPPAS,22 SEP 1998,8:38.85,,AUS,"Stade Naimette-Xhovémont, Liège (BEL)",Meeting International d'Athlétisme de la Province de Liège,19 JUN 2024,2024,13.,C,Continental Tour,7205332,worldwide
men_3000sc,Conseslus KIPRUTO,08 DEC 1994,8:42.53,,KEN,"Stade Naimette-Xhovémont, Liège (BEL)",Meeting International d'Athlétisme de la Province de Liège,19 JUN 2024,2024,14.,C,Continental Tour,7205332,worldwide
men_3000sc,Yaser Salem BAGHARAB,01 JAN 1998,8:54.34,,QAT,"Stade Naimette-Xhovémont, Liège (BEL)",Meeting International d'Athlétisme de la Province de Liège,19 JUN 2024,2024,16.,C,Continental Tour,7205332,worldwide
men_3000sc,Zakaria EL AHLAAMI,07 JUL 2004,DNF,,QAT,"Stade Naimette-Xhovémont, Liège (BEL)",Meeting International d'Athlétisme de la Province de Liège,19 JUN 2024,2024,,C,Continental Tour,7205332,worldwide
men_3000sc,Wilberforce Chemiat KONES,19 SEP 1993,DNF,,KEN,"Stade Naimette-Xhovémont, Liège (BEL)",Meeting International d'Athlétisme de la Province de Liège,19 JUN 2024,2024,,C,Continental Tour,7205332,worldwide
men_3000sc,Kenneth ROOKS,21 OCT 1999,8:21.92,,USA,"Hayward Field, Eugene, OR (USA)",U.S. Olympic Team Trials,23 JUN 2024,2024,1.,B,National Championships,7209387,worldwide
men_3000sc,Matthew WILKINSON,27 DEC 1998,8:23.00,,USA,"Hayward Field, Eugene, OR (USA)",U.S. Olympic Team Trials,23 JUN 2024,2024,2.,B,National Championships,7209387,worldwide
men_3000sc,James CORRIGAN,16 APR 2002,8:26.78,,USA,"Hayward Field, Eugene, OR (USA)",U.S. Olympic Team Trials,23 JUN 2024,2024,3.,B,National Championships,7209387,worldwide
men_3000sc,Evan JAGER,08 MAR 1989,8:28.73,,USA,"Hayward Field, Eugene, OR (USA)",U.S. Olympic Team Trials,23 JUN 2024,2024,4.,B,National Championships,7209387,worldwide
men_3000sc,Yasin SADO,10 MAR 2001,8:29.04,,USA,"Hayward Field, Eugene, OR (USA)",U.S. Olympic Team Trials,23 JUN 2024,2024,5.,B,National Championships,7209387,worldwide
men_3000sc,Duncan HAMILTON,14 JUL 2000,8:29.20,,USA,"Hayward Field, Eugene, OR (USA)",U.S. Olympic Team Trials,23 JUN 2024,2024,6.,B,National Championships,7209387,worldwide
men_3000sc,Joey BERRIATUA,16 JUN 1995,8:29.95,,USA,"Hayward Field, Eugene, OR (USA)",U.S. Olympic Team Trials,23 JUN 2024,2024,7.,B,National Championships,7209387,worldwide
men_3000sc,Anthony ROTICH,20 OCT 1990,8:30.14,,USA,"Hayward Field, Eugene, OR (USA)",U.S. Olympic Team Trials,23 JUN 2024,2024,8.,B,National Championships,7209387,worldwide
men_3000sc,Benard KETER,25 MAY 1992,8:32.82,,USA,"Hayward Field, Eugene, OR (USA)",U.S. Olympic Team Trials,23 JUN 2024,2024,9.,B,National Championships,7209387,worldwide
men_3000sc,Derek JOHNSON,11 OCT 1999,8:34.37,,USA,"Hayward Field, Eugene, OR (USA)",U.S. Olympic Team Trials,23 JUN 2024,2024,10.,B,National Championships,7209387,worldwide
men_3000sc,Nathan MOUNTAIN,27 AUG 2002,8:34.63,,USA,"Hayward Field, Eugene, OR (USA)",U.S. Olympic Team Trials,23 JUN 2024,2024,11.,B,National Championships,7209387,worldwide
men_3000sc,Isaac UPDIKE,21 MAR 1992,8:35.98,,USA,"Hayward Field, Eugene, OR (USA)",U.S. Olympic Team Trials,23 JUN 2024,2024,12.,B,National Championships,7209387,worldwide
men_3000sc,Hillary BOR,22 NOV 1989,8:37.65,,USA,"Hayward Field, Eugene, OR (USA)",U.S. Olympic Team Trials,23 JUN 2024,2024,13.,B,National Championships,7209387,worldwide
men_3000sc,Alec BASTEN,26 FEB 1998,8:44.81,,USA,"Hayward Field, Eugene, OR (USA)",U.S. Olympic Team Trials,23 JUN 2024,2024,14.,B,National Championships,7209387,worldwide
men_3000sc,Leonard CHEMUTAI,05 MAY 2003,8:21.30,,UGA,"Stade Omnisport de JAPOMA, Douala (CMR)",African Athletics Championships,23 JUN 2024,2024,1.,GL,Area Champs,7212479,worldwide
men_3000sc,Edmund SEREM,27 DEC 2007,8:21.94,,KEN,"Stade Omnisport de JAPOMA, Douala (CMR)",African Athletics Championships,23 JUN 2024,2024,2.,GL,Area Champs,7212479,worldwide
men_3000sc,Matthew KOSGEI,14 MAR 2006,8:21.98,,KEN,"Stade Omnisport de JAPOMA, Douala (CMR)",African Athletics Championships,23 JUN 2024,2024,3.,GL,Area Champs,7212479,worldwide
men_3000sc,Hailemariyam AMARE,22 FEB 1997,8:23.76,,ETH,"Stade Omnisport de JAPOMA, Douala (CMR)",African Athletics Championships,23 JUN 2024,2024,4.,GL,Area Champs,7212479,worldwide
men_3000sc,Collins KIPNGOK,13 JUL 2000,8:29.06,,KEN,"Stade Omnisport de JAPOMA, Douala (CMR)",African Athletics Championships,23 JUN 2024,2024,5.,GL,Area Champs,7212479,worldwide
men_3000sc,Bilal TABTI,07 JUN 1993,8:41.68,,ALG,"Stade Omnisport de JAPOMA, Douala (CMR)",African Athletics Championships,23 JUN 2024,2024,7.,GL,Area Champs,7212479,worldwide
men_3000sc,Velten SCHNEIDER,21 AUG 1999,8:35.50,,GER,"Estádio 1o de Maio, Braga (POR)",Meeting of Braga,22 JUN 2024,2024,1.,D,Continental Tour,7206625,worldwide
men_3000sc,Jacob BOUTERA,29 APR 1996,8:37.04,,NOR,"Estádio 1o de Maio, Braga (POR)",Meeting of Braga,22 JUN 2024,2024,2.,D,Continental Tour,7206625,worldwide
men_3000sc,Matthew CLARKE,29 APR 1995,8:38.15,,AUS,"Estádio 1o de Maio, Braga (POR)",Meeting of Braga,22 JUN 2024,2024,3.,D,Continental Tour,7206625,worldwide
men_3000sc,Etson BARROS,16 MAR 2001,8:40.92,,POR,"Estádio 1o de Maio, Braga (POR)",Meeting of Braga,22 JUN 2024,2024,4.,D,Continental Tour,7206625,worldwide
men_3000sc,Víctor ORTIZ RIVERA,30 JUN 1998,8:42.60,,PUR,"Estádio 1o de Maio, Braga (POR)",Meeting of Braga,22 JUN 2024,2024,5.,D,Continental Tour,7206625,worldwide
men_3000sc,Abdelhakim ABOUZOUHAIR,20 NOV 1997,8:44.70,,MAR,"Estádio 1o de Maio, Braga (POR)",Meeting of Braga,22 JUN 2024,2024,6.,D,Continental Tour,7206625,worldwide
men_3000sc,Andreu BLANES,14 OCT 1991,DNF,,ESP,"Estádio 1o de Maio, Braga (POR)",Meeting of Braga,22 JUN 2024,2024,,D,Continental Tour,7206625,worldwide
men_3000sc,Jean-Simon DESGAGNÉS,26 JUL 1998,8:34.56,,CAN,"Complexe Sportif Claude-Robillard, Montréal (CAN)",Canadian Championships,27 JUN 2024,2024,1.,B,National Championships,7207284,worldwide
men_3000sc,Aaron AHL,25 FEB 1999,8:39.16,,CAN,"Complexe Sportif Claude-Robillard, Montréal (CAN)",Canadian Championships,27 JUN 2024,2024,3.,B,National Championships,7207284,worldwide
men_3000sc,Kevin ROBERTSON,28 SEP 1998,8:39.31,,CAN,"Complexe Sportif Claude-Robillard, Montréal (CAN)",Canadian Championships,27 JUN 2024,2024,4.,B,National Championships,7207284,worldwide
men_3000sc,John GAY,07 NOV 1996,8:54.34,,CAN,"Complexe Sportif Claude-Robillard, Montréal (CAN)",Canadian Championships,27 JUN 2024,2024,7.,B,National Championships,7207284,worldwide
men_3000sc,Maciej MEGIER,26 APR 2003,8:38.75,,POL,"Zdzisław Krzyszkowiak Stadium, Bydgoszcz (POL)",Polish Championships,27 JUN 2024,2024,1.,B,National Championships,7204650,worldwide
men_3000sc,Omar SERAICH,16 MAR 1997,8:27.91,,ALG,"Complexe Olympique Mohamed Boudiaf, Algiers (ALG)",Algerian Championships,30 JUN 2024,2024,1.,B,National Championships,7210465,worldwide
men_3000sc,Bilal TABTI,07 JUN 1993,8:45.77,,ALG,"Complexe Olympique Mohamed Boudiaf, Algiers (ALG)",Algerian Championships,30 JUN 2024,2024,3.,B,National Championships,7210465,worldwide
men_3000sc,Jacob BOUTERA,29 APR 1996,8:32.14,,NOR,"Sandnes Stadion, Sandnes (NOR)",Norwegian Championships,28 JUN 2024,2024,1.,B,National Championships,7203633,worldwide
men_3000sc,Fredrik SANDVIK,23 MAR 1998,8:35.08,,NOR,"Sandnes Stadion, Sandnes (NOR)",Norwegian Championships,28 JUN 2024,2024,2.,B,National Championships,7203633,worldwide
men_3000sc,Tom Erling KÅRBØ,04 FEB 1989,8:38.10,,NOR,"Sandnes Stadion, Sandnes (NOR)",Norwegian Championships,28 JUN 2024,2024,3.,B,National Championships,7203633,worldwide
men_3000sc,Dzmitry IVANENKA,07 JAN 1994,8:40.13,,BLR,"Dinamo National Olympic Stadium, Minsk (BLR)",Belarus Championships,28 JUN 2024,2024,1.,B,National Championships,7212988,worldwide
men_3000sc,Ryoma AOKI,16 JUN 1997,8:24.21,,JPN,"Denka Big Swan Stadium, Niigata (JPN)",Japanese Championships,27 JUN 2024,2024,1.,B,National Championships,7212124,worldwide
men_3000sc,Daichi SHIBATA,02 NOV 2004,8:24.68,,JPN,"Denka Big Swan Stadium, Niigata (JPN)",Japanese Championships,27 JUN 2024,2024,2.,B,National Championships,7212124,worldwide
men_3000sc,Yutaro NIINAE,06 FEB 2001,8:25.45,,JPN,"Denka Big Swan Stadium, Niigata (JPN)",Japanese Championships,27 JUN 2024,2024,3.,B,National Championships,7212124,worldwide
men_3000sc,Yasunari KUSU,21 AUG 1993,8:29.04,,JPN,"Denka Big Swan Stadium, Niigata (JPN)",Japanese Championships,27 JUN 2024,2024,4.,B,National Championships,7212124,worldwide
men_3000sc,Hibiki OBARA,10 NOV 2001,8:31.69,,JPN,"Denka Big Swan Stadium, Niigata (JPN)",Japanese Championships,27 JUN 2024,2024,5.,B,National Championships,7212124,worldwide
men_3000sc,Atsushi SHOBU,16 DEC 2001,8:33.67,,JPN,"Denka Big Swan Stadium, Niigata (JPN)",Japanese Championships,27 JUN 2024,2024,7.,B,National Championships,7212124,worldwide
men_3000sc,Seiya SHIGENO,23 DEC 1996,8:37.08,,JPN,"Denka Big Swan Stadium, Niigata (JPN)",Japanese Championships,27 JUN 2024,2024,11.,B,National Championships,7212124,worldwide
men_3000sc,Seiya SUNADA,30 OCT 2001,8:59.91,,JPN,"Denka Big Swan Stadium, Niigata (JPN)",Japanese Championships,27 JUN 2024,2024,16.,B,National Championships,7212124,worldwide
men_3000sc,Hosein KEYHANI,26 APR 1990,9:05.71,,IRI,"Aftab Enghelab Sport Complex, Tehran (IRI)",Iranian Championships,27 JUN 2024,2024,1.,B,National Championships,7212857,worldwide
men_3000sc,Topi RAITANEN,07 FEB 1996,8:46.63,,FIN,"Kaarlen kenttä, Vaasa (FIN)",Finnish Championships,29 JUN 2024,2024,1.,B,National Championships,7205744,worldwide
men_3000sc,Avinash Mukund SABLE,13 SEP 1994,8:31.75,,IND,"Tau Devi Lal Stadium, Panchkula (IND)",Indian Championships,29 JUN 2024,2024,1.,B,National Championships,7211762,worldwide
men_3000sc,Carlos SAN MARTÍN,19 NOV 1993,8:55.20,,COL,"Pedro Grajales, Cali (COL)",Colombian Championships,29 JUN 2024,2024,1.,B,National Championships,7208184,worldwide
men_3000sc,Gerald Nicolas GIRALDO VILLA,21 MAR 1989,9:00.86,,COL,"Pedro Grajales, Cali (COL)",Colombian Championships,29 JUN 2024,2024,2.,B,National Championships,7208184,worldwide
men_3000sc,Frederik RUPPERT,19 FEB 1997,8:16.98,,GER,"Eintracht-Stadion, Braunschweig (GER)",German Championships,29 JUN 2024,2024,1.,B,National Championships,7213792,worldwide
men_3000sc,Velten SCHNEIDER,21 AUG 1999,8:26.79,,GER,"Eintracht-Stadion, Braunschweig (GER)",German Championships,29 JUN 2024,2024,2.,B,National Championships,7213792,worldwide
men_3000sc,Niklas BUCHHOLZ,04 MAR 1998,8:32.36,,GER,"Eintracht-Stadion, Braunschweig (GER)",German Championships,29 JUN 2024,2024,3.,B,National Championships,7213792,worldwide
men_3000sc,Nick JÄGER,22 AUG 1999,8:34.80,,GER,"Eintracht-Stadion, Braunschweig (GER)",German Championships,29 JUN 2024,2024,4.,B,National Championships,7213792,worldwide
men_3000sc,Jens MERGENTHALER,13 JUN 1997,8:48.54,,GER,"Eintracht-Stadion, Braunschweig (GER)",German Championships,29 JUN 2024,2024,5.,B,National Championships,7213792,worldwide
men_3000sc,Christoph KESSLER,28 APR 1995,8:57.93,,GER,"Eintracht-Stadion, Braunschweig (GER)",German Championships,29 JUN 2024,2024,9.,B,National Championships,7213792,worldwide
men_3000sc,Robin MÜLLER,12 JUN 2003,9:12.25,,GER,"Eintracht-Stadion, Braunschweig (GER)",German Championships,29 JUN 2024,2024,11.,B,National Championships,7213792,worldwide
men_3000sc,Leo MAGNUSSON,04 FEB 1998,8:22.03,,SWE,"Rimnersvallen, Uddevalla (SWE)",Swedish Championships,28 JUN 2024,2024,1.,B,National Championships,7207644,worldwide
men_3000sc,Emil BLOMBERG,09 APR 1992,8:22.17,,SWE,"Rimnersvallen, Uddevalla (SWE)",Swedish Championships,28 JUN 2024,2024,2.,B,National Championships,7207644,worldwide
men_3000sc,Vidar JOHANSSON,08 OCT 1996,8:42.55,,SWE,"Rimnersvallen, Uddevalla (SWE)",Swedish Championships,28 JUN 2024,2024,3.,B,National Championships,7207644,worldwide
men_3000sc,Nicolas-Marie DARU,21 OCT 1988,8:24.37,,FRA,"Stade Josette et Roger Mikulak, Angers (FRA)",French Championships,29 JUN 2024,2024,1.,B,National Championships,7205979,worldwide
men_3000sc,Louis GILAVERT,01 JAN 1998,8:24.39,,FRA,"Stade Josette et Roger Mikulak, Angers (FRA)",French Championships,29 JUN 2024,2024,2.,B,National Championships,7205979,worldwide
men_3000sc,Alexis MIELLET,05 MAY 1995,8:24.91,,FRA,"Stade Josette et Roger Mikulak, Angers (FRA)",French Championships,29 JUN 2024,2024,3.,B,National Championships,7205979,worldwide
men_3000sc,Djilali BEDRANI,01 OCT 1993,8:25.27,,FRA,"Stade Josette et Roger Mikulak, Angers (FRA)",French Championships,29 JUN 2024,2024,4.,B,National Championships,7205979,worldwide
men_3000sc,Luc LE BARON,05 FEB 2002,8:30.46,,FRA,"Stade Josette et Roger Mikulak, Angers (FRA)",French Championships,29 JUN 2024,2024,5.,B,National Championships,7205979,worldwide
men_3000sc,Baptiste FOURMONT,19 MAY 1999,8:31.25,,FRA,"Stade Josette et Roger Mikulak, Angers (FRA)",French Championships,29 JUN 2024,2024,6.,B,National Championships,7205979,worldwide
men_3000sc,Valentin BRESC,27 MAY 2001,8:31.46,,FRA,"Stade Josette et Roger Mikulak, Angers (FRA)",French Championships,29 JUN 2024,2024,7.,B,National Championships,7205979,worldwide
men_3000sc,Clement DUIGOU,26 APR 1996,8:37.60,,FRA,"Stade Josette et Roger Mikulak, Angers (FRA)",French Championships,29 JUN 2024,2024,11.,B,National Championships,7205979,worldwide
men_3000sc,Gatien AIRIAU,09 JUN 1993,8:39.08,,FRA,"Stade Josette et Roger Mikulak, Angers (FRA)",French Championships,29 JUN 2024,2024,12.,B,National Championships,7205979,worldwide
men_3000sc,Alexis PHELUT,03 MAR 1998,8:44.15,,FRA,"Stade Josette et Roger Mikulak, Angers (FRA)",French Championships,29 JUN 2024,2024,13.,B,National Championships,7205979,worldwide
men_3000sc,Daniel ARCE,22 APR 1992,8:23.84,,ESP,"Estadi Olímpic Camilo Cano, La Nucia (ESP)",Spanish Championships,29 JUN 2024,2024,1.,B,National Championships,7209778,worldwide
men_3000sc,Víctor RUIZ,24 JUN 1993,8:24.84,,ESP,"Estadi Olímpic Camilo Cano, La Nucia (ESP)",Spanish Championships,29 JUN 2024,2024,2.,B,National Championships,7209778,worldwide
men_3000sc,Sebastián MARTOS,20 JUN 1989,8:27.12,,ESP,"Estadi Olímpic Camilo Cano, La Nucia (ESP)",Spanish Championships,29 JUN 2024,2024,3.,B,National Championships,7209778,worldwide
men_3000sc,Estanislao Nicolas RUIZ,02 OCT 2000,8:27.64,,ESP,"Estadi Olímpic Camilo Cano, La Nucia (ESP)",Spanish Championships,29 JUN 2024,2024,4.,B,National Championships,7209778,worldwide
men_3000sc,Jaouad HSSINI,29 NOV 1999,8:30.18,,ESP,"Estadi Olímpic Camilo Cano, La Nucia (ESP)",Spanish Championships,29 JUN 2024,2024,6.,B,National Championships,7209778,worldwide
men_3000sc,Ibrahim EZZAYDOUNI,28 APR 1991,8:31.16,,ESP,"Estadi Olímpic Camilo Cano, La Nucia (ESP)",Spanish Championships,29 JUN 2024,2024,7.,B,National Championships,7209778,worldwide
men_3000sc,Alejandro QUIJADA,07 MAR 2001,8:36.00,,ESP,"Estadi Olímpic Camilo Cano, La Nucia (ESP)",Spanish Championships,29 JUN 2024,2024,8.,B,National Championships,7209778,worldwide
men_3000sc,Rubén LEONARDO,15 FEB 2004,8:39.41,,ESP,"Estadi Olímpic Camilo Cano, La Nucia (ESP)",Spanish Championships,29 JUN 2024,2024,10.,B,National Championships,7209778,worldwide
men_3000sc,Gonzalo PARRA,20 JUN 1996,8:39.86,,ESP,"Estadi Olímpic Camilo Cano, La Nucia (ESP)",Spanish Championships,29 JUN 2024,2024,11.,B,National Championships,7209778,worldwide
men_3000sc,Andreu BLANES,14 OCT 1991,8:46.15,,ESP,"Estadi Olímpic Camilo Cano, La Nucia (ESP)",Spanish Championships,29 JUN 2024,2024,12.,B,National Championships,7209778,worldwide
men_3000sc,Carlos ÁNGEL,30 MAR 2003,8:47.78,,ESP,"Estadi Olímpic Camilo Cano, La Nucia (ESP)",Spanish Championships,29 JUN 2024,2024,13.,B,National Championships,7209778,worldwide
men_3000sc,Víctor ORTIZ RIVERA,30 JUN 1998,DNF,,PUR,"Estadi Olímpic Camilo Cano, La Nucia (ESP)",Spanish Championships,29 JUN 2024,2024,,B,National Championships,7209778,worldwide
men_3000sc,Ruben QUERINJEAN,22 DEC 2001,8:18.82,,LUX,"Stade de Luxembourg, Luxembourg (LUX)",Luxemburg Championships,28 JUN 2024,2024,1.,B,National Championships,7211496,worldwide
men_3000sc,Salem Mohamed ATTIAALLAH,01 OCT 1993,8:21.55,,EGY,"Stade de Luxembourg, Luxembourg (LUX)",Luxemburg Championships,28 JUN 2024,2024,OC,B,National Championships,7211496,worldwide
men_3000sc,Turgay BAYRAM,15 JUN 1995,8:54.58,,TUR,"Seha Aksoy Atletizm Pisti, Izmir (TUR)",Turkish Championships,29 JUN 2024,2024,2.,B,National Championships,7211808,worldwide
men_3000sc,Ole HESSELBJERG,23 APR 1990,8:48.96,,DEN,"Hvidovre Stadion, Hvidovre (DEN)",Danish Championships,29 JUN 2024,2024,1.,B,National Championships,7211915,worldwide
men_3000sc,Jakob Dybdal ABRAHAMSEN,29 JUL 1994,9:25.55,,DEN,"Hvidovre Stadion, Hvidovre (DEN)",Danish Championships,29 JUN 2024,2024,2.,B,National Championships,7211915,worldwide
men_3000sc,Faid EL MOSTAFA,13 JAN 2000,8:23.24,,MAR,Sale (MAR),Moroccan Championships,30 JUN 2024,2024,1.,B,National Championships,7214247,worldwide
men_3000sc,Salah Eddine BEN YAZIDE,06 MAY 2003,8:26.05,,MAR,Sale (MAR),Moroccan Championships,30 JUN 2024,2024,2.,B,National Championships,7214247,worldwide
men_3000sc,Abderrafia BOUASSEL,18 FEB 2001,DNF,,MAR,Sale (MAR),Moroccan Championships,30 JUN 2024,2024,,B,National Championships,7214247,worldwide
men_3000sc,Phil NORMAN,20 OCT 1989,8:18.65,,GBR,"Manchester Regional Arena, Manchester (GBR)",UK Championships,30 JUN 2024,2024,1.,B,National Championships,7213161,worldwide
men_3000sc,William BATTERSHILL,25 FEB 1998,8:21.83,,GBR,"Manchester Regional Arena, Manchester (GBR)",UK Championships,30 JUN 2024,2024,2.,B,National Championships,7213161,worldwide
men_3000sc,Zak SEDDON,28 JUN 1994,8:27.32,,GBR,"Manchester Regional Arena, Manchester (GBR)",UK Championships,30 JUN 2024,2024,3.,B,National Championships,7213161,worldwide
men_3000sc,Mark PEARCE,19 JAN 1996,8:33.57,,GBR,"Manchester Regional Arena, Manchester (GBR)",UK Championships,30 JUN 2024,2024,4.,B,National Championships,7213161,worldwide
men_3000sc,István PALKOVITS,27 DEC 2000,8:44.74,,HUN,"Lantos Mihály Sportközpont, Budapest (HUN)",Hungarian Championships,29 JUN 2024,2024,1.,B,National Championships,7212194,worldwide
men_3000sc,Yassin BOUIH,24 NOV 1996,8:21.00,,ITA,"Centro Sportivo A. Montagna, La Spezia (ITA)",Italian Championships,30 JUN 2024,2024,1.,B,National Championships,7209929,worldwide
men_3000sc,Osama ZOGHLAMI,19 JUN 1994,8:22.03,,ITA,"Centro Sportivo A. Montagna, La Spezia (ITA)",Italian Championships,30 JUN 2024,2024,2.,B,National Championships,7209929,worldwide
men_3000sc,Ala ZOGHLAMI,19 JUN 1994,8:34.89,,ITA,"Centro Sportivo A. Montagna, La Spezia (ITA)",Italian Championships,30 JUN 2024,2024,3.,B,National Championships,7209929,worldwide
men_3000sc,Leonardo FELETTO,26 JUN 1995,8:39.34,,ITA,"Centro Sportivo A. Montagna, La Spezia (ITA)",Italian Championships,30 JUN 2024,2024,5.,B,National Championships,7209929,worldwide
men_3000sc,Etson BARROS,16 MAR 2001,8:39.66,,POR,"Estádio Cidade de Coimbra, Coimbra (POR)",Portuguese Championships,29 JUN 2024,2024,1.,B,National Championships,7213769,worldwide
men_3000sc,Lourenço RODRIGUES,02 FEB 2004,8:39.70,,POR,"Estádio Cidade de Coimbra, Coimbra (POR)",Portuguese Championships,29 JUN 2024,2024,2.,B,National Championships,7213769,worldwide
men_3000sc,Tomáš HABARTA,10 JUL 2003,8:29.24,,CZE,"Stadion Mládeže, Zlín (CZE)",Czech Championships,29 JUN 2024,2024,1.,B,National Championships,7207904,worldwide
men_3000sc,Damián VÍCH,14 AUG 1998,8:37.49,,CZE,"Stadion Mládeže, Zlín (CZE)",Czech Championships,29 JUN 2024,2024,2.,B,National Championships,7207904,worldwide
men_3000sc,Ben BUCKINGHAM,08 NOV 1991,8:39.74,,AUS,"Besagroup-Sportpark, Rhede (GER)",52. Internationales LAZ Meeting/Rhede,14 JUL 2024,2024,1.,D,Continental Tour,7205443,worldwide
men_3000sc,Isaac UPDIKE,21 MAR 1992,8:19.11,,USA,"Jack Kemp Stadium - Occidental College, Los Angeles, CA (USA)",Sunset Tour,20 JUL 2024,2024,1.,C,Continental Tour,7210649,worldwide
men_3000sc,Duncan HAMILTON,14 JUL 2000,8:21.68,,USA,"Jack Kemp Stadium - Occidental College, Los Angeles, CA (USA)",Sunset Tour,20 JUL 2024,2024,2.,C,Continental Tour,7210649,worldwide
men_3000sc,Joey BERRIATUA,16 JUN 1995,8:25.79,,USA,"Jack Kemp Stadium - Occidental College, Los Angeles, CA (USA)",Sunset Tour,20 JUL 2024,2024,3.,C,Continental Tour,7210649,worldwide
men_3000sc,Daniel MICHALSKI,10 SEP 1995,8:28.44,,USA,"Jack Kemp Stadium - Occidental College, Los Angeles, CA (USA)",Sunset Tour,20 JUL 2024,2024,4.,C,Continental Tour,7210649,worldwide
men_3000sc,Parker STOKES,05 SEP 2000,8:31.22,,USA,"Jack Kemp Stadium - Occidental College, Los Angeles, CA (USA)",Sunset Tour,20 JUL 2024,2024,5.,C,Continental Tour,7210649,worldwide
men_3000sc,Alec BASTEN,26 FEB 1998,8:31.61,,USA,"Jack Kemp Stadium - Occidental College, Los Angeles, CA (USA)",Sunset Tour,20 JUL 2024,2024,6.,C,Continental Tour,7210649,worldwide
men_3000sc,Casey COMBER,04 NOV 1996,8:36.37,,USA,"Jack Kemp Stadium - Occidental College, Los Angeles, CA (USA)",Sunset Tour,20 JUL 2024,2024,8.,C,Continental Tour,7210649,worldwide
men_3000sc,Jackson MESTLER,27 DEC 1997,8:41.75,,USA,"Jack Kemp Stadium - Occidental College, Los Angeles, CA (USA)",Sunset Tour,20 JUL 2024,2024,10.,C,Continental Tour,7210649,worldwide
men_3000sc,Aaron AHL,25 FEB 1999,DNF,,CAN,"Jack Kemp Stadium - Occidental College, Los Angeles, CA (USA)",Sunset Tour,20 JUL 2024,2024,,C,Continental Tour,7210649,worldwide
men_3000sc,Kevin ROBERTSON,28 SEP 1998,8:24.37,,CAN,"Market Street Athletics Track, Bury St Edmunds (GBR)",British Milers Club Grand Prix,10 AUG 2024,2024,1.,D,Continental Tour,7205889,worldwide
men_3000sc,William BATTERSHILL,25 FEB 1998,8:25.95,,GBR,"Market Street Athletics Track, Bury St Edmunds (GBR)",British Milers Club Grand Prix,10 AUG 2024,2024,2.,D,Continental Tour,7205889,worldwide
men_3000sc,Víctor RUIZ,24 JUN 1993,8:27.60,,ESP,"Market Street Athletics Track, Bury St Edmunds (GBR)",British Milers Club Grand Prix,10 AUG 2024,2024,3.,D,Continental Tour,7205889,worldwide
men_3000sc,Konstantin PLOKHOTNIKOV,24 MAR 1997,8:32.49,,RUS,"Kalininets Stadium, Yekaterinburg (RUS)",Russian Championships,16 AUG 2024,2024,1.,B,National Championships,7215238,worldwide
men_3000sc,Eduard BATYRSHIN,04 DEC 1998,8:35.93,,RUS,"Kalininets Stadium, Yekaterinburg (RUS)",Russian Championships,16 AUG 2024,2024,2.,B,National Championships,7215238,worldwide
men_3000sc,Maksim YAKUSHEV,15 MAR 1992,8:40.80,,RUS,"Kalininets Stadium, Yekaterinburg (RUS)",Russian Championships,16 AUG 2024,2024,3.,B,National Championships,7215238,worldwide
men_3000sc,Artem KOROL,27 AUG 1998,8:45.16,,RUS,"Kalininets Stadium, Yekaterinburg (RUS)",Russian Championships,16 AUG 2024,2024,5.,B,National Championships,7215238,worldwide
men_3000sc,Nikita KALGANOV,07 JUN 1999,8:53.64,,RUS,"Kalininets Stadium, Yekaterinburg (RUS)",Russian Championships,16 AUG 2024,2024,7.,B,National Championships,7215238,worldwide
men_3000sc,Dzmitry IVANENKA,07 JAN 1994,8:36.33,,BLR,"Kalininets Stadium, Yekaterinburg (RUS)",Russian Championships,16 AUG 2024,2024,OC,B,National Championships,7215238,worldwide
men_3000sc,István PALKOVITS,27 DEC 2000,8:42.26,,HUN,"Stadion am Göldner, Sondershausen (GER)",Internationales Nordthüringer Leichtathletikmeeting,17 AUG 2024,2024,1.,D,Continental Tour,7205449,worldwide
men_3000sc,Ole HESSELBJERG,23 APR 1990,8:47.21,,DEN,"Stadion am Göldner, Sondershausen (GER)",Internationales Nordthüringer Leichtathletikmeeting,17 AUG 2024,2024,2.,D,Continental Tour,7205449,worldwide
men_3000sc,Jackson MESTLER,27 DEC 1997,8:48.33,,USA,"Stadion am Göldner, Sondershausen (GER)",Internationales Nordthüringer Leichtathletikmeeting,17 AUG 2024,2024,3.,D,Continental Tour,7205449,worldwide
men_3000sc,Robin MÜLLER,12 JUN 2003,8:50.37,,GER,"Stadion am Göldner, Sondershausen (GER)",Internationales Nordthüringer Leichtathletikmeeting,17 AUG 2024,2024,4.,D,Continental Tour,7205449,worldwide
men_3000sc,Jaouad HSSINI,29 NOV 1999,9:05.69,,ESP,"Stadion am Göldner, Sondershausen (GER)",Internationales Nordthüringer Leichtathletikmeeting,17 AUG 2024,2024,6.,D,Continental Tour,7205449,worldwide
men_3000sc,Vidar JOHANSSON,08 OCT 1996,8:35.50,,SWE,"Ratinan Stadion, Tampere (FIN)",Tampere Motonet GP,25 AUG 2024,2024,1.,C,Continental Tour,7205418,worldwide
men_3000sc,Topi RAITANEN,07 FEB 1996,8:42.89,,FIN,"Ratinan Stadion, Tampere (FIN)",Tampere Motonet GP,25 AUG 2024,2024,2.,C,Continental Tour,7205418,worldwide
men_3000sc,Žan RUDOLF,09 MAY 1993,DNF,,SLO,"Ratinan Stadion, Tampere (FIN)",Tampere Motonet GP,25 AUG 2024,2024,,C,Continental Tour,7205418,worldwide
men_3000sc,Karl BEBENDORF,07 MAY 1996,8:21.94,,GER,"Heinz-Steyer-Stadion, Dresden (GER)",Stadioneröffnung Dresden,30 AUG 2024,2024,1.,D,Continental Tour,7205791,worldwide
men_3000sc,William BATTERSHILL,25 FEB 1998,8:22.64,,GBR,"Heinz-Steyer-Stadion, Dresden (GER)",Stadioneröffnung Dresden,30 AUG 2024,2024,2.,D,Continental Tour,7205791,worldwide
men_3000sc,Michael CURTI,08 APR 1994,8:23.07,,SUI,"Heinz-Steyer-Stadion, Dresden (GER)",Stadioneröffnung Dresden,30 AUG 2024,2024,3.,D,Continental Tour,7205791,worldwide
men_3000sc,Ala ZOGHLAMI,19 JUN 1994,8:24.32,,ITA,"Heinz-Steyer-Stadion, Dresden (GER)",Stadioneröffnung Dresden,30 AUG 2024,2024,4.,D,Continental Tour,7205791,worldwide
men_3000sc,Joey BERRIATUA,16 JUN 1995,8:25.60,,USA,"Heinz-Steyer-Stadion, Dresden (GER)",Stadioneröffnung Dresden,30 AUG 2024,2024,5.,D,Continental Tour,7205791,worldwide
men_3000sc,Jaouad HSSINI,29 NOV 1999,8:38.87,,ESP,"Heinz-Steyer-Stadion, Dresden (GER)",Stadioneröffnung Dresden,30 AUG 2024,2024,6.,D,Continental Tour,7205791,worldwide
men_3000sc,Robin MÜLLER,12 JUN 2003,8:42.97,,GER,"Heinz-Steyer-Stadion, Dresden (GER)",Stadioneröffnung Dresden,30 AUG 2024,2024,7.,D,Continental Tour,7205791,worldwide
men_3000sc,Jackson MESTLER,27 DEC 1997,8:43.42,,USA,"Heinz-Steyer-Stadion, Dresden (GER)",Stadioneröffnung Dresden,30 AUG 2024,2024,8.,D,Continental Tour,7205791,worldwide
men_3000sc,Casey COMBER,04 NOV 1996,8:46.75,,USA,"Heinz-Steyer-Stadion, Dresden (GER)",Stadioneröffnung Dresden,30 AUG 2024,2024,10.,D,Continental Tour,7205791,worldwide
men_3000sc,Topi RAITANEN,07 FEB 1996,8:19.50,,FIN,"Olympiastadion, Helsinki (FIN)",Finnkampen,30 AUG 2024,2024,1.,D,Traditional International,7206180,worldwide
men_3000sc,Vidar JOHANSSON,08 OCT 1996,8:22.24,,SWE,"Olympiastadion, Helsinki (FIN)",Finnkampen,30 AUG 2024,2024,2.,D,Traditional International,7206180,worldwide
men_3000sc,Leo MAGNUSSON,04 FEB 1998,8:23.66,,SWE,"Olympiastadion, Helsinki (FIN)",Finnkampen,30 AUG 2024,2024,3.,D,Traditional International,7206180,worldwide
men_3000sc,Leonard Kipkemoi BETT,03 NOV 2000,8:06.33,,KEN,"Sports Park Mladost, Zagreb (CRO)",Boris Hanžeković Memorial,08 SEP 2024,2024,1.,A,Continental Tour,7191211,worldwide
men_3000sc,Ahmed JAZIRI,16 DEC 1997,8:08.11,,TUN,"Sports Park Mladost, Zagreb (CRO)",Boris Hanžeković Memorial,08 SEP 2024,2024,2.,A,Continental Tour,7191211,worldwide
men_3000sc,Mohamed TINDOUFT,12 MAR 1993,8:11.56,,MAR,"Sports Park Mladost, Zagreb (CRO)",Boris Hanžeković Memorial,08 SEP 2024,2024,3.,A,Continental Tour,7191211,worldwide
men_3000sc,Leo MAGNUSSON,04 FEB 1998,8:13.08,,SWE,"Sports Park Mladost, Zagreb (CRO)",Boris Hanžeković Memorial,08 SEP 2024,2024,4.,A,Continental Tour,7191211,worldwide
men_3000sc,Duncan HAMILTON,14 JUL 2000,8:13.76,,USA,"Sports Park Mladost, Zagreb (CRO)",Boris Hanžeković Memorial,08 SEP 2024,2024,5.,A,Continental Tour,7191211,worldwide
men_3000sc,Samuel DUGUNA,20 SEP 2003,8:18.72,,ETH,"Sports Park Mladost, Zagreb (CRO)",Boris Hanžeković Memorial,08 SEP 2024,2024,6.,A,Continental Tour,7191211,worldwide
men_3000sc,Ala ZOGHLAMI,19 JUN 1994,8:19.26,,ITA,"Sports Park Mladost, Zagreb (CRO)",Boris Hanžeković Memorial,08 SEP 2024,2024,7.,A,Continental Tour,7191211,worldwide
men_3000sc,Joey BERRIATUA,16 JUN 1995,8:20.82,,USA,"Sports Park Mladost, Zagreb (CRO)",Boris Hanžeković Memorial,08 SEP 2024,2024,8.,A,Continental Tour,7191211,worldwide
men_3000sc,Nicolas-Marie DARU,21 OCT 1988,8:25.61,,FRA,"Sports Park Mladost, Zagreb (CRO)",Boris Hanžeković Memorial,08 SEP 2024,2024,9.,A,Continental Tour,7191211,worldwide
men_3000sc,Velten SCHNEIDER,21 AUG 1999,8:31.39,,GER,"Sports Park Mladost, Zagreb (CRO)",Boris Hanžeković Memorial,08 SEP 2024,2024,11.,A,Continental Tour,7191211,worldwide
men_3000sc,Damián VÍCH,14 AUG 1998,8:31.83,,CZE,"Sports Park Mladost, Zagreb (CRO)",Boris Hanžeković Memorial,08 SEP 2024,2024,12.,A,Continental Tour,7191211,worldwide
men_3000sc,István PALKOVITS,27 DEC 2000,8:32.59,,HUN,"Sports Park Mladost, Zagreb (CRO)",Boris Hanžeković Memorial,08 SEP 2024,2024,13.,A,Continental Tour,7191211,worldwide
men_3000sc,Simon SUNDSTRÖM,04 FEB 1998,8:41.42,,SWE,"Sports Park Mladost, Zagreb (CRO)",Boris Hanžeković Memorial,08 SEP 2024,2024,14.,A,Continental Tour,7191211,worldwide
men_3000sc,Tim VAN DE VELDE,01 FEB 2000,9:01.13,,BEL,"Sports Park Mladost, Zagreb (CRO)",Boris Hanžeković Memorial,08 SEP 2024,2024,16.,A,Continental Tour,7191211,worldwide
men_3000sc,Wilberforce Chemiat KONES,19 SEP 1993,DNF,,KEN,"Sports Park Mladost, Zagreb (CRO)",Boris Hanžeković Memorial,08 SEP 2024,2024,,A,Continental Tour,7191211,worldwide
men_3000sc,El Mehdi ABOUJANAH,06 JUN 1987,DNF,,ESP,"Sports Park Mladost, Zagreb (CRO)",Boris Hanžeković Memorial,08 SEP 2024,2024,,A,Continental Tour,7191211,worldwide
men_3000sc,Yutaro NIINAE,06 FEB 2001,8:20.36,,JPN,"Denka Big Swan Stadium, Niigata (JPN)",Yogibo Athletics Challenge Cup 2024,29 SEP 2024,2024,1.,C,Continental Tour,7212300,worldwide
men_3000sc,Philemon Kiplagat RUTO,20 SEP 2001,8:30.59,,KEN,"Denka Big Swan Stadium, Niigata (JPN)",Yogibo Athletics Challenge Cup 2024,29 SEP 2024,2024,2.,C,Continental Tour,7212300,worldwide
men_3000sc,Hibiki OBARA,10 NOV 2001,8:36.68,,JPN,"Denka Big Swan Stadium, Niigata (JPN)",Yogibo Athletics Challenge Cup 2024,29 SEP 2024,2024,3.,C,Continental Tour,7212300,worldwide
men_3000sc,Atsushi SHOBU,16 DEC 2001,8:39.58,,JPN,"Denka Big Swan Stadium, Niigata (JPN)",Yogibo Athletics Challenge Cup 2024,29 SEP 2024,2024,4.,C,Continental Tour,7212300,worldwide
men_3000sc,Daichi SHIBATA,02 NOV 2004,9:01.26,,JPN,"Denka Big Swan Stadium, Niigata (JPN)",Yogibo Athletics Challenge Cup 2024,29 SEP 2024,2024,6.,C,Continental Tour,7212300,worldwide
men_3000sc,Ben BUCKINGHAM,08 NOV 1991,8:25.80,,AUS,"SA Athletic Stadium, Adelaide (AUS)",Adelaide Track Classic,11 FEB 2023,2023,1.,D,Continental Tour,7190306,worldwide
men_3000sc,Matthew CLARKE,29 APR 1995,8:29.97,,AUS,"SA Athletic Stadium, Adelaide (AUS)",Adelaide Track Classic,11 FEB 2023,2023,2.,D,Continental Tour,7190306,worldwide
men_3000sc,John GAY,07 NOV 1996,8:39.65,,CAN,"SA Athletic Stadium, Adelaide (AUS)",Adelaide Track Classic,11 FEB 2023,2023,3.,D,Continental Tour,7190306,worldwide
men_3000sc,Max STEVENS,16 NOV 1994,8:51.03,,AUS,"SA Athletic Stadium, Adelaide (AUS)",Adelaide Track Classic,11 FEB 2023,2023,4.,D,Continental Tour,7190306,worldwide
men_3000sc,Matthew CLARKE,29 APR 1995,8:26.91,,AUS,"QSAC State Athletics Facility, Nathan, Brisbane (AUS)",Brisbane Track Classic,25 MAR 2023,2023,1.,B,Continental Tour,7190297,worldwide
men_3000sc,Ben BUCKINGHAM,08 NOV 1991,8:32.30,,AUS,"QSAC State Athletics Facility, Nathan, Brisbane (AUS)",Brisbane Track Classic,25 MAR 2023,2023,2.,B,Continental Tour,7190297,worldwide
men_3000sc,Max STEVENS,16 NOV 1994,8:50.79,,AUS,"QSAC State Athletics Facility, Nathan, Brisbane (AUS)",Brisbane Track Classic,25 MAR 2023,2023,4.,B,Continental Tour,7190297,worldwide
men_3000sc,Ben BUCKINGHAM,08 NOV 1991,8:40.52,,AUS,"QSAC State Athletics Facility, Nathan, Brisbane (AUS)",Australian Championships,31 MAR 2023,2023,1.,B,National Championships,7192568,worldwide
men_3000sc,Matthew CLARKE,29 APR 1995,8:40.79,,AUS,"QSAC State Athletics Facility, Nathan, Brisbane (AUS)",Australian Championships,31 MAR 2023,2023,2.,B,National Championships,7192568,worldwide
men_3000sc,Yaser Salem BAGHARAB,01 JAN 1998,8:33.63,,QAT,Doha (QAT),West Asian Athletics Association Championships,26 APR 2023,2023,1.,D,Area Regional Champs,7199282,worldwide
men_3000sc,Adam Ali MUSAB,17 APR 1995,8:34.25,,QAT,Doha (QAT),West Asian Athletics Association Championships,26 APR 2023,2023,2.,D,Area Regional Champs,7199282,worldwide
men_3000sc,Ryoma AOKI,16 JUN 1997,8:35.60,,JPN,"Municipal Stadium, Hiroshima (JPN)",57th Oda Mikio Memorial,29 APR 2023,2023,1.,C,Continental Tour,7196382,worldwide
men_3000sc,Philemon Kiplagat RUTO,20 SEP 2001,8:36.33,,KEN,"Municipal Stadium, Hiroshima (JPN)",57th Oda Mikio Memorial,29 APR 2023,2023,2.,C,Continental Tour,7196382,worldwide
men_3000sc,Seiya SUNADA,30 OCT 2001,8:36.35,,JPN,"Municipal Stadium, Hiroshima (JPN)",57th Oda Mikio Memorial,29 APR 2023,2023,3.,C,Continental Tour,7196382,worldwide
men_3000sc,Hibiki OBARA,10 NOV 2001,8:43.03,,JPN,"Municipal Stadium, Hiroshima (JPN)",57th Oda Mikio Memorial,29 APR 2023,2023,7.,C,Continental Tour,7196382,worldwide
men_3000sc,Hironori TSUETAKI,08 MAY 1993,8:45.29,,JPN,"Municipal Stadium, Hiroshima (JPN)",57th Oda Mikio Memorial,29 APR 2023,2023,8.,C,Continental Tour,7196382,worldwide
men_3000sc,Takanori WAKESU,04 OCT 2002,9:15.00,,JPN,"Municipal Stadium, Hiroshima (JPN)",57th Oda Mikio Memorial,29 APR 2023,2023,16.,C,Continental Tour,7196382,worldwide
men_3000sc,Taisei OGINO,07 NOV 1997,DNF,,JPN,"Municipal Stadium, Hiroshima (JPN)",57th Oda Mikio Memorial,29 APR 2023,2023,,C,Continental Tour,7196382,worldwide
men_3000sc,Kenneth ROOKS,21 OCT 1999,8:17.62,,USA,"Hilmer Lodge Stadium, Walnut, CA (USA)",Track Festival,06 MAY 2023,2023,1.,B,Continental Tour,7195982,worldwide
men_3000sc,Geordie BEAMISH,24 OCT 1996,8:20.62,,NZL,"Hilmer Lodge Stadium, Walnut, CA (USA)",Track Festival,06 MAY 2023,2023,2.,B,Continental Tour,7195982,worldwide
men_3000sc,Hillary BOR,22 NOV 1989,8:20.67,,USA,"Hilmer Lodge Stadium, Walnut, CA (USA)",Track Festival,06 MAY 2023,2023,3.,B,Continental Tour,7195982,worldwide
men_3000sc,Jean-Simon DESGAGNÉS,26 JUL 1998,8:20.68,,CAN,"Hilmer Lodge Stadium, Walnut, CA (USA)",Track Festival,06 MAY 2023,2023,4.,B,Continental Tour,7195982,worldwide
men_3000sc,Alec BASTEN,26 FEB 1998,8:26.90,,USA,"Hilmer Lodge Stadium, Walnut, CA (USA)",Track Festival,06 MAY 2023,2023,5.,B,Continental Tour,7195982,worldwide
men_3000sc,Anthony ROTICH,20 OCT 1990,8:27.74,,USA,"Hilmer Lodge Stadium, Walnut, CA (USA)",Track Festival,06 MAY 2023,2023,6.,B,Continental Tour,7195982,worldwide
men_3000sc,Craig NOWAK,20 APR 1994,8:28.27,,USA,"Hilmer Lodge Stadium, Walnut, CA (USA)",Track Festival,06 MAY 2023,2023,7.,B,Continental Tour,7195982,worldwide
men_3000sc,Benard KETER,25 MAY 1992,8:30.55,,USA,"Hilmer Lodge Stadium, Walnut, CA (USA)",Track Festival,06 MAY 2023,2023,8.,B,Continental Tour,7195982,worldwide
men_3000sc,Brian BARRAZA,16 MAY 1995,8:31.18,,USA,"Hilmer Lodge Stadium, Walnut, CA (USA)",Track Festival,06 MAY 2023,2023,9.,B,Continental Tour,7195982,worldwide
men_3000sc,Craig HUFF,22 JUL 1996,8:39.64,,USA,"Hilmer Lodge Stadium, Walnut, CA (USA)",Track Festival,06 MAY 2023,2023,11.,B,Continental Tour,7195982,worldwide
men_3000sc,Joey BERRIATUA,16 JUN 1995,8:42.52,,USA,"Hilmer Lodge Stadium, Walnut, CA (USA)",Track Festival,06 MAY 2023,2023,14.,B,Continental Tour,7195982,worldwide
men_3000sc,Amos KIRUI,09 FEB 1998,8:18.45,,KEN,"Moi International Sports Centre, Kasarani, Nairobi (KEN)",Kip Keino Classic,13 MAY 2023,2023,1.,A,Continental Tour,7184849,worldwide
men_3000sc,Abraham KIBIWOT,06 APR 1996,8:19.71,,KEN,"Moi International Sports Centre, Kasarani, Nairobi (KEN)",Kip Keino Classic,13 MAY 2023,2023,2.,A,Continental Tour,7184849,worldwide
men_3000sc,Leonard Kipkemoi BETT,03 NOV 2000,8:20.02,,KEN,"Moi International Sports Centre, Kasarani, Nairobi (KEN)",Kip Keino Classic,13 MAY 2023,2023,3.,A,Continental Tour,7184849,worldwide
men_3000sc,Leonard CHEMUTAI,05 MAY 2003,8:23.53,,UGA,"Moi International Sports Centre, Kasarani, Nairobi (KEN)",Kip Keino Classic,13 MAY 2023,2023,4.,A,Continental Tour,7184849,worldwide
men_3000sc,Amos SEREM,28 AUG 2002,8:29.56,,KEN,"Moi International Sports Centre, Kasarani, Nairobi (KEN)",Kip Keino Classic,13 MAY 2023,2023,5.,A,Continental Tour,7184849,worldwide
men_3000sc,Benjamin KIGEN,05 JUL 1993,8:30.81,,KEN,"Moi International Sports Centre, Kasarani, Nairobi (KEN)",Kip Keino Classic,13 MAY 2023,2023,6.,A,Continental Tour,7184849,worldwide
men_3000sc,Wesley LANGAT,07 JUL 1994,8:41.54,,KEN,"Moi International Sports Centre, Kasarani, Nairobi (KEN)",Kip Keino Classic,13 MAY 2023,2023,9.,A,Continental Tour,7184849,worldwide
men_3000sc,Samuel DUGUNA,20 SEP 2003,8:45.02,,ETH,"Moi International Sports Centre, Kasarani, Nairobi (KEN)",Kip Keino Classic,13 MAY 2023,2023,10.,A,Continental Tour,7184849,worldwide
men_3000sc,Lawrence Kemboi KIPSANG,15 JUN 1993,8:52.17,,KEN,"Moi International Sports Centre, Kasarani, Nairobi (KEN)",Kip Keino Classic,13 MAY 2023,2023,12.,A,Continental Tour,7184849,worldwide
men_3000sc,Wilberforce Chemiat KONES,19 SEP 1993,DNF,,KEN,"Moi International Sports Centre, Kasarani, Nairobi (KEN)",Kip Keino Classic,13 MAY 2023,2023,,A,Continental Tour,7184849,worldwide
men_3000sc,Hilal YEGO,02 APR 1992,DNF,,TUR,"Moi International Sports Centre, Kasarani, Nairobi (KEN)",Kip Keino Classic,13 MAY 2023,2023,,A,Continental Tour,7184849,worldwide
men_3000sc,El Mehdi ABOUJANAH,06 JUN 1987,8:21.93,,ESP,"Estadio Enrique Lopez Cuenca, Nerja (ESP)",Meeting Desafio Nerja 2023 Restaurante Pulguilla y Ayo,18 MAY 2023,2023,1.,D,Continental Tour,7199212,worldwide
men_3000sc,Abderrahim OUGRA,26 NOV 1999,8:28.38,,ESP,"Estadio Enrique Lopez Cuenca, Nerja (ESP)",Meeting Desafio Nerja 2023 Restaurante Pulguilla y Ayo,18 MAY 2023,2023,2.,D,Continental Tour,7199212,worldwide
men_3000sc,Gonzalo PARRA,20 JUN 1996,8:45.73,,ESP,"Estadio Enrique Lopez Cuenca, Nerja (ESP)",Meeting Desafio Nerja 2023 Restaurante Pulguilla y Ayo,18 MAY 2023,2023,3.,D,Continental Tour,7199212,worldwide
men_3000sc,Rubén LEONARDO,15 FEB 2004,8:47.97,,ESP,"Estadio Enrique Lopez Cuenca, Nerja (ESP)",Meeting Desafio Nerja 2023 Restaurante Pulguilla y Ayo,18 MAY 2023,2023,4.,D,Continental Tour,7199212,worldwide
men_3000sc,Carlos ÁNGEL,30 MAR 2003,8:53.89,,ESP,"Estadio Enrique Lopez Cuenca, Nerja (ESP)",Meeting Desafio Nerja 2023 Restaurante Pulguilla y Ayo,18 MAY 2023,2023,8.,D,Continental Tour,7199212,worldwide
men_3000sc,Álvaro GUTIERREZ,20 MAY 1988,DNF,,ESP,"Estadio Enrique Lopez Cuenca, Nerja (ESP)",Meeting Desafio Nerja 2023 Restaurante Pulguilla y Ayo,18 MAY 2023,2023,,D,Continental Tour,7199212,worldwide
men_3000sc,Jean-Simon DESGAGNÉS,26 JUL 1998,8:23.32,,CAN,"Icahn Stadium, New York, NY (USA)",Track Night NYC,19 MAY 2023,2023,1.,C,Continental Tour,7191832,worldwide
men_3000sc,Anthony ROTICH,20 OCT 1990,8:26.98,,USA,"Icahn Stadium, New York, NY (USA)",Track Night NYC,19 MAY 2023,2023,2.,C,Continental Tour,7191832,worldwide
men_3000sc,Alec BASTEN,26 FEB 1998,8:27.14,,USA,"Icahn Stadium, New York, NY (USA)",Track Night NYC,19 MAY 2023,2023,3.,C,Continental Tour,7191832,worldwide
men_3000sc,Benard KETER,25 MAY 1992,8:30.77,,USA,"Icahn Stadium, New York, NY (USA)",Track Night NYC,19 MAY 2023,2023,4.,C,Continental Tour,7191832,worldwide
men_3000sc,Daniel MICHALSKI,10 SEP 1995,8:32.48,,USA,"Icahn Stadium, New York, NY (USA)",Track Night NYC,19 MAY 2023,2023,5.,C,Continental Tour,7191832,worldwide
men_3000sc,Jordan MANN,12 JAN 1993,8:39.77,,USA,"Icahn Stadium, New York, NY (USA)",Track Night NYC,19 MAY 2023,2023,6.,C,Continental Tour,7191832,worldwide
men_3000sc,Jamaine COLEMAN,22 SEP 1995,8:43.79,,GBR,"Icahn Stadium, New York, NY (USA)",Track Night NYC,19 MAY 2023,2023,8.,C,Continental Tour,7191832,worldwide
men_3000sc,Andrew BAYER,03 FEB 1990,DNF,,USA,"Icahn Stadium, New York, NY (USA)",Track Night NYC,19 MAY 2023,2023,,C,Continental Tour,7191832,worldwide
men_3000sc,Etson BARROS,16 MAR 2001,8:22.20,,POR,"Estádio José Vieira de Carvalho, Maia (POR)",Meeting Gala Fernanda Ribeiro,20 MAY 2023,2023,1.,D,Continental Tour,7192301,worldwide
men_3000sc,Alejandro QUIJADA,07 MAR 2001,8:37.43,,ESP,"Estádio José Vieira de Carvalho, Maia (POR)",Meeting Gala Fernanda Ribeiro,20 MAY 2023,2023,2.,D,Continental Tour,7192301,worldwide
men_3000sc,Enrico VECCHI,15 DEC 2000,8:35.11,,ITA,"Carl-Kaufmann-Stadion, Karlsruhe (GER)",Lange Laufnacht,20 MAY 2023,2023,1.,D,Continental Tour,7191251,worldwide
men_3000sc,Pieter-Jan HANNES,30 OCT 1992,8:42.55,,BEL,"Carl-Kaufmann-Stadion, Karlsruhe (GER)",Lange Laufnacht,20 MAY 2023,2023,2.,D,Continental Tour,7191251,worldwide
men_3000sc,Jakob Dybdal ABRAHAMSEN,29 JUL 1994,8:53.90,,DEN,"Carl-Kaufmann-Stadion, Karlsruhe (GER)",Lange Laufnacht,20 MAY 2023,2023,7.,D,Continental Tour,7191251,worldwide
men_3000sc,Jáchym KOVÁŘ,25 MAY 1996,8:57.17,,CZE,"Carl-Kaufmann-Stadion, Karlsruhe (GER)",Lange Laufnacht,20 MAY 2023,2023,8.,D,Continental Tour,7191251,worldwide
men_3000sc,Robin MÜLLER,12 JUN 2003,9:02.17,,GER,"Carl-Kaufmann-Stadion, Karlsruhe (GER)",Lange Laufnacht,20 MAY 2023,2023,12.,D,Continental Tour,7191251,worldwide
men_3000sc,Nahuel CARABAÑA,10 NOV 1999,9:00.33,,AND,"Estadi Comunal, Andorra La Vella (AND)",Andorra Championships,20 MAY 2023,2023,1.,B,National Championships,7193896,worldwide
men_3000sc,Ryuji MIURA,11 FEB 2002,8:19.07,,JPN,"International Stadium, Yokohama (JPN)",Seiko Golden Grand Prix,21 MAY 2023,2023,1.,A,Continental Tour,7184850,worldwide
men_3000sc,Amos KIRUI,09 FEB 1998,8:20.86,,KEN,"International Stadium, Yokohama (JPN)",Seiko Golden Grand Prix,21 MAY 2023,2023,2.,A,Continental Tour,7184850,worldwide
men_3000sc,Ryoma AOKI,16 JUN 1997,8:21.96,,JPN,"International Stadium, Yokohama (JPN)",Seiko Golden Grand Prix,21 MAY 2023,2023,3.,A,Continental Tour,7184850,worldwide
men_3000sc,Matthew CLARKE,29 APR 1995,8:26.47,,AUS,"International Stadium, Yokohama (JPN)",Seiko Golden Grand Prix,21 MAY 2023,2023,4.,A,Continental Tour,7184850,worldwide
men_3000sc,Damián VÍCH,14 AUG 1998,8:30.81,,CZE,"International Stadium, Yokohama (JPN)",Seiko Golden Grand Prix,21 MAY 2023,2023,5.,A,Continental Tour,7184850,worldwide
men_3000sc,Atsushi SHOBU,16 DEC 2001,8:31.92,,JPN,"International Stadium, Yokohama (JPN)",Seiko Golden Grand Prix,21 MAY 2023,2023,6.,A,Continental Tour,7184850,worldwide
men_3000sc,Seiya SUNADA,30 OCT 2001,8:32.24,,JPN,"International Stadium, Yokohama (JPN)",Seiko Golden Grand Prix,21 MAY 2023,2023,7.,A,Continental Tour,7184850,worldwide
men_3000sc,Seiya SHIGENO,23 DEC 1996,8:35.88,,JPN,"International Stadium, Yokohama (JPN)",Seiko Golden Grand Prix,21 MAY 2023,2023,8.,A,Continental Tour,7184850,worldwide
men_3000sc,Hironori TSUETAKI,08 MAY 1993,8:38.39,,JPN,"International Stadium, Yokohama (JPN)",Seiko Golden Grand Prix,21 MAY 2023,2023,10.,A,Continental Tour,7184850,worldwide
men_3000sc,Yasunari KUSU,21 AUG 1993,8:57.79,,JPN,"International Stadium, Yokohama (JPN)",Seiko Golden Grand Prix,21 MAY 2023,2023,12.,A,Continental Tour,7184850,worldwide
men_3000sc,Taisei OGINO,07 NOV 1997,DNF,,JPN,"International Stadium, Yokohama (JPN)",Seiko Golden Grand Prix,21 MAY 2023,2023,,A,Continental Tour,7184850,worldwide
men_3000sc,Philemon Kiplagat RUTO,20 SEP 2001,DNF,,KEN,"International Stadium, Yokohama (JPN)",Seiko Golden Grand Prix,21 MAY 2023,2023,,A,Continental Tour,7184850,worldwide
men_3000sc,Ahmed JAZIRI,16 DEC 1997,8:17.64,,TUN,"Drake Stadium, Los Angeles, CA (USA)",USATF Los Angeles Grand Prix,26 MAY 2023,2023,1.,A,Continental Tour,7191620,worldwide
men_3000sc,Isaac UPDIKE,21 MAR 1992,8:17.96,,USA,"Drake Stadium, Los Angeles, CA (USA)",USATF Los Angeles Grand Prix,26 MAY 2023,2023,2.,A,Continental Tour,7191620,worldwide
men_3000sc,Geordie BEAMISH,24 OCT 1996,8:21.84,,NZL,"Drake Stadium, Los Angeles, CA (USA)",USATF Los Angeles Grand Prix,26 MAY 2023,2023,3.,A,Continental Tour,7191620,worldwide
men_3000sc,John GAY,07 NOV 1996,8:22.51,,CAN,"Drake Stadium, Los Angeles, CA (USA)",USATF Los Angeles Grand Prix,26 MAY 2023,2023,4.,A,Continental Tour,7191620,worldwide
men_3000sc,Mason FERLIC,05 AUG 1993,8:22.84,,USA,"Drake Stadium, Los Angeles, CA (USA)",USATF Los Angeles Grand Prix,26 MAY 2023,2023,5.,A,Continental Tour,7191620,worldwide
men_3000sc,Brian BARRAZA,16 MAY 1995,8:25.21,,USA,"Drake Stadium, Los Angeles, CA (USA)",USATF Los Angeles Grand Prix,26 MAY 2023,2023,6.,A,Continental Tour,7191620,worldwide
men_3000sc,Joey BERRIATUA,16 JUN 1995,8:25.98,,USA,"Drake Stadium, Los Angeles, CA (USA)",USATF Los Angeles Grand Prix,26 MAY 2023,2023,7.,A,Continental Tour,7191620,worldwide
men_3000sc,Zak SEDDON,28 JUN 1994,8:27.07,,GBR,"Drake Stadium, Los Angeles, CA (USA)",USATF Los Angeles Grand Prix,26 MAY 2023,2023,8.,A,Continental Tour,7191620,worldwide
men_3000sc,Jamaine COLEMAN,22 SEP 1995,8:33.48,,GBR,"Drake Stadium, Los Angeles, CA (USA)",USATF Los Angeles Grand Prix,26 MAY 2023,2023,9.,A,Continental Tour,7191620,worldwide
men_3000sc,Nathan MYLENEK,29 APR 1998,8:33.64,,USA,"Drake Stadium, Los Angeles, CA (USA)",USATF Los Angeles Grand Prix,26 MAY 2023,2023,10.,A,Continental Tour,7191620,worldwide
men_3000sc,Jackson MESTLER,27 DEC 1997,8:44.97,,USA,"Drake Stadium, Los Angeles, CA (USA)",USATF Los Angeles Grand Prix,26 MAY 2023,2023,17.,A,Continental Tour,7191620,worldwide
men_3000sc,Aidan TOOKER,26 JUN 1998,DNF,,USA,"Drake Stadium, Los Angeles, CA (USA)",USATF Los Angeles Grand Prix,26 MAY 2023,2023,,A,Continental Tour,7191620,worldwide
men_3000sc,Mark PEARCE,19 JAN 1996,8:40.74,,GBR,"Sportcity Regional Arena, Manchester (GBR)",British Milers Club Grand Prix - Manchester,27 MAY 2023,2023,1.,D,Continental Tour,7191020,worldwide
men_3000sc,Simon SUNDSTRÖM,04 FEB 1998,8:29.82,,SWE,"Putbosstadion, Oordegem (BEL)",IFAM Oordegem,27 MAY 2023,2023,1.,D,Continental Tour,7191015,worldwide
men_3000sc,Nick JÄGER,22 AUG 1999,8:30.63,,GER,"Putbosstadion, Oordegem (BEL)",IFAM Oordegem,27 MAY 2023,2023,2.,D,Continental Tour,7191015,worldwide
men_3000sc,Valentin BRESC,27 MAY 2001,8:31.07,,FRA,"Putbosstadion, Oordegem (BEL)",IFAM Oordegem,27 MAY 2023,2023,3.,D,Continental Tour,7191015,worldwide
men_3000sc,Gatien AIRIAU,09 JUN 1993,8:31.97,,FRA,"Putbosstadion, Oordegem (BEL)",IFAM Oordegem,27 MAY 2023,2023,4.,D,Continental Tour,7191015,worldwide
men_3000sc,Clément DEFLANDRE,14 DEC 1997,8:32.30,,BEL,"Putbosstadion, Oordegem (BEL)",IFAM Oordegem,27 MAY 2023,2023,5.,D,Continental Tour,7191015,worldwide
men_3000sc,Luc LE BARON,05 FEB 2002,8:38.32,,FRA,"Putbosstadion, Oordegem (BEL)",IFAM Oordegem,27 MAY 2023,2023,10.,D,Continental Tour,7191015,worldwide
men_3000sc,Pieter-Jan HANNES,30 OCT 1992,DNF,,BEL,"Putbosstadion, Oordegem (BEL)",IFAM Oordegem,27 MAY 2023,2023,,D,Continental Tour,7191015,worldwide
men_3000sc,Jakob Dybdal ABRAHAMSEN,29 JUL 1994,8:48.35,,DEN,Copenhagen (DEN),Nordic Senior Championships,28 MAY 2023,2023,2.,C,Area Regional Champs,7176907,worldwide
men_3000sc,Lawrence Kemboi KIPSANG,15 JUN 1993,8:22.86,,KEN,"Bungertstadion, Rehlingen (GER)",58th International Pentecost Sport Meeting Rehlingen,28 MAY 2023,2023,1.,B,Continental Tour,7190976,worldwide
men_3000sc,Frederik RUPPERT,19 FEB 1997,8:26.61,,GER,"Bungertstadion, Rehlingen (GER)",58th International Pentecost Sport Meeting Rehlingen,28 MAY 2023,2023,2.,B,Continental Tour,7190976,worldwide
men_3000sc,Bilal TABTI,07 JUN 1993,8:29.84,,ALG,"Bungertstadion, Rehlingen (GER)",58th International Pentecost Sport Meeting Rehlingen,28 MAY 2023,2023,3.,B,Continental Tour,7190976,worldwide
men_3000sc,Jens MERGENTHALER,13 JUN 1997,8:31.86,,GER,"Bungertstadion, Rehlingen (GER)",58th International Pentecost Sport Meeting Rehlingen,28 MAY 2023,2023,4.,B,Continental Tour,7190976,worldwide
men_3000sc,Hichem BOUCHICHA,19 MAY 1989,8:32.73,,ALG,"Bungertstadion, Rehlingen (GER)",58th International Pentecost Sport Meeting Rehlingen,28 MAY 2023,2023,5.,B,Continental Tour,7190976,worldwide
men_3000sc,Michael CURTI,08 APR 1994,8:34.59,,SUI,"Bungertstadion, Rehlingen (GER)",58th International Pentecost Sport Meeting Rehlingen,28 MAY 2023,2023,6.,B,Continental Tour,7190976,worldwide
men_3000sc,Velten SCHNEIDER,21 AUG 1999,8:35.56,,GER,"Bungertstadion, Rehlingen (GER)",58th International Pentecost Sport Meeting Rehlingen,28 MAY 2023,2023,7.,B,Continental Tour,7190976,worldwide
men_3000sc,Ibrahim EZZAYDOUNI,28 APR 1991,8:39.18,,ESP,"Bungertstadion, Rehlingen (GER)",58th International Pentecost Sport Meeting Rehlingen,28 MAY 2023,2023,8.,B,Continental Tour,7190976,worldwide
men_3000sc,Leonardo FELETTO,26 JUN 1995,8:50.24,,ITA,"Bungertstadion, Rehlingen (GER)",58th International Pentecost Sport Meeting Rehlingen,28 MAY 2023,2023,9.,B,Continental Tour,7190976,worldwide
men_3000sc,Alexis PHELUT,03 MAR 1998,8:50.89,,FRA,"Bungertstadion, Rehlingen (GER)",58th International Pentecost Sport Meeting Rehlingen,28 MAY 2023,2023,10.,B,Continental Tour,7190976,worldwide
men_3000sc,Issam ZEGHDANE,03 SEP 1993,DNF,,ALG,"Bungertstadion, Rehlingen (GER)",58th International Pentecost Sport Meeting Rehlingen,28 MAY 2023,2023,,B,Continental Tour,7190976,worldwide
men_3000sc,Niklas BUCHHOLZ,04 MAR 1998,DNF,,GER,"Bungertstadion, Rehlingen (GER)",58th International Pentecost Sport Meeting Rehlingen,28 MAY 2023,2023,,B,Continental Tour,7190976,worldwide
men_3000sc,Nahuel CARABAÑA,10 NOV 1999,8:54.95,,AND,"Marsa Athletics Track, Marsa (MLT)",XIX Games of the Small States of Europe,01 JUN 2023,2023,1.,E,Area Regional Champs,7160551,worldwide
men_3000sc,Ryuji MIURA,11 FEB 2002,8:21.41,,JPN,"Yanmar Stadium Nagai, Osaka (JPN)",Japanese Championships,02 JUN 2023,2023,1.,B,National Championships,7194465,worldwide
men_3000sc,Seiya SUNADA,30 OCT 2001,8:26.36,,JPN,"Yanmar Stadium Nagai, Osaka (JPN)",Japanese Championships,02 JUN 2023,2023,2.,B,National Championships,7194465,worldwide
men_3000sc,Atsushi SHOBU,16 DEC 2001,8:28.16,,JPN,"Yanmar Stadium Nagai, Osaka (JPN)",Japanese Championships,02 JUN 2023,2023,3.,B,National Championships,7194465,worldwide
men_3000sc,Hibiki OBARA,10 NOV 2001,8:32.05,,JPN,"Yanmar Stadium Nagai, Osaka (JPN)",Japanese Championships,02 JUN 2023,2023,4.,B,National Championships,7194465,worldwide
men_3000sc,Hironori TSUETAKI,08 MAY 1993,8:32.41,,JPN,"Yanmar Stadium Nagai, Osaka (JPN)",Japanese Championships,02 JUN 2023,2023,5.,B,National Championships,7194465,worldwide
men_3000sc,Yutaro NIINAE,06 FEB 2001,8:34.92,,JPN,"Yanmar Stadium Nagai, Osaka (JPN)",Japanese Championships,02 JUN 2023,2023,6.,B,National Championships,7194465,worldwide
men_3000sc,Ryoma AOKI,16 JUN 1997,8:37.39,,JPN,"Yanmar Stadium Nagai, Osaka (JPN)",Japanese Championships,02 JUN 2023,2023,7.,B,National Championships,7194465,worldwide
men_3000sc,Seiya SHIGENO,23 DEC 1996,8:37.97,,JPN,"Yanmar Stadium Nagai, Osaka (JPN)",Japanese Championships,02 JUN 2023,2023,8.,B,National Championships,7194465,worldwide
men_3000sc,Yasunari KUSU,21 AUG 1993,8:45.58,,JPN,"Yanmar Stadium Nagai, Osaka (JPN)",Japanese Championships,02 JUN 2023,2023,11.,B,National Championships,7194465,worldwide
men_3000sc,Taisei OGINO,07 NOV 1997,DNF,,JPN,"Yanmar Stadium Nagai, Osaka (JPN)",Japanese Championships,02 JUN 2023,2023,,B,National Championships,7194465,worldwide
men_3000sc,Mason FERLIC,05 AUG 1993,8:22.25,,USA,"Vanderbilt Track, Nashville, TN (USA)",Music City Track Carnival,02 JUN 2023,2023,1.,B,Continental Tour,7200143,worldwide
men_3000sc,Andrew BAYER,03 FEB 1990,8:27.31,,USA,"Vanderbilt Track, Nashville, TN (USA)",Music City Track Carnival,02 JUN 2023,2023,2.,B,Continental Tour,7200143,worldwide
men_3000sc,Nathan MYLENEK,29 APR 1998,8:28.72,,USA,"Vanderbilt Track, Nashville, TN (USA)",Music City Track Carnival,02 JUN 2023,2023,3.,B,Continental Tour,7200143,worldwide
men_3000sc,Víctor RUIZ,24 JUN 1993,8:23.37,,ESP,"Fana Stadion, Bergen (NOR)",Trond Mohn Games,03 JUN 2023,2023,1.,B,Continental Tour,7190964,worldwide
men_3000sc,Topi RAITANEN,07 FEB 1996,8:24.77,,FIN,"Fana Stadion, Bergen (NOR)",Trond Mohn Games,03 JUN 2023,2023,2.,B,Continental Tour,7190964,worldwide
men_3000sc,Vidar JOHANSSON,08 OCT 1996,8:25.34,,SWE,"Fana Stadion, Bergen (NOR)",Trond Mohn Games,03 JUN 2023,2023,3.,B,Continental Tour,7190964,worldwide
men_3000sc,Emil BLOMBERG,09 APR 1992,8:26.86,,SWE,"Fana Stadion, Bergen (NOR)",Trond Mohn Games,03 JUN 2023,2023,4.,B,Continental Tour,7190964,worldwide
men_3000sc,István PALKOVITS,27 DEC 2000,8:27.43,,HUN,"Fana Stadion, Bergen (NOR)",Trond Mohn Games,03 JUN 2023,2023,5.,B,Continental Tour,7190964,worldwide
men_3000sc,Fredrik SANDVIK,23 MAR 1998,8:27.46,,NOR,"Fana Stadion, Bergen (NOR)",Trond Mohn Games,03 JUN 2023,2023,6.,B,Continental Tour,7190964,worldwide
men_3000sc,Simon SUNDSTRÖM,04 FEB 1998,8:28.77,,SWE,"Fana Stadion, Bergen (NOR)",Trond Mohn Games,03 JUN 2023,2023,7.,B,Continental Tour,7190964,worldwide
men_3000sc,Ibrahim EZZAYDOUNI,28 APR 1991,8:29.63,,ESP,"Fana Stadion, Bergen (NOR)",Trond Mohn Games,03 JUN 2023,2023,8.,B,Continental Tour,7190964,worldwide
men_3000sc,Niklas BUCHHOLZ,04 MAR 1998,8:33.05,,GER,"Fana Stadion, Bergen (NOR)",Trond Mohn Games,03 JUN 2023,2023,9.,B,Continental Tour,7190964,worldwide
men_3000sc,Ala ZOGHLAMI,19 JUN 1994,8:34.26,,ITA,"Fana Stadion, Bergen (NOR)",Trond Mohn Games,03 JUN 2023,2023,10.,B,Continental Tour,7190964,worldwide
men_3000sc,Tom Erling KÅRBØ,04 FEB 1989,8:35.03,,NOR,"Fana Stadion, Bergen (NOR)",Trond Mohn Games,03 JUN 2023,2023,11.,B,Continental Tour,7190964,worldwide
men_3000sc,Leonardo FELETTO,26 JUN 1995,8:50.51,,ITA,"Fana Stadion, Bergen (NOR)",Trond Mohn Games,03 JUN 2023,2023,12.,B,Continental Tour,7190964,worldwide
men_3000sc,Jakob Dybdal ABRAHAMSEN,29 JUL 1994,DNF,,DEN,"Fana Stadion, Bergen (NOR)",Trond Mohn Games,03 JUN 2023,2023,,B,Continental Tour,7190964,worldwide
men_3000sc,Benard KETER,25 MAY 1992,8:22.97,,USA,"Mt. Hood Community College, Gresham, OR (USA)",Portland Track Festival - High Performance,03 JUN 2023,2023,1.,B,Continental Tour,7198979,worldwide
men_3000sc,Daniel MICHALSKI,10 SEP 1995,8:28.05,,USA,"Mt. Hood Community College, Gresham, OR (USA)",Portland Track Festival - High Performance,03 JUN 2023,2023,2.,B,Continental Tour,7198979,worldwide
men_3000sc,Craig HUFF,22 JUL 1996,8:29.03,,USA,"Mt. Hood Community College, Gresham, OR (USA)",Portland Track Festival - High Performance,03 JUN 2023,2023,3.,B,Continental Tour,7198979,worldwide
men_3000sc,Brian BARRAZA,16 MAY 1995,8:38.20,,USA,"Mt. Hood Community College, Gresham, OR (USA)",Portland Track Festival - High Performance,03 JUN 2023,2023,6.,B,Continental Tour,7198979,worldwide
men_3000sc,Jackson MESTLER,27 DEC 1997,8:43.86,,USA,"Mt. Hood Community College, Gresham, OR (USA)",Portland Track Festival - High Performance,03 JUN 2023,2023,9.,B,Continental Tour,7198979,worldwide
men_3000sc,David RIBICH,27 DEC 1995,8:43.99,,USA,"Mt. Hood Community College, Gresham, OR (USA)",Portland Track Festival - High Performance,03 JUN 2023,2023,10.,B,Continental Tour,7198979,worldwide
men_3000sc,Salah Eddine BEN YAZIDE,06 MAY 2003,8:29.80,,MAR,"Stadion Juliska, Praha (CZE)",Memorial Josef Odložil,05 JUN 2023,2023,1.,C,Continental Tour,7190981,worldwide
men_3000sc,Nicolas-Marie DARU,21 OCT 1988,8:35.35,,FRA,"Stadion Juliska, Praha (CZE)",Memorial Josef Odložil,05 JUN 2023,2023,2.,C,Continental Tour,7190981,worldwide
men_3000sc,Michael CURTI,08 APR 1994,8:36.58,,SUI,"Stadion Juliska, Praha (CZE)",Memorial Josef Odložil,05 JUN 2023,2023,3.,C,Continental Tour,7190981,worldwide
men_3000sc,Gatien AIRIAU,09 JUN 1993,8:39.36,,FRA,"Stadion Juliska, Praha (CZE)",Memorial Josef Odložil,05 JUN 2023,2023,4.,C,Continental Tour,7190981,worldwide
men_3000sc,Hichem BOUCHICHA,19 MAY 1989,8:42.87,,ALG,"Stadion Juliska, Praha (CZE)",Memorial Josef Odložil,05 JUN 2023,2023,6.,C,Continental Tour,7190981,worldwide
men_3000sc,Bilal TABTI,07 JUN 1993,8:44.23,,ALG,"Stadion Juliska, Praha (CZE)",Memorial Josef Odložil,05 JUN 2023,2023,8.,C,Continental Tour,7190981,worldwide
men_3000sc,Tomáš HABARTA,10 JUL 2003,8:46.35,,CZE,"Stadion Juliska, Praha (CZE)",Memorial Josef Odložil,05 JUN 2023,2023,9.,C,Continental Tour,7190981,worldwide
men_3000sc,Abdelhamid ZERRIFI,20 JUN 1986,9:08.22,,FRA,"Stadion Juliska, Praha (CZE)",Memorial Josef Odložil,05 JUN 2023,2023,11.,C,Continental Tour,7190981,worldwide
men_3000sc,Abderrafia BOUASSEL,18 FEB 2001,DNF,,MAR,"Stadion Juliska, Praha (CZE)",Memorial Josef Odložil,05 JUN 2023,2023,,C,Continental Tour,7190981,worldwide
men_3000sc,Lawrence Kemboi KIPSANG,15 JUN 1993,8:22.20,,KEN,"Estadio Iberoamericano, Huelva (ESP)",Meeting Iberoamericano,06 JUN 2023,2023,1.,C,Continental Tour,7190978,worldwide
men_3000sc,El Mehdi ABOUJANAH,06 JUN 1987,8:22.22,,ESP,"Estadio Iberoamericano, Huelva (ESP)",Meeting Iberoamericano,06 JUN 2023,2023,2.,C,Continental Tour,7190978,worldwide
men_3000sc,Etson BARROS,16 MAR 2001,8:23.30,,POR,"Estadio Iberoamericano, Huelva (ESP)",Meeting Iberoamericano,06 JUN 2023,2023,3.,C,Continental Tour,7190978,worldwide
men_3000sc,Sebastián MARTOS,20 JUN 1989,8:24.76,,ESP,"Estadio Iberoamericano, Huelva (ESP)",Meeting Iberoamericano,06 JUN 2023,2023,4.,C,Continental Tour,7190978,worldwide
men_3000sc,Abderrahim OUGRA,26 NOV 1999,8:24.76,,ESP,"Estadio Iberoamericano, Huelva (ESP)",Meeting Iberoamericano,06 JUN 2023,2023,5.,C,Continental Tour,7190978,worldwide
men_3000sc,William BATTERSHILL,25 FEB 1998,8:26.72,,GBR,"Estadio Iberoamericano, Huelva (ESP)",Meeting Iberoamericano,06 JUN 2023,2023,6.,C,Continental Tour,7190978,worldwide
men_3000sc,Gonzalo PARRA,20 JUN 1996,8:28.40,,ESP,"Estadio Iberoamericano, Huelva (ESP)",Meeting Iberoamericano,06 JUN 2023,2023,7.,C,Continental Tour,7190978,worldwide
men_3000sc,Carlos SAN MARTÍN,19 NOV 1993,8:28.83,,COL,"Estadio Iberoamericano, Huelva (ESP)",Meeting Iberoamericano,06 JUN 2023,2023,8.,C,Continental Tour,7190978,worldwide
men_3000sc,Yassin BOUIH,24 NOV 1996,8:33.07,,ITA,"Estadio Iberoamericano, Huelva (ESP)",Meeting Iberoamericano,06 JUN 2023,2023,9.,C,Continental Tour,7190978,worldwide
men_3000sc,Mark PEARCE,19 JAN 1996,8:35.21,,GBR,"Estadio Iberoamericano, Huelva (ESP)",Meeting Iberoamericano,06 JUN 2023,2023,10.,C,Continental Tour,7190978,worldwide
men_3000sc,Álvaro GUTIERREZ,20 MAY 1988,8:41.42,,ESP,"Estadio Iberoamericano, Huelva (ESP)",Meeting Iberoamericano,06 JUN 2023,2023,12.,C,Continental Tour,7190978,worldwide
men_3000sc,Yoann KOWAL,28 MAY 1987,8:50.17,,FRA,"Estadio Iberoamericano, Huelva (ESP)",Meeting Iberoamericano,06 JUN 2023,2023,15.,C,Continental Tour,7190978,worldwide
men_3000sc,Carlos ÁNGEL,30 MAR 2003,8:54.07,,ESP,"Estadio Iberoamericano, Huelva (ESP)",Meeting Iberoamericano,06 JUN 2023,2023,17.,C,Continental Tour,7190978,worldwide
men_3000sc,Rubén LEONARDO,15 FEB 2004,8:58.85,,ESP,"Estadio Iberoamericano, Huelva (ESP)",Meeting Iberoamericano,06 JUN 2023,2023,19.,C,Continental Tour,7190978,worldwide
men_3000sc,István PALKOVITS,27 DEC 2000,8:31.69,,HUN,"Lantos Mihály Sportközpont, Budapest (HUN)",Hungarian GP Series - Budapest,08 JUN 2023,2023,1.,C,Continental Tour,7190987,worldwide
men_3000sc,Velten SCHNEIDER,21 AUG 1999,8:35.70,,GER,"Lantos Mihály Sportközpont, Budapest (HUN)",Hungarian GP Series - Budapest,08 JUN 2023,2023,2.,C,Continental Tour,7190987,worldwide
men_3000sc,Abrham SIME,07 NOV 2001,8:17.44,,ETH,"Paavo Nurmen Stadion, Turku (FIN)",Paavo Nurmi Games,13 JUN 2023,2023,1.,A,Continental Tour,7147648,worldwide
men_3000sc,Emil BLOMBERG,09 APR 1992,8:20.01,,SWE,"Paavo Nurmen Stadion, Turku (FIN)",Paavo Nurmi Games,13 JUN 2023,2023,2.,A,Continental Tour,7147648,worldwide
men_3000sc,Karl BEBENDORF,07 MAY 1996,8:20.43,,GER,"Paavo Nurmen Stadion, Turku (FIN)",Paavo Nurmi Games,13 JUN 2023,2023,3.,A,Continental Tour,7147648,worldwide
men_3000sc,Zak SEDDON,28 JUN 1994,8:21.71,,GBR,"Paavo Nurmen Stadion, Turku (FIN)",Paavo Nurmi Games,13 JUN 2023,2023,4.,A,Continental Tour,7147648,worldwide
men_3000sc,Vidar JOHANSSON,08 OCT 1996,8:23.01,,SWE,"Paavo Nurmen Stadion, Turku (FIN)",Paavo Nurmi Games,13 JUN 2023,2023,5.,A,Continental Tour,7147648,worldwide
men_3000sc,Lawrence Kemboi KIPSANG,15 JUN 1993,8:24.01,,KEN,"Paavo Nurmen Stadion, Turku (FIN)",Paavo Nurmi Games,13 JUN 2023,2023,6.,A,Continental Tour,7147648,worldwide
men_3000sc,John GAY,07 NOV 1996,8:27.77,,CAN,"Paavo Nurmen Stadion, Turku (FIN)",Paavo Nurmi Games,13 JUN 2023,2023,7.,A,Continental Tour,7147648,worldwide
men_3000sc,Matthew CLARKE,29 APR 1995,8:31.68,,AUS,"Paavo Nurmen Stadion, Turku (FIN)",Paavo Nurmi Games,13 JUN 2023,2023,8.,A,Continental Tour,7147648,worldwide
men_3000sc,Ben BUCKINGHAM,08 NOV 1991,8:37.20,,AUS,"Paavo Nurmen Stadion, Turku (FIN)",Paavo Nurmi Games,13 JUN 2023,2023,9.,A,Continental Tour,7147648,worldwide
men_3000sc,Fredrik SANDVIK,23 MAR 1998,8:38.67,,NOR,"Paavo Nurmen Stadion, Turku (FIN)",Paavo Nurmi Games,13 JUN 2023,2023,10.,A,Continental Tour,7147648,worldwide
men_3000sc,Topi RAITANEN,07 FEB 1996,8:43.46,,FIN,"Paavo Nurmen Stadion, Turku (FIN)",Paavo Nurmi Games,13 JUN 2023,2023,11.,A,Continental Tour,7147648,worldwide
men_3000sc,Jacob BOUTERA,29 APR 1996,8:51.47,,NOR,"Paavo Nurmen Stadion, Turku (FIN)",Paavo Nurmi Games,13 JUN 2023,2023,12.,A,Continental Tour,7147648,worldwide
men_3000sc,Conseslus KIPRUTO,08 DEC 1994,8:17.16,,KEN,"Parc des Sports C. Ehrmann, Nice (FRA)",Meeting Nikaïa,17 JUN 2023,2023,1.,C,Continental Tour,7190995,worldwide
men_3000sc,Isaac UPDIKE,21 MAR 1992,8:17.47,,USA,"Parc des Sports C. Ehrmann, Nice (FRA)",Meeting Nikaïa,17 JUN 2023,2023,2.,C,Continental Tour,7190995,worldwide
men_3000sc,Geordie BEAMISH,24 OCT 1996,8:17.93,,NZL,"Parc des Sports C. Ehrmann, Nice (FRA)",Meeting Nikaïa,17 JUN 2023,2023,3.,C,Continental Tour,7190995,worldwide
men_3000sc,Djilali BEDRANI,01 OCT 1993,8:18.21,,FRA,"Parc des Sports C. Ehrmann, Nice (FRA)",Meeting Nikaïa,17 JUN 2023,2023,4.,C,Continental Tour,7190995,worldwide
men_3000sc,Nicolas-Marie DARU,21 OCT 1988,8:21.84,,FRA,"Parc des Sports C. Ehrmann, Nice (FRA)",Meeting Nikaïa,17 JUN 2023,2023,5.,C,Continental Tour,7190995,worldwide
men_3000sc,Nahuel CARABAÑA,10 NOV 1999,8:25.98,,AND,"Parc des Sports C. Ehrmann, Nice (FRA)",Meeting Nikaïa,17 JUN 2023,2023,6.,C,Continental Tour,7190995,worldwide
men_3000sc,Gonzalo PARRA,20 JUN 1996,8:26.66,,ESP,"Parc des Sports C. Ehrmann, Nice (FRA)",Meeting Nikaïa,17 JUN 2023,2023,7.,C,Continental Tour,7190995,worldwide
men_3000sc,Enrico VECCHI,15 DEC 2000,8:27.21,,ITA,"Parc des Sports C. Ehrmann, Nice (FRA)",Meeting Nikaïa,17 JUN 2023,2023,8.,C,Continental Tour,7190995,worldwide
men_3000sc,Sebastián MARTOS,20 JUN 1989,8:33.24,,ESP,"Parc des Sports C. Ehrmann, Nice (FRA)",Meeting Nikaïa,17 JUN 2023,2023,11.,C,Continental Tour,7190995,worldwide
men_3000sc,Gatien AIRIAU,09 JUN 1993,8:36.75,,FRA,"Parc des Sports C. Ehrmann, Nice (FRA)",Meeting Nikaïa,17 JUN 2023,2023,12.,C,Continental Tour,7190995,worldwide
men_3000sc,John GAY,07 NOV 1996,8:57.68,,CAN,"Parc des Sports C. Ehrmann, Nice (FRA)",Meeting Nikaïa,17 JUN 2023,2023,13.,C,Continental Tour,7190995,worldwide
men_3000sc,Zak SEDDON,28 JUN 1994,DNF,,GBR,"Parc des Sports C. Ehrmann, Nice (FRA)",Meeting Nikaïa,17 JUN 2023,2023,,C,Continental Tour,7190995,worldwide
men_3000sc,Mason FERLIC,05 AUG 1993,DNF,,USA,"Parc des Sports C. Ehrmann, Nice (FRA)",Meeting Nikaïa,17 JUN 2023,2023,,C,Continental Tour,7190995,worldwide
men_3000sc,Simon SUNDSTRÖM,04 FEB 1998,DNF,,SWE,"Parc des Sports C. Ehrmann, Nice (FRA)",Meeting Nikaïa,17 JUN 2023,2023,,C,Continental Tour,7190995,worldwide
men_3000sc,Álvaro GUTIERREZ,20 MAY 1988,DNF,,ESP,"Parc des Sports C. Ehrmann, Nice (FRA)",Meeting Nikaïa,17 JUN 2023,2023,,C,Continental Tour,7190995,worldwide
men_3000sc,Alexis PHELUT,03 MAR 1998,DNF,,FRA,"Parc des Sports C. Ehrmann, Nice (FRA)",Meeting Nikaïa,17 JUN 2023,2023,,C,Continental Tour,7190995,worldwide
men_3000sc,Lawrence Kemboi KIPSANG,15 JUN 1993,8:21.74,,KEN,"Paul-Greifzu-Stadion, Dessau (GER)",25th International Athletics Meeting Anhalt 2023,17 JUN 2023,2023,1.,C,Continental Tour,7190994,worldwide
men_3000sc,Ala ZOGHLAMI,19 JUN 1994,8:22.92,,ITA,"Paul-Greifzu-Stadion, Dessau (GER)",25th International Athletics Meeting Anhalt 2023,17 JUN 2023,2023,2.,C,Continental Tour,7190994,worldwide
men_3000sc,Karl BEBENDORF,07 MAY 1996,8:25.42,,GER,"Paul-Greifzu-Stadion, Dessau (GER)",25th International Athletics Meeting Anhalt 2023,17 JUN 2023,2023,3.,C,Continental Tour,7190994,worldwide
men_3000sc,Ibrahim EZZAYDOUNI,28 APR 1991,8:25.70,,ESP,"Paul-Greifzu-Stadion, Dessau (GER)",25th International Athletics Meeting Anhalt 2023,17 JUN 2023,2023,4.,C,Continental Tour,7190994,worldwide
men_3000sc,Niklas BUCHHOLZ,04 MAR 1998,8:27.42,,GER,"Paul-Greifzu-Stadion, Dessau (GER)",25th International Athletics Meeting Anhalt 2023,17 JUN 2023,2023,5.,C,Continental Tour,7190994,worldwide
men_3000sc,Nick JÄGER,22 AUG 1999,8:31.32,,GER,"Paul-Greifzu-Stadion, Dessau (GER)",25th International Athletics Meeting Anhalt 2023,17 JUN 2023,2023,6.,C,Continental Tour,7190994,worldwide
men_3000sc,Clément DEFLANDRE,14 DEC 1997,8:35.52,,BEL,"Paul-Greifzu-Stadion, Dessau (GER)",25th International Athletics Meeting Anhalt 2023,17 JUN 2023,2023,8.,C,Continental Tour,7190994,worldwide
men_3000sc,Velten SCHNEIDER,21 AUG 1999,8:38.26,,GER,"Paul-Greifzu-Stadion, Dessau (GER)",25th International Athletics Meeting Anhalt 2023,17 JUN 2023,2023,9.,C,Continental Tour,7190994,worldwide
men_3000sc,Robin MÜLLER,12 JUN 2003,8:45.81,,GER,"Paul-Greifzu-Stadion, Dessau (GER)",25th International Athletics Meeting Anhalt 2023,17 JUN 2023,2023,12.,C,Continental Tour,7190994,worldwide
men_3000sc,Wilberforce Chemiat KONES,19 SEP 1993,DNF,,KEN,"Paul-Greifzu-Stadion, Dessau (GER)",25th International Athletics Meeting Anhalt 2023,17 JUN 2023,2023,,C,Continental Tour,7190994,worldwide
men_3000sc,Michael CURTI,08 APR 1994,8:44.67,,SUI,"Stade Olympique de la Pontaise, Lausanne (SUI)",Swiss Steeplechase Championships,17 JUN 2023,2023,1.,B,National Championships,7196670,worldwide
men_3000sc,Mohammed MSAAD,04 MAR 2004,8:33.40,,MAR,"Le Grand Stade, Marrakech (MAR)",Arab Championships,21 JUN 2023,2023,1.,C,Area Regional Champs,7201541,worldwide
men_3000sc,Salah Eddine BEN YAZIDE,06 MAY 2003,8:35.14,,MAR,"Le Grand Stade, Marrakech (MAR)",Arab Championships,21 JUN 2023,2023,2.,C,Area Regional Champs,7201541,worldwide
men_3000sc,Salem Mohamed ATTIAALLAH,01 OCT 1993,8:35.82,,EGY,"Le Grand Stade, Marrakech (MAR)",Arab Championships,21 JUN 2023,2023,3.,C,Area Regional Champs,7201541,worldwide
men_3000sc,Simon KOECH,06 OCT 2003,8:26.00,,KEN,"Nyayo National Stadium, Nairobi (KEN)",Kenyan Championships,24 JUN 2023,2023,1.,B,National Championships,7194286,worldwide
men_3000sc,Leonard Kipkemoi BETT,03 NOV 2000,8:29.86,,KEN,"Nyayo National Stadium, Nairobi (KEN)",Kenyan Championships,24 JUN 2023,2023,2.,B,National Championships,7194286,worldwide
men_3000sc,Abraham KIBIWOT,06 APR 1996,8:34.14,,KEN,"Nyayo National Stadium, Nairobi (KEN)",Kenyan Championships,24 JUN 2023,2023,4.,B,National Championships,7194286,worldwide
men_3000sc,Benjamin KIGEN,05 JUL 1993,8:34.34,,KEN,"Nyayo National Stadium, Nairobi (KEN)",Kenyan Championships,24 JUN 2023,2023,5.,B,National Championships,7194286,worldwide
men_3000sc,Edmund SEREM,27 DEC 2007,8:38.16,,KEN,"Nyayo National Stadium, Nairobi (KEN)",Kenyan Championships,24 JUN 2023,2023,7.,B,National Championships,7194286,worldwide
men_3000sc,Haron KIBET,24 JAN 2003,8:42.33,,KEN,"Nyayo National Stadium, Nairobi (KEN)",Kenyan Championships,24 JUN 2023,2023,9.,B,National Championships,7194286,worldwide
men_3000sc,Collins KIPNGOK,13 JUL 2000,8:46.02,,KEN,"Nyayo National Stadium, Nairobi (KEN)",Kenyan Championships,24 JUN 2023,2023,11.,B,National Championships,7194286,worldwide
men_3000sc,Gideon KIPLIMO,29 NOV 1999,8:57.89,,KEN,"Nyayo National Stadium, Nairobi (KEN)",Kenyan Championships,24 JUN 2023,2023,12.,B,National Championships,7194286,worldwide
men_3000sc,Jakob Dybdal ABRAHAMSEN,29 JUL 1994,9:22.23,,DEN,"Skovdalen Stadion, Aalborg (DEN)",Danish Championships,24 JUN 2023,2023,1.,B,National Championships,7198331,worldwide
men_3000sc,Yaser Salem BAGHARAB,01 JAN 1998,8:38.69,,QAT,"Besagroup-Sportpark, Rhede (GER)",Internationales LAZ Meeting/Rhede,25 JUN 2023,2023,1.,D,Continental Tour,7192306,worldwide
men_3000sc,Carlos SAN MARTÍN,19 NOV 1993,8:50.15,,COL,San Salvador (ESA),CAC Games,07 JUL 2023,2023,1.,B,Area Regional Champs,7199475,worldwide
men_3000sc,Edward TRIPPAS,22 SEP 1998,8:27.12,,AUS,"Estádio 1o de Maio, Braga (POR)",Meeting of Braga,05 JUL 2023,2023,1.,D,Continental Tour,7191054,worldwide
men_3000sc,Geoffrey Kipkemoi KIRWA,03 JUL 2001,8:28.48,,KEN,"Estádio 1o de Maio, Braga (POR)",Meeting of Braga,05 JUL 2023,2023,2.,D,Continental Tour,7191054,worldwide
men_3000sc,Yaser Salem BAGHARAB,01 JAN 1998,8:28.57,,QAT,"Estádio 1o de Maio, Braga (POR)",Meeting of Braga,05 JUL 2023,2023,3.,D,Continental Tour,7191054,worldwide
men_3000sc,Clément DEFLANDRE,14 DEC 1997,8:44.66,,BEL,"Estádio 1o de Maio, Braga (POR)",Meeting of Braga,05 JUL 2023,2023,5.,D,Continental Tour,7191054,worldwide
men_3000sc,Mohamed TINDOUFT,12 MAR 1993,8:23.65,,MAR,"Keskusurheilukenttä, Joensuu (FIN)",Joensuu Motonet GP,05 JUL 2023,2023,1.,C,Continental Tour,7190998,worldwide
men_3000sc,Topi RAITANEN,07 FEB 1996,8:27.75,,FIN,"Keskusurheilukenttä, Joensuu (FIN)",Joensuu Motonet GP,05 JUL 2023,2023,2.,C,Continental Tour,7190998,worldwide
men_3000sc,Ben BUCKINGHAM,08 NOV 1991,8:28.42,,AUS,"Keskusurheilukenttä, Joensuu (FIN)",Joensuu Motonet GP,05 JUL 2023,2023,3.,C,Continental Tour,7190998,worldwide
men_3000sc,Leonard CHEMUTAI,05 MAY 2003,8:31.00,,UGA,"Keskusurheilukenttä, Joensuu (FIN)",Joensuu Motonet GP,05 JUL 2023,2023,4.,C,Continental Tour,7190998,worldwide
men_3000sc,Abdellah RIAHI,13 OCT 1994,8:32.72,,FRA,"Keskusurheilukenttä, Joensuu (FIN)",Joensuu Motonet GP,05 JUL 2023,2023,5.,C,Continental Tour,7190998,worldwide
men_3000sc,Ala ZOGHLAMI,19 JUN 1994,8:40.93,,ITA,"Keskusurheilukenttä, Joensuu (FIN)",Joensuu Motonet GP,05 JUL 2023,2023,6.,C,Continental Tour,7190998,worldwide
men_3000sc,Matthew CLARKE,29 APR 1995,8:43.39,,AUS,"Keskusurheilukenttä, Joensuu (FIN)",Joensuu Motonet GP,05 JUL 2023,2023,7.,C,Continental Tour,7190998,worldwide
men_3000sc,Jakob Dybdal ABRAHAMSEN,29 JUL 1994,9:02.28,,DEN,"Keskusurheilukenttä, Joensuu (FIN)",Joensuu Motonet GP,05 JUL 2023,2023,8.,C,Continental Tour,7190998,worldwide
men_3000sc,El Mehdi ABOUJANAH,06 JUN 1987,DNF,,ESP,"Keskusurheilukenttä, Joensuu (FIN)",Joensuu Motonet GP,05 JUL 2023,2023,,C,Continental Tour,7190998,worldwide
men_3000sc,Kenneth ROOKS,21 OCT 1999,8:16.78,,USA,"Hayward Field, Eugene, OR (USA)",USA Championships,08 JUL 2023,2023,1.,B,National Championships,7201597,worldwide
men_3000sc,Benard KETER,25 MAY 1992,8:17.19,,USA,"Hayward Field, Eugene, OR (USA)",USA Championships,08 JUL 2023,2023,2.,B,National Championships,7201597,worldwide
men_3000sc,Isaac UPDIKE,21 MAR 1992,8:17.69,,USA,"Hayward Field, Eugene, OR (USA)",USA Championships,08 JUL 2023,2023,3.,B,National Championships,7201597,worldwide
men_3000sc,Mason FERLIC,05 AUG 1993,8:18.75,,USA,"Hayward Field, Eugene, OR (USA)",USA Championships,08 JUL 2023,2023,4.,B,National Championships,7201597,worldwide
men_3000sc,Anthony ROTICH,20 OCT 1990,8:22.38,,USA,"Hayward Field, Eugene, OR (USA)",USA Championships,08 JUL 2023,2023,5.,B,National Championships,7201597,worldwide
men_3000sc,Matthew WILKINSON,27 DEC 1998,8:23.69,,USA,"Hayward Field, Eugene, OR (USA)",USA Championships,08 JUL 2023,2023,6.,B,National Championships,7201597,worldwide
men_3000sc,Jackson MESTLER,27 DEC 1997,8:24.33,,USA,"Hayward Field, Eugene, OR (USA)",USA Championships,08 JUL 2023,2023,7.,B,National Championships,7201597,worldwide
men_3000sc,Duncan HAMILTON,14 JUL 2000,8:24.91,,USA,"Hayward Field, Eugene, OR (USA)",USA Championships,08 JUL 2023,2023,8.,B,National Championships,7201597,worldwide
men_3000sc,Andrew BAYER,03 FEB 1990,8:27.38,,USA,"Hayward Field, Eugene, OR (USA)",USA Championships,08 JUL 2023,2023,9.,B,National Championships,7201597,worldwide
men_3000sc,Derek JOHNSON,11 OCT 1999,8:29.22,,USA,"Hayward Field, Eugene, OR (USA)",USA Championships,08 JUL 2023,2023,10.,B,National Championships,7201597,worldwide
men_3000sc,Alec BASTEN,26 FEB 1998,8:31.83,,USA,"Hayward Field, Eugene, OR (USA)",USA Championships,08 JUL 2023,2023,11.,B,National Championships,7201597,worldwide
men_3000sc,Craig NOWAK,20 APR 1994,8:31.87,,USA,"Hayward Field, Eugene, OR (USA)",USA Championships,08 JUL 2023,2023,12.,B,National Championships,7201597,worldwide
men_3000sc,Daniel MICHALSKI,10 SEP 1995,8:33.34,,USA,"Hayward Field, Eugene, OR (USA)",USA Championships,08 JUL 2023,2023,13.,B,National Championships,7201597,worldwide
men_3000sc,Aidan TOOKER,26 JUN 1998,8:38.47,,USA,"Hayward Field, Eugene, OR (USA)",USA Championships,08 JUL 2023,2023,14.,B,National Championships,7201597,worldwide
men_3000sc,Tom Erling KÅRBØ,04 FEB 1989,8:37.19,,NOR,"Friidrettsstadion, Jessheim (NOR)",Norwegian Championships,07 JUL 2023,2023,1.,B,National Championships,7193283,worldwide
men_3000sc,Fredrik SANDVIK,23 MAR 1998,8:37.21,,NOR,"Friidrettsstadion, Jessheim (NOR)",Norwegian Championships,07 JUL 2023,2023,2.,B,National Championships,7193283,worldwide
men_3000sc,Jacob BOUTERA,29 APR 1996,DNF,,NOR,"Friidrettsstadion, Jessheim (NOR)",Norwegian Championships,07 JUL 2023,2023,,B,National Championships,7193283,worldwide
men_3000sc,Karl BEBENDORF,07 MAY 1996,8:24.52,,GER,"Auestadion, Kassel (GER)",German Championships,08 JUL 2023,2023,1.,B,National Championships,7197326,worldwide
men_3000sc,Jens MERGENTHALER,13 JUN 1997,8:26.35,,GER,"Auestadion, Kassel (GER)",German Championships,08 JUL 2023,2023,2.,B,National Championships,7197326,worldwide
men_3000sc,Niklas BUCHHOLZ,04 MAR 1998,8:27.06,,GER,"Auestadion, Kassel (GER)",German Championships,08 JUL 2023,2023,3.,B,National Championships,7197326,worldwide
men_3000sc,Velten SCHNEIDER,21 AUG 1999,8:27.72,,GER,"Auestadion, Kassel (GER)",German Championships,08 JUL 2023,2023,4.,B,National Championships,7197326,worldwide
men_3000sc,Nick JÄGER,22 AUG 1999,8:34.24,,GER,"Auestadion, Kassel (GER)",German Championships,08 JUL 2023,2023,5.,B,National Championships,7197326,worldwide
men_3000sc,Frederik RUPPERT,19 FEB 1997,8:40.88,,GER,"Auestadion, Kassel (GER)",German Championships,08 JUL 2023,2023,6.,B,National Championships,7197326,worldwide
men_3000sc,István PALKOVITS,27 DEC 2000,8:38.81,,HUN,"Nemzeti Atlétikai Központ, Budapest (HUN)",Hungarian Championships,07 JUL 2023,2023,1.,B,National Championships,7200888,worldwide
men_3000sc,William BATTERSHILL,25 FEB 1998,8:44.19,,GBR,"Manchester Regional Arena, Manchester (GBR)",UK Championships,09 JUL 2023,2023,1.,B,National Championships,7201469,worldwide
men_3000sc,Zak SEDDON,28 JUN 1994,8:44.94,,GBR,"Manchester Regional Arena, Manchester (GBR)",UK Championships,09 JUL 2023,2023,2.,B,National Championships,7201469,worldwide
men_3000sc,Jamaine COLEMAN,22 SEP 1995,8:54.40,,GBR,"Manchester Regional Arena, Manchester (GBR)",UK Championships,09 JUL 2023,2023,3.,B,National Championships,7201469,worldwide
men_3000sc,Turgay BAYRAM,15 JUN 1995,8:42.42,,TUR,"Atıcılar Atletizm Sahası, Bursa (TUR)",Turkish Championships,09 JUL 2023,2023,1.,B,National Championships,7202554,worldwide
men_3000sc,Abderrafia BOUASSEL,18 FEB 2001,8:31.22,,MAR,"Polideportivo Zorrotza, Bilbao (ESP)",Reunión Internacional de Atletismo Villa De Bilbao,12 JUL 2023,2023,1.,D,Continental Tour,7199958,worldwide
men_3000sc,Jaouad HSSINI,29 NOV 1999,8:34.91,,ESP,"Polideportivo Zorrotza, Bilbao (ESP)",Reunión Internacional de Atletismo Villa De Bilbao,12 JUL 2023,2023,2.,D,Continental Tour,7199958,worldwide
men_3000sc,Mohammed AATAATI,09 SEP 2003,8:37.46,,MAR,"Polideportivo Zorrotza, Bilbao (ESP)",Reunión Internacional de Atletismo Villa De Bilbao,12 JUL 2023,2023,3.,D,Continental Tour,7199958,worldwide
men_3000sc,Eric PEÑALVER,23 SEP 1993,8:54.84,,ESP,"Polideportivo Zorrotza, Bilbao (ESP)",Reunión Internacional de Atletismo Villa De Bilbao,12 JUL 2023,2023,8.,D,Continental Tour,7199958,worldwide
men_3000sc,Álvaro GUTIERREZ,20 MAY 1988,DNF,,ESP,"Polideportivo Zorrotza, Bilbao (ESP)",Reunión Internacional de Atletismo Villa De Bilbao,12 JUL 2023,2023,,D,Continental Tour,7199958,worldwide
men_3000sc,Nahuel CARABAÑA,10 NOV 1999,8:23.83,,AND,"Stade Naimette-Xhovémont, Liège (BEL)",Meeting Internationald'Athletisme de la Province de Liège,12 JUL 2023,2023,1.,C,Continental Tour,7191002,worldwide
men_3000sc,Edward TRIPPAS,22 SEP 1998,8:24.80,,AUS,"Stade Naimette-Xhovémont, Liège (BEL)",Meeting Internationald'Athletisme de la Province de Liège,12 JUL 2023,2023,2.,C,Continental Tour,7191002,worldwide
men_3000sc,Lawrence Kemboi KIPSANG,15 JUN 1993,8:28.31,,KEN,"Stade Naimette-Xhovémont, Liège (BEL)",Meeting Internationald'Athletisme de la Province de Liège,12 JUL 2023,2023,3.,C,Continental Tour,7191002,worldwide
men_3000sc,Nick JÄGER,22 AUG 1999,8:29.26,,GER,"Stade Naimette-Xhovémont, Liège (BEL)",Meeting Internationald'Athletisme de la Province de Liège,12 JUL 2023,2023,4.,C,Continental Tour,7191002,worldwide
men_3000sc,Tom Erling KÅRBØ,04 FEB 1989,8:31.51,,NOR,"Stade Naimette-Xhovémont, Liège (BEL)",Meeting Internationald'Athletisme de la Province de Liège,12 JUL 2023,2023,5.,C,Continental Tour,7191002,worldwide
men_3000sc,Rémi SCHYNS,26 JAN 1999,8:31.53,,BEL,"Stade Naimette-Xhovémont, Liège (BEL)",Meeting Internationald'Athletisme de la Province de Liège,12 JUL 2023,2023,6.,C,Continental Tour,7191002,worldwide
men_3000sc,Fredrik SANDVIK,23 MAR 1998,8:31.64,,NOR,"Stade Naimette-Xhovémont, Liège (BEL)",Meeting Internationald'Athletisme de la Province de Liège,12 JUL 2023,2023,7.,C,Continental Tour,7191002,worldwide
men_3000sc,Pieter-Jan HANNES,30 OCT 1992,8:45.44,,BEL,"Stade Naimette-Xhovémont, Liège (BEL)",Meeting Internationald'Athletisme de la Province de Liège,12 JUL 2023,2023,9.,C,Continental Tour,7191002,worldwide
men_3000sc,Atsushi SHOBU,16 DEC 2001,8:54.51,,JPN,"Stade Naimette-Xhovémont, Liège (BEL)",Meeting Internationald'Athletisme de la Province de Liège,12 JUL 2023,2023,10.,C,Continental Tour,7191002,worldwide
men_3000sc,Wilberforce Chemiat KONES,19 SEP 1993,DNF,,KEN,"Stade Naimette-Xhovémont, Liège (BEL)",Meeting Internationald'Athletisme de la Province de Liège,12 JUL 2023,2023,,C,Continental Tour,7191002,worldwide
men_3000sc,Amos SEREM,28 AUG 2002,DQ,,KEN,"Stade Naimette-Xhovémont, Liège (BEL)",Meeting Internationald'Athletisme de la Province de Liège,12 JUL 2023,2023,,C,Continental Tour,7191002,worldwide
men_3000sc,Ryoma AOKI,16 JUN 1997,8:34.91,,JPN,"Supachalasai National Stadium, Bangkok (THA)",Asian Athletics Championships,14 JUL 2023,2023,1.,GL,Area Champs,7185337,worldwide
men_3000sc,Yaser Salem BAGHARAB,01 JAN 1998,8:37.11,,QAT,"Supachalasai National Stadium, Bangkok (THA)",Asian Athletics Championships,14 JUL 2023,2023,2.,GL,Area Champs,7185337,worldwide
men_3000sc,Seiya SUNADA,30 OCT 2001,8:39.17,,JPN,"Supachalasai National Stadium, Bangkok (THA)",Asian Athletics Championships,14 JUL 2023,2023,3.,GL,Area Champs,7185337,worldwide
men_3000sc,Adam Ali MUSAB,17 APR 1995,8:53.71,,QAT,"Supachalasai National Stadium, Bangkok (THA)",Asian Athletics Championships,14 JUL 2023,2023,5.,GL,Area Champs,7185337,worldwide
men_3000sc,Salah Eddine BEN YAZIDE,06 MAY 2003,8:32.31,,MAR,"Complexe Sportif Prince Moulay Abdellah, Rabat (MAR)",Moroccan Championships,15 JUL 2023,2023,1.,B,National Championships,7200973,worldwide
men_3000sc,Faid EL MOSTAFA,13 JAN 2000,8:33.52,,MAR,"Complexe Sportif Prince Moulay Abdellah, Rabat (MAR)",Moroccan Championships,15 JUL 2023,2023,2.,B,National Championships,7200973,worldwide
men_3000sc,Mohamed TINDOUFT,12 MAR 1993,8:15.73,,MAR,"Bregyó Athletic Center, Székesfehérvár (HUN)",Gyulai István Memorial - Hungarian Athletics Grand Prix,18 JUL 2023,2023,1.,A,Continental Tour,7155614,worldwide
men_3000sc,Samuel FIREWU,03 MAY 2004,8:16.40,,ETH,"Bregyó Athletic Center, Székesfehérvár (HUN)",Gyulai István Memorial - Hungarian Athletics Grand Prix,18 JUL 2023,2023,2.,A,Continental Tour,7155614,worldwide
men_3000sc,Leonard CHEMUTAI,05 MAY 2003,8:17.14,,UGA,"Bregyó Athletic Center, Székesfehérvár (HUN)",Gyulai István Memorial - Hungarian Athletics Grand Prix,18 JUL 2023,2023,3.,A,Continental Tour,7155614,worldwide
men_3000sc,Jean-Simon DESGAGNÉS,26 JUL 1998,8:17.40,,CAN,"Bregyó Athletic Center, Székesfehérvár (HUN)",Gyulai István Memorial - Hungarian Athletics Grand Prix,18 JUL 2023,2023,4.,A,Continental Tour,7155614,worldwide
men_3000sc,Karl BEBENDORF,07 MAY 1996,8:19.59,,GER,"Bregyó Athletic Center, Székesfehérvár (HUN)",Gyulai István Memorial - Hungarian Athletics Grand Prix,18 JUL 2023,2023,5.,A,Continental Tour,7155614,worldwide
men_3000sc,Geoffrey Kipkemoi KIRWA,03 JUL 2001,8:22.54,,KEN,"Bregyó Athletic Center, Székesfehérvár (HUN)",Gyulai István Memorial - Hungarian Athletics Grand Prix,18 JUL 2023,2023,6.,A,Continental Tour,7155614,worldwide
men_3000sc,William BATTERSHILL,25 FEB 1998,8:24.37,,GBR,"Bregyó Athletic Center, Székesfehérvár (HUN)",Gyulai István Memorial - Hungarian Athletics Grand Prix,18 JUL 2023,2023,7.,A,Continental Tour,7155614,worldwide
men_3000sc,Ben BUCKINGHAM,08 NOV 1991,8:25.07,,AUS,"Bregyó Athletic Center, Székesfehérvár (HUN)",Gyulai István Memorial - Hungarian Athletics Grand Prix,18 JUL 2023,2023,8.,A,Continental Tour,7155614,worldwide
men_3000sc,Jens MERGENTHALER,13 JUN 1997,8:28.50,,GER,"Bregyó Athletic Center, Székesfehérvár (HUN)",Gyulai István Memorial - Hungarian Athletics Grand Prix,18 JUL 2023,2023,9.,A,Continental Tour,7155614,worldwide
men_3000sc,Velten SCHNEIDER,21 AUG 1999,8:28.91,,GER,"Bregyó Athletic Center, Székesfehérvár (HUN)",Gyulai István Memorial - Hungarian Athletics Grand Prix,18 JUL 2023,2023,10.,A,Continental Tour,7155614,worldwide
men_3000sc,István PALKOVITS,27 DEC 2000,8:31.17,,HUN,"Bregyó Athletic Center, Székesfehérvár (HUN)",Gyulai István Memorial - Hungarian Athletics Grand Prix,18 JUL 2023,2023,11.,A,Continental Tour,7155614,worldwide
men_3000sc,Sebastián MARTOS,20 JUN 1989,8:34.71,,ESP,"Bregyó Athletic Center, Székesfehérvár (HUN)",Gyulai István Memorial - Hungarian Athletics Grand Prix,18 JUL 2023,2023,12.,A,Continental Tour,7155614,worldwide
men_3000sc,Zak SEDDON,28 JUN 1994,8:40.13,,GBR,"Bregyó Athletic Center, Székesfehérvár (HUN)",Gyulai István Memorial - Hungarian Athletics Grand Prix,18 JUL 2023,2023,13.,A,Continental Tour,7155614,worldwide
men_3000sc,Fouad IDBAFDIL,09 FEB 1988,8:44.36,,ART,"Bregyó Athletic Center, Székesfehérvár (HUN)",Gyulai István Memorial - Hungarian Athletics Grand Prix,18 JUL 2023,2023,14.,A,Continental Tour,7155614,worldwide
men_3000sc,Nahuel CARABAÑA,10 NOV 1999,DNF,,AND,"Bregyó Athletic Center, Székesfehérvár (HUN)",Gyulai István Memorial - Hungarian Athletics Grand Prix,18 JUL 2023,2023,,A,Continental Tour,7155614,worldwide
men_3000sc,Mark PEARCE,19 JAN 1996,DNF,,GBR,"Bregyó Athletic Center, Székesfehérvár (HUN)",Gyulai István Memorial - Hungarian Athletics Grand Prix,18 JUL 2023,2023,,A,Continental Tour,7155614,worldwide
men_3000sc,Matthew CLARKE,29 APR 1995,DNF,,AUS,"Bregyó Athletic Center, Székesfehérvár (HUN)",Gyulai István Memorial - Hungarian Athletics Grand Prix,18 JUL 2023,2023,,A,Continental Tour,7155614,worldwide
men_3000sc,Ahmed JAZIRI,16 DEC 1997,8:24.31,,TUN,"Los Angeles, CA (USA)",Under Armour Sunset Tour,22 JUL 2023,2023,1.,C,Continental Tour,7199165,worldwide
men_3000sc,Alec BASTEN,26 FEB 1998,8:26.14,,USA,"Los Angeles, CA (USA)",Under Armour Sunset Tour,22 JUL 2023,2023,2.,C,Continental Tour,7199165,worldwide
men_3000sc,Joey BERRIATUA,16 JUN 1995,8:28.57,,USA,"Los Angeles, CA (USA)",Under Armour Sunset Tour,22 JUL 2023,2023,3.,C,Continental Tour,7199165,worldwide
men_3000sc,Matthew WILKINSON,27 DEC 1998,8:30.68,,USA,"Los Angeles, CA (USA)",Under Armour Sunset Tour,22 JUL 2023,2023,4.,C,Continental Tour,7199165,worldwide
men_3000sc,Daniel MICHALSKI,10 SEP 1995,8:31.07,,USA,"Los Angeles, CA (USA)",Under Armour Sunset Tour,22 JUL 2023,2023,5.,C,Continental Tour,7199165,worldwide
men_3000sc,Aidan TOOKER,26 JUN 1998,8:31.42,,USA,"Los Angeles, CA (USA)",Under Armour Sunset Tour,22 JUL 2023,2023,6.,C,Continental Tour,7199165,worldwide
men_3000sc,David RIBICH,27 DEC 1995,8:54.50,,USA,"Los Angeles, CA (USA)",Under Armour Sunset Tour,22 JUL 2023,2023,8.,C,Continental Tour,7199165,worldwide
men_3000sc,Craig NOWAK,20 APR 1994,DNF,,USA,"Los Angeles, CA (USA)",Under Armour Sunset Tour,22 JUL 2023,2023,,C,Continental Tour,7199165,worldwide
men_3000sc,Turgay BAYRAM,15 JUN 1995,8:55.31,,TUR,"Atletski Stadion, Kraljevo (SRB)",Balkan Championships,23 JUL 2023,2023,2.,B,Area Regional Champs,7199582,worldwide
men_3000sc,Omar SERAICH,16 MAR 1997,8:37.91,,ALG,"Complexe Olympique Mohamed Boudiaf, Algiers (ALG)",Algerian Championships,24 JUL 2023,2023,1.,B,National Championships,7201418,worldwide
men_3000sc,Salem Mohamed ATTIAALLAH,01 OCT 1993,8:22.74,,EGY,"Complexe Olympique Mohamed Boudiaf, Algiers (ALG)",Algerian Championships,24 JUL 2023,2023,OC,B,National Championships,7201418,worldwide
men_3000sc,Jean-Simon DESGAGNÉS,26 JUL 1998,8:24.47,,CAN,"McLeod Stadium, Langley (CAN)",Canadian Championships,27 JUL 2023,2023,1.,B,National Championships,7193208,worldwide
men_3000sc,John GAY,07 NOV 1996,8:51.21,,CAN,"McLeod Stadium, Langley (CAN)",Canadian Championships,27 JUL 2023,2023,6.,B,National Championships,7193208,worldwide
men_3000sc,Maciej MEGIER,26 APR 2003,8:44.17,,POL,"Stadion im.Lubuskich Olimpijczyków, Gorzów Wielkopolski (POL)",Polish Championships,27 JUL 2023,2023,1.,B,National Championships,7196520,worldwide
men_3000sc,Topi RAITANEN,07 FEB 1996,8:31.93,,FIN,"Stadion, Lahti (FIN)",Finnish Championships,29 JUL 2023,2023,1.,B,National Championships,7195470,worldwide
men_3000sc,Dzmitry IVANENKA,07 JAN 1994,8:46.40,,BLR,"Dinamo National Olympic Stadium, Minsk (BLR)",Belarus Championships,29 JUL 2023,2023,1.,B,National Championships,7198422,worldwide
men_3000sc,Djilali BEDRANI,01 OCT 1993,8:24.87,,FRA,"Stadium Municipal, Albi (FRA)",French Championships,29 JUL 2023,2023,1.,B,National Championships,7199349,worldwide
men_3000sc,Nicolas-Marie DARU,21 OCT 1988,8:26.53,,FRA,"Stadium Municipal, Albi (FRA)",French Championships,29 JUL 2023,2023,2.,B,National Championships,7199349,worldwide
men_3000sc,Yoann KOWAL,28 MAY 1987,8:30.46,,FRA,"Stadium Municipal, Albi (FRA)",French Championships,29 JUL 2023,2023,3.,B,National Championships,7199349,worldwide
men_3000sc,Baptiste FOURMONT,19 MAY 1999,8:31.29,,FRA,"Stadium Municipal, Albi (FRA)",French Championships,29 JUL 2023,2023,4.,B,National Championships,7199349,worldwide
men_3000sc,Gatien AIRIAU,09 JUN 1993,8:36.29,,FRA,"Stadium Municipal, Albi (FRA)",French Championships,29 JUL 2023,2023,5.,B,National Championships,7199349,worldwide
men_3000sc,Luc LE BARON,05 FEB 2002,8:50.34,,FRA,"Stadium Municipal, Albi (FRA)",French Championships,29 JUL 2023,2023,10.,B,National Championships,7199349,worldwide
men_3000sc,Abdelhamid ZERRIFI,20 JUN 1986,8:54.38,,FRA,"Stadium Municipal, Albi (FRA)",French Championships,29 JUL 2023,2023,13.,B,National Championships,7199349,worldwide
men_3000sc,Valentin BRESC,27 MAY 2001,DNF,,FRA,"Stadium Municipal, Albi (FRA)",French Championships,29 JUL 2023,2023,,B,National Championships,7199349,worldwide
men_3000sc,Abdellah RIAHI,13 OCT 1994,DNF,,FRA,"Stadium Municipal, Albi (FRA)",French Championships,29 JUL 2023,2023,,B,National Championships,7199349,worldwide
men_3000sc,Daniel ARCE,22 APR 1992,8:23.81,,ESP,"Pista Parc Central, Torrent (ESP)",Spanish Championships,29 JUL 2023,2023,1.,B,National Championships,7196326,worldwide
men_3000sc,Víctor RUIZ,24 JUN 1993,8:26.95,,ESP,"Pista Parc Central, Torrent (ESP)",Spanish Championships,29 JUL 2023,2023,2.,B,National Championships,7196326,worldwide
men_3000sc,Abderrahim OUGRA,26 NOV 1999,8:30.00,,ESP,"Pista Parc Central, Torrent (ESP)",Spanish Championships,29 JUL 2023,2023,3.,B,National Championships,7196326,worldwide
men_3000sc,Ibrahim EZZAYDOUNI,28 APR 1991,8:30.29,,ESP,"Pista Parc Central, Torrent (ESP)",Spanish Championships,29 JUL 2023,2023,4.,B,National Championships,7196326,worldwide
men_3000sc,Gonzalo PARRA,20 JUN 1996,8:30.82,,ESP,"Pista Parc Central, Torrent (ESP)",Spanish Championships,29 JUL 2023,2023,5.,B,National Championships,7196326,worldwide
men_3000sc,Sebastián MARTOS,20 JUN 1989,8:36.86,,ESP,"Pista Parc Central, Torrent (ESP)",Spanish Championships,29 JUL 2023,2023,6.,B,National Championships,7196326,worldwide
men_3000sc,Andreu BLANES,14 OCT 1991,8:40.68,,ESP,"Pista Parc Central, Torrent (ESP)",Spanish Championships,29 JUL 2023,2023,7.,B,National Championships,7196326,worldwide
men_3000sc,Alejandro QUIJADA,07 MAR 2001,9:00.65,,ESP,"Pista Parc Central, Torrent (ESP)",Spanish Championships,29 JUL 2023,2023,9.,B,National Championships,7196326,worldwide
men_3000sc,Álvaro GUTIERREZ,20 MAY 1988,9:11.05,,ESP,"Pista Parc Central, Torrent (ESP)",Spanish Championships,29 JUL 2023,2023,10.,B,National Championships,7196326,worldwide
men_3000sc,Carlos ÁNGEL,30 MAR 2003,9:17.46,,ESP,"Pista Parc Central, Torrent (ESP)",Spanish Championships,29 JUL 2023,2023,11.,B,National Championships,7196326,worldwide
men_3000sc,Jaouad HSSINI,29 NOV 1999,DNF,,ESP,"Pista Parc Central, Torrent (ESP)",Spanish Championships,29 JUL 2023,2023,,B,National Championships,7196326,worldwide
men_3000sc,Simon SUNDSTRÖM,04 FEB 1998,8:22.73,,SWE,"Hällåsens IP, Söderhamn (SWE)",Swedish Championships,28 JUL 2023,2023,1.,B,National Championships,7193429,worldwide
men_3000sc,Vidar JOHANSSON,08 OCT 1996,8:27.08,,SWE,"Hällåsens IP, Söderhamn (SWE)",Swedish Championships,28 JUL 2023,2023,2.,B,National Championships,7193429,worldwide
men_3000sc,Ala ZOGHLAMI,19 JUN 1994,8:30.97,,ITA,"Stadio M.S. Cozzoli, Molfetta (ITA)",Italian Championships,30 JUL 2023,2023,1.,B,National Championships,7199655,worldwide
men_3000sc,Enrico VECCHI,15 DEC 2000,8:35.62,,ITA,"Stadio M.S. Cozzoli, Molfetta (ITA)",Italian Championships,30 JUL 2023,2023,2.,B,National Championships,7199655,worldwide
men_3000sc,Yassin BOUIH,24 NOV 1996,8:39.57,,ITA,"Stadio M.S. Cozzoli, Molfetta (ITA)",Italian Championships,30 JUL 2023,2023,3.,B,National Championships,7199655,worldwide
men_3000sc,Carlos SAN MARTÍN,19 NOV 1993,8:39.23,,COL,"COTP Stadium, São Paulo (BRA)",South American Athletics Championships,29 JUL 2023,2023,2.,GL,Area Champs,7190549,worldwide
men_3000sc,Clément DEFLANDRE,14 DEC 1997,8:41.03,,BEL,"Sport Vlaanderen Brugge Julien Saelens, Brugge (BEL)",Belgian Championships,30 JUL 2023,2023,1.,B,National Championships,7201076,worldwide
men_3000sc,Rémi SCHYNS,26 JAN 1999,8:43.17,,BEL,"Sport Vlaanderen Brugge Julien Saelens, Brugge (BEL)",Belgian Championships,30 JUL 2023,2023,2.,B,National Championships,7201076,worldwide
men_3000sc,Tim VAN DE VELDE,01 FEB 2000,8:53.92,,BEL,"Sport Vlaanderen Brugge Julien Saelens, Brugge (BEL)",Belgian Championships,30 JUL 2023,2023,3.,B,National Championships,7201076,worldwide
men_3000sc,Pieter-Jan HANNES,30 OCT 1992,9:01.69,,BEL,"Sport Vlaanderen Brugge Julien Saelens, Brugge (BEL)",Belgian Championships,30 JUL 2023,2023,5.,B,National Championships,7201076,worldwide
men_3000sc,Etson BARROS,16 MAR 2001,8:47.99,,POR,"Estádio 1o de Maio, Braga (POR)",Portuguese Championships,29 JUL 2023,2023,1.,B,National Championships,7201511,worldwide
men_3000sc,Tomáš HABARTA,10 JUL 2003,8:50.26,,CZE,"Stadion Míru, Tábor (CZE)",Czech Championships,29 JUL 2023,2023,1.,B,National Championships,7194283,worldwide
men_3000sc,Jáchym KOVÁŘ,25 MAY 1996,8:53.28,,CZE,"Stadion Míru, Tábor (CZE)",Czech Championships,29 JUL 2023,2023,2.,B,National Championships,7194283,worldwide
men_3000sc,Jens MERGENTHALER,13 JUN 1997,8:38.42,,GER,"Shuangliu Sports Centre, Chengdu (CHN)",FISU World University Games,03 AUG 2023,2023,1.,B,FISU,7174333,worldwide
men_3000sc,Nick JÄGER,22 AUG 1999,8:40.53,,GER,"Shuangliu Sports Centre, Chengdu (CHN)",FISU World University Games,03 AUG 2023,2023,2.,B,FISU,7174333,worldwide
men_3000sc,Atsushi SHOBU,16 DEC 2001,8:40.84,,JPN,"Shuangliu Sports Centre, Chengdu (CHN)",FISU World University Games,03 AUG 2023,2023,3.,B,FISU,7174333,worldwide
men_3000sc,Damián VÍCH,14 AUG 1998,8:41.50,,CZE,"Shuangliu Sports Centre, Chengdu (CHN)",FISU World University Games,03 AUG 2023,2023,4.,B,FISU,7174333,worldwide
men_3000sc,Omar SERAICH,16 MAR 1997,8:43.63,,ALG,"Shuangliu Sports Centre, Chengdu (CHN)",FISU World University Games,03 AUG 2023,2023,5.,B,FISU,7174333,worldwide
men_3000sc,Maksim YAKUSHEV,15 MAR 1992,8:31.34,,RUS,"Yelena Yelesina Stadium, Chelyabinsk (RUS)",Russian Championships,05 AUG 2023,2023,1.,B,National Championships,7201208,worldwide
men_3000sc,Yuriy KLOPTSOV,22 DEC 1989,8:34.61,,RUS,"Yelena Yelesina Stadium, Chelyabinsk (RUS)",Russian Championships,05 AUG 2023,2023,2.,B,National Championships,7201208,worldwide
men_3000sc,Konstantin PLOKHOTNIKOV,24 MAR 1997,8:41.23,,RUS,"Yelena Yelesina Stadium, Chelyabinsk (RUS)",Russian Championships,05 AUG 2023,2023,3.,B,National Championships,7201208,worldwide
men_3000sc,Artem KOROL,27 AUG 1998,8:46.54,,RUS,"Yelena Yelesina Stadium, Chelyabinsk (RUS)",Russian Championships,05 AUG 2023,2023,5.,B,National Championships,7201208,worldwide
men_3000sc,Ildar NADYROV,22 APR 1994,9:11.65,,RUS,"Yelena Yelesina Stadium, Chelyabinsk (RUS)",Russian Championships,05 AUG 2023,2023,9.,B,National Championships,7201208,worldwide
men_3000sc,Nikita KALGANOV,07 JUN 1999,9:34.20,,RUS,"Yelena Yelesina Stadium, Chelyabinsk (RUS)",Russian Championships,05 AUG 2023,2023,13.,B,National Championships,7201208,worldwide
men_3000sc,Dzmitry IVANENKA,07 JAN 1994,8:33.20,,BLR,"Yelena Yelesina Stadium, Chelyabinsk (RUS)",Russian Championships,05 AUG 2023,2023,OC,B,National Championships,7201208,worldwide
men_3000sc,Topi RAITANEN,07 FEB 1996,8:41.39,,FIN,"Olympiastadion, Stockholm (SWE)",Finnkampen,02 SEP 2023,2023,1.,D,Traditional International,7191083,worldwide
men_3000sc,Emil BLOMBERG,09 APR 1992,8:46.68,,SWE,"Olympiastadion, Stockholm (SWE)",Finnkampen,02 SEP 2023,2023,2.,D,Traditional International,7191083,worldwide
men_3000sc,Ahmed JAZIRI,16 DEC 1997,8:14.93,,TUN,"Sports Park Mladost, Zagreb (CRO)",Memorial Borisa Hanžekovića,10 SEP 2023,2023,1.,A,Continental Tour,7154944,worldwide
men_3000sc,Ibrahim EZZAYDOUNI,28 APR 1991,8:16.78,,ESP,"Sports Park Mladost, Zagreb (CRO)",Memorial Borisa Hanžekovića,10 SEP 2023,2023,2.,A,Continental Tour,7154944,worldwide
men_3000sc,Samuel DUGUNA,20 SEP 2003,8:17.27,,ETH,"Sports Park Mladost, Zagreb (CRO)",Memorial Borisa Hanžekovića,10 SEP 2023,2023,3.,A,Continental Tour,7154944,worldwide
men_3000sc,Simon SUNDSTRÖM,04 FEB 1998,8:18.09,,SWE,"Sports Park Mladost, Zagreb (CRO)",Memorial Borisa Hanžekovića,10 SEP 2023,2023,4.,A,Continental Tour,7154944,worldwide
men_3000sc,Vidar JOHANSSON,08 OCT 1996,8:18.52,,SWE,"Sports Park Mladost, Zagreb (CRO)",Memorial Borisa Hanžekovića,10 SEP 2023,2023,5.,A,Continental Tour,7154944,worldwide
men_3000sc,István PALKOVITS,27 DEC 2000,8:18.74,,HUN,"Sports Park Mladost, Zagreb (CRO)",Memorial Borisa Hanžekovića,10 SEP 2023,2023,6.,A,Continental Tour,7154944,worldwide
men_3000sc,Nahuel CARABAÑA,10 NOV 1999,8:21.76,,AND,"Sports Park Mladost, Zagreb (CRO)",Memorial Borisa Hanžekovića,10 SEP 2023,2023,7.,A,Continental Tour,7154944,worldwide
men_3000sc,Clément DEFLANDRE,14 DEC 1997,8:24.27,,BEL,"Sports Park Mladost, Zagreb (CRO)",Memorial Borisa Hanžekovića,10 SEP 2023,2023,8.,A,Continental Tour,7154944,worldwide
men_3000sc,Damián VÍCH,14 AUG 1998,8:25.00,,CZE,"Sports Park Mladost, Zagreb (CRO)",Memorial Borisa Hanžekovića,10 SEP 2023,2023,9.,A,Continental Tour,7154944,worldwide
men_3000sc,Joey BERRIATUA,16 JUN 1995,8:26.02,,USA,"Sports Park Mladost, Zagreb (CRO)",Memorial Borisa Hanžekovića,10 SEP 2023,2023,10.,A,Continental Tour,7154944,worldwide
men_3000sc,Phil NORMAN,20 OCT 1989,8:27.89,,GBR,"Sports Park Mladost, Zagreb (CRO)",Memorial Borisa Hanžekovića,10 SEP 2023,2023,11.,A,Continental Tour,7154944,worldwide
men_3000sc,Tim VAN DE VELDE,01 FEB 2000,8:32.18,,BEL,"Sports Park Mladost, Zagreb (CRO)",Memorial Borisa Hanžekovića,10 SEP 2023,2023,12.,A,Continental Tour,7154944,worldwide
men_3000sc,El Mehdi ABOUJANAH,06 JUN 1987,DNF,,ESP,"Sports Park Mladost, Zagreb (CRO)",Memorial Borisa Hanžekovića,10 SEP 2023,2023,,A,Continental Tour,7154944,worldwide
men_3000sc,Velten SCHNEIDER,21 AUG 1999,DNF,,GER,"Sports Park Mladost, Zagreb (CRO)",Memorial Borisa Hanžekovića,10 SEP 2023,2023,,A,Continental Tour,7154944,worldwide
men_3000sc,Mohamed TINDOUFT,12 MAR 1993,DNF,,MAR,"Sports Park Mladost, Zagreb (CRO)",Memorial Borisa Hanžekovića,10 SEP 2023,2023,,A,Continental Tour,7154944,worldwide
men_3000sc,Carlos SAN MARTÍN,19 NOV 1993,9:06.59,,COL,"Estadio de Atletismo de la Unidad Deportiva Centenario, Armenia (COL)",Colombian Championships,24 OCT 2023,2023,1.,B,National Championships,7198162,worldwide
men_3000sc,Gerald Nicolas GIRALDO VILLA,21 MAR 1989,9:10.20,,COL,"Estadio de Atletismo de la Unidad Deportiva Centenario, Armenia (COL)",Colombian Championships,24 OCT 2023,2023,2.,B,National Championships,7198162,worldwide
men_3000sc,Ben BUCKINGHAM,08 NOV 1991,8:45.33,,AUS,"SA Athletic Stadium, Adelaide (AUS)",Adelaide Track Classic,12 FEB 2022,2022,1.,D,Continental Tour,7176133,worldwide
men_3000sc,Max STEVENS,16 NOV 1994,8:53.86,,AUS,"SA Athletic Stadium, Adelaide (AUS)",Adelaide Track Classic,12 FEB 2022,2022,2.,D,Continental Tour,7176133,worldwide
men_3000sc,Jordan WILLIAMSZ,21 AUG 1992,9:11.20,,AUS,"SA Athletic Stadium, Adelaide (AUS)",Adelaide Track Classic,12 FEB 2022,2022,5.,D,Continental Tour,7176133,worldwide
men_3000sc,Kosei YAMAGUCHI,19 AUG 1991,8:27.74,,JPN,"Lakeside Stadium, Melbourne (AUS)",Melbourne Track Classic,19 MAR 2022,2022,1.,C,Continental Tour,7173707,worldwide
men_3000sc,Max STEVENS,16 NOV 1994,8:30.90,,AUS,"Lakeside Stadium, Melbourne (AUS)",Melbourne Track Classic,19 MAR 2022,2022,2.,C,Continental Tour,7173707,worldwide
men_3000sc,Matthew CLARKE,29 APR 1995,8:43.96,,AUS,"Lakeside Stadium, Melbourne (AUS)",Melbourne Track Classic,19 MAR 2022,2022,3.,C,Continental Tour,7173707,worldwide
men_3000sc,Abdulaziz Ladan MOHAMMED,07 JAN 1991,9:27.02,,KSA,Al-Kuwait (KUW),Kuwaiti Championships,27 MAR 2022,2022,OC,B,National Championships,7183157,worldwide
men_3000sc,Salem Mohamed ATTIAALLAH,01 OCT 1993,8:56.31,,EGY,"Olympic Sports Center, El Maadi (EGY)",Egyptian Championships,27 MAR 2022,2022,1.,B,National Championships,7181121,worldwide
men_3000sc,Samuel FIREWU,03 MAY 2004,8:22.5h,,ETH,Hawassa (ETH),Ethiopian Championships,31 MAR 2022,2022,1.,B,National Championships,7181305,worldwide
men_3000sc,Hailemariyam AMARE,22 FEB 1997,8:24.6h,,ETH,Hawassa (ETH),Ethiopian Championships,31 MAR 2022,2022,2.,B,National Championships,7181305,worldwide
men_3000sc,Tadese TAKELE,03 AUG 2002,8:26.1h,,ETH,Hawassa (ETH),Ethiopian Championships,31 MAR 2022,2022,3.,B,National Championships,7181305,worldwide
men_3000sc,Samuel DUGUNA,20 SEP 2003,8:30.7h,,ETH,Hawassa (ETH),Ethiopian Championships,31 MAR 2022,2022,4.,B,National Championships,7181305,worldwide
men_3000sc,Tegenu MENGISTU,29 APR 1998,8:34.0h,,ETH,Hawassa (ETH),Ethiopian Championships,31 MAR 2022,2022,5.,B,National Championships,7181305,worldwide
men_3000sc,Tesfaye DERIBA,11 SEP 1998,8:35.3h,,ETH,Hawassa (ETH),Ethiopian Championships,31 MAR 2022,2022,6.,B,National Championships,7181305,worldwide
men_3000sc,Abrham SIME,07 NOV 2001,8:46.2h,,ETH,Hawassa (ETH),Ethiopian Championships,31 MAR 2022,2022,12.,B,National Championships,7181305,worldwide
men_3000sc,Matthew CLARKE,29 APR 1995,8:32.67,,AUS,"SOPAC, Sydney (AUS)",Australian Championships,31 MAR 2022,2022,1.,B,National Championships,7180884,worldwide
men_3000sc,Max STEVENS,16 NOV 1994,8:39.58,,AUS,"SOPAC, Sydney (AUS)",Australian Championships,31 MAR 2022,2022,2.,B,National Championships,7180884,worldwide
men_3000sc,Yemane HAILESELASSIE,21 FEB 1998,8:53.2h,,ERI,"Central Stadium, Asmara (ERI)",Eritrean Championships,03 APR 2022,2022,1.,B,National Championships,7182386,worldwide
men_3000sc,Antonio RUIZ,13 SEP 1994,9:46.57,,ARG,Concepción del Uruguay (ARG),Argentinian Championships,10 APR 2022,2022,9.,B,National Championships,7181419,worldwide
men_3000sc,Rantso MOKOPANE,08 AUG 1994,8:49.64,,RSA,"Green Point Stadium, Cape Town (RSA)",South African Championships,22 APR 2022,2022,2.,B,National Championships,7181890,worldwide
men_3000sc,Philemon Kiplagat RUTO,20 SEP 2001,8:29.25,,KEN,"Municipal Stadium, Hiroshima (JPN)",Mikio Oda Memorial Athletics Meet,29 APR 2022,2022,1.,C,Continental Tour,7175268,worldwide
men_3000sc,Kosei YAMAGUCHI,19 AUG 1991,8:34.72,,JPN,"Municipal Stadium, Hiroshima (JPN)",Mikio Oda Memorial Athletics Meet,29 APR 2022,2022,2.,C,Continental Tour,7175268,worldwide
men_3000sc,Yasunari KUSU,21 AUG 1993,8:38.45,,JPN,"Municipal Stadium, Hiroshima (JPN)",Mikio Oda Memorial Athletics Meet,29 APR 2022,2022,3.,C,Continental Tour,7175268,worldwide
men_3000sc,Hironori TSUETAKI,08 MAY 1993,8:46.26,,JPN,"Municipal Stadium, Hiroshima (JPN)",Mikio Oda Memorial Athletics Meet,29 APR 2022,2022,5.,C,Continental Tour,7175268,worldwide
men_3000sc,Takanori WAKESU,04 OCT 2002,9:04.85,,JPN,"Municipal Stadium, Hiroshima (JPN)",Mikio Oda Memorial Athletics Meet,29 APR 2022,2022,9.,C,Continental Tour,7175268,worldwide
men_3000sc,Yusuke UCHIKOSHI,11 AUG 1994,9:24.68,,JPN,"Municipal Stadium, Hiroshima (JPN)",Mikio Oda Memorial Athletics Meet,29 APR 2022,2022,15.,C,Continental Tour,7175268,worldwide
men_3000sc,John KOECH,23 AUG 1995,8:43.73,,BRN,"National Stadium, Gaborone (BOT)",Gaborone International Meet,30 APR 2022,2022,1.,C,Continental Tour,7173708,worldwide
men_3000sc,Carlos SAN MARTÍN,19 NOV 1993,9:13.62,,COL,Bogotá (COL),Colombian Championships,08 MAY 2022,2022,1.,B,National Championships,7183152,worldwide
men_3000sc,Abraham KIBIWOT,06 APR 1996,8:21.92,,KEN,"Moi International Sports Centre, Kasarani, Nairobi (KEN)",Kip Keino Classic,07 MAY 2022,2022,1.,A,Continental Tour,7171946,worldwide
men_3000sc,Samuel DUGUNA,20 SEP 2003,8:27.40,,ETH,"Moi International Sports Centre, Kasarani, Nairobi (KEN)",Kip Keino Classic,07 MAY 2022,2022,2.,A,Continental Tour,7171946,worldwide
men_3000sc,Benjamin KIGEN,05 JUL 1993,8:30.28,,KEN,"Moi International Sports Centre, Kasarani, Nairobi (KEN)",Kip Keino Classic,07 MAY 2022,2022,3.,A,Continental Tour,7171946,worldwide
men_3000sc,Mohamed ISMAIL,01 JAN 1997,8:32.68,,DJI,"Moi International Sports Centre, Kasarani, Nairobi (KEN)",Kip Keino Classic,07 MAY 2022,2022,4.,A,Continental Tour,7171946,worldwide
men_3000sc,Conseslus KIPRUTO,08 DEC 1994,8:32.76,,KEN,"Moi International Sports Centre, Kasarani, Nairobi (KEN)",Kip Keino Classic,07 MAY 2022,2022,5.,A,Continental Tour,7171946,worldwide
men_3000sc,Amos SEREM,28 AUG 2002,8:45.37,,KEN,"Moi International Sports Centre, Kasarani, Nairobi (KEN)",Kip Keino Classic,07 MAY 2022,2022,7.,A,Continental Tour,7171946,worldwide
men_3000sc,Hilal YEGO,02 APR 1992,8:47.21,,TUR,"Moi International Sports Centre, Kasarani, Nairobi (KEN)",Kip Keino Classic,07 MAY 2022,2022,8.,A,Continental Tour,7171946,worldwide
men_3000sc,Stanley Kipkoech KEBENEI,06 NOV 1989,8:48.86,,USA,"Moi International Sports Centre, Kasarani, Nairobi (KEN)",Kip Keino Classic,07 MAY 2022,2022,9.,A,Continental Tour,7171946,worldwide
men_3000sc,Albert CHEMUTAI,1995,8:53.51,,UGA,"Moi International Sports Centre, Kasarani, Nairobi (KEN)",Kip Keino Classic,07 MAY 2022,2022,10.,A,Continental Tour,7171946,worldwide
men_3000sc,Geoffrey Kipkemoi KIRWA,03 JUL 2001,9:04.72,,KEN,"Moi International Sports Centre, Kasarani, Nairobi (KEN)",Kip Keino Classic,07 MAY 2022,2022,12.,A,Continental Tour,7171946,worldwide
men_3000sc,Lawrence Kemboi KIPSANG,15 JUN 1993,DNF,,KEN,"Moi International Sports Centre, Kasarani, Nairobi (KEN)",Kip Keino Classic,07 MAY 2022,2022,,A,Continental Tour,7171946,worldwide
men_3000sc,Wilberforce Chemiat KONES,19 SEP 1993,DNF,,KEN,"Moi International Sports Centre, Kasarani, Nairobi (KEN)",Kip Keino Classic,07 MAY 2022,2022,,A,Continental Tour,7171946,worldwide
men_3000sc,Ryuji MIURA,11 FEB 2002,8:22.25,,JPN,"National Stadium, Tokyo (JPN)",Seiko Golden Grand Prix,08 MAY 2022,2022,1.,A,Continental Tour,7171890,worldwide
men_3000sc,Philemon Kiplagat RUTO,20 SEP 2001,8:27.27,,KEN,"National Stadium, Tokyo (JPN)",Seiko Golden Grand Prix,08 MAY 2022,2022,2.,A,Continental Tour,7171890,worldwide
men_3000sc,Kosei YAMAGUCHI,19 AUG 1991,8:29.24,,JPN,"National Stadium, Tokyo (JPN)",Seiko Golden Grand Prix,08 MAY 2022,2022,3.,A,Continental Tour,7171890,worldwide
men_3000sc,Ryoma AOKI,16 JUN 1997,8:30.15,,JPN,"National Stadium, Tokyo (JPN)",Seiko Golden Grand Prix,08 MAY 2022,2022,4.,A,Continental Tour,7171890,worldwide
men_3000sc,Hironori TSUETAKI,08 MAY 1993,8:30.24,,JPN,"National Stadium, Tokyo (JPN)",Seiko Golden Grand Prix,08 MAY 2022,2022,5.,A,Continental Tour,7171890,worldwide
men_3000sc,Yasunari KUSU,21 AUG 1993,8:32.56,,JPN,"National Stadium, Tokyo (JPN)",Seiko Golden Grand Prix,08 MAY 2022,2022,6.,A,Continental Tour,7171890,worldwide
men_3000sc,Taisei OGINO,07 NOV 1997,8:35.40,,JPN,"National Stadium, Tokyo (JPN)",Seiko Golden Grand Prix,08 MAY 2022,2022,7.,A,Continental Tour,7171890,worldwide
men_3000sc,Ben BUCKINGHAM,08 NOV 1991,8:40.34,,AUS,"National Stadium, Tokyo (JPN)",Seiko Golden Grand Prix,08 MAY 2022,2022,9.,A,Continental Tour,7171890,worldwide
men_3000sc,Jonathan Muia NDIKU,18 SEP 1991,8:40.83,,KEN,"National Stadium, Tokyo (JPN)",Seiko Golden Grand Prix,08 MAY 2022,2022,10.,A,Continental Tour,7171890,worldwide
men_3000sc,Naoyuki JIN,23 DEC 1990,8:44.77,,JPN,"National Stadium, Tokyo (JPN)",Seiko Golden Grand Prix,08 MAY 2022,2022,12.,A,Continental Tour,7171890,worldwide
men_3000sc,John GAY,07 NOV 1996,8:24.27,,CAN,"Hilmer Lodge Stadium, Walnut, CA (USA)",USATF Distance Classic,19 MAY 2022,2022,1.,B,Continental Tour,7180064,worldwide
men_3000sc,Mason FERLIC,05 AUG 1993,8:25.41,,USA,"Hilmer Lodge Stadium, Walnut, CA (USA)",USATF Distance Classic,19 MAY 2022,2022,2.,B,Continental Tour,7180064,worldwide
men_3000sc,Matthew HUGHES,03 AUG 1989,8:25.66,,CAN,"Hilmer Lodge Stadium, Walnut, CA (USA)",USATF Distance Classic,19 MAY 2022,2022,3.,B,Continental Tour,7180064,worldwide
men_3000sc,Avinash Mukund SABLE,13 SEP 1994,8:25.82,,IND,"Hilmer Lodge Stadium, Walnut, CA (USA)",USATF Distance Classic,19 MAY 2022,2022,4.,B,Continental Tour,7180064,worldwide
men_3000sc,Evan JAGER,08 MAR 1989,8:27.88,,USA,"Hilmer Lodge Stadium, Walnut, CA (USA)",USATF Distance Classic,19 MAY 2022,2022,5.,B,Continental Tour,7180064,worldwide
men_3000sc,Frankline TONUI,02 AUG 1993,8:28.83,,USA,"Hilmer Lodge Stadium, Walnut, CA (USA)",USATF Distance Classic,19 MAY 2022,2022,6.,B,Continental Tour,7180064,worldwide
men_3000sc,Anthony ROTICH,20 OCT 1990,8:30.48,,USA,"Hilmer Lodge Stadium, Walnut, CA (USA)",USATF Distance Classic,19 MAY 2022,2022,7.,B,Continental Tour,7180064,worldwide
men_3000sc,Benard KETER,25 MAY 1992,8:30.86,,USA,"Hilmer Lodge Stadium, Walnut, CA (USA)",USATF Distance Classic,19 MAY 2022,2022,8.,B,Continental Tour,7180064,worldwide
men_3000sc,Michael LEET,06 JUL 1995,8:31.21,,USA,"Hilmer Lodge Stadium, Walnut, CA (USA)",USATF Distance Classic,19 MAY 2022,2022,9.,B,Continental Tour,7180064,worldwide
men_3000sc,Matthew CLARKE,29 APR 1995,8:33.83,,AUS,"Hilmer Lodge Stadium, Walnut, CA (USA)",USATF Distance Classic,19 MAY 2022,2022,10.,B,Continental Tour,7180064,worldwide
men_3000sc,Brian BARRAZA,16 MAY 1995,8:34.35,,USA,"Hilmer Lodge Stadium, Walnut, CA (USA)",USATF Distance Classic,19 MAY 2022,2022,11.,B,Continental Tour,7180064,worldwide
men_3000sc,Daniel MICHALSKI,10 SEP 1995,8:34.65,,USA,"Hilmer Lodge Stadium, Walnut, CA (USA)",USATF Distance Classic,19 MAY 2022,2022,12.,B,Continental Tour,7180064,worldwide
men_3000sc,Fitsum SEYOUM,23 JUL 1997,8:35.57,,ETH,"Hilmer Lodge Stadium, Walnut, CA (USA)",USATF Distance Classic,19 MAY 2022,2022,13.,B,Continental Tour,7180064,worldwide
men_3000sc,Stanley Kipkoech KEBENEI,06 NOV 1989,8:36.30,,USA,"Hilmer Lodge Stadium, Walnut, CA (USA)",USATF Distance Classic,19 MAY 2022,2022,14.,B,Continental Tour,7180064,worldwide
men_3000sc,Jamaine COLEMAN,22 SEP 1995,8:37.73,,GBR,"Hilmer Lodge Stadium, Walnut, CA (USA)",USATF Distance Classic,19 MAY 2022,2022,15.,B,Continental Tour,7180064,worldwide
men_3000sc,Max STEVENS,16 NOV 1994,8:45.83,,AUS,"Hilmer Lodge Stadium, Walnut, CA (USA)",USATF Distance Classic,19 MAY 2022,2022,17.,B,Continental Tour,7180064,worldwide
men_3000sc,Craig NOWAK,20 APR 1994,8:48.77,,USA,"Hilmer Lodge Stadium, Walnut, CA (USA)",USATF Distance Classic,19 MAY 2022,2022,18.,B,Continental Tour,7180064,worldwide
men_3000sc,Jean-Simon DESGAGNÉS,26 JUL 1998,8:22.95,,CAN,"Icahn Stadium, New York, NY (USA)",Track Night NYC,20 MAY 2022,2022,1.,C,Continental Tour,7177147,worldwide
men_3000sc,Travis MAHONEY,25 JUL 1990,8:24.89,,USA,"Icahn Stadium, New York, NY (USA)",Track Night NYC,20 MAY 2022,2022,2.,C,Continental Tour,7177147,worldwide
men_3000sc,Isaac UPDIKE,21 MAR 1992,8:27.88,,USA,"Icahn Stadium, New York, NY (USA)",Track Night NYC,20 MAY 2022,2022,3.,C,Continental Tour,7177147,worldwide
men_3000sc,Brody SMITH,,8:28.60,,USA,"Icahn Stadium, New York, NY (USA)",Track Night NYC,20 MAY 2022,2022,4.,C,Continental Tour,7177147,worldwide
men_3000sc,Jordan MANN,12 JAN 1993,8:34.02,,USA,"Icahn Stadium, New York, NY (USA)",Track Night NYC,20 MAY 2022,2022,7.,C,Continental Tour,7177147,worldwide
men_3000sc,Nathan MYLENEK,29 APR 1998,8:40.03,,USA,"Icahn Stadium, New York, NY (USA)",Track Night NYC,20 MAY 2022,2022,9.,C,Continental Tour,7177147,worldwide
men_3000sc,Niklas BUCHHOLZ,04 MAR 1998,8:37.31,,GER,Karlsruhe (GER),6. Lange Laufnacht,21 MAY 2022,2022,1.,D,Continental Tour,7176889,worldwide
men_3000sc,Clément DEFLANDRE,14 DEC 1997,8:49.59,,BEL,Karlsruhe (GER),6. Lange Laufnacht,21 MAY 2022,2022,3.,D,Continental Tour,7176889,worldwide
men_3000sc,Pieter-Jan HANNES,30 OCT 1992,9:18.62,,BEL,Karlsruhe (GER),6. Lange Laufnacht,21 MAY 2022,2022,10.,D,Continental Tour,7176889,worldwide
men_3000sc,Mehdi BELHADJ,10 JUN 1995,8:16.39,,FRA,"Estadio Iberoamericano, Huelva (ESP)",Meeting Iberoamericano,25 MAY 2022,2022,1.,C,Continental Tour,7173600,worldwide
men_3000sc,Víctor RUIZ,24 JUN 1993,8:16.42,,ESP,"Estadio Iberoamericano, Huelva (ESP)",Meeting Iberoamericano,25 MAY 2022,2022,2.,C,Continental Tour,7173600,worldwide
men_3000sc,Bilal TABTI,07 JUN 1993,8:20.71,,ALG,"Estadio Iberoamericano, Huelva (ESP)",Meeting Iberoamericano,25 MAY 2022,2022,3.,C,Continental Tour,7173600,worldwide
men_3000sc,Etson BARROS,16 MAR 2001,8:25.98,,POR,"Estadio Iberoamericano, Huelva (ESP)",Meeting Iberoamericano,25 MAY 2022,2022,4.,C,Continental Tour,7173600,worldwide
men_3000sc,Abderrahim OUGRA,26 NOV 1999,8:29.15,,ESP,"Estadio Iberoamericano, Huelva (ESP)",Meeting Iberoamericano,25 MAY 2022,2022,5.,C,Continental Tour,7173600,worldwide
men_3000sc,El Mehdi ABOUJANAH,06 JUN 1987,8:29.95,,ESP,"Estadio Iberoamericano, Huelva (ESP)",Meeting Iberoamericano,25 MAY 2022,2022,6.,C,Continental Tour,7173600,worldwide
men_3000sc,Nahuel CARABAÑA,10 NOV 1999,8:32.03,,AND,"Estadio Iberoamericano, Huelva (ESP)",Meeting Iberoamericano,25 MAY 2022,2022,8.,C,Continental Tour,7173600,worldwide
men_3000sc,Mohamed BAKKALI,26 FEB 1995,8:33.13,,ESP,"Estadio Iberoamericano, Huelva (ESP)",Meeting Iberoamericano,25 MAY 2022,2022,9.,C,Continental Tour,7173600,worldwide
men_3000sc,Carlos SAN MARTÍN,19 NOV 1993,8:33.45,,COL,"Estadio Iberoamericano, Huelva (ESP)",Meeting Iberoamericano,25 MAY 2022,2022,10.,C,Continental Tour,7173600,worldwide
men_3000sc,Víctor ORTIZ RIVERA,30 JUN 1998,8:35.06,,PUR,"Estadio Iberoamericano, Huelva (ESP)",Meeting Iberoamericano,25 MAY 2022,2022,11.,C,Continental Tour,7173600,worldwide
men_3000sc,Simon SUNDSTRÖM,04 FEB 1998,8:38.65,,SWE,"Estadio Iberoamericano, Huelva (ESP)",Meeting Iberoamericano,25 MAY 2022,2022,12.,C,Continental Tour,7173600,worldwide
men_3000sc,Barnabas KIPYEGO,12 JUN 1995,8:39.39,,KEN,"Estadio Iberoamericano, Huelva (ESP)",Meeting Iberoamericano,25 MAY 2022,2022,13.,C,Continental Tour,7173600,worldwide
men_3000sc,Carlos ÁNGEL,30 MAR 2003,9:20.56,,ESP,"Estadio Iberoamericano, Huelva (ESP)",Meeting Iberoamericano,25 MAY 2022,2022,17.,C,Continental Tour,7173600,worldwide
men_3000sc,Alejandro QUIJADA,07 MAR 2001,DNF,,ESP,"Estadio Iberoamericano, Huelva (ESP)",Meeting Iberoamericano,25 MAY 2022,2022,,C,Continental Tour,7173600,worldwide
men_3000sc,Frederik RUPPERT,19 FEB 1997,8:23.38,,GER,"Putbosstadion, Oordegem (BEL)",IFAM Oordegem,28 MAY 2022,2022,1.,D,Continental Tour,7176894,worldwide
men_3000sc,Mohamed ISMAIL,01 JAN 1997,8:23.44,,DJI,"Putbosstadion, Oordegem (BEL)",IFAM Oordegem,28 MAY 2022,2022,2.,D,Continental Tour,7176894,worldwide
men_3000sc,Tim VAN DE VELDE,01 FEB 2000,8:27.37,,BEL,"Putbosstadion, Oordegem (BEL)",IFAM Oordegem,28 MAY 2022,2022,3.,D,Continental Tour,7176894,worldwide
men_3000sc,Niklas BUCHHOLZ,04 MAR 1998,8:31.93,,GER,"Putbosstadion, Oordegem (BEL)",IFAM Oordegem,28 MAY 2022,2022,4.,D,Continental Tour,7176894,worldwide
men_3000sc,Gatien AIRIAU,09 JUN 1993,8:33.71,,FRA,"Putbosstadion, Oordegem (BEL)",IFAM Oordegem,28 MAY 2022,2022,5.,D,Continental Tour,7176894,worldwide
men_3000sc,Rémi SCHYNS,26 JAN 1999,8:34.85,,BEL,"Putbosstadion, Oordegem (BEL)",IFAM Oordegem,28 MAY 2022,2022,6.,D,Continental Tour,7176894,worldwide
men_3000sc,Valentin BRESC,27 MAY 2001,8:36.13,,FRA,"Putbosstadion, Oordegem (BEL)",IFAM Oordegem,28 MAY 2022,2022,7.,D,Continental Tour,7176894,worldwide
men_3000sc,Abdelhamid ZERRIFI,20 JUN 1986,8:38.11,,FRA,"Putbosstadion, Oordegem (BEL)",IFAM Oordegem,28 MAY 2022,2022,9.,D,Continental Tour,7176894,worldwide
men_3000sc,Nicolas-Marie DARU,21 OCT 1988,8:38.15,,FRA,"Putbosstadion, Oordegem (BEL)",IFAM Oordegem,28 MAY 2022,2022,10.,D,Continental Tour,7176894,worldwide
men_3000sc,Jakob Dybdal ABRAHAMSEN,29 JUL 1994,8:40.46,,DEN,"Putbosstadion, Oordegem (BEL)",IFAM Oordegem,28 MAY 2022,2022,11.,D,Continental Tour,7176894,worldwide
men_3000sc,Daniel JARVIS,21 OCT 1995,8:41.28,,GBR,"Putbosstadion, Oordegem (BEL)",IFAM Oordegem,28 MAY 2022,2022,12.,D,Continental Tour,7176894,worldwide
men_3000sc,Nick JÄGER,22 AUG 1999,8:45.81,,GER,"Putbosstadion, Oordegem (BEL)",IFAM Oordegem,28 MAY 2022,2022,18.,D,Continental Tour,7176894,worldwide
men_3000sc,Clément DEFLANDRE,14 DEC 1997,8:50.97,,BEL,"Putbosstadion, Oordegem (BEL)",IFAM Oordegem,28 MAY 2022,2022,21.,D,Continental Tour,7176894,worldwide
men_3000sc,Velten SCHNEIDER,21 AUG 1999,DNF,,GER,"Putbosstadion, Oordegem (BEL)",IFAM Oordegem,28 MAY 2022,2022,,D,Continental Tour,7176894,worldwide
men_3000sc,Lamecha GIRMA,26 NOV 2000,7:58.68,,ETH,"Mestský Stadion, Ostrava (CZE)",61st Golden Spike,31 MAY 2022,2022,1.,A,Continental Tour,7147625,worldwide
men_3000sc,Hailemariyam AMARE,22 FEB 1997,8:07.70,,ETH,"Mestský Stadion, Ostrava (CZE)",61st Golden Spike,31 MAY 2022,2022,2.,A,Continental Tour,7147625,worldwide
men_3000sc,Ahmed ABDELWAHED,26 MAY 1996,8:14.53,,ITA,"Mestský Stadion, Ostrava (CZE)",61st Golden Spike,31 MAY 2022,2022,3.,A,Continental Tour,7147625,worldwide
men_3000sc,Abrham SIME,07 NOV 2001,8:17.52,,ETH,"Mestský Stadion, Ostrava (CZE)",61st Golden Spike,31 MAY 2022,2022,4.,A,Continental Tour,7147625,worldwide
men_3000sc,Samuel FIREWU,03 MAY 2004,8:19.82,,ETH,"Mestský Stadion, Ostrava (CZE)",61st Golden Spike,31 MAY 2022,2022,5.,A,Continental Tour,7147625,worldwide
men_3000sc,Osama ZOGHLAMI,19 JUN 1994,8:22.11,,ITA,"Mestský Stadion, Ostrava (CZE)",61st Golden Spike,31 MAY 2022,2022,6.,A,Continental Tour,7147625,worldwide
men_3000sc,Topi RAITANEN,07 FEB 1996,8:24.62,,FIN,"Mestský Stadion, Ostrava (CZE)",61st Golden Spike,31 MAY 2022,2022,7.,A,Continental Tour,7147625,worldwide
men_3000sc,Phil NORMAN,20 OCT 1989,8:26.90,,GBR,"Mestský Stadion, Ostrava (CZE)",61st Golden Spike,31 MAY 2022,2022,8.,A,Continental Tour,7147625,worldwide
men_3000sc,Karl BEBENDORF,07 MAY 1996,8:28.14,,GER,"Mestský Stadion, Ostrava (CZE)",61st Golden Spike,31 MAY 2022,2022,9.,A,Continental Tour,7147625,worldwide
men_3000sc,Zak SEDDON,28 JUN 1994,8:32.22,,GBR,"Mestský Stadion, Ostrava (CZE)",61st Golden Spike,31 MAY 2022,2022,10.,A,Continental Tour,7147625,worldwide
men_3000sc,Vidar JOHANSSON,08 OCT 1996,8:32.84,,SWE,"Mestský Stadion, Ostrava (CZE)",61st Golden Spike,31 MAY 2022,2022,11.,A,Continental Tour,7147625,worldwide
men_3000sc,Damián VÍCH,14 AUG 1998,8:32.91,,CZE,"Mestský Stadion, Ostrava (CZE)",61st Golden Spike,31 MAY 2022,2022,12.,A,Continental Tour,7147625,worldwide
men_3000sc,Jonathan HOPKINS,03 JUN 1992,8:42.75,,GBR,"Mestský Stadion, Ostrava (CZE)",61st Golden Spike,31 MAY 2022,2022,13.,A,Continental Tour,7147625,worldwide
men_3000sc,Mark PEARCE,19 JAN 1996,8:44.75,,GBR,"Mestský Stadion, Ostrava (CZE)",61st Golden Spike,31 MAY 2022,2022,14.,A,Continental Tour,7147625,worldwide
men_3000sc,Barnabas KIPYEGO,12 JUN 1995,8:51.21,,KEN,"Mestský Stadion, Ostrava (CZE)",61st Golden Spike,31 MAY 2022,2022,16.,A,Continental Tour,7147625,worldwide
men_3000sc,El Mehdi ABOUJANAH,06 JUN 1987,DNF,,ESP,"Mestský Stadion, Ostrava (CZE)",61st Golden Spike,31 MAY 2022,2022,,A,Continental Tour,7147625,worldwide
men_3000sc,Ala ZOGHLAMI,19 JUN 1994,DNF,,ITA,"Mestský Stadion, Ostrava (CZE)",61st Golden Spike,31 MAY 2022,2022,,A,Continental Tour,7147625,worldwide
men_3000sc,Otmane NAIT HAMMOU,01 APR 1995,DNF,,ART,"Mestský Stadion, Ostrava (CZE)",61st Golden Spike,31 MAY 2022,2022,,A,Continental Tour,7147625,worldwide
men_3000sc,Tesfaye DERIBA,11 SEP 1998,DNF,,ETH,"Mestský Stadion, Ostrava (CZE)",61st Golden Spike,31 MAY 2022,2022,,A,Continental Tour,7147625,worldwide
men_3000sc,Brian BARRAZA,16 MAY 1995,8:19.16,,USA,"Vanderbilt Track, Nashville, TN (USA)",Music City Track Carnival Festival,04 JUN 2022,2022,1.,B,Continental Tour,7175377,worldwide
men_3000sc,Travis MAHONEY,25 JUL 1990,8:19.18,,USA,"Vanderbilt Track, Nashville, TN (USA)",Music City Track Carnival Festival,04 JUN 2022,2022,2.,B,Continental Tour,7175377,worldwide
men_3000sc,Jamaine COLEMAN,22 SEP 1995,8:28.56,,GBR,"Vanderbilt Track, Nashville, TN (USA)",Music City Track Carnival Festival,04 JUN 2022,2022,3.,B,Continental Tour,7175377,worldwide
men_3000sc,Joey BERRIATUA,16 JUN 1995,8:29.03,,USA,"Vanderbilt Track, Nashville, TN (USA)",Music City Track Carnival Festival,04 JUN 2022,2022,4.,B,Continental Tour,7175377,worldwide
men_3000sc,Max STEVENS,16 NOV 1994,8:31.77,,AUS,"Vanderbilt Track, Nashville, TN (USA)",Music City Track Carnival Festival,04 JUN 2022,2022,5.,B,Continental Tour,7175377,worldwide
men_3000sc,Jordan MANN,12 JAN 1993,8:40.03,,USA,"Vanderbilt Track, Nashville, TN (USA)",Music City Track Carnival Festival,04 JUN 2022,2022,6.,B,Continental Tour,7175377,worldwide
men_3000sc,Mohamed ISMAIL,01 JAN 1997,8:24.67,,DJI,"Polideportivo Municipal, Andújar (ESP)",Meeting Jaen Paraiso Interior,04 JUN 2022,2022,1.,C,Continental Tour,7173604,worldwide
men_3000sc,Yassin BOUIH,24 NOV 1996,8:29.54,,ITA,"Polideportivo Municipal, Andújar (ESP)",Meeting Jaen Paraiso Interior,04 JUN 2022,2022,2.,C,Continental Tour,7173604,worldwide
men_3000sc,Tesfaye DERIBA,11 SEP 1998,8:30.84,,ETH,"Polideportivo Municipal, Andújar (ESP)",Meeting Jaen Paraiso Interior,04 JUN 2022,2022,3.,C,Continental Tour,7173604,worldwide
men_3000sc,Gonzalo PARRA,20 JUN 1996,8:33.09,,ESP,"Polideportivo Municipal, Andújar (ESP)",Meeting Jaen Paraiso Interior,04 JUN 2022,2022,4.,C,Continental Tour,7173604,worldwide
men_3000sc,Carlos SAN MARTÍN,19 NOV 1993,8:37.36,,COL,"Polideportivo Municipal, Andújar (ESP)",Meeting Jaen Paraiso Interior,04 JUN 2022,2022,5.,C,Continental Tour,7173604,worldwide
men_3000sc,Abdelhamid ZERRIFI,20 JUN 1986,8:42.97,,FRA,"Polideportivo Municipal, Andújar (ESP)",Meeting Jaen Paraiso Interior,04 JUN 2022,2022,6.,C,Continental Tour,7173604,worldwide
men_3000sc,Etson BARROS,16 MAR 2001,8:45.74,,POR,"Polideportivo Municipal, Andújar (ESP)",Meeting Jaen Paraiso Interior,04 JUN 2022,2022,7.,C,Continental Tour,7173604,worldwide
men_3000sc,Pol ORIACH,20 SEP 2002,8:46.47,,ESP,"Polideportivo Municipal, Andújar (ESP)",Meeting Jaen Paraiso Interior,04 JUN 2022,2022,8.,C,Continental Tour,7173604,worldwide
men_3000sc,Abdelhakim ABOUZOUHAIR,20 NOV 1997,8:48.06,,MAR,"Polideportivo Municipal, Andújar (ESP)",Meeting Jaen Paraiso Interior,04 JUN 2022,2022,9.,C,Continental Tour,7173604,worldwide
men_3000sc,Álvaro GUTIERREZ,20 MAY 1988,DNF,,ESP,"Polideportivo Municipal, Andújar (ESP)",Meeting Jaen Paraiso Interior,04 JUN 2022,2022,,C,Continental Tour,7173604,worldwide
men_3000sc,Ibrahim CHAKIR,04 SEP 1994,DNF,,ESP,"Polideportivo Municipal, Andújar (ESP)",Meeting Jaen Paraiso Interior,04 JUN 2022,2022,,C,Continental Tour,7173604,worldwide
men_3000sc,Tim VAN DE VELDE,01 FEB 2000,8:30.66,,BEL,"Bungertstadion, Rehlingen (GER)",57. Internationales Pfingstsportfest,05 JUN 2022,2022,1.,C,Continental Tour,7173606,worldwide
men_3000sc,Lawrence Kemboi KIPSANG,15 JUN 1993,8:31.40,,KEN,"Bungertstadion, Rehlingen (GER)",57. Internationales Pfingstsportfest,05 JUN 2022,2022,2.,C,Continental Tour,7173606,worldwide
men_3000sc,Rémi SCHYNS,26 JAN 1999,8:37.29,,BEL,"Bungertstadion, Rehlingen (GER)",57. Internationales Pfingstsportfest,05 JUN 2022,2022,3.,C,Continental Tour,7173606,worldwide
men_3000sc,Velten SCHNEIDER,21 AUG 1999,8:39.68,,GER,"Bungertstadion, Rehlingen (GER)",57. Internationales Pfingstsportfest,05 JUN 2022,2022,4.,C,Continental Tour,7173606,worldwide
men_3000sc,Jens MERGENTHALER,13 JUN 1997,8:52.56,,GER,"Bungertstadion, Rehlingen (GER)",57. Internationales Pfingstsportfest,05 JUN 2022,2022,5.,C,Continental Tour,7173606,worldwide
men_3000sc,Michael CURTI,08 APR 1994,9:01.11,,SUI,"Bungertstadion, Rehlingen (GER)",57. Internationales Pfingstsportfest,05 JUN 2022,2022,6.,C,Continental Tour,7173606,worldwide
men_3000sc,Bilal TABTI,07 JUN 1993,8:28.88,,ALG,"Stadion Juliska, Praha (CZE)",Memorial Josef Odložila,06 JUN 2022,2022,1.,C,Continental Tour,7173608,worldwide
men_3000sc,El Mehdi ABOUJANAH,06 JUN 1987,8:32.10,,ESP,"Stadion Juliska, Praha (CZE)",Memorial Josef Odložila,06 JUN 2022,2022,2.,C,Continental Tour,7173608,worldwide
men_3000sc,István PALKOVITS,27 DEC 2000,8:34.79,,HUN,"Stadion Juliska, Praha (CZE)",Memorial Josef Odložila,06 JUN 2022,2022,3.,C,Continental Tour,7173608,worldwide
men_3000sc,Damián VÍCH,14 AUG 1998,8:38.99,,CZE,"Stadion Juliska, Praha (CZE)",Memorial Josef Odložila,06 JUN 2022,2022,4.,C,Continental Tour,7173608,worldwide
men_3000sc,Abdelhakim ABOUZOUHAIR,20 NOV 1997,8:44.18,,MAR,"Stadion Juliska, Praha (CZE)",Memorial Josef Odložila,06 JUN 2022,2022,5.,C,Continental Tour,7173608,worldwide
men_3000sc,Abdellah RIAHI,13 OCT 1994,8:45.52,,FRA,"Stadion Juliska, Praha (CZE)",Memorial Josef Odložila,06 JUN 2022,2022,6.,C,Continental Tour,7173608,worldwide
men_3000sc,Jáchym KOVÁŘ,25 MAY 1996,8:51.64,,CZE,"Stadion Juliska, Praha (CZE)",Memorial Josef Odložila,06 JUN 2022,2022,7.,C,Continental Tour,7173608,worldwide
men_3000sc,Vidar JOHANSSON,08 OCT 1996,8:24.98,,SWE,"Fana Stadion, Bergen (NOR)",Trond Mohn Games,08 JUN 2022,2022,1.,C,Continental Tour,7173609,worldwide
men_3000sc,Zak SEDDON,28 JUN 1994,8:25.68,,GBR,"Fana Stadion, Bergen (NOR)",Trond Mohn Games,08 JUN 2022,2022,2.,C,Continental Tour,7173609,worldwide
men_3000sc,Simon SUNDSTRÖM,04 FEB 1998,8:26.59,,SWE,"Fana Stadion, Bergen (NOR)",Trond Mohn Games,08 JUN 2022,2022,3.,C,Continental Tour,7173609,worldwide
men_3000sc,Jacob BOUTERA,29 APR 1996,8:27.18,,NOR,"Fana Stadion, Bergen (NOR)",Trond Mohn Games,08 JUN 2022,2022,4.,C,Continental Tour,7173609,worldwide
men_3000sc,Karl BEBENDORF,07 MAY 1996,8:27.90,,GER,"Fana Stadion, Bergen (NOR)",Trond Mohn Games,08 JUN 2022,2022,5.,C,Continental Tour,7173609,worldwide
men_3000sc,Fredrik SANDVIK,23 MAR 1998,8:28.08,,NOR,"Fana Stadion, Bergen (NOR)",Trond Mohn Games,08 JUN 2022,2022,6.,C,Continental Tour,7173609,worldwide
men_3000sc,Axel Vang CHRISTENSEN,30 JUL 2004,8:29.12,,DEN,"Fana Stadion, Bergen (NOR)",Trond Mohn Games,08 JUN 2022,2022,7.,C,Continental Tour,7173609,worldwide
men_3000sc,William BATTERSHILL,25 FEB 1998,8:31.89,,GBR,"Fana Stadion, Bergen (NOR)",Trond Mohn Games,08 JUN 2022,2022,8.,C,Continental Tour,7173609,worldwide
men_3000sc,Mark PEARCE,19 JAN 1996,8:49.99,,GBR,"Fana Stadion, Bergen (NOR)",Trond Mohn Games,08 JUN 2022,2022,9.,C,Continental Tour,7173609,worldwide
men_3000sc,Jakob Dybdal ABRAHAMSEN,29 JUL 1994,DNF,,DEN,"Fana Stadion, Bergen (NOR)",Trond Mohn Games,08 JUN 2022,2022,,C,Continental Tour,7173609,worldwide
men_3000sc,Hailemariyam AMARE,22 FEB 1997,8:27.38,,ETH,"Cote d'Or National Sports Complex, St Pierre (MRI)",African Athletics Championships,10 JUN 2022,2022,1.,GL,Area Champs,7147626,worldwide
men_3000sc,Tadese TAKELE,03 AUG 2002,8:28.31,,ETH,"Cote d'Or National Sports Complex, St Pierre (MRI)",African Athletics Championships,10 JUN 2022,2022,2.,GL,Area Champs,7147626,worldwide
men_3000sc,Geoffrey Kipkemoi KIRWA,03 JUL 2001,8:29.74,,KEN,"Cote d'Or National Sports Complex, St Pierre (MRI)",African Athletics Championships,10 JUN 2022,2022,3.,GL,Area Champs,7147626,worldwide
men_3000sc,Mohamed TINDOUFT,12 MAR 1993,8:29.91,,MAR,"Cote d'Or National Sports Complex, St Pierre (MRI)",African Athletics Championships,10 JUN 2022,2022,4.,GL,Area Champs,7147626,worldwide
men_3000sc,Samuel FIREWU,03 MAY 2004,8:32.11,,ETH,"Cote d'Or National Sports Complex, St Pierre (MRI)",African Athletics Championships,10 JUN 2022,2022,5.,GL,Area Champs,7147626,worldwide
men_3000sc,Benjamin KIGEN,05 JUL 1993,8:38.83,,KEN,"Cote d'Or National Sports Complex, St Pierre (MRI)",African Athletics Championships,10 JUN 2022,2022,6.,GL,Area Champs,7147626,worldwide
men_3000sc,Salem Mohamed ATTIAALLAH,01 OCT 1993,8:42.21,,EGY,"Cote d'Or National Sports Complex, St Pierre (MRI)",African Athletics Championships,10 JUN 2022,2022,7.,GL,Area Champs,7147626,worldwide
men_3000sc,Maciej MEGIER,26 APR 2003,8:55.26,,POL,"Stadion Lekkoatletyczny, Suwalki (POL)",Polish Championships,10 JUN 2022,2022,4.,B,National Championships,7185507,worldwide
men_3000sc,Ryuji MIURA,11 FEB 2002,8:14.47,,JPN,"Yanmar Stadium Nagai, Osaka (JPN)",106th Japan Championships,11 JUN 2022,2022,1.,B,National Championships,7185367,worldwide
men_3000sc,Ryoma AOKI,16 JUN 1997,8:20.09,,JPN,"Yanmar Stadium Nagai, Osaka (JPN)",106th Japan Championships,11 JUN 2022,2022,2.,B,National Championships,7185367,worldwide
men_3000sc,Kosei YAMAGUCHI,19 AUG 1991,8:23.29,,JPN,"Yanmar Stadium Nagai, Osaka (JPN)",106th Japan Championships,11 JUN 2022,2022,3.,B,National Championships,7185367,worldwide
men_3000sc,Yasunari KUSU,21 AUG 1993,8:25.70,,JPN,"Yanmar Stadium Nagai, Osaka (JPN)",106th Japan Championships,11 JUN 2022,2022,4.,B,National Championships,7185367,worldwide
men_3000sc,Hironori TSUETAKI,08 MAY 1993,8:26.61,,JPN,"Yanmar Stadium Nagai, Osaka (JPN)",106th Japan Championships,11 JUN 2022,2022,5.,B,National Championships,7185367,worldwide
men_3000sc,Taisei OGINO,07 NOV 1997,8:31.02,,JPN,"Yanmar Stadium Nagai, Osaka (JPN)",106th Japan Championships,11 JUN 2022,2022,6.,B,National Championships,7185367,worldwide
men_3000sc,Atsushi SHOBU,16 DEC 2001,8:43.94,,JPN,"Yanmar Stadium Nagai, Osaka (JPN)",106th Japan Championships,11 JUN 2022,2022,12.,B,National Championships,7185367,worldwide
men_3000sc,Naoyuki JIN,23 DEC 1990,8:46.41,,JPN,"Yanmar Stadium Nagai, Osaka (JPN)",106th Japan Championships,11 JUN 2022,2022,14.,B,National Championships,7185367,worldwide
men_3000sc,Hayate AOKI,06 FEB 2002,9:14.75,,JPN,"Yanmar Stadium Nagai, Osaka (JPN)",106th Japan Championships,11 JUN 2022,2022,16.,B,National Championships,7185367,worldwide
men_3000sc,John GAY,07 NOV 1996,8:22.93,,CAN,"Griswold Stadium, Portland, OR (USA)",Portland Track Festival,10 JUN 2022,2022,1.,C,Continental Tour,7184844,worldwide
men_3000sc,Benard KETER,25 MAY 1992,8:24.88,,USA,"Griswold Stadium, Portland, OR (USA)",Portland Track Festival,10 JUN 2022,2022,2.,C,Continental Tour,7184844,worldwide
men_3000sc,Evan JAGER,08 MAR 1989,8:28.94,,USA,"Griswold Stadium, Portland, OR (USA)",Portland Track Festival,10 JUN 2022,2022,3.,C,Continental Tour,7184844,worldwide
men_3000sc,Jean-Simon DESGAGNÉS,26 JUL 1998,8:31.14,,CAN,"Griswold Stadium, Portland, OR (USA)",Portland Track Festival,10 JUN 2022,2022,4.,C,Continental Tour,7184844,worldwide
men_3000sc,Jamaine COLEMAN,22 SEP 1995,8:31.70,,GBR,"Griswold Stadium, Portland, OR (USA)",Portland Track Festival,10 JUN 2022,2022,5.,C,Continental Tour,7184844,worldwide
men_3000sc,Joey BERRIATUA,16 JUN 1995,8:33.15,,USA,"Griswold Stadium, Portland, OR (USA)",Portland Track Festival,10 JUN 2022,2022,6.,C,Continental Tour,7184844,worldwide
men_3000sc,Frankline TONUI,02 AUG 1993,8:34.40,,USA,"Griswold Stadium, Portland, OR (USA)",Portland Track Festival,10 JUN 2022,2022,7.,C,Continental Tour,7184844,worldwide
men_3000sc,Craig NOWAK,20 APR 1994,8:39.54,,USA,"Griswold Stadium, Portland, OR (USA)",Portland Track Festival,10 JUN 2022,2022,9.,C,Continental Tour,7184844,worldwide
men_3000sc,Max STEVENS,16 NOV 1994,8:46.73,,AUS,"Griswold Stadium, Portland, OR (USA)",Portland Track Festival,10 JUN 2022,2022,13.,C,Continental Tour,7184844,worldwide
men_3000sc,Nathan MYLENEK,29 APR 1998,8:48.99,,USA,"Griswold Stadium, Portland, OR (USA)",Portland Track Festival,10 JUN 2022,2022,16.,C,Continental Tour,7184844,worldwide
men_3000sc,David GOODMAN,21 DEC 1988,8:52.83,,USA,"Griswold Stadium, Portland, OR (USA)",Portland Track Festival,10 JUN 2022,2022,18.,C,Continental Tour,7184844,worldwide
men_3000sc,Craig HUFF,22 JUL 1996,8:53.88,,USA,"Griswold Stadium, Portland, OR (USA)",Portland Track Festival,10 JUN 2022,2022,19.,C,Continental Tour,7184844,worldwide
men_3000sc,Daniel JARVIS,21 OCT 1995,8:48.88,,GBR,"Woodside Stadium, Watford (GBR)",British Milers Club International Grand Prix,11 JUN 2022,2022,1.,D,Continental Tour,7173610,worldwide
men_3000sc,Abrham SIME,07 NOV 2001,8:14.87,,ETH,"Paavo Nurmen Stadion, Turku (FIN)",Paavo Nurmi Games,14 JUN 2022,2022,1.,A,Continental Tour,7147628,worldwide
men_3000sc,Frederik RUPPERT,19 FEB 1997,8:15.58,,GER,"Paavo Nurmen Stadion, Turku (FIN)",Paavo Nurmi Games,14 JUN 2022,2022,2.,A,Continental Tour,7147628,worldwide
men_3000sc,Topi RAITANEN,07 FEB 1996,8:19.34,,FIN,"Paavo Nurmen Stadion, Turku (FIN)",Paavo Nurmi Games,14 JUN 2022,2022,3.,A,Continental Tour,7147628,worldwide
men_3000sc,Vidar JOHANSSON,08 OCT 1996,8:19.57,,SWE,"Paavo Nurmen Stadion, Turku (FIN)",Paavo Nurmi Games,14 JUN 2022,2022,4.,A,Continental Tour,7147628,worldwide
men_3000sc,Ben BUCKINGHAM,08 NOV 1991,8:19.79,,AUS,"Paavo Nurmen Stadion, Turku (FIN)",Paavo Nurmi Games,14 JUN 2022,2022,5.,A,Continental Tour,7147628,worldwide
men_3000sc,Jacob BOUTERA,29 APR 1996,8:21.69,,NOR,"Paavo Nurmen Stadion, Turku (FIN)",Paavo Nurmi Games,14 JUN 2022,2022,6.,A,Continental Tour,7147628,worldwide
men_3000sc,Wilberforce Chemiat KONES,19 SEP 1993,8:23.73,,KEN,"Paavo Nurmen Stadion, Turku (FIN)",Paavo Nurmi Games,14 JUN 2022,2022,7.,A,Continental Tour,7147628,worldwide
men_3000sc,Tim VAN DE VELDE,01 FEB 2000,8:24.56,,BEL,"Paavo Nurmen Stadion, Turku (FIN)",Paavo Nurmi Games,14 JUN 2022,2022,8.,A,Continental Tour,7147628,worldwide
men_3000sc,Phil NORMAN,20 OCT 1989,8:26.28,,GBR,"Paavo Nurmen Stadion, Turku (FIN)",Paavo Nurmi Games,14 JUN 2022,2022,9.,A,Continental Tour,7147628,worldwide
men_3000sc,Fredrik SANDVIK,23 MAR 1998,8:29.03,,NOR,"Paavo Nurmen Stadion, Turku (FIN)",Paavo Nurmi Games,14 JUN 2022,2022,10.,A,Continental Tour,7147628,worldwide
men_3000sc,Simon SUNDSTRÖM,04 FEB 1998,DNF,,SWE,"Paavo Nurmen Stadion, Turku (FIN)",Paavo Nurmi Games,14 JUN 2022,2022,,A,Continental Tour,7147628,worldwide
men_3000sc,Lawrence Kemboi KIPSANG,15 JUN 1993,DNF,,KEN,"Paavo Nurmen Stadion, Turku (FIN)",Paavo Nurmi Games,14 JUN 2022,2022,,A,Continental Tour,7147628,worldwide
men_3000sc,Amos KIRUI,09 FEB 1998,8:14.63,,KEN,"Stade Delort, Marseille (FRA)",Meeting International de Marseille,15 JUN 2022,2022,1.,D,Continental Tour,7173592,worldwide
men_3000sc,Hichem BOUCHICHA,19 MAY 1989,8:22.71,,ALG,"Stade Delort, Marseille (FRA)",Meeting International de Marseille,15 JUN 2022,2022,2.,D,Continental Tour,7173592,worldwide
men_3000sc,Louis GILAVERT,01 JAN 1998,8:25.72,,FRA,"Stade Delort, Marseille (FRA)",Meeting International de Marseille,15 JUN 2022,2022,3.,D,Continental Tour,7173592,worldwide
men_3000sc,Abderrafia BOUASSEL,18 FEB 2001,8:27.00,,MAR,"Stade Delort, Marseille (FRA)",Meeting International de Marseille,15 JUN 2022,2022,4.,D,Continental Tour,7173592,worldwide
men_3000sc,István PALKOVITS,27 DEC 2000,8:27.06,,HUN,"Stade Delort, Marseille (FRA)",Meeting International de Marseille,15 JUN 2022,2022,5.,D,Continental Tour,7173592,worldwide
men_3000sc,Zak SEDDON,28 JUN 1994,8:29.58,,GBR,"Stade Delort, Marseille (FRA)",Meeting International de Marseille,15 JUN 2022,2022,6.,D,Continental Tour,7173592,worldwide
men_3000sc,Nicolas-Marie DARU,21 OCT 1988,8:43.89,,FRA,"Stade Delort, Marseille (FRA)",Meeting International de Marseille,15 JUN 2022,2022,7.,D,Continental Tour,7173592,worldwide
men_3000sc,Ruben QUERINJEAN,22 DEC 2001,8:45.55,,LUX,"Stade Delort, Marseille (FRA)",Meeting International de Marseille,15 JUN 2022,2022,8.,D,Continental Tour,7173592,worldwide
men_3000sc,Baptiste FOURMONT,19 MAY 1999,8:49.22,,FRA,"Stade Delort, Marseille (FRA)",Meeting International de Marseille,15 JUN 2022,2022,10.,D,Continental Tour,7173592,worldwide
men_3000sc,Abdelhamid ZERRIFI,20 JUN 1986,8:51.28,,FRA,"Stade Delort, Marseille (FRA)",Meeting International de Marseille,15 JUN 2022,2022,11.,D,Continental Tour,7173592,worldwide
men_3000sc,Chala BEYO,18 JAN 1996,DNF,,ETH,"Stade Delort, Marseille (FRA)",Meeting International de Marseille,15 JUN 2022,2022,,D,Continental Tour,7173592,worldwide
men_3000sc,Jean-Simon DESGAGNÉS,26 JUL 1998,8:27.94,,CAN,"Centennial Stadium, Victoria (CAN)",Victoria International Track Classic,16 JUN 2022,2022,1.,D,Continental Tour,7177155,worldwide
men_3000sc,Brian FAY,09 NOV 1998,8:32.65,,IRL,"Centennial Stadium, Victoria (CAN)",Victoria International Track Classic,16 JUN 2022,2022,2.,D,Continental Tour,7177155,worldwide
men_3000sc,Joe WASKOM,12 APR 2001,DNF,,USA,"Centennial Stadium, Victoria (CAN)",Victoria International Track Classic,16 JUN 2022,2022,,D,Continental Tour,7177155,worldwide
men_3000sc,Abderrahim OUGRA,26 NOV 1999,8:28.91,,ESP,Castellón (ESP),IX GP Diputación de Castellón – VI Memorial JA Cansino,16 JUN 2022,2022,1.,D,Continental Tour,7182705,worldwide
men_3000sc,Ibrahim CHAKIR,04 SEP 1994,8:31.52,,ESP,Castellón (ESP),IX GP Diputación de Castellón – VI Memorial JA Cansino,16 JUN 2022,2022,2.,D,Continental Tour,7182705,worldwide
men_3000sc,Mohamed BAKKALI,26 FEB 1995,8:42.47,,ESP,Castellón (ESP),IX GP Diputación de Castellón – VI Memorial JA Cansino,16 JUN 2022,2022,5.,D,Continental Tour,7182705,worldwide
men_3000sc,Álvaro GUTIERREZ,20 MAY 1988,8:49.88,,ESP,Castellón (ESP),IX GP Diputación de Castellón – VI Memorial JA Cansino,16 JUN 2022,2022,7.,D,Continental Tour,7182705,worldwide
men_3000sc,Rubén LEONARDO,15 FEB 2004,8:51.66,,ESP,Castellón (ESP),IX GP Diputación de Castellón – VI Memorial JA Cansino,16 JUN 2022,2022,8.,D,Continental Tour,7182705,worldwide
men_3000sc,Alejandro QUIJADA,07 MAR 2001,8:51.96,,ESP,Castellón (ESP),IX GP Diputación de Castellón – VI Memorial JA Cansino,16 JUN 2022,2022,9.,D,Continental Tour,7182705,worldwide
men_3000sc,Jaouad HSSINI,29 NOV 1999,8:53.68,,ESP,Castellón (ESP),IX GP Diputación de Castellón – VI Memorial JA Cansino,16 JUN 2022,2022,10.,D,Continental Tour,7182705,worldwide
men_3000sc,Hilal YEGO,02 APR 1992,8:43.24,,TUR,"Stadionul de atletism ""Nicolae Mărășescu"", Craiova (ROU)",Balkan Championships,19 JUN 2022,2022,1.,B,Area Regional Champs,7186281,worldwide
men_3000sc,John GAY,07 NOV 1996,8:20.77,,CAN,"McLeod Stadium, Langley (CAN)",Bell Canadian Outdoor Championships,24 JUN 2022,2022,1.,B,National Championships,7185881,worldwide
men_3000sc,Ryan SMEETON,26 OCT 1998,8:23.81,,CAN,"McLeod Stadium, Langley (CAN)",Bell Canadian Outdoor Championships,24 JUN 2022,2022,2.,B,National Championships,7185881,worldwide
men_3000sc,Jean-Simon DESGAGNÉS,26 JUL 1998,8:26.01,,CAN,"McLeod Stadium, Langley (CAN)",Bell Canadian Outdoor Championships,24 JUN 2022,2022,3.,B,National Championships,7185881,worldwide
men_3000sc,Hillary BOR,22 NOV 1989,8:15.76,,USA,"Hayward Field, Eugene, OR (USA)",Toyota USATF Outdoor Championships,25 JUN 2022,2022,1.,B,National Championships,7183837,worldwide
men_3000sc,Evan JAGER,08 MAR 1989,8:17.29,,USA,"Hayward Field, Eugene, OR (USA)",Toyota USATF Outdoor Championships,25 JUN 2022,2022,2.,B,National Championships,7183837,worldwide
men_3000sc,Benard KETER,25 MAY 1992,8:19.16,,USA,"Hayward Field, Eugene, OR (USA)",Toyota USATF Outdoor Championships,25 JUN 2022,2022,3.,B,National Championships,7183837,worldwide
men_3000sc,Duncan HAMILTON,14 JUL 2000,8:20.23,,USA,"Hayward Field, Eugene, OR (USA)",Toyota USATF Outdoor Championships,25 JUN 2022,2022,4.,B,National Championships,7183837,worldwide
men_3000sc,Anthony ROTICH,20 OCT 1990,8:23.15,,USA,"Hayward Field, Eugene, OR (USA)",Toyota USATF Outdoor Championships,25 JUN 2022,2022,5.,B,National Championships,7183837,worldwide
men_3000sc,Mason FERLIC,05 AUG 1993,8:24.60,,USA,"Hayward Field, Eugene, OR (USA)",Toyota USATF Outdoor Championships,25 JUN 2022,2022,6.,B,National Championships,7183837,worldwide
men_3000sc,Levi TAYLOR,31 MAY 2001,8:29.75,,USA,"Hayward Field, Eugene, OR (USA)",Toyota USATF Outdoor Championships,25 JUN 2022,2022,7.,B,National Championships,7183837,worldwide
men_3000sc,Travis MAHONEY,25 JUL 1990,8:30.74,,USA,"Hayward Field, Eugene, OR (USA)",Toyota USATF Outdoor Championships,25 JUN 2022,2022,8.,B,National Championships,7183837,worldwide
men_3000sc,Brian BARRAZA,16 MAY 1995,8:31.11,,USA,"Hayward Field, Eugene, OR (USA)",Toyota USATF Outdoor Championships,25 JUN 2022,2022,9.,B,National Championships,7183837,worldwide
men_3000sc,Kenneth ROOKS,21 OCT 1999,8:37.17,,USA,"Hayward Field, Eugene, OR (USA)",Toyota USATF Outdoor Championships,25 JUN 2022,2022,10.,B,National Championships,7183837,worldwide
men_3000sc,Frankline TONUI,02 AUG 1993,8:37.43,,USA,"Hayward Field, Eugene, OR (USA)",Toyota USATF Outdoor Championships,25 JUN 2022,2022,11.,B,National Championships,7183837,worldwide
men_3000sc,Parker STOKES,05 SEP 2000,8:37.71,,USA,"Hayward Field, Eugene, OR (USA)",Toyota USATF Outdoor Championships,25 JUN 2022,2022,12.,B,National Championships,7183837,worldwide
men_3000sc,Daniel MICHALSKI,10 SEP 1995,8:41.49,,USA,"Hayward Field, Eugene, OR (USA)",Toyota USATF Outdoor Championships,25 JUN 2022,2022,13.,B,National Championships,7183837,worldwide
men_3000sc,Michael LEET,06 JUL 1995,8:44.22,,USA,"Hayward Field, Eugene, OR (USA)",Toyota USATF Outdoor Championships,25 JUN 2022,2022,14.,B,National Championships,7183837,worldwide
men_3000sc,Karl BEBENDORF,07 MAY 1996,8:27.61,,GER,"Olympiastadion, Berlin (GER)",German Championships,26 JUN 2022,2022,1.,B,National Championships,7186684,worldwide
men_3000sc,Frederik RUPPERT,19 FEB 1997,8:28.90,,GER,"Olympiastadion, Berlin (GER)",German Championships,26 JUN 2022,2022,2.,B,National Championships,7186684,worldwide
men_3000sc,Velten SCHNEIDER,21 AUG 1999,8:45.53,,GER,"Olympiastadion, Berlin (GER)",German Championships,26 JUN 2022,2022,3.,B,National Championships,7186684,worldwide
men_3000sc,Jens MERGENTHALER,13 JUN 1997,8:46.78,,GER,"Olympiastadion, Berlin (GER)",German Championships,26 JUN 2022,2022,4.,B,National Championships,7186684,worldwide
men_3000sc,Niklas BUCHHOLZ,04 MAR 1998,8:50.73,,GER,"Olympiastadion, Berlin (GER)",German Championships,26 JUN 2022,2022,7.,B,National Championships,7186684,worldwide
men_3000sc,Nick JÄGER,22 AUG 1999,8:51.52,,GER,"Olympiastadion, Berlin (GER)",German Championships,26 JUN 2022,2022,8.,B,National Championships,7186684,worldwide
men_3000sc,Jamaine COLEMAN,22 SEP 1995,8:27.01,,GBR,"Manchester Regional Arena, Manchester (GBR)",Müller UK Athletics Championships,25 JUN 2022,2022,1.,B,National Championships,7184306,worldwide
men_3000sc,Phil NORMAN,20 OCT 1989,8:28.86,,GBR,"Manchester Regional Arena, Manchester (GBR)",Müller UK Athletics Championships,25 JUN 2022,2022,2.,B,National Championships,7184306,worldwide
men_3000sc,Zak SEDDON,28 JUN 1994,8:34.47,,GBR,"Manchester Regional Arena, Manchester (GBR)",Müller UK Athletics Championships,25 JUN 2022,2022,3.,B,National Championships,7184306,worldwide
men_3000sc,William BATTERSHILL,25 FEB 1998,8:38.15,,GBR,"Manchester Regional Arena, Manchester (GBR)",Müller UK Athletics Championships,25 JUN 2022,2022,4.,B,National Championships,7184306,worldwide
men_3000sc,Mark PEARCE,19 JAN 1996,8:42.77,,GBR,"Manchester Regional Arena, Manchester (GBR)",Müller UK Athletics Championships,25 JUN 2022,2022,5.,B,National Championships,7184306,worldwide
men_3000sc,Jonathan HOPKINS,03 JUN 1992,8:45.38,,GBR,"Manchester Regional Arena, Manchester (GBR)",Müller UK Athletics Championships,25 JUN 2022,2022,6.,B,National Championships,7184306,worldwide
men_3000sc,Daniel JARVIS,21 OCT 1995,DNF,,GBR,"Manchester Regional Arena, Manchester (GBR)",Müller UK Athletics Championships,25 JUN 2022,2022,,B,National Championships,7184306,worldwide
men_3000sc,Leonard CHEMUTAI,05 MAY 2003,8:40.6h,,UGA,"Mandela National Stadium, Kampala (UGA)",Ugandan Championships,25 JUN 2022,2022,2.,B,National Championships,7186984,worldwide
men_3000sc,Albert CHEMUTAI,1995,9:00.4h,,UGA,"Mandela National Stadium, Kampala (UGA)",Ugandan Championships,25 JUN 2022,2022,5.,B,National Championships,7186984,worldwide
men_3000sc,Tom Erling KÅRBØ,04 FEB 1989,8:31.13,,NOR,"Øverlands Minde, Stjørdal (NOR)",Norwegian Championships,25 JUN 2022,2022,1.,B,National Championships,7186835,worldwide
men_3000sc,Fredrik SANDVIK,23 MAR 1998,8:38.53,,NOR,"Øverlands Minde, Stjørdal (NOR)",Norwegian Championships,25 JUN 2022,2022,2.,B,National Championships,7186835,worldwide
men_3000sc,Ruben QUERINJEAN,22 DEC 2001,8:48.30,,LUX,"Stade Jean Jacoby, Schifflange (LUX)",Luxembourg Championships,24 JUN 2022,2022,1.,B,National Championships,7186842,worldwide
men_3000sc,Jakob Dybdal ABRAHAMSEN,29 JUL 1994,9:03.35,,DEN,"Skovdalen Stadion, Aalborg (DEN)",Danish Championships,25 JUN 2022,2022,1.,B,National Championships,7186831,worldwide
men_3000sc,Ivan LUKYANOV,31 JAN 1981,9:05.72,,RUS,"Stadionul de atletism ""Nicolae Mărășescu"", Craiova (ROU)",Romanian Championships,25 JUN 2022,2022,OC,B,National Championships,7186821,worldwide
men_3000sc,Sebastián MARTOS,20 JUN 1989,8:23.19,,ESP,"Estadio Enrique Lopez Cuenca, Nerja (ESP)",Spanish Championships,24 JUN 2022,2022,1.,B,National Championships,7186810,worldwide
men_3000sc,Daniel ARCE,22 APR 1992,8:23.30,,ESP,"Estadio Enrique Lopez Cuenca, Nerja (ESP)",Spanish Championships,24 JUN 2022,2022,2.,B,National Championships,7186810,worldwide
men_3000sc,Víctor RUIZ,24 JUN 1993,8:27.23,,ESP,"Estadio Enrique Lopez Cuenca, Nerja (ESP)",Spanish Championships,24 JUN 2022,2022,3.,B,National Championships,7186810,worldwide
men_3000sc,Gonzalo PARRA,20 JUN 1996,8:28.68,,ESP,"Estadio Enrique Lopez Cuenca, Nerja (ESP)",Spanish Championships,24 JUN 2022,2022,4.,B,National Championships,7186810,worldwide
men_3000sc,Abderrahim OUGRA,26 NOV 1999,8:29.43,,ESP,"Estadio Enrique Lopez Cuenca, Nerja (ESP)",Spanish Championships,24 JUN 2022,2022,5.,B,National Championships,7186810,worldwide
men_3000sc,Ibrahim CHAKIR,04 SEP 1994,8:31.75,,ESP,"Estadio Enrique Lopez Cuenca, Nerja (ESP)",Spanish Championships,24 JUN 2022,2022,6.,B,National Championships,7186810,worldwide
men_3000sc,Estanislao Nicolas RUIZ,02 OCT 2000,8:38.23,,ESP,"Estadio Enrique Lopez Cuenca, Nerja (ESP)",Spanish Championships,24 JUN 2022,2022,8.,B,National Championships,7186810,worldwide
men_3000sc,El Mehdi ABOUJANAH,06 JUN 1987,8:39.20,,ESP,"Estadio Enrique Lopez Cuenca, Nerja (ESP)",Spanish Championships,24 JUN 2022,2022,9.,B,National Championships,7186810,worldwide
men_3000sc,Mohamed BAKKALI,26 FEB 1995,8:46.76,,ESP,"Estadio Enrique Lopez Cuenca, Nerja (ESP)",Spanish Championships,24 JUN 2022,2022,11.,B,National Championships,7186810,worldwide
men_3000sc,Álvaro GUTIERREZ,20 MAY 1988,8:56.73,,ESP,"Estadio Enrique Lopez Cuenca, Nerja (ESP)",Spanish Championships,24 JUN 2022,2022,12.,B,National Championships,7186810,worldwide
men_3000sc,Víctor ORTIZ RIVERA,30 JUN 1998,8:32.01,,PUR,"Estadio Enrique Lopez Cuenca, Nerja (ESP)",Spanish Championships,24 JUN 2022,2022,OC,B,National Championships,7186810,worldwide
men_3000sc,Nahuel CARABAÑA,10 NOV 1999,9:02.24,,AND,"Estadio Enrique Lopez Cuenca, Nerja (ESP)",Spanish Championships,24 JUN 2022,2022,OC,B,National Championships,7186810,worldwide
men_3000sc,Rémi SCHYNS,26 JAN 1999,8:50.40,,BEL,"Atletiekstadium Gentbrugge, Gentbrugge (BEL)",Belgian Championships,24 JUN 2022,2022,1.,B,National Championships,7186791,worldwide
men_3000sc,Pieter-Jan HANNES,30 OCT 1992,8:50.52,,BEL,"Atletiekstadium Gentbrugge, Gentbrugge (BEL)",Belgian Championships,24 JUN 2022,2022,2.,B,National Championships,7186791,worldwide
men_3000sc,Mehdi BELHADJ,10 JUN 1995,8:24.25,,FRA,"Stade Helitas, Caen (FRA)",French Championships,26 JUN 2022,2022,1.,B,National Championships,7186790,worldwide
men_3000sc,Louis GILAVERT,01 JAN 1998,8:24.82,,FRA,"Stade Helitas, Caen (FRA)",French Championships,26 JUN 2022,2022,2.,B,National Championships,7186790,worldwide
men_3000sc,Djilali BEDRANI,01 OCT 1993,8:26.18,,FRA,"Stade Helitas, Caen (FRA)",French Championships,26 JUN 2022,2022,3.,B,National Championships,7186790,worldwide
men_3000sc,Gatien AIRIAU,09 JUN 1993,8:29.88,,FRA,"Stade Helitas, Caen (FRA)",French Championships,26 JUN 2022,2022,4.,B,National Championships,7186790,worldwide
men_3000sc,Abdelhamid ZERRIFI,20 JUN 1986,8:40.85,,FRA,"Stade Helitas, Caen (FRA)",French Championships,26 JUN 2022,2022,7.,B,National Championships,7186790,worldwide
men_3000sc,Valentin BRESC,27 MAY 2001,8:42.36,,FRA,"Stade Helitas, Caen (FRA)",French Championships,26 JUN 2022,2022,9.,B,National Championships,7186790,worldwide
men_3000sc,Clement DUIGOU,26 APR 1996,9:02.87,,FRA,"Stade Helitas, Caen (FRA)",French Championships,26 JUN 2022,2022,13.,B,National Championships,7186790,worldwide
men_3000sc,Nicolas-Marie DARU,21 OCT 1988,DNF,,FRA,"Stade Helitas, Caen (FRA)",French Championships,26 JUN 2022,2022,,B,National Championships,7186790,worldwide
men_3000sc,István PALKOVITS,27 DEC 2000,8:32.29,,HUN,"Lantos Mihály Sportközpont, Budapest (HUN)",Hungarian Championships,25 JUN 2022,2022,1.,B,National Championships,7186789,worldwide
men_3000sc,Leonardo FELETTO,26 JUN 1995,8:30.06,,ITA,"Stadio Guidobaldi, Rieti (ITA)",Italian Championships,26 JUN 2022,2022,1.,B,National Championships,7186733,worldwide
men_3000sc,Yassin BOUIH,24 NOV 1996,8:31.39,,ITA,"Stadio Guidobaldi, Rieti (ITA)",Italian Championships,26 JUN 2022,2022,2.,B,National Championships,7186733,worldwide
men_3000sc,Enrico VECCHI,15 DEC 2000,8:40.03,,ITA,"Stadio Guidobaldi, Rieti (ITA)",Italian Championships,26 JUN 2022,2022,4.,B,National Championships,7186733,worldwide
men_3000sc,Kaur KIVISTIK,29 APR 1991,9:15.01,,EST,"Kadrioru staadion, Tallinn (EST)",Estonian Championships,25 JUN 2022,2022,1.,B,National Championships,7186734,worldwide
men_3000sc,Damián VÍCH,14 AUG 1998,8:36.43,,CZE,"Stadion U Červených domků, Hodonín (CZE)",Czech Championships,24 JUN 2022,2022,1.,B,National Championships,7186145,worldwide
men_3000sc,Jáchym KOVÁŘ,25 MAY 1996,8:59.14,,CZE,"Stadion U Červených domků, Hodonín (CZE)",Czech Championships,24 JUN 2022,2022,5.,B,National Championships,7186145,worldwide
men_3000sc,Hilal YEGO,02 APR 1992,8:39.40,,TUR,"Atıcılar Atletizm Sahası, Bursa (TUR)",Turkish Championships,26 JUN 2022,2022,1.,B,National Championships,7187012,worldwide
men_3000sc,Etson BARROS,16 MAR 2001,8:44.45,,POR,"Estádio Dr. Magalhães Pessoa, Leiria (POR)",Portuguese Championships,25 JUN 2022,2022,1.,B,National Championships,7186852,worldwide
men_3000sc,Lourenço RODRIGUES,02 FEB 2004,9:25.72,,POR,"Estádio Dr. Magalhães Pessoa, Leiria (POR)",Portuguese Championships,25 JUN 2022,2022,9.,B,National Championships,7186852,worldwide
men_3000sc,Bilal TABTI,07 JUN 1993,8:22.79,,ALG,"Stade Complexe Olympique, Oran (ALG)",XIX Mediterranean Games,30 JUN 2022,2022,1.,C,Area Regional Champs,7147629,worldwide
men_3000sc,Mohamed TINDOUFT,12 MAR 1993,8:23.85,,MAR,"Stade Complexe Olympique, Oran (ALG)",XIX Mediterranean Games,30 JUN 2022,2022,2.,C,Area Regional Champs,7147629,worldwide
men_3000sc,Hichem BOUCHICHA,19 MAY 1989,8:23.95,,ALG,"Stade Complexe Olympique, Oran (ALG)",XIX Mediterranean Games,30 JUN 2022,2022,3.,C,Area Regional Champs,7147629,worldwide
men_3000sc,Ahmed JAZIRI,16 DEC 1997,8:24.31,,TUN,"Stade Complexe Olympique, Oran (ALG)",XIX Mediterranean Games,30 JUN 2022,2022,4.,C,Area Regional Champs,7147629,worldwide
men_3000sc,Abderrafia BOUASSEL,18 FEB 2001,8:29.59,,MAR,"Stade Complexe Olympique, Oran (ALG)",XIX Mediterranean Games,30 JUN 2022,2022,5.,C,Area Regional Champs,7147629,worldwide
men_3000sc,Hilal YEGO,02 APR 1992,8:33.43,,TUR,"Stade Complexe Olympique, Oran (ALG)",XIX Mediterranean Games,30 JUN 2022,2022,6.,C,Area Regional Champs,7147629,worldwide
men_3000sc,Gatien AIRIAU,09 JUN 1993,8:34.12,,FRA,"Stade Complexe Olympique, Oran (ALG)",XIX Mediterranean Games,30 JUN 2022,2022,7.,C,Area Regional Champs,7147629,worldwide
men_3000sc,Mohamed Amin JHINAOUI,02 APR 1997,8:35.32,,TUN,"Stade Complexe Olympique, Oran (ALG)",XIX Mediterranean Games,30 JUN 2022,2022,8.,C,Area Regional Champs,7147629,worldwide
men_3000sc,Alejandro QUIJADA,07 MAR 2001,8:36.69,,ESP,"Stade Complexe Olympique, Oran (ALG)",XIX Mediterranean Games,30 JUN 2022,2022,9.,C,Area Regional Champs,7147629,worldwide
men_3000sc,Etson BARROS,16 MAR 2001,8:37.57,,POR,"Stade Complexe Olympique, Oran (ALG)",XIX Mediterranean Games,30 JUN 2022,2022,10.,C,Area Regional Champs,7147629,worldwide
men_3000sc,Clement DUIGOU,26 APR 1996,8:52.68,,FRA,"Stade Complexe Olympique, Oran (ALG)",XIX Mediterranean Games,30 JUN 2022,2022,12.,C,Area Regional Champs,7147629,worldwide
men_3000sc,Robin MÜLLER,12 JUN 2003,9:28.30,,GER,"Michael-Hoffmann-Stadion, Mannheim (GER)",BAUHAUS Junioren Gala,02 JUL 2022,2022,4.,D,Continental Tour,7176902,worldwide
men_3000sc,Ibrahim CHAKIR,04 SEP 1994,8:27.52,,ESP,"Estadi Joan Serrahima, Barcelona (ESP)",Miting Internacional d’Atletisme Ciutat de Barcelona,05 JUL 2022,2022,1.,D,Continental Tour,7185584,worldwide
men_3000sc,Michael CURTI,08 APR 1994,8:31.93,,SUI,"Estadi Joan Serrahima, Barcelona (ESP)",Miting Internacional d’Atletisme Ciutat de Barcelona,05 JUL 2022,2022,2.,D,Continental Tour,7185584,worldwide
men_3000sc,Víctor ORTIZ RIVERA,30 JUN 1998,8:31.98,,PUR,"Estadi Joan Serrahima, Barcelona (ESP)",Miting Internacional d’Atletisme Ciutat de Barcelona,05 JUL 2022,2022,3.,D,Continental Tour,7185584,worldwide
men_3000sc,Damián VÍCH,14 AUG 1998,8:33.84,,CZE,"Estadi Joan Serrahima, Barcelona (ESP)",Miting Internacional d’Atletisme Ciutat de Barcelona,05 JUL 2022,2022,4.,D,Continental Tour,7185584,worldwide
men_3000sc,Gonzalo PARRA,20 JUN 1996,8:38.20,,ESP,"Estadi Joan Serrahima, Barcelona (ESP)",Miting Internacional d’Atletisme Ciutat de Barcelona,05 JUL 2022,2022,5.,D,Continental Tour,7185584,worldwide
men_3000sc,Nahuel CARABAÑA,10 NOV 1999,8:39.16,,AND,"Estadi Joan Serrahima, Barcelona (ESP)",Miting Internacional d’Atletisme Ciutat de Barcelona,05 JUL 2022,2022,6.,D,Continental Tour,7185584,worldwide
men_3000sc,Velten SCHNEIDER,21 AUG 1999,8:39.30,,GER,"Estadi Joan Serrahima, Barcelona (ESP)",Miting Internacional d’Atletisme Ciutat de Barcelona,05 JUL 2022,2022,7.,D,Continental Tour,7185584,worldwide
men_3000sc,Pieter-Jan HANNES,30 OCT 1992,8:48.33,,BEL,"Estadi Joan Serrahima, Barcelona (ESP)",Miting Internacional d’Atletisme Ciutat de Barcelona,05 JUL 2022,2022,10.,D,Continental Tour,7185584,worldwide
men_3000sc,Carlos ÁNGEL,30 MAR 2003,8:56.88,,ESP,"Estadi Joan Serrahima, Barcelona (ESP)",Miting Internacional d’Atletisme Ciutat de Barcelona,05 JUL 2022,2022,14.,D,Continental Tour,7185584,worldwide
men_3000sc,Abderrafia BOUASSEL,18 FEB 2001,8:36.56,,MAR,"Complexe Sportif Prince Moulay Abdellah, Rabat (MAR)",Moroccan Championships,23 JUL 2022,2022,1.,B,National Championships,7188932,worldwide
men_3000sc,Faid EL MOSTAFA,13 JAN 2000,8:37.24,,MAR,"Complexe Sportif Prince Moulay Abdellah, Rabat (MAR)",Moroccan Championships,23 JUL 2022,2022,2.,B,National Championships,7188932,worldwide
men_3000sc,Abdelhakim ABOUZOUHAIR,20 NOV 1997,8:39.11,,MAR,"Complexe Sportif Prince Moulay Abdellah, Rabat (MAR)",Moroccan Championships,23 JUL 2022,2022,3.,B,National Championships,7188932,worldwide
men_3000sc,Omar SERAICH,16 MAR 1997,8:56.33,,ALG,Dély Ibrahim (ALG),Algerian Championships,01 AUG 2022,2022,2.,B,National Championships,7188714,worldwide
men_3000sc,Maksim YAKUSHEV,15 MAR 1992,8:21.95,,RUS,"Olympic Stadium, Cheboksary (RUS)",Russian Championships,03 AUG 2022,2022,1.,B,National Championships,7188669,worldwide
men_3000sc,Eduard BATYRSHIN,04 DEC 1998,8:23.64,,RUS,"Olympic Stadium, Cheboksary (RUS)",Russian Championships,03 AUG 2022,2022,2.,B,National Championships,7188669,worldwide
men_3000sc,Konstantin PLOKHOTNIKOV,24 MAR 1997,8:30.20,,RUS,"Olympic Stadium, Cheboksary (RUS)",Russian Championships,03 AUG 2022,2022,3.,B,National Championships,7188669,worldwide
men_3000sc,Yuriy KLOPTSOV,22 DEC 1989,8:31.39,,RUS,"Olympic Stadium, Cheboksary (RUS)",Russian Championships,03 AUG 2022,2022,4.,B,National Championships,7188669,worldwide
men_3000sc,Ildar NADYROV,22 APR 1994,8:40.97,,RUS,"Olympic Stadium, Cheboksary (RUS)",Russian Championships,03 AUG 2022,2022,5.,B,National Championships,7188669,worldwide
men_3000sc,Nikita KALGANOV,07 JUN 1999,8:50.99,,RUS,"Olympic Stadium, Cheboksary (RUS)",Russian Championships,03 AUG 2022,2022,7.,B,National Championships,7188669,worldwide
men_3000sc,Artem KOROL,27 AUG 1998,8:54.51,,RUS,"Olympic Stadium, Cheboksary (RUS)",Russian Championships,03 AUG 2022,2022,8.,B,National Championships,7188669,worldwide
men_3000sc,Emil BLOMBERG,09 APR 1992,8:55.57,,SWE,"Norrköpings Friidrottsarena, Norrköping (SWE)",Swedish Championships,05 AUG 2022,2022,1.,B,National Championships,7188725,worldwide
men_3000sc,Vidar JOHANSSON,08 OCT 1996,8:57.80,,SWE,"Norrköpings Friidrottsarena, Norrköping (SWE)",Swedish Championships,05 AUG 2022,2022,2.,B,National Championships,7188725,worldwide
men_3000sc,Topi RAITANEN,07 FEB 1996,8:21.80,,FIN,"Olympiastadion, München (GER)",European Athletics Championships,19 AUG 2022,2022,1.,GL,Area Champs,7147634,worldwide
men_3000sc,Osama ZOGHLAMI,19 JUN 1994,8:23.44,,ITA,"Olympiastadion, München (GER)",European Athletics Championships,19 AUG 2022,2022,2.,GL,Area Champs,7147634,worldwide
men_3000sc,Daniel ARCE,22 APR 1992,8:25.00,,ESP,"Olympiastadion, München (GER)",European Athletics Championships,19 AUG 2022,2022,3.,GL,Area Champs,7147634,worldwide
men_3000sc,Karl BEBENDORF,07 MAY 1996,8:26.49,,GER,"Olympiastadion, München (GER)",European Athletics Championships,19 AUG 2022,2022,4.,GL,Area Champs,7147634,worldwide
men_3000sc,Sebastián MARTOS,20 JUN 1989,8:26.68,,ESP,"Olympiastadion, München (GER)",European Athletics Championships,19 AUG 2022,2022,5.,GL,Area Champs,7147634,worldwide
men_3000sc,Ala ZOGHLAMI,19 JUN 1994,8:27.82,,ITA,"Olympiastadion, München (GER)",European Athletics Championships,19 AUG 2022,2022,6.,GL,Area Champs,7147634,worldwide
men_3000sc,Djilali BEDRANI,01 OCT 1993,8:28.52,,FRA,"Olympiastadion, München (GER)",European Athletics Championships,19 AUG 2022,2022,7.,GL,Area Champs,7147634,worldwide
men_3000sc,Phil NORMAN,20 OCT 1989,8:33.05,,GBR,"Olympiastadion, München (GER)",European Athletics Championships,19 AUG 2022,2022,8.,GL,Area Champs,7147634,worldwide
men_3000sc,Emil BLOMBERG,09 APR 1992,8:33.09,,SWE,"Olympiastadion, München (GER)",European Athletics Championships,19 AUG 2022,2022,9.,GL,Area Champs,7147634,worldwide
men_3000sc,Jacob BOUTERA,29 APR 1996,8:33.38,,NOR,"Olympiastadion, München (GER)",European Athletics Championships,19 AUG 2022,2022,10.,GL,Area Champs,7147634,worldwide
men_3000sc,Tom Erling KÅRBØ,04 FEB 1989,8:33.57,,NOR,"Olympiastadion, München (GER)",European Athletics Championships,19 AUG 2022,2022,11.,GL,Area Champs,7147634,worldwide
men_3000sc,Víctor RUIZ,24 JUN 1993,8:37.24,,ESP,"Olympiastadion, München (GER)",European Athletics Championships,19 AUG 2022,2022,12.,GL,Area Champs,7147634,worldwide
men_3000sc,Niklas BUCHHOLZ,04 MAR 1998,8:37.51,,GER,"Olympiastadion, München (GER)",European Athletics Championships,19 AUG 2022,2022,13.,GL,Area Champs,7147634,worldwide
men_3000sc,Louis GILAVERT,01 JAN 1998,8:39.62,,FRA,"Olympiastadion, München (GER)",European Athletics Championships,19 AUG 2022,2022,14.,GL,Area Champs,7147634,worldwide
men_3000sc,Ahmed ABDELWAHED,26 MAY 1996,DQ,,ITA,"Olympiastadion, München (GER)",European Athletics Championships,19 AUG 2022,2022, - ,GL,Area Champs,7147634,worldwide
men_3000sc,Evan JAGER,08 MAR 1989,8:22.55,,USA,"Grand Bahama Sports Complex, Freeport (BAH)",NACAC Championships,21 AUG 2022,2022,1.,GL,Area Champs,7147635,worldwide
men_3000sc,Duncan HAMILTON,14 JUL 2000,8:31.19,,USA,"Grand Bahama Sports Complex, Freeport (BAH)",NACAC Championships,21 AUG 2022,2022,2.,GL,Area Champs,7147635,worldwide
men_3000sc,Jean-Simon DESGAGNÉS,26 JUL 1998,8:33.25,,CAN,"Grand Bahama Sports Complex, Freeport (BAH)",NACAC Championships,21 AUG 2022,2022,3.,GL,Area Champs,7147635,worldwide
men_3000sc,Víctor ORTIZ RIVERA,30 JUN 1998,8:35.73,,PUR,"Grand Bahama Sports Complex, Freeport (BAH)",NACAC Championships,21 AUG 2022,2022,4.,GL,Area Champs,7147635,worldwide
men_3000sc,Ryan SMEETON,26 OCT 1998,8:54.46,,CAN,"Grand Bahama Sports Complex, Freeport (BAH)",NACAC Championships,21 AUG 2022,2022,5.,GL,Area Champs,7147635,worldwide
men_3000sc,Anthony ROTICH,20 OCT 1990,8:33.67,,USA,"Grand Bahama Sports Complex, Freeport (BAH)",NACAC Championships,21 AUG 2022,2022,OC,GL,Area Champs,7147635,worldwide
men_3000sc,István PALKOVITS,27 DEC 2000,8:23.80,,HUN,"Lantos Mihály Sportközpont, Budapest (HUN)",Hungarian GP Series - Budapest,02 SEP 2022,2022,1.,C,Continental Tour,7173627,worldwide
men_3000sc,William BATTERSHILL,25 FEB 1998,8:27.59,,GBR,"Lantos Mihály Sportközpont, Budapest (HUN)",Hungarian GP Series - Budapest,02 SEP 2022,2022,2.,C,Continental Tour,7173627,worldwide
men_3000sc,Velten SCHNEIDER,21 AUG 1999,8:32.53,,GER,"Lantos Mihály Sportközpont, Budapest (HUN)",Hungarian GP Series - Budapest,02 SEP 2022,2022,3.,C,Continental Tour,7173627,worldwide
men_3000sc,Damián VÍCH,14 AUG 1998,8:36.48,,CZE,"Lantos Mihály Sportközpont, Budapest (HUN)",Hungarian GP Series - Budapest,02 SEP 2022,2022,4.,C,Continental Tour,7173627,worldwide
men_3000sc,Joey BERRIATUA,16 JUN 1995,8:41.09,,USA,"Lantos Mihály Sportközpont, Budapest (HUN)",Hungarian GP Series - Budapest,02 SEP 2022,2022,5.,C,Continental Tour,7173627,worldwide
men_3000sc,Tomáš HABARTA,10 JUL 2003,8:51.62,,CZE,"Lantos Mihály Sportközpont, Budapest (HUN)",Hungarian GP Series - Budapest,02 SEP 2022,2022,6.,C,Continental Tour,7173627,worldwide
men_3000sc,Mark PEARCE,19 JAN 1996,DNF,,GBR,"Lantos Mihály Sportközpont, Budapest (HUN)",Hungarian GP Series - Budapest,02 SEP 2022,2022,,C,Continental Tour,7173627,worldwide
men_3000sc,Vidar JOHANSSON,08 OCT 1996,8:52.22,,SWE,"Olympiastadion, Helsinki (FIN)",Finnkampen,03 SEP 2022,2022,1.,D,Continental Tour,7176915,worldwide
men_3000sc,Emil BLOMBERG,09 APR 1992,8:52.35,,SWE,"Olympiastadion, Helsinki (FIN)",Finnkampen,03 SEP 2022,2022,2.,D,Continental Tour,7176915,worldwide
men_3000sc,Simon SUNDSTRÖM,04 FEB 1998,8:53.97,,SWE,"Olympiastadion, Helsinki (FIN)",Finnkampen,03 SEP 2022,2022,3.,D,Continental Tour,7176915,worldwide
men_3000sc,Ben BUCKINGHAM,08 NOV 1991,8:27.38,,AUS,"QSAC State Athletics Facility, Nathan, Brisbane (AUS)",Queensland Track Classic,27 MAR 2021,2021,1.,B,Continental Tour,7156035,worldwide
men_3000sc,James NIPPERESS,21 MAY 1990,8:31.97,,AUS,"QSAC State Athletics Facility, Nathan, Brisbane (AUS)",Queensland Track Classic,27 MAR 2021,2021,2.,B,Continental Tour,7156035,worldwide
men_3000sc,Matthew CLARKE,29 APR 1995,8:32.71,,AUS,"QSAC State Athletics Facility, Nathan, Brisbane (AUS)",Queensland Track Classic,27 MAR 2021,2021,3.,B,Continental Tour,7156035,worldwide
men_3000sc,Edward TRIPPAS,22 SEP 1998,8:36.58,,AUS,"QSAC State Athletics Facility, Nathan, Brisbane (AUS)",Queensland Track Classic,27 MAR 2021,2021,4.,B,Continental Tour,7156035,worldwide
men_3000sc,Tadese TAKELE,03 AUG 2002,8:35.7h,,ETH,Addis Ababa (ETH),Ethiopian Championships,09 APR 2021,2021,1.,B,National Championships,7164023,worldwide
men_3000sc,Hailemariyam AMARE,22 FEB 1997,8:39.3h,,ETH,Addis Ababa (ETH),Ethiopian Championships,09 APR 2021,2021,2.,B,National Championships,7164023,worldwide
men_3000sc,Abrham SIME,07 NOV 2001,8:39.3h,,ETH,Addis Ababa (ETH),Ethiopian Championships,09 APR 2021,2021,3.,B,National Championships,7164023,worldwide
men_3000sc,Tegenu MENGISTU,29 APR 1998,8:42.3h,,ETH,Addis Ababa (ETH),Ethiopian Championships,09 APR 2021,2021,4.,B,National Championships,7164023,worldwide
men_3000sc,Samuel FIREWU,03 MAY 2004,8:45.4h,,ETH,Addis Ababa (ETH),Ethiopian Championships,09 APR 2021,2021,5.,B,National Championships,7164023,worldwide
men_3000sc,Salem Mohamed ATTIAALLAH,01 OCT 1993,8:35.26,,EGY,"Olympic Sports Center, El Maadi (EGY)",Egyptian Championships,09 APR 2021,2021,1.,B,National Championships,7164600,worldwide
men_3000sc,James NIPPERESS,21 MAY 1990,8:30.13,,AUS,"SOPAC, Sydney (AUS)",Australian Championships,18 APR 2021,2021,1.,B,National Championships,7164182,worldwide
men_3000sc,Ben BUCKINGHAM,08 NOV 1991,8:30.54,,AUS,"SOPAC, Sydney (AUS)",Australian Championships,18 APR 2021,2021,2.,B,National Championships,7164182,worldwide
men_3000sc,Edward TRIPPAS,22 SEP 1998,8:31.09,,AUS,"SOPAC, Sydney (AUS)",Australian Championships,18 APR 2021,2021,3.,B,National Championships,7164182,worldwide
men_3000sc,Matthew CLARKE,29 APR 1995,8:32.06,,AUS,"SOPAC, Sydney (AUS)",Australian Championships,18 APR 2021,2021,4.,B,National Championships,7164182,worldwide
men_3000sc,Carlos SAN MARTÍN,19 NOV 1993,9:04.27,,COL,Ibagué (COL),Colombian Championships,25 APR 2021,2021,1.,B,National Championships,7164545,worldwide
men_3000sc,Isaac UPDIKE,21 MAR 1992,8:17.74,,USA,"Hayward Field, Eugene, OR (USA)",USATF Grand Prix,24 APR 2021,2021,1.,A,Continental Tour,7163085,worldwide
men_3000sc,Mason FERLIC,05 AUG 1993,8:18.49,,USA,"Hayward Field, Eugene, OR (USA)",USATF Grand Prix,24 APR 2021,2021,2.,A,Continental Tour,7163085,worldwide
men_3000sc,Hillary BOR,22 NOV 1989,8:22.55,,USA,"Hayward Field, Eugene, OR (USA)",USATF Grand Prix,24 APR 2021,2021,3.,A,Continental Tour,7163085,worldwide
men_3000sc,Obsa ALI,17 FEB 1996,8:22.81,,USA,"Hayward Field, Eugene, OR (USA)",USATF Grand Prix,24 APR 2021,2021,4.,A,Continental Tour,7163085,worldwide
men_3000sc,John GAY,07 NOV 1996,8:23.96,,CAN,"Hayward Field, Eugene, OR (USA)",USATF Grand Prix,24 APR 2021,2021,5.,A,Continental Tour,7163085,worldwide
men_3000sc,Alex ROGERS,26 JUN 1997,8:27.29,,USA,"Hayward Field, Eugene, OR (USA)",USATF Grand Prix,24 APR 2021,2021,6.,A,Continental Tour,7163085,worldwide
men_3000sc,Stanley Kipkoech KEBENEI,06 NOV 1989,8:30.57,,USA,"Hayward Field, Eugene, OR (USA)",USATF Grand Prix,24 APR 2021,2021,7.,A,Continental Tour,7163085,worldwide
men_3000sc,Anthony ROTICH,20 OCT 1990,8:36.21,,USA,"Hayward Field, Eugene, OR (USA)",USATF Grand Prix,24 APR 2021,2021,8.,A,Continental Tour,7163085,worldwide
men_3000sc,Frankline TONUI,02 AUG 1993,8:38.97,,USA,"Hayward Field, Eugene, OR (USA)",USATF Grand Prix,24 APR 2021,2021,9.,A,Continental Tour,7163085,worldwide
men_3000sc,Benard KETER,25 MAY 1992,8:39.38,,USA,"Hayward Field, Eugene, OR (USA)",USATF Grand Prix,24 APR 2021,2021,10.,A,Continental Tour,7163085,worldwide
men_3000sc,Haron LAGAT,15 AUG 1983,8:52.82,,USA,"Hayward Field, Eugene, OR (USA)",USATF Grand Prix,24 APR 2021,2021,12.,A,Continental Tour,7163085,worldwide
men_3000sc,Philemon Kiplagat RUTO,20 SEP 2001,8:25.13,,KEN,"Municipal Stadium, Hiroshima (JPN)",Mikio Oda Memorial Athletics Meet,29 APR 2021,2021,1.,C,Continental Tour,7162932,worldwide
men_3000sc,Ryuji MIURA,11 FEB 2002,8:25.31,,JPN,"Municipal Stadium, Hiroshima (JPN)",Mikio Oda Memorial Athletics Meet,29 APR 2021,2021,2.,C,Continental Tour,7162932,worldwide
men_3000sc,Kosei YAMAGUCHI,19 AUG 1991,8:26.52,,JPN,"Municipal Stadium, Hiroshima (JPN)",Mikio Oda Memorial Athletics Meet,29 APR 2021,2021,3.,C,Continental Tour,7162932,worldwide
men_3000sc,Kazuya SHIOJIRI,08 NOV 1996,8:29.50,,JPN,"Municipal Stadium, Hiroshima (JPN)",Mikio Oda Memorial Athletics Meet,29 APR 2021,2021,4.,C,Continental Tour,7162932,worldwide
men_3000sc,Ryohei SAKAGUCHI,05 APR 1997,8:30.08,,JPN,"Municipal Stadium, Hiroshima (JPN)",Mikio Oda Memorial Athletics Meet,29 APR 2021,2021,5.,C,Continental Tour,7162932,worldwide
men_3000sc,Ryoma AOKI,16 JUN 1997,8:30.41,,JPN,"Municipal Stadium, Hiroshima (JPN)",Mikio Oda Memorial Athletics Meet,29 APR 2021,2021,6.,C,Continental Tour,7162932,worldwide
men_3000sc,Hibiki OBARA,10 NOV 2001,8:40.38,,JPN,"Municipal Stadium, Hiroshima (JPN)",Mikio Oda Memorial Athletics Meet,29 APR 2021,2021,7.,C,Continental Tour,7162932,worldwide
men_3000sc,Hironori TSUETAKI,08 MAY 1993,8:45.39,,JPN,"Municipal Stadium, Hiroshima (JPN)",Mikio Oda Memorial Athletics Meet,29 APR 2021,2021,9.,C,Continental Tour,7162932,worldwide
men_3000sc,Waku MOROTOMI,12 OCT 2001,8:45.74,,JPN,"Municipal Stadium, Hiroshima (JPN)",Mikio Oda Memorial Athletics Meet,29 APR 2021,2021,10.,C,Continental Tour,7162932,worldwide
men_3000sc,Yasunari KUSU,21 AUG 1993,8:51.82,,JPN,"Municipal Stadium, Hiroshima (JPN)",Mikio Oda Memorial Athletics Meet,29 APR 2021,2021,12.,C,Continental Tour,7162932,worldwide
men_3000sc,Naoyuki JIN,23 DEC 1990,8:56.82,,JPN,"Municipal Stadium, Hiroshima (JPN)",Mikio Oda Memorial Athletics Meet,29 APR 2021,2021,13.,C,Continental Tour,7162932,worldwide
men_3000sc,Yusuke UCHIKOSHI,11 AUG 1994,9:22.99,,JPN,"Municipal Stadium, Hiroshima (JPN)",Mikio Oda Memorial Athletics Meet,29 APR 2021,2021,14.,C,Continental Tour,7162932,worldwide
men_3000sc,Sean MCGORTY,08 MAR 1995,8:20.77,,USA,"Hilmer Lodge Stadium, Walnut, CA (USA)",USATF Golden Games,09 MAY 2021,2021,1.,A,Continental Tour,7163086,worldwide
men_3000sc,Daniel MICHALSKI,10 SEP 1995,8:21.25,,USA,"Hilmer Lodge Stadium, Walnut, CA (USA)",USATF Golden Games,09 MAY 2021,2021,2.,A,Continental Tour,7163086,worldwide
men_3000sc,Obsa ALI,17 FEB 1996,8:22.67,,USA,"Hilmer Lodge Stadium, Walnut, CA (USA)",USATF Golden Games,09 MAY 2021,2021,3.,A,Continental Tour,7163086,worldwide
men_3000sc,Benard KETER,25 MAY 1992,8:26.13,,USA,"Hilmer Lodge Stadium, Walnut, CA (USA)",USATF Golden Games,09 MAY 2021,2021,4.,A,Continental Tour,7163086,worldwide
men_3000sc,John GAY,07 NOV 1996,8:27.40,,CAN,"Hilmer Lodge Stadium, Walnut, CA (USA)",USATF Golden Games,09 MAY 2021,2021,5.,A,Continental Tour,7163086,worldwide
men_3000sc,Zak SEDDON,28 JUN 1994,8:29.37,,GBR,"Hilmer Lodge Stadium, Walnut, CA (USA)",USATF Golden Games,09 MAY 2021,2021,6.,A,Continental Tour,7163086,worldwide
men_3000sc,Ryan SMEETON,26 OCT 1998,8:35.01,,CAN,"Hilmer Lodge Stadium, Walnut, CA (USA)",USATF Golden Games,09 MAY 2021,2021,7.,A,Continental Tour,7163086,worldwide
men_3000sc,Frankline TONUI,02 AUG 1993,8:36.71,,USA,"Hilmer Lodge Stadium, Walnut, CA (USA)",USATF Golden Games,09 MAY 2021,2021,8.,A,Continental Tour,7163086,worldwide
men_3000sc,Haron LAGAT,15 AUG 1983,8:36.94,,USA,"Hilmer Lodge Stadium, Walnut, CA (USA)",USATF Golden Games,09 MAY 2021,2021,9.,A,Continental Tour,7163086,worldwide
men_3000sc,Alex ROGERS,26 JUN 1997,8:38.19,,USA,"Hilmer Lodge Stadium, Walnut, CA (USA)",USATF Golden Games,09 MAY 2021,2021,10.,A,Continental Tour,7163086,worldwide
men_3000sc,Edward TRIPPAS,22 SEP 1998,8:40.04,,AUS,"Hilmer Lodge Stadium, Walnut, CA (USA)",USATF Golden Games,09 MAY 2021,2021,11.,A,Continental Tour,7163086,worldwide
men_3000sc,Anthony ROTICH,20 OCT 1990,8:40.45,,USA,"Hilmer Lodge Stadium, Walnut, CA (USA)",USATF Golden Games,09 MAY 2021,2021,12.,A,Continental Tour,7163086,worldwide
men_3000sc,Jordan MANN,12 JAN 1993,8:41.00,,USA,"Hilmer Lodge Stadium, Walnut, CA (USA)",USATF Golden Games,09 MAY 2021,2021,13.,A,Continental Tour,7163086,worldwide
men_3000sc,Evan JAGER,08 MAR 1989,DNF,,USA,"Hilmer Lodge Stadium, Walnut, CA (USA)",USATF Golden Games,09 MAY 2021,2021,,A,Continental Tour,7163086,worldwide
men_3000sc,Ryuji MIURA,11 FEB 2002,8:17.46,,JPN,"National Stadium, Tokyo (JPN)","""READY STEADY TOKYO - Athletics""",09 MAY 2021,2021,1.,A,Continental Tour,7158571,worldwide
men_3000sc,Philemon Kiplagat RUTO,20 SEP 2001,8:21.10,,KEN,"National Stadium, Tokyo (JPN)","""READY STEADY TOKYO - Athletics""",09 MAY 2021,2021,2.,A,Continental Tour,7158571,worldwide
men_3000sc,Kosei YAMAGUCHI,19 AUG 1991,8:22.39,,JPN,"National Stadium, Tokyo (JPN)","""READY STEADY TOKYO - Athletics""",09 MAY 2021,2021,3.,A,Continental Tour,7158571,worldwide
men_3000sc,Ryohei SAKAGUCHI,05 APR 1997,8:23.93,,JPN,"National Stadium, Tokyo (JPN)","""READY STEADY TOKYO - Athletics""",09 MAY 2021,2021,4.,A,Continental Tour,7158571,worldwide
men_3000sc,Ryoma AOKI,16 JUN 1997,8:26.30,,JPN,"National Stadium, Tokyo (JPN)","""READY STEADY TOKYO - Athletics""",09 MAY 2021,2021,5.,A,Continental Tour,7158571,worldwide
men_3000sc,Kazuya SHIOJIRI,08 NOV 1996,8:32.51,,JPN,"National Stadium, Tokyo (JPN)","""READY STEADY TOKYO - Athletics""",09 MAY 2021,2021,6.,A,Continental Tour,7158571,worldwide
men_3000sc,Yasunari KUSU,21 AUG 1993,8:34.24,,JPN,"National Stadium, Tokyo (JPN)","""READY STEADY TOKYO - Athletics""",09 MAY 2021,2021,7.,A,Continental Tour,7158571,worldwide
men_3000sc,Hironori TSUETAKI,08 MAY 1993,8:35.21,,JPN,"National Stadium, Tokyo (JPN)","""READY STEADY TOKYO - Athletics""",09 MAY 2021,2021,8.,A,Continental Tour,7158571,worldwide
men_3000sc,Taisei OGINO,07 NOV 1997,8:42.21,,JPN,"National Stadium, Tokyo (JPN)","""READY STEADY TOKYO - Athletics""",09 MAY 2021,2021,9.,A,Continental Tour,7158571,worldwide
men_3000sc,Seiya SHIGENO,23 DEC 1996,8:43.16,,JPN,"National Stadium, Tokyo (JPN)","""READY STEADY TOKYO - Athletics""",09 MAY 2021,2021,10.,A,Continental Tour,7158571,worldwide
men_3000sc,Jun SHINOTO,02 APR 1985,DQ,,JPN,"National Stadium, Tokyo (JPN)","""READY STEADY TOKYO - Athletics""",09 MAY 2021,2021,,A,Continental Tour,7158571,worldwide
men_3000sc,Getnet WALE,16 JUL 2000,8:09.47,,ETH,"Mestský Stadion, Ostrava (CZE)",60th Ostrava Golden Spike,19 MAY 2021,2021,1.,A,Continental Tour,7147588,worldwide
men_3000sc,Phil NORMAN,20 OCT 1989,8:20.12,,GBR,"Mestský Stadion, Ostrava (CZE)",60th Ostrava Golden Spike,19 MAY 2021,2021,2.,A,Continental Tour,7147588,worldwide
men_3000sc,Osama ZOGHLAMI,19 JUN 1994,8:20.29,,ITA,"Mestský Stadion, Ostrava (CZE)",60th Ostrava Golden Spike,19 MAY 2021,2021,3.,A,Continental Tour,7147588,worldwide
men_3000sc,Daniel ARCE,22 APR 1992,8:21.53,,ESP,"Mestský Stadion, Ostrava (CZE)",60th Ostrava Golden Spike,19 MAY 2021,2021,4.,A,Continental Tour,7147588,worldwide
men_3000sc,Ahmed ABDELWAHED,26 MAY 1996,8:21.54,,ITA,"Mestský Stadion, Ostrava (CZE)",60th Ostrava Golden Spike,19 MAY 2021,2021,5.,A,Continental Tour,7147588,worldwide
men_3000sc,Abel Boniface SIKOWO,27 FEB 1999,8:28.91,,UGA,"Mestský Stadion, Ostrava (CZE)",60th Ostrava Golden Spike,19 MAY 2021,2021,6.,A,Continental Tour,7147588,worldwide
men_3000sc,Albert CHEMUTAI,1995,8:31.21,,UGA,"Mestský Stadion, Ostrava (CZE)",60th Ostrava Golden Spike,19 MAY 2021,2021,7.,A,Continental Tour,7147588,worldwide
men_3000sc,Víctor RUIZ,24 JUN 1993,8:31.49,,ESP,"Mestský Stadion, Ostrava (CZE)",60th Ostrava Golden Spike,19 MAY 2021,2021,8.,A,Continental Tour,7147588,worldwide
men_3000sc,Martin GRAU,26 MAR 1992,8:34.25,,GER,"Mestský Stadion, Ostrava (CZE)",60th Ostrava Golden Spike,19 MAY 2021,2021,9.,A,Continental Tour,7147588,worldwide
men_3000sc,Damián VÍCH,14 AUG 1998,8:46.09,,CZE,"Mestský Stadion, Ostrava (CZE)",60th Ostrava Golden Spike,19 MAY 2021,2021,10.,A,Continental Tour,7147588,worldwide
men_3000sc,Abdelaziz MERZOUGUI,30 AUG 1991,DNF,,ESP,"Mestský Stadion, Ostrava (CZE)",60th Ostrava Golden Spike,19 MAY 2021,2021,,A,Continental Tour,7147588,worldwide
men_3000sc,Yohanes CHIAPPINELLI,18 AUG 1997,DNF,,ITA,"Mestský Stadion, Ostrava (CZE)",60th Ostrava Golden Spike,19 MAY 2021,2021,,A,Continental Tour,7147588,worldwide
men_3000sc,Emil BLOMBERG,09 APR 1992,8:29.68,,SWE,"Polideportivo Municipal, Andújar (ESP)",Meeting Jaen Paraiso Interior,22 MAY 2021,2021,1.,C,Continental Tour,7155960,worldwide
men_3000sc,Mehdi BELHADJ,10 JUN 1995,8:29.75,,FRA,"Polideportivo Municipal, Andújar (ESP)",Meeting Jaen Paraiso Interior,22 MAY 2021,2021,2.,C,Continental Tour,7155960,worldwide
men_3000sc,Sebastián MARTOS,20 JUN 1989,8:30.25,,ESP,"Polideportivo Municipal, Andújar (ESP)",Meeting Jaen Paraiso Interior,22 MAY 2021,2021,3.,C,Continental Tour,7155960,worldwide
men_3000sc,Simon SUNDSTRÖM,04 FEB 1998,8:33.36,,SWE,"Polideportivo Municipal, Andújar (ESP)",Meeting Jaen Paraiso Interior,22 MAY 2021,2021,4.,C,Continental Tour,7155960,worldwide
men_3000sc,Abdelhamid ZERRIFI,20 JUN 1986,8:34.42,,FRA,"Polideportivo Municipal, Andújar (ESP)",Meeting Jaen Paraiso Interior,22 MAY 2021,2021,5.,C,Continental Tour,7155960,worldwide
men_3000sc,Gonzalo PARRA,20 JUN 1996,8:36.12,,ESP,"Polideportivo Municipal, Andújar (ESP)",Meeting Jaen Paraiso Interior,22 MAY 2021,2021,6.,C,Continental Tour,7155960,worldwide
men_3000sc,Abderrahim OUGRA,26 NOV 1999,8:39.80,,ESP,"Polideportivo Municipal, Andújar (ESP)",Meeting Jaen Paraiso Interior,22 MAY 2021,2021,7.,C,Continental Tour,7155960,worldwide
men_3000sc,Andreu BLANES,14 OCT 1991,8:47.39,,ESP,"Polideportivo Municipal, Andújar (ESP)",Meeting Jaen Paraiso Interior,22 MAY 2021,2021,8.,C,Continental Tour,7155960,worldwide
men_3000sc,Ibrahim CHAKIR,04 SEP 1994,DNF,,ESP,"Polideportivo Municipal, Andújar (ESP)",Meeting Jaen Paraiso Interior,22 MAY 2021,2021,,C,Continental Tour,7155960,worldwide
men_3000sc,André PEREIRA,10 AUG 1995,DNF,,POR,"Polideportivo Municipal, Andújar (ESP)",Meeting Jaen Paraiso Interior,22 MAY 2021,2021,,C,Continental Tour,7155960,worldwide
men_3000sc,Frederik RUPPERT,19 FEB 1997,8:28.28,,GER,"Bungertstadion, Rehlingen (GER)",56. Internationales Pfingstsportfest,23 MAY 2021,2021,1.,C,Continental Tour,7155941,worldwide
men_3000sc,Mitko TSENOV,13 JUN 1993,8:32.31,,BUL,"Bungertstadion, Rehlingen (GER)",56. Internationales Pfingstsportfest,23 MAY 2021,2021,2.,C,Continental Tour,7155941,worldwide
men_3000sc,Patrick KARL,03 MAY 1996,8:34.04,,GER,"Bungertstadion, Rehlingen (GER)",56. Internationales Pfingstsportfest,23 MAY 2021,2021,3.,C,Continental Tour,7155941,worldwide
men_3000sc,Barnabas KIPYEGO,12 JUN 1995,8:36.90,,KEN,"Bungertstadion, Rehlingen (GER)",56. Internationales Pfingstsportfest,23 MAY 2021,2021,4.,C,Continental Tour,7155941,worldwide
men_3000sc,Ala ZOGHLAMI,19 JUN 1994,8:38.57,,ITA,"Bungertstadion, Rehlingen (GER)",56. Internationales Pfingstsportfest,23 MAY 2021,2021,5.,C,Continental Tour,7155941,worldwide
men_3000sc,Jens MERGENTHALER,13 JUN 1997,8:39.59,,GER,"Bungertstadion, Rehlingen (GER)",56. Internationales Pfingstsportfest,23 MAY 2021,2021,6.,C,Continental Tour,7155941,worldwide
men_3000sc,Napoleon SOLOMON,14 FEB 1994,8:48.17,,SWE,"Bungertstadion, Rehlingen (GER)",56. Internationales Pfingstsportfest,23 MAY 2021,2021,7.,C,Continental Tour,7155941,worldwide
men_3000sc,Abdelaziz MERZOUGUI,30 AUG 1991,DNF,,ESP,"Bungertstadion, Rehlingen (GER)",56. Internationales Pfingstsportfest,23 MAY 2021,2021,,C,Continental Tour,7155941,worldwide
men_3000sc,Wilberforce Chemiat KONES,19 SEP 1993,DNF,,KEN,"Bungertstadion, Rehlingen (GER)",56. Internationales Pfingstsportfest,23 MAY 2021,2021,,C,Continental Tour,7155941,worldwide
men_3000sc,Altobeli SILVA,03 DEC 1990,8:34.17,,BRA,"Estadio Alberto Spencer Herrera, Guayaquil (ECU)",South American Championships,30 MAY 2021,2021,1.,GL,Area Champs,7166669,worldwide
men_3000sc,Carlos SAN MARTÍN,19 NOV 1993,8:34.32,,COL,"Estadio Alberto Spencer Herrera, Guayaquil (ECU)",South American Championships,30 MAY 2021,2021,2.,GL,Area Champs,7166669,worldwide
men_3000sc,Mario BAZÁN,01 SEP 1987,8:36.71,,PER,"Estadio Alberto Spencer Herrera, Guayaquil (ECU)",South American Championships,30 MAY 2021,2021,3.,GL,Area Champs,7166669,worldwide
men_3000sc,Fouad IDBAFDIL,09 FEB 1988,8:43.93,,ART,"Stade des Grands Pêchers, Montreuil (FRA)",Meeting International de Montreuil,01 JUN 2021,2021,1.,C,Continental Tour,7155950,worldwide
men_3000sc,Romain MORNET,08 NOV 1997,8:55.34,,FRA,"Stade des Grands Pêchers, Montreuil (FRA)",Meeting International de Montreuil,01 JUN 2021,2021,2.,C,Continental Tour,7155950,worldwide
men_3000sc,Vincent KIPCHUMBA,26 DEC 2001,DNS,,KEN,"Stade des Grands Pêchers, Montreuil (FRA)",Meeting International de Montreuil,01 JUN 2021,2021,,C,Continental Tour,7155950,worldwide
men_3000sc,Yemane HAILESELASSIE,21 FEB 1998,8:17.12,,ERI,"Estadio Iberoamericano, Huelva (ESP)",Meeting Iberoamericano,03 JUN 2021,2021,1.,C,Continental Tour,7155963,worldwide
men_3000sc,Alexis PHELUT,03 MAR 1998,8:19.35,,FRA,"Estadio Iberoamericano, Huelva (ESP)",Meeting Iberoamericano,03 JUN 2021,2021,2.,C,Continental Tour,7155963,worldwide
men_3000sc,Wilberforce Chemiat KONES,19 SEP 1993,8:21.42,,KEN,"Estadio Iberoamericano, Huelva (ESP)",Meeting Iberoamericano,03 JUN 2021,2021,3.,C,Continental Tour,7155963,worldwide
men_3000sc,Simon SUNDSTRÖM,04 FEB 1998,8:21.50,,SWE,"Estadio Iberoamericano, Huelva (ESP)",Meeting Iberoamericano,03 JUN 2021,2021,4.,C,Continental Tour,7155963,worldwide
men_3000sc,Sebastián MARTOS,20 JUN 1989,8:21.72,,ESP,"Estadio Iberoamericano, Huelva (ESP)",Meeting Iberoamericano,03 JUN 2021,2021,5.,C,Continental Tour,7155963,worldwide
men_3000sc,Barnabas KIPYEGO,12 JUN 1995,8:24.77,,KEN,"Estadio Iberoamericano, Huelva (ESP)",Meeting Iberoamericano,03 JUN 2021,2021,6.,C,Continental Tour,7155963,worldwide
men_3000sc,Víctor RUIZ,24 JUN 1993,8:25.71,,ESP,"Estadio Iberoamericano, Huelva (ESP)",Meeting Iberoamericano,03 JUN 2021,2021,7.,C,Continental Tour,7155963,worldwide
men_3000sc,Yohanes CHIAPPINELLI,18 AUG 1997,8:26.62,,ITA,"Estadio Iberoamericano, Huelva (ESP)",Meeting Iberoamericano,03 JUN 2021,2021,8.,C,Continental Tour,7155963,worldwide
men_3000sc,Nicholas Kiptonui BETT,20 DEC 1996,8:27.28,,KEN,"Estadio Iberoamericano, Huelva (ESP)",Meeting Iberoamericano,03 JUN 2021,2021,9.,C,Continental Tour,7155963,worldwide
men_3000sc,Abdelhamid ZERRIFI,20 JUN 1986,8:27.58,,FRA,"Estadio Iberoamericano, Huelva (ESP)",Meeting Iberoamericano,03 JUN 2021,2021,10.,C,Continental Tour,7155963,worldwide
men_3000sc,Gonzalo PARRA,20 JUN 1996,8:29.38,,ESP,"Estadio Iberoamericano, Huelva (ESP)",Meeting Iberoamericano,03 JUN 2021,2021,11.,C,Continental Tour,7155963,worldwide
men_3000sc,Andreu BLANES,14 OCT 1991,8:39.53,,ESP,"Estadio Iberoamericano, Huelva (ESP)",Meeting Iberoamericano,03 JUN 2021,2021,12.,C,Continental Tour,7155963,worldwide
men_3000sc,Ibrahim CHAKIR,04 SEP 1994,8:40.81,,ESP,"Estadio Iberoamericano, Huelva (ESP)",Meeting Iberoamericano,03 JUN 2021,2021,13.,C,Continental Tour,7155963,worldwide
men_3000sc,Pol ORIACH,20 SEP 2002,8:43.16,,ESP,"Estadio Iberoamericano, Huelva (ESP)",Meeting Iberoamericano,03 JUN 2021,2021,14.,C,Continental Tour,7155963,worldwide
men_3000sc,Carlos ÁNGEL,30 MAR 2003,9:06.68,,ESP,"Estadio Iberoamericano, Huelva (ESP)",Meeting Iberoamericano,03 JUN 2021,2021,16.,C,Continental Tour,7155963,worldwide
men_3000sc,El Mehdi ABOUJANAH,06 JUN 1987,DNF,,ESP,"Estadio Iberoamericano, Huelva (ESP)",Meeting Iberoamericano,03 JUN 2021,2021,,C,Continental Tour,7155963,worldwide
men_3000sc,Michael CURTI,08 APR 1994,8:59.01,,SUI,"Stadion Buchholz, Uster (SUI)","Swiss 10,000m/Steeple Championships",04 JUN 2021,2021,2.,B,National Championships,7167413,worldwide
men_3000sc,Karl BEBENDORF,07 MAY 1996,8:23.28,,GER,"Eintracht-Stadion, Braunschweig (GER)",German Championships,06 JUN 2021,2021,1.,B,National Championships,7167137,worldwide
men_3000sc,Frederik RUPPERT,19 FEB 1997,8:25.27,,GER,"Eintracht-Stadion, Braunschweig (GER)",German Championships,06 JUN 2021,2021,2.,B,National Championships,7167137,worldwide
men_3000sc,Jens MERGENTHALER,13 JUN 1997,8:29.49,,GER,"Eintracht-Stadion, Braunschweig (GER)",German Championships,06 JUN 2021,2021,3.,B,National Championships,7167137,worldwide
men_3000sc,Patrick KARL,03 MAY 1996,8:30.63,,GER,"Eintracht-Stadion, Braunschweig (GER)",German Championships,06 JUN 2021,2021,4.,B,National Championships,7167137,worldwide
men_3000sc,Konstantin WEDEL,22 NOV 1993,8:40.08,,GER,"Eintracht-Stadion, Braunschweig (GER)",German Championships,06 JUN 2021,2021,5.,B,National Championships,7167137,worldwide
men_3000sc,Martin GRAU,26 MAR 1992,8:43.81,,GER,"Eintracht-Stadion, Braunschweig (GER)",German Championships,06 JUN 2021,2021,7.,B,National Championships,7167137,worldwide
men_3000sc,Niklas BUCHHOLZ,04 MAR 1998,8:51.03,,GER,"Eintracht-Stadion, Braunschweig (GER)",German Championships,06 JUN 2021,2021,10.,B,National Championships,7167137,worldwide
men_3000sc,Wilberforce Chemiat KONES,19 SEP 1993,8:29.43,,KEN,"Grosics Gyula Stadion, Tatabánya (HUN)",Hungarian GP Series Tatabánya,05 JUN 2021,2021,1.,C,Continental Tour,7158245,worldwide
men_3000sc,Brian FAY,09 NOV 1998,8:29.75,,IRL,"Grosics Gyula Stadion, Tatabánya (HUN)",Hungarian GP Series Tatabánya,05 JUN 2021,2021,2.,C,Continental Tour,7158245,worldwide
men_3000sc,István PALKOVITS,27 DEC 2000,8:29.86,,HUN,"Grosics Gyula Stadion, Tatabánya (HUN)",Hungarian GP Series Tatabánya,05 JUN 2021,2021,3.,C,Continental Tour,7158245,worldwide
men_3000sc,Mark PEARCE,19 JAN 1996,8:30.60,,GBR,"Grosics Gyula Stadion, Tatabánya (HUN)",Hungarian GP Series Tatabánya,05 JUN 2021,2021,4.,C,Continental Tour,7158245,worldwide
men_3000sc,Nicholas Kiptonui BETT,20 DEC 1996,8:35.33,,KEN,"Grosics Gyula Stadion, Tatabánya (HUN)",Hungarian GP Series Tatabánya,05 JUN 2021,2021,5.,C,Continental Tour,7158245,worldwide
men_3000sc,Barnabas KIPYEGO,12 JUN 1995,8:45.05,,KEN,"Grosics Gyula Stadion, Tatabánya (HUN)",Hungarian GP Series Tatabánya,05 JUN 2021,2021,6.,C,Continental Tour,7158245,worldwide
men_3000sc,Mitko TSENOV,13 JUN 1993,8:30.27,,BUL,"Stadium Ivaylo, Veliko Tarnovo (BUL)",Bulgarian Championships,05 JUN 2021,2021,1.,B,National Championships,7167239,worldwide
men_3000sc,Topi RAITANEN,07 FEB 1996,8:19.57,,FIN,"Paavo Nurmen Stadion, Turku (FIN)",Paavo Nurmi Games,08 JUN 2021,2021,1.,A,Continental Tour,7147595,worldwide
men_3000sc,Ole HESSELBJERG,23 APR 1990,8:20.42,,DEN,"Paavo Nurmen Stadion, Turku (FIN)",Paavo Nurmi Games,08 JUN 2021,2021,2.,A,Continental Tour,7147595,worldwide
men_3000sc,Emil BLOMBERG,09 APR 1992,8:21.38,,SWE,"Paavo Nurmen Stadion, Turku (FIN)",Paavo Nurmi Games,08 JUN 2021,2021,3.,A,Continental Tour,7147595,worldwide
men_3000sc,Vidar JOHANSSON,08 OCT 1996,8:24.29,,SWE,"Paavo Nurmen Stadion, Turku (FIN)",Paavo Nurmi Games,08 JUN 2021,2021,4.,A,Continental Tour,7147595,worldwide
men_3000sc,Ben BUCKINGHAM,08 NOV 1991,8:24.39,,AUS,"Paavo Nurmen Stadion, Turku (FIN)",Paavo Nurmi Games,08 JUN 2021,2021,5.,A,Continental Tour,7147595,worldwide
men_3000sc,Nicholas Kiptonui BETT,20 DEC 1996,8:26.89,,KEN,"Paavo Nurmen Stadion, Turku (FIN)",Paavo Nurmi Games,08 JUN 2021,2021,6.,A,Continental Tour,7147595,worldwide
men_3000sc,James NIPPERESS,21 MAY 1990,8:30.48,,AUS,"Paavo Nurmen Stadion, Turku (FIN)",Paavo Nurmi Games,08 JUN 2021,2021,7.,A,Continental Tour,7147595,worldwide
men_3000sc,Barnabas KIPYEGO,12 JUN 1995,DNF,,KEN,"Paavo Nurmen Stadion, Turku (FIN)",Paavo Nurmi Games,08 JUN 2021,2021,,A,Continental Tour,7147595,worldwide
men_3000sc,Wilberforce Chemiat KONES,19 SEP 1993,DNF,,KEN,"Paavo Nurmen Stadion, Turku (FIN)",Paavo Nurmi Games,08 JUN 2021,2021,,A,Continental Tour,7147595,worldwide
men_3000sc,Simon SUNDSTRÖM,04 FEB 1998,DNF,,SWE,"Paavo Nurmen Stadion, Turku (FIN)",Paavo Nurmi Games,08 JUN 2021,2021,,A,Continental Tour,7147595,worldwide
men_3000sc,Jacob BOUTERA,29 APR 1996,8:30.73,,NOR,"Østerbro Stadion, København (DEN)",Copenhagen Athletics Games,08 JUN 2021,2021,1.,C,Continental Tour,7155948,worldwide
men_3000sc,Jakob Dybdal ABRAHAMSEN,29 JUL 1994,8:36.83,,DEN,"Østerbro Stadion, København (DEN)",Copenhagen Athletics Games,08 JUN 2021,2021,2.,C,Continental Tour,7155948,worldwide
men_3000sc,Gonzalo PARRA,20 JUN 1996,8:39.74,,ESP,"Østerbro Stadion, København (DEN)",Copenhagen Athletics Games,08 JUN 2021,2021,3.,C,Continental Tour,7155948,worldwide
men_3000sc,Andreu BLANES,14 OCT 1991,8:46.74,,ESP,"Østerbro Stadion, København (DEN)",Copenhagen Athletics Games,08 JUN 2021,2021,4.,C,Continental Tour,7155948,worldwide
men_3000sc,Altobeli SILVA,03 DEC 1990,8:26.04,,BRA,"COTP Stadium, São Paulo (BRA)",Brazilian Championships,11 JUN 2021,2021,1.,B,National Championships,7167518,worldwide
men_3000sc,Mohamed TINDOUFT,12 MAR 1993,8:31.50,,MAR,"Stadion Radés, Radés (TUN)",Arab Championships,17 JUN 2021,2021,1.,C,Area Regional Champs,7168189,worldwide
men_3000sc,Hichem BOUCHICHA,19 MAY 1989,8:33.21,,ALG,"Stadion Radés, Radés (TUN)",Arab Championships,17 JUN 2021,2021,2.,C,Area Regional Champs,7168189,worldwide
men_3000sc,Yaser Salem BAGHARAB,01 JAN 1998,8:34.17,,QAT,"Stadion Radés, Radés (TUN)",Arab Championships,17 JUN 2021,2021,3.,C,Area Regional Champs,7168189,worldwide
men_3000sc,Salem Mohamed ATTIAALLAH,01 OCT 1993,8:38.09,,EGY,"Stadion Radés, Radés (TUN)",Arab Championships,17 JUN 2021,2021,4.,C,Area Regional Champs,7168189,worldwide
men_3000sc,Mohamed Amin JHINAOUI,02 APR 1997,8:42.17,,TUN,"Stadion Radés, Radés (TUN)",Arab Championships,17 JUN 2021,2021,5.,C,Area Regional Champs,7168189,worldwide
men_3000sc,Hillary BOR,22 NOV 1989,8:21.34,,USA,"Hayward Field, Eugene, OR (USA)",U.S. Olympic Trials,25 JUN 2021,2021,1.,B,National Championships,7163119,worldwide
men_3000sc,Benard KETER,25 MAY 1992,8:21.81,,USA,"Hayward Field, Eugene, OR (USA)",U.S. Olympic Trials,25 JUN 2021,2021,2.,B,National Championships,7163119,worldwide
men_3000sc,Mason FERLIC,05 AUG 1993,8:22.05,,USA,"Hayward Field, Eugene, OR (USA)",U.S. Olympic Trials,25 JUN 2021,2021,3.,B,National Championships,7163119,worldwide
men_3000sc,Daniel MICHALSKI,10 SEP 1995,8:22.54,,USA,"Hayward Field, Eugene, OR (USA)",U.S. Olympic Trials,25 JUN 2021,2021,4.,B,National Championships,7163119,worldwide
men_3000sc,Isaac UPDIKE,21 MAR 1992,8:24.72,,USA,"Hayward Field, Eugene, OR (USA)",U.S. Olympic Trials,25 JUN 2021,2021,5.,B,National Championships,7163119,worldwide
men_3000sc,Donald CABRAL,12 DEC 1989,8:25.95,,USA,"Hayward Field, Eugene, OR (USA)",U.S. Olympic Trials,25 JUN 2021,2021,6.,B,National Championships,7163119,worldwide
men_3000sc,Sean MCGORTY,08 MAR 1995,8:27.05,,USA,"Hayward Field, Eugene, OR (USA)",U.S. Olympic Trials,25 JUN 2021,2021,7.,B,National Championships,7163119,worldwide
men_3000sc,Obsa ALI,17 FEB 1996,8:29.98,,USA,"Hayward Field, Eugene, OR (USA)",U.S. Olympic Trials,25 JUN 2021,2021,8.,B,National Championships,7163119,worldwide
men_3000sc,Travis MAHONEY,25 JUL 1990,8:30.30,,USA,"Hayward Field, Eugene, OR (USA)",U.S. Olympic Trials,25 JUN 2021,2021,9.,B,National Championships,7163119,worldwide
men_3000sc,Alec BASTEN,26 FEB 1998,8:33.32,,USA,"Hayward Field, Eugene, OR (USA)",U.S. Olympic Trials,25 JUN 2021,2021,10.,B,National Championships,7163119,worldwide
men_3000sc,Brian BARRAZA,16 MAY 1995,8:33.70,,USA,"Hayward Field, Eugene, OR (USA)",U.S. Olympic Trials,25 JUN 2021,2021,11.,B,National Championships,7163119,worldwide
men_3000sc,Jackson MESTLER,27 DEC 1997,8:36.58,,USA,"Hayward Field, Eugene, OR (USA)",U.S. Olympic Trials,25 JUN 2021,2021,12.,B,National Championships,7163119,worldwide
men_3000sc,Vidar JOHANSSON,08 OCT 1996,8:30.89,,SWE,"Tingvalla IP, Karlstad (SWE)",Karlstad GP,22 JUN 2021,2021,1.,C,Continental Tour,7155955,worldwide
men_3000sc,Jamaine COLEMAN,22 SEP 1995,8:33.87,,GBR,"Tingvalla IP, Karlstad (SWE)",Karlstad GP,22 JUN 2021,2021,2.,C,Continental Tour,7155955,worldwide
men_3000sc,Jakob Dybdal ABRAHAMSEN,29 JUL 1994,8:33.88,,DEN,"Tingvalla IP, Karlstad (SWE)",Karlstad GP,22 JUN 2021,2021,3.,C,Continental Tour,7155955,worldwide
men_3000sc,Jacob BOUTERA,29 APR 1996,8:39.49,,NOR,"Tingvalla IP, Karlstad (SWE)",Karlstad GP,22 JUN 2021,2021,4.,C,Continental Tour,7155955,worldwide
men_3000sc,James NIPPERESS,21 MAY 1990,8:49.93,,AUS,"Tingvalla IP, Karlstad (SWE)",Karlstad GP,22 JUN 2021,2021,5.,C,Continental Tour,7155955,worldwide
men_3000sc,Fredrik SANDVIK,23 MAR 1998,DNF,,NOR,"Tingvalla IP, Karlstad (SWE)",Karlstad GP,22 JUN 2021,2021,,C,Continental Tour,7155955,worldwide
men_3000sc,Konstantin PLOKHOTNIKOV,24 MAR 1997,8:21.04,,RUS,"Olympic Stadium, Cheboksary (RUS)",Russian Championships,24 JUN 2021,2021,1.,B,National Championships,7168513,worldwide
men_3000sc,Maksim YAKUSHEV,15 MAR 1992,8:26.51,,RUS,"Olympic Stadium, Cheboksary (RUS)",Russian Championships,24 JUN 2021,2021,2.,B,National Championships,7168513,worldwide
men_3000sc,Yuriy KLOPTSOV,22 DEC 1989,8:33.14,,RUS,"Olympic Stadium, Cheboksary (RUS)",Russian Championships,24 JUN 2021,2021,3.,B,National Championships,7168513,worldwide
men_3000sc,Eduard BATYRSHIN,04 DEC 1998,8:40.70,,RUS,"Olympic Stadium, Cheboksary (RUS)",Russian Championships,24 JUN 2021,2021,4.,B,National Championships,7168513,worldwide
men_3000sc,Artem KOROL,27 AUG 1998,8:48.63,,RUS,"Olympic Stadium, Cheboksary (RUS)",Russian Championships,24 JUN 2021,2021,5.,B,National Championships,7168513,worldwide
men_3000sc,Ildar MINSHIN,05 FEB 1985,8:48.74,,RUS,"Olympic Stadium, Cheboksary (RUS)",Russian Championships,24 JUN 2021,2021,6.,B,National Championships,7168513,worldwide
men_3000sc,Gennadiy YEGOROV,16 APR 1997,9:08.87,,RUS,"Olympic Stadium, Cheboksary (RUS)",Russian Championships,24 JUN 2021,2021,8.,B,National Championships,7168513,worldwide
men_3000sc,Nikita KALGANOV,07 JUN 1999,DNF,,RUS,"Olympic Stadium, Cheboksary (RUS)",Russian Championships,24 JUN 2021,2021,,B,National Championships,7168513,worldwide
men_3000sc,Viachaslau SKUDNY,09 NOV 1998,8:46.14,,BLR,"Dinamo National Olympic Stadium, Minsk (BLR)",Belarus Championships,25 JUN 2021,2021,1.,B,National Championships,7168819,worldwide
men_3000sc,Dzmitry IVANENKA,07 JAN 1994,8:48.17,,BLR,"Dinamo National Olympic Stadium, Minsk (BLR)",Belarus Championships,25 JUN 2021,2021,2.,B,National Championships,7168819,worldwide
men_3000sc,Ryuji MIURA,11 FEB 2002,8:15.99,,JPN,"Yanmar Stadium Nagai, Osaka (JPN)",105th Japan Championships,26 JUN 2021,2021,1.,B,National Championships,7168557,worldwide
men_3000sc,Kosei YAMAGUCHI,19 AUG 1991,8:19.96,,JPN,"Yanmar Stadium Nagai, Osaka (JPN)",105th Japan Championships,26 JUN 2021,2021,2.,B,National Championships,7168557,worldwide
men_3000sc,Ryoma AOKI,16 JUN 1997,8:20.70,,JPN,"Yanmar Stadium Nagai, Osaka (JPN)",105th Japan Championships,26 JUN 2021,2021,3.,B,National Championships,7168557,worldwide
men_3000sc,Hironori TSUETAKI,08 MAY 1993,8:25.49,,JPN,"Yanmar Stadium Nagai, Osaka (JPN)",105th Japan Championships,26 JUN 2021,2021,4.,B,National Championships,7168557,worldwide
men_3000sc,Hibiki OBARA,10 NOV 2001,8:27.80,,JPN,"Yanmar Stadium Nagai, Osaka (JPN)",105th Japan Championships,26 JUN 2021,2021,5.,B,National Championships,7168557,worldwide
men_3000sc,Yasunari KUSU,21 AUG 1993,8:29.75,,JPN,"Yanmar Stadium Nagai, Osaka (JPN)",105th Japan Championships,26 JUN 2021,2021,6.,B,National Championships,7168557,worldwide
men_3000sc,Taisei OGINO,07 NOV 1997,8:32.19,,JPN,"Yanmar Stadium Nagai, Osaka (JPN)",105th Japan Championships,26 JUN 2021,2021,7.,B,National Championships,7168557,worldwide
men_3000sc,Ryohei SAKAGUCHI,05 APR 1997,8:34.94,,JPN,"Yanmar Stadium Nagai, Osaka (JPN)",105th Japan Championships,26 JUN 2021,2021,8.,B,National Championships,7168557,worldwide
men_3000sc,Seiya SHIGENO,23 DEC 1996,8:36.82,,JPN,"Yanmar Stadium Nagai, Osaka (JPN)",105th Japan Championships,26 JUN 2021,2021,9.,B,National Championships,7168557,worldwide
men_3000sc,Atsushi SHOBU,16 DEC 2001,8:37.24,,JPN,"Yanmar Stadium Nagai, Osaka (JPN)",105th Japan Championships,26 JUN 2021,2021,10.,B,National Championships,7168557,worldwide
men_3000sc,Kazuya SHIOJIRI,08 NOV 1996,8:39.84,,JPN,"Yanmar Stadium Nagai, Osaka (JPN)",105th Japan Championships,26 JUN 2021,2021,12.,B,National Championships,7168557,worldwide
men_3000sc,Waku MOROTOMI,12 OCT 2001,8:46.88,,JPN,"Yanmar Stadium Nagai, Osaka (JPN)",105th Japan Championships,26 JUN 2021,2021,14.,B,National Championships,7168557,worldwide
men_3000sc,Naoyuki JIN,23 DEC 1990,8:52.30,,JPN,"Yanmar Stadium Nagai, Osaka (JPN)",105th Japan Championships,26 JUN 2021,2021,15.,B,National Championships,7168557,worldwide
men_3000sc,Yusuke UCHIKOSHI,11 AUG 1994,9:02.01,,JPN,"Yanmar Stadium Nagai, Osaka (JPN)",105th Japan Championships,26 JUN 2021,2021,16.,B,National Championships,7168557,worldwide
men_3000sc,Jun SHINOTO,02 APR 1985,DNF,,JPN,"Yanmar Stadium Nagai, Osaka (JPN)",105th Japan Championships,26 JUN 2021,2021,,B,National Championships,7168557,worldwide
men_3000sc,Krystian ZALEWSKI,11 APR 1989,DNF,,POL,"Golęcin Stadion, Poznan (POL)",Polish Championships,24 JUN 2021,2021,,B,National Championships,7168551,worldwide
men_3000sc,Alexis PHELUT,03 MAR 1998,8:21.22,,FRA,"Stade Josette et Roger Mikulak, Angers (FRA)",French Championships,27 JUN 2021,2021,1.,B,National Championships,7168687,worldwide
men_3000sc,Djilali BEDRANI,01 OCT 1993,8:21.62,,FRA,"Stade Josette et Roger Mikulak, Angers (FRA)",French Championships,27 JUN 2021,2021,2.,B,National Championships,7168687,worldwide
men_3000sc,Louis GILAVERT,01 JAN 1998,8:24.55,,FRA,"Stade Josette et Roger Mikulak, Angers (FRA)",French Championships,27 JUN 2021,2021,3.,B,National Championships,7168687,worldwide
men_3000sc,Mehdi BELHADJ,10 JUN 1995,8:31.28,,FRA,"Stade Josette et Roger Mikulak, Angers (FRA)",French Championships,27 JUN 2021,2021,4.,B,National Championships,7168687,worldwide
men_3000sc,Abdelhamid ZERRIFI,20 JUN 1986,8:32.52,,FRA,"Stade Josette et Roger Mikulak, Angers (FRA)",French Championships,27 JUN 2021,2021,5.,B,National Championships,7168687,worldwide
men_3000sc,Gatien AIRIAU,09 JUN 1993,8:39.81,,FRA,"Stade Josette et Roger Mikulak, Angers (FRA)",French Championships,27 JUN 2021,2021,6.,B,National Championships,7168687,worldwide
men_3000sc,John GAY,07 NOV 1996,8:20.68,,CAN,"Complexe Sportif Claude-Robillard, Montréal (CAN)",Canadian Olympic Trials,25 JUN 2021,2021,1.,B,National Championships,7168554,worldwide
men_3000sc,Brian FAY,09 NOV 1998,8:52.88,,IRL,"Morton Stadium, Santry, Dublin (IRL)",Irish Championships,26 JUN 2021,2021,1.,B,National Championships,7168520,worldwide
men_3000sc,Mohamed TINDOUFT,12 MAR 1993,8:33.71,,MAR,"Complexe Sportif Prince Moulay Abdellah, Rabat (MAR)",Moroccan Championships,25 JUN 2021,2021,1.,B,National Championships,7168914,worldwide
men_3000sc,Abderrafia BOUASSEL,18 FEB 2001,8:35.52,,MAR,"Complexe Sportif Prince Moulay Abdellah, Rabat (MAR)",Moroccan Championships,25 JUN 2021,2021,2.,B,National Championships,7168914,worldwide
men_3000sc,Faid EL MOSTAFA,13 JAN 2000,8:38.07,,MAR,"Complexe Sportif Prince Moulay Abdellah, Rabat (MAR)",Moroccan Championships,25 JUN 2021,2021,3.,B,National Championships,7168914,worldwide
men_3000sc,Abdelhakim ABOUZOUHAIR,20 NOV 1997,8:49.05,,MAR,"Complexe Sportif Prince Moulay Abdellah, Rabat (MAR)",Moroccan Championships,25 JUN 2021,2021,6.,B,National Championships,7168914,worldwide
men_3000sc,Mark PEARCE,19 JAN 1996,8:24.83,,GBR,"Sportcity Regional Arena, Manchester (GBR)",British Championships,27 JUN 2021,2021,1.,B,National Championships,7168522,worldwide
men_3000sc,Zak SEDDON,28 JUN 1994,8:25.08,,GBR,"Sportcity Regional Arena, Manchester (GBR)",British Championships,27 JUN 2021,2021,2.,B,National Championships,7168522,worldwide
men_3000sc,Phil NORMAN,20 OCT 1989,8:31.87,,GBR,"Sportcity Regional Arena, Manchester (GBR)",British Championships,27 JUN 2021,2021,3.,B,National Championships,7168522,worldwide
men_3000sc,Jamaine COLEMAN,22 SEP 1995,8:41.65,,GBR,"Sportcity Regional Arena, Manchester (GBR)",British Championships,27 JUN 2021,2021,4.,B,National Championships,7168522,worldwide
men_3000sc,William BATTERSHILL,25 FEB 1998,8:42.98,,GBR,"Sportcity Regional Arena, Manchester (GBR)",British Championships,27 JUN 2021,2021,5.,B,National Championships,7168522,worldwide
men_3000sc,Jonathan HOPKINS,03 JUN 1992,8:48.54,,GBR,"Sportcity Regional Arena, Manchester (GBR)",British Championships,27 JUN 2021,2021,6.,B,National Championships,7168522,worldwide
men_3000sc,Daniel JARVIS,21 OCT 1995,8:53.56,,GBR,"Sportcity Regional Arena, Manchester (GBR)",British Championships,27 JUN 2021,2021,7.,B,National Championships,7168522,worldwide
men_3000sc,Jakob Dybdal ABRAHAMSEN,29 JUL 1994,8:39.48,,DEN,"Odense Atletik Stadion, Odense (DEN)",Danish Championships,25 JUN 2021,2021,1.,B,National Championships,7168708,worldwide
men_3000sc,Sebastián MARTOS,20 JUN 1989,8:31.79,,ESP,"Polideportivo Juan de la Cierva, Getafe (ESP)",Spanish Championships,26 JUN 2021,2021,1.,B,National Championships,7168680,worldwide
men_3000sc,Ibrahim EZZAYDOUNI,28 APR 1991,8:33.85,,ESP,"Polideportivo Juan de la Cierva, Getafe (ESP)",Spanish Championships,26 JUN 2021,2021,2.,B,National Championships,7168680,worldwide
men_3000sc,Víctor RUIZ,24 JUN 1993,8:35.88,,ESP,"Polideportivo Juan de la Cierva, Getafe (ESP)",Spanish Championships,26 JUN 2021,2021,3.,B,National Championships,7168680,worldwide
men_3000sc,Gonzalo PARRA,20 JUN 1996,8:36.51,,ESP,"Polideportivo Juan de la Cierva, Getafe (ESP)",Spanish Championships,26 JUN 2021,2021,4.,B,National Championships,7168680,worldwide
men_3000sc,Andreu BLANES,14 OCT 1991,8:48.26,,ESP,"Polideportivo Juan de la Cierva, Getafe (ESP)",Spanish Championships,26 JUN 2021,2021,8.,B,National Championships,7168680,worldwide
men_3000sc,Mohamed BAKKALI,26 FEB 1995,9:00.68,,ESP,"Polideportivo Juan de la Cierva, Getafe (ESP)",Spanish Championships,26 JUN 2021,2021,9.,B,National Championships,7168680,worldwide
men_3000sc,Álvaro GUTIERREZ,20 MAY 1988,9:10.33,,ESP,"Polideportivo Juan de la Cierva, Getafe (ESP)",Spanish Championships,26 JUN 2021,2021,10.,B,National Championships,7168680,worldwide
men_3000sc,Ibrahim CHAKIR,04 SEP 1994,DNF,,ESP,"Polideportivo Juan de la Cierva, Getafe (ESP)",Spanish Championships,26 JUN 2021,2021,,B,National Championships,7168680,worldwide
men_3000sc,Abderrahim OUGRA,26 NOV 1999,DNF,,ESP,"Polideportivo Juan de la Cierva, Getafe (ESP)",Spanish Championships,26 JUN 2021,2021,,B,National Championships,7168680,worldwide
men_3000sc,El Mehdi ABOUJANAH,06 JUN 1987,DNF,,ESP,"Polideportivo Juan de la Cierva, Getafe (ESP)",Spanish Championships,26 JUN 2021,2021,,B,National Championships,7168680,worldwide
men_3000sc,Ala ZOGHLAMI,19 JUN 1994,8:17.65,,ITA,"Stadio Quercia, Rovereto (ITA)",Italian Championships,27 JUN 2021,2021,1.,B,National Championships,7168653,worldwide
men_3000sc,Yohanes CHIAPPINELLI,18 AUG 1997,8:25.32,,ITA,"Stadio Quercia, Rovereto (ITA)",Italian Championships,27 JUN 2021,2021,2.,B,National Championships,7168653,worldwide
men_3000sc,Abdoullah BAMOUSSA,08 JUN 1986,DNF,,ITA,"Stadio Quercia, Rovereto (ITA)",Italian Championships,27 JUN 2021,2021,,B,National Championships,7168653,worldwide
men_3000sc,István PALKOVITS,27 DEC 2000,8:32.92,,HUN,"Gyulai István Atlétika Stadion, Debrecen (HUN)",Hungarian Championships,27 JUN 2021,2021,1.,B,National Championships,7168753,worldwide
men_3000sc,Kaur KIVISTIK,29 APR 1991,9:18.58,,EST,"Kadrioru staadion, Tallinn (EST)",Estonian Championships,26 JUN 2021,2021,1.,B,National Championships,7168655,worldwide
men_3000sc,Tim VAN DE VELDE,01 FEB 2000,9:06.03,,BEL,"Boudewijnstadion, Bruxelles (BEL)",Belgian Championships,27 JUN 2021,2021,1.,B,National Championships,7168519,worldwide
men_3000sc,Pieter-Jan HANNES,30 OCT 1992,9:26.01,,BEL,"Boudewijnstadion, Bruxelles (BEL)",Belgian Championships,27 JUN 2021,2021,3.,B,National Championships,7168519,worldwide
men_3000sc,Etson BARROS,16 MAR 2001,8:50.08,,POR,"Estádio José Vieira de Carvalho, Maia (POR)",Portuguese Championships,27 JUN 2021,2021,1.,B,National Championships,7168689,worldwide
men_3000sc,André PEREIRA,10 AUG 1995,8:50.43,,POR,"Estádio José Vieira de Carvalho, Maia (POR)",Portuguese Championships,27 JUN 2021,2021,2.,B,National Championships,7168689,worldwide
men_3000sc,Damián VÍCH,14 AUG 1998,8:53.19,,CZE,"Stadion Mládeže, Zlín (CZE)",Czech Championships,26 JUN 2021,2021,1.,B,National Championships,7168688,worldwide
men_3000sc,Mitko TSENOV,13 JUN 1993,8:48.00,,BUL,"Atletski stadion, Smederevo (SRB)",Balkan Championships,27 JUN 2021,2021,1.,B,Area Regional Champs,7168755,worldwide
men_3000sc,Hilal YEGO,02 APR 1992,8:52.65,,TUR,"Atletski stadion, Smederevo (SRB)",Balkan Championships,27 JUN 2021,2021,2.,B,Area Regional Champs,7168755,worldwide
men_3000sc,Turgay BAYRAM,15 JUN 1995,DNF,,TUR,"Atletski stadion, Smederevo (SRB)",Balkan Championships,27 JUN 2021,2021,,B,Area Regional Champs,7168755,worldwide
men_3000sc,Abrham SIME,07 NOV 2001,8:21.41,,ETH,"Zdzisław Krzyszkowiak Stadium, Bydgoszcz (POL)",Irena Szewinska Memorial / Bydgoszcz Cup,30 JUN 2021,2021,1.,A,Continental Tour,7155938,worldwide
men_3000sc,Albert CHEMUTAI,1995,8:23.65,,UGA,"Zdzisław Krzyszkowiak Stadium, Bydgoszcz (POL)",Irena Szewinska Memorial / Bydgoszcz Cup,30 JUN 2021,2021,2.,A,Continental Tour,7155938,worldwide
men_3000sc,Wilberforce Chemiat KONES,19 SEP 1993,8:29.48,,KEN,"Zdzisław Krzyszkowiak Stadium, Bydgoszcz (POL)",Irena Szewinska Memorial / Bydgoszcz Cup,30 JUN 2021,2021,3.,A,Continental Tour,7155938,worldwide
men_3000sc,Nicholas Kiptonui BETT,20 DEC 1996,8:35.40,,KEN,"Zdzisław Krzyszkowiak Stadium, Bydgoszcz (POL)",Irena Szewinska Memorial / Bydgoszcz Cup,30 JUN 2021,2021,4.,A,Continental Tour,7155938,worldwide
men_3000sc,Barnabas KIPYEGO,12 JUN 1995,8:47.55,,KEN,"Zdzisław Krzyszkowiak Stadium, Bydgoszcz (POL)",Irena Szewinska Memorial / Bydgoszcz Cup,30 JUN 2021,2021,5.,A,Continental Tour,7155938,worldwide
men_3000sc,El Mehdi ABOUJANAH,06 JUN 1987,9:04.99,,ESP,"Zdzisław Krzyszkowiak Stadium, Bydgoszcz (POL)",Irena Szewinska Memorial / Bydgoszcz Cup,30 JUN 2021,2021,6.,A,Continental Tour,7155938,worldwide
men_3000sc,Sebastián MARTOS,20 JUN 1989,8:23.27,,ESP,"Lantos Mihály Sportközpont, Budapest (HUN)",Hungarian GP Series Budapest,24 AUG 2021,2021,1.,C,Continental Tour,7158250,worldwide
men_3000sc,Ibrahim EZZAYDOUNI,28 APR 1991,8:25.30,,ESP,"Lantos Mihály Sportközpont, Budapest (HUN)",Hungarian GP Series Budapest,24 AUG 2021,2021,2.,C,Continental Tour,7158250,worldwide
men_3000sc,Ole HESSELBJERG,23 APR 1990,8:27.99,,DEN,"Lantos Mihály Sportközpont, Budapest (HUN)",Hungarian GP Series Budapest,24 AUG 2021,2021,3.,C,Continental Tour,7158250,worldwide
men_3000sc,István PALKOVITS,27 DEC 2000,8:28.43,,HUN,"Lantos Mihály Sportközpont, Budapest (HUN)",Hungarian GP Series Budapest,24 AUG 2021,2021,4.,C,Continental Tour,7158250,worldwide
men_3000sc,Fernando CARRO,01 APR 1992,8:31.82,,ESP,"Lantos Mihály Sportközpont, Budapest (HUN)",Hungarian GP Series Budapest,24 AUG 2021,2021,5.,C,Continental Tour,7158250,worldwide
men_3000sc,Yassin BOUIH,24 NOV 1996,8:31.89,,ITA,"Lantos Mihály Sportközpont, Budapest (HUN)",Hungarian GP Series Budapest,24 AUG 2021,2021,6.,C,Continental Tour,7158250,worldwide
men_3000sc,Jakob Dybdal ABRAHAMSEN,29 JUL 1994,8:37.99,,DEN,"Lantos Mihály Sportközpont, Budapest (HUN)",Hungarian GP Series Budapest,24 AUG 2021,2021,7.,C,Continental Tour,7158250,worldwide
men_3000sc,Mark PEARCE,19 JAN 1996,8:55.25,,GBR,"Lantos Mihály Sportközpont, Budapest (HUN)",Hungarian GP Series Budapest,24 AUG 2021,2021,8.,C,Continental Tour,7158250,worldwide
men_3000sc,El Mehdi ABOUJANAH,06 JUN 1987,DNF,,ESP,"Lantos Mihály Sportközpont, Budapest (HUN)",Hungarian GP Series Budapest,24 AUG 2021,2021,,C,Continental Tour,7158250,worldwide
men_3000sc,Simon SUNDSTRÖM,04 FEB 1998,8:45.35,,SWE,"Ryavallen, Borås (SWE)",Swedish Championships,28 AUG 2021,2021,1.,B,National Championships,7171770,worldwide
men_3000sc,Tom Erling KÅRBØ,04 FEB 1989,8:33.06,,NOR,"Stadion, Kristiansand (NOR)",Norwegian Championships,11 SEP 2021,2021,1.,B,National Championships,7172380,worldwide
men_3000sc,Fredrik SANDVIK,23 MAR 1998,8:49.11,,NOR,"Stadion, Kristiansand (NOR)",Norwegian Championships,11 SEP 2021,2021,2.,B,National Championships,7172380,worldwide
men_3000sc,Getnet WALE,16 JUL 2000,8:12.01,,ETH,"Sports Park Mladost, Zagreb (CRO)",Memorial Borisa Hanžekovića,14 SEP 2021,2021,1.,A,Continental Tour,7147618,worldwide
men_3000sc,Abrham SIME,07 NOV 2001,8:14.46,,ETH,"Sports Park Mladost, Zagreb (CRO)",Memorial Borisa Hanžekovića,14 SEP 2021,2021,2.,A,Continental Tour,7147618,worldwide
men_3000sc,Ibrahim EZZAYDOUNI,28 APR 1991,8:14.86,,ESP,"Sports Park Mladost, Zagreb (CRO)",Memorial Borisa Hanžekovića,14 SEP 2021,2021,3.,A,Continental Tour,7147618,worldwide
men_3000sc,James Mwanzia MUTUKU,20 DEC 2002,8:27.26,,KEN,"Sports Park Mladost, Zagreb (CRO)",Memorial Borisa Hanžekovića,14 SEP 2021,2021,4.,A,Continental Tour,7147618,worldwide
men_3000sc,Matthew HUGHES,03 AUG 1989,8:28.14,,CAN,"Sports Park Mladost, Zagreb (CRO)",Memorial Borisa Hanžekovića,14 SEP 2021,2021,5.,A,Continental Tour,7147618,worldwide
men_3000sc,Tom Erling KÅRBØ,04 FEB 1989,8:28.26,,NOR,"Sports Park Mladost, Zagreb (CRO)",Memorial Borisa Hanžekovića,14 SEP 2021,2021,6.,A,Continental Tour,7147618,worldwide
men_3000sc,Amos KIRUI,09 FEB 1998,8:36.98,,KEN,"Sports Park Mladost, Zagreb (CRO)",Memorial Borisa Hanžekovića,14 SEP 2021,2021,7.,A,Continental Tour,7147618,worldwide
men_3000sc,Jáchym KOVÁŘ,25 MAY 1996,8:48.67,,CZE,"Sports Park Mladost, Zagreb (CRO)",Memorial Borisa Hanžekovića,14 SEP 2021,2021,8.,A,Continental Tour,7147618,worldwide
men_3000sc,Wilberforce Chemiat KONES,19 SEP 1993,DNF,,KEN,"Sports Park Mladost, Zagreb (CRO)",Memorial Borisa Hanžekovića,14 SEP 2021,2021,,A,Continental Tour,7147618,worldwide
men_3000sc,Albert CHEMUTAI,1995,DNF,,UGA,"Sports Park Mladost, Zagreb (CRO)",Memorial Borisa Hanžekovića,14 SEP 2021,2021,,A,Continental Tour,7147618,worldwide
men_3000sc,Mohamed TINDOUFT,12 MAR 1993,DNF,,MAR,"Sports Park Mladost, Zagreb (CRO)",Memorial Borisa Hanžekovića,14 SEP 2021,2021,,A,Continental Tour,7147618,worldwide
men_3000sc,Soufiane EL BAKKALI,07 JAN 1996,8:21.20,,MAR,"Moi International Sports Centre, Kasarani, Nairobi (KEN)",Kip Keino Classic,18 SEP 2021,2021,1.,A,Continental Tour,7147579,worldwide
men_3000sc,Abraham KIBIWOT,06 APR 1996,8:22.33,,KEN,"Moi International Sports Centre, Kasarani, Nairobi (KEN)",Kip Keino Classic,18 SEP 2021,2021,2.,A,Continental Tour,7147579,worldwide
men_3000sc,Chala BEYO,18 JAN 1996,8:23.37,,ETH,"Moi International Sports Centre, Kasarani, Nairobi (KEN)",Kip Keino Classic,18 SEP 2021,2021,3.,A,Continental Tour,7147579,worldwide
men_3000sc,Amos SEREM,28 AUG 2002,8:25.30,,KEN,"Moi International Sports Centre, Kasarani, Nairobi (KEN)",Kip Keino Classic,18 SEP 2021,2021,4.,A,Continental Tour,7147579,worldwide
men_3000sc,Samuel FIREWU,03 MAY 2004,8:32.38,,ETH,"Moi International Sports Centre, Kasarani, Nairobi (KEN)",Kip Keino Classic,18 SEP 2021,2021,5.,A,Continental Tour,7147579,worldwide
men_3000sc,Benjamin KIGEN,05 JUL 1993,8:40.26,,KEN,"Moi International Sports Centre, Kasarani, Nairobi (KEN)",Kip Keino Classic,18 SEP 2021,2021,6.,A,Continental Tour,7147579,worldwide
men_3000sc,Vincent KIPCHUMBA,26 DEC 2001,8:44.01,,KEN,"Moi International Sports Centre, Kasarani, Nairobi (KEN)",Kip Keino Classic,18 SEP 2021,2021,8.,A,Continental Tour,7147579,worldwide
men_3000sc,Wilberforce Chemiat KONES,19 SEP 1993,8:46.18,,KEN,"Moi International Sports Centre, Kasarani, Nairobi (KEN)",Kip Keino Classic,18 SEP 2021,2021,9.,A,Continental Tour,7147579,worldwide
men_3000sc,Nicholas Kiptonui BETT,20 DEC 1996,8:46.43,,KEN,"Moi International Sports Centre, Kasarani, Nairobi (KEN)",Kip Keino Classic,18 SEP 2021,2021,10.,A,Continental Tour,7147579,worldwide
men_3000sc,Max STEVENS,16 NOV 1994,8:39.31,,AUS,Sydney (AUS),Australian Championships,07 APR 2019,2019,1.,B,National Championships,7129309,worldwide
men_3000sc,James NIPPERESS,21 MAY 1990,8:43.09,,AUS,Sydney (AUS),Australian Championships,07 APR 2019,2019,2.,B,National Championships,7129309,worldwide
men_3000sc,Ben BUCKINGHAM,08 NOV 1991,8:47.14,,AUS,Sydney (AUS),Australian Championships,07 APR 2019,2019,3.,B,National Championships,7129309,worldwide
men_3000sc,Matthew CLARKE,29 APR 1995,8:49.67,,AUS,Sydney (AUS),Australian Championships,07 APR 2019,2019,4.,B,National Championships,7129309,worldwide
men_3000sc,Kosei YAMAGUCHI,19 AUG 1991,8:49.09,,JPN,Sydney (AUS),Australian Championships,07 APR 2019,2019,OC,B,National Championships,7129309,worldwide
men_3000sc,Hironori TSUETAKI,08 MAY 1993,8:56.60,,JPN,Sydney (AUS),Australian Championships,07 APR 2019,2019,OC,B,National Championships,7129309,worldwide
men_3000sc,John KOECH,23 AUG 1995,8:25.87,,BRN,Doha (QAT),Asian Athletics Championships,21 APR 2019,2019,1.,GL,Area Champs,7129855,worldwide
men_3000sc,Avinash Mukund SABLE,13 SEP 1994,8:30.19,,IND,Doha (QAT),Asian Athletics Championships,21 APR 2019,2019,2.,GL,Area Champs,7129855,worldwide
men_3000sc,Kazuya SHIOJIRI,08 NOV 1996,8:32.25,,JPN,Doha (QAT),Asian Athletics Championships,21 APR 2019,2019,3.,GL,Area Champs,7129855,worldwide
men_3000sc,Yaser Salem BAGHARAB,01 JAN 1998,8:45.80,,QAT,Doha (QAT),Asian Athletics Championships,21 APR 2019,2019,4.,GL,Area Champs,7129855,worldwide
men_3000sc,Kosei YAMAGUCHI,19 AUG 1991,8:47.07,,JPN,Doha (QAT),Asian Athletics Championships,21 APR 2019,2019,5.,GL,Area Champs,7129855,worldwide
men_3000sc,Hosein KEYHANI,26 APR 1990,DQ,,IRI,Doha (QAT),Asian Athletics Championships,21 APR 2019,2019, - ,GL,Area Champs,7129855,worldwide
men_3000sc,Rantso MOKOPANE,08 AUG 1994,8:59.17,,RSA,Germiston (RSA),South African Championships,26 APR 2019,2019,1.,B,National Championships,7130043,worldwide
men_3000sc,Antonio RUIZ,13 SEP 1994,9:15.67,,ARG,Concepción del Uruguay (ARG),Argentinian Championships,27 APR 2019,2019,4.,B,National Championships,7130148,worldwide
men_3000sc,Getnet WALE,16 JUL 2000,8:29.1h,,ETH,Addis Ababa (ETH),Ethiopian Championships,11 MAY 2019,2019,1.,B,National Championships,7138227,worldwide
men_3000sc,Takele NIGATE,02 OCT 1999,8:31.4h,,ETH,Addis Ababa (ETH),Ethiopian Championships,11 MAY 2019,2019,2.,B,National Championships,7138227,worldwide
men_3000sc,Tesfaye DERIBA,11 SEP 1998,8:32.2h,,ETH,Addis Ababa (ETH),Ethiopian Championships,11 MAY 2019,2019,3.,B,National Championships,7138227,worldwide
men_3000sc,Tolosa NURGI,29 MAR 1990,8:37.6h,,ETH,Addis Ababa (ETH),Ethiopian Championships,11 MAY 2019,2019,4.,B,National Championships,7138227,worldwide
men_3000sc,Tegenu MENGISTU,29 APR 1998,8:49.4h,,ETH,Addis Ababa (ETH),Ethiopian Championships,11 MAY 2019,2019,5.,B,National Championships,7138227,worldwide
men_3000sc,Hailemariyam AMARE,22 FEB 1997,8:51.5h,,ETH,Addis Ababa (ETH),Ethiopian Championships,11 MAY 2019,2019,6.,B,National Championships,7138227,worldwide
men_3000sc,Abrham SIME,07 NOV 2001,8:59.0h,,ETH,Addis Ababa (ETH),Ethiopian Championships,11 MAY 2019,2019,11.,B,National Championships,7138227,worldwide
men_3000sc,Amsalu BELAYE,,DNF,,ETH,Addis Ababa (ETH),Ethiopian Championships,11 MAY 2019,2019,,B,National Championships,7138227,worldwide
men_3000sc,Lamecha GIRMA,26 NOV 2000,DNF,,ETH,Addis Ababa (ETH),Ethiopian Championships,11 MAY 2019,2019,,B,National Championships,7138227,worldwide
men_3000sc,Carlos SAN MARTÍN,19 NOV 1993,8:36.37,,COL,Lima (PER),South American Championships,25 MAY 2019,2019,1.,GL,Area Champs,7131371,worldwide
men_3000sc,Altobeli SILVA,03 DEC 1990,8:38.43,,BRA,Lima (PER),South American Championships,25 MAY 2019,2019,2.,GL,Area Champs,7131371,worldwide
men_3000sc,Gerald Nicolas GIRALDO VILLA,21 MAR 1989,8:41.48,,COL,Lima (PER),South American Championships,25 MAY 2019,2019,3.,GL,Area Champs,7131371,worldwide
men_3000sc,Mario BAZÁN,01 SEP 1987,8:44.48,,PER,Lima (PER),South American Championships,25 MAY 2019,2019,4.,GL,Area Champs,7131371,worldwide
men_3000sc,Víctor ORTIZ RIVERA,30 JUN 1998,9:09.30,,PUR,Gurabo (PUR),Puerto Rican Championships,08 JUN 2019,2019,2.,B,National Championships,7132233,worldwide
men_3000sc,Ben BUCKINGHAM,08 NOV 1991,8:41.15,,AUS,Townsville (AUS),Oceania Championships,27 JUN 2019,2019,1.,GL,Area Champs,7132812,worldwide
men_3000sc,Max STEVENS,16 NOV 1994,8:43.22,,AUS,Townsville (AUS),Oceania Championships,27 JUN 2019,2019,2.,GL,Area Champs,7132812,worldwide
men_3000sc,Matthew CLARKE,29 APR 1995,8:45.14,,AUS,Townsville (AUS),Oceania Championships,27 JUN 2019,2019,3.,GL,Area Champs,7132812,worldwide
men_3000sc,Ryohei SAKAGUCHI,05 APR 1997,8:29.85,,JPN,Fukuoka (JPN),103rd Japan Championships,29 JUN 2019,2019,1.,B,National Championships,7132877,worldwide
men_3000sc,Yusuke UCHIKOSHI,11 AUG 1994,8:35.39,,JPN,Fukuoka (JPN),103rd Japan Championships,29 JUN 2019,2019,2.,B,National Championships,7132877,worldwide
men_3000sc,Ryoma AOKI,16 JUN 1997,8:36.65,,JPN,Fukuoka (JPN),103rd Japan Championships,29 JUN 2019,2019,3.,B,National Championships,7132877,worldwide
men_3000sc,Seiya SHIGENO,23 DEC 1996,8:38.84,,JPN,Fukuoka (JPN),103rd Japan Championships,29 JUN 2019,2019,4.,B,National Championships,7132877,worldwide
men_3000sc,Ryuji MIURA,11 FEB 2002,8:40.30,,JPN,Fukuoka (JPN),103rd Japan Championships,29 JUN 2019,2019,5.,B,National Championships,7132877,worldwide
men_3000sc,Kosei YAMAGUCHI,19 AUG 1991,8:44.86,,JPN,Fukuoka (JPN),103rd Japan Championships,29 JUN 2019,2019,6.,B,National Championships,7132877,worldwide
men_3000sc,Kazuya SHIOJIRI,08 NOV 1996,8:51.44,,JPN,Fukuoka (JPN),103rd Japan Championships,29 JUN 2019,2019,8.,B,National Championships,7132877,worldwide
men_3000sc,Hironori TSUETAKI,08 MAY 1993,8:51.73,,JPN,Fukuoka (JPN),103rd Japan Championships,29 JUN 2019,2019,9.,B,National Championships,7132877,worldwide
men_3000sc,Ryusei TAKAHASHI,08 MAR 1995,9:18.30,,JPN,Fukuoka (JPN),103rd Japan Championships,29 JUN 2019,2019,12.,B,National Championships,7132877,worldwide
men_3000sc,Rantso MOKOPANE,08 AUG 1994,8:30.37,,RSA,Napoli (ITA),Universiade,12 JUL 2019,2019,1.,B,FISU,7133328,worldwide
men_3000sc,Jean-Simon DESGAGNÉS,26 JUL 1998,8:36.20,,CAN,Napoli (ITA),Universiade,12 JUL 2019,2019,3.,B,FISU,7133328,worldwide
men_3000sc,Ryan SMEETON,26 OCT 1998,8:40.00,,CAN,Napoli (ITA),Universiade,12 JUL 2019,2019,4.,B,FISU,7133328,worldwide
men_3000sc,Ryohei SAKAGUCHI,05 APR 1997,8:41.64,,JPN,Napoli (ITA),Universiade,12 JUL 2019,2019,5.,B,FISU,7133328,worldwide
men_3000sc,Mark PEARCE,19 JAN 1996,8:42.63,,GBR,Napoli (ITA),Universiade,12 JUL 2019,2019,6.,B,FISU,7133328,worldwide
men_3000sc,Turgay BAYRAM,15 JUN 1995,8:42.85,,TUR,Napoli (ITA),Universiade,12 JUL 2019,2019,7.,B,FISU,7133328,worldwide
men_3000sc,Jakob Dybdal ABRAHAMSEN,29 JUL 1994,8:43.54,,DEN,Napoli (ITA),Universiade,12 JUL 2019,2019,8.,B,FISU,7133328,worldwide
men_3000sc,Matthew CLARKE,29 APR 1995,8:43.91,,AUS,Napoli (ITA),Universiade,12 JUL 2019,2019,10.,B,FISU,7133328,worldwide
men_3000sc,André PEREIRA,10 AUG 1995,8:47.08,,POR,Napoli (ITA),Universiade,12 JUL 2019,2019,11.,B,FISU,7133328,worldwide
men_3000sc,Max STEVENS,16 NOV 1994,8:57.40,,AUS,Napoli (ITA),Universiade,12 JUL 2019,2019,13.,B,FISU,7133328,worldwide
men_3000sc,Mounaime SASSIOUI,20 MAR 1995,DQ,,MAR,Napoli (ITA),Universiade,12 JUL 2019,2019, - ,B,FISU,7133328,worldwide
men_3000sc,André PEREIRA,10 AUG 1995,8:52.78,,POR,Lisboa (POR),Portuguese Championships,20 JUL 2019,2019,1.,B,National Championships,7133840,worldwide
men_3000sc,Hichem BOUCHICHA,19 MAY 1989,8:31.30,,ALG,Algiers (ALG),Algerian Championships,26 JUL 2019,2019,1.,B,National Championships,7134062,worldwide
men_3000sc,Bilal TABTI,07 JUN 1993,DNF,,ALG,Algiers (ALG),Algerian Championships,26 JUL 2019,2019,,B,National Championships,7134062,worldwide
men_3000sc,Ahmed JAZIRI,16 DEC 1997,8:45.26,,TUN,Algiers (ALG),Algerian Championships,26 JUL 2019,2019,OC,B,National Championships,7134062,worldwide
men_3000sc,Konstantin PLOKHOTNIKOV,24 MAR 1997,8:29.85,,RUS,Cheboksary (RUS),Russian Championships,25 JUL 2019,2019,1.,B,National Championships,7133966,worldwide
men_3000sc,Maksim YAKUSHEV,15 MAR 1992,8:33.52,,RUS,Cheboksary (RUS),Russian Championships,25 JUL 2019,2019,2.,B,National Championships,7133966,worldwide
men_3000sc,Yuriy KLOPTSOV,22 DEC 1989,8:34.32,,RUS,Cheboksary (RUS),Russian Championships,25 JUL 2019,2019,3.,B,National Championships,7133966,worldwide
men_3000sc,Ildar NADYROV,22 APR 1994,8:40.71,,RUS,Cheboksary (RUS),Russian Championships,25 JUL 2019,2019,4.,B,National Championships,7133966,worldwide
men_3000sc,Ildar MINSHIN,05 FEB 1985,8:41.84,,RUS,Cheboksary (RUS),Russian Championships,25 JUL 2019,2019,6.,B,National Championships,7133966,worldwide
men_3000sc,Ivan LUKYANOV,31 JAN 1981,8:43.74,,RUS,Cheboksary (RUS),Russian Championships,25 JUL 2019,2019,7.,B,National Championships,7133966,worldwide
men_3000sc,Eduard BATYRSHIN,04 DEC 1998,8:54.44,,RUS,Cheboksary (RUS),Russian Championships,25 JUL 2019,2019,8.,B,National Championships,7133966,worldwide
men_3000sc,Artem KOROL,27 AUG 1998,8:54.53,,RUS,Cheboksary (RUS),Russian Championships,25 JUL 2019,2019,9.,B,National Championships,7133966,worldwide
men_3000sc,Gennadiy YEGOROV,16 APR 1997,DNF,,RUS,Cheboksary (RUS),Russian Championships,25 JUL 2019,2019,,B,National Championships,7133966,worldwide
men_3000sc,Nikita KALGANOV,07 JUN 1999,DNF,,RUS,Cheboksary (RUS),Russian Championships,25 JUL 2019,2019,,B,National Championships,7133966,worldwide
men_3000sc,Andrey FARNOSOV,09 JUL 1980,DNF,,RUS,Cheboksary (RUS),Russian Championships,25 JUL 2019,2019,,B,National Championships,7133966,worldwide
men_3000sc,Hillary BOR,22 NOV 1989,8:18.05,,USA,"Drake Stadium, Des Moines, IA (USA)",USA Championships,27 JUL 2019,2019,1.,B,National Championships,7133932,worldwide
men_3000sc,Stanley Kipkoech KEBENEI,06 NOV 1989,8:19.12,,USA,"Drake Stadium, Des Moines, IA (USA)",USA Championships,27 JUL 2019,2019,2.,B,National Championships,7133932,worldwide
men_3000sc,Andrew BAYER,03 FEB 1990,8:23.23,,USA,"Drake Stadium, Des Moines, IA (USA)",USA Championships,27 JUL 2019,2019,3.,B,National Championships,7133932,worldwide
men_3000sc,Benard KETER,25 MAY 1992,8:37.62,,USA,"Drake Stadium, Des Moines, IA (USA)",USA Championships,27 JUL 2019,2019,4.,B,National Championships,7133932,worldwide
men_3000sc,Mason FERLIC,05 AUG 1993,8:37.99,,USA,"Drake Stadium, Des Moines, IA (USA)",USA Championships,27 JUL 2019,2019,5.,B,National Championships,7133932,worldwide
men_3000sc,Obsa ALI,17 FEB 1996,8:42.00,,USA,"Drake Stadium, Des Moines, IA (USA)",USA Championships,27 JUL 2019,2019,6.,B,National Championships,7133932,worldwide
men_3000sc,Frankline TONUI,02 AUG 1993,8:43.14,,USA,"Drake Stadium, Des Moines, IA (USA)",USA Championships,27 JUL 2019,2019,7.,B,National Championships,7133932,worldwide
men_3000sc,Isaac UPDIKE,21 MAR 1992,8:43.47,,USA,"Drake Stadium, Des Moines, IA (USA)",USA Championships,27 JUL 2019,2019,8.,B,National Championships,7133932,worldwide
men_3000sc,Jordan MANN,12 JAN 1993,8:56.54,,USA,"Drake Stadium, Des Moines, IA (USA)",USA Championships,27 JUL 2019,2019,10.,B,National Championships,7133932,worldwide
men_3000sc,Daniel MICHALSKI,10 SEP 1995,9:00.33,,USA,"Drake Stadium, Des Moines, IA (USA)",USA Championships,27 JUL 2019,2019,11.,B,National Championships,7133932,worldwide
men_3000sc,Craig NOWAK,20 APR 1994,9:04.69,,USA,"Drake Stadium, Des Moines, IA (USA)",USA Championships,27 JUL 2019,2019,13.,B,National Championships,7133932,worldwide
men_3000sc,David GOODMAN,21 DEC 1988,9:23.44,,USA,"Drake Stadium, Des Moines, IA (USA)",USA Championships,27 JUL 2019,2019,14.,B,National Championships,7133932,worldwide
men_3000sc,Matthew HUGHES,03 AUG 1989,8:45.85,,CAN,Montréal (CAN),Canadian Championships,25 JUL 2019,2019,1.,B,National Championships,7133978,worldwide
men_3000sc,Ryan SMEETON,26 OCT 1998,8:47.03,,CAN,Montréal (CAN),Canadian Championships,25 JUL 2019,2019,2.,B,National Championships,7133978,worldwide
men_3000sc,John GAY,07 NOV 1996,8:48.26,,CAN,Montréal (CAN),Canadian Championships,25 JUL 2019,2019,3.,B,National Championships,7133978,worldwide
men_3000sc,Jean-Simon DESGAGNÉS,26 JUL 1998,8:51.25,,CAN,Montréal (CAN),Canadian Championships,25 JUL 2019,2019,4.,B,National Championships,7133978,worldwide
men_3000sc,Jáchym KOVÁŘ,25 MAY 1996,9:01.97,,CZE,Brno (CZE),Czech Championships,26 JUL 2019,2019,1.,B,National Championships,7133998,worldwide
men_3000sc,Damián VÍCH,14 AUG 1998,9:05.30,,CZE,Brno (CZE),Czech Championships,26 JUL 2019,2019,2.,B,National Championships,7133998,worldwide
men_3000sc,Benjamin KIPLAGAT,04 MAR 1989,8:37.80,,UGA,"Mandela National Stadium, Kampala (UGA)",Ugandan Championships,26 JUL 2019,2019,1.,B,National Championships,7134221,worldwide
men_3000sc,Jakob Dybdal ABRAHAMSEN,29 JUL 1994,9:11.99,,DEN,Esbjerg (DEN),Danish Championships,27 JUL 2019,2019,1.,B,National Championships,7133990,worldwide
men_3000sc,Djilali BEDRANI,01 OCT 1993,8:34.00,,FRA,St-Etienne (FRA),French Championships,27 JUL 2019,2019,1.,B,National Championships,7133999,worldwide
men_3000sc,Yoann KOWAL,28 MAY 1987,8:36.91,,FRA,St-Etienne (FRA),French Championships,27 JUL 2019,2019,2.,B,National Championships,7133999,worldwide
men_3000sc,Abdelhamid ZERRIFI,20 JUN 1986,8:43.76,,FRA,St-Etienne (FRA),French Championships,27 JUL 2019,2019,3.,B,National Championships,7133999,worldwide
men_3000sc,Alexis PHELUT,03 MAR 1998,8:44.44,,FRA,St-Etienne (FRA),French Championships,27 JUL 2019,2019,4.,B,National Championships,7133999,worldwide
men_3000sc,Gatien AIRIAU,09 JUN 1993,8:49.34,,FRA,St-Etienne (FRA),French Championships,27 JUL 2019,2019,5.,B,National Championships,7133999,worldwide
men_3000sc,Abdellah RIAHI,13 OCT 1994,8:51.61,,FRA,St-Etienne (FRA),French Championships,27 JUL 2019,2019,6.,B,National Championships,7133999,worldwide
men_3000sc,Clement DUIGOU,26 APR 1996,9:00.92,,FRA,St-Etienne (FRA),French Championships,27 JUL 2019,2019,7.,B,National Championships,7133999,worldwide
men_3000sc,Hicham SIGUENI,30 JAN 1993,8:42.65,,MAR,St-Etienne (FRA),French Championships,27 JUL 2019,2019,OC,B,National Championships,7133999,worldwide
men_3000sc,Fouad IDBAFDIL,09 FEB 1988,9:04.21,,MAR,St-Etienne (FRA),French Championships,27 JUL 2019,2019,OC,B,National Championships,7133999,worldwide
men_3000sc,Brian FAY,09 NOV 1998,9:02.42,,IRL,Santry (IRL),Irish Championships,26 JUL 2019,2019,2.,B,National Championships,7134011,worldwide
men_3000sc,Ahmed ABDELWAHED,26 MAY 1996,8:31.56,,ITA,"Bressanone, Trentino-Alto Adige (ITA)",Italian Championships,28 JUL 2019,2019,1.,B,National Championships,7134000,worldwide
men_3000sc,Osama ZOGHLAMI,19 JUN 1994,8:35.25,,ITA,"Bressanone, Trentino-Alto Adige (ITA)",Italian Championships,28 JUL 2019,2019,2.,B,National Championships,7134000,worldwide
men_3000sc,Yohanes CHIAPPINELLI,18 AUG 1997,8:41.73,,ITA,"Bressanone, Trentino-Alto Adige (ITA)",Italian Championships,28 JUL 2019,2019,3.,B,National Championships,7134000,worldwide
men_3000sc,Leonardo FELETTO,26 JUN 1995,8:49.67,,ITA,"Bressanone, Trentino-Alto Adige (ITA)",Italian Championships,28 JUL 2019,2019,4.,B,National Championships,7134000,worldwide
men_3000sc,Topi RAITANEN,07 FEB 1996,8:45.92,,FIN,Lappeenranta (FIN),Finnish Championships,03 AUG 2019,2019,1.,B,National Championships,7134200,worldwide
men_3000sc,Fredrik SANDVIK,23 MAR 1998,9:17.76,,NOR,Hamar (NOR),Norwegian Championships,03 AUG 2019,2019,2.,B,National Championships,7134201,worldwide
men_3000sc,Karl BEBENDORF,07 MAY 1996,8:33.59,,GER,Berlin (GER),German Championships,03 AUG 2019,2019,1.,B,National Championships,7134202,worldwide
men_3000sc,Martin GRAU,26 MAR 1992,8:33.84,,GER,Berlin (GER),German Championships,03 AUG 2019,2019,2.,B,National Championships,7134202,worldwide
men_3000sc,Patrick KARL,03 MAY 1996,8:38.39,,GER,Berlin (GER),German Championships,03 AUG 2019,2019,3.,B,National Championships,7134202,worldwide
men_3000sc,Konstantin WEDEL,22 NOV 1993,8:43.65,,GER,Berlin (GER),German Championships,03 AUG 2019,2019,4.,B,National Championships,7134202,worldwide
men_3000sc,Lennart MESECKE,30 APR 1997,8:54.19,,GER,Berlin (GER),German Championships,03 AUG 2019,2019,7.,B,National Championships,7134202,worldwide
men_3000sc,Nick JÄGER,22 AUG 1999,8:54.23,,GER,Berlin (GER),German Championships,03 AUG 2019,2019,8.,B,National Championships,7134202,worldwide
men_3000sc,Niklas BUCHHOLZ,04 MAR 1998,9:06.96,,GER,Berlin (GER),German Championships,03 AUG 2019,2019,12.,B,National Championships,7134202,worldwide
men_3000sc,Florian BREMM,14 AUG 2000,9:07.52,,GER,Berlin (GER),German Championships,03 AUG 2019,2019,13.,B,National Championships,7134202,worldwide
men_3000sc,Velten SCHNEIDER,21 AUG 1999,9:16.53,,GER,Berlin (GER),German Championships,03 AUG 2019,2019,14.,B,National Championships,7134202,worldwide
men_3000sc,Turgay BAYRAM,15 JUN 1995,8:50.37,,TUR,Bursa (TUR),Turkish Championships,04 AUG 2019,2019,1.,B,National Championships,7134311,worldwide
men_3000sc,Kaur KIVISTIK,29 APR 1991,9:35.31,,EST,Tallinn (EST),Estonian Championships,17 AUG 2019,2019,1.,B,National Championships,7134728,worldwide
men_3000sc,Benjamin KIGEN,05 JUL 1993,8:33.06,,KEN,"Nyayo National Stadium, Nairobi (KEN)",Kenyan Championships,21 AUG 2019,2019,1.,B,National Championships,7135133,worldwide
men_3000sc,Justus LAGAT,20 MAY 1996,8:34.71,,KEN,"Nyayo National Stadium, Nairobi (KEN)",Kenyan Championships,21 AUG 2019,2019,2.,B,National Championships,7135133,worldwide
men_3000sc,Kennedy NJIRU,1987,8:35.62,,KEN,"Nyayo National Stadium, Nairobi (KEN)",Kenyan Championships,21 AUG 2019,2019,3.,B,National Championships,7135133,worldwide
men_3000sc,Antipas Kibet KANDIE,02 APR 1996,8:43.70,,KEN,"Nyayo National Stadium, Nairobi (KEN)",Kenyan Championships,21 AUG 2019,2019,6.,B,National Championships,7135133,worldwide
men_3000sc,Nicholas TOWET,,8:45.11,,KEN,"Nyayo National Stadium, Nairobi (KEN)",Kenyan Championships,21 AUG 2019,2019,7.,B,National Championships,7135133,worldwide
men_3000sc,Christopher BETT,,8:51.90,,KEN,"Nyayo National Stadium, Nairobi (KEN)",Kenyan Championships,21 AUG 2019,2019,8.,B,National Championships,7135133,worldwide
men_3000sc,James Mwanzia MUTUKU,20 DEC 2002,8:55.26,,KEN,"Nyayo National Stadium, Nairobi (KEN)",Kenyan Championships,21 AUG 2019,2019,9.,B,National Championships,7135133,worldwide
men_3000sc,Krystian ZALEWSKI,11 APR 1989,8:28.99,,POL,"Stadion im. Marszałka Józefa Piłsudskiego, Radom (POL)",Polish Championships,23 AUG 2019,2019,1.,B,National Championships,7134959,worldwide
men_3000sc,Zak SEDDON,28 JUN 1994,8:36.29,,GBR,"Alexander Stadium, Birmingham (GBR)",British Championships,25 AUG 2019,2019,1.,B,National Championships,7134841,worldwide
men_3000sc,Phil NORMAN,20 OCT 1989,8:40.61,,GBR,"Alexander Stadium, Birmingham (GBR)",British Championships,25 AUG 2019,2019,2.,B,National Championships,7134841,worldwide
men_3000sc,Ieuan THOMAS,17 JUL 1989,8:44.09,,GBR,"Alexander Stadium, Birmingham (GBR)",British Championships,25 AUG 2019,2019,3.,B,National Championships,7134841,worldwide
men_3000sc,Jonathan HOPKINS,03 JUN 1992,8:53.66,,GBR,"Alexander Stadium, Birmingham (GBR)",British Championships,25 AUG 2019,2019,5.,B,National Championships,7134841,worldwide
men_3000sc,Jamaine COLEMAN,22 SEP 1995,8:55.45,,GBR,"Alexander Stadium, Birmingham (GBR)",British Championships,25 AUG 2019,2019,6.,B,National Championships,7134841,worldwide
men_3000sc,Mark PEARCE,19 JAN 1996,8:56.75,,GBR,"Alexander Stadium, Birmingham (GBR)",British Championships,25 AUG 2019,2019,8.,B,National Championships,7134841,worldwide
men_3000sc,Altobeli SILVA,03 DEC 1990,8:28.66,,BRA,"CNDA, Bragança Paulista (BRA)",Brazilian Championships,30 AUG 2019,2019,1.,B,National Championships,7135145,worldwide
men_3000sc,Dzmitry IVANENKA,07 JAN 1994,8:50.49,,BLR,Minsk (BLR),Belarus Championships,30 AUG 2019,2019,1.,B,National Championships,7135210,worldwide
men_3000sc,Viachaslau SKUDNY,09 NOV 1998,8:52.82,,BLR,Minsk (BLR),Belarus Championships,30 AUG 2019,2019,2.,B,National Championships,7135210,worldwide
men_3000sc,Simon SUNDSTRÖM,04 FEB 1998,8:46.59,,SWE,"Tingvalla IP, Karlstad (SWE)",Swedish Championships,31 AUG 2019,2019,1.,B,National Championships,7135338,worldwide
men_3000sc,Emil BLOMBERG,09 APR 1992,8:53.05,,SWE,"Tingvalla IP, Karlstad (SWE)",Swedish Championships,31 AUG 2019,2019,2.,B,National Championships,7135338,worldwide
men_3000sc,Napoleon SOLOMON,14 FEB 1994,8:59.44,,SWE,"Tingvalla IP, Karlstad (SWE)",Swedish Championships,31 AUG 2019,2019,4.,B,National Championships,7135338,worldwide
men_3000sc,Vidar JOHANSSON,08 OCT 1996,DNF,,SWE,"Tingvalla IP, Karlstad (SWE)",Swedish Championships,31 AUG 2019,2019,,B,National Championships,7135338,worldwide
men_3000sc,Fernando CARRO,01 APR 1992,8:45.88,,ESP,"Estadi Olímpic Camilo Cano, La Nucia (ESP)",Spanish Championships,01 SEP 2019,2019,1.,B,National Championships,7135362,worldwide
men_3000sc,Daniel ARCE,22 APR 1992,8:46.17,,ESP,"Estadi Olímpic Camilo Cano, La Nucia (ESP)",Spanish Championships,01 SEP 2019,2019,2.,B,National Championships,7135362,worldwide
men_3000sc,Ibrahim EZZAYDOUNI,28 APR 1991,8:46.26,,ESP,"Estadi Olímpic Camilo Cano, La Nucia (ESP)",Spanish Championships,01 SEP 2019,2019,3.,B,National Championships,7135362,worldwide
men_3000sc,Álvaro GUTIERREZ,20 MAY 1988,8:51.07,,ESP,"Estadi Olímpic Camilo Cano, La Nucia (ESP)",Spanish Championships,01 SEP 2019,2019,4.,B,National Championships,7135362,worldwide
men_3000sc,Ibrahim CHAKIR,04 SEP 1994,9:00.37,,ESP,"Estadi Olímpic Camilo Cano, La Nucia (ESP)",Spanish Championships,01 SEP 2019,2019,6.,B,National Championships,7135362,worldwide
men_3000sc,El Mehdi ABOUJANAH,06 JUN 1987,9:01.17,,ESP,"Estadi Olímpic Camilo Cano, La Nucia (ESP)",Spanish Championships,01 SEP 2019,2019,7.,B,National Championships,7135362,worldwide
men_3000sc,André PEREIRA,10 AUG 1995,8:50.47,,POR,"Estadi Olímpic Camilo Cano, La Nucia (ESP)",Spanish Championships,01 SEP 2019,2019,OC,B,National Championships,7135362,worldwide
men_3000sc,Mitko TSENOV,13 JUN 1993,8:54.97,,BUL,Pravets (BUL),Balkan Championships,03 SEP 2019,2019,3.,B,Area Regional Champs,7135413,worldwide
men_3000sc,Turgay BAYRAM,15 JUN 1995,DNF,,TUR,Pravets (BUL),Balkan Championships,03 SEP 2019,2019,,B,Area Regional Champs,7135413,worldwide
men_3000sc,James NIPPERESS,21 MAY 1990,8:43.89,,AUS,Gold Coast (AUS),Australian Championships,18 FEB 2018,2018,1.,B,National Championships,7115993,worldwide
men_3000sc,Max STEVENS,16 NOV 1994,8:44.84,,AUS,Gold Coast (AUS),Australian Championships,18 FEB 2018,2018,2.,B,National Championships,7115993,worldwide
men_3000sc,Stewart MCSWEYN,01 JUN 1995,8:49.25,,AUS,Gold Coast (AUS),Australian Championships,18 FEB 2018,2018,3.,B,National Championships,7115993,worldwide
men_3000sc,Ben BUCKINGHAM,08 NOV 1991,8:56.73,,AUS,Gold Coast (AUS),Australian Championships,18 FEB 2018,2018,6.,B,National Championships,7115993,worldwide
men_3000sc,Jack RAYNER,19 DEC 1995,9:01.76,,AUS,Gold Coast (AUS),Australian Championships,18 FEB 2018,2018,9.,B,National Championships,7115993,worldwide
men_3000sc,Rantso MOKOPANE,08 AUG 1994,8:51.23,,RSA,Pretoria (RSA),South African Championships,16 MAR 2018,2018,1.,B,National Championships,7116785,worldwide
men_3000sc,Hosein KEYHANI,26 APR 1990,9:06.84,,IRI,Baghdad (IRQ),Iraqi Championships,22 MAR 2018,2018,OC,B,National Championships,7117414,worldwide
men_3000sc,Antonio RUIZ,13 SEP 1994,9:39.15,,ARG,Rosario (ARG),Argentinian Championships,15 APR 2018,2018,6.,B,National Championships,7117694,worldwide
men_3000sc,Getnet WALE,16 JUL 2000,8:29.0h,,ETH,Addis Ababa (ETH),Ethiopian Championships,22 APR 2018,2018,1.,B,National Championships,7118014,worldwide
men_3000sc,Hailemariyam AMARE,22 FEB 1997,8:35.2h,,ETH,Addis Ababa (ETH),Ethiopian Championships,22 APR 2018,2018,2.,B,National Championships,7118014,worldwide
men_3000sc,Tolosa NURGI,29 MAR 1990,8:36.8h,,ETH,Addis Ababa (ETH),Ethiopian Championships,22 APR 2018,2018,3.,B,National Championships,7118014,worldwide
men_3000sc,Hosein KEYHANI,26 APR 1990,8:52.30,,IRI,Mashhad (IRI),Iranian Championships,16 JUN 2018,2018,1.,B,National Championships,7120428,worldwide
men_3000sc,Conseslus KIPRUTO,08 DEC 1994,8:18.05,,KEN,Nairobi (KEN),Kenyan Championships,22 JUN 2018,2018,1.,B,National Championships,7120350,worldwide
men_3000sc,Amos KIRUI,09 FEB 1998,8:18.37,,KEN,Nairobi (KEN),Kenyan Championships,22 JUN 2018,2018,2.,B,National Championships,7120350,worldwide
men_3000sc,Kennedy NJIRU,1987,8:18.48,,KEN,Nairobi (KEN),Kenyan Championships,22 JUN 2018,2018,3.,B,National Championships,7120350,worldwide
men_3000sc,Benjamin KIGEN,05 JUL 1993,8:22.64,,KEN,Nairobi (KEN),Kenyan Championships,22 JUN 2018,2018,4.,B,National Championships,7120350,worldwide
men_3000sc,Emmanuel KIPRONO,14 JUL 1995,8:25.10,,KEN,Nairobi (KEN),Kenyan Championships,22 JUN 2018,2018,5.,B,National Championships,7120350,worldwide
men_3000sc,Ezekiel KEMBOI,25 MAY 1982,8:34.90,,KEN,Nairobi (KEN),Kenyan Championships,22 JUN 2018,2018,6.,B,National Championships,7120350,worldwide
men_3000sc,Abraham KIBIWOT,06 APR 1996,8:36.26,,KEN,Nairobi (KEN),Kenyan Championships,22 JUN 2018,2018,7.,B,National Championships,7120350,worldwide
men_3000sc,Festus KIPRONO,29 DEC 1995,8:36.59,,KEN,Nairobi (KEN),Kenyan Championships,22 JUN 2018,2018,8.,B,National Championships,7120350,worldwide
men_3000sc,Evan JAGER,08 MAR 1989,8:20.10,,USA,"Drake Stadium, Des Moines, IA (USA)",Des Moines USA Championships,24 JUN 2018,2018,1.,B,National Championships,7120163,worldwide
men_3000sc,Hillary BOR,22 NOV 1989,8:22.58,,USA,"Drake Stadium, Des Moines, IA (USA)",Des Moines USA Championships,24 JUN 2018,2018,2.,B,National Championships,7120163,worldwide
men_3000sc,Andrew BAYER,03 FEB 1990,8:24.66,,USA,"Drake Stadium, Des Moines, IA (USA)",Des Moines USA Championships,24 JUN 2018,2018,3.,B,National Championships,7120163,worldwide
men_3000sc,Stanley Kipkoech KEBENEI,06 NOV 1989,8:28.39,,USA,"Drake Stadium, Des Moines, IA (USA)",Des Moines USA Championships,24 JUN 2018,2018,4.,B,National Championships,7120163,worldwide
men_3000sc,Jordan MANN,12 JAN 1993,8:28.55,,USA,"Drake Stadium, Des Moines, IA (USA)",Des Moines USA Championships,24 JUN 2018,2018,5.,B,National Championships,7120163,worldwide
men_3000sc,Haron LAGAT,15 AUG 1983,8:28.88,,USA,"Drake Stadium, Des Moines, IA (USA)",Des Moines USA Championships,24 JUN 2018,2018,6.,B,National Championships,7120163,worldwide
men_3000sc,M.J. ERB,02 FEB 1994,8:29.09,,USA,"Drake Stadium, Des Moines, IA (USA)",Des Moines USA Championships,24 JUN 2018,2018,7.,B,National Championships,7120163,worldwide
men_3000sc,Dylan BLANKENBAKER,06 JAN 1994,8:31.67,,USA,"Drake Stadium, Des Moines, IA (USA)",Des Moines USA Championships,24 JUN 2018,2018,8.,B,National Championships,7120163,worldwide
men_3000sc,Travis MAHONEY,25 JUL 1990,8:32.24,,USA,"Drake Stadium, Des Moines, IA (USA)",Des Moines USA Championships,24 JUN 2018,2018,9.,B,National Championships,7120163,worldwide
men_3000sc,Tripp HURT,30 OCT 1992,8:34.45,,USA,"Drake Stadium, Des Moines, IA (USA)",Des Moines USA Championships,24 JUN 2018,2018,10.,B,National Championships,7120163,worldwide
men_3000sc,Aidan TOOKER,26 JUN 1998,8:37.17,,USA,"Drake Stadium, Des Moines, IA (USA)",Des Moines USA Championships,24 JUN 2018,2018,11.,B,National Championships,7120163,worldwide
men_3000sc,Donald CABRAL,12 DEC 1989,8:39.68,,USA,"Drake Stadium, Des Moines, IA (USA)",Des Moines USA Championships,24 JUN 2018,2018,12.,B,National Championships,7120163,worldwide
men_3000sc,Isaac UPDIKE,21 MAR 1992,8:40.22,,USA,"Drake Stadium, Des Moines, IA (USA)",Des Moines USA Championships,24 JUN 2018,2018,14.,B,National Championships,7120163,worldwide
men_3000sc,Kazuya SHIOJIRI,08 NOV 1996,8:29.14,,JPN,Yamaguchi (JPN),Japan Championships,24 JUN 2018,2018,1.,B,National Championships,7120237,worldwide
men_3000sc,Kosei YAMAGUCHI,19 AUG 1991,8:34.40,,JPN,Yamaguchi (JPN),Japan Championships,24 JUN 2018,2018,2.,B,National Championships,7120237,worldwide
men_3000sc,Ryohei SAKAGUCHI,05 APR 1997,8:45.23,,JPN,Yamaguchi (JPN),Japan Championships,24 JUN 2018,2018,4.,B,National Championships,7120237,worldwide
men_3000sc,Ryusei TAKAHASHI,08 MAR 1995,8:53.06,,JPN,Yamaguchi (JPN),Japan Championships,24 JUN 2018,2018,7.,B,National Championships,7120237,worldwide
men_3000sc,Tsubasa KOMURO,27 JUL 1997,8:55.54,,JPN,Yamaguchi (JPN),Japan Championships,24 JUN 2018,2018,8.,B,National Championships,7120237,worldwide
men_3000sc,Yusuke UCHIKOSHI,11 AUG 1994,9:15.87,,JPN,Yamaguchi (JPN),Japan Championships,24 JUN 2018,2018,12.,B,National Championships,7120237,worldwide
men_3000sc,Soufiane EL BAKKALI,07 JAN 1996,8:20.97,,MAR,Tarragona (ESP),Tarragona Mediterran Games,27 JUN 2018,2018,1.,C,Area Regional Champs,7120437,worldwide
men_3000sc,Amor BEN YAHIA,01 JUL 1985,8:26.14,,TUN,Tarragona (ESP),Tarragona Mediterran Games,27 JUN 2018,2018,2.,C,Area Regional Champs,7120437,worldwide
men_3000sc,Yohanes CHIAPPINELLI,18 AUG 1997,8:32.06,,ITA,Tarragona (ESP),Tarragona Mediterran Games,27 JUN 2018,2018,3.,C,Area Regional Champs,7120437,worldwide
men_3000sc,Eric PEÑALVER,23 SEP 1993,8:33.95,,ESP,Tarragona (ESP),Tarragona Mediterran Games,27 JUN 2018,2018,4.,C,Area Regional Champs,7120437,worldwide
men_3000sc,Osama ZOGHLAMI,19 JUN 1994,8:36.28,,ITA,Tarragona (ESP),Tarragona Mediterran Games,27 JUN 2018,2018,6.,C,Area Regional Champs,7120437,worldwide
men_3000sc,Hichem BOUCHICHA,19 MAY 1989,8:40.43,,ALG,Tarragona (ESP),Tarragona Mediterran Games,27 JUN 2018,2018,7.,C,Area Regional Champs,7120437,worldwide
men_3000sc,Daniel ARCE,22 APR 1992,8:43.67,,ESP,Tarragona (ESP),Tarragona Mediterran Games,27 JUN 2018,2018,8.,C,Area Regional Champs,7120437,worldwide
men_3000sc,Louis GILAVERT,01 JAN 1998,9:12.44,,FRA,Tarragona (ESP),Tarragona Mediterran Games,27 JUN 2018,2018,12.,C,Area Regional Champs,7120437,worldwide
men_3000sc,Mohamed TINDOUFT,12 MAR 1993,DNF,,MAR,Tarragona (ESP),Tarragona Mediterran Games,27 JUN 2018,2018,,C,Area Regional Champs,7120437,worldwide
men_3000sc,Zak SEDDON,28 JUN 1994,8:33.12,,GBR,Birmingham (GBR),British Championships,30 JUN 2018,2018,1.,B,National Championships,7120496,worldwide
men_3000sc,Ieuan THOMAS,17 JUL 1989,8:33.88,,GBR,Birmingham (GBR),British Championships,30 JUN 2018,2018,2.,B,National Championships,7120496,worldwide
men_3000sc,Jamaine COLEMAN,22 SEP 1995,8:38.17,,GBR,Birmingham (GBR),British Championships,30 JUN 2018,2018,3.,B,National Championships,7120496,worldwide
men_3000sc,Jonathan HOPKINS,03 JUN 1992,8:41.45,,GBR,Birmingham (GBR),British Championships,30 JUN 2018,2018,4.,B,National Championships,7120496,worldwide
men_3000sc,Phil NORMAN,20 OCT 1989,8:50.19,,GBR,Birmingham (GBR),British Championships,30 JUN 2018,2018,6.,B,National Championships,7120496,worldwide
men_3000sc,Mark PEARCE,19 JAN 1996,8:56.45,,GBR,Birmingham (GBR),British Championships,30 JUN 2018,2018,8.,B,National Championships,7120496,worldwide
men_3000sc,Daniel JARVIS,21 OCT 1995,9:17.61,,GBR,Birmingham (GBR),British Championships,30 JUN 2018,2018,9.,B,National Championships,7120496,worldwide
men_3000sc,Matthew HUGHES,03 AUG 1989,8:54.00,,CAN,Ottawa (CAN),Canadian Championships,05 JUL 2018,2018,1.,B,National Championships,7120563,worldwide
men_3000sc,Jean-Simon DESGAGNÉS,26 JUL 1998,8:57.09,,CAN,Ottawa (CAN),Canadian Championships,05 JUL 2018,2018,2.,B,National Championships,7120563,worldwide
men_3000sc,John GAY,07 NOV 1996,9:01.05,,CAN,Ottawa (CAN),Canadian Championships,05 JUL 2018,2018,3.,B,National Championships,7120563,worldwide
men_3000sc,Mahiedine MEKHISSI,15 MAR 1985,8:33.59,,FRA,Albi (FRA),French Championships,08 JUL 2018,2018,1.,B,National Championships,7120754,worldwide
men_3000sc,Djilali BEDRANI,01 OCT 1993,8:35.27,,FRA,Albi (FRA),French Championships,08 JUL 2018,2018,2.,B,National Championships,7120754,worldwide
men_3000sc,Yoann KOWAL,28 MAY 1987,8:35.71,,FRA,Albi (FRA),French Championships,08 JUL 2018,2018,3.,B,National Championships,7120754,worldwide
men_3000sc,Alexis PHELUT,03 MAR 1998,8:49.13,,FRA,Albi (FRA),French Championships,08 JUL 2018,2018,4.,B,National Championships,7120754,worldwide
men_3000sc,Gatien AIRIAU,09 JUN 1993,8:55.27,,FRA,Albi (FRA),French Championships,08 JUL 2018,2018,7.,B,National Championships,7120754,worldwide
men_3000sc,Louis GILAVERT,01 JAN 1998,9:10.97,,FRA,Albi (FRA),French Championships,08 JUL 2018,2018,9.,B,National Championships,7120754,worldwide
men_3000sc,Hicham SIGUENI,30 JAN 1993,8:35.52,,MAR,Albi (FRA),French Championships,08 JUL 2018,2018,OC,B,National Championships,7120754,worldwide
men_3000sc,Abdelhamid ZERRIFI,20 JUN 1986,8:43.22,,FRA,Albi (FRA),French Championships,08 JUL 2018,2018,OC,B,National Championships,7120754,worldwide
men_3000sc,Carlos SAN MARTÍN,19 NOV 1993,8:57.62,,COL,Barranquilla (COL),Colombian Championships,08 JUL 2018,2018,2.,B,National Championships,7121282,worldwide
men_3000sc,Turgay BAYRAM,15 JUN 1995,8:48.31,,TUR,Bursa (TUR),Turkish Championships,08 JUL 2018,2018,1.,B,National Championships,7120859,worldwide
men_3000sc,André PEREIRA,10 AUG 1995,8:46.39,,POR,Leiria (POR),Portuguese Championships,08 JUL 2018,2018,1.,B,National Championships,7120818,worldwide
men_3000sc,Clément DEFLANDRE,14 DEC 1997,8:57.87,,BEL,Bruxelles (BEL),Belgian Championships,08 JUL 2018,2018,1.,B,National Championships,7120806,worldwide
men_3000sc,John KOECH,23 AUG 1995,8:46.60,,BRN,Amman (JOR),Amman West Asian Championships,09 JUL 2018,2018,1.,E,Area Regional Champs,7121381,worldwide
men_3000sc,Topi RAITANEN,07 FEB 1996,8:44.28,,FIN,Jyväskylä (FIN),Finnish Championships,22 JUL 2018,2018,1.,B,National Championships,7121160,worldwide
men_3000sc,Maksim YAKUSHEV,15 MAR 1992,8:22.40,,RUS,Kazan (RUS),Russian Championships,20 JUL 2018,2018,1.,B,National Championships,7121221,worldwide
men_3000sc,Ildar NADYROV,22 APR 1994,8:28.70,,RUS,Kazan (RUS),Russian Championships,20 JUL 2018,2018,2.,B,National Championships,7121221,worldwide
men_3000sc,Yuriy KLOPTSOV,22 DEC 1989,8:29.42,,RUS,Kazan (RUS),Russian Championships,20 JUL 2018,2018,3.,B,National Championships,7121221,worldwide
men_3000sc,Andrey FARNOSOV,09 JUL 1980,8:29.95,,RUS,Kazan (RUS),Russian Championships,20 JUL 2018,2018,4.,B,National Championships,7121221,worldwide
men_3000sc,Ivan LUKYANOV,31 JAN 1981,8:39.74,,RUS,Kazan (RUS),Russian Championships,20 JUL 2018,2018,5.,B,National Championships,7121221,worldwide
men_3000sc,Martin GRAU,26 MAR 1992,8:33.90,,GER,Nürnberg (GER),German Championships,21 JUL 2018,2018,1.,B,National Championships,7121177,worldwide
men_3000sc,Patrick KARL,03 MAY 1996,8:41.22,,GER,Nürnberg (GER),German Championships,21 JUL 2018,2018,2.,B,National Championships,7121177,worldwide
men_3000sc,Konstantin WEDEL,22 NOV 1993,8:43.04,,GER,Nürnberg (GER),German Championships,21 JUL 2018,2018,4.,B,National Championships,7121177,worldwide
men_3000sc,Lennart MESECKE,30 APR 1997,8:48.20,,GER,Nürnberg (GER),German Championships,21 JUL 2018,2018,5.,B,National Championships,7121177,worldwide
men_3000sc,Niklas BUCHHOLZ,04 MAR 1998,8:52.52,,GER,Nürnberg (GER),German Championships,21 JUL 2018,2018,8.,B,National Championships,7121177,worldwide
men_3000sc,Nick JÄGER,22 AUG 1999,9:04.35,,GER,Nürnberg (GER),German Championships,21 JUL 2018,2018,10.,B,National Championships,7121177,worldwide
men_3000sc,Dzmitry IVANENKA,07 JAN 1994,8:50.05,,BLR,Minsk (BLR),Belarus Championships,20 JUL 2018,2018,1.,B,National Championships,7121217,worldwide
men_3000sc,Viachaslau SKUDNY,09 NOV 1998,9:16.77,,BLR,Minsk (BLR),Belarus Championships,20 JUL 2018,2018,3.,B,National Championships,7121217,worldwide
men_3000sc,Hosein KEYHANI,26 APR 1990,8:40.99,,IRI,Minsk (BLR),Belarus Championships,20 JUL 2018,2018,OC,B,National Championships,7121217,worldwide
men_3000sc,Krystian ZALEWSKI,11 APR 1989,8:40.45,,POL,Lublin (POL),Polish Championships,20 JUL 2018,2018,1.,B,National Championships,7121185,worldwide
men_3000sc,Fernando CARRO,01 APR 1992,8:29.79,,ESP,Getafe (ESP),Spanish Championships,22 JUL 2018,2018,1.,B,National Championships,7121199,worldwide
men_3000sc,Daniel ARCE,22 APR 1992,8:33.77,,ESP,Getafe (ESP),Spanish Championships,22 JUL 2018,2018,2.,B,National Championships,7121199,worldwide
men_3000sc,Sebastián MARTOS,20 JUN 1989,8:35.00,,ESP,Getafe (ESP),Spanish Championships,22 JUL 2018,2018,3.,B,National Championships,7121199,worldwide
men_3000sc,Víctor RUIZ,24 JUN 1993,8:42.72,,ESP,Getafe (ESP),Spanish Championships,22 JUL 2018,2018,4.,B,National Championships,7121199,worldwide
men_3000sc,Jonathan ROMEO,13 AUG 1994,8:44.12,,ESP,Getafe (ESP),Spanish Championships,22 JUL 2018,2018,5.,B,National Championships,7121199,worldwide
men_3000sc,Eric PEÑALVER,23 SEP 1993,DNF,,ESP,Getafe (ESP),Spanish Championships,22 JUL 2018,2018,,B,National Championships,7121199,worldwide
men_3000sc,Ibrahim CHAKIR,04 SEP 1994,DNF,,ESP,Getafe (ESP),Spanish Championships,22 JUL 2018,2018,,B,National Championships,7121199,worldwide
men_3000sc,Ibrahim EZZAYDOUNI,28 APR 1991,8:30.15,,ESP,Getafe (ESP),Spanish Championships,22 JUL 2018,2018,OC,B,National Championships,7121199,worldwide
men_3000sc,Mohamed TINDOUFT,12 MAR 1993,8:40.16,,MAR,Kenitra (MAR),Moroccan Championships,25 JUL 2018,2018,1.,B,National Championships,7121962,worldwide
men_3000sc,Mounaime SASSIOUI,20 MAR 1995,9:00.73,,MAR,Kenitra (MAR),Moroccan Championships,25 JUL 2018,2018,3.,B,National Championships,7121962,worldwide
men_3000sc,Abdelhakim ABOUZOUHAIR,20 NOV 1997,9:13.97,,MAR,Kenitra (MAR),Moroccan Championships,25 JUL 2018,2018,5.,B,National Championships,7121962,worldwide
men_3000sc,Jáchym KOVÁŘ,25 MAY 1996,9:01.97,,CZE,Kladno (CZE),Czech Championships,29 JUL 2018,2018,1.,B,National Championships,7121347,worldwide
men_3000sc,Kaur KIVISTIK,29 APR 1991,8:58.03,,EST,Tallinn (EST),Estonian Championships,28 JUL 2018,2018,1.,B,National Championships,7121351,worldwide
men_3000sc,Gerald Nicolas GIRALDO VILLA,21 MAR 1989,8:44.51,,COL,Barranquilla (COL),Barranquilla CAC Games,02 AUG 2018,2018,1.,C,Area Regional Champs,7121357,worldwide
men_3000sc,Conseslus KIPRUTO,08 DEC 1994,8:26.37,,KEN,"Stephen Keshi Stadium, Asaba (NGR)",African Championships,03 AUG 2018,2018,1.,GL,Area Champs,7121417,worldwide
men_3000sc,Soufiane EL BAKKALI,07 JAN 1996,8:28.01,,MAR,"Stephen Keshi Stadium, Asaba (NGR)",African Championships,03 AUG 2018,2018,2.,GL,Area Champs,7121417,worldwide
men_3000sc,Getnet WALE,16 JUL 2000,8:30.87,,ETH,"Stephen Keshi Stadium, Asaba (NGR)",African Championships,03 AUG 2018,2018,3.,GL,Area Champs,7121417,worldwide
men_3000sc,Amos KIRUI,09 FEB 1998,8:33.83,,KEN,"Stephen Keshi Stadium, Asaba (NGR)",African Championships,03 AUG 2018,2018,4.,GL,Area Champs,7121417,worldwide
men_3000sc,Yemane HAILESELASSIE,21 FEB 1998,8:36.58,,ERI,"Stephen Keshi Stadium, Asaba (NGR)",African Championships,03 AUG 2018,2018,5.,GL,Area Champs,7121417,worldwide
men_3000sc,Hailemariyam AMARE,22 FEB 1997,8:38.46,,ETH,"Stephen Keshi Stadium, Asaba (NGR)",African Championships,03 AUG 2018,2018,6.,GL,Area Champs,7121417,worldwide
men_3000sc,Tolosa NURGI,29 MAR 1990,8:42.14,,ETH,"Stephen Keshi Stadium, Asaba (NGR)",African Championships,03 AUG 2018,2018,7.,GL,Area Champs,7121417,worldwide
men_3000sc,Mohamed TINDOUFT,12 MAR 1993,8:44.12,,MAR,"Stephen Keshi Stadium, Asaba (NGR)",African Championships,03 AUG 2018,2018,8.,GL,Area Champs,7121417,worldwide
men_3000sc,Hicham SIGUENI,30 JAN 1993,8:47.02,,MAR,"Stephen Keshi Stadium, Asaba (NGR)",African Championships,03 AUG 2018,2018,10.,GL,Area Champs,7121417,worldwide
men_3000sc,Mohamed ISMAIL,01 JAN 1997,8:48.25,,DJI,"Stephen Keshi Stadium, Asaba (NGR)",African Championships,03 AUG 2018,2018,11.,GL,Area Champs,7121417,worldwide
men_3000sc,Mahiedine MEKHISSI,15 MAR 1985,8:31.66,,FRA,"Olympiastadion, Berlin (GER)",European Athletics Championships,09 AUG 2018,2018,1.,GL,Area Champs,7105084,worldwide
men_3000sc,Fernando CARRO,01 APR 1992,8:34.16,,ESP,"Olympiastadion, Berlin (GER)",European Athletics Championships,09 AUG 2018,2018,2.,GL,Area Champs,7105084,worldwide
men_3000sc,Yohanes CHIAPPINELLI,18 AUG 1997,8:35.81,,ITA,"Olympiastadion, Berlin (GER)",European Athletics Championships,09 AUG 2018,2018,3.,GL,Area Champs,7105084,worldwide
men_3000sc,Yoann KOWAL,28 MAY 1987,8:36.77,,FRA,"Olympiastadion, Berlin (GER)",European Athletics Championships,09 AUG 2018,2018,4.,GL,Area Champs,7105084,worldwide
men_3000sc,Zak SEDDON,28 JUN 1994,8:37.28,,GBR,"Olympiastadion, Berlin (GER)",European Athletics Championships,09 AUG 2018,2018,5.,GL,Area Champs,7105084,worldwide
men_3000sc,Daniel ARCE,22 APR 1992,8:38.12,,ESP,"Olympiastadion, Berlin (GER)",European Athletics Championships,09 AUG 2018,2018,6.,GL,Area Champs,7105084,worldwide
men_3000sc,Krystian ZALEWSKI,11 APR 1989,8:38.59,,POL,"Olympiastadion, Berlin (GER)",European Athletics Championships,09 AUG 2018,2018,7.,GL,Area Champs,7105084,worldwide
men_3000sc,Topi RAITANEN,07 FEB 1996,8:40.11,,FIN,"Olympiastadion, Berlin (GER)",European Athletics Championships,09 AUG 2018,2018,8.,GL,Area Champs,7105084,worldwide
men_3000sc,Kaur KIVISTIK,29 APR 1991,8:40.32,,EST,"Olympiastadion, Berlin (GER)",European Athletics Championships,09 AUG 2018,2018,9.,GL,Area Champs,7105084,worldwide
men_3000sc,Djilali BEDRANI,01 OCT 1993,8:41.83,,FRA,"Olympiastadion, Berlin (GER)",European Athletics Championships,09 AUG 2018,2018,10.,GL,Area Champs,7105084,worldwide
men_3000sc,Tom Erling KÅRBØ,04 FEB 1989,8:42.91,,NOR,"Olympiastadion, Berlin (GER)",European Athletics Championships,09 AUG 2018,2018,11.,GL,Area Champs,7105084,worldwide
men_3000sc,Napoleon SOLOMON,14 FEB 1994,8:43.66,,SWE,"Olympiastadion, Berlin (GER)",European Athletics Championships,09 AUG 2018,2018,12.,GL,Area Champs,7105084,worldwide
men_3000sc,Ahmed ABDELWAHED,26 MAY 1996,8:44.77,,ITA,"Olympiastadion, Berlin (GER)",European Athletics Championships,09 AUG 2018,2018,13.,GL,Area Champs,7105084,worldwide
men_3000sc,Sebastián MARTOS,20 JUN 1989,8:46.76,,ESP,"Olympiastadion, Berlin (GER)",European Athletics Championships,09 AUG 2018,2018,14.,GL,Area Champs,7105084,worldwide
men_3000sc,Ole HESSELBJERG,23 APR 1990,8:48.48,,DEN,"Olympiastadion, Berlin (GER)",European Athletics Championships,09 AUG 2018,2018,15.,GL,Area Champs,7105084,worldwide
men_3000sc,Andrew BAYER,03 FEB 1990,8:28.55,,USA,Toronto (CAN),Toronto NACAC Championships,12 AUG 2018,2018,1.,GL,Area Champs,7121537,worldwide
men_3000sc,Travis MAHONEY,25 JUL 1990,8:29.29,,USA,Toronto (CAN),Toronto NACAC Championships,12 AUG 2018,2018,2.,GL,Area Champs,7121537,worldwide
men_3000sc,Jordan MANN,12 JAN 1993,8:45.14,,USA,Toronto (CAN),Toronto NACAC Championships,12 AUG 2018,2018,3.,GL,Area Champs,7121537,worldwide
men_3000sc,Tom Erling KÅRBØ,04 FEB 1989,8:58.49,,NOR,Byrkjelo (NOR),Norwegian Championships,18 AUG 2018,2018,1.,B,National Championships,7121646,worldwide
men_3000sc,Fredrik SANDVIK,23 MAR 1998,9:25.05,,NOR,Byrkjelo (NOR),Norwegian Championships,18 AUG 2018,2018,3.,B,National Championships,7121646,worldwide
men_3000sc,Napoleon SOLOMON,14 FEB 1994,8:43.29,,SWE,Eskilstuna (SWE),Swedish Championships,25 AUG 2018,2018,1.,B,National Championships,7121778,worldwide
men_3000sc,Simon SUNDSTRÖM,04 FEB 1998,8:51.23,,SWE,Eskilstuna (SWE),Swedish Championships,25 AUG 2018,2018,2.,B,National Championships,7121778,worldwide
men_3000sc,Vidar JOHANSSON,08 OCT 1996,8:57.33,,SWE,Eskilstuna (SWE),Swedish Championships,25 AUG 2018,2018,3.,B,National Championships,7121778,worldwide
men_3000sc,Emil BLOMBERG,09 APR 1992,9:05.30,,SWE,Eskilstuna (SWE),Swedish Championships,25 AUG 2018,2018,4.,B,National Championships,7121778,worldwide
men_3000sc,Salem Mohamed ATTIAALLAH,01 OCT 1993,9:19.90,,EGY,Cairo (EGY),Egyptian Championships,05 SEP 2018,2018,1.,B,National Championships,7133988,worldwide
men_3000sc,Leonardo FELETTO,26 JUN 1995,8:34.17,,ITA,Pescara (ITA),Italian Championships,08 SEP 2018,2018,1.,B,National Championships,7122096,worldwide
men_3000sc,Osama ZOGHLAMI,19 JUN 1994,8:35.28,,ITA,Pescara (ITA),Italian Championships,08 SEP 2018,2018,2.,B,National Championships,7122096,worldwide
men_3000sc,Ala ZOGHLAMI,19 JUN 1994,8:39.34,,ITA,Pescara (ITA),Italian Championships,08 SEP 2018,2018,3.,B,National Championships,7122096,worldwide
men_3000sc,Pietro ARESE,08 OCT 1999,9:04.46,,ITA,Pescara (ITA),Italian Championships,08 SEP 2018,2018,8.,B,National Championships,7122096,worldwide
men_3000sc,Altobeli SILVA,03 DEC 1990,8:39.68,,BRA,Bragança Paulista (BRA),Brazilian Championships,15 SEP 2018,2018,1.,B,National Championships,7122255,worldwide
men_3000sc,Avinash Mukund SABLE,13 SEP 1994,8:29.80,,IND,Bhubaneshwar (IND),Indian Open Championships,28 SEP 2018,2018,1.,B,National Championships,7122706,worldwide
