discipline,Competitor,DOB,Mark,WIND,Nat,Venue,Meeting,Date,year,Pos,tier,group,competitionId,source
men_800m,Samuel TANNER,24 AUG 2000,1:45.94,,NZL,"Mitre10 Sports Park, Hastings (NZL)",Allan & Sylvia Potts Classic,17 JAN 2026,2026,2.0,D,Continental Tour,7231313,worldwide
men_800m,Peter BOL,22 FEB 1994,1:43.89,,AUS,"WA Athletics Stadium, Perth (AUS)",Perth Track Classic,14 FEB 2026,2026,1.0,C,Continental Tour,7232367,worldwide
men_800m,Tiarnan CRORKEN,13 JUN 1999,1:44.53,,GBR,"WA Athletics Stadium, Perth (AUS)",Perth Track Classic,14 FEB 2026,2026,3.0,C,Continental Tour,7232367,worldwide
men_800m,Luke BOYES,05 NOV 2003,1:45.16,,AUS,"WA Athletics Stadium, Perth (AUS)",Perth Track Classic,14 FEB 2026,2026,4.0,C,Continental Tour,7232367,worldwide
men_800m,Mikuto KANEKO,06 NOV 2001,1:46.24,,JPN,"WA Athletics Stadium, Perth (AUS)",Perth Track Classic,14 FEB 2026,2026,6.0,C,Continental Tour,7232367,worldwide
men_800m,Junya MATSUMOTO,28 SEP 2000,1:46.37,,JPN,"WA Athletics Stadium, Perth (AUS)",Perth Track Classic,14 FEB 2026,2026,7.0,C,Continental Tour,7232367,worldwide
men_800m,Mason COHEN,19 SEP 1996,1:47.17,,AUS,"WA Athletics Stadium, Perth (AUS)",Perth Track Classic,14 FEB 2026,2026,8.0,C,Continental Tour,7232367,worldwide
men_800m,Peter BOL,22 FEB 1994,1:47.07,,AUS,"Domain Athletic Centre, Hobart (AUS)",Hobart Track Classic,28 FEB 2026,2026,1.0,C,Continental Tour,7232365,worldwide
men_800m,Junya MATSUMOTO,28 SEP 2000,1:48.36,,JPN,"Domain Athletic Centre, Hobart (AUS)",Hobart Track Classic,28 FEB 2026,2026,3.0,C,Continental Tour,7232365,worldwide
men_800m,Mikuto KANEKO,06 NOV 2001,1:48.81,,JPN,"Domain Athletic Centre, Hobart (AUS)",Hobart Track Classic,28 FEB 2026,2026,4.0,C,Continental Tour,7232365,worldwide
men_800m,Mason COHEN,19 SEP 1996,1:49.20,,AUS,"Domain Athletic Centre, Hobart (AUS)",Hobart Track Classic,28 FEB 2026,2026,5.0,C,Continental Tour,7232365,worldwide
men_800m,James PRESTON,08 MAY 1997,1:46.58,,NZL,"Douglas Track & Field, Auckland (NZL)",New Zealand Track & Field Championships,08 MAR 2026,2026,1.0,B,National Championships,7235518,worldwide
men_800m,Luke BOYES,05 NOV 2003,1:44.38,,AUS,"SA Athletic Stadium, Adelaide (AUS)",Adelaide Invitational,14 MAR 2026,2026,2.0,C,Continental Tour,7232366,worldwide
men_800m,James PRESTON,08 MAY 1997,1:45.07,,NZL,"SA Athletic Stadium, Adelaide (AUS)",Adelaide Invitational,14 MAR 2026,2026,3.0,C,Continental Tour,7232366,worldwide
men_800m,Mason COHEN,19 SEP 1996,1:46.90,,AUS,"SA Athletic Stadium, Adelaide (AUS)",Adelaide Invitational,14 MAR 2026,2026,4.0,C,Continental Tour,7232366,worldwide
men_800m,Luke BOYES,05 NOV 2003,1:45.21,,AUS,"Lakeside Stadium, Melbourne (AUS)",Maurie Plant Meet,28 MAR 2026,2026,1.0,A,Continental Tour,7232016,worldwide
men_800m,Tony VAN DIEPEN,17 APR 1996,1:46.19,,NED,"Lakeside Stadium, Melbourne (AUS)",Maurie Plant Meet,28 MAR 2026,2026,3.0,A,Continental Tour,7232016,worldwide
men_800m,James PRESTON,08 MAY 1997,1:46.38,,NZL,"Lakeside Stadium, Melbourne (AUS)",Maurie Plant Meet,28 MAR 2026,2026,4.0,A,Continental Tour,7232016,worldwide
men_800m,Peyton CRAIG,28 MAR 2005,1:46.62,,AUS,"Lakeside Stadium, Melbourne (AUS)",Maurie Plant Meet,28 MAR 2026,2026,6.0,A,Continental Tour,7232016,worldwide
men_800m,Mason COHEN,19 SEP 1996,1:48.88,,AUS,"Lakeside Stadium, Melbourne (AUS)",Maurie Plant Meet,28 MAR 2026,2026,10.0,A,Continental Tour,7232016,worldwide
men_800m,Tinoda MATSATSA,20 SEP 2004,1:46.17,,USA,"Percy Beard Track, Gainesville, FL (USA)",Pepsi Florida Relays,04 APR 2026,2026,1.0,D,Continental Tour,7235940,worldwide
men_800m,Ryan SÁNCHEZ,22 SEP 1998,1:46.88,,PUR,"Percy Beard Track, Gainesville, FL (USA)",Pepsi Florida Relays,04 APR 2026,2026,4.0,D,Continental Tour,7235940,worldwide
men_800m,Trevor BASSITT,26 FEB 1998,DNF,,USA,"Percy Beard Track, Gainesville, FL (USA)",Pepsi Florida Relays,04 APR 2026,2026,,D,Continental Tour,7235940,worldwide
men_800m,Rynard SWANEPOEL,2002,DNS,,RSA,"Percy Beard Track, Gainesville, FL (USA)",Pepsi Florida Relays,04 APR 2026,2026,,D,Continental Tour,7235940,worldwide
men_800m,Kethobogile HAINGURA,14 DEC 1998,1:44.93,,BOT,"National Stadium, Gaborone (BOT)",Botswana Championships,04 APR 2026,2026,1.0,B,National Championships,7241518,worldwide
men_800m,Peter BOL,22 FEB 1994,1:45.60,,AUS,"Olympic Park, Sydney (AUS)",Australian Championships,12 APR 2026,2026,1.0,B,National Championships,7232772,worldwide
men_800m,Luke BOYES,05 NOV 2003,1:45.73,,AUS,"Olympic Park, Sydney (AUS)",Australian Championships,12 APR 2026,2026,2.0,B,National Championships,7232772,worldwide
men_800m,Mason COHEN,19 SEP 1996,1:48.62,,AUS,"Olympic Park, Sydney (AUS)",Australian Championships,12 APR 2026,2026,6.0,B,National Championships,7232772,worldwide
men_800m,Gideon KIPLIMO,29 NOV 1999,1:53.49,,KEN,"Percy Beard Track, Gainesville, FL (USA)",Tom Jones Memorial,18 APR 2026,2026,5.0,D,Continental Tour,7235850,worldwide
men_800m,Edmund DU PLESSIS,05 APR 2002,1:46.63,,RSA,"Coetzenburg Stadium, Stellenbosch (RSA)",South African Championships,18 APR 2026,2026,1.0,B,National Championships,7237289,worldwide
men_800m,Ferguson Cheruiyot ROTICH,30 NOV 1989,1:48.47,,KEN,"Addis Ababa Stadium, Addis Ababa (ETH)",Addis Ababa Grand Prix,18 APR 2026,2026,4.0,C,Continental Tour,7239468,worldwide
men_800m,Edose IBADIN,27 FEB 1993,1:46.48,,NGR,"Franklin Field, Philadelphia, PA (USA)",Penn Relay Carnival,25 APR 2026,2026,2.0,B,Continental Tour,7234852,worldwide
men_800m,Rynard SWANEPOEL,2002,1:46.76,,RSA,"Franklin Field, Philadelphia, PA (USA)",Penn Relay Carnival,25 APR 2026,2026,3.0,B,Continental Tour,7234852,worldwide
men_800m,Shane COHEN,25 JAN 2001,1:48.48,,USA,"Franklin Field, Philadelphia, PA (USA)",Penn Relay Carnival,25 APR 2026,2026,6.0,B,Continental Tour,7234852,worldwide
men_800m,Kelvin Kimtai LOTI,05 OCT 1999,1:43.63,,KEN,"Nyayo National Stadium, Nairobi (KEN)",Kip Keino Classic,24 APR 2026,2026,1.0,A,Continental Tour,7233226,worldwide
men_800m,Alex Ngeno KIPNGETICH,17 AUG 2000,1:44.12,,KEN,"Nyayo National Stadium, Nairobi (KEN)",Kip Keino Classic,24 APR 2026,2026,2.0,A,Continental Tour,7233226,worldwide
men_800m,Noah KIBET,12 APR 2004,1:44.44,,KEN,"Nyayo National Stadium, Nairobi (KEN)",Kip Keino Classic,24 APR 2026,2026,3.0,A,Continental Tour,7233226,worldwide
men_800m,Kethobogile HAINGURA,14 DEC 1998,1:45.29,,BOT,"Nyayo National Stadium, Nairobi (KEN)",Kip Keino Classic,24 APR 2026,2026,5.0,A,Continental Tour,7233226,worldwide
men_800m,Nicholas KIPLAGAT,07 JUN 1995,1:45.56,,KEN,"Nyayo National Stadium, Nairobi (KEN)",Kip Keino Classic,24 APR 2026,2026,6.0,A,Continental Tour,7233226,worldwide
men_800m,Ferguson Cheruiyot ROTICH,30 NOV 1989,1:45.74,,KEN,"Nyayo National Stadium, Nairobi (KEN)",Kip Keino Classic,24 APR 2026,2026,7.0,A,Continental Tour,7233226,worldwide
men_800m,Tom DRADRIGA,17 JUN 1996,1:45.99,,UGA,"Nyayo National Stadium, Nairobi (KEN)",Kip Keino Classic,24 APR 2026,2026,8.0,A,Continental Tour,7233226,worldwide
men_800m,Aaron Kemei CHEMININGWA,21 JUN 1998,1:46.41,,KEN,"Nyayo National Stadium, Nairobi (KEN)",Kip Keino Classic,24 APR 2026,2026,10.0,A,Continental Tour,7233226,worldwide
men_800m,Wyclife KINYAMAL,02 JUL 1997,1:46.69,,KEN,"Nyayo National Stadium, Nairobi (KEN)",Kip Keino Classic,24 APR 2026,2026,12.0,A,Continental Tour,7233226,worldwide
men_800m,Yohanes TEFERA,28 MAR 2004,1:44.65,,ETH,"National Stadium, Gaborone (BOT)",Botswana Golden Grand Prix,26 APR 2026,2026,2.0,B,Continental Tour,7229642,worldwide
men_800m,Laban Kipkorir CHEPKWONY,14 APR 1996,1:44.83,,KEN,"National Stadium, Gaborone (BOT)",Botswana Golden Grand Prix,26 APR 2026,2026,3.0,B,Continental Tour,7229642,worldwide
men_800m,Aaron Kemei CHEMININGWA,21 JUN 1998,1:44.92,,KEN,"National Stadium, Gaborone (BOT)",Botswana Golden Grand Prix,26 APR 2026,2026,4.0,B,Continental Tour,7229642,worldwide
men_800m,Kethobogile HAINGURA,14 DEC 1998,1:46.37,,BOT,"National Stadium, Gaborone (BOT)",Botswana Golden Grand Prix,26 APR 2026,2026,5.0,B,Continental Tour,7229642,worldwide
men_800m,Ferguson Cheruiyot ROTICH,30 NOV 1989,1:47.96,,KEN,"National Stadium, Gaborone (BOT)",Botswana Golden Grand Prix,26 APR 2026,2026,8.0,B,Continental Tour,7229642,worldwide
men_800m,Nicholas KIPLAGAT,07 JUN 1995,DNF,,KEN,"National Stadium, Gaborone (BOT)",Botswana Golden Grand Prix,26 APR 2026,2026,,B,Continental Tour,7229642,worldwide
men_800m,Noah KIBET,12 APR 2004,1:44.96,,KEN,"Pilditch Stadium, Pretoria (RSA)",Simbine Classic,28 APR 2026,2026,1.0,B,Continental Tour,7233329,worldwide
men_800m,Elliot GILES,26 MAY 1994,1:45.82,,GBR,"Pilditch Stadium, Pretoria (RSA)",Simbine Classic,28 APR 2026,2026,2.0,B,Continental Tour,7233329,worldwide
men_800m,Nicholas KIPLAGAT,07 JUN 1995,1:46.68,,KEN,"Pilditch Stadium, Pretoria (RSA)",Simbine Classic,28 APR 2026,2026,4.0,B,Continental Tour,7233329,worldwide
men_800m,Aaron Kemei CHEMININGWA,21 JUN 1998,1:46.93,,KEN,"Pilditch Stadium, Pretoria (RSA)",Simbine Classic,28 APR 2026,2026,5.0,B,Continental Tour,7233329,worldwide
men_800m,Abel KIPSANG,22 NOV 1996,1:47.43,,KEN,"Pilditch Stadium, Pretoria (RSA)",Simbine Classic,28 APR 2026,2026,8.0,B,Continental Tour,7233329,worldwide
men_800m,Edmund DU PLESSIS,05 APR 2002,1:48.66,,RSA,"Pilditch Stadium, Pretoria (RSA)",Simbine Classic,28 APR 2026,2026,9.0,B,Continental Tour,7233329,worldwide
men_800m,David BARROSO,21 AUG 2001,1:44.56,,ESP,"Stadio Luigi Ridolfi, Firenze (ITA)",International Pegaso Meeting,09 MAY 2026,2026,1.0,D,Continental Tour,7234843,worldwide
men_800m,Alex BOTTERILL,18 JAN 2000,1:45.24,,GBR,"Stadio Luigi Ridolfi, Firenze (ITA)",International Pegaso Meeting,09 MAY 2026,2026,2.0,D,Continental Tour,7234843,worldwide
men_800m,Abdelati EL GUESSE,27 FEB 1993,1:45.71,,MAR,"Stadio Luigi Ridolfi, Firenze (ITA)",International Pegaso Meeting,09 MAY 2026,2026,3.0,D,Continental Tour,7234843,worldwide
men_800m,Simone BARONTINI,05 JAN 1999,1:47.81,,ITA,"Stadio Luigi Ridolfi, Firenze (ITA)",International Pegaso Meeting,09 MAY 2026,2026,6.0,D,Continental Tour,7234843,worldwide
men_800m,Abedin MUJEZINOVIĆ,02 JUN 1993,1:47.87,,BIH,"Stadio Luigi Ridolfi, Firenze (ITA)",International Pegaso Meeting,09 MAY 2026,2026,7.0,D,Continental Tour,7234843,worldwide
men_800m,Henry JONAS,08 JUN 2005,1:45.76,,GBR,"Mary Peters Track, Belfast (GBR)",The Belfast Classic - formerly the Belfast Irish milers meet,09 MAY 2026,2026,1.0,D,Continental Tour,7234851,worldwide
men_800m,Callum DODDS,06 OCT 2000,1:46.36,,GBR,"Mary Peters Track, Belfast (GBR)",The Belfast Classic - formerly the Belfast Irish milers meet,09 MAY 2026,2026,3.0,D,Continental Tour,7234851,worldwide
men_800m,Justin DAVIES,06 FEB 2003,1:46.52,,GBR,"Mary Peters Track, Belfast (GBR)",The Belfast Classic - formerly the Belfast Irish milers meet,09 MAY 2026,2026,4.0,D,Continental Tour,7234851,worldwide
men_800m,Guy LEARMONTH,20 APR 1992,1:52.12,,GBR,"Mary Peters Track, Belfast (GBR)",The Belfast Classic - formerly the Belfast Irish milers meet,09 MAY 2026,2026,9.0,D,Continental Tour,7234851,worldwide
men_800m,Hiroki MINAMOTO,24 NOV 1999,1:45.46,,JPN,"Yanmar Stadium Nagai, Osaka (JPN)",13th Kinami Michitaka Memorial Athletics Meet,10 MAY 2026,2026,1.0,C,Continental Tour,7239320,worldwide
men_800m,Daichi SETOGUCHI,04 AUG 1998,1:52.01,,JPN,"Yanmar Stadium Nagai, Osaka (JPN)",13th Kinami Michitaka Memorial Athletics Meet,10 MAY 2026,2026,6.0,C,Continental Tour,7239320,worldwide
men_800m,Kelvin Kimtai LOTI,05 OCT 1999,1:45.47,,KEN,"University of Ghana Sports Stadium, Accra (GHA)",African Athletics Championships,14 MAY 2026,2026,1.0,GL,Area Champs,7238651,worldwide
men_800m,Alex AMANKWA,02 MAR 1992,1:46.18,,GHA,"University of Ghana Sports Stadium, Accra (GHA)",African Athletics Championships,14 MAY 2026,2026,3.0,GL,Area Champs,7238651,worldwide
men_800m,Mohamed Ali GOUANED,05 JUL 2002,1:46.19,,ALG,"University of Ghana Sports Stadium, Accra (GHA)",African Athletics Championships,14 MAY 2026,2026,4.0,GL,Area Champs,7238651,worldwide
men_800m,Edmund DU PLESSIS,05 APR 2002,1:47.82,,RSA,"University of Ghana Sports Stadium, Accra (GHA)",African Athletics Championships,14 MAY 2026,2026,9.0,GL,Area Champs,7238651,worldwide
men_800m,Ebrahim Remaid ALZOFAIRI,08 MAY 1989,1:47.98,,KUW,"Suhaim bin Hamad Stadium, Doha (QAT)",GCC Games,14 MAY 2026,2026,1.0,D,Area Regional Champs,7238929,worldwide
men_800m,Piers COPELAND,26 NOV 1998,1:47.48,,GBR,"Longford Stadium Trafford, Manchester (GBR)",British Milers Club Grand Prix,16 MAY 2026,2026,1.0,D,Continental Tour,7234740,worldwide
men_800m,Thomas RANDOLPH,07 FEB 1999,1:49.39,,GBR,"Longford Stadium Trafford, Manchester (GBR)",British Milers Club Grand Prix,16 MAY 2026,2026,8.0,D,Continental Tour,7234740,worldwide
men_800m,Gonzalo PARRA,20 JUN 1996,DNF,,ESP,"Pista atletismo Can Mises, Ibiza (ESP)",Meeting de Atletismo Toni Bonet,16 MAY 2026,2026,,D,Continental Tour,7241767,worldwide
men_800m,Luke BOYES,05 NOV 2003,1:46.83,,AUS,"Arafura Stadium, Darwin (AUS)",Oceania Athletics Championships,21 MAY 2026,2026,1.0,GL,Area Champs,7216660,worldwide
men_800m,Louey OUERRAT,04 NOV 2004,1:45.28,,FRA,"Estadio Enrique Lopez Cuenca, Nerja (ESP)",Desafio Nerja,20 MAY 2026,2026,2.0,D,Continental Tour,7236875,worldwide
men_800m,Carlos SAEZ,27 JAN 1999,1:45.65,,ESP,"Estadio Enrique Lopez Cuenca, Nerja (ESP)",Desafio Nerja,20 MAY 2026,2026,4.0,D,Continental Tour,7236875,worldwide
men_800m,Romain MORNET,08 NOV 1997,1:46.23,,FRA,"Estadio Enrique Lopez Cuenca, Nerja (ESP)",Desafio Nerja,20 MAY 2026,2026,6.0,D,Continental Tour,7236875,worldwide
men_800m,Chamar CHAMBERS,31 OCT 1997,1:49.01,,PAN,"Estadio Enrique Lopez Cuenca, Nerja (ESP)",Desafio Nerja,20 MAY 2026,2026,8.0,D,Continental Tour,7236875,worldwide
men_800m,Tobias GRØNSTAD,06 JUL 2002,1:45.11,,NOR,"Boudewijnstadion, Bruxelles (BEL)",IFAM Outdoor,23 MAY 2026,2026,1.0,C,Continental Tour,7235003,worldwide
men_800m,Louey OUERRAT,04 NOV 2004,1:45.16,,FRA,"Boudewijnstadion, Bruxelles (BEL)",IFAM Outdoor,23 MAY 2026,2026,2.0,C,Continental Tour,7235003,worldwide
men_800m,Paul ANSELMINI,02 AUG 2003,1:45.62,,FRA,"Boudewijnstadion, Bruxelles (BEL)",IFAM Outdoor,23 MAY 2026,2026,3.0,C,Continental Tour,7235003,worldwide
men_800m,Henry JONAS,08 JUN 2005,1:45.88,,GBR,"Boudewijnstadion, Bruxelles (BEL)",IFAM Outdoor,23 MAY 2026,2026,4.0,C,Continental Tour,7235003,worldwide
men_800m,Thomas MARQUES DE ANDRADE,13 JAN 2004,1:45.89,,FRA,"Boudewijnstadion, Bruxelles (BEL)",IFAM Outdoor,23 MAY 2026,2026,5.0,C,Continental Tour,7235003,worldwide
men_800m,Tibo DE SMET,28 MAY 1999,1:45.89,,BEL,"Boudewijnstadion, Bruxelles (BEL)",IFAM Outdoor,23 MAY 2026,2026,6.0,C,Continental Tour,7235003,worldwide
men_800m,Ruben VERHEYDEN,22 DEC 2000,1:46.11,,BEL,"Boudewijnstadion, Bruxelles (BEL)",IFAM Outdoor,23 MAY 2026,2026,9.0,C,Continental Tour,7235003,worldwide
men_800m,Finley MCLEAR,25 MAY 2000,1:46.74,,GBR,"Univ. of Arizona Roy P. Drachman Stadium, Tucson, AZ (USA)",USATF Throws Festival,23 MAY 2026,2026,1.0,B,Continental Tour,7236526,worldwide
men_800m,Brandon MILLER,30 JAN 2002,1:44.26,,USA,"Drake Stadium, Los Angeles, CA (USA)",LA Track Festival,23 MAY 2026,2026,1.0,B,Continental Tour,7236537,worldwide
men_800m,Abraham ALVARADO,04 AUG 1995,1:44.59,,MEX,"Drake Stadium, Los Angeles, CA (USA)",LA Track Festival,23 MAY 2026,2026,2.0,B,Continental Tour,7236537,worldwide
men_800m,Josh KERR,08 OCT 1997,1:44.60,,GBR,"Drake Stadium, Los Angeles, CA (USA)",LA Track Festival,23 MAY 2026,2026,3.0,B,Continental Tour,7236537,worldwide
men_800m,Jake WIGHTMAN,11 JUL 1994,1:44.74,,GBR,"Drake Stadium, Los Angeles, CA (USA)",LA Track Festival,23 MAY 2026,2026,4.0,B,Continental Tour,7236537,worldwide
men_800m,Bryce HOPPEL,05 SEP 1997,1:45.01,,USA,"Drake Stadium, Los Angeles, CA (USA)",LA Track Festival,23 MAY 2026,2026,5.0,B,Continental Tour,7236537,worldwide
men_800m,Donavan BRAZIER,15 APR 1997,1:45.03,,USA,"Drake Stadium, Los Angeles, CA (USA)",LA Track Festival,23 MAY 2026,2026,6.0,B,Continental Tour,7236537,worldwide
men_800m,Isaiah HARRIS,18 OCT 1996,1:45.59,,USA,"Drake Stadium, Los Angeles, CA (USA)",LA Track Festival,23 MAY 2026,2026,7.0,B,Continental Tour,7236537,worldwide
men_800m,Festus LAGAT,10 OCT 1996,1:45.98,,KEN,"Drake Stadium, Los Angeles, CA (USA)",LA Track Festival,23 MAY 2026,2026,8.0,B,Continental Tour,7236537,worldwide
men_800m,Hobbs KESSLER,15 MAR 2003,1:46.04,,USA,"Drake Stadium, Los Angeles, CA (USA)",LA Track Festival,23 MAY 2026,2026,9.0,B,Continental Tour,7236537,worldwide
men_800m,Tiarnan CRORKEN,13 JUN 1999,1:48.08,,GBR,"Drake Stadium, Los Angeles, CA (USA)",LA Track Festival,23 MAY 2026,2026,10.0,B,Continental Tour,7236537,worldwide
men_800m,Ramon WIPFLI,30 JUN 2004,1:46.42,,SUI,"Bungertstadion, Rehlingen (GER)",61. Internationales Pfingstsportfest Rehlingen,24 MAY 2026,2026,1.0,B,Continental Tour,7235370,worldwide
men_800m,Patryk SIERADZKI,06 OCT 1998,1:46.69,,POL,"Bungertstadion, Rehlingen (GER)",61. Internationales Pfingstsportfest Rehlingen,24 MAY 2026,2026,2.0,B,Continental Tour,7235370,worldwide
men_800m,Yohanes TEFERA,28 MAR 2004,1:46.71,,ETH,"Bungertstadion, Rehlingen (GER)",61. Internationales Pfingstsportfest Rehlingen,24 MAY 2026,2026,3.0,B,Continental Tour,7235370,worldwide
men_800m,Mateusz BORKOWSKI,02 APR 1997,1:46.74,,POL,"Bungertstadion, Rehlingen (GER)",61. Internationales Pfingstsportfest Rehlingen,24 MAY 2026,2026,4.0,B,Continental Tour,7235370,worldwide
men_800m,Samuel PIHLSTRÖM,08 MAR 2001,1:46.78,,SWE,"Bungertstadion, Rehlingen (GER)",61. Internationales Pfingstsportfest Rehlingen,24 MAY 2026,2026,5.0,B,Continental Tour,7235370,worldwide
men_800m,Noah KIBET,12 APR 2004,1:46.90,,KEN,"Bungertstadion, Rehlingen (GER)",61. Internationales Pfingstsportfest Rehlingen,24 MAY 2026,2026,6.0,B,Continental Tour,7235370,worldwide
men_800m,Alexander STEPANOV,30 SEP 2004,1:47.14,,GER,"Bungertstadion, Rehlingen (GER)",61. Internationales Pfingstsportfest Rehlingen,24 MAY 2026,2026,7.0,B,Continental Tour,7235370,worldwide
men_800m,Corentin MAGNOU,22 SEP 2001,1:47.22,,FRA,"Bungertstadion, Rehlingen (GER)",61. Internationales Pfingstsportfest Rehlingen,24 MAY 2026,2026,8.0,B,Continental Tour,7235370,worldwide
men_800m,Justin DAVIES,06 FEB 2003,1:47.43,,GBR,"Bungertstadion, Rehlingen (GER)",61. Internationales Pfingstsportfest Rehlingen,24 MAY 2026,2026,9.0,B,Continental Tour,7235370,worldwide
men_800m,Callum DODDS,06 OCT 2000,1:47.68,,GBR,"Bungertstadion, Rehlingen (GER)",61. Internationales Pfingstsportfest Rehlingen,24 MAY 2026,2026,10.0,B,Continental Tour,7235370,worldwide
men_800m,Jakub DUDYCHA,05 SEP 2005,1:46.29,,CZE,"Atletický stadion Turnov, Turnov (CZE)",Memoriál Ludvíka Daňka - Ludvik Danek Memorial,26 MAY 2026,2026,1.0,D,Continental Tour,7237809,worldwide
men_800m,Jakub DAVIDÍK,20 JAN 2002,1:48.21,,CZE,"Atletický stadion Turnov, Turnov (CZE)",Memoriál Ludvíka Daňka - Ludvik Danek Memorial,26 MAY 2026,2026,5.0,D,Continental Tour,7237809,worldwide
men_800m,Tobias GRØNSTAD,06 JUL 2002,1:46.11,,NOR,"Fana Stadion, Bergen (NOR)",Trond Mohn Games,28 MAY 2026,2026,1.0,B,Continental Tour,7235125,worldwide
men_800m,Alex BOTTERILL,18 JAN 2000,1:46.32,,GBR,"Fana Stadion, Bergen (NOR)",Trond Mohn Games,28 MAY 2026,2026,2.0,B,Continental Tour,7235125,worldwide
men_800m,Justin DAVIES,06 FEB 2003,1:46.62,,GBR,"Fana Stadion, Bergen (NOR)",Trond Mohn Games,28 MAY 2026,2026,3.0,B,Continental Tour,7235125,worldwide
men_800m,Noah KIBET,12 APR 2004,1:46.95,,KEN,"Fana Stadion, Bergen (NOR)",Trond Mohn Games,28 MAY 2026,2026,4.0,B,Continental Tour,7235125,worldwide
men_800m,Håkon MOE BERG,26 JUN 2006,1:47.08,,NOR,"Fana Stadion, Bergen (NOR)",Trond Mohn Games,28 MAY 2026,2026,5.0,B,Continental Tour,7235125,worldwide
men_800m,Thomas MARQUES DE ANDRADE,13 JAN 2004,1:49.32,,FRA,"Fana Stadion, Bergen (NOR)",Trond Mohn Games,28 MAY 2026,2026,7.0,B,Continental Tour,7235125,worldwide
men_800m,Yohanes TEFERA,28 MAR 2004,DNF,,ETH,"Fana Stadion, Bergen (NOR)",Trond Mohn Games,28 MAY 2026,2026,,B,Continental Tour,7235125,worldwide
men_800m,Žan RUDOLF,09 MAY 1993,DNF,,SLO,"Fana Stadion, Bergen (NOR)",Trond Mohn Games,28 MAY 2026,2026,,B,Continental Tour,7235125,worldwide
men_800m,Ben PATTISON,15 DEC 2001,1:45.58,,GBR,"Zdzisław Krzyszkowiak Stadium, Bydgoszcz (POL)",8th Irena Szewińska Memorial,29 MAY 2026,2026,1.0,A,Continental Tour,7229790,worldwide
men_800m,Filip OSTROWSKI,12 JUL 2001,1:46.21,,POL,"Zdzisław Krzyszkowiak Stadium, Bydgoszcz (POL)",8th Irena Szewińska Memorial,29 MAY 2026,2026,2.0,A,Continental Tour,7229790,worldwide
men_800m,Henry JONAS,08 JUN 2005,1:46.25,,GBR,"Zdzisław Krzyszkowiak Stadium, Bydgoszcz (POL)",8th Irena Szewińska Memorial,29 MAY 2026,2026,3.0,A,Continental Tour,7229790,worldwide
men_800m,Mateusz BORKOWSKI,02 APR 1997,1:46.33,,POL,"Zdzisław Krzyszkowiak Stadium, Bydgoszcz (POL)",8th Irena Szewińska Memorial,29 MAY 2026,2026,4.0,A,Continental Tour,7229790,worldwide
men_800m,Tony VAN DIEPEN,17 APR 1996,1:46.44,,NED,"Zdzisław Krzyszkowiak Stadium, Bydgoszcz (POL)",8th Irena Szewińska Memorial,29 MAY 2026,2026,5.0,A,Continental Tour,7229790,worldwide
men_800m,Bartosz KITLIŃSKI,11 JUN 2004,1:46.48,,POL,"Zdzisław Krzyszkowiak Stadium, Bydgoszcz (POL)",8th Irena Szewińska Memorial,29 MAY 2026,2026,6.0,A,Continental Tour,7229790,worldwide
men_800m,Samuel CHAPPLE,23 NOV 1998,1:46.65,,NED,"Zdzisław Krzyszkowiak Stadium, Bydgoszcz (POL)",8th Irena Szewińska Memorial,29 MAY 2026,2026,7.0,A,Continental Tour,7229790,worldwide
men_800m,Patryk SIERADZKI,06 OCT 1998,1:46.92,,POL,"Zdzisław Krzyszkowiak Stadium, Bydgoszcz (POL)",8th Irena Szewińska Memorial,29 MAY 2026,2026,8.0,A,Continental Tour,7229790,worldwide
men_800m,Louey OUERRAT,04 NOV 2004,1:47.02,,FRA,"Zdzisław Krzyszkowiak Stadium, Bydgoszcz (POL)",8th Irena Szewińska Memorial,29 MAY 2026,2026,9.0,A,Continental Tour,7229790,worldwide
men_800m,Mohamed Ali GOUANED,05 JUL 2002,1:47.46,,ALG,"Zdzisław Krzyszkowiak Stadium, Bydgoszcz (POL)",8th Irena Szewińska Memorial,29 MAY 2026,2026,10.0,A,Continental Tour,7229790,worldwide
men_800m,Ryan CLARKE,17 NOV 1997,1:52.23,,NED,"Zdzisław Krzyszkowiak Stadium, Bydgoszcz (POL)",8th Irena Szewińska Memorial,29 MAY 2026,2026,11.0,A,Continental Tour,7229790,worldwide
men_800m,Peyton CRAIG,28 MAR 2005,1:45.07,,AUS,"Campo Sportivo G. Draghicchio, Trieste (ITA)",19° Triveneto Meeting Internazionale,30 MAY 2026,2026,1.0,D,Continental Tour,7235042,worldwide
men_800m,Eric NZIKWINKUNDA,01 JAN 1997,1:47.13,,BDI,"Campo Sportivo G. Draghicchio, Trieste (ITA)",19° Triveneto Meeting Internazionale,30 MAY 2026,2026,6.0,D,Continental Tour,7235042,worldwide
men_800m,Simone BARONTINI,05 JAN 1999,DNF,,ITA,"Campo Sportivo G. Draghicchio, Trieste (ITA)",19° Triveneto Meeting Internazionale,30 MAY 2026,2026,,D,Continental Tour,7235042,worldwide
men_800m,Eric HOLT,12 MAY 1995,1:47.46,,USA,"Alumni Stadium, London (CAN)",Bob Vigars Classic,31 MAY 2026,2026,1.0,C,Continental Tour,7236632,worldwide
men_800m,Jordan TERRASSE,11 APR 2000,1:45.96,,FRA,"Stade Omnisports Schlossberg, Forbach (FRA)",Meeting International de Forbach,31 MAY 2026,2026,1.0,C,Continental Tour,7234907,worldwide
men_800m,Noah KIBET,12 APR 2004,1:46.09,,KEN,"Stade Omnisports Schlossberg, Forbach (FRA)",Meeting International de Forbach,31 MAY 2026,2026,2.0,C,Continental Tour,7234907,worldwide
men_800m,Anicet KOZAR,08 OCT 2001,1:47.28,,FRA,"Stade Omnisports Schlossberg, Forbach (FRA)",Meeting International de Forbach,31 MAY 2026,2026,5.0,C,Continental Tour,7234907,worldwide
men_800m,Guy LEARMONTH,20 APR 1992,1:48.52,,GBR,"Polisportivo Comunale, San Vito al Tagliamento (ITA)",EAP XX Atletica 2000 Meeting,02 JUN 2026,2026,5.0,D,Continental Tour,7235550,worldwide
men_800m,Navasky ANDERSON,21 JAN 2000,1:46.33,,JAM,"Cushing Stadium, College Station, TX (USA)",USATF Lone Star Grand Prix,06 JUN 2026,2026,1.0,A,Continental Tour,7233088,worldwide
men_800m,Abraham ALVARADO,04 AUG 1995,1:46.75,,MEX,"Cushing Stadium, College Station, TX (USA)",USATF Lone Star Grand Prix,06 JUN 2026,2026,2.0,A,Continental Tour,7233088,worldwide
men_800m,Handal ROBAN,05 SEP 2002,1:46.97,,VIN,"Cushing Stadium, College Station, TX (USA)",USATF Lone Star Grand Prix,06 JUN 2026,2026,4.0,A,Continental Tour,7233088,worldwide
men_800m,Abdullahi HASSAN,28 JUL 2002,1:47.25,,CAN,"Cushing Stadium, College Station, TX (USA)",USATF Lone Star Grand Prix,06 JUN 2026,2026,5.0,A,Continental Tour,7233088,worldwide
men_800m,Moad ZAHAFI,09 MAY 1998,1:47.42,,MAR,"Cushing Stadium, College Station, TX (USA)",USATF Lone Star Grand Prix,06 JUN 2026,2026,6.0,A,Continental Tour,7233088,worldwide
men_800m,Shane COHEN,25 JAN 2001,1:49.47,,USA,"Cushing Stadium, College Station, TX (USA)",USATF Lone Star Grand Prix,06 JUN 2026,2026,7.0,A,Continental Tour,7233088,worldwide
men_800m,Sam WHITMARSH,18 OCT 2002,1:49.52,,USA,"Cushing Stadium, College Station, TX (USA)",USATF Lone Star Grand Prix,06 JUN 2026,2026,8.0,A,Continental Tour,7233088,worldwide
men_800m,Isaiah JEWETT,06 FEB 1997,1:56.02,,USA,"Cushing Stadium, College Station, TX (USA)",USATF Lone Star Grand Prix,06 JUN 2026,2026,9.0,A,Continental Tour,7233088,worldwide
men_800m,Tom DRADRIGA,17 JUN 1996,1:46.01,,UGA,"Ethnikou Stadiou, Kalamata (GRE)",Papaflessia 2026,06 JUN 2026,2026,1.0,D,Continental Tour,7235083,worldwide
men_800m,Ferguson Cheruiyot ROTICH,30 NOV 1989,1:46.27,,KEN,"Ethnikou Stadiou, Kalamata (GRE)",Papaflessia 2026,06 JUN 2026,2026,2.0,D,Continental Tour,7235083,worldwide
men_800m,Boaz KIPRUGUT,18 MAY 1998,1:47.49,,KEN,"Ethnikou Stadiou, Kalamata (GRE)",Papaflessia 2026,06 JUN 2026,2026,5.0,D,Continental Tour,7235083,worldwide
men_800m,Thomas STAINES,22 FEB 1998,1:48.53,,GBR,"Alumni Field, Windsor (CAN)",Johnny Loaring Classic,07 JUN 2026,2026,1.0,C,Continental Tour,7236633,worldwide
men_800m,Justin DAVIES,06 FEB 2003,1:46.19,,GBR,"Mestský Stadion Sletište, Kladno (CZE)",Kladno hází a Kladenské Memoriály,09 JUN 2026,2026,1.0,C,Continental Tour,7234808,worldwide
men_800m,Jakub DUDYCHA,05 SEP 2005,1:46.19,,CZE,"Mestský Stadion Sletište, Kladno (CZE)",Kladno hází a Kladenské Memoriály,09 JUN 2026,2026,2.0,C,Continental Tour,7234808,worldwide
men_800m,Ronaldo OLIVO,08 OCT 2004,1:46.73,,ESP,"Mestský Stadion Sletište, Kladno (CZE)",Kladno hází a Kladenské Memoriály,09 JUN 2026,2026,4.0,C,Continental Tour,7234808,worldwide
men_800m,Tom DRADRIGA,17 JUN 1996,1:47.07,,UGA,"Mestský Stadion Sletište, Kladno (CZE)",Kladno hází a Kladenské Memoriály,09 JUN 2026,2026,5.0,C,Continental Tour,7234808,worldwide
men_800m,Jakub DAVIDÍK,20 JAN 2002,1:48.17,,CZE,"Mestský Stadion Sletište, Kladno (CZE)",Kladno hází a Kladenské Memoriály,09 JUN 2026,2026,8.0,C,Continental Tour,7234808,worldwide
men_800m,Abedin MUJEZINOVIĆ,02 JUN 1993,DNF,,BIH,"Mestský Stadion Sletište, Kladno (CZE)",Kladno hází a Kladenské Memoriály,09 JUN 2026,2026,,C,Continental Tour,7234808,worldwide
men_800m,Jordan TERRASSE,11 APR 2000,1:47.91,,FRA,"Stade Delort, Marseille (FRA)",Meeting de Marseille,10 JUN 2026,2026,1.0,D,Continental Tour,7234177,worldwide
men_800m,Bartosz KITLIŃSKI,11 JUN 2004,1:48.30,,POL,"Stade Delort, Marseille (FRA)",Meeting de Marseille,10 JUN 2026,2026,2.0,D,Continental Tour,7234177,worldwide
men_800m,Alex BOTTERILL,18 JAN 2000,1:48.50,,GBR,"Stade Delort, Marseille (FRA)",Meeting de Marseille,10 JUN 2026,2026,3.0,D,Continental Tour,7234177,worldwide
men_800m,Thomas MARQUES DE ANDRADE,13 JAN 2004,1:48.72,,FRA,"Stade Delort, Marseille (FRA)",Meeting de Marseille,10 JUN 2026,2026,4.0,D,Continental Tour,7234177,worldwide
men_800m,General Berhanu AYANSA,28 JAN 2005,1:48.99,,ETH,"Stade Delort, Marseille (FRA)",Meeting de Marseille,10 JUN 2026,2026,5.0,D,Continental Tour,7234177,worldwide
men_800m,Corentin MAGNOU,22 SEP 2001,1:49.20,,FRA,"Stade Delort, Marseille (FRA)",Meeting de Marseille,10 JUN 2026,2026,6.0,D,Continental Tour,7234177,worldwide
men_800m,Catalin TECUCEANU,09 SEP 1999,1:49.28,,ITA,"Stade Delort, Marseille (FRA)",Meeting de Marseille,10 JUN 2026,2026,7.0,D,Continental Tour,7234177,worldwide
men_800m,James PRESTON,08 MAY 1997,1:51.72,,NZL,"Stade Delort, Marseille (FRA)",Meeting de Marseille,10 JUN 2026,2026,9.0,D,Continental Tour,7234177,worldwide
men_800m,Callum DODDS,06 OCT 2000,DNF,,GBR,"Stade Delort, Marseille (FRA)",Meeting de Marseille,10 JUN 2026,2026,,D,Continental Tour,7234177,worldwide
men_800m,Simone BARONTINI,05 JAN 1999,DNF,,ITA,"Stade Delort, Marseille (FRA)",Meeting de Marseille,10 JUN 2026,2026,,D,Continental Tour,7234177,worldwide
men_800m,Dániel HULLER,10 MAY 2001,1:49.12,,HUN,"Marsa Athletics Track, Marsa (MLT)",EAP Malta International,13 JUN 2026,2026,1.0,D,Continental Tour,7234744,worldwide
men_800m,Hiroki MINAMOTO,24 NOV 1999,1:46.72,,JPN,"Municipal Mizuho Stadium, Nagoya (JPN)",Japanese Championships,13 JUN 2026,2026,3.0,B,National Championships,7237909,worldwide
men_800m,Mikuto KANEKO,06 NOV 2001,1:47.50,,JPN,"Municipal Mizuho Stadium, Nagoya (JPN)",Japanese Championships,13 JUN 2026,2026,6.0,B,National Championships,7237909,worldwide
men_800m,Yusuf BIZIMANA,06 SEP 2000,1:45.88,,GBR,"USC Allyson Felix at Loker Track Stadium, Los Angeles, CA (USA)",USATF LA Grand Prix,13 JUN 2026,2026,1.0,A,Continental Tour,7233063,worldwide
men_800m,Shane COHEN,25 JAN 2001,1:46.28,,USA,"USC Allyson Felix at Loker Track Stadium, Los Angeles, CA (USA)",USATF LA Grand Prix,13 JUN 2026,2026,3.0,A,Continental Tour,7233063,worldwide
men_800m,Rynard SWANEPOEL,2002,1:47.06,,RSA,"USC Allyson Felix at Loker Track Stadium, Los Angeles, CA (USA)",USATF LA Grand Prix,13 JUN 2026,2026,5.0,A,Continental Tour,7233063,worldwide
men_800m,Alex AMANKWA,02 MAR 1992,1:47.25,,GHA,"USC Allyson Felix at Loker Track Stadium, Los Angeles, CA (USA)",USATF LA Grand Prix,13 JUN 2026,2026,6.0,A,Continental Tour,7233063,worldwide
men_800m,Matthew ERICKSON,11 MAR 2003,1:48.54,,CAN,"USC Allyson Felix at Loker Track Stadium, Los Angeles, CA (USA)",USATF LA Grand Prix,13 JUN 2026,2026,7.0,A,Continental Tour,7233063,worldwide
men_800m,Willington WRIGHT,16 SEP 2000,DNF,,USA,"USC Allyson Felix at Loker Track Stadium, Los Angeles, CA (USA)",USATF LA Grand Prix,13 JUN 2026,2026,,A,Continental Tour,7233063,worldwide
men_800m,Louey OUERRAT,04 NOV 2004,1:43.80,,FRA,"Parc des Sports C. Ehrmann, Nice (FRA)",Meeting Nikaia,13 JUN 2026,2026,1.0,C,Continental Tour,7234178,worldwide
men_800m,Alex BOTTERILL,18 JAN 2000,1:44.16,,GBR,"Parc des Sports C. Ehrmann, Nice (FRA)",Meeting Nikaia,13 JUN 2026,2026,2.0,C,Continental Tour,7234178,worldwide
men_800m,Ramon WIPFLI,30 JUN 2004,1:44.71,,SUI,"Parc des Sports C. Ehrmann, Nice (FRA)",Meeting Nikaia,13 JUN 2026,2026,3.0,C,Continental Tour,7234178,worldwide
men_800m,Thomas MARQUES DE ANDRADE,13 JAN 2004,1:45.70,,FRA,"Parc des Sports C. Ehrmann, Nice (FRA)",Meeting Nikaia,13 JUN 2026,2026,4.0,C,Continental Tour,7234178,worldwide
men_800m,Corentin LE CLEZIO,24 SEP 1999,1:46.10,,FRA,"Parc des Sports C. Ehrmann, Nice (FRA)",Meeting Nikaia,13 JUN 2026,2026,5.0,C,Continental Tour,7234178,worldwide
men_800m,Catalin TECUCEANU,09 SEP 1999,1:46.46,,ITA,"Parc des Sports C. Ehrmann, Nice (FRA)",Meeting Nikaia,13 JUN 2026,2026,6.0,C,Continental Tour,7234178,worldwide
men_800m,Elliot GILES,26 MAY 1994,1:46.64,,GBR,"Parc des Sports C. Ehrmann, Nice (FRA)",Meeting Nikaia,13 JUN 2026,2026,7.0,C,Continental Tour,7234178,worldwide
men_800m,James PRESTON,08 MAY 1997,1:47.86,,NZL,"Parc des Sports C. Ehrmann, Nice (FRA)",Meeting Nikaia,13 JUN 2026,2026,9.0,C,Continental Tour,7234178,worldwide
men_800m,Neil GOURLEY,07 FEB 1995,DNF,,GBR,"Parc des Sports C. Ehrmann, Nice (FRA)",Meeting Nikaia,13 JUN 2026,2026,,C,Continental Tour,7234178,worldwide
men_800m,Corentin MAGNOU,22 SEP 2001,DNF,,FRA,"Parc des Sports C. Ehrmann, Nice (FRA)",Meeting Nikaia,13 JUN 2026,2026,,C,Continental Tour,7234178,worldwide
men_800m,Matheus Americo MEDEIROS PESSOA,09 APR 1996,1:49.47,,BRA,"Stade Paul Rebeilleau, Poitiers (FRA)",Meeting d'athlétisme de Poitiers,13 JUN 2026,2026,10.0,D,Continental Tour,7234909,worldwide
men_800m,Callum DODDS,06 OCT 2000,1:46.52,,GBR,"Paula Radcliffe Stadium, Loughborough (GBR)",British Milers Club Grand Prix,13 JUN 2026,2026,2.0,D,Continental Tour,7235018,worldwide
men_800m,Patryk SIERADZKI,06 OCT 1998,1:46.25,,POL,"Forest Stadium, Sopot (POL)",Janusz Sidlo Memorial Grand Prix of Sopot,14 JUN 2026,2026,4.0,D,Continental Tour,7235339,worldwide
men_800m,Edmund DU PLESSIS,05 APR 2002,1:46.65,,RSA,"Forest Stadium, Sopot (POL)",Janusz Sidlo Memorial Grand Prix of Sopot,14 JUN 2026,2026,6.0,D,Continental Tour,7235339,worldwide
men_800m,Jakub DAVIDÍK,20 JAN 2002,1:47.94,,CZE,"Forest Stadium, Sopot (POL)",Janusz Sidlo Memorial Grand Prix of Sopot,14 JUN 2026,2026,8.0,D,Continental Tour,7235339,worldwide
men_800m,Louey OUERRAT,04 NOV 2004,1:44.79,,FRA,"Stade Jean Delbert, Montreuil (FRA)",Meeting International de Montreuil,17 JUN 2026,2026,1.0,C,Continental Tour,7235105,worldwide
men_800m,Jordan TERRASSE,11 APR 2000,1:44.92,,FRA,"Stade Jean Delbert, Montreuil (FRA)",Meeting International de Montreuil,17 JUN 2026,2026,2.0,C,Continental Tour,7235105,worldwide
men_800m,Corentin LE CLEZIO,24 SEP 1999,1:45.01,,FRA,"Stade Jean Delbert, Montreuil (FRA)",Meeting International de Montreuil,17 JUN 2026,2026,3.0,C,Continental Tour,7235105,worldwide
men_800m,Paul ANSELMINI,02 AUG 2003,1:45.29,,FRA,"Stade Jean Delbert, Montreuil (FRA)",Meeting International de Montreuil,17 JUN 2026,2026,4.0,C,Continental Tour,7235105,worldwide
men_800m,Flavien SZOT,06 SEP 2001,1:45.71,,FRA,"Stade Jean Delbert, Montreuil (FRA)",Meeting International de Montreuil,17 JUN 2026,2026,5.0,C,Continental Tour,7235105,worldwide
men_800m,Corentin MAGNOU,22 SEP 2001,1:45.80,,FRA,"Stade Jean Delbert, Montreuil (FRA)",Meeting International de Montreuil,17 JUN 2026,2026,6.0,C,Continental Tour,7235105,worldwide
men_800m,Thomas MARQUES DE ANDRADE,13 JAN 2004,1:45.84,,FRA,"Stade Jean Delbert, Montreuil (FRA)",Meeting International de Montreuil,17 JUN 2026,2026,7.0,C,Continental Tour,7235105,worldwide
men_800m,Catalin TECUCEANU,09 SEP 1999,1:46.00,,ITA,"Stade Jean Delbert, Montreuil (FRA)",Meeting International de Montreuil,17 JUN 2026,2026,8.0,C,Continental Tour,7235105,worldwide
men_800m,Pablo SÁNCHEZ-VALLADARES,12 NOV 1997,DNF,,ESP,"Stade Jean Delbert, Montreuil (FRA)",Meeting International de Montreuil,17 JUN 2026,2026,,C,Continental Tour,7235105,worldwide
men_800m,Abdullahi HASSAN,28 JUL 2002,1:46.75,,CAN,"Terry Fox AF, Ottawa (CAN)",Canadian Championships,20 JUN 2026,2026,1.0,B,National Championships,7237652,worldwide
men_800m,Justin O'TOOLE,27 DEC 2001,1:48.51,,CAN,"Terry Fox AF, Ottawa (CAN)",Canadian Championships,20 JUN 2026,2026,6.0,B,National Championships,7237652,worldwide
men_800m,Navasky ANDERSON,21 JAN 2000,1:47.29,,JAM,"National Stadium, Kingston (JAM)",Jamaican Championships,20 JUN 2026,2026,1.0,B,National Championships,7239107,worldwide
men_800m,Wyclife KINYAMAL,02 JUL 1997,1:44.58,,KEN,"Nyayo National Stadium, Nairobi (KEN)",Kenyan Championships Cum Trials for Commonwealth Games,20 JUN 2026,2026,1.0,B,National Championships,7241942,worldwide
men_800m,Kelvin Kimtai LOTI,05 OCT 1999,1:44.62,,KEN,"Nyayo National Stadium, Nairobi (KEN)",Kenyan Championships Cum Trials for Commonwealth Games,20 JUN 2026,2026,2.0,B,National Championships,7241942,worldwide
men_800m,Nicholas KIPLAGAT,07 JUN 1995,1:45.18,,KEN,"Nyayo National Stadium, Nairobi (KEN)",Kenyan Championships Cum Trials for Commonwealth Games,20 JUN 2026,2026,3.0,B,National Championships,7241942,worldwide
men_800m,Cornelius TUWEI,24 MAY 1993,1:45.54,,KEN,"Nyayo National Stadium, Nairobi (KEN)",Kenyan Championships Cum Trials for Commonwealth Games,20 JUN 2026,2026,5.0,B,National Championships,7241942,worldwide
men_800m,Laban Kipkorir CHEPKWONY,14 APR 1996,1:46.54,,KEN,"Nyayo National Stadium, Nairobi (KEN)",Kenyan Championships Cum Trials for Commonwealth Games,20 JUN 2026,2026,7.0,B,National Championships,7241942,worldwide
men_800m,Jordan TERRASSE,11 APR 2000,1:44.41,,FRA,"Paul-Greifzu-Stadion, Dessau (GER)",28. Anhalt Meeting Dessau,19 JUN 2026,2026,1.0,C,Continental Tour,7234134,worldwide
men_800m,Bartosz KITLIŃSKI,11 JUN 2004,1:44.56,,POL,"Paul-Greifzu-Stadion, Dessau (GER)",28. Anhalt Meeting Dessau,19 JUN 2026,2026,2.0,C,Continental Tour,7234134,worldwide
men_800m,Ferguson Cheruiyot ROTICH,30 NOV 1989,1:45.60,,KEN,"Paul-Greifzu-Stadion, Dessau (GER)",28. Anhalt Meeting Dessau,19 JUN 2026,2026,3.0,C,Continental Tour,7234134,worldwide
men_800m,Mateusz BORKOWSKI,02 APR 1997,1:45.94,,POL,"Paul-Greifzu-Stadion, Dessau (GER)",28. Anhalt Meeting Dessau,19 JUN 2026,2026,4.0,C,Continental Tour,7234134,worldwide
men_800m,Abdelati EL GUESSE,27 FEB 1993,1:46.14,,MAR,"Paul-Greifzu-Stadion, Dessau (GER)",28. Anhalt Meeting Dessau,19 JUN 2026,2026,6.0,C,Continental Tour,7234134,worldwide
men_800m,Edmund DU PLESSIS,05 APR 2002,1:48.93,,RSA,"Paul-Greifzu-Stadion, Dessau (GER)",28. Anhalt Meeting Dessau,19 JUN 2026,2026,8.0,C,Continental Tour,7234134,worldwide
men_800m,Yohanes TEFERA,28 MAR 2004,DNF,,ETH,"Paul-Greifzu-Stadion, Dessau (GER)",28. Anhalt Meeting Dessau,19 JUN 2026,2026,,C,Continental Tour,7234134,worldwide
men_800m,Eduardo RIBEIRO,09 JAN 2001,1:46.44,,BRA,"Stade Pierre de Coubertin, Montgeron (FRA)",40ème Meeting International Montgeron-Essonne,19 JUN 2026,2026,1.0,C,Continental Tour,7234596,worldwide
men_800m,Jakub DUDYCHA,05 SEP 2005,1:44.79,,CZE,"LAZ Wien, Wien (AUT)",Track Night Vienna,20 JUN 2026,2026,1.0,D,Continental Tour,7234760,worldwide
men_800m,Ronaldo OLIVO,08 OCT 2004,1:45.29,,ESP,"LAZ Wien, Wien (AUT)",Track Night Vienna,20 JUN 2026,2026,2.0,D,Continental Tour,7234760,worldwide
men_800m,Elvin Josué CANALES,05 SEP 2001,1:45.50,,ESP,"LAZ Wien, Wien (AUT)",Track Night Vienna,20 JUN 2026,2026,4.0,D,Continental Tour,7234760,worldwide
men_800m,Jakub DAVIDÍK,20 JAN 2002,1:46.00,,CZE,"LAZ Wien, Wien (AUT)",Track Night Vienna,20 JUN 2026,2026,8.0,D,Continental Tour,7234760,worldwide
men_800m,Cass ELLIOTT,17 APR 2000,1:46.02,,USA,"LAZ Wien, Wien (AUT)",Track Night Vienna,20 JUN 2026,2026,9.0,D,Continental Tour,7234760,worldwide
men_800m,Jake WIGHTMAN,11 JUL 1994,1:45.40,,GBR,"Alexander Stadium, Birmingham (GBR)",Novuna UK Athletics Championships,21 JUN 2026,2026,1.0,B,National Championships,7243090,worldwide
men_800m,Ben PATTISON,15 DEC 2001,1:45.49,,GBR,"Alexander Stadium, Birmingham (GBR)",Novuna UK Athletics Championships,21 JUN 2026,2026,2.0,B,National Championships,7243090,worldwide
men_800m,Alex BOTTERILL,18 JAN 2000,1:46.01,,GBR,"Alexander Stadium, Birmingham (GBR)",Novuna UK Athletics Championships,21 JUN 2026,2026,3.0,B,National Championships,7243090,worldwide
men_800m,Henry JONAS,08 JUN 2005,1:46.10,,GBR,"Alexander Stadium, Birmingham (GBR)",Novuna UK Athletics Championships,21 JUN 2026,2026,4.0,B,National Championships,7243090,worldwide
men_800m,Thomas RANDOLPH,07 FEB 1999,1:48.12,,GBR,"Alexander Stadium, Birmingham (GBR)",Novuna UK Athletics Championships,21 JUN 2026,2026,8.0,B,National Championships,7243090,worldwide
men_800m,Ivan IVANOV,09 MAR 2002,1:53.67,,BUL,"Panthessaliko Stadium, Volos (GRE)",Balkan Championships,21 JUN 2026,2026,4.0,B,Area Regional Champs,7240556,worldwide
men_800m,Niels LAROS,17 APR 2005,1:43.83,,NED,"FBK Stadium, Hengelo (NED)",FBK Games,21 JUN 2026,2026,1.0,A,Continental Tour,7231211,worldwide
men_800m,Samuel CHAPPLE,23 NOV 1998,1:44.63,,NED,"FBK Stadium, Hengelo (NED)",FBK Games,21 JUN 2026,2026,2.0,A,Continental Tour,7231211,worldwide
men_800m,Marino BLOUDEK,18 JUL 1999,1:44.63,,CRO,"FBK Stadium, Hengelo (NED)",FBK Games,21 JUN 2026,2026,3.0,A,Continental Tour,7231211,worldwide
men_800m,Yanis MEZIANE,26 JAN 2002,1:44.64,,FRA,"FBK Stadium, Hengelo (NED)",FBK Games,21 JUN 2026,2026,4.0,A,Continental Tour,7231211,worldwide
men_800m,Cian MCPHILLIPS,07 JUN 2002,1:44.89,,IRL,"FBK Stadium, Hengelo (NED)",FBK Games,21 JUN 2026,2026,5.0,A,Continental Tour,7231211,worldwide
men_800m,Peyton CRAIG,28 MAR 2005,1:44.95,,AUS,"FBK Stadium, Hengelo (NED)",FBK Games,21 JUN 2026,2026,6.0,A,Continental Tour,7231211,worldwide
men_800m,Abdelati EL GUESSE,27 FEB 1993,1:45.09,,MAR,"FBK Stadium, Hengelo (NED)",FBK Games,21 JUN 2026,2026,7.0,A,Continental Tour,7231211,worldwide
men_800m,Tony VAN DIEPEN,17 APR 1996,1:45.37,,NED,"FBK Stadium, Hengelo (NED)",FBK Games,21 JUN 2026,2026,8.0,A,Continental Tour,7231211,worldwide
men_800m,Ryan CLARKE,17 NOV 1997,1:45.40,,NED,"FBK Stadium, Hengelo (NED)",FBK Games,21 JUN 2026,2026,9.0,A,Continental Tour,7231211,worldwide
men_800m,Stefan NILLESSEN,02 JAN 2003,1:48.09,,NED,"FBK Stadium, Hengelo (NED)",FBK Games,21 JUN 2026,2026,10.0,A,Continental Tour,7231211,worldwide
men_800m,Jordan TERRASSE,11 APR 2000,1:44.77,,FRA,"Sports Park Mladost, Zagreb (CRO)",76. Boris Hanžeković Memorial,26 JUN 2026,2026,1.0,A,Continental Tour,7230747,worldwide
men_800m,Tshepiso MASALELA,25 MAY 1999,1:44.99,,BOT,"Sports Park Mladost, Zagreb (CRO)",76. Boris Hanžeković Memorial,26 JUN 2026,2026,2.0,A,Continental Tour,7230747,worldwide
men_800m,Marino BLOUDEK,18 JUL 1999,1:45.00,,CRO,"Sports Park Mladost, Zagreb (CRO)",76. Boris Hanžeković Memorial,26 JUN 2026,2026,3.0,A,Continental Tour,7230747,worldwide
men_800m,Bartosz KITLIŃSKI,11 JUN 2004,1:45.02,,POL,"Sports Park Mladost, Zagreb (CRO)",76. Boris Hanžeković Memorial,26 JUN 2026,2026,4.0,A,Continental Tour,7230747,worldwide
men_800m,Filip OSTROWSKI,12 JUL 2001,1:45.04,,POL,"Sports Park Mladost, Zagreb (CRO)",76. Boris Hanžeković Memorial,26 JUN 2026,2026,5.0,A,Continental Tour,7230747,worldwide
men_800m,Abdelati EL GUESSE,27 FEB 1993,1:45.05,,MAR,"Sports Park Mladost, Zagreb (CRO)",76. Boris Hanžeković Memorial,26 JUN 2026,2026,6.0,A,Continental Tour,7230747,worldwide
men_800m,Jakub DUDYCHA,05 SEP 2005,1:45.58,,CZE,"Sports Park Mladost, Zagreb (CRO)",76. Boris Hanžeković Memorial,26 JUN 2026,2026,8.0,A,Continental Tour,7230747,worldwide
men_800m,Mark ENGLISH,18 MAR 1993,1:45.70,,IRL,"Sports Park Mladost, Zagreb (CRO)",76. Boris Hanžeković Memorial,26 JUN 2026,2026,9.0,A,Continental Tour,7230747,worldwide
men_800m,Patryk SIERADZKI,06 OCT 1998,1:45.87,,POL,"Sports Park Mladost, Zagreb (CRO)",76. Boris Hanžeković Memorial,26 JUN 2026,2026,10.0,A,Continental Tour,7230747,worldwide
men_800m,Justin DAVIES,06 FEB 2003,1:47.01,,GBR,"Sports Park Mladost, Zagreb (CRO)",76. Boris Hanžeković Memorial,26 JUN 2026,2026,11.0,A,Continental Tour,7230747,worldwide
men_800m,Tom DRADRIGA,17 JUN 1996,1:46.89,,UGA,"Givat Ram Stadium, Jerusalem (ISR)",Grand Slam Jerusalem,25 JUN 2026,2026,2.0,B,Continental Tour,7234125,worldwide
men_800m,Dániel HULLER,10 MAY 2001,1:47.75,,HUN,"Stade du Parc de la Dodaine, Nivelles (BEL)",Immobel Infinity EAP Meeting,27 JUN 2026,2026,3.0,D,Continental Tour,7238529,worldwide
men_800m,Filip OSTROWSKI,12 JUL 2001,1:45.01,,POL,"Golęcin Stadion, Poznan (POL)",Czesław Cybulski Memorial,28 JUN 2026,2026,4.0,B,Continental Tour,7235341,worldwide
men_800m,Alexander STEPANOV,30 SEP 2004,1:45.13,,GER,"Golęcin Stadion, Poznan (POL)",Czesław Cybulski Memorial,28 JUN 2026,2026,5.0,B,Continental Tour,7235341,worldwide
men_800m,Mateusz BORKOWSKI,02 APR 1997,1:45.30,,POL,"Golęcin Stadion, Poznan (POL)",Czesław Cybulski Memorial,28 JUN 2026,2026,6.0,B,Continental Tour,7235341,worldwide
men_800m,Henry JONAS,08 JUN 2005,1:45.89,,GBR,"Golęcin Stadion, Poznan (POL)",Czesław Cybulski Memorial,28 JUN 2026,2026,7.0,B,Continental Tour,7235341,worldwide
men_800m,Ramon WIPFLI,30 JUN 2004,1:46.83,,SUI,"Golęcin Stadion, Poznan (POL)",Czesław Cybulski Memorial,28 JUN 2026,2026,8.0,B,Continental Tour,7235341,worldwide
men_800m,Moad ZAHAFI,09 MAY 1998,1:44.97,,MAR,"Stade d'Athletisme Pierre Voillequin, Troyes (FRA)",Meeting International Troyes Aube,28 JUN 2026,2026,1.0,C,Continental Tour,7234179,worldwide
men_800m,Pablo SÁNCHEZ-VALLADARES,12 NOV 1997,1:45.41,,ESP,"Stade d'Athletisme Pierre Voillequin, Troyes (FRA)",Meeting International Troyes Aube,28 JUN 2026,2026,3.0,C,Continental Tour,7234179,worldwide
men_800m,Ivan PELIZZA,17 DEC 2000,1:45.91,,SUI,"Stade d'Athletisme Pierre Voillequin, Troyes (FRA)",Meeting International Troyes Aube,28 JUN 2026,2026,5.0,C,Continental Tour,7234179,worldwide
men_800m,Ryan CLARKE,17 NOV 1997,1:46.04,,NED,"Stade d'Athletisme Pierre Voillequin, Troyes (FRA)",Meeting International Troyes Aube,28 JUN 2026,2026,6.0,C,Continental Tour,7234179,worldwide
men_800m,James PRESTON,08 MAY 1997,1:48.37,,NZL,"Stade d'Athletisme Pierre Voillequin, Troyes (FRA)",Meeting International Troyes Aube,28 JUN 2026,2026,9.0,C,Continental Tour,7234179,worldwide
men_800m,Tom DRADRIGA,17 JUN 1996,1:46.13,,UGA,"Pistes d'atletisme Gaetà Huguet, Castellón (ESP)",GP Diputacion Castellon - Memorial Jose Antonio Cansino,01 JUL 2026,2026,1.0,D,Continental Tour,7236732,worldwide
men_800m,Ebrahim Remaid ALZOFAIRI,08 MAY 1989,1:46.94,,KUW,"Pistes d'atletisme Gaetà Huguet, Castellón (ESP)",GP Diputacion Castellon - Memorial Jose Antonio Cansino,01 JUL 2026,2026,2.0,D,Continental Tour,7236732,worldwide
men_800m,Eric NZIKWINKUNDA,01 JAN 1997,1:47.27,,BDI,"Pistes d'atletisme Gaetà Huguet, Castellón (ESP)",GP Diputacion Castellon - Memorial Jose Antonio Cansino,01 JUL 2026,2026,5.0,D,Continental Tour,7236732,worldwide
men_800m,Javier MIRON,13 DEC 1999,1:47.46,,ESP,"Pistes d'atletisme Gaetà Huguet, Castellón (ESP)",GP Diputacion Castellon - Memorial Jose Antonio Cansino,01 JUL 2026,2026,6.0,D,Continental Tour,7236732,worldwide
men_800m,Abdirahman Saeed HASSAN,13 APR 1997,1:48.23,,QAT,"Pistes d'atletisme Gaetà Huguet, Castellón (ESP)",GP Diputacion Castellon - Memorial Jose Antonio Cansino,01 JUL 2026,2026,9.0,D,Continental Tour,7236732,worldwide
men_800m,Francesco PERNICI,18 FEB 2003,1:43.60,,ITA,"Stade Raymond Petit, Tomblaine (FRA)",Meeting Stanislas Nancy,03 JUL 2026,2026,1.0,B,Continental Tour,7235104,worldwide
men_800m,Louey OUERRAT,04 NOV 2004,1:43.81,,FRA,"Stade Raymond Petit, Tomblaine (FRA)",Meeting Stanislas Nancy,03 JUL 2026,2026,2.0,B,Continental Tour,7235104,worldwide
men_800m,David BARROSO,21 AUG 2001,1:43.83,,ESP,"Stade Raymond Petit, Tomblaine (FRA)",Meeting Stanislas Nancy,03 JUL 2026,2026,3.0,B,Continental Tour,7235104,worldwide
men_800m,Corentin LE CLEZIO,24 SEP 1999,1:44.67,,FRA,"Stade Raymond Petit, Tomblaine (FRA)",Meeting Stanislas Nancy,03 JUL 2026,2026,4.0,B,Continental Tour,7235104,worldwide
men_800m,Thomas MARQUES DE ANDRADE,13 JAN 2004,1:45.09,,FRA,"Stade Raymond Petit, Tomblaine (FRA)",Meeting Stanislas Nancy,03 JUL 2026,2026,5.0,B,Continental Tour,7235104,worldwide
men_800m,Ramon WIPFLI,30 JUN 2004,1:45.32,,SUI,"Stade Raymond Petit, Tomblaine (FRA)",Meeting Stanislas Nancy,03 JUL 2026,2026,6.0,B,Continental Tour,7235104,worldwide
men_800m,Alexander STEPANOV,30 SEP 2004,1:45.35,,GER,"Stade Raymond Petit, Tomblaine (FRA)",Meeting Stanislas Nancy,03 JUL 2026,2026,7.0,B,Continental Tour,7235104,worldwide
men_800m,Corentin MAGNOU,22 SEP 2001,1:51.34,,FRA,"Stade Raymond Petit, Tomblaine (FRA)",Meeting Stanislas Nancy,03 JUL 2026,2026,8.0,B,Continental Tour,7235104,worldwide
men_800m,Estanislao Nicolas RUIZ,02 OCT 2000,1:49.21,,ESP,"Altamira estadioa, Ordizia (ESP)",X Ordizia Meeting - International Meeting Jose Antonio Peña,04 JUL 2026,2026,1.0,C,Continental Tour,7235103,worldwide
men_800m,Guy LEARMONTH,20 APR 1992,1:50.13,,GBR,"University of Stirling Track, Stirling (GBR)","The Pursuit 5,000m",04 JUL 2026,2026,5.0,D,Continental Tour,7236993,worldwide
men_800m,Jordan TERRASSE,11 APR 2000,1:44.39,,FRA,"Stade Raymond Troussier, Decines (FRA)",Meeting National Est Lyonnais,04 JUL 2026,2026,1.0,D,Continental Tour,7234912,worldwide
men_800m,Tony VAN DIEPEN,17 APR 1996,1:45.36,,NED,"Stade Raymond Troussier, Decines (FRA)",Meeting National Est Lyonnais,04 JUL 2026,2026,3.0,D,Continental Tour,7234912,worldwide
men_800m,Flavien SZOT,06 SEP 2001,1:46.09,,FRA,"Stade Raymond Troussier, Decines (FRA)",Meeting National Est Lyonnais,04 JUL 2026,2026,4.0,D,Continental Tour,7234912,worldwide
men_800m,Catalin TECUCEANU,09 SEP 1999,1:46.12,,ITA,"Stade Raymond Troussier, Decines (FRA)",Meeting National Est Lyonnais,04 JUL 2026,2026,5.0,D,Continental Tour,7234912,worldwide
men_800m,James PRESTON,08 MAY 1997,1:46.62,,NZL,"Stade Raymond Troussier, Decines (FRA)",Meeting National Est Lyonnais,04 JUL 2026,2026,6.0,D,Continental Tour,7234912,worldwide
men_800m,Thomas MARQUES DE ANDRADE,13 JAN 2004,1:45.90,,FRA,"Estadi Joan Serrahima, Barcelona (ESP)",Míting Internacional Ciutat de Barcelona,07 JUL 2026,2026,3.0,D,Continental Tour,7234914,worldwide
men_800m,Carlos SAEZ,27 JAN 1999,1:46.00,,ESP,"Estadi Joan Serrahima, Barcelona (ESP)",Míting Internacional Ciutat de Barcelona,07 JUL 2026,2026,4.0,D,Continental Tour,7234914,worldwide
men_800m,Elvin Josué CANALES,05 SEP 2001,1:46.10,,ESP,"Estadi Joan Serrahima, Barcelona (ESP)",Míting Internacional Ciutat de Barcelona,07 JUL 2026,2026,5.0,D,Continental Tour,7234914,worldwide
men_800m,Pablo SÁNCHEZ-VALLADARES,12 NOV 1997,1:46.24,,ESP,"Estadi Joan Serrahima, Barcelona (ESP)",Míting Internacional Ciutat de Barcelona,07 JUL 2026,2026,9.0,D,Continental Tour,7234914,worldwide
men_800m,Ivan PELIZZA,17 DEC 2000,1:46.71,,SUI,"Estadi Joan Serrahima, Barcelona (ESP)",Míting Internacional Ciutat de Barcelona,07 JUL 2026,2026,10.0,D,Continental Tour,7234914,worldwide
men_800m,Corentin MAGNOU,22 SEP 2001,DNF,,FRA,"Estadi Joan Serrahima, Barcelona (ESP)",Míting Internacional Ciutat de Barcelona,07 JUL 2026,2026,,D,Continental Tour,7234914,worldwide
men_800m,Moad ZAHAFI,09 MAY 1998,1:44.95,,MAR,"Stadio G. Teghil, Lignano Sabbiadoro (ITA)",Meeting Lignano,08 JUL 2026,2026,1.0,C,Continental Tour,7235535,worldwide
men_800m,Adrián BEN,04 AUG 1998,1:45.20,,ESP,"Stadio G. Teghil, Lignano Sabbiadoro (ITA)",Meeting Lignano,08 JUL 2026,2026,2.0,C,Continental Tour,7235535,worldwide
men_800m,Catalin TECUCEANU,09 SEP 1999,1:45.59,,ITA,"Stadio G. Teghil, Lignano Sabbiadoro (ITA)",Meeting Lignano,08 JUL 2026,2026,3.0,C,Continental Tour,7235535,worldwide
men_800m,Alex BOTTERILL,18 JAN 2000,1:45.66,,GBR,"Stadio G. Teghil, Lignano Sabbiadoro (ITA)",Meeting Lignano,08 JUL 2026,2026,4.0,C,Continental Tour,7235535,worldwide
men_800m,James PRESTON,08 MAY 1997,1:45.82,,NZL,"Stadio G. Teghil, Lignano Sabbiadoro (ITA)",Meeting Lignano,08 JUL 2026,2026,5.0,C,Continental Tour,7235535,worldwide
men_800m,Abedin MUJEZINOVIĆ,02 JUN 1993,1:47.74,,BIH,"Stadio G. Teghil, Lignano Sabbiadoro (ITA)",Meeting Lignano,08 JUL 2026,2026,9.0,C,Continental Tour,7235535,worldwide
men_800m,Cathal DOYLE,12 NOV 1997,1:47.62,,IRL,"Munster Technological University Track, Cork (IRL)",Cork City Sports,08 JUL 2026,2026,4.0,C,Continental Tour,7233918,worldwide
men_800m,Joonas RINNE,20 MAY 1995,1:47.86,,FIN,"Keskusurheilukenttä, Joensuu (FIN)",Joensuu Motonet GP,08 JUL 2026,2026,1.0,C,Continental Tour,7234676,worldwide
men_800m,Alex Ngeno KIPNGETICH,17 AUG 2000,1:48.29,,KEN,"Keskusurheilukenttä, Joensuu (FIN)",Joensuu Motonet GP,08 JUL 2026,2026,2.0,C,Continental Tour,7234676,worldwide
men_800m,Topi RAITANEN,07 FEB 1996,1:56.12,,FIN,"Keskusurheilukenttä, Joensuu (FIN)",Joensuu Motonet GP,08 JUL 2026,2026,10.0,C,Continental Tour,7234676,worldwide
men_800m,Donavan BRAZIER,15 APR 1997,1:44.94,,USA,"Billy J. Murphy Track and Field Complex, Memphis, TN (USA)",Ed Murphey Classic,10 JUL 2026,2026,1.0,B,Continental Tour,7236689,worldwide
men_800m,Camden MARSHALL,01 MAY 2003,1:46.58,,USA,"Billy J. Murphy Track and Field Complex, Memphis, TN (USA)",Ed Murphey Classic,10 JUL 2026,2026,2.0,B,Continental Tour,7236689,worldwide
men_800m,Craig ENGELS,01 MAY 1994,1:47.82,,USA,"Billy J. Murphy Track and Field Complex, Memphis, TN (USA)",Ed Murphey Classic,10 JUL 2026,2026,3.0,B,Continental Tour,7236689,worldwide
men_800m,Henry JONAS,08 JUN 2005,1:46.31,,GBR,"Morton Stadium, Santry, Dublin (IRL)",Morton Games,10 JUL 2026,2026,1.0,C,Continental Tour,7233919,worldwide
men_800m,Tibo DE SMET,28 MAY 1999,1:46.48,,BEL,"Morton Stadium, Santry, Dublin (IRL)",Morton Games,10 JUL 2026,2026,2.0,C,Continental Tour,7233919,worldwide
men_800m,John FITZSIMONS,05 MAY 1998,1:49.85,,IRL,"Morton Stadium, Santry, Dublin (IRL)",Morton Games,10 JUL 2026,2026,8.0,C,Continental Tour,7233919,worldwide
men_800m,Archie DAVIS,16 OCT 1998,1:46.89,,GBR,"Woodside Stadium, Watford (GBR)",British Milers Club Grand Prix,11 JUL 2026,2026,2.0,D,Continental Tour,7235019,worldwide
men_800m,Finley MCLEAR,25 MAY 2000,1:46.99,,GBR,"Woodside Stadium, Watford (GBR)",British Milers Club Grand Prix,11 JUL 2026,2026,3.0,D,Continental Tour,7235019,worldwide
men_800m,Cass ELLIOTT,17 APR 2000,1:47.56,,USA,"Woodside Stadium, Watford (GBR)",British Milers Club Grand Prix,11 JUL 2026,2026,6.0,D,Continental Tour,7235019,worldwide
men_800m,Reece SHARMAN-NEWELL,13 DEC 2002,1:49.21,,GBR,"Woodside Stadium, Watford (GBR)",British Milers Club Grand Prix,11 JUL 2026,2026,9.0,D,Continental Tour,7235019,worldwide
men_800m,Abraham ALVARADO,04 AUG 1995,1:44.07,,MEX,"Jack Kemp Stadium - Occidental College, Los Angeles, CA (USA)",Sunset Tour,11 JUL 2026,2026,1.0,B,Continental Tour,7233851,worldwide
men_800m,Yusuf BIZIMANA,06 SEP 2000,1:44.08,,GBR,"Jack Kemp Stadium - Occidental College, Los Angeles, CA (USA)",Sunset Tour,11 JUL 2026,2026,2.0,B,Continental Tour,7233851,worldwide
men_800m,Tinoda MATSATSA,20 SEP 2004,1:44.27,,USA,"Jack Kemp Stadium - Occidental College, Los Angeles, CA (USA)",Sunset Tour,11 JUL 2026,2026,3.0,B,Continental Tour,7233851,worldwide
men_800m,Brannon KIDDER,18 NOV 1993,1:45.51,,USA,"Jack Kemp Stadium - Occidental College, Los Angeles, CA (USA)",Sunset Tour,11 JUL 2026,2026,5.0,B,Continental Tour,7233851,worldwide
men_800m,Matthew ERICKSON,11 MAR 2003,1:46.45,,CAN,"Jack Kemp Stadium - Occidental College, Los Angeles, CA (USA)",Sunset Tour,11 JUL 2026,2026,6.0,B,Continental Tour,7233851,worldwide
men_800m,John RIVERA,02 DEC 1998,1:46.52,,PUR,"Jack Kemp Stadium - Occidental College, Los Angeles, CA (USA)",Sunset Tour,11 JUL 2026,2026,7.0,B,Continental Tour,7233851,worldwide
men_800m,Marco AROP,20 SEP 1998,1:42.13,,CAN,"Foote Field, Edmonton (CAN)",Edmonton Athletics Invitational,12 JUL 2026,2026,1.0,B,Continental Tour,7236639,worldwide
men_800m,Abdullahi HASSAN,28 JUL 2002,1:44.68,,CAN,"Foote Field, Edmonton (CAN)",Edmonton Athletics Invitational,12 JUL 2026,2026,3.0,B,Continental Tour,7236639,worldwide
men_800m,Isaiah JEWETT,06 FEB 1997,1:45.24,,USA,"Foote Field, Edmonton (CAN)",Edmonton Athletics Invitational,12 JUL 2026,2026,4.0,B,Continental Tour,7236639,worldwide
men_800m,Sam WHITMARSH,18 OCT 2002,1:46.28,,USA,"Swangard Stadium, Burnaby (CAN)",The Jerome Classic,14 JUL 2026,2026,3.0,C,Continental Tour,7229527,worldwide
men_800m,Djamel SEDJATI,03 MAY 1999,1:43.19,,ALG,"Nemzeti Atlétikai Központ, Budapest (HUN)",Gyulai István Memorial - Hungarian Athletics Grand Prix,14 JUL 2026,2026,1.0,A,Continental Tour,7214030,worldwide
men_800m,Laban Kipkorir CHEPKWONY,14 APR 1996,1:43.54,,KEN,"Nemzeti Atlétikai Központ, Budapest (HUN)",Gyulai István Memorial - Hungarian Athletics Grand Prix,14 JUL 2026,2026,2.0,A,Continental Tour,7214030,worldwide
men_800m,David BARROSO,21 AUG 2001,1:43.60,,ESP,"Nemzeti Atlétikai Központ, Budapest (HUN)",Gyulai István Memorial - Hungarian Athletics Grand Prix,14 JUL 2026,2026,3.0,A,Continental Tour,7214030,worldwide
men_800m,Navasky ANDERSON,21 JAN 2000,1:43.62,,JAM,"Nemzeti Atlétikai Központ, Budapest (HUN)",Gyulai István Memorial - Hungarian Athletics Grand Prix,14 JUL 2026,2026,4.0,A,Continental Tour,7214030,worldwide
men_800m,Handal ROBAN,05 SEP 2002,1:43.94,,VIN,"Nemzeti Atlétikai Központ, Budapest (HUN)",Gyulai István Memorial - Hungarian Athletics Grand Prix,14 JUL 2026,2026,5.0,A,Continental Tour,7214030,worldwide
men_800m,Yanis MEZIANE,26 JAN 2002,1:43.96,,FRA,"Nemzeti Atlétikai Központ, Budapest (HUN)",Gyulai István Memorial - Hungarian Athletics Grand Prix,14 JUL 2026,2026,6.0,A,Continental Tour,7214030,worldwide
men_800m,Gabriel TUAL,09 APR 1998,1:43.97,,FRA,"Nemzeti Atlétikai Központ, Budapest (HUN)",Gyulai István Memorial - Hungarian Athletics Grand Prix,14 JUL 2026,2026,7.0,A,Continental Tour,7214030,worldwide
men_800m,Maciej WYDERKA,29 JUL 2002,1:43.97,,POL,"Nemzeti Atlétikai Központ, Budapest (HUN)",Gyulai István Memorial - Hungarian Athletics Grand Prix,14 JUL 2026,2026,8.0,A,Continental Tour,7214030,worldwide
men_800m,Cian MCPHILLIPS,07 JUN 2002,1:45.32,,IRL,"Nemzeti Atlétikai Központ, Budapest (HUN)",Gyulai István Memorial - Hungarian Athletics Grand Prix,14 JUL 2026,2026,9.0,A,Continental Tour,7214030,worldwide
men_800m,David BARROSO,21 AUG 2001,1:44.36,,ESP,"Estadio Vallehermoso, Madrid (ESP)",Meeting Madrid,16 JUL 2026,2026,1.0,B,Continental Tour,7236602,worldwide
men_800m,Adrián BEN,04 AUG 1998,1:44.69,,ESP,"Estadio Vallehermoso, Madrid (ESP)",Meeting Madrid,16 JUL 2026,2026,2.0,B,Continental Tour,7236602,worldwide
men_800m,Alexander STEPANOV,30 SEP 2004,1:45.30,,GER,"Estadio Vallehermoso, Madrid (ESP)",Meeting Madrid,16 JUL 2026,2026,4.0,B,Continental Tour,7236602,worldwide
men_800m,Ronaldo OLIVO,08 OCT 2004,1:45.38,,ESP,"Estadio Vallehermoso, Madrid (ESP)",Meeting Madrid,16 JUL 2026,2026,5.0,B,Continental Tour,7236602,worldwide
men_800m,Abdelati EL GUESSE,27 FEB 1993,1:45.51,,MAR,"Estadio Vallehermoso, Madrid (ESP)",Meeting Madrid,16 JUL 2026,2026,6.0,B,Continental Tour,7236602,worldwide
men_800m,Pablo SÁNCHEZ-VALLADARES,12 NOV 1997,1:45.70,,ESP,"Estadio Vallehermoso, Madrid (ESP)",Meeting Madrid,16 JUL 2026,2026,7.0,B,Continental Tour,7236602,worldwide
men_800m,Catalin TECUCEANU,09 SEP 1999,1:45.76,,ITA,"Estadio Vallehermoso, Madrid (ESP)",Meeting Madrid,16 JUL 2026,2026,8.0,B,Continental Tour,7236602,worldwide
men_800m,Elvin Josué CANALES,05 SEP 2001,1:46.12,,ESP,"Estadio Vallehermoso, Madrid (ESP)",Meeting Madrid,16 JUL 2026,2026,9.0,B,Continental Tour,7236602,worldwide
men_800m,Callum DODDS,06 OCT 2000,1:48.57,,GBR,"Estadio Vallehermoso, Madrid (ESP)",Meeting Madrid,16 JUL 2026,2026,10.0,B,Continental Tour,7236602,worldwide
men_800m,Tom DRADRIGA,17 JUN 1996,1:45.24,,UGA,"Centro Sportivo G. Olmo-P. Ferro, Celle Ligure (ITA)",37° Meeting Arcobaleno EAP AtleticaEuropa,16 JUL 2026,2026,1.0,D,Continental Tour,7234848,worldwide
men_800m,Eric NZIKWINKUNDA,01 JAN 1997,1:46.42,,BDI,"Centro Sportivo G. Olmo-P. Ferro, Celle Ligure (ITA)",37° Meeting Arcobaleno EAP AtleticaEuropa,16 JUL 2026,2026,2.0,D,Continental Tour,7234848,worldwide
men_800m,Patryk SIERADZKI,06 OCT 1998,1:46.91,,POL,"Centro Sportivo G. Olmo-P. Ferro, Celle Ligure (ITA)",37° Meeting Arcobaleno EAP AtleticaEuropa,16 JUL 2026,2026,3.0,D,Continental Tour,7234848,worldwide
men_800m,Nicholas KIPLAGAT,07 JUN 1995,1:44.93,,KEN,"Stadion De Veen, Heusden-Zolder (BEL)",Night of Athletics,18 JUL 2026,2026,1.0,C,Continental Tour,7235037,worldwide
men_800m,Handal ROBAN,05 SEP 2002,1:45.29,,VIN,"Stadion De Veen, Heusden-Zolder (BEL)",Night of Athletics,18 JUL 2026,2026,3.0,C,Continental Tour,7235037,worldwide
men_800m,Tibo DE SMET,28 MAY 1999,1:45.75,,BEL,"Stadion De Veen, Heusden-Zolder (BEL)",Night of Athletics,18 JUL 2026,2026,4.0,C,Continental Tour,7235037,worldwide
men_800m,Ferguson Cheruiyot ROTICH,30 NOV 1989,1:48.98,,KEN,"Stadion De Veen, Heusden-Zolder (BEL)",Night of Athletics,18 JUL 2026,2026,8.0,C,Continental Tour,7235037,worldwide
men_800m,Mateusz BORKOWSKI,02 APR 1997,1:49.18,,POL,"Stadion De Veen, Heusden-Zolder (BEL)",Night of Athletics,18 JUL 2026,2026,10.0,C,Continental Tour,7235037,worldwide
men_800m,Abdelati EL GUESSE,27 FEB 1993,1:44.46,,MAR,"Štadión SNP, Banská Bystrica (SVK)",TIPOS P-T-S Meeting,21 JUL 2026,2026,1.0,B,Continental Tour,7235101,worldwide
men_800m,Luke BOYES,05 NOV 2003,1:44.87,,AUS,"Štadión SNP, Banská Bystrica (SVK)",TIPOS P-T-S Meeting,21 JUL 2026,2026,3.0,B,Continental Tour,7235101,worldwide
men_800m,Pablo SÁNCHEZ-VALLADARES,12 NOV 1997,1:45.13,,ESP,"Štadión SNP, Banská Bystrica (SVK)",TIPOS P-T-S Meeting,21 JUL 2026,2026,5.0,B,Continental Tour,7235101,worldwide
men_800m,Peyton CRAIG,28 MAR 2005,1:45.65,,AUS,"Štadión SNP, Banská Bystrica (SVK)",TIPOS P-T-S Meeting,21 JUL 2026,2026,6.0,B,Continental Tour,7235101,worldwide
men_800m,Jakub DUDYCHA,05 SEP 2005,1:45.82,,CZE,"Štadión SNP, Banská Bystrica (SVK)",TIPOS P-T-S Meeting,21 JUL 2026,2026,7.0,B,Continental Tour,7235101,worldwide
men_800m,Eduardo RIBEIRO,09 JAN 2001,1:46.49,,BRA,"Estádio Olímpico do Ibirapuera - Ícaro de Castro Melo, São Paulo (BRA)",Brazilian Championships - XLV Troféu Brasil Interclubes Loterias Caixa de Atletismo,24 JUL 2026,2026,1.0,B,National Championships,7237636,worldwide
men_800m,Matheus Americo MEDEIROS PESSOA,09 APR 1996,1:50.81,,BRA,"Estádio Olímpico do Ibirapuera - Ícaro de Castro Melo, São Paulo (BRA)",Brazilian Championships - XLV Troféu Brasil Interclubes Loterias Caixa de Atletismo,24 JUL 2026,2026,6.0,B,National Championships,7237636,worldwide
men_800m,Tobias GRØNSTAD,06 JUL 2002,1:47.39,,NOR,"Trondheim Stadion, Trondheim (NOR)",Norwegian Championships,24 JUL 2026,2026,1.0,B,National Championships,7233455,worldwide
men_800m,Sergey DUBROVSKIY,20 JAN 1995,1:46.09,,RUS,"Kalininets Stadium, Yekaterinburg (RUS)",Russian Championships,24 JUL 2026,2026,3.0,B,National Championships,7243535,worldwide
men_800m,Cooper LUTKENHAUS,19 DEC 2008,1:43.48,,USA,"Icahn Stadium, New York, NY (USA)",USA Championships,26 JUL 2026,2026,1.0,B,National Championships,7243123,worldwide
men_800m,Wes FERGUSON,05 MAR 2001,1:44.55,,USA,"Icahn Stadium, New York, NY (USA)",USA Championships,26 JUL 2026,2026,2.0,B,National Championships,7243123,worldwide
men_800m,Hobbs KESSLER,15 MAR 2003,1:45.00,,USA,"Icahn Stadium, New York, NY (USA)",USA Championships,26 JUL 2026,2026,3.0,B,National Championships,7243123,worldwide
men_800m,Christian JACKSON,01 AUG 2003,1:45.05,,USA,"Icahn Stadium, New York, NY (USA)",USA Championships,26 JUL 2026,2026,4.0,B,National Championships,7243123,worldwide
men_800m,Camden MARSHALL,01 MAY 2003,1:45.87,,USA,"Icahn Stadium, New York, NY (USA)",USA Championships,26 JUL 2026,2026,6.0,B,National Championships,7243123,worldwide
men_800m,Shane COHEN,25 JAN 2001,1:46.70,,USA,"Icahn Stadium, New York, NY (USA)",USA Championships,26 JUL 2026,2026,8.0,B,National Championships,7243123,worldwide
men_800m,Bartosz KITLIŃSKI,11 JUN 2004,1:44.97,,POL,"Stadion BOSiR, Białystok (POL)",Polish Championships,25 JUL 2026,2026,1.0,B,National Championships,7231706,worldwide
men_800m,Filip OSTROWSKI,12 JUL 2001,1:45.16,,POL,"Stadion BOSiR, Białystok (POL)",Polish Championships,25 JUL 2026,2026,2.0,B,National Championships,7231706,worldwide
men_800m,Maciej WYDERKA,29 JUL 2002,1:46.25,,POL,"Stadion BOSiR, Białystok (POL)",Polish Championships,25 JUL 2026,2026,3.0,B,National Championships,7231706,worldwide
men_800m,Mateusz BORKOWSKI,02 APR 1997,1:46.63,,POL,"Stadion BOSiR, Białystok (POL)",Polish Championships,25 JUL 2026,2026,4.0,B,National Championships,7231706,worldwide
men_800m,Patryk SIERADZKI,06 OCT 1998,1:49.69,,POL,"Stadion BOSiR, Białystok (POL)",Polish Championships,25 JUL 2026,2026,8.0,B,National Championships,7231706,worldwide
men_800m,Louey OUERRAT,04 NOV 2004,1:44.91,,FRA,"Stadium Municipal, Albi (FRA)",French Championships,25 JUL 2026,2026,1.0,B,National Championships,7236362,worldwide
men_800m,Gabriel TUAL,09 APR 1998,1:45.07,,FRA,"Stadium Municipal, Albi (FRA)",French Championships,25 JUL 2026,2026,2.0,B,National Championships,7236362,worldwide
men_800m,Yanis MEZIANE,26 JAN 2002,1:45.12,,FRA,"Stadium Municipal, Albi (FRA)",French Championships,25 JUL 2026,2026,3.0,B,National Championships,7236362,worldwide
men_800m,Corentin LE CLEZIO,24 SEP 1999,1:45.19,,FRA,"Stadium Municipal, Albi (FRA)",French Championships,25 JUL 2026,2026,4.0,B,National Championships,7236362,worldwide
men_800m,Jordan TERRASSE,11 APR 2000,1:45.57,,FRA,"Stadium Municipal, Albi (FRA)",French Championships,25 JUL 2026,2026,5.0,B,National Championships,7236362,worldwide
men_800m,Samuel PIHLSTRÖM,08 MAR 2001,1:46.63,,SWE,"Uppsala Friidrottsarena, Uppsala (SWE)",Swedish Championships,26 JUL 2026,2026,1.0,B,National Championships,7237432,worldwide
men_800m,Andreas KRAMER,13 APR 1997,1:48.14,,SWE,"Uppsala Friidrottsarena, Uppsala (SWE)",Swedish Championships,26 JUL 2026,2026,2.0,B,National Championships,7237432,worldwide
men_800m,David BARROSO,21 AUG 2001,1:46.73,,ESP,"Estadio Ciudad de Málaga, Málaga (ESP)",Spanish Championships,26 JUL 2026,2026,1.0,B,National Championships,7239429,worldwide
men_800m,Mohamed ATTAOUI,26 SEP 2001,1:46.85,,ESP,"Estadio Ciudad de Málaga, Málaga (ESP)",Spanish Championships,26 JUL 2026,2026,2.0,B,National Championships,7239429,worldwide
men_800m,Pablo SÁNCHEZ-VALLADARES,12 NOV 1997,1:47.47,,ESP,"Estadio Ciudad de Málaga, Málaga (ESP)",Spanish Championships,26 JUL 2026,2026,4.0,B,National Championships,7239429,worldwide
men_800m,Ronaldo OLIVO,08 OCT 2004,1:47.56,,ESP,"Estadio Ciudad de Málaga, Málaga (ESP)",Spanish Championships,26 JUL 2026,2026,5.0,B,National Championships,7239429,worldwide
men_800m,Elvin Josué CANALES,05 SEP 2001,1:47.75,,ESP,"Estadio Ciudad de Málaga, Málaga (ESP)",Spanish Championships,26 JUL 2026,2026,6.0,B,National Championships,7239429,worldwide
men_800m,Joonas RINNE,20 MAY 1995,1:50.88,,FIN,"Harjun stadion, Jyväskylä (FIN)",Finnish Championships,26 JUL 2026,2026,1.0,B,National Championships,7237667,worldwide
men_800m,Francesco PERNICI,18 FEB 2003,1:44.89,,ITA,"Stadio Luigi Ridolfi, Firenze (ITA)",Italian Championships,26 JUL 2026,2026,1.0,B,National Championships,7239956,worldwide
men_800m,Tibo DE SMET,28 MAY 1999,1:48.30,,BEL,"Atletiekarena Gaston Roelants, Kessel-Lo (BEL)",Belgian Championships,26 JUL 2026,2026,1.0,B,National Championships,7242376,worldwide
men_800m,Cian MCPHILLIPS,07 JUN 2002,1:47.76,,IRL,"Morton Stadium, Santry, Dublin (IRL)",Irish Championships,26 JUL 2026,2026,1.0,B,National Championships,7242784,worldwide
men_800m,Ramon WIPFLI,30 JUN 2004,1:49.34,,SUI,"Letzigrund, Zürich (SUI)",Swiss Championships,26 JUL 2026,2026,1.0,B,National Championships,7242227,worldwide
men_800m,Ivan PELIZZA,17 DEC 2000,1:49.70,,SUI,"Letzigrund, Zürich (SUI)",Swiss Championships,26 JUL 2026,2026,2.0,B,National Championships,7242227,worldwide
men_800m,Alexander STEPANOV,30 SEP 2004,1:48.44,,GER,"Lohrheidestadion, Wattenscheid, Bochum (GER)",German Championships,26 JUL 2026,2026,1.0,B,National Championships,7243645,worldwide
men_800m,Jakub DAVIDÍK,20 JAN 2002,1:47.88,,CZE,"Atletický stadion města Plzně, Plzeň (CZE)",Czech Championships,26 JUL 2026,2026,1.0,B,National Championships,7239384,worldwide
men_800m,Tony VAN DIEPEN,17 APR 1996,1:48.59,,NED,"FBK Stadium, Hengelo (NED)",Dutch Championships,26 JUL 2026,2026,1.0,B,National Championships,7244700,worldwide
men_800m,Ryan CLARKE,17 NOV 1997,1:48.89,,NED,"FBK Stadium, Hengelo (NED)",Dutch Championships,26 JUL 2026,2026,2.0,B,National Championships,7244700,worldwide
men_800m,Abedin MUJEZINOVIĆ,02 JUN 1993,1:52.26,,BIH,"Stadion, Rogatica (BIH)",Bosnia & Herzegovina Championships,26 JUL 2026,2026,1.0,B,National Championships,7238849,worldwide
men_800m,Tony VAN DIEPEN,17 APR 1996,1:45.39,,NED,"Putbosstadion, Oordegem (BEL)",IFAM Oordegem,01 AUG 2026,2026,1.0,C,Continental Tour,7235002,worldwide
men_800m,Tibo DE SMET,28 MAY 1999,1:45.51,,BEL,"Putbosstadion, Oordegem (BEL)",IFAM Oordegem,01 AUG 2026,2026,2.0,C,Continental Tour,7235002,worldwide
men_800m,Thomas MARQUES DE ANDRADE,13 JAN 2004,1:45.64,,FRA,"Putbosstadion, Oordegem (BEL)",IFAM Oordegem,01 AUG 2026,2026,3.0,C,Continental Tour,7235002,worldwide
men_800m,Abubaker Haydar ABDALLA,28 AUG 1996,1:45.65,,QAT,"Putbosstadion, Oordegem (BEL)",IFAM Oordegem,01 AUG 2026,2026,4.0,C,Continental Tour,7235002,worldwide
men_800m,Ruben VERHEYDEN,22 DEC 2000,1:46.51,,BEL,"Putbosstadion, Oordegem (BEL)",IFAM Oordegem,01 AUG 2026,2026,5.0,C,Continental Tour,7235002,worldwide
men_800m,Jordan TERRASSE,11 APR 2000,1:46.59,,FRA,"Putbosstadion, Oordegem (BEL)",IFAM Oordegem,01 AUG 2026,2026,6.0,C,Continental Tour,7235002,worldwide
men_800m,Eric NZIKWINKUNDA,01 JAN 1997,1:48.34,,BDI,"Putbosstadion, Oordegem (BEL)",IFAM Oordegem,01 AUG 2026,2026,8.0,C,Continental Tour,7235002,worldwide
men_800m,Jose MAITA,17 APR 1998,1:46.10,,VEN,"Estadio Olimpico Juan Pablo Duarte, Santo Domingo (DOM)",CAC Games,07 AUG 2026,2026,2.0,B,Area Regional Champs,7233796,worldwide
men_800m,Jesus Tonatiu LÓPEZ,02 AUG 1997,1:46.86,,MEX,"Estadio Olimpico Juan Pablo Duarte, Santo Domingo (DOM)",CAC Games,07 AUG 2026,2026,3.0,B,Area Regional Champs,7233796,worldwide
men_800m,Ryan SÁNCHEZ,22 SEP 1998,1:47.43,,PUR,"Estadio Olimpico Juan Pablo Duarte, Santo Domingo (DOM)",CAC Games,07 AUG 2026,2026,5.0,B,Area Regional Champs,7233796,worldwide
men_800m,Chamar CHAMBERS,31 OCT 1997,1:47.50,,PAN,"Estadio Olimpico Juan Pablo Duarte, Santo Domingo (DOM)",CAC Games,07 AUG 2026,2026,6.0,B,Area Regional Champs,7233796,worldwide
men_800m,Callum DODDS,06 OCT 2000,1:46.01,,GBR,"Mo Farah Athletics Track, Twickenham (GBR)",British Milers Club Grand Prix,09 AUG 2026,2026,2.0,D,Continental Tour,7235020,worldwide
men_800m,Archie DAVIS,16 OCT 1998,1:46.15,,GBR,"Mo Farah Athletics Track, Twickenham (GBR)",British Milers Club Grand Prix,09 AUG 2026,2026,3.0,D,Continental Tour,7235020,worldwide
men_800m,Cass ELLIOTT,17 APR 2000,DNF,,AUT,"Mo Farah Athletics Track, Twickenham (GBR)",British Milers Club Grand Prix,09 AUG 2026,2026,,D,Continental Tour,7235020,worldwide
men_800m,Finley MCLEAR,25 MAY 2000,DNF,,GBR,"Mo Farah Athletics Track, Twickenham (GBR)",British Milers Club Grand Prix,09 AUG 2026,2026,,D,Continental Tour,7235020,worldwide
men_800m,Mark ENGLISH,18 MAR 1993,1:45.26,,IRL,"Alexander Stadium, Birmingham (GBR)",European Athletics Championships,13 AUG 2026,2026,1.0,GL,Area Champs,7192415,worldwide
men_800m,Marino BLOUDEK,18 JUL 1999,1:45.62,,CRO,"Alexander Stadium, Birmingham (GBR)",European Athletics Championships,13 AUG 2026,2026,2.0,GL,Area Champs,7192415,worldwide
men_800m,Mohamed ATTAOUI,26 SEP 2001,1:45.71,,ESP,"Alexander Stadium, Birmingham (GBR)",European Athletics Championships,13 AUG 2026,2026,3.0,GL,Area Champs,7192415,worldwide
men_800m,David BARROSO,21 AUG 2001,1:45.75,,ESP,"Alexander Stadium, Birmingham (GBR)",European Athletics Championships,13 AUG 2026,2026,4.0,GL,Area Champs,7192415,worldwide
men_800m,Francesco PERNICI,18 FEB 2003,1:45.77,,ITA,"Alexander Stadium, Birmingham (GBR)",European Athletics Championships,13 AUG 2026,2026,5.0,GL,Area Champs,7192415,worldwide
men_800m,Ben PATTISON,15 DEC 2001,1:46.14,,GBR,"Alexander Stadium, Birmingham (GBR)",European Athletics Championships,13 AUG 2026,2026,6.0,GL,Area Champs,7192415,worldwide
men_800m,Corentin LE CLEZIO,24 SEP 1999,1:46.24,,FRA,"Alexander Stadium, Birmingham (GBR)",European Athletics Championships,13 AUG 2026,2026,7.0,GL,Area Champs,7192415,worldwide
men_800m,Max BURGIN,20 MAY 2002,DNS,,GBR,"Alexander Stadium, Birmingham (GBR)",European Athletics Championships,13 AUG 2026,2026,,GL,Area Champs,7192415,worldwide
men_800m,Sam WHITMARSH,18 OCT 2002,1:47.74,,USA,"Lincoln HS, Portland, OR (USA)",Stumptown Twilight,15 AUG 2026,2026,1.0,D,Continental Tour,7239727,worldwide
men_800m,Thomas STAINES,22 FEB 1998,1:48.50,,GBR,"Lincoln HS, Portland, OR (USA)",Stumptown Twilight,15 AUG 2026,2026,3.0,D,Continental Tour,7239727,worldwide
men_800m,John RIVERA,02 DEC 1998,1:48.87,,PUR,"Lincoln HS, Portland, OR (USA)",Stumptown Twilight,15 AUG 2026,2026,4.0,D,Continental Tour,7239727,worldwide
men_800m,Shane COHEN,25 JAN 2001,1:49.41,,USA,"Lincoln HS, Portland, OR (USA)",Stumptown Twilight,15 AUG 2026,2026,6.0,D,Continental Tour,7239727,worldwide
men_800m,Patryk SIERADZKI,06 OCT 1998,1:47.20,,POL,"Leppävaaran Stadion, Espoo (FIN)",Espoo Motonet GP,19 AUG 2026,2026,3.0,C,Continental Tour,7235369,worldwide
men_800m,Yohanes TEFERA,28 MAR 2004,1:44.99,,ETH,"Wieslaw Maniak Municipal Athletic Stadium, Szczecin (POL)",9. International Wiesław Maniak Memorial,26 AUG 2026,2026,1.0,C,Continental Tour,7235055,worldwide
men_800m,Christian JACKSON,01 AUG 2003,1:45.34,,USA,"Wieslaw Maniak Municipal Athletic Stadium, Szczecin (POL)",9. International Wiesław Maniak Memorial,26 AUG 2026,2026,2.0,C,Continental Tour,7235055,worldwide
men_800m,Ryan CLARKE,17 NOV 1997,1:45.38,,NED,"Wieslaw Maniak Municipal Athletic Stadium, Szczecin (POL)",9. International Wiesław Maniak Memorial,26 AUG 2026,2026,3.0,C,Continental Tour,7235055,worldwide
men_800m,Corentin LE CLEZIO,24 SEP 1999,1:45.38,,FRA,"Wieslaw Maniak Municipal Athletic Stadium, Szczecin (POL)",9. International Wiesław Maniak Memorial,26 AUG 2026,2026,3.0,C,Continental Tour,7235055,worldwide
men_800m,Jakub DUDYCHA,05 SEP 2005,1:45.61,,CZE,"Wieslaw Maniak Municipal Athletic Stadium, Szczecin (POL)",9. International Wiesław Maniak Memorial,26 AUG 2026,2026,6.0,C,Continental Tour,7235055,worldwide
men_800m,Ryan SÁNCHEZ,22 SEP 1998,1:45.79,,PUR,"Wieslaw Maniak Municipal Athletic Stadium, Szczecin (POL)",9. International Wiesław Maniak Memorial,26 AUG 2026,2026,7.0,C,Continental Tour,7235055,worldwide
men_800m,Abdelati EL GUESSE,27 FEB 1993,DNF,,MAR,"Wieslaw Maniak Municipal Athletic Stadium, Szczecin (POL)",9. International Wiesław Maniak Memorial,26 AUG 2026,2026,,C,Continental Tour,7235055,worldwide
men_800m,Pablo SÁNCHEZ-VALLADARES,12 NOV 1997,DNF,,ESP,"Wieslaw Maniak Municipal Athletic Stadium, Szczecin (POL)",9. International Wiesław Maniak Memorial,26 AUG 2026,2026,,C,Continental Tour,7235055,worldwide
men_800m,Peter BOL,22 FEB 1994,1:46.40,,AUS,"SA Athletic Stadium, Adelaide (AUS)",Adelaide Invitational,15 FEB 2025,2025,1.0,C,Continental Tour,7216938,worldwide
men_800m,Jack LUNN,16 OCT 2001,1:47.71,,AUS,"SA Athletic Stadium, Adelaide (AUS)",Adelaide Invitational,15 FEB 2025,2025,3.0,C,Continental Tour,7216938,worldwide
men_800m,Mason COHEN,19 SEP 1996,1:49.82,,AUS,"SA Athletic Stadium, Adelaide (AUS)",Adelaide Invitational,15 FEB 2025,2025,6.0,C,Continental Tour,7216938,worldwide
men_800m,Peter BOL,22 FEB 1994,1:44.86,,AUS,"SOPAC, Sydney (AUS)",Sydney Track Classic,15 MAR 2025,2025,1.0,D,Continental Tour,7217120,worldwide
men_800m,Luke BOYES,05 NOV 2003,1:45.56,,AUS,"SOPAC, Sydney (AUS)",Sydney Track Classic,15 MAR 2025,2025,3.0,D,Continental Tour,7217120,worldwide
men_800m,Jack LUNN,16 OCT 2001,1:46.89,,AUS,"SOPAC, Sydney (AUS)",Sydney Track Classic,15 MAR 2025,2025,4.0,D,Continental Tour,7217120,worldwide
men_800m,Mason COHEN,19 SEP 1996,1:47.76,,AUS,"SOPAC, Sydney (AUS)",Sydney Track Classic,15 MAR 2025,2025,6.0,D,Continental Tour,7217120,worldwide
men_800m,Peyton CRAIG,28 MAR 2005,1:49.92,,AUS,"SOPAC, Sydney (AUS)",Sydney Track Classic,15 MAR 2025,2025,8.0,D,Continental Tour,7217120,worldwide
men_800m,Jye PERROTT,06 AUG 1998,DNF,,AUS,"SOPAC, Sydney (AUS)",Sydney Track Classic,15 MAR 2025,2025,,D,Continental Tour,7217120,worldwide
men_800m,Peyton CRAIG,28 MAR 2005,1:46.45,,AUS,"Lakeside Stadium, Melbourne (AUS)",Melbourne Invitational,29 MAR 2025,2025,1.0,C,Continental Tour,7217905,worldwide
men_800m,Luke BOYES,05 NOV 2003,1:46.73,,AUS,"Lakeside Stadium, Melbourne (AUS)",Melbourne Invitational,29 MAR 2025,2025,2.0,C,Continental Tour,7217905,worldwide
men_800m,Jack LUNN,16 OCT 2001,1:48.44,,AUS,"Lakeside Stadium, Melbourne (AUS)",Melbourne Invitational,29 MAR 2025,2025,3.0,C,Continental Tour,7217905,worldwide
men_800m,Jye PERROTT,06 AUG 1998,1:48.71,,AUS,"Lakeside Stadium, Melbourne (AUS)",Melbourne Invitational,29 MAR 2025,2025,4.0,C,Continental Tour,7217905,worldwide
men_800m,Mason COHEN,19 SEP 1996,1:51.19,,AUS,"Lakeside Stadium, Melbourne (AUS)",Melbourne Invitational,29 MAR 2025,2025,8.0,C,Continental Tour,7217905,worldwide
men_800m,Peter BOL,22 FEB 1994,1:43.79,,AUS,"WA Athletics Stadium, Perth (AUS)",Australian Championships,13 APR 2025,2025,1.0,B,National Championships,7217088,worldwide
men_800m,Peyton CRAIG,28 MAR 2005,1:44.07,,AUS,"WA Athletics Stadium, Perth (AUS)",Australian Championships,13 APR 2025,2025,2.0,B,National Championships,7217088,worldwide
men_800m,Luke BOYES,05 NOV 2003,1:44.50,,AUS,"WA Athletics Stadium, Perth (AUS)",Australian Championships,13 APR 2025,2025,3.0,B,National Championships,7217088,worldwide
men_800m,Jack LUNN,16 OCT 2001,1:45.88,,AUS,"WA Athletics Stadium, Perth (AUS)",Australian Championships,13 APR 2025,2025,4.0,B,National Championships,7217088,worldwide
men_800m,Mason COHEN,19 SEP 1996,1:46.40,,AUS,"WA Athletics Stadium, Perth (AUS)",Australian Championships,13 APR 2025,2025,5.0,B,National Championships,7217088,worldwide
men_800m,Jye PERROTT,06 AUG 1998,1:47.66,,AUS,"WA Athletics Stadium, Perth (AUS)",Australian Championships,13 APR 2025,2025,6.0,B,National Championships,7217088,worldwide
men_800m,Yohanes TEFERA,28 MAR 2004,1:47.05,,ETH,"Stade Gouled, Djibouti (DJI)",Meeting International De Djibouti,11 APR 2025,2025,1.0,C,Continental Tour,7223556,worldwide
men_800m,Eric NZIKWINKUNDA,01 JAN 1997,1:47.73,,BDI,"Stade Gouled, Djibouti (DJI)",Meeting International De Djibouti,11 APR 2025,2025,2.0,C,Continental Tour,7223556,worldwide
men_800m,Kethobogile HAINGURA,14 DEC 1998,1:44.18,,BOT,"National Stadium, Gaborone (BOT)",FNB Botswana Golden Grand Prix,12 APR 2025,2025,1.0,A,Continental Tour,7223448,worldwide
men_800m,Tshepiso MASALELA,25 MAY 1999,1:44.77,,BOT,"National Stadium, Gaborone (BOT)",FNB Botswana Golden Grand Prix,12 APR 2025,2025,2.0,A,Continental Tour,7223448,worldwide
men_800m,Laban Kipkorir CHEPKWONY,14 APR 1996,1:45.38,,KEN,"National Stadium, Gaborone (BOT)",FNB Botswana Golden Grand Prix,12 APR 2025,2025,3.0,A,Continental Tour,7223448,worldwide
men_800m,Tumo NKAPE,24 JUN 1998,1:45.57,,BOT,"National Stadium, Gaborone (BOT)",FNB Botswana Golden Grand Prix,12 APR 2025,2025,4.0,A,Continental Tour,7223448,worldwide
men_800m,Tshepo TSHITE,15 JAN 1997,1:45.91,,RSA,"National Stadium, Gaborone (BOT)",FNB Botswana Golden Grand Prix,12 APR 2025,2025,5.0,A,Continental Tour,7223448,worldwide
men_800m,Nicholas KIPLAGAT,07 JUN 1995,1:46.57,,KEN,"National Stadium, Gaborone (BOT)",FNB Botswana Golden Grand Prix,12 APR 2025,2025,6.0,A,Continental Tour,7223448,worldwide
men_800m,Ferguson Cheruiyot ROTICH,30 NOV 1989,1:47.08,,KEN,"National Stadium, Gaborone (BOT)",FNB Botswana Golden Grand Prix,12 APR 2025,2025,7.0,A,Continental Tour,7223448,worldwide
men_800m,Kelvin Kimtai LOTI,05 OCT 1999,1:49.28,,KEN,"National Stadium, Gaborone (BOT)",FNB Botswana Golden Grand Prix,12 APR 2025,2025,11.0,A,Continental Tour,7223448,worldwide
men_800m,Robert FARKEN,20 SEP 1997,1:45.45,,GER,"Franklin Field, Philadelphia, PA (USA)",The Penn Relays,26 APR 2025,2025,1.0,B,Continental Tour,7219596,worldwide
men_800m,Shane COHEN,25 JAN 2001,1:45.76,,USA,"Franklin Field, Philadelphia, PA (USA)",The Penn Relays,26 APR 2025,2025,2.0,B,Continental Tour,7219596,worldwide
men_800m,Navasky ANDERSON,21 JAN 2000,1:46.79,,JAM,"Franklin Field, Philadelphia, PA (USA)",The Penn Relays,26 APR 2025,2025,4.0,B,Continental Tour,7219596,worldwide
men_800m,Edose IBADIN,27 FEB 1993,1:47.78,,NGR,"Franklin Field, Philadelphia, PA (USA)",The Penn Relays,26 APR 2025,2025,6.0,B,Continental Tour,7219596,worldwide
men_800m,Jesus Tonatiu LÓPEZ,02 AUG 1997,1:53.33,,MEX,"Franklin Field, Philadelphia, PA (USA)",The Penn Relays,26 APR 2025,2025,7.0,B,Continental Tour,7219596,worldwide
men_800m,Cass ELLIOTT,17 APR 2000,DNF,,USA,"Franklin Field, Philadelphia, PA (USA)",The Penn Relays,26 APR 2025,2025,,B,Continental Tour,7219596,worldwide
men_800m,Tshepo TSHITE,15 JAN 1997,1:46.84,,RSA,"McArthur Stadium, Potchefstroom (RSA)",South African Championships,26 APR 2025,2025,1.0,B,National Championships,7219516,worldwide
men_800m,Kabelo Simon MOHLOSI,20 JAN 1993,1:47.49,,RSA,"McArthur Stadium, Potchefstroom (RSA)",South African Championships,26 APR 2025,2025,2.0,B,National Championships,7219516,worldwide
men_800m,Eduardo RIBEIRO,09 JAN 2001,1:50.46,,BRA,"Pista de Atletismo Justo Román, Mar del Plata (ARG)",South American Athletics Championships,27 APR 2025,2025,1.0,GL,Area Champs,7227188,worldwide
men_800m,Jose MAITA,17 APR 1998,1:50.93,,VEN,"Pista de Atletismo Justo Román, Mar del Plata (ARG)",South American Athletics Championships,27 APR 2025,2025,2.0,GL,Area Champs,7227188,worldwide
men_800m,Nicholas KIPLAGAT,07 JUN 1995,1:45.38,,KEN,"Dubai Police Club Stadium, Dubai (UAE)",UAE Athletics Grand Prix,09 MAY 2025,2025,1.0,C,Continental Tour,7220872,worldwide
men_800m,Abedin MUJEZINOVIĆ,02 JUN 1993,1:48.12,,BIH,"Dubai Police Club Stadium, Dubai (UAE)",UAE Athletics Grand Prix,09 MAY 2025,2025,7.0,C,Continental Tour,7220872,worldwide
men_800m,Justin DAVIES,06 FEB 2003,1:44.35,,GBR,"Mary Peters Track, Belfast (GBR)",Belfast Irish milers meet,10 MAY 2025,2025,1.0,D,Continental Tour,7217814,worldwide
men_800m,Henry JONAS,08 JUN 2005,1:44.72,,GBR,"Mary Peters Track, Belfast (GBR)",Belfast Irish milers meet,10 MAY 2025,2025,2.0,D,Continental Tour,7217814,worldwide
men_800m,Tiarnan CRORKEN,13 JUN 1999,1:44.98,,GBR,"Mary Peters Track, Belfast (GBR)",Belfast Irish milers meet,10 MAY 2025,2025,3.0,D,Continental Tour,7217814,worldwide
men_800m,Ignacio FONTES,22 JUN 1998,1:46.25,,ESP,"Mary Peters Track, Belfast (GBR)",Belfast Irish milers meet,10 MAY 2025,2025,4.0,D,Continental Tour,7217814,worldwide
men_800m,David BARROSO,21 AUG 2001,1:47.68,,ESP,"Pista atletismo Can Mises, Ibiza (ESP)",Meeting de Atletismo Toni Bonet,10 MAY 2025,2025,1.0,D,Continental Tour,7226629,worldwide
men_800m,Elvin Josué CANALES,05 SEP 2001,1:48.93,,ESP,"Pista atletismo Can Mises, Ibiza (ESP)",Meeting de Atletismo Toni Bonet,10 MAY 2025,2025,3.0,D,Continental Tour,7226629,worldwide
men_800m,Eric NZIKWINKUNDA,01 JAN 1997,1:51.30,,BDI,"Pista atletismo Can Mises, Ibiza (ESP)",Meeting de Atletismo Toni Bonet,10 MAY 2025,2025,5.0,D,Continental Tour,7226629,worldwide
men_800m,Tumo NKAPE,24 JUN 1998,1:45.93,,BOT,"National Stadium, Gaborone (BOT)",Botswana Championships,17 MAY 2025,2025,1.0,B,National Championships,7216999,worldwide
men_800m,Alex AMANKWA,02 MAR 1992,1:46.65,,GHA,"Piedmont Park, Atlanta, GA (USA)",adidas Atlanta City Games,17 MAY 2025,2025,3.0,B,Continental Tour,7227657,worldwide
men_800m,Luke HOUSER,02 MAY 2001,1:46.66,,USA,"Piedmont Park, Atlanta, GA (USA)",adidas Atlanta City Games,17 MAY 2025,2025,4.0,B,Continental Tour,7227657,worldwide
men_800m,Shane STREICH,19 SEP 1996,1:47.09,,USA,"Piedmont Park, Atlanta, GA (USA)",adidas Atlanta City Games,17 MAY 2025,2025,6.0,B,Continental Tour,7227657,worldwide
men_800m,Will SUMNER,22 OCT 2003,1:48.21,,USA,"Piedmont Park, Atlanta, GA (USA)",adidas Atlanta City Games,17 MAY 2025,2025,7.0,B,Continental Tour,7227657,worldwide
men_800m,Robert HEPPENSTALL,28 FEB 1997,1:49.58,,CAN,"Piedmont Park, Atlanta, GA (USA)",adidas Atlanta City Games,17 MAY 2025,2025,8.0,B,Continental Tour,7227657,worldwide
men_800m,Justin DAVIES,06 FEB 2003,1:44.87,,GBR,"Sports Park Mladost, Zagreb (CRO)",75. Boris Hanžeković Memorial,24 MAY 2025,2025,1.0,A,Continental Tour,7211209,worldwide
men_800m,Slimane MOULA,25 FEB 1999,1:45.05,,ALG,"Sports Park Mladost, Zagreb (CRO)",75. Boris Hanžeković Memorial,24 MAY 2025,2025,2.0,A,Continental Tour,7211209,worldwide
men_800m,Marino BLOUDEK,18 JUL 1999,1:45.52,,CRO,"Sports Park Mladost, Zagreb (CRO)",75. Boris Hanžeković Memorial,24 MAY 2025,2025,3.0,A,Continental Tour,7211209,worldwide
men_800m,Ethan HUSSEY,05 MAR 2003,1:46.38,,GBR,"Sports Park Mladost, Zagreb (CRO)",75. Boris Hanžeković Memorial,24 MAY 2025,2025,4.0,A,Continental Tour,7211209,worldwide
men_800m,Noah KIBET,12 APR 2004,1:46.43,,KEN,"Sports Park Mladost, Zagreb (CRO)",75. Boris Hanžeković Memorial,24 MAY 2025,2025,5.0,A,Continental Tour,7211209,worldwide
men_800m,Samuel CHAPPLE,23 NOV 1998,1:46.58,,NED,"Sports Park Mladost, Zagreb (CRO)",75. Boris Hanžeković Memorial,24 MAY 2025,2025,6.0,A,Continental Tour,7211209,worldwide
men_800m,Tibo DE SMET,28 MAY 1999,1:47.09,,BEL,"Sports Park Mladost, Zagreb (CRO)",75. Boris Hanžeković Memorial,24 MAY 2025,2025,7.0,A,Continental Tour,7211209,worldwide
men_800m,Anicet KOZAR,08 OCT 2001,1:47.79,,FRA,"Sports Park Mladost, Zagreb (CRO)",75. Boris Hanžeković Memorial,24 MAY 2025,2025,9.0,A,Continental Tour,7211209,worldwide
men_800m,Mateusz BORKOWSKI,02 APR 1997,1:46.35,,POL,"Stadion Śląski, Chorzów (POL)",71. ORLEN Janusz Kusocinski Memorial,23 MAY 2025,2025,1.0,B,Continental Tour,7219034,worldwide
men_800m,Bartosz KITLIŃSKI,11 JUN 2004,1:46.41,,POL,"Stadion Śląski, Chorzów (POL)",71. ORLEN Janusz Kusocinski Memorial,23 MAY 2025,2025,2.0,B,Continental Tour,7219034,worldwide
men_800m,Filip OSTROWSKI,12 JUL 2001,1:46.44,,POL,"Stadion Śląski, Chorzów (POL)",71. ORLEN Janusz Kusocinski Memorial,23 MAY 2025,2025,3.0,B,Continental Tour,7219034,worldwide
men_800m,Patryk SIERADZKI,06 OCT 1998,1:46.64,,POL,"Stadion Śląski, Chorzów (POL)",71. ORLEN Janusz Kusocinski Memorial,23 MAY 2025,2025,4.0,B,Continental Tour,7219034,worldwide
men_800m,Filip RAK,03 FEB 2003,1:46.64,,POL,"Stadion Śląski, Chorzów (POL)",71. ORLEN Janusz Kusocinski Memorial,23 MAY 2025,2025,5.0,B,Continental Tour,7219034,worldwide
men_800m,Kacper LEWALSKI,07 MAY 2003,1:46.73,,POL,"Stadion Śląski, Chorzów (POL)",71. ORLEN Janusz Kusocinski Memorial,23 MAY 2025,2025,6.0,B,Continental Tour,7219034,worldwide
men_800m,Heithem CHENITEF,30 JAN 2004,1:47.27,,ALG,"Stadion Śląski, Chorzów (POL)",71. ORLEN Janusz Kusocinski Memorial,23 MAY 2025,2025,7.0,B,Continental Tour,7219034,worldwide
men_800m,Simone BARONTINI,05 JAN 1999,1:47.50,,ITA,"Stadion Śląski, Chorzów (POL)",71. ORLEN Janusz Kusocinski Memorial,23 MAY 2025,2025,8.0,B,Continental Tour,7219034,worldwide
men_800m,Daniel ROWDEN,09 SEP 1997,1:47.60,,GBR,"Stadion Śląski, Chorzów (POL)",71. ORLEN Janusz Kusocinski Memorial,23 MAY 2025,2025,9.0,B,Continental Tour,7219034,worldwide
men_800m,Maciej WYDERKA,29 JUL 2002,1:47.87,,POL,"Stadion Śląski, Chorzów (POL)",71. ORLEN Janusz Kusocinski Memorial,23 MAY 2025,2025,12.0,B,Continental Tour,7219034,worldwide
men_800m,Ramon WIPFLI,30 JUN 2004,1:47.43,,SUI,"Boudewijnstadion, Bruxelles (BEL)",IFAM Outdoor,24 MAY 2025,2025,2.0,C,Continental Tour,7218626,worldwide
men_800m,Ivan PELIZZA,17 DEC 2000,1:47.52,,SUI,"Boudewijnstadion, Bruxelles (BEL)",IFAM Outdoor,24 MAY 2025,2025,3.0,C,Continental Tour,7218626,worldwide
men_800m,Shane COHEN,25 JAN 2001,1:47.55,,USA,"Boudewijnstadion, Bruxelles (BEL)",IFAM Outdoor,24 MAY 2025,2025,4.0,C,Continental Tour,7218626,worldwide
men_800m,Tiarnan CRORKEN,13 JUN 1999,1:48.17,,GBR,"Boudewijnstadion, Bruxelles (BEL)",IFAM Outdoor,24 MAY 2025,2025,5.0,C,Continental Tour,7218626,worldwide
men_800m,Eduardo RIBEIRO,09 JAN 2001,1:48.38,,BRA,"Boudewijnstadion, Bruxelles (BEL)",IFAM Outdoor,24 MAY 2025,2025,6.0,C,Continental Tour,7218626,worldwide
men_800m,Mark ENGLISH,18 MAR 1993,1:44.75,,IRL,"Jack Kemp Stadium - Occidental College, Los Angeles, CA (USA)",Track Fest,24 MAY 2025,2025,1.0,B,Continental Tour,7222403,worldwide
men_800m,Moad ZAHAFI,09 MAY 1998,1:45.14,,MAR,"Jack Kemp Stadium - Occidental College, Los Angeles, CA (USA)",Track Fest,24 MAY 2025,2025,2.0,B,Continental Tour,7222403,worldwide
men_800m,Alex AMANKWA,02 MAR 1992,1:45.61,,GHA,"Jack Kemp Stadium - Occidental College, Los Angeles, CA (USA)",Track Fest,24 MAY 2025,2025,3.0,B,Continental Tour,7222403,worldwide
men_800m,Craig ENGELS,01 MAY 1994,1:45.73,,USA,"Jack Kemp Stadium - Occidental College, Los Angeles, CA (USA)",Track Fest,24 MAY 2025,2025,4.0,B,Continental Tour,7222403,worldwide
men_800m,John RIVERA,02 DEC 1998,1:45.85,,PUR,"Jack Kemp Stadium - Occidental College, Los Angeles, CA (USA)",Track Fest,24 MAY 2025,2025,5.0,B,Continental Tour,7222403,worldwide
men_800m,Brannon KIDDER,18 NOV 1993,1:45.91,,USA,"Jack Kemp Stadium - Occidental College, Los Angeles, CA (USA)",Track Fest,24 MAY 2025,2025,6.0,B,Continental Tour,7222403,worldwide
men_800m,Isaiah HARRIS,18 OCT 1996,1:46.08,,USA,"Jack Kemp Stadium - Occidental College, Los Angeles, CA (USA)",Track Fest,24 MAY 2025,2025,7.0,B,Continental Tour,7222403,worldwide
men_800m,Jesus Tonatiu LÓPEZ,02 AUG 1997,1:46.18,,MEX,"Jack Kemp Stadium - Occidental College, Los Angeles, CA (USA)",Track Fest,24 MAY 2025,2025,8.0,B,Continental Tour,7222403,worldwide
men_800m,Abedin MUJEZINOVIĆ,02 JUN 1993,1:47.56,,BIH,"Ethnikou Stadiou, Kalamata (GRE)",Papaflessia 2025,25 MAY 2025,2025,1.0,D,Continental Tour,7219008,worldwide
men_800m,Heithem CHENITEF,30 JAN 2004,1:46.29,,ALG,"Stade Omnisports Schlossberg, Forbach (FRA)",Meeting International de Forbach,25 MAY 2025,2025,1.0,C,Continental Tour,7218636,worldwide
men_800m,Jordan TERRASSE,11 APR 2000,1:46.69,,FRA,"Stade Omnisports Schlossberg, Forbach (FRA)",Meeting International de Forbach,25 MAY 2025,2025,2.0,C,Continental Tour,7218636,worldwide
men_800m,Corentin MAGNOU,22 SEP 2001,1:47.80,,FRA,"Stade Omnisports Schlossberg, Forbach (FRA)",Meeting International de Forbach,25 MAY 2025,2025,4.0,C,Continental Tour,7218636,worldwide
men_800m,Baptiste MISCHLER,23 NOV 1997,1:48.65,,FRA,"Stade Omnisports Schlossberg, Forbach (FRA)",Meeting International de Forbach,25 MAY 2025,2025,7.0,C,Continental Tour,7218636,worldwide
men_800m,Thomas MARQUES DE ANDRADE,13 JAN 2004,1:48.74,,FRA,"Stade Omnisports Schlossberg, Forbach (FRA)",Meeting International de Forbach,25 MAY 2025,2025,8.0,C,Continental Tour,7218636,worldwide
men_800m,Ebrahim Remaid ALZOFAIRI,08 MAY 1989,1:44.59,,KUW,"Gumi Civic Stadium, Gumi (KOR)",26th Asian Athletics Championships,31 MAY 2025,2025,1.0,GL,Area Champs,7216290,worldwide
men_800m,Abubaker Haydar ABDALLA,28 AUG 1996,1:45.20,,QAT,"Gumi Civic Stadium, Gumi (KOR)",26th Asian Athletics Championships,31 MAY 2025,2025,3.0,GL,Area Champs,7216290,worldwide
men_800m,Ko OCHIAI,17 AUG 2006,1:48.01,,JPN,"Gumi Civic Stadium, Gumi (KOR)",26th Asian Athletics Championships,31 MAY 2025,2025,5.0,GL,Area Champs,7216290,worldwide
men_800m,Heithem CHENITEF,30 JAN 2004,1:44.38,,ALG,"Stade Universitaire D. Faucher, Toulouse (FRA)",Meeting international du SATUC Toulouse Athlé,29 MAY 2025,2025,1.0,D,Continental Tour,7219132,worldwide
men_800m,Shane COHEN,25 JAN 2001,1:45.17,,USA,"Stade Universitaire D. Faucher, Toulouse (FRA)",Meeting international du SATUC Toulouse Athlé,29 MAY 2025,2025,2.0,D,Continental Tour,7219132,worldwide
men_800m,Jordan TERRASSE,11 APR 2000,1:45.53,,FRA,"Stade Universitaire D. Faucher, Toulouse (FRA)",Meeting international du SATUC Toulouse Athlé,29 MAY 2025,2025,3.0,D,Continental Tour,7219132,worldwide
men_800m,Abdessalem AYOUNI,16 MAY 1994,1:45.59,,TUN,"Stade Universitaire D. Faucher, Toulouse (FRA)",Meeting international du SATUC Toulouse Athlé,29 MAY 2025,2025,4.0,D,Continental Tour,7219132,worldwide
men_800m,Noah KIBET,12 APR 2004,1:45.76,,KEN,"Stade Universitaire D. Faucher, Toulouse (FRA)",Meeting international du SATUC Toulouse Athlé,29 MAY 2025,2025,5.0,D,Continental Tour,7219132,worldwide
men_800m,Nasredine KHATIR,30 JAN 1995,1:46.04,,FRA,"Stade Universitaire D. Faucher, Toulouse (FRA)",Meeting international du SATUC Toulouse Athlé,29 MAY 2025,2025,6.0,D,Continental Tour,7219132,worldwide
men_800m,Anicet KOZAR,08 OCT 2001,1:46.22,,FRA,"Stade Universitaire D. Faucher, Toulouse (FRA)",Meeting international du SATUC Toulouse Athlé,29 MAY 2025,2025,8.0,D,Continental Tour,7219132,worldwide
men_800m,Simone BARONTINI,05 JAN 1999,DNF,,ITA,"Stade Universitaire D. Faucher, Toulouse (FRA)",Meeting international du SATUC Toulouse Athlé,29 MAY 2025,2025,,D,Continental Tour,7219132,worldwide
men_800m,Navasky ANDERSON,21 JAN 2000,1:45.44,,JAM,"Ray Conn Sports Complex, Cleveland, TN (USA)",Music City Track Carnival,30 MAY 2025,2025,1.0,D,Continental Tour,7227973,worldwide
men_800m,Moad ZAHAFI,09 MAY 1998,1:45.50,,MAR,"Ray Conn Sports Complex, Cleveland, TN (USA)",Music City Track Carnival,30 MAY 2025,2025,2.0,D,Continental Tour,7227973,worldwide
men_800m,Alex AMANKWA,02 MAR 1992,1:45.97,,GHA,"Ray Conn Sports Complex, Cleveland, TN (USA)",Music City Track Carnival,30 MAY 2025,2025,3.0,D,Continental Tour,7227973,worldwide
men_800m,Isaiah JEWETT,06 FEB 1997,1:46.02,,USA,"Ray Conn Sports Complex, Cleveland, TN (USA)",Music City Track Carnival,30 MAY 2025,2025,4.0,D,Continental Tour,7227973,worldwide
men_800m,Craig ENGELS,01 MAY 1994,1:46.10,,USA,"Ray Conn Sports Complex, Cleveland, TN (USA)",Music City Track Carnival,30 MAY 2025,2025,6.0,D,Continental Tour,7227973,worldwide
men_800m,Edose IBADIN,27 FEB 1993,1:46.91,,NGR,"Ray Conn Sports Complex, Cleveland, TN (USA)",Music City Track Carnival,30 MAY 2025,2025,11.0,D,Continental Tour,7227973,worldwide
men_800m,Camden MARSHALL,01 MAY 2003,1:47.15,,USA,"Ray Conn Sports Complex, Cleveland, TN (USA)",Music City Track Carnival,30 MAY 2025,2025,13.0,D,Continental Tour,7227973,worldwide
men_800m,Mark ENGLISH,18 MAR 1993,1:44.34,,IRL,"Zdzisław Krzyszkowiak Stadium, Bydgoszcz (POL)",7th Irena Szewińska Memorial,30 MAY 2025,2025,1.0,A,Continental Tour,7214476,worldwide
men_800m,Marino BLOUDEK,18 JUL 1999,1:44.74,,CRO,"Zdzisław Krzyszkowiak Stadium, Bydgoszcz (POL)",7th Irena Szewińska Memorial,30 MAY 2025,2025,2.0,A,Continental Tour,7214476,worldwide
men_800m,Filip OSTROWSKI,12 JUL 2001,1:44.96,,POL,"Zdzisław Krzyszkowiak Stadium, Bydgoszcz (POL)",7th Irena Szewińska Memorial,30 MAY 2025,2025,3.0,A,Continental Tour,7214476,worldwide
men_800m,Jakub DUDYCHA,05 SEP 2005,1:45.07,,CZE,"Zdzisław Krzyszkowiak Stadium, Bydgoszcz (POL)",7th Irena Szewińska Memorial,30 MAY 2025,2025,4.0,A,Continental Tour,7214476,worldwide
men_800m,Andreas KRAMER,13 APR 1997,1:45.09,,SWE,"Zdzisław Krzyszkowiak Stadium, Bydgoszcz (POL)",7th Irena Szewińska Memorial,30 MAY 2025,2025,5.0,A,Continental Tour,7214476,worldwide
men_800m,Bartosz KITLIŃSKI,11 JUN 2004,1:45.13,,POL,"Zdzisław Krzyszkowiak Stadium, Bydgoszcz (POL)",7th Irena Szewińska Memorial,30 MAY 2025,2025,6.0,A,Continental Tour,7214476,worldwide
men_800m,Patryk SIERADZKI,06 OCT 1998,1:45.48,,POL,"Zdzisław Krzyszkowiak Stadium, Bydgoszcz (POL)",7th Irena Szewińska Memorial,30 MAY 2025,2025,7.0,A,Continental Tour,7214476,worldwide
men_800m,Mateusz BORKOWSKI,02 APR 1997,1:45.49,,POL,"Zdzisław Krzyszkowiak Stadium, Bydgoszcz (POL)",7th Irena Szewińska Memorial,30 MAY 2025,2025,8.0,A,Continental Tour,7214476,worldwide
men_800m,Samuel PIHLSTRÖM,08 MAR 2001,1:46.14,,SWE,"Zdzisław Krzyszkowiak Stadium, Bydgoszcz (POL)",7th Irena Szewińska Memorial,30 MAY 2025,2025,9.0,A,Continental Tour,7214476,worldwide
men_800m,David BARROSO,21 AUG 2001,1:45.39,,ESP,"Pistes d'atletisme Gaetà Huguet, Castellón (ESP)",GP Diputacion Castellon - Memorial Jose Antonio Cansino,30 MAY 2025,2025,2.0,D,Continental Tour,7218537,worldwide
men_800m,Guilherme KURTZ,27 AUG 1994,1:47.12,,BRA,"Pistes d'atletisme Gaetà Huguet, Castellón (ESP)",GP Diputacion Castellon - Memorial Jose Antonio Cansino,30 MAY 2025,2025,3.0,D,Continental Tour,7218537,worldwide
men_800m,Eric NZIKWINKUNDA,01 JAN 1997,1:47.91,,BDI,"Pistes d'atletisme Gaetà Huguet, Castellón (ESP)",GP Diputacion Castellon - Memorial Jose Antonio Cansino,30 MAY 2025,2025,7.0,D,Continental Tour,7218537,worldwide
men_800m,Jonah KOECH,12 DEC 1996,1:43.32,,USA,"Ulinzi Sports Complex, Langata, Nairobi (KEN)",Kip Keino Classic,31 MAY 2025,2025,1.0,A,Continental Tour,7216821,worldwide
men_800m,Nicholas KIPLAGAT,07 JUN 1995,1:43.75,,KEN,"Ulinzi Sports Complex, Langata, Nairobi (KEN)",Kip Keino Classic,31 MAY 2025,2025,2.0,A,Continental Tour,7216821,worldwide
men_800m,Alex Ngeno KIPNGETICH,17 AUG 2000,1:45.17,,KEN,"Ulinzi Sports Complex, Langata, Nairobi (KEN)",Kip Keino Classic,31 MAY 2025,2025,3.0,A,Continental Tour,7216821,worldwide
men_800m,Ferguson Cheruiyot ROTICH,30 NOV 1989,1:45.32,,KEN,"Ulinzi Sports Complex, Langata, Nairobi (KEN)",Kip Keino Classic,31 MAY 2025,2025,4.0,A,Continental Tour,7216821,worldwide
men_800m,Cornelius TUWEI,24 MAY 1993,1:45.58,,KEN,"Ulinzi Sports Complex, Langata, Nairobi (KEN)",Kip Keino Classic,31 MAY 2025,2025,5.0,A,Continental Tour,7216821,worldwide
men_800m,Aaron Kemei CHEMININGWA,21 JUN 1998,1:45.76,,KEN,"Ulinzi Sports Complex, Langata, Nairobi (KEN)",Kip Keino Classic,31 MAY 2025,2025,6.0,A,Continental Tour,7216821,worldwide
men_800m,Tumo NKAPE,24 JUN 1998,1:46.21,,BOT,"Ulinzi Sports Complex, Langata, Nairobi (KEN)",Kip Keino Classic,31 MAY 2025,2025,7.0,A,Continental Tour,7216821,worldwide
men_800m,Francesco PERNICI,18 FEB 2003,1:44.59,,ITA,"Stadio Quercia, Rovereto (ITA)",61° Palio Città della Quercia,02 JUN 2025,2025,1.0,B,Continental Tour,7220557,worldwide
men_800m,Federico RIVA,09 NOV 2000,1:44.80,,ITA,"Stadio Quercia, Rovereto (ITA)",61° Palio Città della Quercia,02 JUN 2025,2025,2.0,B,Continental Tour,7220557,worldwide
men_800m,Ramon WIPFLI,30 JUN 2004,1:45.52,,SUI,"Stadio Quercia, Rovereto (ITA)",61° Palio Città della Quercia,02 JUN 2025,2025,4.0,B,Continental Tour,7220557,worldwide
men_800m,Simone BARONTINI,05 JAN 1999,1:46.91,,ITA,"Stadio Quercia, Rovereto (ITA)",61° Palio Città della Quercia,02 JUN 2025,2025,6.0,B,Continental Tour,7220557,worldwide
men_800m,Daniel ROWDEN,09 SEP 1997,1:48.04,,GBR,"Stadio Quercia, Rovereto (ITA)",61° Palio Città della Quercia,02 JUN 2025,2025,7.0,B,Continental Tour,7220557,worldwide
men_800m,Patryk SIERADZKI,06 OCT 1998,1:48.52,,POL,"Fana Stadion, Bergen (NOR)",Trond Mohn Games,03 JUN 2025,2025,1.0,B,Continental Tour,7217809,worldwide
men_800m,Mateusz BORKOWSKI,02 APR 1997,1:48.54,,POL,"Fana Stadion, Bergen (NOR)",Trond Mohn Games,03 JUN 2025,2025,2.0,B,Continental Tour,7217809,worldwide
men_800m,Shane COHEN,25 JAN 2001,1:48.61,,USA,"Fana Stadion, Bergen (NOR)",Trond Mohn Games,03 JUN 2025,2025,3.0,B,Continental Tour,7217809,worldwide
men_800m,Thomas RANDOLPH,07 FEB 1999,1:49.76,,GBR,"Fana Stadion, Bergen (NOR)",Trond Mohn Games,03 JUN 2025,2025,4.0,B,Continental Tour,7217809,worldwide
men_800m,Sigurd TVEIT,16 MAR 2000,1:50.76,,NOR,"Fana Stadion, Bergen (NOR)",Trond Mohn Games,03 JUN 2025,2025,6.0,B,Continental Tour,7217809,worldwide
men_800m,Tobias GRØNSTAD,06 JUL 2002,1:52.68,,NOR,"Fana Stadion, Bergen (NOR)",Trond Mohn Games,03 JUN 2025,2025,7.0,B,Continental Tour,7217809,worldwide
men_800m,Žan RUDOLF,09 MAY 1993,DNF,,SLO,"Fana Stadion, Bergen (NOR)",Trond Mohn Games,03 JUN 2025,2025,,B,Continental Tour,7217809,worldwide
men_800m,David BARROSO,21 AUG 2001,1:45.27,,ESP,"Estadio Enrique Lopez Cuenca, Nerja (ESP)",Desafio Nerja,04 JUN 2025,2025,1.0,D,Continental Tour,7219195,worldwide
men_800m,General Berhanu AYANSA,28 JAN 2005,1:45.27,,ETH,"Estadio Enrique Lopez Cuenca, Nerja (ESP)",Desafio Nerja,04 JUN 2025,2025,2.0,D,Continental Tour,7219195,worldwide
men_800m,Corentin MAGNOU,22 SEP 2001,1:45.57,,FRA,"Estadio Enrique Lopez Cuenca, Nerja (ESP)",Desafio Nerja,04 JUN 2025,2025,3.0,D,Continental Tour,7219195,worldwide
men_800m,Thomas MARQUES DE ANDRADE,13 JAN 2004,1:45.58,,FRA,"Estadio Enrique Lopez Cuenca, Nerja (ESP)",Desafio Nerja,04 JUN 2025,2025,4.0,D,Continental Tour,7219195,worldwide
men_800m,Elvin Josué CANALES,05 SEP 2001,1:45.61,,ESP,"Estadio Enrique Lopez Cuenca, Nerja (ESP)",Desafio Nerja,04 JUN 2025,2025,5.0,D,Continental Tour,7219195,worldwide
men_800m,Pablo SÁNCHEZ-VALLADARES,12 NOV 1997,1:45.79,,ESP,"Estadio Enrique Lopez Cuenca, Nerja (ESP)",Desafio Nerja,04 JUN 2025,2025,6.0,D,Continental Tour,7219195,worldwide
men_800m,Mariano GARCÍA,25 SEP 1997,1:47.23,,ESP,"Estadio Enrique Lopez Cuenca, Nerja (ESP)",Desafio Nerja,04 JUN 2025,2025,9.0,D,Continental Tour,7219195,worldwide
men_800m,Alberto GUERRERO,04 APR 1995,DNF,,ESP,"Estadio Enrique Lopez Cuenca, Nerja (ESP)",Desafio Nerja,04 JUN 2025,2025,,D,Continental Tour,7219195,worldwide
men_800m,Callum DODDS,06 OCT 2000,1:45.33,,GBR,"Birmingham University Athletics Track, Birmingham (GBR)",British Milers Club Grand Prix,07 JUN 2025,2025,1.0,D,Continental Tour,7219332,worldwide
men_800m,Piers COPELAND,26 NOV 1998,1:46.75,,GBR,"Birmingham University Athletics Track, Birmingham (GBR)",British Milers Club Grand Prix,07 JUN 2025,2025,6.0,D,Continental Tour,7219332,worldwide
men_800m,Mikuto KANEKO,06 NOV 2001,1:46.77,,JPN,"Yecheon Stadium, Yecheon (KOR)",Korea Athletics Open,08 JUN 2025,2025,1.0,C,Continental Tour,7222650,worldwide
men_800m,General Berhanu AYANSA,28 JAN 2005,1:46.78,,ETH,"Stadion im.Lubuskich Olimpijczyków, Gorzów Wielkopolski (POL)",Gorzów Meeting,08 JUN 2025,2025,1.0,C,Continental Tour,7218706,worldwide
men_800m,Kacper LEWALSKI,07 MAY 2003,1:48.29,,POL,"Stadion im.Lubuskich Olimpijczyków, Gorzów Wielkopolski (POL)",Gorzów Meeting,08 JUN 2025,2025,2.0,C,Continental Tour,7218706,worldwide
men_800m,Kabelo Simon MOHLOSI,20 JAN 1993,1:51.87,,RSA,"Stadion im.Lubuskich Olimpijczyków, Gorzów Wielkopolski (POL)",Gorzów Meeting,08 JUN 2025,2025,6.0,C,Continental Tour,7218706,worldwide
men_800m,Mark ENGLISH,18 MAR 1993,1:43.92,,IRL,"FBK Stadium, Hengelo (NED)",FBK Games,09 JUN 2025,2025,1.0,A,Continental Tour,7216763,worldwide
men_800m,Yanis MEZIANE,26 JAN 2002,1:44.32,,FRA,"FBK Stadium, Hengelo (NED)",FBK Games,09 JUN 2025,2025,2.0,A,Continental Tour,7216763,worldwide
men_800m,Peyton CRAIG,28 MAR 2005,1:44.32,,AUS,"FBK Stadium, Hengelo (NED)",FBK Games,09 JUN 2025,2025,3.0,A,Continental Tour,7216763,worldwide
men_800m,Jakub DUDYCHA,05 SEP 2005,1:44.78,,CZE,"FBK Stadium, Hengelo (NED)",FBK Games,09 JUN 2025,2025,4.0,A,Continental Tour,7216763,worldwide
men_800m,Elvin Josué CANALES,05 SEP 2001,1:45.05,,ESP,"FBK Stadium, Hengelo (NED)",FBK Games,09 JUN 2025,2025,5.0,A,Continental Tour,7216763,worldwide
men_800m,Stefan NILLESSEN,02 JAN 2003,1:45.09,,NED,"FBK Stadium, Hengelo (NED)",FBK Games,09 JUN 2025,2025,6.0,A,Continental Tour,7216763,worldwide
men_800m,Pieter SISK,08 DEC 1999,1:45.12,,BEL,"FBK Stadium, Hengelo (NED)",FBK Games,09 JUN 2025,2025,7.0,A,Continental Tour,7216763,worldwide
men_800m,Samuel CHAPPLE,23 NOV 1998,1:45.22,,NED,"FBK Stadium, Hengelo (NED)",FBK Games,09 JUN 2025,2025,8.0,A,Continental Tour,7216763,worldwide
men_800m,Catalin TECUCEANU,09 SEP 1999,1:46.60,,ITA,"FBK Stadium, Hengelo (NED)",FBK Games,09 JUN 2025,2025,9.0,A,Continental Tour,7216763,worldwide
men_800m,Kabelo Simon MOHLOSI,20 JAN 1993,DNF,,RSA,"FBK Stadium, Hengelo (NED)",FBK Games,09 JUN 2025,2025,,A,Continental Tour,7216763,worldwide
men_800m,Jordan TERRASSE,11 APR 2000,1:46.74,,FRA,"Mestský Stadion Sletište, Kladno (CZE)",Kladno hází a Kladenské memoriály,10 JUN 2025,2025,1.0,C,Continental Tour,7218972,worldwide
men_800m,Tibo DE SMET,28 MAY 1999,1:46.81,,BEL,"Mestský Stadion Sletište, Kladno (CZE)",Kladno hází a Kladenské memoriály,10 JUN 2025,2025,2.0,C,Continental Tour,7218972,worldwide
men_800m,Tom DRADRIGA,17 JUN 1996,1:47.05,,UGA,"Mestský Stadion Sletište, Kladno (CZE)",Kladno hází a Kladenské memoriály,10 JUN 2025,2025,3.0,C,Continental Tour,7218972,worldwide
men_800m,Kacper LEWALSKI,07 MAY 2003,1:48.17,,POL,"Mestský Stadion Sletište, Kladno (CZE)",Kladno hází a Kladenské memoriály,10 JUN 2025,2025,5.0,C,Continental Tour,7218972,worldwide
men_800m,Jakub DAVIDÍK,20 JAN 2002,1:49.85,,CZE,"Mestský Stadion Sletište, Kladno (CZE)",Kladno hází a Kladenské memoriály,10 JUN 2025,2025,8.0,C,Continental Tour,7218972,worldwide
men_800m,Jan TESAŘ,26 MAR 1990,DNF,,CZE,"Mestský Stadion Sletište, Kladno (CZE)",Kladno hází a Kladenské memoriály,10 JUN 2025,2025,,C,Continental Tour,7218972,worldwide
men_800m,Marino BLOUDEK,18 JUL 1999,1:44.56,,CRO,"Stade Jean Delbert, Montreuil (FRA)",Meeting International de Montreuil,10 JUN 2025,2025,1.0,C,Continental Tour,7218639,worldwide
men_800m,Shane COHEN,25 JAN 2001,1:44.65,,USA,"Stade Jean Delbert, Montreuil (FRA)",Meeting International de Montreuil,10 JUN 2025,2025,2.0,C,Continental Tour,7218639,worldwide
men_800m,Bartosz KITLIŃSKI,11 JUN 2004,1:44.77,,POL,"Stade Jean Delbert, Montreuil (FRA)",Meeting International de Montreuil,10 JUN 2025,2025,3.0,C,Continental Tour,7218639,worldwide
men_800m,Corentin MAGNOU,22 SEP 2001,1:44.84,,FRA,"Stade Jean Delbert, Montreuil (FRA)",Meeting International de Montreuil,10 JUN 2025,2025,4.0,C,Continental Tour,7218639,worldwide
men_800m,Thomas MARQUES DE ANDRADE,13 JAN 2004,1:44.88,,FRA,"Stade Jean Delbert, Montreuil (FRA)",Meeting International de Montreuil,10 JUN 2025,2025,5.0,C,Continental Tour,7218639,worldwide
men_800m,Ivan PELIZZA,17 DEC 2000,1:45.01,,SUI,"Stade Jean Delbert, Montreuil (FRA)",Meeting International de Montreuil,10 JUN 2025,2025,6.0,C,Continental Tour,7218639,worldwide
men_800m,Callum DODDS,06 OCT 2000,1:45.07,,GBR,"Stade Jean Delbert, Montreuil (FRA)",Meeting International de Montreuil,10 JUN 2025,2025,7.0,C,Continental Tour,7218639,worldwide
men_800m,Abraham ALVARADO,04 AUG 1995,1:46.89,,USA,"Stade Jean Delbert, Montreuil (FRA)",Meeting International de Montreuil,10 JUN 2025,2025,10.0,C,Continental Tour,7218639,worldwide
men_800m,Simone BARONTINI,05 JAN 1999,DNF,,ITA,"Stade Jean Delbert, Montreuil (FRA)",Meeting International de Montreuil,10 JUN 2025,2025,,C,Continental Tour,7218639,worldwide
men_800m,Yohanes TEFERA,28 MAR 2004,1:45.59,,ETH,"Sportcomplex De Leidse Hout, Leiden (NED)",Gouden Spike,14 JUN 2025,2025,1.0,D,Continental Tour,7218627,worldwide
men_800m,Kabelo Simon MOHLOSI,20 JAN 1993,1:46.40,,RSA,"Sportcomplex De Leidse Hout, Leiden (NED)",Gouden Spike,14 JUN 2025,2025,2.0,D,Continental Tour,7218627,worldwide
men_800m,General Berhanu AYANSA,28 JAN 2005,1:45.34,,ETH,"Stade Paul Rebeilleau, Poitiers (FRA)",Meeting d'athlétisme de Poitiers,14 JUN 2025,2025,1.0,D,Continental Tour,7219362,worldwide
men_800m,Yassine HETHAT,30 AUG 1991,1:47.03,,ALG,"Stade Paul Rebeilleau, Poitiers (FRA)",Meeting d'athlétisme de Poitiers,14 JUN 2025,2025,3.0,D,Continental Tour,7219362,worldwide
men_800m,Dániel HULLER,10 MAY 2001,1:48.51,,HUN,"Marsa Athletics Track, Marsa (MLT)",EAP Malta International,14 JUN 2025,2025,1.0,D,Continental Tour,7219082,worldwide
men_800m,Shane STREICH,19 SEP 1996,1:47.09,,USA,"Alumni Field, Windsor (CAN)",Johnny Loaring Classic,15 JUN 2025,2025,2.0,C,Continental Tour,7220860,worldwide
men_800m,Cass ELLIOTT,17 APR 2000,1:47.13,,USA,"Alumni Field, Windsor (CAN)",Johnny Loaring Classic,15 JUN 2025,2025,3.0,C,Continental Tour,7220860,worldwide
men_800m,Edose IBADIN,27 FEB 1993,1:47.37,,NGR,"Alumni Field, Windsor (CAN)",Johnny Loaring Classic,15 JUN 2025,2025,4.0,C,Continental Tour,7220860,worldwide
men_800m,Vincent CRISP,17 AUG 1997,1:47.73,,USA,"Alumni Field, Windsor (CAN)",Johnny Loaring Classic,15 JUN 2025,2025,5.0,C,Continental Tour,7220860,worldwide
men_800m,Maciej WYDERKA,29 JUL 2002,1:44.63,,POL,"Forest Stadium, Sopot (POL)",Janusz Sidlo Memorial - Grand Prix of Sopot,15 JUN 2025,2025,1.0,D,Continental Tour,7219379,worldwide
men_800m,Mateusz BORKOWSKI,02 APR 1997,1:45.43,,POL,"Forest Stadium, Sopot (POL)",Janusz Sidlo Memorial - Grand Prix of Sopot,15 JUN 2025,2025,3.0,D,Continental Tour,7219379,worldwide
men_800m,Kacper LEWALSKI,07 MAY 2003,1:46.19,,POL,"Forest Stadium, Sopot (POL)",Janusz Sidlo Memorial - Grand Prix of Sopot,15 JUN 2025,2025,4.0,D,Continental Tour,7219379,worldwide
men_800m,Michał ROZMYS,13 MAR 1995,1:48.13,,POL,"Forest Stadium, Sopot (POL)",Janusz Sidlo Memorial - Grand Prix of Sopot,15 JUN 2025,2025,7.0,D,Continental Tour,7219379,worldwide
men_800m,Abedin MUJEZINOVIĆ,02 JUN 1993,1:50.47,,BIH,"Forest Stadium, Sopot (POL)",Janusz Sidlo Memorial - Grand Prix of Sopot,15 JUN 2025,2025,8.0,D,Continental Tour,7219379,worldwide
men_800m,Vincent CRISP,17 AUG 1997,1:47.52,,USA,"Alumni Stadium, Guelph (CAN)",Royal City Inferno Track and Field Festival,18 JUN 2025,2025,3.0,C,Continental Tour,7218306,worldwide
men_800m,Cass ELLIOTT,17 APR 2000,1:47.59,,USA,"Alumni Stadium, Guelph (CAN)",Royal City Inferno Track and Field Festival,18 JUN 2025,2025,4.0,C,Continental Tour,7218306,worldwide
men_800m,Eric HOLT,12 MAY 1995,1:47.74,,USA,"Alumni Stadium, Guelph (CAN)",Royal City Inferno Track and Field Festival,18 JUN 2025,2025,5.0,C,Continental Tour,7218306,worldwide
men_800m,Edose IBADIN,27 FEB 1993,1:47.76,,NGR,"Alumni Stadium, Guelph (CAN)",Royal City Inferno Track and Field Festival,18 JUN 2025,2025,6.0,C,Continental Tour,7218306,worldwide
men_800m,Shane STREICH,19 SEP 1996,1:47.88,,USA,"Alumni Stadium, Guelph (CAN)",Royal City Inferno Track and Field Festival,18 JUN 2025,2025,7.0,C,Continental Tour,7218306,worldwide
men_800m,Reece SHARMAN-NEWELL,13 DEC 2002,1:46.48,,GBR,"Paula Radcliffe Stadium, Loughborough (GBR)",British Milers Club Grand Prix,21 JUN 2025,2025,1.,D,Continental Tour,7219374,worldwide
men_800m,Mohamed Ali GOUANED,05 JUL 2002,1:44.45,,ALG,"Stade d'Athletisme Pierre Voillequin, Troyes (FRA)",Meeting International d'Athlétisme de Troyes Aube,22 JUN 2025,2025,1.,C,Continental Tour,7218640,worldwide
men_800m,Yohanes TEFERA,28 MAR 2004,1:44.57,,ETH,"Stade d'Athletisme Pierre Voillequin, Troyes (FRA)",Meeting International d'Athlétisme de Troyes Aube,22 JUN 2025,2025,2.,C,Continental Tour,7218640,worldwide
men_800m,General Berhanu AYANSA,28 JAN 2005,1:44.60,,ETH,"Stade d'Athletisme Pierre Voillequin, Troyes (FRA)",Meeting International d'Athlétisme de Troyes Aube,22 JUN 2025,2025,3.,C,Continental Tour,7218640,worldwide
men_800m,Patryk SIERADZKI,06 OCT 1998,1:45.26,,POL,"Stade d'Athletisme Pierre Voillequin, Troyes (FRA)",Meeting International d'Athlétisme de Troyes Aube,22 JUN 2025,2025,4.,C,Continental Tour,7218640,worldwide
men_800m,Tom DRADRIGA,17 JUN 1996,1:45.80,,UGA,"Stade d'Athletisme Pierre Voillequin, Troyes (FRA)",Meeting International d'Athlétisme de Troyes Aube,22 JUN 2025,2025,6.,C,Continental Tour,7218640,worldwide
men_800m,Corentin LE CLEZIO,24 SEP 1999,1:45.80,,FRA,"Stade d'Athletisme Pierre Voillequin, Troyes (FRA)",Meeting International d'Athlétisme de Troyes Aube,22 JUN 2025,2025,7.,C,Continental Tour,7218640,worldwide
men_800m,Jordan TERRASSE,11 APR 2000,1:45.90,,FRA,"Stade d'Athletisme Pierre Voillequin, Troyes (FRA)",Meeting International d'Athlétisme de Troyes Aube,22 JUN 2025,2025,8.,C,Continental Tour,7218640,worldwide
men_800m,Thomas RANDOLPH,07 FEB 1999,DNF,,GBR,"Stade d'Athletisme Pierre Voillequin, Troyes (FRA)",Meeting International d'Athlétisme de Troyes Aube,22 JUN 2025,2025,,C,Continental Tour,7218640,worldwide
men_800m,Filip OSTROWSKI,12 JUL 2001,1:44.74,,POL,"Mestský Stadion, Ostrava (CZE)",64th Ostrava Golden Spike,24 JUN 2025,2025,1.,A,Continental Tour,7211906,worldwide
men_800m,Patryk SIERADZKI,06 OCT 1998,1:45.06,,POL,"Mestský Stadion, Ostrava (CZE)",64th Ostrava Golden Spike,24 JUN 2025,2025,2.,A,Continental Tour,7211906,worldwide
men_800m,Tumo NKAPE,24 JUN 1998,1:45.13,,BOT,"Mestský Stadion, Ostrava (CZE)",64th Ostrava Golden Spike,24 JUN 2025,2025,3.,A,Continental Tour,7211906,worldwide
men_800m,Catalin TECUCEANU,09 SEP 1999,1:45.42,,ITA,"Mestský Stadion, Ostrava (CZE)",64th Ostrava Golden Spike,24 JUN 2025,2025,4.,A,Continental Tour,7211906,worldwide
men_800m,Thomas MARQUES DE ANDRADE,13 JAN 2004,1:45.98,,FRA,"Mestský Stadion, Ostrava (CZE)",64th Ostrava Golden Spike,24 JUN 2025,2025,6.,A,Continental Tour,7211906,worldwide
men_800m,Ronaldo OLIVO,08 OCT 2004,1:46.20,,ESP,"Mestský Stadion, Ostrava (CZE)",64th Ostrava Golden Spike,24 JUN 2025,2025,7.,A,Continental Tour,7211906,worldwide
men_800m,Saúl ORDÓÑEZ,10 APR 1994,1:46.60,,ESP,"Mestský Stadion, Ostrava (CZE)",64th Ostrava Golden Spike,24 JUN 2025,2025,8.,A,Continental Tour,7211906,worldwide
men_800m,Jakub DAVIDÍK,20 JAN 2002,1:46.92,,CZE,"Mestský Stadion, Ostrava (CZE)",64th Ostrava Golden Spike,24 JUN 2025,2025,9.,A,Continental Tour,7211906,worldwide
men_800m,Kelvin Kimtai LOTI,05 OCT 1999,1:43.61,,KEN,"Nyayo National Stadium, Nairobi (KEN)",Kenyan Championships,27 JUN 2025,2025,1.,B,National Championships,7217332,worldwide
men_800m,Laban Kipkorir CHEPKWONY,14 APR 1996,1:43.64,,KEN,"Nyayo National Stadium, Nairobi (KEN)",Kenyan Championships,27 JUN 2025,2025,2.,B,National Championships,7217332,worldwide
men_800m,Alex Ngeno KIPNGETICH,17 AUG 2000,1:45.55,,KEN,"Nyayo National Stadium, Nairobi (KEN)",Kenyan Championships,27 JUN 2025,2025,3.,B,National Championships,7217332,worldwide
men_800m,Cornelius TUWEI,24 MAY 1993,1:45.66,,KEN,"Nyayo National Stadium, Nairobi (KEN)",Kenyan Championships,27 JUN 2025,2025,4.,B,National Championships,7217332,worldwide
men_800m,Noah KIBET,12 APR 2004,1:45.80,,KEN,"Nyayo National Stadium, Nairobi (KEN)",Kenyan Championships,27 JUN 2025,2025,5.,B,National Championships,7217332,worldwide
men_800m,Ferguson Cheruiyot ROTICH,30 NOV 1989,1:45.84,,KEN,"Nyayo National Stadium, Nairobi (KEN)",Kenyan Championships,27 JUN 2025,2025,6.,B,National Championships,7217332,worldwide
men_800m,Tyrice TAYLOR,31 OCT 2001,1:45.26,,JAM,"National Stadium, Kingston (JAM)",Jamaican Championships,28 JUN 2025,2025,1.,B,National Championships,7226886,worldwide
men_800m,Navasky ANDERSON,21 JAN 2000,1:46.03,,JAM,"National Stadium, Kingston (JAM)",Jamaican Championships,28 JUN 2025,2025,2.,B,National Championships,7226886,worldwide
men_800m,Handal ROBAN,05 SEP 2002,1:45.31,,VIN,"National Stadium, Kingston (JAM)",Jamaican Championships,28 JUN 2025,2025,OC,B,National Championships,7226886,worldwide
men_800m,Brian KWEYEI,07 JUN 2004,1:46.09,,KEN,"National Stadium, Kingston (JAM)",Jamaican Championships,28 JUN 2025,2025,OC,B,National Championships,7226886,worldwide
men_800m,General Berhanu AYANSA,28 JAN 2005,1:45.09,,ETH,"Stade Pierre de Coubertin, Montgeron (FRA)",39ème Meeting International Montgeron-Essonne,27 JUN 2025,2025,1.,C,Continental Tour,7218873,worldwide
men_800m,Abdessalem AYOUNI,16 MAY 1994,1:45.23,,TUN,"Stade Pierre de Coubertin, Montgeron (FRA)",39ème Meeting International Montgeron-Essonne,27 JUN 2025,2025,2.,C,Continental Tour,7218873,worldwide
men_800m,Paul ANSELMINI,02 AUG 2003,1:45.68,,FRA,"Stade Pierre de Coubertin, Montgeron (FRA)",39ème Meeting International Montgeron-Essonne,27 JUN 2025,2025,3.,C,Continental Tour,7218873,worldwide
men_800m,Eduardo RIBEIRO,09 JAN 2001,1:47.17,,BRA,"Stade Pierre de Coubertin, Montgeron (FRA)",39ème Meeting International Montgeron-Essonne,27 JUN 2025,2025,4.,C,Continental Tour,7218873,worldwide
men_800m,Finley MCLEAR,25 MAY 2000,1:50.49,,GBR,"Stade Pierre de Coubertin, Montgeron (FRA)",39ème Meeting International Montgeron-Essonne,27 JUN 2025,2025,6.,C,Continental Tour,7218873,worldwide
men_800m,Jan TESAŘ,26 MAR 1990,1:48.73,,CZE,"Stadion Míru, Tábor (CZE)",Swietelsky Grand Prix Tábor,02 JUL 2025,2025,3.,D,Continental Tour,7218975,worldwide
men_800m,Jakub DAVIDÍK,20 JAN 2002,1:48.77,,CZE,"Stadion Míru, Tábor (CZE)",Swietelsky Grand Prix Tábor,02 JUL 2025,2025,4.,D,Continental Tour,7218975,worldwide
men_800m,Alex BOTTERILL,18 JAN 2000,1:45.83,,GBR,"Bislett Stadion, Oslo (NOR)",Boysen Memorial,02 JUL 2025,2025,1.,C,Continental Tour,7219085,worldwide
men_800m,Tobias GRØNSTAD,06 JUL 2002,1:46.86,,NOR,"Bislett Stadion, Oslo (NOR)",Boysen Memorial,02 JUL 2025,2025,2.,C,Continental Tour,7219085,worldwide
men_800m,Sigurd TVEIT,16 MAR 2000,1:46.94,,NOR,"Bislett Stadion, Oslo (NOR)",Boysen Memorial,02 JUL 2025,2025,3.,C,Continental Tour,7219085,worldwide
men_800m,Felix FRANCOIS,08 NOV 1990,1:49.89,,SWE,"Bislett Stadion, Oslo (NOR)",Boysen Memorial,02 JUL 2025,2025,10.,C,Continental Tour,7219085,worldwide
men_800m,Žan RUDOLF,09 MAY 1993,DNF,,SLO,"Bislett Stadion, Oslo (NOR)",Boysen Memorial,02 JUL 2025,2025,,C,Continental Tour,7219085,worldwide
men_800m,Francesco PERNICI,18 FEB 2003,1:44.28,,ITA,"Stade Raymond Petit, Tomblaine (FRA)",Meeting Stanislas Nancy,04 JUL 2025,2025,1.,B,Continental Tour,7219134,worldwide
men_800m,Mohamed Ali GOUANED,05 JUL 2002,1:44.33,,ALG,"Stade Raymond Petit, Tomblaine (FRA)",Meeting Stanislas Nancy,04 JUL 2025,2025,2.,B,Continental Tour,7219134,worldwide
men_800m,Yohanes TEFERA,28 MAR 2004,1:44.49,,ETH,"Stade Raymond Petit, Tomblaine (FRA)",Meeting Stanislas Nancy,04 JUL 2025,2025,3.,B,Continental Tour,7219134,worldwide
men_800m,Corentin LE CLEZIO,24 SEP 1999,1:44.78,,FRA,"Stade Raymond Petit, Tomblaine (FRA)",Meeting Stanislas Nancy,04 JUL 2025,2025,4.,B,Continental Tour,7219134,worldwide
men_800m,Abdelati EL GUESSE,27 FEB 1993,1:45.06,,MAR,"Stade Raymond Petit, Tomblaine (FRA)",Meeting Stanislas Nancy,04 JUL 2025,2025,5.,B,Continental Tour,7219134,worldwide
men_800m,Corentin MAGNOU,22 SEP 2001,1:45.24,,FRA,"Stade Raymond Petit, Tomblaine (FRA)",Meeting Stanislas Nancy,04 JUL 2025,2025,6.,B,Continental Tour,7219134,worldwide
men_800m,Thomas MARQUES DE ANDRADE,13 JAN 2004,1:45.61,,FRA,"Stade Raymond Petit, Tomblaine (FRA)",Meeting Stanislas Nancy,04 JUL 2025,2025,7.,B,Continental Tour,7219134,worldwide
men_800m,Tumo NKAPE,24 JUN 1998,1:46.11,,BOT,"Stade Raymond Petit, Tomblaine (FRA)",Meeting Stanislas Nancy,04 JUL 2025,2025,8.,B,Continental Tour,7219134,worldwide
men_800m,Ben PATTISON,15 DEC 2001,1:47.09,,GBR,"Stade Raymond Petit, Tomblaine (FRA)",Meeting Stanislas Nancy,04 JUL 2025,2025,9.,B,Continental Tour,7219134,worldwide
men_800m,Ko OCHIAI,17 AUG 2006,1:45.93,,JPN,"National Stadium, Tokyo (JPN)",Japanese Championships,05 JUL 2025,2025,1.,B,National Championships,7224447,worldwide
men_800m,Hiroki MINAMOTO,24 NOV 1999,1:47.60,,JPN,"National Stadium, Tokyo (JPN)",Japanese Championships,05 JUL 2025,2025,6.,B,National Championships,7224447,worldwide
men_800m,Junya MATSUMOTO,28 SEP 2000,1:53.67,,JPN,"National Stadium, Tokyo (JPN)",Japanese Championships,05 JUL 2025,2025,8.,B,National Championships,7224447,worldwide
men_800m,Peter BOL,22 FEB 1994,1:43.88,,AUS,"Stade Raymond Troussier, Decines (FRA)",Meeting National Est Lyonnais,05 JUL 2025,2025,1.,D,Continental Tour,7219136,worldwide
men_800m,Paul ANSELMINI,02 AUG 2003,1:44.40,,FRA,"Stade Raymond Troussier, Decines (FRA)",Meeting National Est Lyonnais,05 JUL 2025,2025,2.,D,Continental Tour,7219136,worldwide
men_800m,Jordan TERRASSE,11 APR 2000,1:44.69,,FRA,"Stade Raymond Troussier, Decines (FRA)",Meeting National Est Lyonnais,05 JUL 2025,2025,3.,D,Continental Tour,7219136,worldwide
men_800m,Ramon WIPFLI,30 JUN 2004,1:45.81,,SUI,"Stade Raymond Troussier, Decines (FRA)",Meeting National Est Lyonnais,05 JUL 2025,2025,4.,D,Continental Tour,7219136,worldwide
men_800m,James PRESTON,08 MAY 1997,1:46.75,,NZL,"Stade Raymond Troussier, Decines (FRA)",Meeting National Est Lyonnais,05 JUL 2025,2025,5.,D,Continental Tour,7219136,worldwide
men_800m,Brad MATHAS,24 JUN 1993,1:47.00,,NZL,"Stade Raymond Troussier, Decines (FRA)",Meeting National Est Lyonnais,05 JUL 2025,2025,6.,D,Continental Tour,7219136,worldwide
men_800m,Amel TUKA,09 JAN 1991,1:47.17,,BIH,"Stade Raymond Troussier, Decines (FRA)",Meeting National Est Lyonnais,05 JUL 2025,2025,7.,D,Continental Tour,7219136,worldwide
men_800m,Ibrahim Abass M CHUOT,05 JUL 2004,1:46.73,,QAT,"Provincial domain Huizingen, Huizingen (BEL)",BMW L. Louyet Meeting,05 JUL 2025,2025,2.,D,Continental Tour,7219833,worldwide
men_800m,Kabelo Simon MOHLOSI,20 JAN 1993,1:46.80,,RSA,"Provincial domain Huizingen, Huizingen (BEL)",BMW L. Louyet Meeting,05 JUL 2025,2025,3.,D,Continental Tour,7219833,worldwide
men_800m,Aurele VANDEPUTTE,14 MAY 1995,1:48.91,,BEL,"Provincial domain Huizingen, Huizingen (BEL)",BMW L. Louyet Meeting,05 JUL 2025,2025,7.,D,Continental Tour,7219833,worldwide
men_800m,Tuur BRAS,05 OCT 1999,DNF,,BEL,"Provincial domain Huizingen, Huizingen (BEL)",BMW L. Louyet Meeting,05 JUL 2025,2025,,D,Continental Tour,7219833,worldwide
men_800m,Tom DRADRIGA,17 JUN 1996,1:45.94,,UGA,"Altamira estadioa, Ordizia (ESP)",IX Ordizia Meeting - International Meeting Jose Antonio Peña,05 JUL 2025,2025,3.,C,Continental Tour,7218536,worldwide
men_800m,Eric NZIKWINKUNDA,01 JAN 1997,1:46.98,,BDI,"Altamira estadioa, Ordizia (ESP)",IX Ordizia Meeting - International Meeting Jose Antonio Peña,05 JUL 2025,2025,7.,C,Continental Tour,7218536,worldwide
men_800m,Jack LUNN,16 OCT 2001,1:47.89,,AUS,"Altamira estadioa, Ordizia (ESP)",IX Ordizia Meeting - International Meeting Jose Antonio Peña,05 JUL 2025,2025,8.,C,Continental Tour,7218536,worldwide
men_800m,Maciej WYDERKA,29 JUL 2002,1:44.23,,POL,"Golęcin Stadion, Poznan (POL)",Czesław Cybulski Memorial,05 JUL 2025,2025,1.,B,Continental Tour,7217955,worldwide
men_800m,Filip OSTROWSKI,12 JUL 2001,1:44.25,,POL,"Golęcin Stadion, Poznan (POL)",Czesław Cybulski Memorial,05 JUL 2025,2025,2.,B,Continental Tour,7217955,worldwide
men_800m,Patryk SIERADZKI,06 OCT 1998,1:44.56,,POL,"Golęcin Stadion, Poznan (POL)",Czesław Cybulski Memorial,05 JUL 2025,2025,3.,B,Continental Tour,7217955,worldwide
men_800m,Justin DAVIES,06 FEB 2003,1:44.73,,GBR,"Golęcin Stadion, Poznan (POL)",Czesław Cybulski Memorial,05 JUL 2025,2025,4.,B,Continental Tour,7217955,worldwide
men_800m,Tiarnan CRORKEN,13 JUN 1999,1:44.89,,GBR,"Golęcin Stadion, Poznan (POL)",Czesław Cybulski Memorial,05 JUL 2025,2025,5.,B,Continental Tour,7217955,worldwide
men_800m,Mateusz BORKOWSKI,02 APR 1997,1:45.25,,POL,"Golęcin Stadion, Poznan (POL)",Czesław Cybulski Memorial,05 JUL 2025,2025,7.,B,Continental Tour,7217955,worldwide
men_800m,Ivan PELIZZA,17 DEC 2000,1:45.56,,SUI,"Golęcin Stadion, Poznan (POL)",Czesław Cybulski Memorial,05 JUL 2025,2025,8.,B,Continental Tour,7217955,worldwide
men_800m,Ethan HUSSEY,05 MAR 2003,1:54.35,,GBR,"Golęcin Stadion, Poznan (POL)",Czesław Cybulski Memorial,05 JUL 2025,2025,11.,B,Continental Tour,7217955,worldwide
men_800m,Abdelati EL GUESSE,27 FEB 1993,1:45.78,,MAR,"Stade Jean Adret, Sotteville-lès-Rouen (FRA)",Meeting International Sotteville 2025,07 JUL 2025,2025,1.,B,Continental Tour,7219135,worldwide
men_800m,Callum DODDS,06 OCT 2000,1:46.29,,GBR,"Stade Jean Adret, Sotteville-lès-Rouen (FRA)",Meeting International Sotteville 2025,07 JUL 2025,2025,3.,B,Continental Tour,7219135,worldwide
men_800m,Corentin MAGNOU,22 SEP 2001,1:46.30,,FRA,"Stade Jean Adret, Sotteville-lès-Rouen (FRA)",Meeting International Sotteville 2025,07 JUL 2025,2025,4.,B,Continental Tour,7219135,worldwide
men_800m,Tumo NKAPE,24 JUN 1998,1:46.42,,BOT,"Stade Jean Adret, Sotteville-lès-Rouen (FRA)",Meeting International Sotteville 2025,07 JUL 2025,2025,5.,B,Continental Tour,7219135,worldwide
men_800m,Ben PATTISON,15 DEC 2001,1:46.63,,GBR,"Stade Jean Adret, Sotteville-lès-Rouen (FRA)",Meeting International Sotteville 2025,07 JUL 2025,2025,6.,B,Continental Tour,7219135,worldwide
men_800m,Filip OSTROWSKI,12 JUL 2001,1:46.88,,POL,"Stade Jean Adret, Sotteville-lès-Rouen (FRA)",Meeting International Sotteville 2025,07 JUL 2025,2025,7.,B,Continental Tour,7219135,worldwide
men_800m,Corentin LE CLEZIO,24 SEP 1999,1:48.77,,FRA,"Stade Jean Adret, Sotteville-lès-Rouen (FRA)",Meeting International Sotteville 2025,07 JUL 2025,2025,9.,B,Continental Tour,7219135,worldwide
men_800m,Yohanes TEFERA,28 MAR 2004,1:52.87,,ETH,"Stade Jean Adret, Sotteville-lès-Rouen (FRA)",Meeting International Sotteville 2025,07 JUL 2025,2025,10.,B,Continental Tour,7219135,worldwide
men_800m,Dániel HULLER,10 MAY 2001,1:47.73,,HUN,"Centro Sportivo G. Olmo-P. Ferro, Celle Ligure (ITA)",36° Meeting Arcobaleno EAP AtleticaEuropa,08 JUL 2025,2025,1.,D,Continental Tour,7222764,worldwide
men_800m,Riadh CHNINNI,15 MAR 1997,1:49.94,,TUN,"Centro Sportivo G. Olmo-P. Ferro, Celle Ligure (ITA)",36° Meeting Arcobaleno EAP AtleticaEuropa,08 JUL 2025,2025,4.,D,Continental Tour,7222764,worldwide
men_800m,Andrea FEDERICI,06 MAY 1999,1:51.65,,ITA,"Centro Sportivo G. Olmo-P. Ferro, Celle Ligure (ITA)",36° Meeting Arcobaleno EAP AtleticaEuropa,08 JUL 2025,2025,8.,D,Continental Tour,7222764,worldwide
men_800m,Mariano GARCÍA,25 SEP 1997,1:44.65,,ESP,"Estadi Joan Serrahima, Barcelona (ESP)",Míting Internacional Ciutat de Barcelona,09 JUL 2025,2025,1.,D,Continental Tour,7225901,worldwide
men_800m,Elvin Josué CANALES,05 SEP 2001,1:44.75,,ESP,"Estadi Joan Serrahima, Barcelona (ESP)",Míting Internacional Ciutat de Barcelona,09 JUL 2025,2025,2.,D,Continental Tour,7225901,worldwide
men_800m,David BARROSO,21 AUG 2001,1:44.83,,ESP,"Estadi Joan Serrahima, Barcelona (ESP)",Míting Internacional Ciutat de Barcelona,09 JUL 2025,2025,3.,D,Continental Tour,7225901,worldwide
men_800m,Ramon WIPFLI,30 JUN 2004,1:45.03,,SUI,"Estadi Joan Serrahima, Barcelona (ESP)",Míting Internacional Ciutat de Barcelona,09 JUL 2025,2025,4.,D,Continental Tour,7225901,worldwide
men_800m,Alex BOTTERILL,18 JAN 2000,1:45.06,,GBR,"Estadi Joan Serrahima, Barcelona (ESP)",Míting Internacional Ciutat de Barcelona,09 JUL 2025,2025,5.,D,Continental Tour,7225901,worldwide
men_800m,Pablo SÁNCHEZ-VALLADARES,12 NOV 1997,1:45.33,,ESP,"Estadi Joan Serrahima, Barcelona (ESP)",Míting Internacional Ciutat de Barcelona,09 JUL 2025,2025,6.,D,Continental Tour,7225901,worldwide
men_800m,James PRESTON,08 MAY 1997,1:46.35,,NZL,"Estadi Joan Serrahima, Barcelona (ESP)",Míting Internacional Ciutat de Barcelona,09 JUL 2025,2025,10.,D,Continental Tour,7225901,worldwide
men_800m,Henry JONAS,08 JUN 2005,1:45.25,,GBR,"Munster Technological University Track, Cork (IRL)",Cork City Sports,09 JUL 2025,2025,1.,C,Continental Tour,7218290,worldwide
men_800m,Cian MCPHILLIPS,07 JUN 2002,1:45.51,,IRL,"Munster Technological University Track, Cork (IRL)",Cork City Sports,09 JUL 2025,2025,2.,C,Continental Tour,7218290,worldwide
men_800m,Cathal DOYLE,12 NOV 1997,1:46.36,,IRL,"Munster Technological University Track, Cork (IRL)",Cork City Sports,09 JUL 2025,2025,3.,C,Continental Tour,7218290,worldwide
men_800m,Sigurd TVEIT,16 MAR 2000,1:46.62,,NOR,"Munster Technological University Track, Cork (IRL)",Cork City Sports,09 JUL 2025,2025,5.,C,Continental Tour,7218290,worldwide
men_800m,Thomas RANDOLPH,07 FEB 1999,1:47.35,,GBR,"Munster Technological University Track, Cork (IRL)",Cork City Sports,09 JUL 2025,2025,8.,C,Continental Tour,7218290,worldwide
men_800m,Riadh CHNINNI,15 MAR 1997,1:51.78,,TUN,"Centro Sportivo Saletti, Nembro (ITA)","XXVIII Meeting Internazionale ""Citta' di Nembro""",10 JUL 2025,2025,1.,D,Continental Tour,7221243,worldwide
men_800m,Marc Anthony IBRAHIM,05 DEC 2002,1:52.94,,LBN,"Camille Chamoun Sports City Stadium, Beirut (LBN)",Lebanese Championships,13 JUL 2025,2025,2.,B,National Championships,7222694,worldwide
men_800m,Cian MCPHILLIPS,07 JUN 2002,1:44.19,,IRL,"Morton Stadium, Santry, Dublin (IRL)",Morton Games,11 JUL 2025,2025,1.,C,Continental Tour,7217815,worldwide
men_800m,Maciej WYDERKA,29 JUL 2002,1:44.40,,POL,"Morton Stadium, Santry, Dublin (IRL)",Morton Games,11 JUL 2025,2025,2.,C,Continental Tour,7217815,worldwide
men_800m,Tiarnan CRORKEN,13 JUN 1999,1:45.70,,GBR,"Morton Stadium, Santry, Dublin (IRL)",Morton Games,11 JUL 2025,2025,3.,C,Continental Tour,7217815,worldwide
men_800m,Thomas RANDOLPH,07 FEB 1999,1:47.38,,GBR,"Morton Stadium, Santry, Dublin (IRL)",Morton Games,11 JUL 2025,2025,6.,C,Continental Tour,7217815,worldwide
men_800m,Piers COPELAND,26 NOV 1998,1:48.39,,GBR,"Morton Stadium, Santry, Dublin (IRL)",Morton Games,11 JUL 2025,2025,9.,C,Continental Tour,7217815,worldwide
men_800m,Abdullahi HASSAN,28 JUL 2002,1:46.16,,CAN,"Billy J. Murphy Track and Field Complex, Memphis, TN (USA)",Ed Murphey Classic,12 JUL 2025,2025,1.,B,Continental Tour,7224867,worldwide
men_800m,Tyrice TAYLOR,31 OCT 2001,1:46.46,,JAM,"Billy J. Murphy Track and Field Complex, Memphis, TN (USA)",Ed Murphey Classic,12 JUL 2025,2025,2.,B,Continental Tour,7224867,worldwide
men_800m,Christian JACKSON,01 AUG 2003,1:47.25,,USA,"Billy J. Murphy Track and Field Complex, Memphis, TN (USA)",Ed Murphey Classic,12 JUL 2025,2025,4.,B,Continental Tour,7224867,worldwide
men_800m,Cass ELLIOTT,17 APR 2000,1:47.60,,USA,"Billy J. Murphy Track and Field Complex, Memphis, TN (USA)",Ed Murphey Classic,12 JUL 2025,2025,5.,B,Continental Tour,7224867,worldwide
men_800m,Rynard SWANEPOEL,2002,1:48.10,,RSA,"Billy J. Murphy Track and Field Complex, Memphis, TN (USA)",Ed Murphey Classic,12 JUL 2025,2025,6.,B,Continental Tour,7224867,worldwide
men_800m,Isaiah JEWETT,06 FEB 1997,1:50.27,,USA,"Billy J. Murphy Track and Field Complex, Memphis, TN (USA)",Ed Murphey Classic,12 JUL 2025,2025,9.,B,Continental Tour,7224867,worldwide
men_800m,Camden MARSHALL,01 MAY 2003,1:50.59,,USA,"Billy J. Murphy Track and Field Complex, Memphis, TN (USA)",Ed Murphey Classic,12 JUL 2025,2025,10.,B,Continental Tour,7224867,worldwide
men_800m,Navasky ANDERSON,21 JAN 2000,1:44.40,,JAM,"Jack Kemp Stadium - Occidental College, Los Angeles, CA (USA)",Sunset Tour,12 JUL 2025,2025,1.,B,Continental Tour,7223443,worldwide
men_800m,Abraham ALVARADO,04 AUG 1995,1:44.47,,USA,"Jack Kemp Stadium - Occidental College, Los Angeles, CA (USA)",Sunset Tour,12 JUL 2025,2025,2.,B,Continental Tour,7223443,worldwide
men_800m,Matthew ERICKSON,11 MAR 2003,1:44.49,,CAN,"Jack Kemp Stadium - Occidental College, Los Angeles, CA (USA)",Sunset Tour,12 JUL 2025,2025,3.,B,Continental Tour,7223443,worldwide
men_800m,Hobbs KESSLER,15 MAR 2003,1:44.77,,USA,"Jack Kemp Stadium - Occidental College, Los Angeles, CA (USA)",Sunset Tour,12 JUL 2025,2025,4.,B,Continental Tour,7223443,worldwide
men_800m,Isaiah HARRIS,18 OCT 1996,1:44.96,,USA,"Jack Kemp Stadium - Occidental College, Los Angeles, CA (USA)",Sunset Tour,12 JUL 2025,2025,5.,B,Continental Tour,7223443,worldwide
men_800m,Alex AMANKWA,02 MAR 1992,1:45.54,,GHA,"Jack Kemp Stadium - Occidental College, Los Angeles, CA (USA)",Sunset Tour,12 JUL 2025,2025,6.,B,Continental Tour,7223443,worldwide
men_800m,Shane COHEN,25 JAN 2001,1:45.61,,USA,"Jack Kemp Stadium - Occidental College, Los Angeles, CA (USA)",Sunset Tour,12 JUL 2025,2025,7.,B,Continental Tour,7223443,worldwide
men_800m,Brannon KIDDER,18 NOV 1993,1:46.60,,USA,"Jack Kemp Stadium - Occidental College, Los Angeles, CA (USA)",Sunset Tour,12 JUL 2025,2025,8.,B,Continental Tour,7223443,worldwide
men_800m,Aurele VANDEPUTTE,14 MAY 1995,1:48.38,,BEL,"Sportcentrum Wembley, Kortrijk (BEL)",Moore-Guldensporenmeeting,12 JUL 2025,2025,3.,C,Continental Tour,7219579,worldwide
men_800m,Hugo HOUYEZ,16 DEC 1995,1:48.95,,FRA,"Sportcentrum Wembley, Kortrijk (BEL)",Moore-Guldensporenmeeting,12 JUL 2025,2025,6.,C,Continental Tour,7219579,worldwide
men_800m,Reece SHARMAN-NEWELL,13 DEC 2002,1:45.76,,GBR,"Woodside Stadium, Watford (GBR)",British Milers Club Grand Prix,12 JUL 2025,2025,3.,D,Continental Tour,7219375,worldwide
men_800m,Kyle LANGFORD,02 FEB 1996,1:50.54,,GBR,"Woodside Stadium, Watford (GBR)",British Milers Club Grand Prix,12 JUL 2025,2025,9.,D,Continental Tour,7219375,worldwide
men_800m,Joonas RINNE,20 MAY 1995,1:47.09,,FIN,"Keskusurheilukenttä, Joensuu (FIN)",Motonet GP Joensuu,12 JUL 2025,2025,3.,C,Continental Tour,7219000,worldwide
men_800m,Kristian Uldbjerg HANSEN,15 AUG 1996,1:47.49,,DEN,"Keskusurheilukenttä, Joensuu (FIN)",Motonet GP Joensuu,12 JUL 2025,2025,4.,C,Continental Tour,7219000,worldwide
men_800m,Callum DAVIES,18 JUL 1999,1:48.01,,AUS,"Keskusurheilukenttä, Joensuu (FIN)",Motonet GP Joensuu,12 JUL 2025,2025,6.,C,Continental Tour,7219000,worldwide
men_800m,Abdessalem AYOUNI,16 MAY 1994,1:46.00,,TUN,"Stadion Radés, Radés (TUN)",Tunisian Championships,12 JUL 2025,2025,1.,B,National Championships,7218006,worldwide
men_800m,Jake WIGHTMAN,11 JUL 1994,1:44.71,,GBR,"Stadio G. Teghil, Lignano Sabbiadoro (ITA)",Meeting Sport e Solidarietà Lignano,13 JUL 2025,2025,1.,C,Continental Tour,7221242,worldwide
men_800m,Alex BOTTERILL,18 JAN 2000,1:44.82,,GBR,"Stadio G. Teghil, Lignano Sabbiadoro (ITA)",Meeting Sport e Solidarietà Lignano,13 JUL 2025,2025,2.,C,Continental Tour,7221242,worldwide
men_800m,Amel TUKA,09 JAN 1991,1:44.91,,BIH,"Stadio G. Teghil, Lignano Sabbiadoro (ITA)",Meeting Sport e Solidarietà Lignano,13 JUL 2025,2025,3.,C,Continental Tour,7221242,worldwide
men_800m,Tumo NKAPE,24 JUN 1998,1:45.29,,BOT,"Stadio G. Teghil, Lignano Sabbiadoro (ITA)",Meeting Sport e Solidarietà Lignano,13 JUL 2025,2025,4.,C,Continental Tour,7221242,worldwide
men_800m,Cornelius TUWEI,24 MAY 1993,1:45.41,,KEN,"Stadio G. Teghil, Lignano Sabbiadoro (ITA)",Meeting Sport e Solidarietà Lignano,13 JUL 2025,2025,5.,C,Continental Tour,7221242,worldwide
men_800m,Simone BARONTINI,05 JAN 1999,DNF,,ITA,"Stadio G. Teghil, Lignano Sabbiadoro (ITA)",Meeting Sport e Solidarietà Lignano,13 JUL 2025,2025,,C,Continental Tour,7221242,worldwide
men_800m,Handal ROBAN,05 SEP 2002,1:45.82,,VIN,"Foote Field, Edmonton (CAN)",Edmonton Athletics Invitational,13 JUL 2025,2025,1.,B,Continental Tour,7218307,worldwide
men_800m,Justin O'TOOLE,27 DEC 2001,1:46.18,,CAN,"Foote Field, Edmonton (CAN)",Edmonton Athletics Invitational,13 JUL 2025,2025,2.,B,Continental Tour,7218307,worldwide
men_800m,Moad ZAHAFI,09 MAY 1998,1:44.64,,MAR,"Stade Delort, Marseille (FRA)",Meeting International de Marseille,13 JUL 2025,2025,1.,C,Continental Tour,7218642,worldwide
men_800m,Yanis MEZIANE,26 JAN 2002,1:44.77,,FRA,"Stade Delort, Marseille (FRA)",Meeting International de Marseille,13 JUL 2025,2025,2.,C,Continental Tour,7218642,worldwide
men_800m,Ibrahim Abass M CHUOT,05 JUL 2004,1:45.04,,QAT,"Stade Delort, Marseille (FRA)",Meeting International de Marseille,13 JUL 2025,2025,3.,C,Continental Tour,7218642,worldwide
men_800m,Patryk SIERADZKI,06 OCT 1998,1:45.30,,POL,"Stade Delort, Marseille (FRA)",Meeting International de Marseille,13 JUL 2025,2025,4.,C,Continental Tour,7218642,worldwide
men_800m,Pablo SÁNCHEZ-VALLADARES,12 NOV 1997,1:45.60,,ESP,"Stade Delort, Marseille (FRA)",Meeting International de Marseille,13 JUL 2025,2025,5.,C,Continental Tour,7218642,worldwide
men_800m,Neil GOURLEY,07 FEB 1995,1:46.35,,GBR,"Stade Delort, Marseille (FRA)",Meeting International de Marseille,13 JUL 2025,2025,6.,C,Continental Tour,7218642,worldwide
men_800m,Paul ANSELMINI,02 AUG 2003,1:46.47,,FRA,"Stade Delort, Marseille (FRA)",Meeting International de Marseille,13 JUL 2025,2025,7.,C,Continental Tour,7218642,worldwide
men_800m,Tony VAN DIEPEN,17 APR 1996,1:46.90,,NED,"Stade Delort, Marseille (FRA)",Meeting International de Marseille,13 JUL 2025,2025,8.,C,Continental Tour,7218642,worldwide
men_800m,Jordan TERRASSE,11 APR 2000,1:46.92,,FRA,"Stade Delort, Marseille (FRA)",Meeting International de Marseille,13 JUL 2025,2025,9.,C,Continental Tour,7218642,worldwide
men_800m,Callum DODDS,06 OCT 2000,1:47.24,,GBR,"Stade Delort, Marseille (FRA)",Meeting International de Marseille,13 JUL 2025,2025,10.,C,Continental Tour,7218642,worldwide
men_800m,John RIVERA,02 DEC 1998,1:47.58,,PUR,"Stade Delort, Marseille (FRA)",Meeting International de Marseille,13 JUL 2025,2025,11.,C,Continental Tour,7218642,worldwide
men_800m,Devin DIXON,22 SEP 1997,DQ,,USA,"Swangard Stadium, Burnaby (CAN)",The Jerome Classic,15 JUL 2025,2025,,C,Continental Tour,7218308,worldwide
men_800m,Mohamed Ali GOUANED,05 JUL 2002,1:43.56,,ALG,"Centro Gabre Gabric, Brescia (ITA)",Grand Prix Brescia,15 JUL 2025,2025,1.,C,Continental Tour,7221241,worldwide
men_800m,Moad ZAHAFI,09 MAY 1998,1:43.82,,MAR,"Centro Gabre Gabric, Brescia (ITA)",Grand Prix Brescia,15 JUL 2025,2025,2.,C,Continental Tour,7221241,worldwide
men_800m,Adrián BEN,04 AUG 1998,1:44.05,,ESP,"Centro Gabre Gabric, Brescia (ITA)",Grand Prix Brescia,15 JUL 2025,2025,3.,C,Continental Tour,7221241,worldwide
men_800m,Tobias GRØNSTAD,06 JUL 2002,1:44.41,,NOR,"Centro Gabre Gabric, Brescia (ITA)",Grand Prix Brescia,15 JUL 2025,2025,4.,C,Continental Tour,7221241,worldwide
men_800m,Callum DODDS,06 OCT 2000,1:44.50,,GBR,"Centro Gabre Gabric, Brescia (ITA)",Grand Prix Brescia,15 JUL 2025,2025,5.,C,Continental Tour,7221241,worldwide
men_800m,Álvaro DE ARRIBA,02 JUN 1994,1:44.56,,ESP,"Centro Gabre Gabric, Brescia (ITA)",Grand Prix Brescia,15 JUL 2025,2025,6.,C,Continental Tour,7221241,worldwide
men_800m,Catalin TECUCEANU,09 SEP 1999,1:44.56,,ITA,"Centro Gabre Gabric, Brescia (ITA)",Grand Prix Brescia,15 JUL 2025,2025,7.,C,Continental Tour,7221241,worldwide
men_800m,Filip OSTROWSKI,12 JUL 2001,1:44.65,,POL,"Centro Gabre Gabric, Brescia (ITA)",Grand Prix Brescia,15 JUL 2025,2025,8.,C,Continental Tour,7221241,worldwide
men_800m,Mariano GARCÍA,25 SEP 1997,1:46.17,,ESP,"Centro Gabre Gabric, Brescia (ITA)",Grand Prix Brescia,15 JUL 2025,2025,9.,C,Continental Tour,7221241,worldwide
men_800m,Ethan HUSSEY,05 MAR 2003,1:46.20,,GBR,"Centro Gabre Gabric, Brescia (ITA)",Grand Prix Brescia,15 JUL 2025,2025,10.,C,Continental Tour,7221241,worldwide
men_800m,Djamel SEDJATI,03 MAY 1999,1:43.53,,ALG,"Estadio Vallehermoso, Madrid (ESP)",Meeting Madrid 2025,19 JUL 2025,2025,1.,B,Continental Tour,7217896,worldwide
men_800m,Mariano GARCÍA,25 SEP 1997,1:43.62,,ESP,"Estadio Vallehermoso, Madrid (ESP)",Meeting Madrid 2025,19 JUL 2025,2025,2.,B,Continental Tour,7217896,worldwide
men_800m,Yanis MEZIANE,26 JAN 2002,1:43.82,,FRA,"Estadio Vallehermoso, Madrid (ESP)",Meeting Madrid 2025,19 JUL 2025,2025,3.,B,Continental Tour,7217896,worldwide
men_800m,Marino BLOUDEK,18 JUL 1999,1:44.01,,CRO,"Estadio Vallehermoso, Madrid (ESP)",Meeting Madrid 2025,19 JUL 2025,2025,4.,B,Continental Tour,7217896,worldwide
men_800m,Adrián BEN,04 AUG 1998,1:44.05,,ESP,"Estadio Vallehermoso, Madrid (ESP)",Meeting Madrid 2025,19 JUL 2025,2025,5.,B,Continental Tour,7217896,worldwide
men_800m,Pieter SISK,08 DEC 1999,1:44.55,,BEL,"Estadio Vallehermoso, Madrid (ESP)",Meeting Madrid 2025,19 JUL 2025,2025,6.,B,Continental Tour,7217896,worldwide
men_800m,Moad ZAHAFI,09 MAY 1998,1:44.90,,MAR,"Estadio Vallehermoso, Madrid (ESP)",Meeting Madrid 2025,19 JUL 2025,2025,7.,B,Continental Tour,7217896,worldwide
men_800m,Ibrahim Abass M CHUOT,05 JUL 2004,1:44.95,,QAT,"Estadio Vallehermoso, Madrid (ESP)",Meeting Madrid 2025,19 JUL 2025,2025,8.,B,Continental Tour,7217896,worldwide
men_800m,Elvin Josué CANALES,05 SEP 2001,1:45.29,,ESP,"Estadio Vallehermoso, Madrid (ESP)",Meeting Madrid 2025,19 JUL 2025,2025,9.,B,Continental Tour,7217896,worldwide
men_800m,Catalin TECUCEANU,09 SEP 1999,1:45.37,,ITA,"Estadio Vallehermoso, Madrid (ESP)",Meeting Madrid 2025,19 JUL 2025,2025,10.,B,Continental Tour,7217896,worldwide
men_800m,Álvaro DE ARRIBA,02 JUN 1994,1:46.13,,ESP,"Estadio Vallehermoso, Madrid (ESP)",Meeting Madrid 2025,19 JUL 2025,2025,11.,B,Continental Tour,7217896,worldwide
men_800m,Tshepiso MASALELA,25 MAY 1999,1:44.15,,BOT,"Stadion De Veen, Heusden-Zolder (BEL)",Night of Athletics,19 JUL 2025,2025,1.,C,Continental Tour,7218252,worldwide
men_800m,Kethobogile HAINGURA,14 DEC 1998,1:44.71,,BOT,"Stadion De Veen, Heusden-Zolder (BEL)",Night of Athletics,19 JUL 2025,2025,2.,C,Continental Tour,7218252,worldwide
men_800m,Tumo NKAPE,24 JUN 1998,1:45.47,,BOT,"Stadion De Veen, Heusden-Zolder (BEL)",Night of Athletics,19 JUL 2025,2025,3.,C,Continental Tour,7218252,worldwide
men_800m,Tshepo TSHITE,15 JAN 1997,1:45.84,,RSA,"Stadion De Veen, Heusden-Zolder (BEL)",Night of Athletics,19 JUL 2025,2025,4.,C,Continental Tour,7218252,worldwide
men_800m,Abdessalem AYOUNI,16 MAY 1994,1:45.97,,TUN,"Stadion De Veen, Heusden-Zolder (BEL)",Night of Athletics,19 JUL 2025,2025,5.,C,Continental Tour,7218252,worldwide
men_800m,Tibo DE SMET,28 MAY 1999,1:46.13,,BEL,"Stadion De Veen, Heusden-Zolder (BEL)",Night of Athletics,19 JUL 2025,2025,6.,C,Continental Tour,7218252,worldwide
men_800m,Tobias GRØNSTAD,06 JUL 2002,1:46.38,,NOR,"Stadion De Veen, Heusden-Zolder (BEL)",Night of Athletics,19 JUL 2025,2025,8.,C,Continental Tour,7218252,worldwide
men_800m,Tony VAN DIEPEN,17 APR 1996,1:46.87,,NED,"Stadion De Veen, Heusden-Zolder (BEL)",Night of Athletics,19 JUL 2025,2025,9.,C,Continental Tour,7218252,worldwide
men_800m,John RIVERA,02 DEC 1998,2:18.28,,PUR,"Stadion De Veen, Heusden-Zolder (BEL)",Night of Athletics,19 JUL 2025,2025,10.,C,Continental Tour,7218252,worldwide
men_800m,Simone BARONTINI,05 JAN 1999,DNF,,ITA,"Stadion De Veen, Heusden-Zolder (BEL)",Night of Athletics,19 JUL 2025,2025,,C,Continental Tour,7218252,worldwide
men_800m,Handal ROBAN,05 SEP 2002,1:46.13,,VIN,"Sir Vincent Beache Stadium, Diamond (VIN)",Wendell Hercules Saint Vincentian Championships,20 JUL 2025,2025,1.,B,National Championships,7230448,worldwide
men_800m,Abderrahman EL ASSAL,10 JUN 2005,1:44.68,,MAR,"Piste Athlétisme, Tiflet (MAR)",Moroccan Championships,19 JUL 2025,2025,1.,B,National Championships,7228569,worldwide
men_800m,David BARROSO,21 AUG 2001,1:47.64,,ESP,"Lohrheidestadion, Wattenscheid, Bochum (GER)",FISU World University Games,27 JUL 2025,2025,1.,B,FISU,7174350,worldwide
men_800m,Maciej WYDERKA,29 JUL 2002,1:48.01,,POL,"Lohrheidestadion, Wattenscheid, Bochum (GER)",FISU World University Games,27 JUL 2025,2025,2.,B,FISU,7174350,worldwide
men_800m,Mehmet ÇELIK,01 DEC 2001,1:48.07,,TUR,"Lohrheidestadion, Wattenscheid, Bochum (GER)",FISU World University Games,27 JUL 2025,2025,3.,B,FISU,7174350,worldwide
men_800m,Corentin MAGNOU,22 SEP 2001,1:48.23,,FRA,"Lohrheidestadion, Wattenscheid, Bochum (GER)",FISU World University Games,27 JUL 2025,2025,4.,B,FISU,7174350,worldwide
men_800m,Ivan PELIZZA,17 DEC 2000,1:48.72,,SUI,"Lohrheidestadion, Wattenscheid, Bochum (GER)",FISU World University Games,27 JUL 2025,2025,5.,B,FISU,7174350,worldwide
men_800m,Jordan TERRASSE,11 APR 2000,1:48.73,,FRA,"Lohrheidestadion, Wattenscheid, Bochum (GER)",FISU World University Games,27 JUL 2025,2025,6.,B,FISU,7174350,worldwide
men_800m,Jack LUNN,16 OCT 2001,1:49.24,,AUS,"Lohrheidestadion, Wattenscheid, Bochum (GER)",FISU World University Games,27 JUL 2025,2025,8.,B,FISU,7174350,worldwide
men_800m,Tom DRADRIGA,17 JUN 1996,1:45.10,,UGA,"Stade Jean Jacoby, Schifflange (LUX)",CAS Meeting International,26 JUL 2025,2025,1.,D,Continental Tour,7227149,worldwide
men_800m,Louey OUERRAT,04 NOV 2004,1:45.47,,FRA,"Stade Jean Jacoby, Schifflange (LUX)",CAS Meeting International,26 JUL 2025,2025,3.,D,Continental Tour,7227149,worldwide
men_800m,Cathal DOYLE,12 NOV 1997,1:45.78,,IRL,"Stade Jean Jacoby, Schifflange (LUX)",CAS Meeting International,26 JUL 2025,2025,4.,D,Continental Tour,7227149,worldwide
men_800m,Tibo DE SMET,28 MAY 1999,1:45.89,,BEL,"Stade Jean Jacoby, Schifflange (LUX)",CAS Meeting International,26 JUL 2025,2025,5.,D,Continental Tour,7227149,worldwide
men_800m,Ronaldo OLIVO,08 OCT 2004,1:46.05,,ESP,"Stade Jean Jacoby, Schifflange (LUX)",CAS Meeting International,26 JUL 2025,2025,6.,D,Continental Tour,7227149,worldwide
men_800m,Louis GILAVERT,01 JAN 1998,1:46.29,,FRA,"Stade Jean Jacoby, Schifflange (LUX)",CAS Meeting International,26 JUL 2025,2025,7.,D,Continental Tour,7227149,worldwide
men_800m,Nasredine KHATIR,30 JAN 1995,1:47.83,,FRA,"Stade Jean Jacoby, Schifflange (LUX)",CAS Meeting International,26 JUL 2025,2025,8.,D,Continental Tour,7227149,worldwide
men_800m,Tony VAN DIEPEN,17 APR 1996,DNF,,NED,"Stade Jean Jacoby, Schifflange (LUX)",CAS Meeting International,26 JUL 2025,2025,,D,Continental Tour,7227149,worldwide
men_800m,Eric NZIKWINKUNDA,01 JAN 1997,1:45.52,,BDI,"Campo Sportivo G. Draghicchio, Trieste (ITA)",Triveneto Meeting Internazionale,26 JUL 2025,2025,2.,D,Continental Tour,7220921,worldwide
men_800m,Abubaker Haydar ABDALLA,28 AUG 1996,1:45.53,,QAT,"Campo Sportivo G. Draghicchio, Trieste (ITA)",Triveneto Meeting Internazionale,26 JUL 2025,2025,3.,D,Continental Tour,7220921,worldwide
men_800m,Ryan SÁNCHEZ,22 SEP 1998,1:45.57,,PUR,"Campo Sportivo G. Draghicchio, Trieste (ITA)",Triveneto Meeting Internazionale,26 JUL 2025,2025,4.,D,Continental Tour,7220921,worldwide
men_800m,David GONZALEZ,28 AUG 2001,1:52.19,,ESP,"Sportcomplex Het Langepad, Rotterdam (NED)",RFFA - Rotterdam Festival For Athletics,26 JUL 2025,2025,7.,D,Continental Tour,7226078,worldwide
men_800m,Marco AROP,20 SEP 1998,1:45.44,,CAN,"Terry Fox AF, Ottawa (CAN)",Canadian Championships,02 AUG 2025,2025,1.,B,National Championships,7222681,worldwide
men_800m,Justin O'TOOLE,27 DEC 2001,1:45.51,,CAN,"Terry Fox AF, Ottawa (CAN)",Canadian Championships,02 AUG 2025,2025,2.,B,National Championships,7222681,worldwide
men_800m,Matthew ERICKSON,11 MAR 2003,1:45.97,,CAN,"Terry Fox AF, Ottawa (CAN)",Canadian Championships,02 AUG 2025,2025,3.,B,National Championships,7222681,worldwide
men_800m,Abdullahi HASSAN,28 JUL 2002,1:46.30,,CAN,"Terry Fox AF, Ottawa (CAN)",Canadian Championships,02 AUG 2025,2025,4.,B,National Championships,7222681,worldwide
men_800m,Donavan BRAZIER,15 APR 1997,1:42.16,,USA,"Hayward Field, Eugene, OR (USA)",USA Championships,03 AUG 2025,2025,1.,B,National Championships,7222826,worldwide
men_800m,Cooper LUTKENHAUS,19 DEC 2008,1:42.27,,USA,"Hayward Field, Eugene, OR (USA)",USA Championships,03 AUG 2025,2025,2.,B,National Championships,7222826,worldwide
men_800m,Bryce HOPPEL,05 SEP 1997,1:42.49,,USA,"Hayward Field, Eugene, OR (USA)",USA Championships,03 AUG 2025,2025,3.,B,National Championships,7222826,worldwide
men_800m,Josh HOEY,01 NOV 1999,1:43.06,,USA,"Hayward Field, Eugene, OR (USA)",USA Championships,03 AUG 2025,2025,4.,B,National Championships,7222826,worldwide
men_800m,Brandon MILLER,30 JAN 2002,1:43.14,,USA,"Hayward Field, Eugene, OR (USA)",USA Championships,03 AUG 2025,2025,5.,B,National Championships,7222826,worldwide
men_800m,Isaiah HARRIS,18 OCT 1996,1:44.23,,USA,"Hayward Field, Eugene, OR (USA)",USA Championships,03 AUG 2025,2025,6.,B,National Championships,7222826,worldwide
men_800m,Abraham ALVARADO,04 AUG 1995,1:44.41,,USA,"Hayward Field, Eugene, OR (USA)",USA Championships,03 AUG 2025,2025,7.,B,National Championships,7222826,worldwide
men_800m,Camden MARSHALL,01 MAY 2003,1:44.89,,USA,"Hayward Field, Eugene, OR (USA)",USA Championships,03 AUG 2025,2025,8.,B,National Championships,7222826,worldwide
men_800m,Colin SAHLMAN,28 OCT 2003,1:45.99,,USA,"Hayward Field, Eugene, OR (USA)",USA Championships,03 AUG 2025,2025,9.,B,National Championships,7222826,worldwide
men_800m,Alexander STEPANOV,30 SEP 2004,1:48.69,,GER,"Heinz-Steyer-Stadion, Dresden (GER)",German Championships,03 AUG 2025,2025,1.,B,National Championships,7229381,worldwide
men_800m,Andreas KRAMER,13 APR 1997,1:45.14,,SWE,"Sola Arena, Karlstad (SWE)",Swedish Championships,03 AUG 2025,2025,1.,B,National Championships,7227009,worldwide
men_800m,Leandro ALVES,04 AUG 1998,1:47.34,,BRA,"Centro de Treinamento Paralímpico Brasileiro, São Paulo (BRA)",Brazilian Championships,01 AUG 2025,2025,3.,B,National Championships,7221524,worldwide
men_800m,Guilherme KURTZ,27 AUG 1994,1:47.63,,BRA,"Centro de Treinamento Paralímpico Brasileiro, São Paulo (BRA)",Brazilian Championships,01 AUG 2025,2025,4.,B,National Championships,7221524,worldwide
men_800m,Thiago ANDRÉ,04 AUG 1995,1:48.58,,BRA,"Centro de Treinamento Paralímpico Brasileiro, São Paulo (BRA)",Brazilian Championships,01 AUG 2025,2025,6.,B,National Championships,7221524,worldwide
men_800m,Joonas RINNE,20 MAY 1995,1:52.16,,FIN,"Leppävaaran Stadion, Espoo (FIN)",Finnish Championships,03 AUG 2025,2025,5.,B,National Championships,7219509,worldwide
men_800m,Tobias GRØNSTAD,06 JUL 2002,1:49.29,,NOR,"Ravnanger Idrettspark, Askoy (NOR)",Norwegian Championships,02 AUG 2025,2025,1.,B,National Championships,7222638,worldwide
men_800m,Sigurd TVEIT,16 MAR 2000,1:50.52,,NOR,"Ravnanger Idrettspark, Askoy (NOR)",Norwegian Championships,02 AUG 2025,2025,2.,B,National Championships,7222638,worldwide
men_800m,Mohamed ATTAOUI,26 SEP 2001,1:46.22,,ESP,"Estadi Natalia Rodríguez, Tarragona (ESP)",Spanish Championships,03 AUG 2025,2025,1.,B,National Championships,7217967,worldwide
men_800m,Mariano GARCÍA,25 SEP 1997,1:46.79,,ESP,"Estadi Natalia Rodríguez, Tarragona (ESP)",Spanish Championships,03 AUG 2025,2025,2.,B,National Championships,7217967,worldwide
men_800m,Pablo SÁNCHEZ-VALLADARES,12 NOV 1997,1:47.14,,ESP,"Estadi Natalia Rodríguez, Tarragona (ESP)",Spanish Championships,03 AUG 2025,2025,3.,B,National Championships,7217967,worldwide
men_800m,David BARROSO,21 AUG 2001,1:47.15,,ESP,"Estadi Natalia Rodríguez, Tarragona (ESP)",Spanish Championships,03 AUG 2025,2025,4.,B,National Championships,7217967,worldwide
men_800m,Álvaro DE ARRIBA,02 JUN 1994,1:47.31,,ESP,"Estadi Natalia Rodríguez, Tarragona (ESP)",Spanish Championships,03 AUG 2025,2025,5.,B,National Championships,7217967,worldwide
men_800m,Elvin Josué CANALES,05 SEP 2001,1:47.70,,ESP,"Estadi Natalia Rodríguez, Tarragona (ESP)",Spanish Championships,03 AUG 2025,2025,6.,B,National Championships,7217967,worldwide
men_800m,Yanis MEZIANE,26 JAN 2002,1:45.24,,FRA,"Stade Pierre Paul Bernard, Talence (FRA)",French Championships,02 AUG 2025,2025,1.,B,National Championships,7226084,worldwide
men_800m,Corentin LE CLEZIO,24 SEP 1999,1:45.84,,FRA,"Stade Pierre Paul Bernard, Talence (FRA)",French Championships,02 AUG 2025,2025,2.,B,National Championships,7226084,worldwide
men_800m,Jordan TERRASSE,11 APR 2000,1:45.88,,FRA,"Stade Pierre Paul Bernard, Talence (FRA)",French Championships,02 AUG 2025,2025,3.,B,National Championships,7226084,worldwide
men_800m,Corentin MAGNOU,22 SEP 2001,1:46.09,,FRA,"Stade Pierre Paul Bernard, Talence (FRA)",French Championships,02 AUG 2025,2025,4.,B,National Championships,7226084,worldwide
men_800m,Gabriel TUAL,09 APR 1998,1:46.17,,FRA,"Stade Pierre Paul Bernard, Talence (FRA)",French Championships,02 AUG 2025,2025,6.,B,National Championships,7226084,worldwide
men_800m,Thomas MARQUES DE ANDRADE,13 JAN 2004,1:46.35,,FRA,"Stade Pierre Paul Bernard, Talence (FRA)",French Championships,02 AUG 2025,2025,7.,B,National Championships,7226084,worldwide
men_800m,Louey OUERRAT,04 NOV 2004,1:46.80,,FRA,"Stade Pierre Paul Bernard, Talence (FRA)",French Championships,02 AUG 2025,2025,8.,B,National Championships,7226084,worldwide
men_800m,Simas BERTAŠIUS,31 OCT 1993,1:51.12,,LTU,"Palangos Stadionas, Palanga (LTU)",Lithuanian Championships,02 AUG 2025,2025,1.,B,National Championships,7222846,worldwide
men_800m,Mark ENGLISH,18 MAR 1993,1:48.76,,IRL,"Morton Stadium, Santry, Dublin (IRL)",Irish Championships,03 AUG 2025,2025,1.,B,National Championships,7218108,worldwide
men_800m,Cian MCPHILLIPS,07 JUN 2002,1:49.26,,IRL,"Morton Stadium, Santry, Dublin (IRL)",Irish Championships,03 AUG 2025,2025,2.,B,National Championships,7218108,worldwide
men_800m,Eliott CRESTAN,22 FEB 1999,1:46.73,,BEL,"Boudewijnstadion, Bruxelles (BEL)",Belgian Championships,03 AUG 2025,2025,1.,B,National Championships,7228613,worldwide
men_800m,Tibo DE SMET,28 MAY 1999,1:47.12,,BEL,"Boudewijnstadion, Bruxelles (BEL)",Belgian Championships,03 AUG 2025,2025,2.,B,National Championships,7228613,worldwide
men_800m,Ruben VERHEYDEN,22 DEC 2000,1:47.21,,BEL,"Boudewijnstadion, Bruxelles (BEL)",Belgian Championships,03 AUG 2025,2025,3.,B,National Championships,7228613,worldwide
men_800m,Stefan NILLESSEN,02 JAN 2003,1:47.90,,NED,"FBK Stadium, Hengelo (NED)",Dutch Championships,03 AUG 2025,2025,1.,B,National Championships,7227988,worldwide
men_800m,Tony VAN DIEPEN,17 APR 1996,1:48.60,,NED,"FBK Stadium, Hengelo (NED)",Dutch Championships,03 AUG 2025,2025,2.,B,National Championships,7227988,worldwide
men_800m,Ryan CLARKE,17 NOV 1997,1:49.70,,NED,"FBK Stadium, Hengelo (NED)",Dutch Championships,03 AUG 2025,2025,5.,B,National Championships,7227988,worldwide
men_800m,Max BURGIN,20 MAY 2002,1:43.92,,GBR,"Alexander Stadium, Birmingham (GBR)",UK Championships,03 AUG 2025,2025,1.,B,National Championships,7229689,worldwide
men_800m,Tiarnan CRORKEN,13 JUN 1999,1:45.56,,GBR,"Alexander Stadium, Birmingham (GBR)",UK Championships,03 AUG 2025,2025,2.,B,National Championships,7229689,worldwide
men_800m,Alex BOTTERILL,18 JAN 2000,1:45.57,,GBR,"Alexander Stadium, Birmingham (GBR)",UK Championships,03 AUG 2025,2025,3.,B,National Championships,7229689,worldwide
men_800m,Justin DAVIES,06 FEB 2003,1:45.72,,GBR,"Alexander Stadium, Birmingham (GBR)",UK Championships,03 AUG 2025,2025,4.,B,National Championships,7229689,worldwide
men_800m,Ethan HUSSEY,05 MAR 2003,1:46.24,,GBR,"Alexander Stadium, Birmingham (GBR)",UK Championships,03 AUG 2025,2025,5.,B,National Championships,7229689,worldwide
men_800m,Reece SHARMAN-NEWELL,13 DEC 2002,1:46.35,,GBR,"Alexander Stadium, Birmingham (GBR)",UK Championships,03 AUG 2025,2025,6.,B,National Championships,7229689,worldwide
men_800m,Henry JONAS,08 JUN 2005,1:47.05,,GBR,"Alexander Stadium, Birmingham (GBR)",UK Championships,03 AUG 2025,2025,7.,B,National Championships,7229689,worldwide
men_800m,Callum DODDS,06 OCT 2000,1:49.32,,GBR,"Alexander Stadium, Birmingham (GBR)",UK Championships,03 AUG 2025,2025,8.,B,National Championships,7229689,worldwide
men_800m,Ben PATTISON,15 DEC 2001,1:51.58,,GBR,"Alexander Stadium, Birmingham (GBR)",UK Championships,03 AUG 2025,2025,9.,B,National Championships,7229689,worldwide
men_800m,Amel TUKA,09 JAN 1991,1:49.77,,BIH,"Stadion Kamberovića polje, Zenica (BIH)",Bosnia & Herzegovina Championships,03 AUG 2025,2025,1.,B,National Championships,7229767,worldwide
men_800m,Catalin TECUCEANU,09 SEP 1999,1:47.61,,ITA,"Giovanni Chiggiato Stadium, Caorle (ITA)",Italian Championships,03 AUG 2025,2025,1.,B,National Championships,7226755,worldwide
men_800m,Francesco PERNICI,18 FEB 2003,1:47.68,,ITA,"Giovanni Chiggiato Stadium, Caorle (ITA)",Italian Championships,03 AUG 2025,2025,2.,B,National Championships,7226755,worldwide
men_800m,Simone BARONTINI,05 JAN 1999,1:52.31,,ITA,"Giovanni Chiggiato Stadium, Caorle (ITA)",Italian Championships,03 AUG 2025,2025,8.,B,National Championships,7226755,worldwide
men_800m,Marino BLOUDEK,18 JUL 1999,1:45.48,,CRO,"Stadion Branko Čavlović-Čavlek, Karlovac (CRO)",Croatian Championships,04 AUG 2025,2025,1.,B,National Championships,7227421,worldwide
men_800m,Peyton CRAIG,28 MAR 2005,1:45.66,,AUS,"Wieslaw Maniak Municipal Athletic Stadium, Szczecin (POL)",8. International Wiesław Maniak Memorial,06 AUG 2025,2025,1.,C,Continental Tour,7218705,worldwide
men_800m,Corentin LE CLEZIO,24 SEP 1999,1:45.72,,FRA,"Wieslaw Maniak Municipal Athletic Stadium, Szczecin (POL)",8. International Wiesław Maniak Memorial,06 AUG 2025,2025,2.,C,Continental Tour,7218705,worldwide
men_800m,Abdelati EL GUESSE,27 FEB 1993,1:46.02,,MAR,"Wieslaw Maniak Municipal Athletic Stadium, Szczecin (POL)",8. International Wiesław Maniak Memorial,06 AUG 2025,2025,3.,C,Continental Tour,7218705,worldwide
men_800m,Justin O'TOOLE,27 DEC 2001,1:46.24,,CAN,"Wieslaw Maniak Municipal Athletic Stadium, Szczecin (POL)",8. International Wiesław Maniak Memorial,06 AUG 2025,2025,4.,C,Continental Tour,7218705,worldwide
men_800m,Reece SHARMAN-NEWELL,13 DEC 2002,1:46.35,,GBR,"Wieslaw Maniak Municipal Athletic Stadium, Szczecin (POL)",8. International Wiesław Maniak Memorial,06 AUG 2025,2025,5.,C,Continental Tour,7218705,worldwide
men_800m,Mikuto KANEKO,06 NOV 2001,1:46.72,,JPN,"Wieslaw Maniak Municipal Athletic Stadium, Szczecin (POL)",8. International Wiesław Maniak Memorial,06 AUG 2025,2025,7.,C,Continental Tour,7218705,worldwide
men_800m,Konstantin KHOLMOGOROV,07 FEB 1996,1:47.63,,RUS,"Central Stadium, Kazan (RUS)",Russian Championships,08 AUG 2025,2025,2.,B,National Championships,7230365,worldwide
men_800m,Sergey DUBROVSKIY,20 JAN 1995,1:47.99,,RUS,"Central Stadium, Kazan (RUS)",Russian Championships,08 AUG 2025,2025,3.,B,National Championships,7230365,worldwide
men_800m,Mateusz BORKOWSKI,02 APR 1997,1:45.99,,POL,"Uniwersytetu Warmińsko-Mazurskiego, Olsztyn (POL)",Memorial Zbigniewa Ludwichowskiego,08 AUG 2025,2025,1.,C,Continental Tour,7219115,worldwide
men_800m,Mikuto KANEKO,06 NOV 2001,1:46.01,,JPN,"Uniwersytetu Warmińsko-Mazurskiego, Olsztyn (POL)",Memorial Zbigniewa Ludwichowskiego,08 AUG 2025,2025,2.,C,Continental Tour,7219115,worldwide
men_800m,Kacper LEWALSKI,07 MAY 2003,1:46.78,,POL,"Uniwersytetu Warmińsko-Mazurskiego, Olsztyn (POL)",Memorial Zbigniewa Ludwichowskiego,08 AUG 2025,2025,4.,C,Continental Tour,7219115,worldwide
men_800m,Amel TUKA,09 JAN 1991,1:47.80,,BIH,"Uniwersytetu Warmińsko-Mazurskiego, Olsztyn (POL)",Memorial Zbigniewa Ludwichowskiego,08 AUG 2025,2025,5.,C,Continental Tour,7219115,worldwide
men_800m,Cian MCPHILLIPS,07 JUN 2002,1:44.34,,IRL,"Putbosstadion, Oordegem (BEL)",IFAM Oordegem,09 AUG 2025,2025,1.,C,Continental Tour,7218629,worldwide
men_800m,Corentin LE CLEZIO,24 SEP 1999,1:44.71,,FRA,"Putbosstadion, Oordegem (BEL)",IFAM Oordegem,09 AUG 2025,2025,2.,C,Continental Tour,7218629,worldwide
men_800m,Alex BOTTERILL,18 JAN 2000,1:45.35,,GBR,"Putbosstadion, Oordegem (BEL)",IFAM Oordegem,09 AUG 2025,2025,3.,C,Continental Tour,7218629,worldwide
men_800m,Thomas MARQUES DE ANDRADE,13 JAN 2004,1:45.38,,FRA,"Putbosstadion, Oordegem (BEL)",IFAM Oordegem,09 AUG 2025,2025,4.,C,Continental Tour,7218629,worldwide
men_800m,Tibo DE SMET,28 MAY 1999,1:45.42,,BEL,"Putbosstadion, Oordegem (BEL)",IFAM Oordegem,09 AUG 2025,2025,5.,C,Continental Tour,7218629,worldwide
men_800m,Tiarnan CRORKEN,13 JUN 1999,1:45.52,,GBR,"Putbosstadion, Oordegem (BEL)",IFAM Oordegem,09 AUG 2025,2025,6.,C,Continental Tour,7218629,worldwide
men_800m,Ramon WIPFLI,30 JUN 2004,1:45.52,,SUI,"Putbosstadion, Oordegem (BEL)",IFAM Oordegem,09 AUG 2025,2025,7.,C,Continental Tour,7218629,worldwide
men_800m,Ruben VERHEYDEN,22 DEC 2000,1:46.24,,BEL,"Putbosstadion, Oordegem (BEL)",IFAM Oordegem,09 AUG 2025,2025,8.,C,Continental Tour,7218629,worldwide
men_800m,Archie DAVIS,16 OCT 1998,1:46.55,,GBR,"Longford Stadium Trafford, Manchester (GBR)",British Milers Club Grand Prix,09 AUG 2025,2025,1.,D,Continental Tour,7219376,worldwide
men_800m,Reece SHARMAN-NEWELL,13 DEC 2002,1:46.62,,GBR,"Longford Stadium Trafford, Manchester (GBR)",British Milers Club Grand Prix,09 AUG 2025,2025,2.,D,Continental Tour,7219376,worldwide
men_800m,Slimane MOULA,25 FEB 1999,1:46.47,,ALG,"Complexe Olympique Mohamed Boudiaf, Algiers (ALG)",Algerian Championships,10 AUG 2025,2025,1.,B,National Championships,7223652,worldwide
men_800m,Marino BLOUDEK,18 JUL 1999,1:44.88,,CRO,"Sollentunavallen, Sollentuna (SWE)",Folksam Grand Prix Sollentuna,10 AUG 2025,2025,1.,C,Continental Tour,7218989,worldwide
men_800m,Abdelati EL GUESSE,27 FEB 1993,1:45.37,,MAR,"Sollentunavallen, Sollentuna (SWE)",Folksam Grand Prix Sollentuna,10 AUG 2025,2025,2.,C,Continental Tour,7218989,worldwide
men_800m,Alex Ngeno KIPNGETICH,17 AUG 2000,1:45.53,,KEN,"Sollentunavallen, Sollentuna (SWE)",Folksam Grand Prix Sollentuna,10 AUG 2025,2025,3.,C,Continental Tour,7218989,worldwide
men_800m,Andreas KRAMER,13 APR 1997,1:46.00,,SWE,"Sollentunavallen, Sollentuna (SWE)",Folksam Grand Prix Sollentuna,10 AUG 2025,2025,4.,C,Continental Tour,7218989,worldwide
men_800m,Tobias GRØNSTAD,06 JUL 2002,1:46.16,,NOR,"Sollentunavallen, Sollentuna (SWE)",Folksam Grand Prix Sollentuna,10 AUG 2025,2025,5.,C,Continental Tour,7218989,worldwide
men_800m,Laban Kipkorir CHEPKWONY,14 APR 1996,1:42.96,,KEN,"Nemzeti Atlétikai Központ, Budapest (HUN)",Gyulai István Memorial - Hungarian Athletics Grand Prix,12 AUG 2025,2025,1.,A,Continental Tour,7208615,worldwide
men_800m,Mark ENGLISH,18 MAR 1993,1:43.37,,IRL,"Nemzeti Atlétikai Központ, Budapest (HUN)",Gyulai István Memorial - Hungarian Athletics Grand Prix,12 AUG 2025,2025,2.,A,Continental Tour,7208615,worldwide
men_800m,Yanis MEZIANE,26 JAN 2002,1:43.71,,FRA,"Nemzeti Atlétikai Központ, Budapest (HUN)",Gyulai István Memorial - Hungarian Athletics Grand Prix,12 AUG 2025,2025,3.,A,Continental Tour,7208615,worldwide
men_800m,Mariano GARCÍA,25 SEP 1997,1:43.84,,ESP,"Nemzeti Atlétikai Központ, Budapest (HUN)",Gyulai István Memorial - Hungarian Athletics Grand Prix,12 AUG 2025,2025,4.,A,Continental Tour,7208615,worldwide
men_800m,Samuel CHAPPLE,23 NOV 1998,1:43.96,,NED,"Nemzeti Atlétikai Központ, Budapest (HUN)",Gyulai István Memorial - Hungarian Athletics Grand Prix,12 AUG 2025,2025,5.,A,Continental Tour,7208615,worldwide
men_800m,Andreas KRAMER,13 APR 1997,1:44.10,,SWE,"Nemzeti Atlétikai Központ, Budapest (HUN)",Gyulai István Memorial - Hungarian Athletics Grand Prix,12 AUG 2025,2025,6.,A,Continental Tour,7208615,worldwide
men_800m,Ben PATTISON,15 DEC 2001,1:44.14,,GBR,"Nemzeti Atlétikai Központ, Budapest (HUN)",Gyulai István Memorial - Hungarian Athletics Grand Prix,12 AUG 2025,2025,7.,A,Continental Tour,7208615,worldwide
men_800m,Patryk SIERADZKI,06 OCT 1998,1:44.16,,POL,"Nemzeti Atlétikai Központ, Budapest (HUN)",Gyulai István Memorial - Hungarian Athletics Grand Prix,12 AUG 2025,2025,8.,A,Continental Tour,7208615,worldwide
men_800m,Peyton CRAIG,28 MAR 2005,1:44.24,,AUS,"Nemzeti Atlétikai Központ, Budapest (HUN)",Gyulai István Memorial - Hungarian Athletics Grand Prix,12 AUG 2025,2025,9.,A,Continental Tour,7208615,worldwide
men_800m,Pieter SISK,08 DEC 1999,1:44.85,,BEL,"Nemzeti Atlétikai Központ, Budapest (HUN)",Gyulai István Memorial - Hungarian Athletics Grand Prix,12 AUG 2025,2025,10.,A,Continental Tour,7208615,worldwide
men_800m,Gabriel TUAL,09 APR 1998,1:45.10,,FRA,"Nemzeti Atlétikai Központ, Budapest (HUN)",Gyulai István Memorial - Hungarian Athletics Grand Prix,12 AUG 2025,2025,11.,A,Continental Tour,7208615,worldwide
men_800m,Dániel HULLER,10 MAY 2001,1:46.69,,HUN,"Nemzeti Atlétikai Központ, Budapest (HUN)",Gyulai István Memorial - Hungarian Athletics Grand Prix,12 AUG 2025,2025,12.,A,Continental Tour,7208615,worldwide
men_800m,Ibrahim Abass M CHUOT,05 JUL 2004,1:44.90,,QAT,"Stadion am Göldner, Sondershausen (GER)",Internationales Nordthüringer Leichtathletikmeeting,15 AUG 2025,2025,1.,D,Continental Tour,7219003,worldwide
men_800m,Mehmet ÇELIK,01 DEC 2001,1:46.48,,TUR,"Stadion am Göldner, Sondershausen (GER)",Internationales Nordthüringer Leichtathletikmeeting,15 AUG 2025,2025,4.,D,Continental Tour,7219003,worldwide
men_800m,Sigurd TVEIT,16 MAR 2000,1:46.87,,NOR,"Stadion am Göldner, Sondershausen (GER)",Internationales Nordthüringer Leichtathletikmeeting,15 AUG 2025,2025,5.,D,Continental Tour,7219003,worldwide
men_800m,Guy LEARMONTH,20 APR 1992,1:46.97,,GBR,"Stadion am Göldner, Sondershausen (GER)",Internationales Nordthüringer Leichtathletikmeeting,15 AUG 2025,2025,7.,D,Continental Tour,7219003,worldwide
men_800m,Handal ROBAN,05 SEP 2002,1:42.87,,VIN,"Grand Bahama Sports Complex, Freeport (BAH)",NACAC Championships,16 AUG 2025,2025,1.,GL,Area Champs,7228704,worldwide
men_800m,Brandon MILLER,30 JAN 2002,1:43.15,,USA,"Grand Bahama Sports Complex, Freeport (BAH)",NACAC Championships,16 AUG 2025,2025,2.,GL,Area Champs,7228704,worldwide
men_800m,Tyrice TAYLOR,31 OCT 2001,1:43.74,,JAM,"Grand Bahama Sports Complex, Freeport (BAH)",NACAC Championships,16 AUG 2025,2025,3.,GL,Area Champs,7228704,worldwide
men_800m,Navasky ANDERSON,21 JAN 2000,1:44.18,,JAM,"Grand Bahama Sports Complex, Freeport (BAH)",NACAC Championships,16 AUG 2025,2025,4.,GL,Area Champs,7228704,worldwide
men_800m,Abdullahi HASSAN,28 JUL 2002,1:44.25,,CAN,"Grand Bahama Sports Complex, Freeport (BAH)",NACAC Championships,16 AUG 2025,2025,5.,GL,Area Champs,7228704,worldwide
men_800m,Matthew ERICKSON,11 MAR 2003,1:46.80,,CAN,"Grand Bahama Sports Complex, Freeport (BAH)",NACAC Championships,16 AUG 2025,2025,6.,GL,Area Champs,7228704,worldwide
men_800m,John RIVERA,02 DEC 1998,1:47.11,,PUR,"Grand Bahama Sports Complex, Freeport (BAH)",NACAC Championships,16 AUG 2025,2025,7.,GL,Area Champs,7228704,worldwide
men_800m,Tom DRADRIGA,17 JUN 1996,1:45.18,,UGA,"AtletiekArena Gaston Roelants Kessel-Lo / Hal 5, Leuven (BEL)",Meeting voor Mon,16 AUG 2025,2025,1.,D,Continental Tour,7219097,worldwide
men_800m,Abdessalem AYOUNI,16 MAY 1994,1:45.74,,TUN,"AtletiekArena Gaston Roelants Kessel-Lo / Hal 5, Leuven (BEL)",Meeting voor Mon,16 AUG 2025,2025,2.,D,Continental Tour,7219097,worldwide
men_800m,Abubaker Haydar ABDALLA,28 AUG 1996,1:45.78,,QAT,"AtletiekArena Gaston Roelants Kessel-Lo / Hal 5, Leuven (BEL)",Meeting voor Mon,16 AUG 2025,2025,3.,D,Continental Tour,7219097,worldwide
men_800m,Louey OUERRAT,04 NOV 2004,1:45.82,,FRA,"AtletiekArena Gaston Roelants Kessel-Lo / Hal 5, Leuven (BEL)",Meeting voor Mon,16 AUG 2025,2025,4.,D,Continental Tour,7219097,worldwide
men_800m,Isaiah HARRIS,18 OCT 1996,1:46.02,,USA,"AtletiekArena Gaston Roelants Kessel-Lo / Hal 5, Leuven (BEL)",Meeting voor Mon,16 AUG 2025,2025,5.,D,Continental Tour,7219097,worldwide
men_800m,Justin O'TOOLE,27 DEC 2001,1:46.04,,CAN,"AtletiekArena Gaston Roelants Kessel-Lo / Hal 5, Leuven (BEL)",Meeting voor Mon,16 AUG 2025,2025,6.,D,Continental Tour,7219097,worldwide
men_800m,Tibo DE SMET,28 MAY 1999,1:46.06,,BEL,"AtletiekArena Gaston Roelants Kessel-Lo / Hal 5, Leuven (BEL)",Meeting voor Mon,16 AUG 2025,2025,7.,D,Continental Tour,7219097,worldwide
men_800m,Brannon KIDDER,18 NOV 1993,1:46.61,,USA,"AtletiekArena Gaston Roelants Kessel-Lo / Hal 5, Leuven (BEL)",Meeting voor Mon,16 AUG 2025,2025,8.,D,Continental Tour,7219097,worldwide
men_800m,Eric NZIKWINKUNDA,01 JAN 1997,1:46.93,,BDI,"AtletiekArena Gaston Roelants Kessel-Lo / Hal 5, Leuven (BEL)",Meeting voor Mon,16 AUG 2025,2025,9.,D,Continental Tour,7219097,worldwide
men_800m,Ebrahim Remaid ALZOFAIRI,08 MAY 1989,DNF,,KUW,"AtletiekArena Gaston Roelants Kessel-Lo / Hal 5, Leuven (BEL)",Meeting voor Mon,16 AUG 2025,2025,,D,Continental Tour,7219097,worldwide
men_800m,Eliott CRESTAN,22 FEB 1999,1:44.57,,BEL,"Stadion Wankdorf, Bern (SUI)",CITIUS Meeting,16 AUG 2025,2025,1.,C,Continental Tour,7219091,worldwide
men_800m,Samuel CHAPPLE,23 NOV 1998,1:44.81,,NED,"Stadion Wankdorf, Bern (SUI)",CITIUS Meeting,16 AUG 2025,2025,2.,C,Continental Tour,7219091,worldwide
men_800m,Corentin LE CLEZIO,24 SEP 1999,1:44.93,,FRA,"Stadion Wankdorf, Bern (SUI)",CITIUS Meeting,16 AUG 2025,2025,3.,C,Continental Tour,7219091,worldwide
men_800m,Abdelati EL GUESSE,27 FEB 1993,1:44.97,,MAR,"Stadion Wankdorf, Bern (SUI)",CITIUS Meeting,16 AUG 2025,2025,4.,C,Continental Tour,7219091,worldwide
men_800m,Henry JONAS,08 JUN 2005,1:44.99,,GBR,"Stadion Wankdorf, Bern (SUI)",CITIUS Meeting,16 AUG 2025,2025,5.,C,Continental Tour,7219091,worldwide
men_800m,Ramon WIPFLI,30 JUN 2004,1:45.84,,SUI,"Stadion Wankdorf, Bern (SUI)",CITIUS Meeting,16 AUG 2025,2025,7.,C,Continental Tour,7219091,worldwide
men_800m,Tony VAN DIEPEN,17 APR 1996,DNF,,NED,"Stadion Wankdorf, Bern (SUI)",CITIUS Meeting,16 AUG 2025,2025,,C,Continental Tour,7219091,worldwide
men_800m,Peyton CRAIG,28 MAR 2005,DQ,,AUS,"Stadion Wankdorf, Bern (SUI)",CITIUS Meeting,16 AUG 2025,2025,,C,Continental Tour,7219091,worldwide
men_800m,Maciej WYDERKA,29 JUL 2002,1:47.57,,POL,"Zdzisław Krzyszkowiak Stadium, Bydgoszcz (POL)",Polish Championships,23 AUG 2025,2025,1.,B,National Championships,7227065,worldwide
men_800m,Patryk SIERADZKI,06 OCT 1998,1:47.70,,POL,"Zdzisław Krzyszkowiak Stadium, Bydgoszcz (POL)",Polish Championships,23 AUG 2025,2025,2.,B,National Championships,7227065,worldwide
men_800m,Filip OSTROWSKI,12 JUL 2001,1:48.04,,POL,"Zdzisław Krzyszkowiak Stadium, Bydgoszcz (POL)",Polish Championships,23 AUG 2025,2025,3.,B,National Championships,7227065,worldwide
men_800m,Mateusz BORKOWSKI,02 APR 1997,1:48.20,,POL,"Zdzisław Krzyszkowiak Stadium, Bydgoszcz (POL)",Polish Championships,23 AUG 2025,2025,4.,B,National Championships,7227065,worldwide
men_800m,Kacper LEWALSKI,07 MAY 2003,1:49.64,,POL,"Zdzisław Krzyszkowiak Stadium, Bydgoszcz (POL)",Polish Championships,23 AUG 2025,2025,6.,B,National Championships,7227065,worldwide
men_800m,Jakub DUDYCHA,05 SEP 2005,1:47.64,,CZE,"Atletický stadion Střelnice, Jablonec nad Nisou (CZE)",Czech Championships,24 AUG 2025,2025,1.,B,National Championships,7226301,worldwide
men_800m,Jakub DAVIDÍK,20 JAN 2002,1:48.06,,CZE,"Atletický stadion Střelnice, Jablonec nad Nisou (CZE)",Czech Championships,24 AUG 2025,2025,2.,B,National Championships,7226301,worldwide
men_800m,Jan TESAŘ,26 MAR 1990,DNF,,CZE,"Atletický stadion Střelnice, Jablonec nad Nisou (CZE)",Czech Championships,24 AUG 2025,2025,,B,National Championships,7226301,worldwide
men_800m,Andreas KRAMER,13 APR 1997,1:48.10,,SWE,"Olympiastadion, Stockholm (SWE)",Finnkampen,23 AUG 2025,2025,1.,D,Traditional International,7218010,worldwide
men_800m,Joonas RINNE,20 MAY 1995,1:49.25,,FIN,"Olympiastadion, Stockholm (SWE)",Finnkampen,23 AUG 2025,2025,2.,D,Traditional International,7218010,worldwide
men_800m,Ramon WIPFLI,30 JUN 2004,1:46.21,,SUI,"Kleine Allmend, Frauenfeld (SUI)",Swiss Championships,24 AUG 2025,2025,1.,B,National Championships,7228325,worldwide
men_800m,Ivan PELIZZA,17 DEC 2000,1:46.54,,SUI,"Kleine Allmend, Frauenfeld (SUI)",Swiss Championships,24 AUG 2025,2025,2.,B,National Championships,7228325,worldwide
men_800m,Leandro ALVES,04 AUG 1998,1:53.52,,BRA,"CNDA, Bragança Paulista (BRA)",Atletismo Brasil Challenger,24 AUG 2025,2025,7.,D,Continental Tour,7230563,worldwide
men_800m,Mark ENGLISH,18 MAR 1993,1:44.67,,IRL,"National Stadium, Beijing (CHN)",World Athletics Continental Tour - Beijing,07 SEP 2025,2025,1.,A,Continental Tour,7217161,worldwide
men_800m,Pablo SÁNCHEZ-VALLADARES,12 NOV 1997,1:44.79,,ESP,"National Stadium, Beijing (CHN)",World Athletics Continental Tour - Beijing,07 SEP 2025,2025,2.,A,Continental Tour,7217161,worldwide
men_800m,Wyclife KINYAMAL,02 JUL 1997,1:44.86,,KEN,"National Stadium, Beijing (CHN)",World Athletics Continental Tour - Beijing,07 SEP 2025,2025,3.,A,Continental Tour,7217161,worldwide
men_800m,Pieter SISK,08 DEC 1999,1:45.20,,BEL,"National Stadium, Beijing (CHN)",World Athletics Continental Tour - Beijing,07 SEP 2025,2025,4.,A,Continental Tour,7217161,worldwide
men_800m,Ethan HUSSEY,05 MAR 2003,1:46.36,,GBR,"National Stadium, Beijing (CHN)",World Athletics Continental Tour - Beijing,07 SEP 2025,2025,7.,A,Continental Tour,7217161,worldwide
men_800m,Chamar CHAMBERS,31 OCT 1997,1:48.41,,PAN,"Complejo Deportivo de Quetzaltenango, Quetzaltenango (GUA)",XII Juegos Deportivos Centroamericanos,20 OCT 2025,2025,1.,D,Area Regional Champs,7227392,worldwide
men_800m,Joshua ATKINSON,25 MAY 2003,1:49.24,,THA,"Supachalasai National Stadium, Bangkok (THA)",Southeast Asian Games,15 DEC 2025,2025,2.,D,Area Regional Champs,7218189,worldwide
men_800m,James PRESTON,08 MAY 1997,1:45.89,,NZL,"Hawke's Bay Sports Park, Hastings (NZL)",Potts Classic,20 JAN 2024,2024,1.,D,Continental Tour,7203747,worldwide
men_800m,Samuel TANNER,24 AUG 2000,DNF,,NZL,"Hawke's Bay Sports Park, Hastings (NZL)",Potts Classic,20 JAN 2024,2024,,D,Continental Tour,7203747,worldwide
men_800m,Peyton CRAIG,28 MAR 2005,1:45.41,,AUS,"SA Athletic Stadium, Adelaide (AUS)",Adelaide Invitational,10 FEB 2024,2024,1.,C,Continental Tour,7203750,worldwide
men_800m,James PRESTON,08 MAY 1997,1:45.50,,NZL,"SA Athletic Stadium, Adelaide (AUS)",Adelaide Invitational,10 FEB 2024,2024,2.,C,Continental Tour,7203750,worldwide
men_800m,Jack LUNN,16 OCT 2001,1:46.61,,AUS,"SA Athletic Stadium, Adelaide (AUS)",Adelaide Invitational,10 FEB 2024,2024,3.,C,Continental Tour,7203750,worldwide
men_800m,Luke BOYES,05 NOV 2003,1:46.66,,AUS,"SA Athletic Stadium, Adelaide (AUS)",Adelaide Invitational,10 FEB 2024,2024,4.,C,Continental Tour,7203750,worldwide
men_800m,Dylan STENSON,30 SEP 1988,1:48.06,,AUS,"SA Athletic Stadium, Adelaide (AUS)",Adelaide Invitational,10 FEB 2024,2024,6.,C,Continental Tour,7203750,worldwide
men_800m,Joseph DENG,07 JUL 1998,1:49.46,,AUS,"SA Athletic Stadium, Adelaide (AUS)",Adelaide Invitational,10 FEB 2024,2024,8.,C,Continental Tour,7203750,worldwide
men_800m,James PRESTON,08 MAY 1997,1:46.02,,NZL,"Lakeside Stadium, Melbourne (AUS)",Melbourne Invitational,15 FEB 2024,2024,1.,C,Continental Tour,7207283,worldwide
men_800m,Luke BOYES,05 NOV 2003,1:46.43,,AUS,"Lakeside Stadium, Melbourne (AUS)",Melbourne Invitational,15 FEB 2024,2024,2.,C,Continental Tour,7207283,worldwide
men_800m,Jack LUNN,16 OCT 2001,1:46.50,,AUS,"Lakeside Stadium, Melbourne (AUS)",Melbourne Invitational,15 FEB 2024,2024,3.,C,Continental Tour,7207283,worldwide
men_800m,Samuel TANNER,24 AUG 2000,1:46.14,,NZL,"Nga Puna Wai Sports Hub, Christchurch (NZL)",International Track Meet,24 FEB 2024,2024,1.,C,Continental Tour,7203751,worldwide
men_800m,Luke BOYES,05 NOV 2003,1:46.74,,AUS,"Nga Puna Wai Sports Hub, Christchurch (NZL)",International Track Meet,24 FEB 2024,2024,2.,C,Continental Tour,7203751,worldwide
men_800m,Peyton CRAIG,28 MAR 2005,1:45.91,,AUS,"AIS Athletics Track, Canberra (AUS)",Canberra Track Classic,02 MAR 2024,2024,1.,D,Continental Tour,7204504,worldwide
men_800m,Luke BOYES,05 NOV 2003,1:46.15,,AUS,"AIS Athletics Track, Canberra (AUS)",Canberra Track Classic,02 MAR 2024,2024,2.,D,Continental Tour,7204504,worldwide
men_800m,Jack LUNN,16 OCT 2001,1:46.54,,AUS,"AIS Athletics Track, Canberra (AUS)",Canberra Track Classic,02 MAR 2024,2024,3.,D,Continental Tour,7204504,worldwide
men_800m,Charlie HUNTER,20 JUL 1996,1:48.96,,AUS,"AIS Athletics Track, Canberra (AUS)",Canberra Track Classic,02 MAR 2024,2024,6.,D,Continental Tour,7204504,worldwide
men_800m,Paul ROBINSON,24 MAY 1991,1:51.01,,IRL,"AIS Athletics Track, Canberra (AUS)",Canberra Track Classic,02 MAR 2024,2024,7.,D,Continental Tour,7204504,worldwide
men_800m,Kethobogile HAINGURA,14 DEC 1998,1:45.14,,BOT,"McArthur Stadium, Potchefstroom (RSA)",ASA Athletics Grand Prix 1,14 MAR 2024,2024,1.,D,Continental Tour,7205134,worldwide
men_800m,Oussama CHERRAD,06 MAR 2000,1:45.47,,ALG,"McArthur Stadium, Potchefstroom (RSA)",ASA Athletics Grand Prix 1,14 MAR 2024,2024,2.,D,Continental Tour,7205134,worldwide
men_800m,Yassine HETHAT,30 AUG 1991,1:46.55,,ALG,"McArthur Stadium, Potchefstroom (RSA)",ASA Athletics Grand Prix 1,14 MAR 2024,2024,3.,D,Continental Tour,7205134,worldwide
men_800m,Kabelo Simon MOHLOSI,20 JAN 1993,1:48.81,,RSA,"McArthur Stadium, Potchefstroom (RSA)",ASA Athletics Grand Prix 1,14 MAR 2024,2024,7.,D,Continental Tour,7205134,worldwide
men_800m,James PRESTON,08 MAY 1997,1:44.87,,NZL,"Newtown Park Stadium, Wellington (NZL)",New Zealand Championships,15 MAR 2024,2024,1.,B,National Championships,7208350,worldwide
men_800m,Samuel TANNER,24 AUG 2000,1:47.70,,NZL,"Newtown Park Stadium, Wellington (NZL)",New Zealand Championships,15 MAR 2024,2024,2.,B,National Championships,7208350,worldwide
men_800m,Kethobogile HAINGURA,14 DEC 1998,1:43.94,,BOT,"Bestmed Tuks Stadium, Pretoria (RSA)",ASA Athletics Grand Prix 2,18 MAR 2024,2024,1.,D,Continental Tour,7205503,worldwide
men_800m,Edmund DU PLESSIS,05 APR 2002,1:45.49,,RSA,"Bestmed Tuks Stadium, Pretoria (RSA)",ASA Athletics Grand Prix 2,18 MAR 2024,2024,2.,D,Continental Tour,7205503,worldwide
men_800m,Kabelo Simon MOHLOSI,20 JAN 1993,1:52.95,,RSA,"Bestmed Tuks Stadium, Pretoria (RSA)",ASA Athletics Grand Prix 2,18 MAR 2024,2024,9.,D,Continental Tour,7205503,worldwide
men_800m,Luke BOYES,05 NOV 2003,1:45.86,,AUS,"ES Marks Athletics Field, Sydney (AUS)",Sydney Track Classic,23 MAR 2024,2024,1.,D,Continental Tour,7204505,worldwide
men_800m,Peyton CRAIG,28 MAR 2005,1:45.87,,AUS,"ES Marks Athletics Field, Sydney (AUS)",Sydney Track Classic,23 MAR 2024,2024,2.,D,Continental Tour,7204505,worldwide
men_800m,Jack LUNN,16 OCT 2001,1:46.63,,AUS,"ES Marks Athletics Field, Sydney (AUS)",Sydney Track Classic,23 MAR 2024,2024,3.,D,Continental Tour,7204505,worldwide
men_800m,Mason COHEN,19 SEP 1996,1:47.04,,AUS,"ES Marks Athletics Field, Sydney (AUS)",Sydney Track Classic,23 MAR 2024,2024,5.,D,Continental Tour,7204505,worldwide
men_800m,Jye PERROTT,06 AUG 1998,1:47.98,,AUS,"ES Marks Athletics Field, Sydney (AUS)",Sydney Track Classic,23 MAR 2024,2024,7.,D,Continental Tour,7204505,worldwide
men_800m,Alex BOTTERILL,18 JAN 2000,1:46.13,,GBR,"UJ Stadium, Johannesburg (RSA)",ASA Athletics Grand Prix 3 / Continental Tour Challenger,27 MAR 2024,2024,1.,D,Continental Tour,7205502,worldwide
men_800m,Edmund DU PLESSIS,05 APR 2002,1:46.37,,RSA,"UJ Stadium, Johannesburg (RSA)",ASA Athletics Grand Prix 3 / Continental Tour Challenger,27 MAR 2024,2024,2.,D,Continental Tour,7205502,worldwide
men_800m,Abubaker Haydar ABDALLA,28 AUG 1996,1:46.78,,QAT,"UJ Stadium, Johannesburg (RSA)",ASA Athletics Grand Prix 3 / Continental Tour Challenger,27 MAR 2024,2024,4.,D,Continental Tour,7205502,worldwide
men_800m,Luke BOYES,05 NOV 2003,1:45.45,,AUS,"The Crest Athletics Centre, Bankstown, Sydney (AUS)",Albie Thomas Mile,28 MAR 2024,2024,1.,D,Continental Tour,7204444,worldwide
men_800m,Peter BOL,22 FEB 1994,1:46.70,,AUS,"The Crest Athletics Centre, Bankstown, Sydney (AUS)",Albie Thomas Mile,28 MAR 2024,2024,2.,D,Continental Tour,7204444,worldwide
men_800m,Cameron MYERS,09 JUN 2006,1:48.19,,AUS,"The Crest Athletics Centre, Bankstown, Sydney (AUS)",Albie Thomas Mile,28 MAR 2024,2024,3.,D,Continental Tour,7204444,worldwide
men_800m,Jye PERROTT,06 AUG 1998,1:53.34,,AUS,"The Crest Athletics Centre, Bankstown, Sydney (AUS)",Albie Thomas Mile,28 MAR 2024,2024,6.,D,Continental Tour,7204444,worldwide
men_800m,Jose MAITA,17 APR 1998,1:47.08,,VEN,"Cef N°3 Hugo Mario La Nasa, Concepción del Uruguay (ARG)",Challenguer Hugo La Nasa,07 APR 2024,2024,1.,D,Continental Tour,7209736,worldwide
men_800m,Guilherme KURTZ,27 AUG 1994,1:48.38,,BRA,"Cef N°3 Hugo Mario La Nasa, Concepción del Uruguay (ARG)",Challenguer Hugo La Nasa,07 APR 2024,2024,3.,D,Continental Tour,7209736,worldwide
men_800m,Thiago ANDRÉ,04 AUG 1995,1:48.81,,BRA,"Cef N°3 Hugo Mario La Nasa, Concepción del Uruguay (ARG)",Challenguer Hugo La Nasa,07 APR 2024,2024,4.,D,Continental Tour,7209736,worldwide
men_800m,Kelvis PADRINO,26 FEB 1997,1:56.78,,VEN,"Cef N°3 Hugo Mario La Nasa, Concepción del Uruguay (ARG)",Challenguer Hugo La Nasa,07 APR 2024,2024,10.,D,Continental Tour,7209736,worldwide
men_800m,Luke BOYES,05 NOV 2003,1:44.73,,AUS,"SA Athletic Stadium, Adelaide (AUS)",Australian Championships,14 APR 2024,2024,1.,B,National Championships,7202429,worldwide
men_800m,Peter BOL,22 FEB 1994,1:45.06,,AUS,"SA Athletic Stadium, Adelaide (AUS)",Australian Championships,14 APR 2024,2024,2.,B,National Championships,7202429,worldwide
men_800m,Peyton CRAIG,28 MAR 2005,1:45.76,,AUS,"SA Athletic Stadium, Adelaide (AUS)",Australian Championships,14 APR 2024,2024,3.,B,National Championships,7202429,worldwide
men_800m,Jack LUNN,16 OCT 2001,1:46.92,,AUS,"SA Athletic Stadium, Adelaide (AUS)",Australian Championships,14 APR 2024,2024,4.,B,National Championships,7202429,worldwide
men_800m,Mason COHEN,19 SEP 1996,1:47.58,,AUS,"SA Athletic Stadium, Adelaide (AUS)",Australian Championships,14 APR 2024,2024,6.,B,National Championships,7202429,worldwide
men_800m,Dylan STENSON,30 SEP 1988,1:48.34,,AUS,"SA Athletic Stadium, Adelaide (AUS)",Australian Championships,14 APR 2024,2024,7.,B,National Championships,7202429,worldwide
men_800m,Brad MATHAS,24 JUN 1993,1:57.69,,NZL,"SA Athletic Stadium, Adelaide (AUS)",Australian Championships,14 APR 2024,2024,OC,B,National Championships,7202429,worldwide
men_800m,Edmund DU PLESSIS,05 APR 2002,1:44.92,,RSA,"Msunduzi Athletics Stadium, Pietermaritzburg (RSA)",South African Championships,20 APR 2024,2024,1.,B,National Championships,7207314,worldwide
men_800m,Kabelo Simon MOHLOSI,20 JAN 1993,1:45.89,,RSA,"Msunduzi Athletics Stadium, Pietermaritzburg (RSA)",South African Championships,20 APR 2024,2024,2.,B,National Championships,7207314,worldwide
men_800m,Hiroki MINAMOTO,24 NOV 1999,1:48.52,,JPN,"Universiade Commemorative Stadium, Kobe (JPN)",72nd Hyogo Relay Carnival,21 APR 2024,2024,1.,D,Continental Tour,7208576,worldwide
men_800m,Emmanuel WANYONYI,01 AUG 2004,1:43.57,,KEN,"Nyayo National Stadium, Nairobi (KEN)",Kip Keino Classic,20 APR 2024,2024,1.,A,Continental Tour,7201053,worldwide
men_800m,Aaron Kemei CHEMININGWA,21 JUN 1998,1:44.10,,KEN,"Nyayo National Stadium, Nairobi (KEN)",Kip Keino Classic,20 APR 2024,2024,2.,A,Continental Tour,7201053,worldwide
men_800m,Ferguson Cheruiyot ROTICH,30 NOV 1989,1:44.90,,KEN,"Nyayo National Stadium, Nairobi (KEN)",Kip Keino Classic,20 APR 2024,2024,3.,A,Continental Tour,7201053,worldwide
men_800m,Nicholas KIPLAGAT,07 JUN 1995,1:45.40,,KEN,"Nyayo National Stadium, Nairobi (KEN)",Kip Keino Classic,20 APR 2024,2024,4.,A,Continental Tour,7201053,worldwide
men_800m,Abel KIPSANG,22 NOV 1996,1:45.57,,KEN,"Nyayo National Stadium, Nairobi (KEN)",Kip Keino Classic,20 APR 2024,2024,5.,A,Continental Tour,7201053,worldwide
men_800m,Tumo NKAPE,24 JUN 1998,1:45.95,,BOT,"Nyayo National Stadium, Nairobi (KEN)",Kip Keino Classic,20 APR 2024,2024,6.,A,Continental Tour,7201053,worldwide
men_800m,Timothy CHERUIYOT,20 NOV 1995,1:46.56,,KEN,"Nyayo National Stadium, Nairobi (KEN)",Kip Keino Classic,20 APR 2024,2024,7.,A,Continental Tour,7201053,worldwide
men_800m,Collins KIPRUTO,12 APR 1994,1:47.03,,KEN,"Nyayo National Stadium, Nairobi (KEN)",Kip Keino Classic,20 APR 2024,2024,8.,A,Continental Tour,7201053,worldwide
men_800m,Tom DRADRIGA,17 JUN 1996,1:47.96,,UGA,"Nyayo National Stadium, Nairobi (KEN)",Kip Keino Classic,20 APR 2024,2024,9.,A,Continental Tour,7201053,worldwide
men_800m,Festus LAGAT,10 OCT 1996,1:46.76,,KEN,"Franklin Field, Philadelphia, PA (USA)",The Penn Relay Carnival,27 APR 2024,2024,1.,B,Continental Tour,7207281,worldwide
men_800m,Mario GARCÍA,29 JUN 1999,1:47.18,,ESP,"Franklin Field, Philadelphia, PA (USA)",The Penn Relay Carnival,27 APR 2024,2024,2.,B,Continental Tour,7207281,worldwide
men_800m,Navasky ANDERSON,21 JAN 2000,1:47.58,,JAM,"Franklin Field, Philadelphia, PA (USA)",The Penn Relay Carnival,27 APR 2024,2024,3.,B,Continental Tour,7207281,worldwide
men_800m,Kyle LANGFORD,02 FEB 1996,1:47.81,,GBR,"Franklin Field, Philadelphia, PA (USA)",The Penn Relay Carnival,27 APR 2024,2024,4.,B,Continental Tour,7207281,worldwide
men_800m,Sho KAWAMOTO,01 MAR 1993,1:51.60,,JPN,"Franklin Field, Philadelphia, PA (USA)",The Penn Relay Carnival,27 APR 2024,2024,7.,B,Continental Tour,7207281,worldwide
men_800m,Robert DOWNS,17 AUG 1994,DNF,,USA,"Franklin Field, Philadelphia, PA (USA)",The Penn Relay Carnival,27 APR 2024,2024,,B,Continental Tour,7207281,worldwide
men_800m,Kethobogile HAINGURA,14 DEC 1998,1:47.68,,BOT,"University of the Western Cape, Cape Town (RSA)",Cape Milers Club/Endurocad WA Challenger Series,26 APR 2024,2024,1.,D,Continental Tour,7205599,worldwide
men_800m,Samuel CHAPPLE,23 NOV 1998,1:47.95,,NED,"University of the Western Cape, Cape Town (RSA)",Cape Milers Club/Endurocad WA Challenger Series,26 APR 2024,2024,2.,D,Continental Tour,7205599,worldwide
men_800m,Tumo NKAPE,24 JUN 1998,1:48.43,,BOT,"University of the Western Cape, Cape Town (RSA)",Cape Milers Club/Endurocad WA Challenger Series,26 APR 2024,2024,4.,D,Continental Tour,7205599,worldwide
men_800m,Rabi Mohamoud MUBARAK,22 MAR 2000,2:03.55,,QAT,"Suhaim bin Hamad Stadium, Doha (QAT)",Qatari Championships - Emir Cup,28 APR 2024,2024,6.,B,National Championships,7205718,worldwide
men_800m,Abedin MUJEZINOVIĆ,02 JUN 1993,1:49.52,,BIH,"Dubai Police Club Stadium, Dubai (UAE)",UAE Athletics Grand Prix,03 MAY 2024,2024,8.,C,Continental Tour,7205250,worldwide
men_800m,Catalin TECUCEANU,09 SEP 1999,1:44.85,,ITA,"Stade Raymond Troussier, Decines (FRA)",Meeting National Est Lyonnais,04 MAY 2024,2024,1.,D,Continental Tour,7205993,worldwide
men_800m,Corentin LE CLEZIO,24 SEP 1999,1:45.24,,FRA,"Stade Raymond Troussier, Decines (FRA)",Meeting National Est Lyonnais,04 MAY 2024,2024,2.,D,Continental Tour,7205993,worldwide
men_800m,Elliot GILES,26 MAY 1994,1:45.24,,GBR,"Stade Raymond Troussier, Decines (FRA)",Meeting National Est Lyonnais,04 MAY 2024,2024,3.,D,Continental Tour,7205993,worldwide
men_800m,Paul ANSELMINI,02 AUG 2003,1:45.44,,FRA,"Stade Raymond Troussier, Decines (FRA)",Meeting National Est Lyonnais,04 MAY 2024,2024,4.,D,Continental Tour,7205993,worldwide
men_800m,Oussama CHERRAD,06 MAR 2000,1:45.45,,ALG,"Stade Raymond Troussier, Decines (FRA)",Meeting National Est Lyonnais,04 MAY 2024,2024,5.,D,Continental Tour,7205993,worldwide
men_800m,Hugo HOUYEZ,16 DEC 1995,1:46.13,,FRA,"Stade Raymond Troussier, Decines (FRA)",Meeting National Est Lyonnais,04 MAY 2024,2024,6.,D,Continental Tour,7205993,worldwide
men_800m,Archie DAVIS,16 OCT 1998,1:49.57,,GBR,"Stade Raymond Troussier, Decines (FRA)",Meeting National Est Lyonnais,04 MAY 2024,2024,8.,D,Continental Tour,7205993,worldwide
men_800m,Oussama NABIL,18 FEB 1996,DNF,,MAR,"Stade Raymond Troussier, Decines (FRA)",Meeting National Est Lyonnais,04 MAY 2024,2024,,D,Continental Tour,7205993,worldwide
men_800m,Abdulaziz Ladan MOHAMMED,07 JAN 1991,1:51.59,,KSA,"Prince Nayef Sports City, Qatif (KSA)",Saudi Arabian Championships,10 MAY 2024,2024,1.,B,National Championships,7208738,worldwide
men_800m,Heithem CHENITEF,30 JAN 2004,1:46.02,,ALG,"Pista atletismo Can Mises, Ibiza (ESP)",Meeting de Atletismo Toni Bonet,11 MAY 2024,2024,1.,D,Continental Tour,7210224,worldwide
men_800m,Jesus Tonatiu LÓPEZ,02 AUG 1997,1:44.71,,MEX,"Jack Kemp Stadium - Occidental College, Los Angeles, CA (USA)",Track Fest,11 MAY 2024,2024,1.,C,Continental Tour,7210748,worldwide
men_800m,Moad ZAHAFI,09 MAY 1998,1:44.93,,MAR,"Jack Kemp Stadium - Occidental College, Los Angeles, CA (USA)",Track Fest,11 MAY 2024,2024,2.,C,Continental Tour,7210748,worldwide
men_800m,Isaiah JEWETT,06 FEB 1997,1:45.28,,USA,"Jack Kemp Stadium - Occidental College, Los Angeles, CA (USA)",Track Fest,11 MAY 2024,2024,3.,C,Continental Tour,7210748,worldwide
men_800m,Navasky ANDERSON,21 JAN 2000,1:45.29,,JAM,"Jack Kemp Stadium - Occidental College, Los Angeles, CA (USA)",Track Fest,11 MAY 2024,2024,4.,C,Continental Tour,7210748,worldwide
men_800m,Alex BOTTERILL,18 JAN 2000,1:45.63,,GBR,"Jack Kemp Stadium - Occidental College, Los Angeles, CA (USA)",Track Fest,11 MAY 2024,2024,5.,C,Continental Tour,7210748,worldwide
men_800m,Alex AMANKWA,02 MAR 1992,1:45.82,,GHA,"Jack Kemp Stadium - Occidental College, Los Angeles, CA (USA)",Track Fest,11 MAY 2024,2024,6.,C,Continental Tour,7210748,worldwide
men_800m,Noah KIBET,12 APR 2004,1:46.35,,KEN,"Jack Kemp Stadium - Occidental College, Los Angeles, CA (USA)",Track Fest,11 MAY 2024,2024,7.,C,Continental Tour,7210748,worldwide
men_800m,Craig ENGELS,01 MAY 1994,1:47.05,,USA,"Jack Kemp Stadium - Occidental College, Los Angeles, CA (USA)",Track Fest,11 MAY 2024,2024,8.,C,Continental Tour,7210748,worldwide
men_800m,Javier MIRON,13 DEC 1999,1:48.23,,ESP,"Centro de Atletismo de Tenerife, Santa Cruz de Tenerife (ESP)",Canarias Athletics Invitational,15 MAY 2024,2024,1.,C,Continental Tour,7210006,worldwide
men_800m,Mostafa SMAILI,09 JAN 1997,1:49.83,,MAR,"Centro de Atletismo de Tenerife, Santa Cruz de Tenerife (ESP)",Canarias Athletics Invitational,15 MAY 2024,2024,2.,C,Continental Tour,7210006,worldwide
men_800m,Amel TUKA,09 JAN 1991,1:51.72,,BIH,"Centro de Atletismo de Tenerife, Santa Cruz de Tenerife (ESP)",Canarias Athletics Invitational,15 MAY 2024,2024,3.,C,Continental Tour,7210006,worldwide
men_800m,Jose MAITA,17 APR 1998,1:45.29,,VEN,"Pista de Atletismo da Universidade Federal do Mato Grosso, Cuiaba (BRA)",Grande Prémio Brasil de Atletismo,15 MAY 2024,2024,1.,D,Continental Tour,7211379,worldwide
men_800m,Leandro ALVES,04 AUG 1998,1:47.11,,BRA,"Pista de Atletismo da Universidade Federal do Mato Grosso, Cuiaba (BRA)",Grande Prémio Brasil de Atletismo,15 MAY 2024,2024,3.,D,Continental Tour,7211379,worldwide
men_800m,Eduardo RIBEIRO,09 JAN 2001,1:48.43,,BRA,"Pista de Atletismo da Universidade Federal do Mato Grosso, Cuiaba (BRA)",Grande Prémio Brasil de Atletismo,15 MAY 2024,2024,5.,D,Continental Tour,7211379,worldwide
men_800m,Guilherme KURTZ,27 AUG 1994,1:50.05,,BRA,"Pista de Atletismo da Universidade Federal do Mato Grosso, Cuiaba (BRA)",Grande Prémio Brasil de Atletismo,15 MAY 2024,2024,6.,D,Continental Tour,7211379,worldwide
men_800m,Álvaro DE ARRIBA,02 JUN 1994,1:45.36,,ESP,"Stade des Grands Pêchers, Montreuil (FRA)",Meeting International de Montreuil,16 MAY 2024,2024,1.,C,Continental Tour,7205335,worldwide
men_800m,Francesco PERNICI,18 FEB 2003,1:46.65,,ITA,"Stade des Grands Pêchers, Montreuil (FRA)",Meeting International de Montreuil,16 MAY 2024,2024,2.,C,Continental Tour,7205335,worldwide
men_800m,Corentin LE CLEZIO,24 SEP 1999,1:46.76,,FRA,"Stade des Grands Pêchers, Montreuil (FRA)",Meeting International de Montreuil,16 MAY 2024,2024,3.,C,Continental Tour,7205335,worldwide
men_800m,Anicet KOZAR,08 OCT 2001,1:46.92,,FRA,"Stade des Grands Pêchers, Montreuil (FRA)",Meeting International de Montreuil,16 MAY 2024,2024,4.,C,Continental Tour,7205335,worldwide
men_800m,Heithem CHENITEF,30 JAN 2004,1:47.06,,ALG,"Stade des Grands Pêchers, Montreuil (FRA)",Meeting International de Montreuil,16 MAY 2024,2024,5.,C,Continental Tour,7205335,worldwide
men_800m,Elias NGENY,04 MAY 1996,1:49.11,,KEN,"Stade des Grands Pêchers, Montreuil (FRA)",Meeting International de Montreuil,16 MAY 2024,2024,7.,C,Continental Tour,7205335,worldwide
men_800m,Tony VAN DIEPEN,17 APR 1996,1:52.10,,NED,"Stade des Grands Pêchers, Montreuil (FRA)",Meeting International de Montreuil,16 MAY 2024,2024,9.,C,Continental Tour,7205335,worldwide
men_800m,Ethan HUSSEY,05 MAR 2003,1:55.02,,GBR,"Stade des Grands Pêchers, Montreuil (FRA)",Meeting International de Montreuil,16 MAY 2024,2024,10.,C,Continental Tour,7205335,worldwide
men_800m,Ryan CLARKE,17 NOV 1997,1:45.74,,NED,"Polideportivo Municipal, Andújar (ESP)",Meeting Jaén Paraiso Interior 2024,17 MAY 2024,2024,1.,C,Continental Tour,7205350,worldwide
men_800m,Koitatoi KIDALI,12 FEB 2003,1:45.78,,KEN,"Polideportivo Municipal, Andújar (ESP)",Meeting Jaén Paraiso Interior 2024,17 MAY 2024,2024,2.,C,Continental Tour,7205350,worldwide
men_800m,Brad MATHAS,24 JUN 1993,1:45.93,,NZL,"Polideportivo Municipal, Andújar (ESP)",Meeting Jaén Paraiso Interior 2024,17 MAY 2024,2024,3.,C,Continental Tour,7205350,worldwide
men_800m,Mark ENGLISH,18 MAR 1993,1:46.29,,IRL,"Polideportivo Municipal, Andújar (ESP)",Meeting Jaén Paraiso Interior 2024,17 MAY 2024,2024,4.,C,Continental Tour,7205350,worldwide
men_800m,Hugo HOUYEZ,16 DEC 1995,1:46.61,,FRA,"Polideportivo Municipal, Andújar (ESP)",Meeting Jaén Paraiso Interior 2024,17 MAY 2024,2024,5.,C,Continental Tour,7205350,worldwide
men_800m,Filip ŠNEJDR,16 APR 1995,1:49.21,,CZE,"Polideportivo Municipal, Andújar (ESP)",Meeting Jaén Paraiso Interior 2024,17 MAY 2024,2024,7.,C,Continental Tour,7205350,worldwide
men_800m,Thomas RANDOLPH,07 FEB 1999,DNF,,GBR,"Polideportivo Municipal, Andújar (ESP)",Meeting Jaén Paraiso Interior 2024,17 MAY 2024,2024,,C,Continental Tour,7205350,worldwide
men_800m,Eric NZIKWINKUNDA,01 JAN 1997,DNF,,BDI,"Polideportivo Municipal, Andújar (ESP)",Meeting Jaén Paraiso Interior 2024,17 MAY 2024,2024,,C,Continental Tour,7205350,worldwide
men_800m,Matheus Americo MEDEIROS PESSOA,09 APR 1996,1:50.12,,BRA,"Estadio de Larrabide, Pamplona (ESP)",Memorial Jose Luis Hernandez,17 MAY 2024,2024,3.,D,Continental Tour,7205798,worldwide
men_800m,Hobbs KESSLER,15 MAR 2003,1:45.07,,USA,"Drake Stadium, Los Angeles, CA (USA)",USATF Los Angeles Grand Prix,17 MAY 2024,2024,1.,A,Continental Tour,7206591,worldwide
men_800m,Jesus Tonatiu LÓPEZ,02 AUG 1997,1:45.23,,MEX,"Drake Stadium, Los Angeles, CA (USA)",USATF Los Angeles Grand Prix,17 MAY 2024,2024,2.,A,Continental Tour,7206591,worldwide
men_800m,Festus LAGAT,10 OCT 1996,1:45.28,,KEN,"Drake Stadium, Los Angeles, CA (USA)",USATF Los Angeles Grand Prix,17 MAY 2024,2024,3.,A,Continental Tour,7206591,worldwide
men_800m,Reece SHARMAN-NEWELL,13 DEC 2002,1:45.50,,GBR,"Drake Stadium, Los Angeles, CA (USA)",USATF Los Angeles Grand Prix,17 MAY 2024,2024,4.,A,Continental Tour,7206591,worldwide
men_800m,Abraham ALVARADO,04 AUG 1995,1:45.62,,USA,"Drake Stadium, Los Angeles, CA (USA)",USATF Los Angeles Grand Prix,17 MAY 2024,2024,5.,A,Continental Tour,7206591,worldwide
men_800m,Josh HOEY,01 NOV 1999,1:45.65,,USA,"Drake Stadium, Los Angeles, CA (USA)",USATF Los Angeles Grand Prix,17 MAY 2024,2024,6.,A,Continental Tour,7206591,worldwide
men_800m,Ronaldo OLIVO,08 OCT 2004,1:46.47,,ESP,"Drake Stadium, Los Angeles, CA (USA)",USATF Los Angeles Grand Prix,17 MAY 2024,2024,8.,A,Continental Tour,7206591,worldwide
men_800m,Alex AMANKWA,02 MAR 1992,1:47.12,,GHA,"Drake Stadium, Los Angeles, CA (USA)",USATF Los Angeles Grand Prix,17 MAY 2024,2024,9.,A,Continental Tour,7206591,worldwide
men_800m,Navasky ANDERSON,21 JAN 2000,1:50.65,,JAM,"Drake Stadium, Los Angeles, CA (USA)",USATF Los Angeles Grand Prix,17 MAY 2024,2024,10.,A,Continental Tour,7206591,worldwide
men_800m,Tumo NKAPE,24 JUN 1998,1:45.25,,BOT,"National Stadium, Gaborone (BOT)",Botswana Championships,18 MAY 2024,2024,1.,B,National Championships,7207133,worldwide
men_800m,Pieter SISK,08 DEC 1999,1:45.63,,BEL,"Atletiekbaan Brakkenstein, Nijmegen (NED)",Next Generation Athletics,18 MAY 2024,2024,2.,D,Continental Tour,7206533,worldwide
men_800m,Ebrahim Remaid ALZOFAIRI,08 MAY 1989,1:45.81,,KUW,"Atletiekbaan Brakkenstein, Nijmegen (NED)",Next Generation Athletics,18 MAY 2024,2024,3.,D,Continental Tour,7206533,worldwide
men_800m,Samuel CHAPPLE,23 NOV 1998,1:45.91,,NED,"Atletiekbaan Brakkenstein, Nijmegen (NED)",Next Generation Athletics,18 MAY 2024,2024,4.,D,Continental Tour,7206533,worldwide
men_800m,Callum DODDS,06 OCT 2000,1:46.71,,GBR,"Atletiekbaan Brakkenstein, Nijmegen (NED)",Next Generation Athletics,18 MAY 2024,2024,5.,D,Continental Tour,7206533,worldwide
men_800m,Abdirahman Saeed HASSAN,13 APR 1997,1:46.91,,QAT,"Atletiekbaan Brakkenstein, Nijmegen (NED)",Next Generation Athletics,18 MAY 2024,2024,6.,D,Continental Tour,7206533,worldwide
men_800m,Aurele VANDEPUTTE,14 MAY 1995,1:48.12,,BEL,"Atletiekbaan Brakkenstein, Nijmegen (NED)",Next Generation Athletics,18 MAY 2024,2024,8.,D,Continental Tour,7206533,worldwide
men_800m,Tiarnan CRORKEN,13 JUN 1999,1:47.06,,GBR,"Sepp-Herberger-Stadion, Weinheim (GER)",B&S Kurpfalz Gala Weinheim,18 MAY 2024,2024,2.,D,Continental Tour,7205486,worldwide
men_800m,Catalin TECUCEANU,09 SEP 1999,1:44.22,,ITA,"Stadion Śląski, Chorzów (POL)",70. ORLEN Janusz Kusocinski Memorial,18 MAY 2024,2024,1.,B,Continental Tour,7205386,worldwide
men_800m,Mohamed Ali GOUANED,05 JUL 2002,1:44.42,,ALG,"Stadion Śląski, Chorzów (POL)",70. ORLEN Janusz Kusocinski Memorial,18 MAY 2024,2024,2.,B,Continental Tour,7205386,worldwide
men_800m,Ferguson Cheruiyot ROTICH,30 NOV 1989,1:45.10,,KEN,"Stadion Śląski, Chorzów (POL)",70. ORLEN Janusz Kusocinski Memorial,18 MAY 2024,2024,3.,B,Continental Tour,7205386,worldwide
men_800m,Mateusz BORKOWSKI,02 APR 1997,1:45.40,,POL,"Stadion Śląski, Chorzów (POL)",70. ORLEN Janusz Kusocinski Memorial,18 MAY 2024,2024,4.,B,Continental Tour,7205386,worldwide
men_800m,Bartosz KITLIŃSKI,11 JUN 2004,1:45.45,,POL,"Stadion Śląski, Chorzów (POL)",70. ORLEN Janusz Kusocinski Memorial,18 MAY 2024,2024,5.,B,Continental Tour,7205386,worldwide
men_800m,Filip OSTROWSKI,12 JUL 2001,1:45.76,,POL,"Stadion Śląski, Chorzów (POL)",70. ORLEN Janusz Kusocinski Memorial,18 MAY 2024,2024,6.,B,Continental Tour,7205386,worldwide
men_800m,Jakub DUDYCHA,05 SEP 2005,1:45.85,,CZE,"Stadion Śląski, Chorzów (POL)",70. ORLEN Janusz Kusocinski Memorial,18 MAY 2024,2024,7.,B,Continental Tour,7205386,worldwide
men_800m,Gabriel TUAL,09 APR 1998,1:46.27,,FRA,"Stadion Śląski, Chorzów (POL)",70. ORLEN Janusz Kusocinski Memorial,18 MAY 2024,2024,8.,B,Continental Tour,7205386,worldwide
men_800m,Patryk SIERADZKI,06 OCT 1998,1:46.83,,POL,"Stadion Śląski, Chorzów (POL)",70. ORLEN Janusz Kusocinski Memorial,18 MAY 2024,2024,9.,B,Continental Tour,7205386,worldwide
men_800m,Michał ROZMYS,13 MAR 1995,1:47.24,,POL,"Stadion Śląski, Chorzów (POL)",70. ORLEN Janusz Kusocinski Memorial,18 MAY 2024,2024,10.,B,Continental Tour,7205386,worldwide
men_800m,Kacper LEWALSKI,07 MAY 2003,1:47.59,,POL,"Stadion Śląski, Chorzów (POL)",70. ORLEN Janusz Kusocinski Memorial,18 MAY 2024,2024,11.,B,Continental Tour,7205386,worldwide
men_800m,Patryk DOBEK,13 FEB 1994,1:48.00,,POL,"Stadion Śląski, Chorzów (POL)",70. ORLEN Janusz Kusocinski Memorial,18 MAY 2024,2024,12.,B,Continental Tour,7205386,worldwide
men_800m,Simone BARONTINI,05 JAN 1999,DNF,,ITA,"Stadion Śląski, Chorzów (POL)",70. ORLEN Janusz Kusocinski Memorial,18 MAY 2024,2024,,B,Continental Tour,7205386,worldwide
men_800m,Joonas RINNE,20 MAY 1995,1:48.92,,FIN,"Malmö Stadion, Malmö (SWE)",Nordic Senior Championships,19 MAY 2024,2024,2.,C,Area Regional Champs,7206113,worldwide
men_800m,Abedin MUJEZINOVIĆ,02 JUN 1993,1:49.39,,BIH,"Campo Scuola Moreno Martini, Lucca (ITA)",3rd Lucca International Meeting,19 MAY 2024,2024,7.,D,Continental Tour,7205387,worldwide
men_800m,John FITZSIMONS,05 MAY 1998,1:49.42,,IRL,"Campo Scuola Moreno Martini, Lucca (ITA)",3rd Lucca International Meeting,19 MAY 2024,2024,8.,D,Continental Tour,7205387,worldwide
men_800m,Balázs VINDICS,28 MAR 1994,1:48.75,,HUN,"Givat Ram Stadium, Jerusalem (ISR)",GRAND SLAM - Jerusalem,19 MAY 2024,2024,1.,B,Continental Tour,7205427,worldwide
men_800m,Dániel HULLER,10 MAY 2001,1:49.12,,HUN,"Givat Ram Stadium, Jerusalem (ISR)",GRAND SLAM - Jerusalem,19 MAY 2024,2024,3.,B,Continental Tour,7205427,worldwide
men_800m,Jose MAITA,17 APR 1998,1:46.04,,VEN,"Pista da Universidade Federal Fluminense – UFF, Rio de Janeiro (BRA)",Grande Prémio Brasil de Atletismo-Niteró,19 MAY 2024,2024,1.,C,Continental Tour,7211381,worldwide
men_800m,Eduardo RIBEIRO,09 JAN 2001,1:46.84,,BRA,"Pista da Universidade Federal Fluminense – UFF, Rio de Janeiro (BRA)",Grande Prémio Brasil de Atletismo-Niteró,19 MAY 2024,2024,3.,C,Continental Tour,7211381,worldwide
men_800m,Leandro ALVES,04 AUG 1998,1:47.13,,BRA,"Pista da Universidade Federal Fluminense – UFF, Rio de Janeiro (BRA)",Grande Prémio Brasil de Atletismo-Niteró,19 MAY 2024,2024,4.,C,Continental Tour,7211381,worldwide
men_800m,Louey OUERRAT,04 NOV 2004,1:46.38,,FRA,"Stade Pierre de Coubertin, Montgeron (FRA)",38ème Meeting International Montgeron-Essonne,19 MAY 2024,2024,1.,C,Continental Tour,7205349,worldwide
men_800m,Corentin MAGNOU,22 SEP 2001,1:46.74,,FRA,"Stade Pierre de Coubertin, Montgeron (FRA)",38ème Meeting International Montgeron-Essonne,19 MAY 2024,2024,2.,C,Continental Tour,7205349,worldwide
men_800m,Mehmet ÇELIK,01 DEC 2001,1:46.87,,TUR,"Stade Pierre de Coubertin, Montgeron (FRA)",38ème Meeting International Montgeron-Essonne,19 MAY 2024,2024,3.,C,Continental Tour,7205349,worldwide
men_800m,Thomas MARQUES DE ANDRADE,13 JAN 2004,1:47.14,,FRA,"Stade Pierre de Coubertin, Montgeron (FRA)",38ème Meeting International Montgeron-Essonne,19 MAY 2024,2024,5.,C,Continental Tour,7205349,worldwide
men_800m,Anicet KOZAR,08 OCT 2001,1:46.01,,FRA,"Estadi Joan Serrahima, Barcelona (ESP)",Míting Internacional Ciutat de Barcelona,19 MAY 2024,2024,1.,C,Continental Tour,7205366,worldwide
men_800m,Guy LEARMONTH,20 APR 1992,1:46.22,,GBR,"Estadi Joan Serrahima, Barcelona (ESP)",Míting Internacional Ciutat de Barcelona,19 MAY 2024,2024,2.,C,Continental Tour,7205366,worldwide
men_800m,Elvin Josué CANALES,05 SEP 2001,1:46.61,,HON,"Estadi Joan Serrahima, Barcelona (ESP)",Míting Internacional Ciutat de Barcelona,19 MAY 2024,2024,3.,C,Continental Tour,7205366,worldwide
men_800m,Efrem MEKONNEN,31 JAN 2001,1:47.06,,ETH,"Estadi Joan Serrahima, Barcelona (ESP)",Míting Internacional Ciutat de Barcelona,19 MAY 2024,2024,6.,C,Continental Tour,7205366,worldwide
men_800m,Alex Ngeno KIPNGETICH,17 AUG 2000,1:45.01,,KEN,"Nyayo National Stadium, Nairobi (KEN)",Kenyan Championships,22 MAY 2024,2024,1.,B,National Championships,7208088,worldwide
men_800m,Nicholas KIPLAGAT,07 JUN 1995,1:45.46,,KEN,"Nyayo National Stadium, Nairobi (KEN)",Kenyan Championships,22 MAY 2024,2024,2.,B,National Championships,7208088,worldwide
men_800m,Timothy CHERUIYOT,20 NOV 1995,1:45.65,,KEN,"Nyayo National Stadium, Nairobi (KEN)",Kenyan Championships,22 MAY 2024,2024,3.,B,National Championships,7208088,worldwide
men_800m,Laban Kipkorir CHEPKWONY,14 APR 1996,1:45.81,,KEN,"Nyayo National Stadium, Nairobi (KEN)",Kenyan Championships,22 MAY 2024,2024,4.,B,National Championships,7208088,worldwide
men_800m,Cornelius TUWEI,24 MAY 1993,1:47.02,,KEN,"Nyayo National Stadium, Nairobi (KEN)",Kenyan Championships,22 MAY 2024,2024,6.,B,National Championships,7208088,worldwide
men_800m,Collins KIPRUTO,12 APR 1994,1:47.07,,KEN,"Nyayo National Stadium, Nairobi (KEN)",Kenyan Championships,22 MAY 2024,2024,7.,B,National Championships,7208088,worldwide
men_800m,Samuel CHAPPLE,23 NOV 1998,1:46.73,,NED,"Mestský Stadion Sletište, Kladno (CZE)",Kladno hází a Kladenské Memoriály,22 MAY 2024,2024,1.,C,Continental Tour,7205342,worldwide
men_800m,Marino BLOUDEK,18 JUL 1999,1:47.07,,CRO,"Mestský Stadion Sletište, Kladno (CZE)",Kladno hází a Kladenské Memoriály,22 MAY 2024,2024,2.,C,Continental Tour,7205342,worldwide
men_800m,Jan TESAŘ,26 MAR 1990,1:47.76,,CZE,"Mestský Stadion Sletište, Kladno (CZE)",Kladno hází a Kladenské Memoriály,22 MAY 2024,2024,3.,C,Continental Tour,7205342,worldwide
men_800m,Elliot GILES,26 MAY 1994,1:44.46,,GBR,"Stade Delort, Marseille (FRA)",International Marseille Meeting,22 MAY 2024,2024,1.,B,Continental Tour,7205905,worldwide
men_800m,Slimane MOULA,25 FEB 1999,1:44.75,,ALG,"Stade Delort, Marseille (FRA)",International Marseille Meeting,22 MAY 2024,2024,2.,B,Continental Tour,7205905,worldwide
men_800m,Yanis MEZIANE,26 JAN 2002,1:44.91,,FRA,"Stade Delort, Marseille (FRA)",International Marseille Meeting,22 MAY 2024,2024,3.,B,Continental Tour,7205905,worldwide
men_800m,Mohamed Ali GOUANED,05 JUL 2002,1:45.09,,ALG,"Stade Delort, Marseille (FRA)",International Marseille Meeting,22 MAY 2024,2024,4.,B,Continental Tour,7205905,worldwide
men_800m,Isaac NADER,17 AUG 1999,1:45.11,,POR,"Stade Delort, Marseille (FRA)",International Marseille Meeting,22 MAY 2024,2024,5.,B,Continental Tour,7205905,worldwide
men_800m,Paul ANSELMINI,02 AUG 2003,1:45.29,,FRA,"Stade Delort, Marseille (FRA)",International Marseille Meeting,22 MAY 2024,2024,6.,B,Continental Tour,7205905,worldwide
men_800m,Ryan CLARKE,17 NOV 1997,1:45.32,,NED,"Stade Delort, Marseille (FRA)",International Marseille Meeting,22 MAY 2024,2024,7.,B,Continental Tour,7205905,worldwide
men_800m,Simone BARONTINI,05 JAN 1999,1:45.76,,ITA,"Stade Delort, Marseille (FRA)",International Marseille Meeting,22 MAY 2024,2024,8.,B,Continental Tour,7205905,worldwide
men_800m,Corentin LE CLEZIO,24 SEP 1999,1:45.81,,FRA,"Stade Delort, Marseille (FRA)",International Marseille Meeting,22 MAY 2024,2024,9.,B,Continental Tour,7205905,worldwide
men_800m,Saúl ORDÓÑEZ,10 APR 1994,1:45.98,,ESP,"Stade Delort, Marseille (FRA)",International Marseille Meeting,22 MAY 2024,2024,10.,B,Continental Tour,7205905,worldwide
men_800m,Guy LEARMONTH,20 APR 1992,1:47.02,,GBR,"Stade Delort, Marseille (FRA)",International Marseille Meeting,22 MAY 2024,2024,12.,B,Continental Tour,7205905,worldwide
men_800m,Patryk SIERADZKI,06 OCT 1998,DNF,,POL,"Stade Delort, Marseille (FRA)",International Marseille Meeting,22 MAY 2024,2024,,B,Continental Tour,7205905,worldwide
men_800m,Mark ENGLISH,18 MAR 1993,1:45.85,,IRL,"Pistes d'atletisme Gaetà Huguet, Castellón (ESP)",GP Diputacion Csatellon - Memorial Jose Antonio Cansino,22 MAY 2024,2024,1.,D,Continental Tour,7205991,worldwide
men_800m,Ronaldo OLIVO,08 OCT 2004,1:46.53,,ESP,"Pistes d'atletisme Gaetà Huguet, Castellón (ESP)",GP Diputacion Csatellon - Memorial Jose Antonio Cansino,22 MAY 2024,2024,3.,D,Continental Tour,7205991,worldwide
men_800m,Abdirahman Saeed HASSAN,13 APR 1997,1:46.84,,QAT,"Pistes d'atletisme Gaetà Huguet, Castellón (ESP)",GP Diputacion Csatellon - Memorial Jose Antonio Cansino,22 MAY 2024,2024,4.,D,Continental Tour,7205991,worldwide
men_800m,Ebrahim Remaid ALZOFAIRI,08 MAY 1989,1:47.50,,KUW,"Pistes d'atletisme Gaetà Huguet, Castellón (ESP)",GP Diputacion Csatellon - Memorial Jose Antonio Cansino,22 MAY 2024,2024,5.,D,Continental Tour,7205991,worldwide
men_800m,Mohamed ATTAOUI,26 SEP 2001,1:44.88,,ESP,"Estadio Enrique Lopez Cuenca, Nerja (ESP)",Desafio Nerja,22 MAY 2024,2024,1.,D,Continental Tour,7205348,worldwide
men_800m,Elvin Josué CANALES,05 SEP 2001,1:45.58,,HON,"Estadio Enrique Lopez Cuenca, Nerja (ESP)",Desafio Nerja,22 MAY 2024,2024,2.,D,Continental Tour,7205348,worldwide
men_800m,Tumo NKAPE,24 JUN 1998,1:45.92,,BOT,"Estadio Enrique Lopez Cuenca, Nerja (ESP)",Desafio Nerja,22 MAY 2024,2024,4.,D,Continental Tour,7205348,worldwide
men_800m,Efrem MEKONNEN,31 JAN 2001,1:47.11,,ETH,"Estadio Enrique Lopez Cuenca, Nerja (ESP)",Desafio Nerja,22 MAY 2024,2024,6.,D,Continental Tour,7205348,worldwide
men_800m,Aaron Kemei CHEMININGWA,21 JUN 1998,1:43.55,,KEN,"Campo di Atletica, Asti (ITA)",Grifone Meeting,23 MAY 2024,2024,1.,D,Continental Tour,7205793,worldwide
men_800m,Catalin TECUCEANU,09 SEP 1999,1:44.01,,ITA,"Campo di Atletica, Asti (ITA)",Grifone Meeting,23 MAY 2024,2024,2.,D,Continental Tour,7205793,worldwide
men_800m,Ferguson Cheruiyot ROTICH,30 NOV 1989,1:45.07,,KEN,"Campo di Atletica, Asti (ITA)",Grifone Meeting,23 MAY 2024,2024,3.,D,Continental Tour,7205793,worldwide
men_800m,Callum DODDS,06 OCT 2000,1:45.36,,GBR,"Campo di Atletica, Asti (ITA)",Grifone Meeting,23 MAY 2024,2024,4.,D,Continental Tour,7205793,worldwide
men_800m,Francesco PERNICI,18 FEB 2003,1:45.61,,ITA,"Campo di Atletica, Asti (ITA)",Grifone Meeting,23 MAY 2024,2024,5.,D,Continental Tour,7205793,worldwide
men_800m,Abedin MUJEZINOVIĆ,02 JUN 1993,1:45.86,,BIH,"Campo di Atletica, Asti (ITA)",Grifone Meeting,23 MAY 2024,2024,6.,D,Continental Tour,7205793,worldwide
men_800m,Amel TUKA,09 JAN 1991,1:46.64,,BIH,"Campo di Atletica, Asti (ITA)",Grifone Meeting,23 MAY 2024,2024,8.,D,Continental Tour,7205793,worldwide
men_800m,Bartosz KITLIŃSKI,11 JUN 2004,1:46.92,,POL,"Stadion im.Lubuskich Olimpijczyków, Gorzów Wielkopolski (POL)",Gorzów Meeting,24 MAY 2024,2024,1.,C,Continental Tour,7205389,worldwide
men_800m,Edmund DU PLESSIS,05 APR 2002,1:46.71,,RSA,"Paul-Greifzu-Stadion, Dessau (GER)",Anhalt 2024 - 26. Internationales Leichtathletik Meeting,24 MAY 2024,2024,1.,C,Continental Tour,7205498,worldwide
men_800m,Kethobogile HAINGURA,14 DEC 1998,1:47.09,,BOT,"Paul-Greifzu-Stadion, Dessau (GER)",Anhalt 2024 - 26. Internationales Leichtathletik Meeting,24 MAY 2024,2024,2.,C,Continental Tour,7205498,worldwide
men_800m,Koitatoi KIDALI,12 FEB 2003,1:47.16,,KEN,"Paul-Greifzu-Stadion, Dessau (GER)",Anhalt 2024 - 26. Internationales Leichtathletik Meeting,24 MAY 2024,2024,3.,C,Continental Tour,7205498,worldwide
men_800m,Tumo NKAPE,24 JUN 1998,1:47.63,,BOT,"Paul-Greifzu-Stadion, Dessau (GER)",Anhalt 2024 - 26. Internationales Leichtathletik Meeting,24 MAY 2024,2024,5.,C,Continental Tour,7205498,worldwide
men_800m,Álvaro DE ARRIBA,02 JUN 1994,1:48.75,,ESP,"Paul-Greifzu-Stadion, Dessau (GER)",Anhalt 2024 - 26. Internationales Leichtathletik Meeting,24 MAY 2024,2024,6.,C,Continental Tour,7205498,worldwide
men_800m,Mateusz BORKOWSKI,02 APR 1997,1:49.43,,POL,"Paul-Greifzu-Stadion, Dessau (GER)",Anhalt 2024 - 26. Internationales Leichtathletik Meeting,24 MAY 2024,2024,7.,C,Continental Tour,7205498,worldwide
men_800m,Gabriel TUAL,09 APR 1998,1:44.43,,FRA,"Stade Raymond Petit, Tomblaine (FRA)",Meeting Stanislas Nancy,25 MAY 2024,2024,1.,B,Continental Tour,7205346,worldwide
men_800m,Elliot GILES,26 MAY 1994,1:44.46,,GBR,"Stade Raymond Petit, Tomblaine (FRA)",Meeting Stanislas Nancy,25 MAY 2024,2024,2.,B,Continental Tour,7205346,worldwide
men_800m,Mohamed ATTAOUI,26 SEP 2001,1:44.57,,ESP,"Stade Raymond Petit, Tomblaine (FRA)",Meeting Stanislas Nancy,25 MAY 2024,2024,3.,B,Continental Tour,7205346,worldwide
men_800m,Corentin LE CLEZIO,24 SEP 1999,1:45.22,,FRA,"Stade Raymond Petit, Tomblaine (FRA)",Meeting Stanislas Nancy,25 MAY 2024,2024,4.,B,Continental Tour,7205346,worldwide
men_800m,Paul ANSELMINI,02 AUG 2003,1:45.45,,FRA,"Stade Raymond Petit, Tomblaine (FRA)",Meeting Stanislas Nancy,25 MAY 2024,2024,5.,B,Continental Tour,7205346,worldwide
men_800m,Daniel ROWDEN,09 SEP 1997,1:45.48,,GBR,"Stade Raymond Petit, Tomblaine (FRA)",Meeting Stanislas Nancy,25 MAY 2024,2024,6.,B,Continental Tour,7205346,worldwide
men_800m,Anicet KOZAR,08 OCT 2001,1:45.54,,FRA,"Stade Raymond Petit, Tomblaine (FRA)",Meeting Stanislas Nancy,25 MAY 2024,2024,7.,B,Continental Tour,7205346,worldwide
men_800m,Filip RAK,03 FEB 2003,1:45.67,,POL,"Stade Raymond Petit, Tomblaine (FRA)",Meeting Stanislas Nancy,25 MAY 2024,2024,8.,B,Continental Tour,7205346,worldwide
men_800m,Ferguson Cheruiyot ROTICH,30 NOV 1989,1:45.71,,KEN,"Stade Raymond Petit, Tomblaine (FRA)",Meeting Stanislas Nancy,25 MAY 2024,2024,9.,B,Continental Tour,7205346,worldwide
men_800m,Simone BARONTINI,05 JAN 1999,1:47.74,,ITA,"Stade Raymond Petit, Tomblaine (FRA)",Meeting Stanislas Nancy,25 MAY 2024,2024,10.,B,Continental Tour,7205346,worldwide
men_800m,Patryk SIERADZKI,06 OCT 1998,DNF,,POL,"Stade Raymond Petit, Tomblaine (FRA)",Meeting Stanislas Nancy,25 MAY 2024,2024,,B,Continental Tour,7205346,worldwide
men_800m,Reece SHARMAN-NEWELL,13 DEC 2002,1:46.77,,GBR,"Sportcity Regional Arena, Manchester (GBR)",British Milers Club Grand Prix,25 MAY 2024,2024,1.,D,Continental Tour,7205379,worldwide
men_800m,Javier MIRON,13 DEC 1999,1:46.03,,ESP,"Sportcomplex De Leidse Hout, Leiden (NED)",Gouden Spike,25 MAY 2024,2024,1.,D,Continental Tour,7210173,worldwide
men_800m,Kabelo Simon MOHLOSI,20 JAN 1993,1:46.46,,RSA,"Sportcomplex De Leidse Hout, Leiden (NED)",Gouden Spike,25 MAY 2024,2024,2.,D,Continental Tour,7210173,worldwide
men_800m,Ole Jakob HØSTELAND SOLBU,19 AUG 2003,1:48.70,,NOR,"Sportcomplex De Leidse Hout, Leiden (NED)",Gouden Spike,25 MAY 2024,2024,5.,D,Continental Tour,7210173,worldwide
men_800m,Mason COHEN,19 SEP 1996,DNF,,AUS,"Sportcomplex De Leidse Hout, Leiden (NED)",Gouden Spike,25 MAY 2024,2024,,D,Continental Tour,7210173,worldwide
men_800m,Tony VAN DIEPEN,17 APR 1996,DNF,,NED,"Sportcomplex De Leidse Hout, Leiden (NED)",Gouden Spike,25 MAY 2024,2024,,D,Continental Tour,7210173,worldwide
men_800m,Pieter SISK,08 DEC 1999,1:44.46,,BEL,"Boudewijnstadion, Bruxelles (BEL)",IFAM Outdoor,25 MAY 2024,2024,1.,C,Continental Tour,7204758,worldwide
men_800m,Thomas RANDOLPH,07 FEB 1999,1:45.46,,GBR,"Boudewijnstadion, Bruxelles (BEL)",IFAM Outdoor,25 MAY 2024,2024,2.,C,Continental Tour,7204758,worldwide
men_800m,Ethan HUSSEY,05 MAR 2003,1:45.53,,GBR,"Boudewijnstadion, Bruxelles (BEL)",IFAM Outdoor,25 MAY 2024,2024,3.,C,Continental Tour,7204758,worldwide
men_800m,Tiarnan CRORKEN,13 JUN 1999,1:45.58,,GBR,"Boudewijnstadion, Bruxelles (BEL)",IFAM Outdoor,25 MAY 2024,2024,4.,C,Continental Tour,7204758,worldwide
men_800m,Ruben VERHEYDEN,22 DEC 2000,1:45.69,,BEL,"Boudewijnstadion, Bruxelles (BEL)",IFAM Outdoor,25 MAY 2024,2024,5.,C,Continental Tour,7204758,worldwide
men_800m,Tibo DE SMET,28 MAY 1999,1:45.78,,BEL,"Boudewijnstadion, Bruxelles (BEL)",IFAM Outdoor,25 MAY 2024,2024,6.,C,Continental Tour,7204758,worldwide
men_800m,Tom DRADRIGA,17 JUN 1996,1:46.47,,UGA,"Boudewijnstadion, Bruxelles (BEL)",IFAM Outdoor,25 MAY 2024,2024,7.,C,Continental Tour,7204758,worldwide
men_800m,Elias NGENY,04 MAY 1996,1:47.13,,KEN,"Boudewijnstadion, Bruxelles (BEL)",IFAM Outdoor,25 MAY 2024,2024,8.,C,Continental Tour,7204758,worldwide
men_800m,Oussama CHERRAD,06 MAR 2000,1:45.88,,ALG,"Stade Omnisports Schlossberg, Forbach (FRA)",Meeting International de Forbach,26 MAY 2024,2024,1.,C,Continental Tour,7205344,worldwide
men_800m,Anas LAGTIY CHAOUDAR,17 JAN 2004,1:47.78,,ESP,"Stade Omnisports Schlossberg, Forbach (FRA)",Meeting International de Forbach,26 MAY 2024,2024,4.,C,Continental Tour,7205344,worldwide
men_800m,Marvin HEINRICH,29 JAN 1997,1:49.54,,GER,"Stade Omnisports Schlossberg, Forbach (FRA)",Meeting International de Forbach,26 MAY 2024,2024,5.,C,Continental Tour,7205344,worldwide
men_800m,Corentin LE CLEZIO,24 SEP 1999,DNF,,FRA,"Stade Omnisports Schlossberg, Forbach (FRA)",Meeting International de Forbach,26 MAY 2024,2024,,C,Continental Tour,7205344,worldwide
men_800m,Kelvin Kimtai LOTI,05 OCT 1999,1:46.01,,KEN,"Lantos Mihály Sportközpont, Budapest (HUN)",Hungarian GP Series - Budapest,26 MAY 2024,2024,1.,C,Continental Tour,7205425,worldwide
men_800m,Ramon WIPFLI,30 JUN 2004,1:46.58,,SUI,"Lantos Mihály Sportközpont, Budapest (HUN)",Hungarian GP Series - Budapest,26 MAY 2024,2024,2.,C,Continental Tour,7205425,worldwide
men_800m,Balázs VINDICS,28 MAR 1994,1:47.59,,HUN,"Lantos Mihály Sportközpont, Budapest (HUN)",Hungarian GP Series - Budapest,26 MAY 2024,2024,3.,C,Continental Tour,7205425,worldwide
men_800m,Michał ROZMYS,13 MAR 1995,1:47.93,,POL,"Lantos Mihály Sportközpont, Budapest (HUN)",Hungarian GP Series - Budapest,26 MAY 2024,2024,4.,C,Continental Tour,7205425,worldwide
men_800m,István SZÖGI,12 SEP 1995,1:51.63,,HUN,"Lantos Mihály Sportközpont, Budapest (HUN)",Hungarian GP Series - Budapest,26 MAY 2024,2024,8.,C,Continental Tour,7205425,worldwide
men_800m,Dániel HULLER,10 MAY 2001,DNF,,HUN,"Lantos Mihály Sportközpont, Budapest (HUN)",Hungarian GP Series - Budapest,26 MAY 2024,2024,,C,Continental Tour,7205425,worldwide
men_800m,Djamel SEDJATI,03 MAY 1999,1:43.51,,ALG,"Mestský Stadion, Ostrava (CZE)",63rd Ostrava Golden Spike,28 MAY 2024,2024,1.,A,Continental Tour,7191205,worldwide
men_800m,Gabriel TUAL,09 APR 1998,1:45.79,,FRA,"Mestský Stadion, Ostrava (CZE)",63rd Ostrava Golden Spike,28 MAY 2024,2024,2.,A,Continental Tour,7191205,worldwide
men_800m,Andreas KRAMER,13 APR 1997,1:45.85,,SWE,"Mestský Stadion, Ostrava (CZE)",63rd Ostrava Golden Spike,28 MAY 2024,2024,3.,A,Continental Tour,7191205,worldwide
men_800m,Abdelati EL GUESSE,27 FEB 1993,1:45.96,,MAR,"Mestský Stadion, Ostrava (CZE)",63rd Ostrava Golden Spike,28 MAY 2024,2024,4.,A,Continental Tour,7191205,worldwide
men_800m,Ben PATTISON,15 DEC 2001,1:46.00,,GBR,"Mestský Stadion, Ostrava (CZE)",63rd Ostrava Golden Spike,28 MAY 2024,2024,5.,A,Continental Tour,7191205,worldwide
men_800m,Jakub DUDYCHA,05 SEP 2005,1:46.53,,CZE,"Mestský Stadion, Ostrava (CZE)",63rd Ostrava Golden Spike,28 MAY 2024,2024,6.,A,Continental Tour,7191205,worldwide
men_800m,Mateusz BORKOWSKI,02 APR 1997,1:46.97,,POL,"Mestský Stadion, Ostrava (CZE)",63rd Ostrava Golden Spike,28 MAY 2024,2024,7.,A,Continental Tour,7191205,worldwide
men_800m,Kethobogile HAINGURA,14 DEC 1998,1:47.28,,BOT,"Mestský Stadion, Ostrava (CZE)",63rd Ostrava Golden Spike,28 MAY 2024,2024,8.,A,Continental Tour,7191205,worldwide
men_800m,Mohamed Ali GOUANED,05 JUL 2002,1:48.52,,ALG,"Mestský Stadion, Ostrava (CZE)",63rd Ostrava Golden Spike,28 MAY 2024,2024,9.,A,Continental Tour,7191205,worldwide
men_800m,Jan TESAŘ,26 MAR 1990,1:52.98,,CZE,"Mestský Stadion, Ostrava (CZE)",63rd Ostrava Golden Spike,28 MAY 2024,2024,11.,A,Continental Tour,7191205,worldwide
men_800m,Patryk SIERADZKI,06 OCT 1998,DNF,,POL,"Mestský Stadion, Ostrava (CZE)",63rd Ostrava Golden Spike,28 MAY 2024,2024,,A,Continental Tour,7191205,worldwide
men_800m,Ebrahim Remaid ALZOFAIRI,08 MAY 1989,1:47.56,,KUW,"Al-Fayhaa Stadium, Basra (IRQ)",West Asian Championships,30 MAY 2024,2024,1.,D,Area Regional Champs,7208719,worldwide
men_800m,Jesus Tonatiu LÓPEZ,02 AUG 1997,1:45.79,,MEX,"Edwin Moses Track, Atlanta, GA (USA)",The HBCU Pro Classic - The Edwin Moses Legends Meet,31 MAY 2024,2024,1.,B,Continental Tour,7210637,worldwide
men_800m,Alex AMANKWA,02 MAR 1992,1:46.18,,GHA,"Edwin Moses Track, Atlanta, GA (USA)",The HBCU Pro Classic - The Edwin Moses Legends Meet,31 MAY 2024,2024,2.,B,Continental Tour,7210637,worldwide
men_800m,Quamel PRINCE,20 APR 1994,1:46.23,,GUY,"Edwin Moses Track, Atlanta, GA (USA)",The HBCU Pro Classic - The Edwin Moses Legends Meet,31 MAY 2024,2024,3.,B,Continental Tour,7210637,worldwide
men_800m,Abraham ALVARADO,04 AUG 1995,1:46.47,,USA,"Edwin Moses Track, Atlanta, GA (USA)",The HBCU Pro Classic - The Edwin Moses Legends Meet,31 MAY 2024,2024,4.,B,Continental Tour,7210637,worldwide
men_800m,Shane STREICH,19 SEP 1996,1:47.44,,USA,"Edwin Moses Track, Atlanta, GA (USA)",The HBCU Pro Classic - The Edwin Moses Legends Meet,31 MAY 2024,2024,7.,B,Continental Tour,7210637,worldwide
men_800m,Josh HOEY,01 NOV 1999,1:47.72,,USA,"Edwin Moses Track, Atlanta, GA (USA)",The HBCU Pro Classic - The Edwin Moses Legends Meet,31 MAY 2024,2024,8.,B,Continental Tour,7210637,worldwide
men_800m,Navasky ANDERSON,21 JAN 2000,1:48.61,,JAM,"Edwin Moses Track, Atlanta, GA (USA)",The HBCU Pro Classic - The Edwin Moses Legends Meet,31 MAY 2024,2024,9.,B,Continental Tour,7210637,worldwide
men_800m,Will SUMNER,22 OCT 2003,DNF,,USA,"Edwin Moses Track, Atlanta, GA (USA)",The HBCU Pro Classic - The Edwin Moses Legends Meet,31 MAY 2024,2024,,B,Continental Tour,7210637,worldwide
men_800m,Matheus Americo MEDEIROS PESSOA,09 APR 1996,1:50.80,,BRA,"Stade de Beaublanc, Limoges (FRA)",Meeting de Limoges,01 JUN 2024,2024,5.,D,Continental Tour,7205343,worldwide
men_800m,Abdellatif SADIKI,15 JAN 1999,DNF,,MAR,"Stade de Beaublanc, Limoges (FRA)",Meeting de Limoges,01 JUN 2024,2024,,D,Continental Tour,7205343,worldwide
men_800m,Leandro ALVES,04 AUG 1998,1:47.46,,BRA,"Polisportivo Comunale, San Vito al Tagliamento (ITA)",Atletica 2000 Meeting,02 JUN 2024,2024,7.,D,Continental Tour,7205391,worldwide
men_800m,Gabriel TUAL,09 APR 1998,1:44.87,,FRA,"Stadio Olimpico, Roma (ITA)",European Athletics Championships,09 JUN 2024,2024,1.,GL,Area Champs,7158244,worldwide
men_800m,Mohamed ATTAOUI,26 SEP 2001,1:45.20,,ESP,"Stadio Olimpico, Roma (ITA)",European Athletics Championships,09 JUN 2024,2024,2.,GL,Area Champs,7158244,worldwide
men_800m,Catalin TECUCEANU,09 SEP 1999,1:45.40,,ITA,"Stadio Olimpico, Roma (ITA)",European Athletics Championships,09 JUN 2024,2024,3.,GL,Area Champs,7158244,worldwide
men_800m,Álvaro DE ARRIBA,02 JUN 1994,1:45.64,,ESP,"Stadio Olimpico, Roma (ITA)",European Athletics Championships,09 JUN 2024,2024,4.,GL,Area Champs,7158244,worldwide
men_800m,Andreas KRAMER,13 APR 1997,1:45.70,,SWE,"Stadio Olimpico, Roma (ITA)",European Athletics Championships,09 JUN 2024,2024,5.,GL,Area Champs,7158244,worldwide
men_800m,Adrián BEN,04 AUG 1998,1:46.54,,ESP,"Stadio Olimpico, Roma (ITA)",European Athletics Championships,09 JUN 2024,2024,6.,GL,Area Champs,7158244,worldwide
men_800m,Elliot GILES,26 MAY 1994,1:47.06,,GBR,"Stadio Olimpico, Roma (ITA)",European Athletics Championships,09 JUN 2024,2024,7.,GL,Area Champs,7158244,worldwide
men_800m,Ole Jakob HØSTELAND SOLBU,19 AUG 2003,1:51.33,,NOR,"Stadio Olimpico, Roma (ITA)",European Athletics Championships,09 JUN 2024,2024,8.,GL,Area Champs,7158244,worldwide
men_800m,Reece SHARMAN-NEWELL,13 DEC 2002,1:46.53,,GBR,"Woodside Stadium, Watford (GBR)",British Milers Club Grand Prix,08 JUN 2024,2024,1.,D,Continental Tour,7205891,worldwide
men_800m,Archie DAVIS,16 OCT 1998,1:48.59,,GBR,"Woodside Stadium, Watford (GBR)",British Milers Club Grand Prix,08 JUN 2024,2024,4.,D,Continental Tour,7205891,worldwide
men_800m,Mohad ABDIKADAR SHEIK ALI,12 JUN 1993,1:50.70,,ITA,"Woodside Stadium, Watford (GBR)",British Milers Club Grand Prix,08 JUN 2024,2024,9.,D,Continental Tour,7205891,worldwide
men_800m,Tiarnan CRORKEN,13 JUN 1999,1:52.10,,GBR,"Woodside Stadium, Watford (GBR)",British Milers Club Grand Prix,08 JUN 2024,2024,10.,D,Continental Tour,7205891,worldwide
men_800m,Benjamin ALLEN,17 APR 1998,1:46.62,,USA,"Emerson Field, Concord, MA (USA)",The Adrian Martinez Classic,08 JUN 2024,2024,1.,D,Continental Tour,7211276,worldwide
men_800m,Shane STREICH,19 SEP 1996,1:46.91,,USA,"Emerson Field, Concord, MA (USA)",The Adrian Martinez Classic,08 JUN 2024,2024,2.,D,Continental Tour,7211276,worldwide
men_800m,Jesus Tonatiu LÓPEZ,02 AUG 1997,1:44.96,,MEX,"Icahn Stadium, New York, NY (USA)",USATF New York City Grand Prix,09 JUN 2024,2024,1.,A,Continental Tour,7206592,worldwide
men_800m,Wes FERGUSON,05 MAR 2001,1:45.06,,USA,"Icahn Stadium, New York, NY (USA)",USATF New York City Grand Prix,09 JUN 2024,2024,2.,A,Continental Tour,7206592,worldwide
men_800m,Josh HOEY,01 NOV 1999,1:45.35,,USA,"Icahn Stadium, New York, NY (USA)",USATF New York City Grand Prix,09 JUN 2024,2024,3.,A,Continental Tour,7206592,worldwide
men_800m,Isaiah JEWETT,06 FEB 1997,1:45.41,,USA,"Icahn Stadium, New York, NY (USA)",USATF New York City Grand Prix,09 JUN 2024,2024,4.,A,Continental Tour,7206592,worldwide
men_800m,Clayton MURPHY,26 FEB 1995,1:45.75,,USA,"Icahn Stadium, New York, NY (USA)",USATF New York City Grand Prix,09 JUN 2024,2024,5.,A,Continental Tour,7206592,worldwide
men_800m,John RIVERA,02 DEC 1998,1:45.89,,PUR,"Icahn Stadium, New York, NY (USA)",USATF New York City Grand Prix,09 JUN 2024,2024,6.,A,Continental Tour,7206592,worldwide
men_800m,Peter BOL,22 FEB 1994,1:48.41,,AUS,"Icahn Stadium, New York, NY (USA)",USATF New York City Grand Prix,09 JUN 2024,2024,9.,A,Continental Tour,7206592,worldwide
men_800m,Abdessalem AYOUNI,16 MAY 1994,1:48.68,,TUN,"Stadion Radés, Radés (TUN)",Tunisian Championships,08 JUN 2024,2024,1.,B,National Championships,7206328,worldwide
men_800m,Marco AROP,20 SEP 1998,1:44.58,,CAN,"Foote Field, Edmonton (CAN)",Edmonton Athletics Invitational,13 JUN 2024,2024,1.,B,Continental Tour,7204990,worldwide
men_800m,Jesus Tonatiu LÓPEZ,02 AUG 1997,1:45.14,,MEX,"Foote Field, Edmonton (CAN)",Edmonton Athletics Invitational,13 JUN 2024,2024,2.,B,Continental Tour,7204990,worldwide
men_800m,Handal ROBAN,05 SEP 2002,1:46.14,,VIN,"Foote Field, Edmonton (CAN)",Edmonton Athletics Invitational,13 JUN 2024,2024,3.,B,Continental Tour,7204990,worldwide
men_800m,Abdullahi HASSAN,28 JUL 2002,1:46.41,,CAN,"Foote Field, Edmonton (CAN)",Edmonton Athletics Invitational,13 JUN 2024,2024,4.,B,Continental Tour,7204990,worldwide
men_800m,Alex AMANKWA,02 MAR 1992,1:47.09,,GHA,"Foote Field, Edmonton (CAN)",Edmonton Athletics Invitational,13 JUN 2024,2024,5.,B,Continental Tour,7204990,worldwide
men_800m,Quamel PRINCE,20 APR 1994,DNF,,GUY,"Foote Field, Edmonton (CAN)",Edmonton Athletics Invitational,13 JUN 2024,2024,,B,Continental Tour,7204990,worldwide
men_800m,John RIVERA,02 DEC 1998,1:46.62,,PUR,"Estadio Jose A. Figueroa Freyre, Mayagüez (PUR)",Puerto Rican Championships,15 JUN 2024,2024,1.,B,National Championships,7208211,worldwide
men_800m,Ryan SÁNCHEZ,22 SEP 1998,1:46.71,,PUR,"Estadio Jose A. Figueroa Freyre, Mayagüez (PUR)",Puerto Rican Championships,15 JUN 2024,2024,2.,B,National Championships,7208211,worldwide
men_800m,Matthew ERICKSON,11 MAR 2003,1:46.43,,CAN,"Swangard Stadium, Burnaby (CAN)",Harry Jerome Track Classic,15 JUN 2024,2024,1.,B,Continental Tour,7204991,worldwide
men_800m,Handal ROBAN,05 SEP 2002,1:46.55,,VIN,"Swangard Stadium, Burnaby (CAN)",Harry Jerome Track Classic,15 JUN 2024,2024,3.,B,Continental Tour,7204991,worldwide
men_800m,Alex AMANKWA,02 MAR 1992,1:46.73,,GHA,"Swangard Stadium, Burnaby (CAN)",Harry Jerome Track Classic,15 JUN 2024,2024,4.,B,Continental Tour,7204991,worldwide
men_800m,Quamel PRINCE,20 APR 1994,1:46.85,,GUY,"Swangard Stadium, Burnaby (CAN)",Harry Jerome Track Classic,15 JUN 2024,2024,6.,B,Continental Tour,7204991,worldwide
men_800m,Abdullahi HASSAN,28 JUL 2002,1:46.87,,CAN,"Swangard Stadium, Burnaby (CAN)",Harry Jerome Track Classic,15 JUN 2024,2024,7.,B,Continental Tour,7204991,worldwide
men_800m,Derek HOLDSWORTH,12 FEB 1996,1:47.76,,USA,"Swangard Stadium, Burnaby (CAN)",Harry Jerome Track Classic,15 JUN 2024,2024,8.,B,Continental Tour,7204991,worldwide
men_800m,Charles PHILIBERT-THIBOUTOT,31 DEC 1990,1:48.00,,CAN,"Swangard Stadium, Burnaby (CAN)",Harry Jerome Track Classic,15 JUN 2024,2024,9.,B,Continental Tour,7204991,worldwide
men_800m,Eliott CRESTAN,22 FEB 1999,1:45.40,,BEL,"Stadion De Veen, Heusden-Zolder (BEL)",Night of Athletics,15 JUN 2024,2024,1.,C,Continental Tour,7205337,worldwide
men_800m,Jochem VERMEULEN,02 AUG 1998,1:46.38,,BEL,"Stadion De Veen, Heusden-Zolder (BEL)",Night of Athletics,15 JUN 2024,2024,2.,C,Continental Tour,7205337,worldwide
men_800m,Tumo NKAPE,24 JUN 1998,1:46.73,,BOT,"Stadion De Veen, Heusden-Zolder (BEL)",Night of Athletics,15 JUN 2024,2024,4.,C,Continental Tour,7205337,worldwide
men_800m,Alex BOTTERILL,18 JAN 2000,1:46.91,,GBR,"Stadion De Veen, Heusden-Zolder (BEL)",Night of Athletics,15 JUN 2024,2024,5.,C,Continental Tour,7205337,worldwide
men_800m,Tibo DE SMET,28 MAY 1999,1:47.19,,BEL,"Stadion De Veen, Heusden-Zolder (BEL)",Night of Athletics,15 JUN 2024,2024,6.,C,Continental Tour,7205337,worldwide
men_800m,Saúl ORDÓÑEZ,10 APR 1994,1:47.35,,ESP,"Stadion De Veen, Heusden-Zolder (BEL)",Night of Athletics,15 JUN 2024,2024,7.,C,Continental Tour,7205337,worldwide
men_800m,Filip RAK,03 FEB 2003,1:49.61,,POL,"Stadion De Veen, Heusden-Zolder (BEL)",Night of Athletics,15 JUN 2024,2024,8.,C,Continental Tour,7205337,worldwide
men_800m,Ethan HUSSEY,05 MAR 2003,1:49.95,,GBR,"Stadion De Veen, Heusden-Zolder (BEL)",Night of Athletics,15 JUN 2024,2024,9.,C,Continental Tour,7205337,worldwide
men_800m,Dániel HULLER,10 MAY 2001,DNF,,HUN,"Stadion De Veen, Heusden-Zolder (BEL)",Night of Athletics,15 JUN 2024,2024,,C,Continental Tour,7205337,worldwide
men_800m,Heithem CHENITEF,30 JAN 2004,1:47.31,,ALG,"Stade Urbain Wallet, Amiens (FRA)",Meeting Amiens Métrropole,15 JUN 2024,2024,1.,D,Continental Tour,7205340,worldwide
men_800m,Andreas KRAMER,13 APR 1997,1:45.61,,SWE,"Sollentunavallen, Sollentuna (SWE)",Folksam GP Sollentuna,16 JUN 2024,2024,1.,C,Continental Tour,7205459,worldwide
men_800m,Edmund DU PLESSIS,05 APR 2002,1:46.04,,RSA,"Sollentunavallen, Sollentuna (SWE)",Folksam GP Sollentuna,16 JUN 2024,2024,2.,C,Continental Tour,7205459,worldwide
men_800m,Luke BOYES,05 NOV 2003,1:46.09,,AUS,"Sollentunavallen, Sollentuna (SWE)",Folksam GP Sollentuna,16 JUN 2024,2024,3.,C,Continental Tour,7205459,worldwide
men_800m,Paul ANSELMINI,02 AUG 2003,1:46.41,,FRA,"Sollentunavallen, Sollentuna (SWE)",Folksam GP Sollentuna,16 JUN 2024,2024,4.,C,Continental Tour,7205459,worldwide
men_800m,Patryk SIERADZKI,06 OCT 1998,DNF,,POL,"Sollentunavallen, Sollentuna (SWE)",Folksam GP Sollentuna,16 JUN 2024,2024,,C,Continental Tour,7205459,worldwide
men_800m,Callum DODDS,06 OCT 2000,DNF,,GBR,"Sollentunavallen, Sollentuna (SWE)",Folksam GP Sollentuna,16 JUN 2024,2024,,C,Continental Tour,7205459,worldwide
men_800m,Moad ZAHAFI,09 MAY 1998,1:45.77,,MAR,"Stade d'Athletisme Pierre Voillequin, Troyes (FRA)",Meeting International d'Athlétisme de Troyes Aube,16 JUN 2024,2024,1.,C,Continental Tour,7205336,worldwide
men_800m,Peyton CRAIG,28 MAR 2005,1:45.86,,AUS,"Stade d'Athletisme Pierre Voillequin, Troyes (FRA)",Meeting International d'Athlétisme de Troyes Aube,16 JUN 2024,2024,2.,C,Continental Tour,7205336,worldwide
men_800m,Reece SHARMAN-NEWELL,13 DEC 2002,1:46.06,,GBR,"Stade d'Athletisme Pierre Voillequin, Troyes (FRA)",Meeting International d'Athlétisme de Troyes Aube,16 JUN 2024,2024,3.,C,Continental Tour,7205336,worldwide
men_800m,Ramon WIPFLI,30 JUN 2004,1:46.24,,SUI,"Stade d'Athletisme Pierre Voillequin, Troyes (FRA)",Meeting International d'Athlétisme de Troyes Aube,16 JUN 2024,2024,4.,C,Continental Tour,7205336,worldwide
men_800m,Anicet KOZAR,08 OCT 2001,1:46.45,,FRA,"Stade d'Athletisme Pierre Voillequin, Troyes (FRA)",Meeting International d'Athlétisme de Troyes Aube,16 JUN 2024,2024,5.,C,Continental Tour,7205336,worldwide
men_800m,Thomas MARQUES DE ANDRADE,13 JAN 2004,1:46.46,,FRA,"Stade d'Athletisme Pierre Voillequin, Troyes (FRA)",Meeting International d'Athlétisme de Troyes Aube,16 JUN 2024,2024,6.,C,Continental Tour,7205336,worldwide
men_800m,Guy LEARMONTH,20 APR 1992,1:46.53,,GBR,"Stade d'Athletisme Pierre Voillequin, Troyes (FRA)",Meeting International d'Athlétisme de Troyes Aube,16 JUN 2024,2024,7.,C,Continental Tour,7205336,worldwide
men_800m,Hugo HOUYEZ,16 DEC 1995,1:48.82,,FRA,"Stade d'Athletisme Pierre Voillequin, Troyes (FRA)",Meeting International d'Athlétisme de Troyes Aube,16 JUN 2024,2024,9.,C,Continental Tour,7205336,worldwide
men_800m,Abedin MUJEZINOVIĆ,02 JUN 1993,DNF,,BIH,"Stade d'Athletisme Pierre Voillequin, Troyes (FRA)",Meeting International d'Athlétisme de Troyes Aube,16 JUN 2024,2024,,C,Continental Tour,7205336,worldwide
men_800m,Bartosz KITLIŃSKI,11 JUN 2004,1:46.90,,POL,"Forest Stadium, Sopot (POL)",Janusz Sidlo Memorial,16 JUN 2024,2024,1.,D,Continental Tour,7205392,worldwide
men_800m,Handal ROBAN,05 SEP 2002,1:47.53,,VIN,"The Bahamas National Stadium, Nassau (BAH)",NACAC New Life Invitational,16 JUN 2024,2024,1.,B,Continental Tour,7213489,worldwide
men_800m,Dennick LUKE,28 JAN 2001,1:47.64,,DMA,"The Bahamas National Stadium, Nassau (BAH)",NACAC New Life Invitational,16 JUN 2024,2024,2.,B,Continental Tour,7213489,worldwide
men_800m,Kabelo Simon MOHLOSI,20 JAN 1993,1:46.96,,RSA,"Stade du Parc de la Dodaine, Nivelles (BEL)",Meeting International EAP de Nivelles,16 JUN 2024,2024,3.,D,Continental Tour,7205575,worldwide
men_800m,Aurele VANDEPUTTE,14 MAY 1995,1:47.03,,BEL,"Stade du Parc de la Dodaine, Nivelles (BEL)",Meeting International EAP de Nivelles,16 JUN 2024,2024,4.,D,Continental Tour,7205575,worldwide
men_800m,Javier MIRON,13 DEC 1999,1:47.07,,ESP,"Stade du Parc de la Dodaine, Nivelles (BEL)",Meeting International EAP de Nivelles,16 JUN 2024,2024,5.,D,Continental Tour,7205575,worldwide
men_800m,Edose IBADIN,27 FEB 1993,1:49.36,,NGR,"Samuel Ogbemudia Stadium, Benin City (NGR)",Nigerian Championships,16 JUN 2024,2024,1.,B,National Championships,7212439,worldwide
men_800m,Edidiong UDO,31 JAN 1999,1:53.46,,NGR,"Samuel Ogbemudia Stadium, Benin City (NGR)",Nigerian Championships,16 JUN 2024,2024,2.,B,National Championships,7212439,worldwide
men_800m,Sigurd TVEIT,16 MAR 2000,1:47.03,,NOR,"Bislett Stadion, Oslo (NOR)",Boysen Memorial,18 JUN 2024,2024,1.,C,Continental Tour,7205794,worldwide
men_800m,Balázs VINDICS,28 MAR 1994,1:47.17,,HUN,"Bislett Stadion, Oslo (NOR)",Boysen Memorial,18 JUN 2024,2024,3.,C,Continental Tour,7205794,worldwide
men_800m,Ramon WIPFLI,30 JUN 2004,1:48.68,,SUI,"Bislett Stadion, Oslo (NOR)",Boysen Memorial,18 JUN 2024,2024,6.,C,Continental Tour,7205794,worldwide
men_800m,Håkon MOE BERG,26 JUN 2006,1:49.39,,NOR,"Bislett Stadion, Oslo (NOR)",Boysen Memorial,18 JUN 2024,2024,7.,C,Continental Tour,7205794,worldwide
men_800m,Andreas KRAMER,13 APR 1997,1:44.65,,SWE,"Paavo Nurmen Stadion, Turku (FIN)",Paavo Nurmi Games,18 JUN 2024,2024,1.,A,Continental Tour,7189393,worldwide
men_800m,Mark ENGLISH,18 MAR 1993,1:44.69,,IRL,"Paavo Nurmen Stadion, Turku (FIN)",Paavo Nurmi Games,18 JUN 2024,2024,2.,A,Continental Tour,7189393,worldwide
men_800m,Benjamin ROBERT,04 JAN 1998,1:44.79,,FRA,"Paavo Nurmen Stadion, Turku (FIN)",Paavo Nurmi Games,18 JUN 2024,2024,3.,A,Continental Tour,7189393,worldwide
men_800m,Adrián BEN,04 AUG 1998,1:45.16,,ESP,"Paavo Nurmen Stadion, Turku (FIN)",Paavo Nurmi Games,18 JUN 2024,2024,4.,A,Continental Tour,7189393,worldwide
men_800m,Tony VAN DIEPEN,17 APR 1996,1:45.76,,NED,"Paavo Nurmen Stadion, Turku (FIN)",Paavo Nurmi Games,18 JUN 2024,2024,5.,A,Continental Tour,7189393,worldwide
men_800m,Ferguson Cheruiyot ROTICH,30 NOV 1989,1:46.41,,KEN,"Paavo Nurmen Stadion, Turku (FIN)",Paavo Nurmi Games,18 JUN 2024,2024,6.,A,Continental Tour,7189393,worldwide
men_800m,Patryk SIERADZKI,06 OCT 1998,DNF,,POL,"Paavo Nurmen Stadion, Turku (FIN)",Paavo Nurmi Games,18 JUN 2024,2024,,A,Continental Tour,7189393,worldwide
men_800m,Chamar CHAMBERS,31 OCT 1997,1:46.56,,PAN,"Estadio Brigido Iriarte, Caracas (VEN)",Grand Prix Sudamericano Memorial Brigido Iriarte,20 JUN 2024,2024,1.,D,Continental Tour,7214149,worldwide
men_800m,Andreas KRAMER,13 APR 1997,1:44.08,,SWE,"Zdzisław Krzyszkowiak Stadium, Bydgoszcz (POL)",6th Irena Szewińska Memorial,20 JUN 2024,2024,1.,A,Continental Tour,7178052,worldwide
men_800m,Mohamed Ali GOUANED,05 JUL 2002,1:44.37,,ALG,"Zdzisław Krzyszkowiak Stadium, Bydgoszcz (POL)",6th Irena Szewińska Memorial,20 JUN 2024,2024,2.,A,Continental Tour,7178052,worldwide
men_800m,Abdelati EL GUESSE,27 FEB 1993,1:44.62,,MAR,"Zdzisław Krzyszkowiak Stadium, Bydgoszcz (POL)",6th Irena Szewińska Memorial,20 JUN 2024,2024,3.,A,Continental Tour,7178052,worldwide
men_800m,Jakub DUDYCHA,05 SEP 2005,1:44.82,,CZE,"Zdzisław Krzyszkowiak Stadium, Bydgoszcz (POL)",6th Irena Szewińska Memorial,20 JUN 2024,2024,4.,A,Continental Tour,7178052,worldwide
men_800m,Simone BARONTINI,05 JAN 1999,1:45.11,,ITA,"Zdzisław Krzyszkowiak Stadium, Bydgoszcz (POL)",6th Irena Szewińska Memorial,20 JUN 2024,2024,5.,A,Continental Tour,7178052,worldwide
men_800m,Bartosz KITLIŃSKI,11 JUN 2004,1:45.13,,POL,"Zdzisław Krzyszkowiak Stadium, Bydgoszcz (POL)",6th Irena Szewińska Memorial,20 JUN 2024,2024,6.,A,Continental Tour,7178052,worldwide
men_800m,Reece SHARMAN-NEWELL,13 DEC 2002,1:45.16,,GBR,"Zdzisław Krzyszkowiak Stadium, Bydgoszcz (POL)",6th Irena Szewińska Memorial,20 JUN 2024,2024,7.,A,Continental Tour,7178052,worldwide
men_800m,Filip OSTROWSKI,12 JUL 2001,1:45.22,,POL,"Zdzisław Krzyszkowiak Stadium, Bydgoszcz (POL)",6th Irena Szewińska Memorial,20 JUN 2024,2024,8.,A,Continental Tour,7178052,worldwide
men_800m,Ryan CLARKE,17 NOV 1997,1:45.31,,NED,"Zdzisław Krzyszkowiak Stadium, Bydgoszcz (POL)",6th Irena Szewińska Memorial,20 JUN 2024,2024,9.,A,Continental Tour,7178052,worldwide
men_800m,Patryk SIERADZKI,06 OCT 1998,1:45.89,,POL,"Zdzisław Krzyszkowiak Stadium, Bydgoszcz (POL)",6th Irena Szewińska Memorial,20 JUN 2024,2024,10.,A,Continental Tour,7178052,worldwide
men_800m,Thomas RANDOLPH,07 FEB 1999,1:45.94,,GBR,"Zdzisław Krzyszkowiak Stadium, Bydgoszcz (POL)",6th Irena Szewińska Memorial,20 JUN 2024,2024,11.,A,Continental Tour,7178052,worldwide
men_800m,Kacper LEWALSKI,07 MAY 2003,1:46.97,,POL,"Zdzisław Krzyszkowiak Stadium, Bydgoszcz (POL)",6th Irena Szewińska Memorial,20 JUN 2024,2024,12.,A,Continental Tour,7178052,worldwide
men_800m,Mateusz BORKOWSKI,02 APR 1997,1:48.04,,POL,"Zdzisław Krzyszkowiak Stadium, Bydgoszcz (POL)",6th Irena Szewińska Memorial,20 JUN 2024,2024,13.,A,Continental Tour,7178052,worldwide
men_800m,Alex AMANKWA,02 MAR 1992,1:46.23,,GHA,"Piste Ben Leduc, Montréal (CAN)",La Classique d'athlétisme de Montréal,21 JUN 2024,2024,1.,C,Continental Tour,7204992,worldwide
men_800m,Handal ROBAN,05 SEP 2002,1:46.84,,VIN,"Piste Ben Leduc, Montréal (CAN)",La Classique d'athlétisme de Montréal,21 JUN 2024,2024,3.,C,Continental Tour,7204992,worldwide
men_800m,Abdullahi HASSAN,28 JUL 2002,1:47.09,,CAN,"Piste Ben Leduc, Montréal (CAN)",La Classique d'athlétisme de Montréal,21 JUN 2024,2024,4.,C,Continental Tour,7204992,worldwide
men_800m,Quamel PRINCE,20 APR 1994,1:48.20,,GUY,"Piste Ben Leduc, Montréal (CAN)",La Classique d'athlétisme de Montréal,21 JUN 2024,2024,6.,C,Continental Tour,7204992,worldwide
men_800m,Eliott CRESTAN,22 FEB 1999,1:44.28,,BEL,"Estadio Vallehermoso, Madrid (ESP)",Meeting Madrid 2024,21 JUN 2024,2024,1.,B,Continental Tour,7205334,worldwide
men_800m,Adrián BEN,04 AUG 1998,1:44.41,,ESP,"Estadio Vallehermoso, Madrid (ESP)",Meeting Madrid 2024,21 JUN 2024,2024,2.,B,Continental Tour,7205334,worldwide
men_800m,Edmund DU PLESSIS,05 APR 2002,1:44.49,,RSA,"Estadio Vallehermoso, Madrid (ESP)",Meeting Madrid 2024,21 JUN 2024,2024,3.,B,Continental Tour,7205334,worldwide
men_800m,Mark ENGLISH,18 MAR 1993,1:44.53,,IRL,"Estadio Vallehermoso, Madrid (ESP)",Meeting Madrid 2024,21 JUN 2024,2024,4.,B,Continental Tour,7205334,worldwide
men_800m,Paul ANSELMINI,02 AUG 2003,1:44.81,,FRA,"Estadio Vallehermoso, Madrid (ESP)",Meeting Madrid 2024,21 JUN 2024,2024,5.,B,Continental Tour,7205334,worldwide
men_800m,Moad ZAHAFI,09 MAY 1998,1:44.92,,MAR,"Estadio Vallehermoso, Madrid (ESP)",Meeting Madrid 2024,21 JUN 2024,2024,6.,B,Continental Tour,7205334,worldwide
men_800m,Álvaro DE ARRIBA,02 JUN 1994,1:45.24,,ESP,"Estadio Vallehermoso, Madrid (ESP)",Meeting Madrid 2024,21 JUN 2024,2024,7.,B,Continental Tour,7205334,worldwide
men_800m,Francesco PERNICI,18 FEB 2003,1:45.26,,ITA,"Estadio Vallehermoso, Madrid (ESP)",Meeting Madrid 2024,21 JUN 2024,2024,8.,B,Continental Tour,7205334,worldwide
men_800m,Luke BOYES,05 NOV 2003,1:45.53,,AUS,"Estadio Vallehermoso, Madrid (ESP)",Meeting Madrid 2024,21 JUN 2024,2024,9.,B,Continental Tour,7205334,worldwide
men_800m,Callum DODDS,06 OCT 2000,1:45.93,,GBR,"Estadio Vallehermoso, Madrid (ESP)",Meeting Madrid 2024,21 JUN 2024,2024,10.,B,Continental Tour,7205334,worldwide
men_800m,Tony VAN DIEPEN,17 APR 1996,1:46.56,,NED,"Estadio Vallehermoso, Madrid (ESP)",Meeting Madrid 2024,21 JUN 2024,2024,11.,B,Continental Tour,7205334,worldwide
men_800m,Bryce HOPPEL,05 SEP 1997,1:42.77,,USA,"Hayward Field, Eugene, OR (USA)",U.S. Olympic Team Trials,30 JUN 2024,2024,1.,B,National Championships,7209387,worldwide
men_800m,Hobbs KESSLER,15 MAR 2003,1:43.64,,USA,"Hayward Field, Eugene, OR (USA)",U.S. Olympic Team Trials,30 JUN 2024,2024,2.,B,National Championships,7209387,worldwide
men_800m,Brandon MILLER,30 JAN 2002,1:43.97,,USA,"Hayward Field, Eugene, OR (USA)",U.S. Olympic Team Trials,30 JUN 2024,2024,3.,B,National Championships,7209387,worldwide
men_800m,Josh HOEY,01 NOV 1999,1:44.12,,USA,"Hayward Field, Eugene, OR (USA)",U.S. Olympic Team Trials,30 JUN 2024,2024,4.,B,National Championships,7209387,worldwide
men_800m,Jonah KOECH,12 DEC 1996,1:44.32,,USA,"Hayward Field, Eugene, OR (USA)",U.S. Olympic Team Trials,30 JUN 2024,2024,5.,B,National Championships,7209387,worldwide
men_800m,Shane COHEN,25 JAN 2001,1:44.65,,USA,"Hayward Field, Eugene, OR (USA)",U.S. Olympic Team Trials,30 JUN 2024,2024,6.,B,National Championships,7209387,worldwide
men_800m,Clayton MURPHY,26 FEB 1995,1:44.80,,USA,"Hayward Field, Eugene, OR (USA)",U.S. Olympic Team Trials,30 JUN 2024,2024,7.,B,National Championships,7209387,worldwide
men_800m,Abraham ALVARADO,04 AUG 1995,1:44.90,,USA,"Hayward Field, Eugene, OR (USA)",U.S. Olympic Team Trials,30 JUN 2024,2024,8.,B,National Championships,7209387,worldwide
men_800m,Tinoda MATSATSA,20 SEP 2004,1:45.70,,USA,"Hayward Field, Eugene, OR (USA)",U.S. Olympic Team Trials,30 JUN 2024,2024,9.,B,National Championships,7209387,worldwide
men_800m,Alex Ngeno KIPNGETICH,17 AUG 2000,1:45.02,,KEN,"Stade Omnisport de JAPOMA, Douala (CMR)",African Athletics Championships,23 JUN 2024,2024,1.,GL,Area Champs,7212479,worldwide
men_800m,Kethobogile HAINGURA,14 DEC 1998,1:45.54,,BOT,"Stade Omnisport de JAPOMA, Douala (CMR)",African Athletics Championships,23 JUN 2024,2024,2.,GL,Area Champs,7212479,worldwide
men_800m,Tom DRADRIGA,17 JUN 1996,1:46.01,,UGA,"Stade Omnisport de JAPOMA, Douala (CMR)",African Athletics Championships,23 JUN 2024,2024,3.,GL,Area Champs,7212479,worldwide
men_800m,Tumo NKAPE,24 JUN 1998,1:46.69,,BOT,"Stade Omnisport de JAPOMA, Douala (CMR)",African Athletics Championships,23 JUN 2024,2024,4.,GL,Area Champs,7212479,worldwide
men_800m,Eric NZIKWINKUNDA,01 JAN 1997,1:47.09,,BDI,"Stade Omnisport de JAPOMA, Douala (CMR)",African Athletics Championships,23 JUN 2024,2024,5.,GL,Area Champs,7212479,worldwide
men_800m,Edose IBADIN,27 FEB 1993,1:47.95,,NGR,"Stade Omnisport de JAPOMA, Douala (CMR)",African Athletics Championships,23 JUN 2024,2024,6.,GL,Area Champs,7212479,worldwide
men_800m,Yohanes TEFERA,28 MAR 2004,2:01.76,,ETH,"Stade Omnisport de JAPOMA, Douala (CMR)",African Athletics Championships,23 JUN 2024,2024,8.,GL,Area Champs,7212479,worldwide
men_800m,Abedin MUJEZINOVIĆ,02 JUN 1993,1:47.23,,BIH,"Altamira estadioa, Ordizia (ESP)",VIII Ordizia Meeting - International Meeting Jose Antonio Peña,22 JUN 2024,2024,3.,D,Continental Tour,7205673,worldwide
men_800m,Ole Jakob HØSTELAND SOLBU,19 AUG 2003,1:51.10,,NOR,"Altamira estadioa, Ordizia (ESP)",VIII Ordizia Meeting - International Meeting Jose Antonio Peña,22 JUN 2024,2024,10.,D,Continental Tour,7205673,worldwide
men_800m,Reece SHARMAN-NEWELL,13 DEC 2002,1:45.12,,GBR,"Paula Radcliffe Stadium, Loughborough (GBR)",British Milers Club Grand Prix,22 JUN 2024,2024,1.,D,Continental Tour,7205892,worldwide
men_800m,Ethan HUSSEY,05 MAR 2003,1:46.41,,GBR,"Paula Radcliffe Stadium, Loughborough (GBR)",British Milers Club Grand Prix,22 JUN 2024,2024,2.,D,Continental Tour,7205892,worldwide
men_800m,Piers COPELAND,26 NOV 1998,1:47.93,,GBR,"Paula Radcliffe Stadium, Loughborough (GBR)",British Milers Club Grand Prix,22 JUN 2024,2024,4.,D,Continental Tour,7205892,worldwide
men_800m,Mohamed Ali GOUANED,05 JUL 2002,1:44.60,,ALG,"Golęcin Stadion, Poznan (POL)",Czesław Cybulski Memorial,23 JUN 2024,2024,1.,B,Continental Tour,7205394,worldwide
men_800m,Ryan CLARKE,17 NOV 1997,1:45.03,,NED,"Golęcin Stadion, Poznan (POL)",Czesław Cybulski Memorial,23 JUN 2024,2024,2.,B,Continental Tour,7205394,worldwide
men_800m,Jakub DUDYCHA,05 SEP 2005,1:45.14,,CZE,"Golęcin Stadion, Poznan (POL)",Czesław Cybulski Memorial,23 JUN 2024,2024,3.,B,Continental Tour,7205394,worldwide
men_800m,Heithem CHENITEF,30 JAN 2004,1:45.51,,ALG,"Golęcin Stadion, Poznan (POL)",Czesław Cybulski Memorial,23 JUN 2024,2024,4.,B,Continental Tour,7205394,worldwide
men_800m,Bartosz KITLIŃSKI,11 JUN 2004,1:45.64,,POL,"Golęcin Stadion, Poznan (POL)",Czesław Cybulski Memorial,23 JUN 2024,2024,5.,B,Continental Tour,7205394,worldwide
men_800m,Maciej WYDERKA,29 JUL 2002,1:45.66,,POL,"Golęcin Stadion, Poznan (POL)",Czesław Cybulski Memorial,23 JUN 2024,2024,6.,B,Continental Tour,7205394,worldwide
men_800m,Edmund DU PLESSIS,05 APR 2002,1:45.94,,RSA,"Golęcin Stadion, Poznan (POL)",Czesław Cybulski Memorial,23 JUN 2024,2024,7.,B,Continental Tour,7205394,worldwide
men_800m,Marino BLOUDEK,18 JUL 1999,1:45.99,,CRO,"Golęcin Stadion, Poznan (POL)",Czesław Cybulski Memorial,23 JUN 2024,2024,8.,B,Continental Tour,7205394,worldwide
men_800m,Filip OSTROWSKI,12 JUL 2001,1:46.60,,POL,"Golęcin Stadion, Poznan (POL)",Czesław Cybulski Memorial,23 JUN 2024,2024,9.,B,Continental Tour,7205394,worldwide
men_800m,Patryk SIERADZKI,06 OCT 1998,1:46.78,,POL,"Golęcin Stadion, Poznan (POL)",Czesław Cybulski Memorial,23 JUN 2024,2024,10.,B,Continental Tour,7205394,worldwide
men_800m,Michał ROZMYS,13 MAR 1995,1:48.19,,POL,"Golęcin Stadion, Poznan (POL)",Czesław Cybulski Memorial,23 JUN 2024,2024,11.,B,Continental Tour,7205394,worldwide
men_800m,Elvin Josué CANALES,05 SEP 2001,1:44.49,,HON,"Pista atletismo Fuente de la Niña, Guadalajara (ESP)",Meeting Guadalajara Atletismo Puma,23 JUN 2024,2024,1.,D,Continental Tour,7213498,worldwide
men_800m,Moad ZAHAFI,09 MAY 1998,1:44.79,,MAR,"Pista atletismo Fuente de la Niña, Guadalajara (ESP)",Meeting Guadalajara Atletismo Puma,23 JUN 2024,2024,2.,D,Continental Tour,7213498,worldwide
men_800m,Saúl ORDÓÑEZ,10 APR 1994,1:44.89,,ESP,"Pista atletismo Fuente de la Niña, Guadalajara (ESP)",Meeting Guadalajara Atletismo Puma,23 JUN 2024,2024,3.,D,Continental Tour,7213498,worldwide
men_800m,Álvaro DE ARRIBA,02 JUN 1994,1:45.00,,ESP,"Pista atletismo Fuente de la Niña, Guadalajara (ESP)",Meeting Guadalajara Atletismo Puma,23 JUN 2024,2024,4.,D,Continental Tour,7213498,worldwide
men_800m,Luke BOYES,05 NOV 2003,1:45.13,,AUS,"Pista atletismo Fuente de la Niña, Guadalajara (ESP)",Meeting Guadalajara Atletismo Puma,23 JUN 2024,2024,5.,D,Continental Tour,7213498,worldwide
men_800m,Samuel CHAPPLE,23 NOV 1998,1:45.34,,NED,"Pista atletismo Fuente de la Niña, Guadalajara (ESP)",Meeting Guadalajara Atletismo Puma,23 JUN 2024,2024,6.,D,Continental Tour,7213498,worldwide
men_800m,Ebrahim Remaid ALZOFAIRI,08 MAY 1989,1:45.42,,KUW,"Pista atletismo Fuente de la Niña, Guadalajara (ESP)",Meeting Guadalajara Atletismo Puma,23 JUN 2024,2024,7.,D,Continental Tour,7213498,worldwide
men_800m,Javier MIRON,13 DEC 1999,1:45.62,,ESP,"Pista atletismo Fuente de la Niña, Guadalajara (ESP)",Meeting Guadalajara Atletismo Puma,23 JUN 2024,2024,8.,D,Continental Tour,7213498,worldwide
men_800m,Alex BOTTERILL,18 JAN 2000,1:46.09,,GBR,"Pista atletismo Fuente de la Niña, Guadalajara (ESP)",Meeting Guadalajara Atletismo Puma,23 JUN 2024,2024,9.,D,Continental Tour,7213498,worldwide
men_800m,Abdirahman Saeed HASSAN,13 APR 1997,1:46.81,,QAT,"Pista atletismo Fuente de la Niña, Guadalajara (ESP)",Meeting Guadalajara Atletismo Puma,23 JUN 2024,2024,10.,D,Continental Tour,7213498,worldwide
men_800m,Salim Abu MAYANJA,09 OCT 1995,1:49.83,,UGA,"Pista atletismo Fuente de la Niña, Guadalajara (ESP)",Meeting Guadalajara Atletismo Puma,23 JUN 2024,2024,11.,D,Continental Tour,7213498,worldwide
men_800m,Marco AROP,20 SEP 1998,1:43.71,,CAN,"Complexe Sportif Claude-Robillard, Montréal (CAN)",Canadian Championships,29 JUN 2024,2024,1.,B,National Championships,7207284,worldwide
men_800m,Matthew ERICKSON,11 MAR 2003,1:46.79,,CAN,"Complexe Sportif Claude-Robillard, Montréal (CAN)",Canadian Championships,29 JUN 2024,2024,3.,B,National Championships,7207284,worldwide
men_800m,Abdullahi HASSAN,28 JUL 2002,1:47.55,,CAN,"Complexe Sportif Claude-Robillard, Montréal (CAN)",Canadian Championships,29 JUN 2024,2024,4.,B,National Championships,7207284,worldwide
men_800m,Navasky ANDERSON,21 JAN 2000,1:47.01,,JAM,"National Stadium, Kingston (JAM)",Jamaican Championships,28 JUN 2024,2024,2.,B,National Championships,7211616,worldwide
men_800m,Dennick LUKE,28 JAN 2001,1:47.36,,DMA,"National Stadium, Kingston (JAM)",Jamaican Championships,28 JUN 2024,2024,OC,B,National Championships,7211616,worldwide
men_800m,Filip OSTROWSKI,12 JUL 2001,1:50.58,,POL,"Zdzisław Krzyszkowiak Stadium, Bydgoszcz (POL)",Polish Championships,28 JUN 2024,2024,1.,B,National Championships,7204650,worldwide
men_800m,Mateusz BORKOWSKI,02 APR 1997,1:50.72,,POL,"Zdzisław Krzyszkowiak Stadium, Bydgoszcz (POL)",Polish Championships,28 JUN 2024,2024,2.,B,National Championships,7204650,worldwide
men_800m,Patryk SIERADZKI,06 OCT 1998,1:50.72,,POL,"Zdzisław Krzyszkowiak Stadium, Bydgoszcz (POL)",Polish Championships,28 JUN 2024,2024,2.,B,National Championships,7204650,worldwide
men_800m,Kacper LEWALSKI,07 MAY 2003,1:51.11,,POL,"Zdzisław Krzyszkowiak Stadium, Bydgoszcz (POL)",Polish Championships,28 JUN 2024,2024,4.,B,National Championships,7204650,worldwide
men_800m,Bartosz KITLIŃSKI,11 JUN 2004,1:51.32,,POL,"Zdzisław Krzyszkowiak Stadium, Bydgoszcz (POL)",Polish Championships,28 JUN 2024,2024,5.,B,National Championships,7204650,worldwide
men_800m,Michał ROZMYS,13 MAR 1995,1:51.48,,POL,"Zdzisław Krzyszkowiak Stadium, Bydgoszcz (POL)",Polish Championships,28 JUN 2024,2024,6.,B,National Championships,7204650,worldwide
men_800m,Tobias GRØNSTAD,06 JUL 2002,1:57.37,,NOR,"Sandnes Stadion, Sandnes (NOR)",Norwegian Championships,29 JUN 2024,2024,1.,B,National Championships,7203633,worldwide
men_800m,Sigurd TVEIT,16 MAR 2000,1:57.53,,NOR,"Sandnes Stadion, Sandnes (NOR)",Norwegian Championships,29 JUN 2024,2024,2.,B,National Championships,7203633,worldwide
men_800m,Ko OCHIAI,17 AUG 2006,1:46.56,,JPN,"Denka Big Swan Stadium, Niigata (JPN)",Japanese Championships,30 JUN 2024,2024,1.,B,National Championships,7212124,worldwide
men_800m,Sho KAWAMOTO,01 MAR 1993,1:47.66,,JPN,"Denka Big Swan Stadium, Niigata (JPN)",Japanese Championships,30 JUN 2024,2024,2.,B,National Championships,7212124,worldwide
men_800m,Joonas RINNE,20 MAY 1995,1:52.13,,FIN,"Kaarlen kenttä, Vaasa (FIN)",Finnish Championships,30 JUN 2024,2024,1.,B,National Championships,7205744,worldwide
men_800m,Robert FARKEN,20 SEP 1997,1:48.90,,GER,"Eintracht-Stadion, Braunschweig (GER)",German Championships,30 JUN 2024,2024,1.,B,National Championships,7213792,worldwide
men_800m,Marvin HEINRICH,29 JAN 1997,1:49.89,,GER,"Eintracht-Stadion, Braunschweig (GER)",German Championships,30 JUN 2024,2024,3.,B,National Championships,7213792,worldwide
men_800m,Alexander STEPANOV,30 SEP 2004,1:50.32,,GER,"Eintracht-Stadion, Braunschweig (GER)",German Championships,30 JUN 2024,2024,4.,B,National Championships,7213792,worldwide
men_800m,Karl BEBENDORF,07 MAY 1996,1:51.60,,GER,"Eintracht-Stadion, Braunschweig (GER)",German Championships,30 JUN 2024,2024,7.,B,National Championships,7213792,worldwide
men_800m,Andreas KRAMER,13 APR 1997,1:49.73,,SWE,"Rimnersvallen, Uddevalla (SWE)",Swedish Championships,30 JUN 2024,2024,1.,B,National Championships,7207644,worldwide
men_800m,Samuel PIHLSTRÖM,08 MAR 2001,1:50.04,,SWE,"Rimnersvallen, Uddevalla (SWE)",Swedish Championships,30 JUN 2024,2024,2.,B,National Championships,7207644,worldwide
men_800m,Erik MARTINSSON,25 SEP 1996,1:50.74,,SWE,"Rimnersvallen, Uddevalla (SWE)",Swedish Championships,30 JUN 2024,2024,3.,B,National Championships,7207644,worldwide
men_800m,Gabriel TUAL,09 APR 1998,1:43.99,,FRA,"Stade Josette et Roger Mikulak, Angers (FRA)",French Championships,30 JUN 2024,2024,1.,B,National Championships,7205979,worldwide
men_800m,Benjamin ROBERT,04 JAN 1998,1:44.99,,FRA,"Stade Josette et Roger Mikulak, Angers (FRA)",French Championships,30 JUN 2024,2024,2.,B,National Championships,7205979,worldwide
men_800m,Corentin LE CLEZIO,24 SEP 1999,1:45.23,,FRA,"Stade Josette et Roger Mikulak, Angers (FRA)",French Championships,30 JUN 2024,2024,3.,B,National Championships,7205979,worldwide
men_800m,Yanis MEZIANE,26 JAN 2002,1:45.47,,FRA,"Stade Josette et Roger Mikulak, Angers (FRA)",French Championships,30 JUN 2024,2024,4.,B,National Championships,7205979,worldwide
men_800m,Louey OUERRAT,04 NOV 2004,1:45.93,,FRA,"Stade Josette et Roger Mikulak, Angers (FRA)",French Championships,30 JUN 2024,2024,5.,B,National Championships,7205979,worldwide
men_800m,Corentin MAGNOU,22 SEP 2001,1:48.37,,FRA,"Stade Josette et Roger Mikulak, Angers (FRA)",French Championships,30 JUN 2024,2024,7.,B,National Championships,7205979,worldwide
men_800m,Jesus Tonatiu LÓPEZ,02 AUG 1997,1:47.42,,MEX,"Centro Deportivo Olímpico Mexicano, Ciudad de México (MEX)",Mexican Championships,30 JUN 2024,2024,1.,B,National Championships,7212140,worldwide
men_800m,Mohamed ATTAOUI,26 SEP 2001,1:45.03,,ESP,"Estadi Olímpic Camilo Cano, La Nucia (ESP)",Spanish Championships,30 JUN 2024,2024,1.,B,National Championships,7209778,worldwide
men_800m,Elvin Josué CANALES,05 SEP 2001,1:45.53,,ESP,"Estadi Olímpic Camilo Cano, La Nucia (ESP)",Spanish Championships,30 JUN 2024,2024,2.,B,National Championships,7209778,worldwide
men_800m,Adrián BEN,04 AUG 1998,1:45.55,,ESP,"Estadi Olímpic Camilo Cano, La Nucia (ESP)",Spanish Championships,30 JUN 2024,2024,3.,B,National Championships,7209778,worldwide
men_800m,Mariano GARCÍA,25 SEP 1997,1:45.92,,ESP,"Estadi Olímpic Camilo Cano, La Nucia (ESP)",Spanish Championships,30 JUN 2024,2024,4.,B,National Championships,7209778,worldwide
men_800m,Álvaro DE ARRIBA,02 JUN 1994,1:46.07,,ESP,"Estadi Olímpic Camilo Cano, La Nucia (ESP)",Spanish Championships,30 JUN 2024,2024,5.,B,National Championships,7209778,worldwide
men_800m,Saúl ORDÓÑEZ,10 APR 1994,1:46.53,,ESP,"Estadi Olímpic Camilo Cano, La Nucia (ESP)",Spanish Championships,30 JUN 2024,2024,6.,B,National Championships,7209778,worldwide
men_800m,Ryan CLARKE,17 NOV 1997,1:45.31,,NED,"FBK Stadium, Hengelo (NED)",Dutch Championships,29 JUN 2024,2024,1.,B,National Championships,7211929,worldwide
men_800m,Samuel CHAPPLE,23 NOV 1998,1:45.63,,NED,"FBK Stadium, Hengelo (NED)",Dutch Championships,29 JUN 2024,2024,2.,B,National Championships,7211929,worldwide
men_800m,Tony VAN DIEPEN,17 APR 1996,1:46.35,,NED,"FBK Stadium, Hengelo (NED)",Dutch Championships,29 JUN 2024,2024,3.,B,National Championships,7211929,worldwide
men_800m,Ramon WIPFLI,30 JUN 2004,1:46.72,,SUI,"Stadion Deutweg, Winterthur (SUI)",Swiss Championships,29 JUN 2024,2024,1.,B,National Championships,7210162,worldwide
men_800m,Ivan PELIZZA,17 DEC 2000,1:48.62,,SUI,"Stadion Deutweg, Winterthur (SUI)",Swiss Championships,29 JUN 2024,2024,3.,B,National Championships,7210162,worldwide
men_800m,Tibo DE SMET,28 MAY 1999,1:46.88,,BEL,"Boudewijnstadion, Bruxelles (BEL)",Belgian Championships,30 JUN 2024,2024,1.,B,National Championships,7211001,worldwide
men_800m,Aurele VANDEPUTTE,14 MAY 1995,1:47.28,,BEL,"Boudewijnstadion, Bruxelles (BEL)",Belgian Championships,30 JUN 2024,2024,2.,B,National Championships,7211001,worldwide
men_800m,Moad ZAHAFI,09 MAY 1998,1:46.46,,MAR,Sale (MAR),Moroccan Championships,29 JUN 2024,2024,1.,B,National Championships,7214247,worldwide
men_800m,Ben PATTISON,15 DEC 2001,1:45.49,,GBR,"Manchester Regional Arena, Manchester (GBR)",UK Championships,30 JUN 2024,2024,1.,B,National Championships,7213161,worldwide
men_800m,Max BURGIN,20 MAY 2002,1:46.01,,GBR,"Manchester Regional Arena, Manchester (GBR)",UK Championships,30 JUN 2024,2024,2.,B,National Championships,7213161,worldwide
men_800m,Finley MCLEAR,25 MAY 2000,1:46.33,,GBR,"Manchester Regional Arena, Manchester (GBR)",UK Championships,30 JUN 2024,2024,3.,B,National Championships,7213161,worldwide
men_800m,Thomas RANDOLPH,07 FEB 1999,1:46.35,,GBR,"Manchester Regional Arena, Manchester (GBR)",UK Championships,30 JUN 2024,2024,4.,B,National Championships,7213161,worldwide
men_800m,Reece SHARMAN-NEWELL,13 DEC 2002,1:46.89,,GBR,"Manchester Regional Arena, Manchester (GBR)",UK Championships,30 JUN 2024,2024,5.,B,National Championships,7213161,worldwide
men_800m,Callum DODDS,06 OCT 2000,1:47.58,,GBR,"Manchester Regional Arena, Manchester (GBR)",UK Championships,30 JUN 2024,2024,6.,B,National Championships,7213161,worldwide
men_800m,Josh KERR,08 OCT 1997,1:53.96,,GBR,"Manchester Regional Arena, Manchester (GBR)",UK Championships,30 JUN 2024,2024,7.,B,National Championships,7213161,worldwide
men_800m,Ethan HUSSEY,05 MAR 2003,1:54.57,,GBR,"Manchester Regional Arena, Manchester (GBR)",UK Championships,30 JUN 2024,2024,8.,B,National Championships,7213161,worldwide
men_800m,Elliot GILES,26 MAY 1994,2:19.43,,GBR,"Manchester Regional Arena, Manchester (GBR)",UK Championships,30 JUN 2024,2024,9.,B,National Championships,7213161,worldwide
men_800m,Simone BARONTINI,05 JAN 1999,1:45.84,,ITA,"Centro Sportivo A. Montagna, La Spezia (ITA)",Italian Championships,30 JUN 2024,2024,1.,B,National Championships,7209929,worldwide
men_800m,Francesco PERNICI,18 FEB 2003,1:45.89,,ITA,"Centro Sportivo A. Montagna, La Spezia (ITA)",Italian Championships,30 JUN 2024,2024,2.,B,National Championships,7209929,worldwide
men_800m,Amel TUKA,09 JAN 1991,1:47.29,,BIH,"Stadion, Rogatica (BIH)",Bosnia & Herzegovina Championships,30 JUN 2024,2024,1.,B,National Championships,7207789,worldwide
men_800m,Robert PARGE,25 APR 1997,1:50.40,,ROU,"Cluj Arena, Cluj-Napoca (ROU)",Romanian Championships,30 JUN 2024,2024,3.,B,National Championships,7213406,worldwide
men_800m,Ivan IVANOV,09 MAR 2002,1:50.10,,BUL,"Stadium Ivaylo, Veliko Tarnovo (BUL)",Bulgarian Championships,30 JUN 2024,2024,1.,B,National Championships,7206416,worldwide
men_800m,Mark ENGLISH,18 MAR 1993,1:49.18,,IRL,"Morton Stadium, Santry, Dublin (IRL)",Irish Championships,30 JUN 2024,2024,1.,B,National Championships,7206221,worldwide
men_800m,Jakub DUDYCHA,05 SEP 2005,1:45.23,,CZE,"Stadion Mládeže, Zlín (CZE)",Czech Championships,30 JUN 2024,2024,1.,B,National Championships,7207904,worldwide
men_800m,Jan TESAŘ,26 MAR 1990,1:51.01,,CZE,"Stadion Mládeže, Zlín (CZE)",Czech Championships,30 JUN 2024,2024,4.,B,National Championships,7207904,worldwide
men_800m,Andreas KRAMER,13 APR 1997,1:47.32,,SWE,"Sola Arena, Karlstad (SWE)",Folksam Grand Prix Karlstad,04 JUL 2024,2024,1.,C,Continental Tour,7205462,worldwide
men_800m,Luke BOYES,05 NOV 2003,1:47.72,,AUS,"Sola Arena, Karlstad (SWE)",Folksam Grand Prix Karlstad,04 JUL 2024,2024,2.,C,Continental Tour,7205462,worldwide
men_800m,Tiarnan CRORKEN,13 JUN 1999,1:47.82,,GBR,"Sola Arena, Karlstad (SWE)",Folksam Grand Prix Karlstad,04 JUL 2024,2024,3.,C,Continental Tour,7205462,worldwide
men_800m,Amel TUKA,09 JAN 1991,1:48.66,,BIH,"Sola Arena, Karlstad (SWE)",Folksam Grand Prix Karlstad,04 JUL 2024,2024,5.,C,Continental Tour,7205462,worldwide
men_800m,Sigurd TVEIT,16 MAR 2000,1:56.23,,NOR,"Sola Arena, Karlstad (SWE)",Folksam Grand Prix Karlstad,04 JUL 2024,2024,8.,C,Continental Tour,7205462,worldwide
men_800m,Patryk SIERADZKI,06 OCT 1998,DNF,,POL,"Sola Arena, Karlstad (SWE)",Folksam Grand Prix Karlstad,04 JUL 2024,2024,,C,Continental Tour,7205462,worldwide
men_800m,Edmund DU PLESSIS,05 APR 2002,1:45.72,,RSA,"Stade Jean Adret, Sotteville-lès-Rouen (FRA)",Meeting International Sotteville 2024,04 JUL 2024,2024,1.,B,Continental Tour,7206115,worldwide
men_800m,Abdelati EL GUESSE,27 FEB 1993,1:45.94,,MAR,"Stade Jean Adret, Sotteville-lès-Rouen (FRA)",Meeting International Sotteville 2024,04 JUL 2024,2024,2.,B,Continental Tour,7206115,worldwide
men_800m,Álvaro DE ARRIBA,02 JUN 1994,1:46.05,,ESP,"Stade Jean Adret, Sotteville-lès-Rouen (FRA)",Meeting International Sotteville 2024,04 JUL 2024,2024,3.,B,Continental Tour,7206115,worldwide
men_800m,Moad ZAHAFI,09 MAY 1998,1:46.27,,MAR,"Stade Jean Adret, Sotteville-lès-Rouen (FRA)",Meeting International Sotteville 2024,04 JUL 2024,2024,4.,B,Continental Tour,7206115,worldwide
men_800m,Louey OUERRAT,04 NOV 2004,1:46.65,,FRA,"Stade Jean Adret, Sotteville-lès-Rouen (FRA)",Meeting International Sotteville 2024,04 JUL 2024,2024,5.,B,Continental Tour,7206115,worldwide
men_800m,Anicet KOZAR,08 OCT 2001,1:47.18,,FRA,"Stade Jean Adret, Sotteville-lès-Rouen (FRA)",Meeting International Sotteville 2024,04 JUL 2024,2024,7.,B,Continental Tour,7206115,worldwide
men_800m,Thomas MARQUES DE ANDRADE,13 JAN 2004,1:47.42,,FRA,"Stade Jean Adret, Sotteville-lès-Rouen (FRA)",Meeting International Sotteville 2024,04 JUL 2024,2024,8.,B,Continental Tour,7206115,worldwide
men_800m,Collins KIPRUTO,12 APR 1994,1:48.53,,KEN,"Stade Jean Adret, Sotteville-lès-Rouen (FRA)",Meeting International Sotteville 2024,04 JUL 2024,2024,9.,B,Continental Tour,7206115,worldwide
men_800m,Justin DAVIES,06 FEB 2003,1:46.05,,GBR,"Birmingham University Athletics Track, Birmingham (GBR)",British Milers Club Grand Prix,06 JUL 2024,2024,1.,D,Continental Tour,7205890,worldwide
men_800m,Henry JONAS,08 JUN 2005,1:48.10,,GBR,"Birmingham University Athletics Track, Birmingham (GBR)",British Milers Club Grand Prix,06 JUL 2024,2024,5.,D,Continental Tour,7205890,worldwide
men_800m,Edmund DU PLESSIS,05 APR 2002,1:45.40,,RSA,"Munster Technological University Track, Cork (IRL)",Cork City Sports,09 JUL 2024,2024,1.,C,Continental Tour,7205381,worldwide
men_800m,Josh HOEY,01 NOV 1999,1:45.50,,USA,"Munster Technological University Track, Cork (IRL)",Cork City Sports,09 JUL 2024,2024,2.,C,Continental Tour,7205381,worldwide
men_800m,Finley MCLEAR,25 MAY 2000,1:45.84,,GBR,"Munster Technological University Track, Cork (IRL)",Cork City Sports,09 JUL 2024,2024,3.,C,Continental Tour,7205381,worldwide
men_800m,Thomas RANDOLPH,07 FEB 1999,1:46.04,,GBR,"Munster Technological University Track, Cork (IRL)",Cork City Sports,09 JUL 2024,2024,4.,C,Continental Tour,7205381,worldwide
men_800m,Abraham ALVARADO,04 AUG 1995,1:46.11,,USA,"Munster Technological University Track, Cork (IRL)",Cork City Sports,09 JUL 2024,2024,5.,C,Continental Tour,7205381,worldwide
men_800m,Shane STREICH,19 SEP 1996,1:47.95,,USA,"Munster Technological University Track, Cork (IRL)",Cork City Sports,09 JUL 2024,2024,6.,C,Continental Tour,7205381,worldwide
men_800m,Archie DAVIS,16 OCT 1998,1:48.14,,GBR,"Munster Technological University Track, Cork (IRL)",Cork City Sports,09 JUL 2024,2024,8.,C,Continental Tour,7205381,worldwide
men_800m,Aurele VANDEPUTTE,14 MAY 1995,1:48.77,,BEL,"Munster Technological University Track, Cork (IRL)",Cork City Sports,09 JUL 2024,2024,9.,C,Continental Tour,7205381,worldwide
men_800m,Alex BOTTERILL,18 JAN 2000,1:49.63,,GBR,"Munster Technological University Track, Cork (IRL)",Cork City Sports,09 JUL 2024,2024,10.,C,Continental Tour,7205381,worldwide
men_800m,Brannon KIDDER,18 NOV 1993,1:45.20,,USA,"Billy J. Murphy Track and Field Complex, Memphis, TN (USA)",Ed Murphey Classic,12 JUL 2024,2024,1.,B,Continental Tour,7209461,worldwide
men_800m,Benjamin ALLEN,17 APR 1998,1:47.36,,USA,"Billy J. Murphy Track and Field Complex, Memphis, TN (USA)",Ed Murphey Classic,12 JUL 2024,2024,4.,B,Continental Tour,7209461,worldwide
men_800m,Matthew ERICKSON,11 MAR 2003,DNF,,CAN,"Billy J. Murphy Track and Field Complex, Memphis, TN (USA)",Ed Murphey Classic,12 JUL 2024,2024,,B,Continental Tour,7209461,worldwide
men_800m,Robert DOWNS,17 AUG 1994,DNF,,USA,"Billy J. Murphy Track and Field Complex, Memphis, TN (USA)",Ed Murphey Classic,12 JUL 2024,2024,,B,Continental Tour,7209461,worldwide
men_800m,Edmund DU PLESSIS,05 APR 2002,1:44.22,,RSA,"Morton Stadium, Santry, Dublin (IRL)",Morton Games,12 JUL 2024,2024,1.,C,Continental Tour,7205382,worldwide
men_800m,Nathan GREEN,10 APR 2003,1:46.23,,USA,"Morton Stadium, Santry, Dublin (IRL)",Morton Games,12 JUL 2024,2024,2.,C,Continental Tour,7205382,worldwide
men_800m,Finley MCLEAR,25 MAY 2000,1:46.42,,GBR,"Morton Stadium, Santry, Dublin (IRL)",Morton Games,12 JUL 2024,2024,3.,C,Continental Tour,7205382,worldwide
men_800m,Aurele VANDEPUTTE,14 MAY 1995,1:47.01,,BEL,"Morton Stadium, Santry, Dublin (IRL)",Morton Games,12 JUL 2024,2024,4.,C,Continental Tour,7205382,worldwide
men_800m,Guy LEARMONTH,20 APR 1992,1:47.10,,GBR,"Morton Stadium, Santry, Dublin (IRL)",Morton Games,12 JUL 2024,2024,5.,C,Continental Tour,7205382,worldwide
men_800m,Tiarnan CRORKEN,13 JUN 1999,1:47.44,,GBR,"Morton Stadium, Santry, Dublin (IRL)",Morton Games,12 JUL 2024,2024,6.,C,Continental Tour,7205382,worldwide
men_800m,Ivan PELIZZA,17 DEC 2000,1:48.59,,SUI,"Sportcentrum Wembley, Kortrijk (BEL)",Moore-Guldensporenmeeting,13 JUL 2024,2024,5.,C,Continental Tour,7205328,worldwide
men_800m,Kelvin Kimtai LOTI,05 OCT 1999,1:46.42,,KEN,"Stadio G. Teghil, Lignano Sabbiadoro (ITA)",Meeting Sport e Solidarietà Lignano,14 JUL 2024,2024,1.,C,Continental Tour,7205801,worldwide
men_800m,Amel TUKA,09 JAN 1991,1:46.57,,BIH,"Stadio G. Teghil, Lignano Sabbiadoro (ITA)",Meeting Sport e Solidarietà Lignano,14 JUL 2024,2024,2.,C,Continental Tour,7205801,worldwide
men_800m,Alex BOTTERILL,18 JAN 2000,1:47.37,,GBR,"Stadio G. Teghil, Lignano Sabbiadoro (ITA)",Meeting Sport e Solidarietà Lignano,14 JUL 2024,2024,5.,C,Continental Tour,7205801,worldwide
men_800m,Luke BOYES,05 NOV 2003,1:47.50,,AUS,"Stadio G. Teghil, Lignano Sabbiadoro (ITA)",Meeting Sport e Solidarietà Lignano,14 JUL 2024,2024,6.,C,Continental Tour,7205801,worldwide
men_800m,Ivan PELIZZA,17 DEC 2000,1:48.29,,SUI,"Centro Sportivo G. Olmo-P. Ferro, Celle Ligure (ITA)",35° Meeting Arcobaleno EAP AtleticaEuropa,17 JUL 2024,2024,1.,D,Continental Tour,7205395,worldwide
men_800m,Josh HOEY,01 NOV 1999,1:44.22,,USA,"Percy Beard Track, Gainesville, FL (USA)",Holloway Pro Classic,19 JUL 2024,2024,1.,B,Continental Tour,7210638,worldwide
men_800m,Clayton MURPHY,26 FEB 1995,1:45.01,,USA,"Percy Beard Track, Gainesville, FL (USA)",Holloway Pro Classic,19 JUL 2024,2024,2.,B,Continental Tour,7210638,worldwide
men_800m,Robert DOWNS,17 AUG 1994,1:45.59,,USA,"Percy Beard Track, Gainesville, FL (USA)",Holloway Pro Classic,19 JUL 2024,2024,3.,B,Continental Tour,7210638,worldwide
men_800m,Cass ELLIOTT,17 APR 2000,1:45.71,,USA,"Percy Beard Track, Gainesville, FL (USA)",Holloway Pro Classic,19 JUL 2024,2024,4.,B,Continental Tour,7210638,worldwide
men_800m,Jonah KOECH,12 DEC 1996,1:44.47,,USA,"Jack Kemp Stadium - Occidental College, Los Angeles, CA (USA)",Sunset Tour,20 JUL 2024,2024,1.,C,Continental Tour,7210649,worldwide
men_800m,John RIVERA,02 DEC 1998,1:44.76,,PUR,"Jack Kemp Stadium - Occidental College, Los Angeles, CA (USA)",Sunset Tour,20 JUL 2024,2024,2.,C,Continental Tour,7210649,worldwide
men_800m,Yusuf BIZIMANA,06 SEP 2000,1:44.80,,GBR,"Jack Kemp Stadium - Occidental College, Los Angeles, CA (USA)",Sunset Tour,20 JUL 2024,2024,3.,C,Continental Tour,7210649,worldwide
men_800m,Alex AMANKWA,02 MAR 1992,1:44.93,,GHA,"Jack Kemp Stadium - Occidental College, Los Angeles, CA (USA)",Sunset Tour,20 JUL 2024,2024,4.,C,Continental Tour,7210649,worldwide
men_800m,Brannon KIDDER,18 NOV 1993,1:45.62,,USA,"Jack Kemp Stadium - Occidental College, Los Angeles, CA (USA)",Sunset Tour,20 JUL 2024,2024,5.,C,Continental Tour,7210649,worldwide
men_800m,Vincent CRISP,17 AUG 1997,1:45.66,,USA,"Jack Kemp Stadium - Occidental College, Los Angeles, CA (USA)",Sunset Tour,20 JUL 2024,2024,6.,C,Continental Tour,7210649,worldwide
men_800m,Isaiah HARRIS,18 OCT 1996,1:45.92,,USA,"Jack Kemp Stadium - Occidental College, Los Angeles, CA (USA)",Sunset Tour,20 JUL 2024,2024,7.,C,Continental Tour,7210649,worldwide
men_800m,Matthew ERICKSON,11 MAR 2003,1:47.75,,CAN,"Jack Kemp Stadium - Occidental College, Los Angeles, CA (USA)",Sunset Tour,20 JUL 2024,2024,8.,C,Continental Tour,7210649,worldwide
men_800m,Joonas RINNE,20 MAY 1995,1:47.98,,FIN,"Keskusurheilukenttä, Joensuu (FIN)",Motonet GP Joensuu,20 JUL 2024,2024,2.,D,Continental Tour,7205420,worldwide
men_800m,Joe WASKOM,12 APR 2001,1:48.03,,USA,"Keskusurheilukenttä, Joensuu (FIN)",Motonet GP Joensuu,20 JUL 2024,2024,3.,D,Continental Tour,7205420,worldwide
men_800m,Collins KIPRUTO,12 APR 1994,1:48.24,,KEN,"Keskusurheilukenttä, Joensuu (FIN)",Motonet GP Joensuu,20 JUL 2024,2024,4.,D,Continental Tour,7205420,worldwide
men_800m,Žan RUDOLF,09 MAY 1993,1:48.45,,SLO,"Keskusurheilukenttä, Joensuu (FIN)",Motonet GP Joensuu,20 JUL 2024,2024,5.,D,Continental Tour,7205420,worldwide
men_800m,Shane STREICH,19 SEP 1996,1:49.13,,USA,"Keskusurheilukenttä, Joensuu (FIN)",Motonet GP Joensuu,20 JUL 2024,2024,7.,D,Continental Tour,7205420,worldwide
men_800m,Peter BOL,22 FEB 1994,1:45.91,,AUS,"AtletiekArena Gaston Roelants Kessel-Lo / Hal 5, Leuven (BEL)",Meeting voor Mon,27 JUL 2024,2024,1.,D,Continental Tour,7205578,worldwide
men_800m,Heithem CHENITEF,30 JAN 2004,1:46.09,,ALG,"AtletiekArena Gaston Roelants Kessel-Lo / Hal 5, Leuven (BEL)",Meeting voor Mon,27 JUL 2024,2024,2.,D,Continental Tour,7205578,worldwide
men_800m,Jakub DUDYCHA,05 SEP 2005,1:46.52,,CZE,"AtletiekArena Gaston Roelants Kessel-Lo / Hal 5, Leuven (BEL)",Meeting voor Mon,27 JUL 2024,2024,4.,D,Continental Tour,7205578,worldwide
men_800m,Ryan CLARKE,17 NOV 1997,1:46.72,,NED,"AtletiekArena Gaston Roelants Kessel-Lo / Hal 5, Leuven (BEL)",Meeting voor Mon,27 JUL 2024,2024,5.,D,Continental Tour,7205578,worldwide
men_800m,Navasky ANDERSON,21 JAN 2000,1:46.78,,JAM,"AtletiekArena Gaston Roelants Kessel-Lo / Hal 5, Leuven (BEL)",Meeting voor Mon,27 JUL 2024,2024,6.,D,Continental Tour,7205578,worldwide
men_800m,Kabelo Simon MOHLOSI,20 JAN 1993,1:46.90,,RSA,"AtletiekArena Gaston Roelants Kessel-Lo / Hal 5, Leuven (BEL)",Meeting voor Mon,27 JUL 2024,2024,9.,D,Continental Tour,7205578,worldwide
men_800m,Pablo SÁNCHEZ-VALLADARES,12 NOV 1997,1:47.74,,ESP,"AtletiekArena Gaston Roelants Kessel-Lo / Hal 5, Leuven (BEL)",Meeting voor Mon,27 JUL 2024,2024,10.,D,Continental Tour,7205578,worldwide
men_800m,Abdessalem AYOUNI,16 MAY 1994,1:48.19,,TUN,"AtletiekArena Gaston Roelants Kessel-Lo / Hal 5, Leuven (BEL)",Meeting voor Mon,27 JUL 2024,2024,11.,D,Continental Tour,7205578,worldwide
men_800m,Ramon WIPFLI,30 JUN 2004,1:48.10,,SUI,"Market Street Athletics Track, Bury St Edmunds (GBR)",British Milers Club Grand Prix,10 AUG 2024,2024,1.,D,Continental Tour,7205889,worldwide
men_800m,Henry JONAS,08 JUN 2005,1:50.39,,GBR,"Market Street Athletics Track, Bury St Edmunds (GBR)",British Milers Club Grand Prix,10 AUG 2024,2024,7.,D,Continental Tour,7205889,worldwide
men_800m,Konstantin KHOLMOGOROV,07 FEB 1996,1:48.86,,RUS,"Kalininets Stadium, Yekaterinburg (RUS)",Russian Championships,16 AUG 2024,2024,1.,B,National Championships,7215238,worldwide
men_800m,Joonas RINNE,20 MAY 1995,1:47.32,,FIN,"Raatin Stadion, Oulu (FIN)",Motonet GP - Oulu,17 AUG 2024,2024,1.,D,Continental Tour,7205419,worldwide
men_800m,Patryk SIERADZKI,06 OCT 1998,1:46.40,,POL,"Stadion Míru, Tábor (CZE)",Velka Cena Tabora,27 AUG 2024,2024,1.,D,Continental Tour,7205364,worldwide
men_800m,Jan TESAŘ,26 MAR 1990,1:48.57,,CZE,"Stadion Míru, Tábor (CZE)",Velka Cena Tabora,27 AUG 2024,2024,4.,D,Continental Tour,7205364,worldwide
men_800m,Filip ŠNEJDR,16 APR 1995,1:49.67,,CZE,"Stadion Míru, Tábor (CZE)",Velka Cena Tabora,27 AUG 2024,2024,7.,D,Continental Tour,7205364,worldwide
men_800m,Jonah KOECH,12 DEC 1996,1:44.66,,USA,"Wieslaw Maniak Municipal Athletic Stadium, Szczecin (POL)",International Wiesław Maniak Memorial,28 AUG 2024,2024,1.,C,Continental Tour,7205397,worldwide
men_800m,Mariano GARCÍA,25 SEP 1997,1:44.98,,ESP,"Wieslaw Maniak Municipal Athletic Stadium, Szczecin (POL)",International Wiesław Maniak Memorial,28 AUG 2024,2024,2.,C,Continental Tour,7205397,worldwide
men_800m,Luke MCCANN,12 MAR 1998,1:45.53,,IRL,"Wieslaw Maniak Municipal Athletic Stadium, Szczecin (POL)",International Wiesław Maniak Memorial,28 AUG 2024,2024,3.,C,Continental Tour,7205397,worldwide
men_800m,Ivan PELIZZA,17 DEC 2000,1:45.66,,SUI,"Wieslaw Maniak Municipal Athletic Stadium, Szczecin (POL)",International Wiesław Maniak Memorial,28 AUG 2024,2024,5.,C,Continental Tour,7205397,worldwide
men_800m,Daniel ROWDEN,09 SEP 1997,1:45.84,,GBR,"Wieslaw Maniak Municipal Athletic Stadium, Szczecin (POL)",International Wiesław Maniak Memorial,28 AUG 2024,2024,7.,C,Continental Tour,7205397,worldwide
men_800m,Justin DAVIES,06 FEB 2003,1:46.11,,GBR,"Wieslaw Maniak Municipal Athletic Stadium, Szczecin (POL)",International Wiesław Maniak Memorial,28 AUG 2024,2024,8.,C,Continental Tour,7205397,worldwide
men_800m,Bartosz KITLIŃSKI,11 JUN 2004,1:46.41,,POL,"Wieslaw Maniak Municipal Athletic Stadium, Szczecin (POL)",International Wiesław Maniak Memorial,28 AUG 2024,2024,9.,C,Continental Tour,7205397,worldwide
men_800m,Abedin MUJEZINOVIĆ,02 JUN 1993,DNF,,BIH,"Wieslaw Maniak Municipal Athletic Stadium, Szczecin (POL)",International Wiesław Maniak Memorial,28 AUG 2024,2024,,C,Continental Tour,7205397,worldwide
men_800m,Jonah KOECH,12 DEC 1996,1:45.44,,USA,"Heinz-Steyer-Stadion, Dresden (GER)",Stadioneröffnung Dresden,30 AUG 2024,2024,1.,D,Continental Tour,7205791,worldwide
men_800m,Robert FARKEN,20 SEP 1997,1:45.60,,GER,"Heinz-Steyer-Stadion, Dresden (GER)",Stadioneröffnung Dresden,30 AUG 2024,2024,2.,D,Continental Tour,7205791,worldwide
men_800m,Ramon WIPFLI,30 JUN 2004,1:45.67,,SUI,"Heinz-Steyer-Stadion, Dresden (GER)",Stadioneröffnung Dresden,30 AUG 2024,2024,3.,D,Continental Tour,7205791,worldwide
men_800m,Marino BLOUDEK,18 JUL 1999,1:45.95,,CRO,"Heinz-Steyer-Stadion, Dresden (GER)",Stadioneröffnung Dresden,30 AUG 2024,2024,5.,D,Continental Tour,7205791,worldwide
men_800m,Callum DODDS,06 OCT 2000,1:46.49,,GBR,"Heinz-Steyer-Stadion, Dresden (GER)",Stadioneröffnung Dresden,30 AUG 2024,2024,6.,D,Continental Tour,7205791,worldwide
men_800m,Stefan NILLESSEN,02 JAN 2003,1:47.76,,NED,"Heinz-Steyer-Stadion, Dresden (GER)",Stadioneröffnung Dresden,30 AUG 2024,2024,7.,D,Continental Tour,7205791,worldwide
men_800m,Marvin HEINRICH,29 JAN 1997,1:47.77,,GER,"Heinz-Steyer-Stadion, Dresden (GER)",Stadioneröffnung Dresden,30 AUG 2024,2024,8.,D,Continental Tour,7205791,worldwide
men_800m,Salim Abu MAYANJA,09 OCT 1995,1:47.96,,UGA,"Heinz-Steyer-Stadion, Dresden (GER)",Stadioneröffnung Dresden,30 AUG 2024,2024,9.,D,Continental Tour,7205791,worldwide
men_800m,Noah BALTUS,03 FEB 2002,1:48.02,,NED,"Heinz-Steyer-Stadion, Dresden (GER)",Stadioneröffnung Dresden,30 AUG 2024,2024,10.,D,Continental Tour,7205791,worldwide
men_800m,Marc TORTELL,26 DEC 1997,1:48.22,,GER,"Heinz-Steyer-Stadion, Dresden (GER)",Stadioneröffnung Dresden,30 AUG 2024,2024,12.,D,Continental Tour,7205791,worldwide
men_800m,Abedin MUJEZINOVIĆ,02 JUN 1993,DNF,,BIH,"Heinz-Steyer-Stadion, Dresden (GER)",Stadioneröffnung Dresden,30 AUG 2024,2024,,D,Continental Tour,7205791,worldwide
men_800m,Joonas RINNE,20 MAY 1995,1:48.09,,FIN,"Olympiastadion, Helsinki (FIN)",Finnkampen,30 AUG 2024,2024,1.,D,Traditional International,7206180,worldwide
men_800m,Samuel PIHLSTRÖM,08 MAR 2001,1:48.12,,SWE,"Olympiastadion, Helsinki (FIN)",Finnkampen,30 AUG 2024,2024,2.,D,Traditional International,7206180,worldwide
men_800m,Catalin TECUCEANU,09 SEP 1999,1:45.06,,ITA,"Stadio Quercia, Rovereto (ITA)",60° Palio Città della Quercia,03 SEP 2024,2024,1.,B,Continental Tour,7205399,worldwide
men_800m,Mark ENGLISH,18 MAR 1993,1:45.17,,IRL,"Stadio Quercia, Rovereto (ITA)",60° Palio Città della Quercia,03 SEP 2024,2024,2.,B,Continental Tour,7205399,worldwide
men_800m,Aaron Kemei CHEMININGWA,21 JUN 1998,1:45.20,,KEN,"Stadio Quercia, Rovereto (ITA)",60° Palio Città della Quercia,03 SEP 2024,2024,3.,B,Continental Tour,7205399,worldwide
men_800m,Ryan CLARKE,17 NOV 1997,1:45.29,,NED,"Stadio Quercia, Rovereto (ITA)",60° Palio Città della Quercia,03 SEP 2024,2024,4.,B,Continental Tour,7205399,worldwide
men_800m,Francesco PERNICI,18 FEB 2003,1:45.42,,ITA,"Stadio Quercia, Rovereto (ITA)",60° Palio Città della Quercia,03 SEP 2024,2024,5.,B,Continental Tour,7205399,worldwide
men_800m,Corentin LE CLEZIO,24 SEP 1999,1:45.62,,FRA,"Stadio Quercia, Rovereto (ITA)",60° Palio Città della Quercia,03 SEP 2024,2024,6.,B,Continental Tour,7205399,worldwide
men_800m,Callum DODDS,06 OCT 2000,1:45.81,,GBR,"Stadio Quercia, Rovereto (ITA)",60° Palio Città della Quercia,03 SEP 2024,2024,8.,B,Continental Tour,7205399,worldwide
men_800m,Mariano GARCÍA,25 SEP 1997,1:46.47,,ESP,"Stadio Quercia, Rovereto (ITA)",60° Palio Città della Quercia,03 SEP 2024,2024,9.,B,Continental Tour,7205399,worldwide
men_800m,Tobias GRØNSTAD,06 JUL 2002,1:47.42,,NOR,"Stadio Quercia, Rovereto (ITA)",60° Palio Città della Quercia,03 SEP 2024,2024,10.,B,Continental Tour,7205399,worldwide
men_800m,Gabriel TUAL,09 APR 1998,1:43.98,,FRA,"Stadio Comunale, Bellinzona (SUI)",Galà dei Castelli,09 SEP 2024,2024,1.,B,Continental Tour,7205888,worldwide
men_800m,Luke MCCANN,12 MAR 1998,1:45.33,,IRL,"Stadio Comunale, Bellinzona (SUI)",Galà dei Castelli,09 SEP 2024,2024,2.,B,Continental Tour,7205888,worldwide
men_800m,Mark ENGLISH,18 MAR 1993,1:45.56,,IRL,"Stadio Comunale, Bellinzona (SUI)",Galà dei Castelli,09 SEP 2024,2024,3.,B,Continental Tour,7205888,worldwide
men_800m,Corentin LE CLEZIO,24 SEP 1999,1:45.89,,FRA,"Stadio Comunale, Bellinzona (SUI)",Galà dei Castelli,09 SEP 2024,2024,4.,B,Continental Tour,7205888,worldwide
men_800m,Tobias GRØNSTAD,06 JUL 2002,1:45.94,,NOR,"Stadio Comunale, Bellinzona (SUI)",Galà dei Castelli,09 SEP 2024,2024,5.,B,Continental Tour,7205888,worldwide
men_800m,Aaron Kemei CHEMININGWA,21 JUN 1998,1:45.97,,KEN,"Stadio Comunale, Bellinzona (SUI)",Galà dei Castelli,09 SEP 2024,2024,6.,B,Continental Tour,7205888,worldwide
men_800m,Niels LAROS,17 APR 2005,1:46.04,,NED,"Stadio Comunale, Bellinzona (SUI)",Galà dei Castelli,09 SEP 2024,2024,7.,B,Continental Tour,7205888,worldwide
men_800m,Ramon WIPFLI,30 JUN 2004,1:46.34,,SUI,"Stadio Comunale, Bellinzona (SUI)",Galà dei Castelli,09 SEP 2024,2024,8.,B,Continental Tour,7205888,worldwide
men_800m,Ivan PELIZZA,17 DEC 2000,1:47.06,,SUI,"Stadio Comunale, Bellinzona (SUI)",Galà dei Castelli,09 SEP 2024,2024,9.,B,Continental Tour,7205888,worldwide
men_800m,Abraham ALVARADO,04 AUG 1995,1:48.78,,USA,"Stadio Comunale, Bellinzona (SUI)",Galà dei Castelli,09 SEP 2024,2024,11.,B,Continental Tour,7205888,worldwide
men_800m,Žan RUDOLF,09 MAY 1993,DNF,,SLO,"Stadio Comunale, Bellinzona (SUI)",Galà dei Castelli,09 SEP 2024,2024,,B,Continental Tour,7205888,worldwide
men_800m,Timothy CHERUIYOT,20 NOV 1995,1:45.46,,KEN,"Centro Gabre Gabric, Brescia (ITA)",Grand Prix Lombardia - Brescia 2024,08 SEP 2024,2024,1.,C,Continental Tour,7205528,worldwide
men_800m,Mariano GARCÍA,25 SEP 1997,1:45.54,,ESP,"Centro Gabre Gabric, Brescia (ITA)",Grand Prix Lombardia - Brescia 2024,08 SEP 2024,2024,2.,C,Continental Tour,7205528,worldwide
men_800m,Francesco PERNICI,18 FEB 2003,1:45.89,,ITA,"Centro Gabre Gabric, Brescia (ITA)",Grand Prix Lombardia - Brescia 2024,08 SEP 2024,2024,3.,C,Continental Tour,7205528,worldwide
men_800m,Ryan CLARKE,17 NOV 1997,1:46.38,,NED,"Centro Gabre Gabric, Brescia (ITA)",Grand Prix Lombardia - Brescia 2024,08 SEP 2024,2024,4.,C,Continental Tour,7205528,worldwide
men_800m,Callum DODDS,06 OCT 2000,1:47.61,,GBR,"Centro Gabre Gabric, Brescia (ITA)",Grand Prix Lombardia - Brescia 2024,08 SEP 2024,2024,5.,C,Continental Tour,7205528,worldwide
men_800m,Álvaro DE ARRIBA,02 JUN 1994,1:50.12,,ESP,"Centro Gabre Gabric, Brescia (ITA)",Grand Prix Lombardia - Brescia 2024,08 SEP 2024,2024,6.,C,Continental Tour,7205528,worldwide
men_800m,Catalin TECUCEANU,09 SEP 1999,DNF,,ITA,"Centro Gabre Gabric, Brescia (ITA)",Grand Prix Lombardia - Brescia 2024,08 SEP 2024,2024,,C,Continental Tour,7205528,worldwide
men_800m,James PRESTON,08 MAY 1997,1:48.05,,NZL,"Hawke's Bay Sports Park, Hastings (NZL)",Potts Classic,21 JAN 2023,2023,1.,D,Continental Tour,7190302,worldwide
men_800m,Eric SPEAKMAN,29 AUG 1990,1:52.85,,NZL,"Hawke's Bay Sports Park, Hastings (NZL)",Potts Classic,21 JAN 2023,2023,6.,D,Continental Tour,7190302,worldwide
men_800m,Peyton CRAIG,28 MAR 2005,1:48.15,,AUS,"SA Athletic Stadium, Adelaide (AUS)",Adelaide Track Classic,11 FEB 2023,2023,4.,D,Continental Tour,7190306,worldwide
men_800m,Brad MATHAS,24 JUN 1993,1:48.21,,NZL,"SA Athletic Stadium, Adelaide (AUS)",Adelaide Track Classic,11 FEB 2023,2023,6.,D,Continental Tour,7190306,worldwide
men_800m,Jack LUNN,16 OCT 2001,1:48.40,,AUS,"SA Athletic Stadium, Adelaide (AUS)",Adelaide Track Classic,11 FEB 2023,2023,7.,D,Continental Tour,7190306,worldwide
men_800m,Jye PERROTT,06 AUG 1998,1:48.98,,AUS,"SA Athletic Stadium, Adelaide (AUS)",Adelaide Track Classic,11 FEB 2023,2023,8.,D,Continental Tour,7190306,worldwide
men_800m,Luke BOYES,05 NOV 2003,1:50.26,,AUS,"SA Athletic Stadium, Adelaide (AUS)",Adelaide Track Classic,11 FEB 2023,2023,9.,D,Continental Tour,7190306,worldwide
men_800m,Matthew CENTROWITZ,18 OCT 1989,1:56.01,,USA,"SA Athletic Stadium, Adelaide (AUS)",Adelaide Track Classic,11 FEB 2023,2023,10.,D,Continental Tour,7190306,worldwide
men_800m,James PRESTON,08 MAY 1997,1:47.66,,NZL,"Nga Puna Wai Sports Hub, Christchurch (NZL)",International Track Meet,19 FEB 2023,2023,1.,C,Continental Tour,7190298,worldwide
men_800m,James PRESTON,08 MAY 1997,1:45.85,,NZL,"Lakeside Stadium, Melbourne (AUS)",Maurie Plant Meet – Melbourne,23 FEB 2023,2023,1.,A,Continental Tour,7190296,worldwide
men_800m,Brad MATHAS,24 JUN 1993,1:46.00,,NZL,"Lakeside Stadium, Melbourne (AUS)",Maurie Plant Meet – Melbourne,23 FEB 2023,2023,2.,A,Continental Tour,7190296,worldwide
men_800m,Jye PERROTT,06 AUG 1998,1:46.80,,AUS,"Lakeside Stadium, Melbourne (AUS)",Maurie Plant Meet – Melbourne,23 FEB 2023,2023,4.,A,Continental Tour,7190296,worldwide
men_800m,Luke BOYES,05 NOV 2003,1:47.60,,AUS,"Lakeside Stadium, Melbourne (AUS)",Maurie Plant Meet – Melbourne,23 FEB 2023,2023,7.,A,Continental Tour,7190296,worldwide
men_800m,Charlie HUNTER,20 JUL 1996,1:48.77,,AUS,"Lakeside Stadium, Melbourne (AUS)",Maurie Plant Meet – Melbourne,23 FEB 2023,2023,8.,A,Continental Tour,7190296,worldwide
men_800m,James PRESTON,08 MAY 1997,1:49.80,,NZL,"Newtown Park Stadium, Wellington (NZL)",New Zealand Championships,03 MAR 2023,2023,1.,B,National Championships,7195370,worldwide
men_800m,Brad MATHAS,24 JUN 1993,1:49.88,,NZL,"Newtown Park Stadium, Wellington (NZL)",New Zealand Championships,03 MAR 2023,2023,2.,B,National Championships,7195370,worldwide
men_800m,Charlie HUNTER,20 JUL 1996,1:46.18,,AUS,"SOPAC, Sydney (AUS)",Sydney Track Classic,11 MAR 2023,2023,2.,D,Continental Tour,7190299,worldwide
men_800m,Jack LUNN,16 OCT 2001,1:46.41,,AUS,"SOPAC, Sydney (AUS)",Sydney Track Classic,11 MAR 2023,2023,3.,D,Continental Tour,7190299,worldwide
men_800m,Brad MATHAS,24 JUN 1993,1:46.41,,NZL,"SOPAC, Sydney (AUS)",Sydney Track Classic,11 MAR 2023,2023,4.,D,Continental Tour,7190299,worldwide
men_800m,Luke BOYES,05 NOV 2003,1:46.85,,AUS,"SOPAC, Sydney (AUS)",Sydney Track Classic,11 MAR 2023,2023,8.,D,Continental Tour,7190299,worldwide
men_800m,Jye PERROTT,06 AUG 1998,1:47.63,,AUS,"SOPAC, Sydney (AUS)",Sydney Track Classic,11 MAR 2023,2023,9.,D,Continental Tour,7190299,worldwide
men_800m,Efrem MEKONNEN,31 JAN 2001,1:47.09,,ETH,"Stade Gouled, Djibouti (DJI)",Meeting International Djibouti,17 MAR 2023,2023,1.,B,Continental Tour,7196625,worldwide
men_800m,Tom DRADRIGA,17 JUN 1996,1:47.23,,UGA,"Stade Gouled, Djibouti (DJI)",Meeting International Djibouti,17 MAR 2023,2023,2.,B,Continental Tour,7196625,worldwide
men_800m,Eric NZIKWINKUNDA,01 JAN 1997,1:47.32,,BDI,"Stade Gouled, Djibouti (DJI)",Meeting International Djibouti,17 MAR 2023,2023,3.,B,Continental Tour,7196625,worldwide
men_800m,Heithem CHENITEF,30 JAN 2004,1:49.57,,ALG,"Stade Gouled, Djibouti (DJI)",Meeting International Djibouti,17 MAR 2023,2023,5.,B,Continental Tour,7196625,worldwide
men_800m,James PRESTON,08 MAY 1997,1:47.00,,NZL,"QSAC State Athletics Facility, Nathan, Brisbane (AUS)",Brisbane Track Classic,25 MAR 2023,2023,1.,B,Continental Tour,7190297,worldwide
men_800m,Jack LUNN,16 OCT 2001,1:47.15,,AUS,"QSAC State Athletics Facility, Nathan, Brisbane (AUS)",Brisbane Track Classic,25 MAR 2023,2023,2.,B,Continental Tour,7190297,worldwide
men_800m,Brad MATHAS,24 JUN 1993,1:47.58,,NZL,"QSAC State Athletics Facility, Nathan, Brisbane (AUS)",Brisbane Track Classic,25 MAR 2023,2023,4.,B,Continental Tour,7190297,worldwide
men_800m,Jye PERROTT,06 AUG 1998,1:48.40,,AUS,"QSAC State Athletics Facility, Nathan, Brisbane (AUS)",Brisbane Track Classic,25 MAR 2023,2023,7.,B,Continental Tour,7190297,worldwide
men_800m,Mikuto KANEKO,06 NOV 2001,1:50.03,,JPN,"QSAC State Athletics Facility, Nathan, Brisbane (AUS)",Brisbane Track Classic,25 MAR 2023,2023,9.,B,Continental Tour,7190297,worldwide
men_800m,Edmund DU PLESSIS,05 APR 2002,1:47.19,,RSA,"McArthur Stadium, Potchefstroom (RSA)",South African Championships,01 APR 2023,2023,1.,B,National Championships,7194901,worldwide
men_800m,Kabelo Simon MOHLOSI,20 JAN 1993,1:47.25,,RSA,"McArthur Stadium, Potchefstroom (RSA)",South African Championships,01 APR 2023,2023,2.,B,National Championships,7194901,worldwide
men_800m,Luke BOYES,05 NOV 2003,1:47.90,,AUS,"QSAC State Athletics Facility, Nathan, Brisbane (AUS)",Australian Championships,02 APR 2023,2023,3.,B,National Championships,7192568,worldwide
men_800m,Charlie HUNTER,20 JUL 1996,1:47.92,,AUS,"QSAC State Athletics Facility, Nathan, Brisbane (AUS)",Australian Championships,02 APR 2023,2023,4.,B,National Championships,7192568,worldwide
men_800m,Jye PERROTT,06 AUG 1998,1:48.34,,AUS,"QSAC State Athletics Facility, Nathan, Brisbane (AUS)",Australian Championships,02 APR 2023,2023,5.,B,National Championships,7192568,worldwide
men_800m,Ryan SÁNCHEZ,22 SEP 1998,1:46.59,,PUR,"Ansin Sports Complex, Miramar, FL (USA)",Miramar Invitational,08 APR 2023,2023,1.,B,Continental Tour,7191831,worldwide
men_800m,Kameron JONES,12 NOV 1997,1:47.47,,USA,"Ansin Sports Complex, Miramar, FL (USA)",Miramar Invitational,08 APR 2023,2023,3.,B,Continental Tour,7191831,worldwide
men_800m,Drew PIAZZA,28 JAN 1995,1:48.60,,USA,"Ansin Sports Complex, Miramar, FL (USA)",Miramar Invitational,08 APR 2023,2023,5.,B,Continental Tour,7191831,worldwide
men_800m,TJ HOLMES,02 JUL 1995,2:04.24,,USA,"Ansin Sports Complex, Miramar, FL (USA)",Miramar Invitational,08 APR 2023,2023,7.,B,Continental Tour,7191831,worldwide
men_800m,Boitumelo MASILO,05 AUG 1995,1:47.31,,BOT,"Bestmed Tuks Stadium, Pretoria (RSA)",ASA Athletics Grand Prix 1,12 APR 2023,2023,1.,D,Continental Tour,7194851,worldwide
men_800m,Kabelo Simon MOHLOSI,20 JAN 1993,1:47.88,,RSA,"Bestmed Tuks Stadium, Pretoria (RSA)",ASA Athletics Grand Prix 1,12 APR 2023,2023,2.,D,Continental Tour,7194851,worldwide
men_800m,Tshepiso MASALELA,25 MAY 1999,1:48.66,,BOT,"Bestmed Tuks Stadium, Pretoria (RSA)",ASA Athletics Grand Prix 1,12 APR 2023,2023,5.,D,Continental Tour,7194851,worldwide
men_800m,Edmund DU PLESSIS,05 APR 2002,1:58.74,,RSA,"Bestmed Tuks Stadium, Pretoria (RSA)",ASA Athletics Grand Prix 1,12 APR 2023,2023,11.,D,Continental Tour,7194851,worldwide
men_800m,Jose MAITA,17 APR 1998,1:48.05,,VEN,"Polideportivo Maximo Viloria, Barquisimeto (VEN)",Grand Prix Sudamericano Memorial Maximo Viloria,14 APR 2023,2023,1.,D,Continental Tour,7197646,worldwide
men_800m,Lucirio GARRIDO,08 APR 1992,1:52.22,,VEN,"Polideportivo Maximo Viloria, Barquisimeto (VEN)",Grand Prix Sudamericano Memorial Maximo Viloria,14 APR 2023,2023,4.,D,Continental Tour,7197646,worldwide
men_800m,Chamar CHAMBERS,31 OCT 1997,1:49.45,,PAN,Panama City (PAN),Panamanian Championships,16 APR 2023,2023,1.,B,National Championships,7200769,worldwide
men_800m,Boitumelo MASILO,05 AUG 1995,1:47.21,,BOT,"Germiston Stadium, Johannesburg (RSA)",ASA Athletics Grand Prix 2,19 APR 2023,2023,1.,D,Continental Tour,7194852,worldwide
men_800m,Edmund DU PLESSIS,05 APR 2002,1:47.65,,RSA,"Germiston Stadium, Johannesburg (RSA)",ASA Athletics Grand Prix 2,19 APR 2023,2023,2.,D,Continental Tour,7194852,worldwide
men_800m,Kabelo Simon MOHLOSI,20 JAN 1993,1:47.96,,RSA,"McArthur Stadium, Potchefstroom (RSA)",ASA Athletics Grand Prix 3,26 APR 2023,2023,2.,D,Continental Tour,7194853,worldwide
men_800m,Ethan HUSSEY,05 MAR 2003,1:48.50,,GBR,"McArthur Stadium, Potchefstroom (RSA)",ASA Athletics Grand Prix 3,26 APR 2023,2023,3.,D,Continental Tour,7194853,worldwide
men_800m,Edmund DU PLESSIS,05 APR 2002,1:49.20,,RSA,"McArthur Stadium, Potchefstroom (RSA)",ASA Athletics Grand Prix 3,26 APR 2023,2023,7.,D,Continental Tour,7194853,worldwide
men_800m,Rabi Mohamoud MUBARAK,22 MAR 2000,1:50.62,,QAT,Doha (QAT),West Asian Athletics Association Championships,27 APR 2023,2023,3.,D,Area Regional Champs,7199282,worldwide
men_800m,Abdirahman Saeed HASSAN,13 APR 1997,1:51.39,,QAT,Doha (QAT),West Asian Athletics Association Championships,27 APR 2023,2023,5.,D,Area Regional Champs,7199282,worldwide
men_800m,Edose IBADIN,27 FEB 1993,1:49.47,,NGR,"Franklin Field, Philadelphia, PA (USA)",The Penn Relays Carnival,28 APR 2023,2023,1.,C,Continental Tour,7195244,worldwide
men_800m,Benjamin ALLEN,17 APR 1998,1:50.23,,USA,"Franklin Field, Philadelphia, PA (USA)",The Penn Relays Carnival,28 APR 2023,2023,2.,C,Continental Tour,7195244,worldwide
men_800m,Robert DOWNS,17 AUG 1994,1:57.42,,USA,"Franklin Field, Philadelphia, PA (USA)",The Penn Relays Carnival,28 APR 2023,2023,7.,C,Continental Tour,7195244,worldwide
men_800m,Abel KIPSANG,22 NOV 1996,1:44.6h,,KEN,"National Stadium, Gaborone (BOT)",Botswana Golden Grand Prix,29 APR 2023,2023,1.,A,Continental Tour,7187105,worldwide
men_800m,Tshepo TSHITE,15 JAN 1997,1:44.9h,,RSA,"National Stadium, Gaborone (BOT)",Botswana Golden Grand Prix,29 APR 2023,2023,2.,A,Continental Tour,7187105,worldwide
men_800m,Koitatoi KIDALI,12 FEB 2003,1:45.0h,,KEN,"National Stadium, Gaborone (BOT)",Botswana Golden Grand Prix,29 APR 2023,2023,3.,A,Continental Tour,7187105,worldwide
men_800m,Tshepiso MASALELA,25 MAY 1999,1:45.4h,,BOT,"National Stadium, Gaborone (BOT)",Botswana Golden Grand Prix,29 APR 2023,2023,4.,A,Continental Tour,7187105,worldwide
men_800m,Efrem MEKONNEN,31 JAN 2001,1:45.6h,,ETH,"National Stadium, Gaborone (BOT)",Botswana Golden Grand Prix,29 APR 2023,2023,5.,A,Continental Tour,7187105,worldwide
men_800m,Cornelius TUWEI,24 MAY 1993,1:45.6h,,KEN,"National Stadium, Gaborone (BOT)",Botswana Golden Grand Prix,29 APR 2023,2023,6.,A,Continental Tour,7187105,worldwide
men_800m,Clayton MURPHY,26 FEB 1995,1:45.6h,,USA,"National Stadium, Gaborone (BOT)",Botswana Golden Grand Prix,29 APR 2023,2023,7.,A,Continental Tour,7187105,worldwide
men_800m,Ferguson Cheruiyot ROTICH,30 NOV 1989,1:45.7h,,KEN,"National Stadium, Gaborone (BOT)",Botswana Golden Grand Prix,29 APR 2023,2023,8.,A,Continental Tour,7187105,worldwide
men_800m,Nicholas KIPLAGAT,07 JUN 1995,1:46.1h,,KEN,"National Stadium, Gaborone (BOT)",Botswana Golden Grand Prix,29 APR 2023,2023,9.,A,Continental Tour,7187105,worldwide
men_800m,Boitumelo MASILO,05 AUG 1995,1:46.6h,,BOT,"National Stadium, Gaborone (BOT)",Botswana Golden Grand Prix,29 APR 2023,2023,10.,A,Continental Tour,7187105,worldwide
men_800m,Ethan HUSSEY,05 MAR 2003,1:46.8h,,GBR,"National Stadium, Gaborone (BOT)",Botswana Golden Grand Prix,29 APR 2023,2023,11.,A,Continental Tour,7187105,worldwide
men_800m,Erik SOWINSKI,21 DEC 1989,DNF,,USA,"National Stadium, Gaborone (BOT)",Botswana Golden Grand Prix,29 APR 2023,2023,,A,Continental Tour,7187105,worldwide
men_800m,Yared NUGUSE,01 JUN 1999,1:46.30,,USA,"Hilmer Lodge Stadium, Walnut, CA (USA)",Track Festival,06 MAY 2023,2023,1.,B,Continental Tour,7195982,worldwide
men_800m,Jesus Tonatiu LÓPEZ,02 AUG 1997,1:46.75,,MEX,"Hilmer Lodge Stadium, Walnut, CA (USA)",Track Festival,06 MAY 2023,2023,2.,B,Continental Tour,7195982,worldwide
men_800m,Isaiah HARRIS,18 OCT 1996,1:46.93,,USA,"Hilmer Lodge Stadium, Walnut, CA (USA)",Track Festival,06 MAY 2023,2023,3.,B,Continental Tour,7195982,worldwide
men_800m,Mario GARCÍA,29 JUN 1999,1:47.10,,ESP,"Hilmer Lodge Stadium, Walnut, CA (USA)",Track Festival,06 MAY 2023,2023,4.,B,Continental Tour,7195982,worldwide
men_800m,Thomas STAINES,22 FEB 1998,1:48.10,,GBR,"Hilmer Lodge Stadium, Walnut, CA (USA)",Track Festival,06 MAY 2023,2023,5.,B,Continental Tour,7195982,worldwide
men_800m,Drew PIAZZA,28 JAN 1995,1:48.52,,USA,"Hilmer Lodge Stadium, Walnut, CA (USA)",Track Festival,06 MAY 2023,2023,6.,B,Continental Tour,7195982,worldwide
men_800m,Joshua ATKINSON,25 MAY 2003,DNS,,THA,"Morodok Techo National Stadium, Phnom Penh (CAM)",Southeast Asian Games,11 MAY 2023,2023,,D,Area Regional Champs,7201779,worldwide
men_800m,Eduardo RIBEIRO,09 JAN 2001,1:45.10,,BRA,"CNDA, Bragança Paulista (BRA)",Troféu Adhemar Ferreira da Silva,07 MAY 2023,2023,1.,D,Continental Tour,7197651,worldwide
men_800m,Guilherme KURTZ,27 AUG 1994,1:46.15,,BRA,"CNDA, Bragança Paulista (BRA)",Troféu Adhemar Ferreira da Silva,07 MAY 2023,2023,2.,D,Continental Tour,7197651,worldwide
men_800m,Leandro ALVES,04 AUG 1998,1:46.28,,BRA,"CNDA, Bragança Paulista (BRA)",Troféu Adhemar Ferreira da Silva,07 MAY 2023,2023,3.,D,Continental Tour,7197651,worldwide
men_800m,Jose MAITA,17 APR 1998,1:46.37,,VEN,"CNDA, Bragança Paulista (BRA)",Troféu Adhemar Ferreira da Silva,07 MAY 2023,2023,4.,D,Continental Tour,7197651,worldwide
men_800m,Eduardo RIBEIRO,09 JAN 2001,1:45.80,,BRA,"COTP Stadium, São Paulo (BRA)",Grande Prêmio Internacional Brasil Loterias Caixa de Atletismo,10 MAY 2023,2023,1.,C,Continental Tour,7197652,worldwide
men_800m,Jose MAITA,17 APR 1998,1:47.23,,VEN,"COTP Stadium, São Paulo (BRA)",Grande Prêmio Internacional Brasil Loterias Caixa de Atletismo,10 MAY 2023,2023,2.,C,Continental Tour,7197652,worldwide
men_800m,Matheus Americo MEDEIROS PESSOA,09 APR 1996,1:50.25,,BRA,"COTP Stadium, São Paulo (BRA)",Grande Prêmio Internacional Brasil Loterias Caixa de Atletismo,10 MAY 2023,2023,7.,C,Continental Tour,7197652,worldwide
men_800m,Guilherme KURTZ,27 AUG 1994,DNF,,BRA,"COTP Stadium, São Paulo (BRA)",Grande Prêmio Internacional Brasil Loterias Caixa de Atletismo,10 MAY 2023,2023,,C,Continental Tour,7197652,worldwide
men_800m,Leandro ALVES,04 AUG 1998,DNF,,BRA,"COTP Stadium, São Paulo (BRA)",Grande Prêmio Internacional Brasil Loterias Caixa de Atletismo,10 MAY 2023,2023,,C,Continental Tour,7197652,worldwide
men_800m,Ethan HUSSEY,05 MAR 2003,1:46.18,,GBR,"Mary Peters Track, Belfast (GBR)",Belfast Irish Milers Meet,13 MAY 2023,2023,1.,D,Continental Tour,7191011,worldwide
men_800m,Thomas RANDOLPH,07 FEB 1999,1:46.83,,GBR,"Mary Peters Track, Belfast (GBR)",Belfast Irish Milers Meet,13 MAY 2023,2023,2.,D,Continental Tour,7191011,worldwide
men_800m,Archie DAVIS,16 OCT 1998,1:48.01,,GBR,"Mary Peters Track, Belfast (GBR)",Belfast Irish Milers Meet,13 MAY 2023,2023,7.,D,Continental Tour,7191011,worldwide
men_800m,Kameron JONES,12 NOV 1997,1:47.66,,USA,"Grand Bahama Sports Complex, Freeport (BAH)",NACAC New Life Invitational,13 MAY 2023,2023,1.,B,Continental Tour,7155012,worldwide
men_800m,Quamel PRINCE,20 APR 1994,1:50.04,,GUY,"Grand Bahama Sports Complex, Freeport (BAH)",NACAC New Life Invitational,13 MAY 2023,2023,5.,B,Continental Tour,7155012,worldwide
men_800m,Amere LATTIN,12 JUL 1997,DNF,,USA,"Grand Bahama Sports Complex, Freeport (BAH)",NACAC New Life Invitational,13 MAY 2023,2023,,B,Continental Tour,7155012,worldwide
men_800m,Emmanuel WANYONYI,01 AUG 2004,1:43.32,,KEN,"Moi International Sports Centre, Kasarani, Nairobi (KEN)",Kip Keino Classic,13 MAY 2023,2023,1.,A,Continental Tour,7184849,worldwide
men_800m,Wyclife KINYAMAL,02 JUL 1997,1:43.66,,KEN,"Moi International Sports Centre, Kasarani, Nairobi (KEN)",Kip Keino Classic,13 MAY 2023,2023,2.,A,Continental Tour,7184849,worldwide
men_800m,Timothy CHERUIYOT,20 NOV 1995,1:44.99,,KEN,"Moi International Sports Centre, Kasarani, Nairobi (KEN)",Kip Keino Classic,13 MAY 2023,2023,3.,A,Continental Tour,7184849,worldwide
men_800m,Tshepiso MASALELA,25 MAY 1999,1:45.24,,BOT,"Moi International Sports Centre, Kasarani, Nairobi (KEN)",Kip Keino Classic,13 MAY 2023,2023,4.,A,Continental Tour,7184849,worldwide
men_800m,Tolesa BODENA,18 FEB 2000,1:45.79,,ETH,"Moi International Sports Centre, Kasarani, Nairobi (KEN)",Kip Keino Classic,13 MAY 2023,2023,5.,A,Continental Tour,7184849,worldwide
men_800m,Tshepo TSHITE,15 JAN 1997,1:45.89,,RSA,"Moi International Sports Centre, Kasarani, Nairobi (KEN)",Kip Keino Classic,13 MAY 2023,2023,6.,A,Continental Tour,7184849,worldwide
men_800m,Aaron Kemei CHEMININGWA,21 JUN 1998,1:46.20,,KEN,"Moi International Sports Centre, Kasarani, Nairobi (KEN)",Kip Keino Classic,13 MAY 2023,2023,7.,A,Continental Tour,7184849,worldwide
men_800m,Elias NGENY,04 MAY 1996,1:46.62,,KEN,"Moi International Sports Centre, Kasarani, Nairobi (KEN)",Kip Keino Classic,13 MAY 2023,2023,8.,A,Continental Tour,7184849,worldwide
men_800m,Ferguson Cheruiyot ROTICH,30 NOV 1989,1:46.78,,KEN,"Moi International Sports Centre, Kasarani, Nairobi (KEN)",Kip Keino Classic,13 MAY 2023,2023,9.,A,Continental Tour,7184849,worldwide
men_800m,Collins KIPRUTO,12 APR 1994,1:46.91,,KEN,"Moi International Sports Centre, Kasarani, Nairobi (KEN)",Kip Keino Classic,13 MAY 2023,2023,10.,A,Continental Tour,7184849,worldwide
men_800m,Nicholas KIPLAGAT,07 JUN 1995,1:48.35,,KEN,"Moi International Sports Centre, Kasarani, Nairobi (KEN)",Kip Keino Classic,13 MAY 2023,2023,11.,A,Continental Tour,7184849,worldwide
men_800m,Mariano GARCÍA,25 SEP 1997,1:47.75,,ESP,"Pista atletismo Can Mises, Ibiza (ESP)",Meeting de Atletismo Toni Bonet,13 MAY 2023,2023,1.,D,Continental Tour,7199032,worldwide
men_800m,José Carlos PINTO,03 MAY 1997,1:48.80,,POR,"Pista atletismo Can Mises, Ibiza (ESP)",Meeting de Atletismo Toni Bonet,13 MAY 2023,2023,2.,D,Continental Tour,7199032,worldwide
men_800m,David BARROSO,21 AUG 2001,1:49.47,,ESP,"Pista atletismo Can Mises, Ibiza (ESP)",Meeting de Atletismo Toni Bonet,13 MAY 2023,2023,5.,D,Continental Tour,7199032,worldwide
men_800m,Tom DRADRIGA,17 JUN 1996,1:46.52,,UGA,"Estadio Enrique Lopez Cuenca, Nerja (ESP)",Meeting Desafio Nerja 2023 Restaurante Pulguilla y Ayo,18 MAY 2023,2023,1.,D,Continental Tour,7199212,worldwide
men_800m,Isaac NADER,17 AUG 1999,1:46.75,,POR,"Estadio Enrique Lopez Cuenca, Nerja (ESP)",Meeting Desafio Nerja 2023 Restaurante Pulguilla y Ayo,18 MAY 2023,2023,2.,D,Continental Tour,7199212,worldwide
men_800m,Abdessalem AYOUNI,16 MAY 1994,1:46.82,,TUN,"Estadio Enrique Lopez Cuenca, Nerja (ESP)",Meeting Desafio Nerja 2023 Restaurante Pulguilla y Ayo,18 MAY 2023,2023,3.,D,Continental Tour,7199212,worldwide
men_800m,Elvin Josué CANALES,05 SEP 2001,1:47.07,,HON,"Estadio Enrique Lopez Cuenca, Nerja (ESP)",Meeting Desafio Nerja 2023 Restaurante Pulguilla y Ayo,18 MAY 2023,2023,5.,D,Continental Tour,7199212,worldwide
men_800m,Ebrahim Remaid ALZOFAIRI,08 MAY 1989,1:47.25,,KUW,"Estadio Enrique Lopez Cuenca, Nerja (ESP)",Meeting Desafio Nerja 2023 Restaurante Pulguilla y Ayo,18 MAY 2023,2023,6.,D,Continental Tour,7199212,worldwide
men_800m,Gonzalo GARCÍA,26 JAN 1995,1:49.20,,ESP,"Estadio Enrique Lopez Cuenca, Nerja (ESP)",Meeting Desafio Nerja 2023 Restaurante Pulguilla y Ayo,18 MAY 2023,2023,9.,D,Continental Tour,7199212,worldwide
men_800m,Abraham ALVARADO,04 AUG 1995,1:48.37,,USA,"Icahn Stadium, New York, NY (USA)",Track Night NYC,19 MAY 2023,2023,3.,C,Continental Tour,7191832,worldwide
men_800m,Edose IBADIN,27 FEB 1993,1:48.48,,NGR,"Icahn Stadium, New York, NY (USA)",Track Night NYC,19 MAY 2023,2023,4.,C,Continental Tour,7191832,worldwide
men_800m,Robert DOWNS,17 AUG 1994,1:50.05,,USA,"Icahn Stadium, New York, NY (USA)",Track Night NYC,19 MAY 2023,2023,9.,C,Continental Tour,7191832,worldwide
men_800m,Shane STREICH,19 SEP 1996,1:50.29,,USA,"Icahn Stadium, New York, NY (USA)",Track Night NYC,19 MAY 2023,2023,10.,C,Continental Tour,7191832,worldwide
men_800m,Chamar CHAMBERS,31 OCT 1997,1:50.19,,PAN,"Estadio Panamericano, La Habana (CUB)",Cuban Championships,21 MAY 2023,2023,OC,B,National Championships,7196637,worldwide
men_800m,Jake MINSHULL,11 OCT 2004,1:51.44,,GBR,"Parliament Hill Fields Athletics Track, London (GBR)","Night of the 10,000m PB’s",20 MAY 2023,2023,4.,B,Continental Tour,7196785,worldwide
men_800m,Filip OSTROWSKI,12 JUL 2001,1:45.62,,POL,"Carl-Kaufmann-Stadion, Karlsruhe (GER)",Lange Laufnacht,20 MAY 2023,2023,1.,D,Continental Tour,7191251,worldwide
men_800m,Robert FARKEN,20 SEP 1997,1:45.65,,GER,"Carl-Kaufmann-Stadion, Karlsruhe (GER)",Lange Laufnacht,20 MAY 2023,2023,2.,D,Continental Tour,7191251,worldwide
men_800m,Joseph DENG,07 JUL 1998,1:48.17,,AUS,"Carl-Kaufmann-Stadion, Karlsruhe (GER)",Lange Laufnacht,20 MAY 2023,2023,5.,D,Continental Tour,7191251,worldwide
men_800m,Yanis MEZIANE,26 JAN 2002,1:45.39,,FRA,"Polideportivo Municipal, Andújar (ESP)",Meeting Jaen Paraiso Interior,26 MAY 2023,2023,1.,C,Continental Tour,7190982,worldwide
men_800m,Eduardo RIBEIRO,09 JAN 2001,1:45.74,,BRA,"Polideportivo Municipal, Andújar (ESP)",Meeting Jaen Paraiso Interior,26 MAY 2023,2023,2.,C,Continental Tour,7190982,worldwide
men_800m,Hugo HOUYEZ,16 DEC 1995,1:45.77,,FRA,"Polideportivo Municipal, Andújar (ESP)",Meeting Jaen Paraiso Interior,26 MAY 2023,2023,3.,C,Continental Tour,7190982,worldwide
men_800m,Pablo SÁNCHEZ-VALLADARES,12 NOV 1997,1:45.98,,ESP,"Polideportivo Municipal, Andújar (ESP)",Meeting Jaen Paraiso Interior,26 MAY 2023,2023,4.,C,Continental Tour,7190982,worldwide
men_800m,Jesus Tonatiu LÓPEZ,02 AUG 1997,1:46.45,,MEX,"Polideportivo Municipal, Andújar (ESP)",Meeting Jaen Paraiso Interior,26 MAY 2023,2023,5.,C,Continental Tour,7190982,worldwide
men_800m,Filip ŠNEJDR,16 APR 1995,1:46.72,,CZE,"Polideportivo Municipal, Andújar (ESP)",Meeting Jaen Paraiso Interior,26 MAY 2023,2023,6.,C,Continental Tour,7190982,worldwide
men_800m,Dániel HULLER,10 MAY 2001,1:47.02,,HUN,"Polideportivo Municipal, Andújar (ESP)",Meeting Jaen Paraiso Interior,26 MAY 2023,2023,7.,C,Continental Tour,7190982,worldwide
men_800m,Elvin Josué CANALES,05 SEP 2001,1:47.49,,HON,"Polideportivo Municipal, Andújar (ESP)",Meeting Jaen Paraiso Interior,26 MAY 2023,2023,8.,C,Continental Tour,7190982,worldwide
men_800m,Eric NZIKWINKUNDA,01 JAN 1997,1:47.66,,BDI,"Polideportivo Municipal, Andújar (ESP)",Meeting Jaen Paraiso Interior,26 MAY 2023,2023,9.,C,Continental Tour,7190982,worldwide
men_800m,Craig ENGELS,01 MAY 1994,1:47.32,,USA,"Drake Stadium, Los Angeles, CA (USA)",USATF Los Angeles Grand Prix,26 MAY 2023,2023,1.,A,Continental Tour,7191620,worldwide
men_800m,Abraham ALVARADO,04 AUG 1995,1:47.48,,USA,"Drake Stadium, Los Angeles, CA (USA)",USATF Los Angeles Grand Prix,26 MAY 2023,2023,2.,A,Continental Tour,7191620,worldwide
men_800m,Alex AMANKWA,02 MAR 1992,1:47.52,,GHA,"Drake Stadium, Los Angeles, CA (USA)",USATF Los Angeles Grand Prix,26 MAY 2023,2023,3.,A,Continental Tour,7191620,worldwide
men_800m,Thomas STAINES,22 FEB 1998,1:48.18,,GBR,"Drake Stadium, Los Angeles, CA (USA)",USATF Los Angeles Grand Prix,26 MAY 2023,2023,5.,A,Continental Tour,7191620,worldwide
men_800m,Tshepiso MASALELA,25 MAY 1999,1:48.21,,BOT,"National Stadium, Gaborone (BOT)",Botswana Championships,27 MAY 2023,2023,1.,B,National Championships,7195408,worldwide
men_800m,Kethobogile HAINGURA,14 DEC 1998,1:48.48,,BOT,"National Stadium, Gaborone (BOT)",Botswana Championships,27 MAY 2023,2023,2.,B,National Championships,7195408,worldwide
men_800m,Tumo NKAPE,24 JUN 1998,1:50.06,,BOT,"National Stadium, Gaborone (BOT)",Botswana Championships,27 MAY 2023,2023,3.,B,National Championships,7195408,worldwide
men_800m,Heithem CHENITEF,30 JAN 2004,1:47.88,,ALG,"Sepp-Herberger-Stadion, Weinheim (GER)",Kurpfalz Gala,27 MAY 2023,2023,1.,D,Continental Tour,7191252,worldwide
men_800m,Alex BOTTERILL,18 JAN 2000,1:47.58,,GBR,"Sportcity Regional Arena, Manchester (GBR)",British Milers Club Grand Prix - Manchester,27 MAY 2023,2023,1.,D,Continental Tour,7191020,worldwide
men_800m,Leandro ALVES,04 AUG 1998,1:50.04,,BRA,"Sportcity Regional Arena, Manchester (GBR)",British Milers Club Grand Prix - Manchester,27 MAY 2023,2023,6.,D,Continental Tour,7191020,worldwide
men_800m,Tobias GRØNSTAD,06 JUL 2002,1:45.67,,NOR,"Stadio Zecchini, Grosseto (ITA)",Grifone Meeting,27 MAY 2023,2023,1.,D,Continental Tour,7191019,worldwide
men_800m,Francesco PERNICI,18 FEB 2003,1:45.72,,ITA,"Stadio Zecchini, Grosseto (ITA)",Grifone Meeting,27 MAY 2023,2023,2.,D,Continental Tour,7191019,worldwide
men_800m,Mateusz BORKOWSKI,02 APR 1997,1:45.82,,POL,"Stadio Zecchini, Grosseto (ITA)",Grifone Meeting,27 MAY 2023,2023,3.,D,Continental Tour,7191019,worldwide
men_800m,John FITZSIMONS,05 MAY 1998,1:46.31,,IRL,"Stadio Zecchini, Grosseto (ITA)",Grifone Meeting,27 MAY 2023,2023,4.,D,Continental Tour,7191019,worldwide
men_800m,Amel TUKA,09 JAN 1991,1:48.26,,BIH,"Stadio Zecchini, Grosseto (ITA)",Grifone Meeting,27 MAY 2023,2023,6.,D,Continental Tour,7191019,worldwide
men_800m,Simone BARONTINI,05 JAN 1999,DNF,,ITA,"Stadio Zecchini, Grosseto (ITA)",Grifone Meeting,27 MAY 2023,2023,,D,Continental Tour,7191019,worldwide
men_800m,Joonas RINNE,20 MAY 1995,1:48.23,,FIN,Copenhagen (DEN),Nordic Senior Championships,28 MAY 2023,2023,1.,C,Area Regional Champs,7176907,worldwide
men_800m,Kristian Uldbjerg HANSEN,15 AUG 1996,1:48.79,,DEN,Copenhagen (DEN),Nordic Senior Championships,28 MAY 2023,2023,2.,C,Area Regional Champs,7176907,worldwide
men_800m,Erik MARTINSSON,25 SEP 1996,1:49.08,,SWE,Copenhagen (DEN),Nordic Senior Championships,28 MAY 2023,2023,3.,C,Area Regional Champs,7176907,worldwide
men_800m,Ole Jakob HØSTELAND SOLBU,19 AUG 2003,1:53.03,,NOR,Copenhagen (DEN),Nordic Senior Championships,28 MAY 2023,2023,6.,C,Area Regional Champs,7176907,worldwide
men_800m,Efrem MEKONNEN,31 JAN 2001,1:44.87,,ETH,"Stade Omnisports Schlossberg, Forbach (FRA)",Meeting International de Forbach,28 MAY 2023,2023,1.,C,Continental Tour,7191024,worldwide
men_800m,Ramzi ABDENOUZ,23 MAY 1993,1:45.62,,ALG,"Stade Omnisports Schlossberg, Forbach (FRA)",Meeting International de Forbach,28 MAY 2023,2023,2.,C,Continental Tour,7191024,worldwide
men_800m,Samuel REARDON,30 OCT 2003,1:46.56,,GBR,"Stade Omnisports Schlossberg, Forbach (FRA)",Meeting International de Forbach,28 MAY 2023,2023,3.,C,Continental Tour,7191024,worldwide
men_800m,Jye PERROTT,06 AUG 1998,1:46.74,,AUS,"Stade Omnisports Schlossberg, Forbach (FRA)",Meeting International de Forbach,28 MAY 2023,2023,5.,C,Continental Tour,7191024,worldwide
men_800m,Kacper LEWALSKI,07 MAY 2003,1:46.87,,POL,"Stade Omnisports Schlossberg, Forbach (FRA)",Meeting International de Forbach,28 MAY 2023,2023,6.,C,Continental Tour,7191024,worldwide
men_800m,Brad MATHAS,24 JUN 1993,1:46.95,,NZL,"Stade Omnisports Schlossberg, Forbach (FRA)",Meeting International de Forbach,28 MAY 2023,2023,7.,C,Continental Tour,7191024,worldwide
men_800m,Anicet KOZAR,08 OCT 2001,1:47.16,,FRA,"Stade Omnisports Schlossberg, Forbach (FRA)",Meeting International de Forbach,28 MAY 2023,2023,9.,C,Continental Tour,7191024,worldwide
men_800m,Mehmet ÇELIK,01 DEC 2001,1:47.21,,TUR,"Stade Omnisports Schlossberg, Forbach (FRA)",Meeting International de Forbach,28 MAY 2023,2023,10.,C,Continental Tour,7191024,worldwide
men_800m,Marino BLOUDEK,18 JUL 1999,1:47.48,,CRO,"Bungertstadion, Rehlingen (GER)",58th International Pentecost Sport Meeting Rehlingen,28 MAY 2023,2023,1.,B,Continental Tour,7190976,worldwide
men_800m,Aurele VANDEPUTTE,14 MAY 1995,1:48.46,,BEL,"Bungertstadion, Rehlingen (GER)",58th International Pentecost Sport Meeting Rehlingen,28 MAY 2023,2023,3.,B,Continental Tour,7190976,worldwide
men_800m,Ivan PELIZZA,17 DEC 2000,1:49.14,,SUI,"Bungertstadion, Rehlingen (GER)",58th International Pentecost Sport Meeting Rehlingen,28 MAY 2023,2023,7.,B,Continental Tour,7190976,worldwide
men_800m,Ole Jakob HØSTELAND SOLBU,19 AUG 2003,1:48.25,,NOR,"Ethnikou Stadiou, Kalamata (GRE)",Papaflessia 2023,31 MAY 2023,2023,1.,D,Continental Tour,7191016,worldwide
men_800m,Abedin MUJEZINOVIĆ,02 JUN 1993,1:48.49,,BIH,"Ethnikou Stadiou, Kalamata (GRE)",Papaflessia 2023,31 MAY 2023,2023,2.,D,Continental Tour,7191016,worldwide
men_800m,Mehmet ÇELIK,01 DEC 2001,1:48.91,,TUR,"Ethnikou Stadiou, Kalamata (GRE)",Papaflessia 2023,31 MAY 2023,2023,4.,D,Continental Tour,7191016,worldwide
men_800m,Djamel SEDJATI,03 MAY 1999,1:44.27,,ALG,"Stade des Grands Pêchers, Montreuil (FRA)",Montreuil International Meeting,31 MAY 2023,2023,1.,B,Continental Tour,7190963,worldwide
men_800m,Azeddine HABZ,19 JUL 1993,1:45.15,,FRA,"Stade des Grands Pêchers, Montreuil (FRA)",Montreuil International Meeting,31 MAY 2023,2023,2.,B,Continental Tour,7190963,worldwide
men_800m,Yanis MEZIANE,26 JAN 2002,1:45.68,,FRA,"Stade des Grands Pêchers, Montreuil (FRA)",Montreuil International Meeting,31 MAY 2023,2023,3.,B,Continental Tour,7190963,worldwide
men_800m,Elliot GILES,26 MAY 1994,1:45.74,,GBR,"Stade des Grands Pêchers, Montreuil (FRA)",Montreuil International Meeting,31 MAY 2023,2023,4.,B,Continental Tour,7190963,worldwide
men_800m,Mohamed Ali GOUANED,05 JUL 2002,1:46.10,,ALG,"Stade des Grands Pêchers, Montreuil (FRA)",Montreuil International Meeting,31 MAY 2023,2023,5.,B,Continental Tour,7190963,worldwide
men_800m,Elias NGENY,04 MAY 1996,1:46.28,,KEN,"Stade des Grands Pêchers, Montreuil (FRA)",Montreuil International Meeting,31 MAY 2023,2023,6.,B,Continental Tour,7190963,worldwide
men_800m,Mark ENGLISH,18 MAR 1993,1:46.53,,IRL,"Stade des Grands Pêchers, Montreuil (FRA)",Montreuil International Meeting,31 MAY 2023,2023,7.,B,Continental Tour,7190963,worldwide
men_800m,Anicet KOZAR,08 OCT 2001,1:46.98,,FRA,"Stade des Grands Pêchers, Montreuil (FRA)",Montreuil International Meeting,31 MAY 2023,2023,9.,B,Continental Tour,7190963,worldwide
men_800m,Collins KIPRUTO,12 APR 1994,1:48.21,,KEN,"Stade des Grands Pêchers, Montreuil (FRA)",Montreuil International Meeting,31 MAY 2023,2023,10.,B,Continental Tour,7190963,worldwide
men_800m,Efrem MEKONNEN,31 JAN 2001,1:58.18,,ETH,"Stade des Grands Pêchers, Montreuil (FRA)",Montreuil International Meeting,31 MAY 2023,2023,11.,B,Continental Tour,7190963,worldwide
men_800m,Patryk SIERADZKI,06 OCT 1998,DNF,,POL,"Stade des Grands Pêchers, Montreuil (FRA)",Montreuil International Meeting,31 MAY 2023,2023,,B,Continental Tour,7190963,worldwide
men_800m,Sho KAWAMOTO,01 MAR 1993,1:46.18,,JPN,"Yanmar Stadium Nagai, Osaka (JPN)",Japanese Championships,04 JUN 2023,2023,1.,B,National Championships,7194465,worldwide
men_800m,Junya MATSUMOTO,28 SEP 2000,1:46.52,,JPN,"Yanmar Stadium Nagai, Osaka (JPN)",Japanese Championships,04 JUN 2023,2023,2.,B,National Championships,7194465,worldwide
men_800m,Daichi SETOGUCHI,04 AUG 1998,1:50.55,,JPN,"Yanmar Stadium Nagai, Osaka (JPN)",Japanese Championships,04 JUN 2023,2023,7.,B,National Championships,7194465,worldwide
men_800m,Hiroki MINAMOTO,24 NOV 1999,1:53.35,,JPN,"Yanmar Stadium Nagai, Osaka (JPN)",Japanese Championships,04 JUN 2023,2023,8.,B,National Championships,7194465,worldwide
men_800m,Mohamed ATTAOUI,26 SEP 2001,1:45.17,,ESP,"Estadio de Larrabide, Pamplona (ESP)",Memorial José Luis Hernandez,02 JUN 2023,2023,1.,D,Continental Tour,7198854,worldwide
men_800m,José Carlos PINTO,03 MAY 1997,1:47.80,,POR,"Estadio de Larrabide, Pamplona (ESP)",Memorial José Luis Hernandez,02 JUN 2023,2023,5.,D,Continental Tour,7198854,worldwide
men_800m,Matheus Americo MEDEIROS PESSOA,09 APR 1996,1:49.51,,BRA,"Estadio de Larrabide, Pamplona (ESP)",Memorial José Luis Hernandez,02 JUN 2023,2023,6.,D,Continental Tour,7198854,worldwide
men_800m,Marvin HEINRICH,29 JAN 1997,1:47.94,,GER,"Universitätsstadion Am Biopark, Regensburg (GER)",Sparkassen Gala Regensburg,03 JUN 2023,2023,1.,D,Continental Tour,7191253,worldwide
men_800m,Karl BEBENDORF,07 MAY 1996,1:48.21,,GER,"Universitätsstadion Am Biopark, Regensburg (GER)",Sparkassen Gala Regensburg,03 JUN 2023,2023,2.,D,Continental Tour,7191253,worldwide
men_800m,Dennis BIEDERBICK,09 AUG 1997,DNF,,GER,"Universitätsstadion Am Biopark, Regensburg (GER)",Sparkassen Gala Regensburg,03 JUN 2023,2023,,D,Continental Tour,7191253,worldwide
men_800m,Tobias GRØNSTAD,06 JUL 2002,1:46.61,,NOR,"Fana Stadion, Bergen (NOR)",Trond Mohn Games,03 JUN 2023,2023,1.,B,Continental Tour,7190964,worldwide
men_800m,Joseph DENG,07 JUL 1998,1:46.70,,AUS,"Fana Stadion, Bergen (NOR)",Trond Mohn Games,03 JUN 2023,2023,2.,B,Continental Tour,7190964,worldwide
men_800m,Filip ŠNEJDR,16 APR 1995,1:47.19,,CZE,"Fana Stadion, Bergen (NOR)",Trond Mohn Games,03 JUN 2023,2023,3.,B,Continental Tour,7190964,worldwide
men_800m,Ole Jakob HØSTELAND SOLBU,19 AUG 2003,1:47.80,,NOR,"Fana Stadion, Bergen (NOR)",Trond Mohn Games,03 JUN 2023,2023,4.,B,Continental Tour,7190964,worldwide
men_800m,Joonas RINNE,20 MAY 1995,1:47.99,,FIN,"Fana Stadion, Bergen (NOR)",Trond Mohn Games,03 JUN 2023,2023,5.,B,Continental Tour,7190964,worldwide
men_800m,Abedin MUJEZINOVIĆ,02 JUN 1993,1:48.54,,BIH,"Fana Stadion, Bergen (NOR)",Trond Mohn Games,03 JUN 2023,2023,6.,B,Continental Tour,7190964,worldwide
men_800m,Jye PERROTT,06 AUG 1998,1:49.77,,AUS,"Fana Stadion, Bergen (NOR)",Trond Mohn Games,03 JUN 2023,2023,8.,B,Continental Tour,7190964,worldwide
men_800m,Jamie WEBB,01 JUN 1994,DNF,,GBR,"Fana Stadion, Bergen (NOR)",Trond Mohn Games,03 JUN 2023,2023,,B,Continental Tour,7190964,worldwide
men_800m,Žan RUDOLF,09 MAY 1993,DNF,,SLO,"Fana Stadion, Bergen (NOR)",Trond Mohn Games,03 JUN 2023,2023,,B,Continental Tour,7190964,worldwide
men_800m,Ryan CLARKE,17 NOV 1997,1:46.75,,NED,"FBK Stadium, Hengelo (NED)",FBK Games,04 JUN 2023,2023,2.,A,Continental Tour,7156092,worldwide
men_800m,Stefan NILLESSEN,02 JAN 2003,1:48.88,,NED,"FBK Stadium, Hengelo (NED)",FBK Games,04 JUN 2023,2023,4.,A,Continental Tour,7156092,worldwide
men_800m,Samuel CHAPPLE,23 NOV 1998,1:49.61,,NED,"FBK Stadium, Hengelo (NED)",FBK Games,04 JUN 2023,2023,8.,A,Continental Tour,7156092,worldwide
men_800m,Filip OSTROWSKI,12 JUL 2001,1:45.67,,POL,"Stadion Śląski, Chorzów (POL)",69° ORLEN Janusz Kusociński Memorial,04 JUN 2023,2023,1.,B,Continental Tour,7196449,worldwide
men_800m,Ben PATTISON,15 DEC 2001,1:45.74,,GBR,"Stadion Śląski, Chorzów (POL)",69° ORLEN Janusz Kusociński Memorial,04 JUN 2023,2023,2.,B,Continental Tour,7196449,worldwide
men_800m,Mateusz BORKOWSKI,02 APR 1997,1:45.79,,POL,"Stadion Śląski, Chorzów (POL)",69° ORLEN Janusz Kusociński Memorial,04 JUN 2023,2023,3.,B,Continental Tour,7196449,worldwide
men_800m,Michał ROZMYS,13 MAR 1995,1:46.23,,POL,"Stadion Śląski, Chorzów (POL)",69° ORLEN Janusz Kusociński Memorial,04 JUN 2023,2023,4.,B,Continental Tour,7196449,worldwide
men_800m,Simone BARONTINI,05 JAN 1999,1:46.29,,ITA,"Stadion Śląski, Chorzów (POL)",69° ORLEN Janusz Kusociński Memorial,04 JUN 2023,2023,5.,B,Continental Tour,7196449,worldwide
men_800m,Mostafa SMAILI,09 JAN 1997,1:46.45,,MAR,"Stadion Śląski, Chorzów (POL)",69° ORLEN Janusz Kusociński Memorial,04 JUN 2023,2023,6.,B,Continental Tour,7196449,worldwide
men_800m,Patryk SIERADZKI,06 OCT 1998,1:46.47,,POL,"Stadion Śląski, Chorzów (POL)",69° ORLEN Janusz Kusociński Memorial,04 JUN 2023,2023,7.,B,Continental Tour,7196449,worldwide
men_800m,Efrem MEKONNEN,31 JAN 2001,1:46.76,,ETH,"Stadion Śląski, Chorzów (POL)",69° ORLEN Janusz Kusociński Memorial,04 JUN 2023,2023,8.,B,Continental Tour,7196449,worldwide
men_800m,Kacper LEWALSKI,07 MAY 2003,1:46.78,,POL,"Stadion Śląski, Chorzów (POL)",69° ORLEN Janusz Kusociński Memorial,04 JUN 2023,2023,9.,B,Continental Tour,7196449,worldwide
men_800m,Maciej WYDERKA,29 JUL 2002,1:46.83,,POL,"Stadion Śląski, Chorzów (POL)",69° ORLEN Janusz Kusociński Memorial,04 JUN 2023,2023,10.,B,Continental Tour,7196449,worldwide
men_800m,Daniel ROWDEN,09 SEP 1997,1:46.96,,GBR,"Stadion Śląski, Chorzów (POL)",69° ORLEN Janusz Kusociński Memorial,04 JUN 2023,2023,12.,B,Continental Tour,7196449,worldwide
men_800m,Mark ENGLISH,18 MAR 1993,1:49.95,,IRL,"Stadion Śląski, Chorzów (POL)",69° ORLEN Janusz Kusociński Memorial,04 JUN 2023,2023,13.,B,Continental Tour,7196449,worldwide
men_800m,Jakub DUDYCHA,05 SEP 2005,1:48.59,,CZE,"Stadion Juliska, Praha (CZE)",Memorial Josef Odložil,05 JUN 2023,2023,1.,C,Continental Tour,7190981,worldwide
men_800m,Ben PATTISON,15 DEC 2001,1:45.80,,GBR,"Zdzisław Krzyszkowiak Stadium, Bydgoszcz (POL)",5th Irena Szewińska Memorial,06 JUN 2023,2023,1.,A,Continental Tour,7178051,worldwide
men_800m,Elias NGENY,04 MAY 1996,1:45.99,,KEN,"Zdzisław Krzyszkowiak Stadium, Bydgoszcz (POL)",5th Irena Szewińska Memorial,06 JUN 2023,2023,2.,A,Continental Tour,7178051,worldwide
men_800m,Tibo DE SMET,28 MAY 1999,1:46.11,,BEL,"Zdzisław Krzyszkowiak Stadium, Bydgoszcz (POL)",5th Irena Szewińska Memorial,06 JUN 2023,2023,3.,A,Continental Tour,7178051,worldwide
men_800m,Mateusz BORKOWSKI,02 APR 1997,1:46.12,,POL,"Zdzisław Krzyszkowiak Stadium, Bydgoszcz (POL)",5th Irena Szewińska Memorial,06 JUN 2023,2023,4.,A,Continental Tour,7178051,worldwide
men_800m,Michał ROZMYS,13 MAR 1995,1:46.35,,POL,"Zdzisław Krzyszkowiak Stadium, Bydgoszcz (POL)",5th Irena Szewińska Memorial,06 JUN 2023,2023,5.,A,Continental Tour,7178051,worldwide
men_800m,Andreas KRAMER,13 APR 1997,1:46.38,,SWE,"Zdzisław Krzyszkowiak Stadium, Bydgoszcz (POL)",5th Irena Szewińska Memorial,06 JUN 2023,2023,6.,A,Continental Tour,7178051,worldwide
men_800m,Patryk SIERADZKI,06 OCT 1998,1:46.50,,POL,"Zdzisław Krzyszkowiak Stadium, Bydgoszcz (POL)",5th Irena Szewińska Memorial,06 JUN 2023,2023,7.,A,Continental Tour,7178051,worldwide
men_800m,Kacper LEWALSKI,07 MAY 2003,1:46.58,,POL,"Zdzisław Krzyszkowiak Stadium, Bydgoszcz (POL)",5th Irena Szewińska Memorial,06 JUN 2023,2023,8.,A,Continental Tour,7178051,worldwide
men_800m,Guy LEARMONTH,20 APR 1992,1:46.78,,GBR,"Zdzisław Krzyszkowiak Stadium, Bydgoszcz (POL)",5th Irena Szewińska Memorial,06 JUN 2023,2023,9.,A,Continental Tour,7178051,worldwide
men_800m,Collins KIPRUTO,12 APR 1994,1:46.80,,KEN,"Zdzisław Krzyszkowiak Stadium, Bydgoszcz (POL)",5th Irena Szewińska Memorial,06 JUN 2023,2023,10.,A,Continental Tour,7178051,worldwide
men_800m,Joseph DENG,07 JUL 1998,1:47.65,,AUS,"Zdzisław Krzyszkowiak Stadium, Bydgoszcz (POL)",5th Irena Szewińska Memorial,06 JUN 2023,2023,11.,A,Continental Tour,7178051,worldwide
men_800m,Marino BLOUDEK,18 JUL 1999,1:46.38,,CRO,"Lantos Mihály Sportközpont, Budapest (HUN)",Hungarian GP Series - Budapest,08 JUN 2023,2023,1.,C,Continental Tour,7190987,worldwide
men_800m,Dániel HULLER,10 MAY 2001,1:46.56,,HUN,"Lantos Mihály Sportközpont, Budapest (HUN)",Hungarian GP Series - Budapest,08 JUN 2023,2023,2.,C,Continental Tour,7190987,worldwide
men_800m,Djoao LOBLES,14 JAN 2001,1:46.58,,NED,"Lantos Mihály Sportközpont, Budapest (HUN)",Hungarian GP Series - Budapest,08 JUN 2023,2023,3.,C,Continental Tour,7190987,worldwide
men_800m,Balázs VINDICS,28 MAR 1994,1:47.06,,HUN,"Lantos Mihály Sportközpont, Budapest (HUN)",Hungarian GP Series - Budapest,08 JUN 2023,2023,4.,C,Continental Tour,7190987,worldwide
men_800m,Efrem MEKONNEN,31 JAN 2001,1:47.47,,ETH,"Lantos Mihály Sportközpont, Budapest (HUN)",Hungarian GP Series - Budapest,08 JUN 2023,2023,6.,C,Continental Tour,7190987,worldwide
men_800m,John RIVERA,02 DEC 1998,1:48.00,,PUR,"Pista Basilio Rodriguez, Carolina (PUR)",Puerto Rican Championships,11 JUN 2023,2023,1.,B,National Championships,7200782,worldwide
men_800m,Reece SHARMAN-NEWELL,13 DEC 2002,1:45.60,,GBR,"Paula Radcliffe Stadium, Loughborough (GBR)",British Milers Club Grand Prix - Loughborough,10 JUN 2023,2023,1.,D,Continental Tour,7191028,worldwide
men_800m,Alex BOTTERILL,18 JAN 2000,1:46.31,,GBR,"Paula Radcliffe Stadium, Loughborough (GBR)",British Milers Club Grand Prix - Loughborough,10 JUN 2023,2023,2.,D,Continental Tour,7191028,worldwide
men_800m,Thomas RANDOLPH,07 FEB 1999,1:47.00,,GBR,"Paula Radcliffe Stadium, Loughborough (GBR)",British Milers Club Grand Prix - Loughborough,10 JUN 2023,2023,3.,D,Continental Tour,7191028,worldwide
men_800m,Piers COPELAND,26 NOV 1998,1:47.91,,GBR,"Paula Radcliffe Stadium, Loughborough (GBR)",British Milers Club Grand Prix - Loughborough,10 JUN 2023,2023,5.,D,Continental Tour,7191028,worldwide
men_800m,Leandro ALVES,04 AUG 1998,1:48.50,,BRA,"Paula Radcliffe Stadium, Loughborough (GBR)",British Milers Club Grand Prix - Loughborough,10 JUN 2023,2023,7.,D,Continental Tour,7191028,worldwide
men_800m,Dennis BIEDERBICK,09 AUG 1997,1:47.30,,GER,"Jahnstadion, Osterode (GER)",14. Internationales Sparkassenmeeting,10 JUN 2023,2023,1.,D,Continental Tour,7193352,worldwide
men_800m,Drew PIAZZA,28 JAN 1995,1:47.94,,USA,"Emerson Field, Concord, MA (USA)",Adrian Martinez Classic,10 JUN 2023,2023,2.,D,Continental Tour,7200629,worldwide
men_800m,Eric HOLT,12 MAY 1995,1:48.23,,USA,"Emerson Field, Concord, MA (USA)",Adrian Martinez Classic,10 JUN 2023,2023,3.,D,Continental Tour,7200629,worldwide
men_800m,Balázs VINDICS,28 MAR 1994,1:48.75,,HUN,"Nyíregyházi Atlétikai Centrum, Nyíregyháza (HUN)",Hungarian GP Series - Nyíregyháza,11 JUN 2023,2023,1.,C,Continental Tour,7190990,worldwide
men_800m,Dániel HULLER,10 MAY 2001,1:49.37,,HUN,"Nyíregyházi Atlétikai Centrum, Nyíregyháza (HUN)",Hungarian GP Series - Nyíregyháza,11 JUN 2023,2023,2.,C,Continental Tour,7190990,worldwide
men_800m,Efrem MEKONNEN,31 JAN 2001,DNF,,ETH,"Nyíregyházi Atlétikai Centrum, Nyíregyháza (HUN)",Hungarian GP Series - Nyíregyháza,11 JUN 2023,2023,,C,Continental Tour,7190990,worldwide
men_800m,Simone BARONTINI,05 JAN 1999,1:46.51,,ITA,"Sollentunavallen, Sollentuna (SWE)",Folksam Grand Prix Sollentuna,11 JUN 2023,2023,1.,C,Continental Tour,7190989,worldwide
men_800m,Tshepo TSHITE,15 JAN 1997,1:46.64,,RSA,"Sollentunavallen, Sollentuna (SWE)",Folksam Grand Prix Sollentuna,11 JUN 2023,2023,2.,C,Continental Tour,7190989,worldwide
men_800m,Adrián BEN,04 AUG 1998,1:46.68,,ESP,"Sollentunavallen, Sollentuna (SWE)",Folksam Grand Prix Sollentuna,11 JUN 2023,2023,3.,C,Continental Tour,7190989,worldwide
men_800m,Collins KIPRUTO,12 APR 1994,1:47.78,,KEN,"Sollentunavallen, Sollentuna (SWE)",Folksam Grand Prix Sollentuna,11 JUN 2023,2023,4.,C,Continental Tour,7190989,worldwide
men_800m,Eduardo RIBEIRO,09 JAN 2001,1:49.80,,BRA,"Sollentunavallen, Sollentuna (SWE)",Folksam Grand Prix Sollentuna,11 JUN 2023,2023,6.,C,Continental Tour,7190989,worldwide
men_800m,Žan RUDOLF,09 MAY 1993,DNF,,SLO,"Sollentunavallen, Sollentuna (SWE)",Folksam Grand Prix Sollentuna,11 JUN 2023,2023,,C,Continental Tour,7190989,worldwide
men_800m,Benjamin ROBERT,04 JAN 1998,1:44.40,,FRA,"Paavo Nurmen Stadion, Turku (FIN)",Paavo Nurmi Games,13 JUN 2023,2023,1.,A,Continental Tour,7147648,worldwide
men_800m,Clayton MURPHY,26 FEB 1995,1:44.91,,USA,"Paavo Nurmen Stadion, Turku (FIN)",Paavo Nurmi Games,13 JUN 2023,2023,2.,A,Continental Tour,7147648,worldwide
men_800m,Andreas KRAMER,13 APR 1997,1:44.95,,SWE,"Paavo Nurmen Stadion, Turku (FIN)",Paavo Nurmi Games,13 JUN 2023,2023,3.,A,Continental Tour,7147648,worldwide
men_800m,Ferguson Cheruiyot ROTICH,30 NOV 1989,1:45.19,,KEN,"Paavo Nurmen Stadion, Turku (FIN)",Paavo Nurmi Games,13 JUN 2023,2023,4.,A,Continental Tour,7147648,worldwide
men_800m,Tibo DE SMET,28 MAY 1999,1:45.31,,BEL,"Paavo Nurmen Stadion, Turku (FIN)",Paavo Nurmi Games,13 JUN 2023,2023,5.,A,Continental Tour,7147648,worldwide
men_800m,Tshepo TSHITE,15 JAN 1997,1:45.45,,RSA,"Paavo Nurmen Stadion, Turku (FIN)",Paavo Nurmi Games,13 JUN 2023,2023,6.,A,Continental Tour,7147648,worldwide
men_800m,Catalin TECUCEANU,09 SEP 1999,1:45.69,,ITA,"Paavo Nurmen Stadion, Turku (FIN)",Paavo Nurmi Games,13 JUN 2023,2023,7.,A,Continental Tour,7147648,worldwide
men_800m,Collins KIPRUTO,12 APR 1994,1:45.81,,KEN,"Paavo Nurmen Stadion, Turku (FIN)",Paavo Nurmi Games,13 JUN 2023,2023,8.,A,Continental Tour,7147648,worldwide
men_800m,Joonas RINNE,20 MAY 1995,1:45.88,,FIN,"Paavo Nurmen Stadion, Turku (FIN)",Paavo Nurmi Games,13 JUN 2023,2023,9.,A,Continental Tour,7147648,worldwide
men_800m,Mark ENGLISH,18 MAR 1993,1:50.29,,IRL,"Paavo Nurmen Stadion, Turku (FIN)",Paavo Nurmi Games,13 JUN 2023,2023,10.,A,Continental Tour,7147648,worldwide
men_800m,Patryk SIERADZKI,06 OCT 1998,DNF,,POL,"Paavo Nurmen Stadion, Turku (FIN)",Paavo Nurmi Games,13 JUN 2023,2023,,A,Continental Tour,7147648,worldwide
men_800m,Filip ŠNEJDR,16 APR 1995,1:46.67,,CZE,"Mestský Stadion Sletište, Kladno (CZE)",Kladno hází a Kladenské Memoriály 2023,13 JUN 2023,2023,1.,C,Continental Tour,7190991,worldwide
men_800m,James PRESTON,08 MAY 1997,1:46.78,,NZL,"Mestský Stadion Sletište, Kladno (CZE)",Kladno hází a Kladenské Memoriály 2023,13 JUN 2023,2023,2.,C,Continental Tour,7190991,worldwide
men_800m,Elhassane MOUJAHID,19 JAN 2000,1:46.84,,MAR,"Mestský Stadion Sletište, Kladno (CZE)",Kladno hází a Kladenské Memoriály 2023,13 JUN 2023,2023,3.,C,Continental Tour,7190991,worldwide
men_800m,Yassine HETHAT,30 AUG 1991,1:46.89,,ALG,"Mestský Stadion Sletište, Kladno (CZE)",Kladno hází a Kladenské Memoriály 2023,13 JUN 2023,2023,4.,C,Continental Tour,7190991,worldwide
men_800m,Jakub DUDYCHA,05 SEP 2005,1:46.94,,CZE,"Mestský Stadion Sletište, Kladno (CZE)",Kladno hází a Kladenské Memoriály 2023,13 JUN 2023,2023,5.,C,Continental Tour,7190991,worldwide
men_800m,Abedin MUJEZINOVIĆ,02 JUN 1993,1:46.97,,BIH,"Mestský Stadion Sletište, Kladno (CZE)",Kladno hází a Kladenské Memoriály 2023,13 JUN 2023,2023,6.,C,Continental Tour,7190991,worldwide
men_800m,Jakub DAVIDÍK,20 JAN 2002,1:46.97,,CZE,"Mestský Stadion Sletište, Kladno (CZE)",Kladno hází a Kladenské Memoriály 2023,13 JUN 2023,2023,7.,C,Continental Tour,7190991,worldwide
men_800m,Maciej WYDERKA,29 JUL 2002,1:47.08,,POL,"Mestský Stadion Sletište, Kladno (CZE)",Kladno hází a Kladenské Memoriály 2023,13 JUN 2023,2023,8.,C,Continental Tour,7190991,worldwide
men_800m,Jan FRIŠ,19 DEC 1995,1:48.55,,CZE,"Mestský Stadion Sletište, Kladno (CZE)",Kladno hází a Kladenské Memoriály 2023,13 JUN 2023,2023,11.,C,Continental Tour,7190991,worldwide
men_800m,Jesus Tonatiu LÓPEZ,02 AUG 1997,1:44.70,,MEX,"Pistes d'atletisme Gaetà Huguet, Castellón (ESP)",VII Memorial José Antonio Cansino,14 JUN 2023,2023,1.,D,Continental Tour,7198263,worldwide
men_800m,Tom DRADRIGA,17 JUN 1996,1:44.80,,UGA,"Pistes d'atletisme Gaetà Huguet, Castellón (ESP)",VII Memorial José Antonio Cansino,14 JUN 2023,2023,2.,D,Continental Tour,7198263,worldwide
men_800m,Pablo SÁNCHEZ-VALLADARES,12 NOV 1997,1:44.90,,ESP,"Pistes d'atletisme Gaetà Huguet, Castellón (ESP)",VII Memorial José Antonio Cansino,14 JUN 2023,2023,3.,D,Continental Tour,7198263,worldwide
men_800m,Eric NZIKWINKUNDA,01 JAN 1997,1:45.67,,BDI,"Pistes d'atletisme Gaetà Huguet, Castellón (ESP)",VII Memorial José Antonio Cansino,14 JUN 2023,2023,4.,D,Continental Tour,7198263,worldwide
men_800m,David BARROSO,21 AUG 2001,1:46.44,,ESP,"Pistes d'atletisme Gaetà Huguet, Castellón (ESP)",VII Memorial José Antonio Cansino,14 JUN 2023,2023,7.,D,Continental Tour,7198263,worldwide
men_800m,Alberto GUERRERO,04 APR 1995,1:46.46,,ESP,"Pistes d'atletisme Gaetà Huguet, Castellón (ESP)",VII Memorial José Antonio Cansino,14 JUN 2023,2023,8.,D,Continental Tour,7198263,worldwide
men_800m,Elvin Josué CANALES,05 SEP 2001,1:46.51,,HON,"Pistes d'atletisme Gaetà Huguet, Castellón (ESP)",VII Memorial José Antonio Cansino,14 JUN 2023,2023,9.,D,Continental Tour,7198263,worldwide
men_800m,Eduardo ROMERO,27 JAN 1999,1:49.45,,ESP,"Pistes d'atletisme Gaetà Huguet, Castellón (ESP)",VII Memorial José Antonio Cansino,14 JUN 2023,2023,13.,D,Continental Tour,7198263,worldwide
men_800m,Alex BOTTERILL,18 JAN 2000,1:47.18,,GBR,"Allmend, Meilen (SUI)",Meeting Meilen,17 JUN 2023,2023,1.,D,Continental Tour,7191056,worldwide
men_800m,Ramon WIPFLI,30 JUN 2004,1:49.03,,SUI,"Allmend, Meilen (SUI)",Meeting Meilen,17 JUN 2023,2023,3.,D,Continental Tour,7191056,worldwide
men_800m,Ivan PELIZZA,17 DEC 2000,1:49.76,,SUI,"Allmend, Meilen (SUI)",Meeting Meilen,17 JUN 2023,2023,6.,D,Continental Tour,7191056,worldwide
men_800m,Kameron JONES,12 NOV 1997,DNF,,USA,"Marietta HS, Marietta, GA (USA)",ATL All-Comers Series,17 JUN 2023,2023,,D,Continental Tour,7202057,worldwide
men_800m,Dennis BIEDERBICK,09 AUG 1997,1:46.09,,GER,"Paul-Greifzu-Stadion, Dessau (GER)",25th International Athletics Meeting Anhalt 2023,17 JUN 2023,2023,1.,C,Continental Tour,7190994,worldwide
men_800m,Mateusz BORKOWSKI,02 APR 1997,1:46.22,,POL,"Paul-Greifzu-Stadion, Dessau (GER)",25th International Athletics Meeting Anhalt 2023,17 JUN 2023,2023,2.,C,Continental Tour,7190994,worldwide
men_800m,Daniel ROWDEN,09 SEP 1997,1:46.30,,GBR,"Paul-Greifzu-Stadion, Dessau (GER)",25th International Athletics Meeting Anhalt 2023,17 JUN 2023,2023,3.,C,Continental Tour,7190994,worldwide
men_800m,Elhassane MOUJAHID,19 JAN 2000,1:47.53,,MAR,"Paul-Greifzu-Stadion, Dessau (GER)",25th International Athletics Meeting Anhalt 2023,17 JUN 2023,2023,5.,C,Continental Tour,7190994,worldwide
men_800m,Pietro ARESE,08 OCT 1999,1:48.28,,ITA,"Paul-Greifzu-Stadion, Dessau (GER)",25th International Athletics Meeting Anhalt 2023,17 JUN 2023,2023,6.,C,Continental Tour,7190994,worldwide
men_800m,Amel TUKA,09 JAN 1991,1:48.30,,BIH,"Paul-Greifzu-Stadion, Dessau (GER)",25th International Athletics Meeting Anhalt 2023,17 JUN 2023,2023,7.,C,Continental Tour,7190994,worldwide
men_800m,Saúl ORDÓÑEZ,10 APR 1994,1:45.25,,ESP,"Stade Raymond Petit, Tomblaine (FRA)",Meeting Stanislas Nancy,18 JUN 2023,2023,1.,B,Continental Tour,7191150,worldwide
men_800m,Collins KIPRUTO,12 APR 1994,1:45.64,,KEN,"Stade Raymond Petit, Tomblaine (FRA)",Meeting Stanislas Nancy,18 JUN 2023,2023,2.,B,Continental Tour,7191150,worldwide
men_800m,Simone BARONTINI,05 JAN 1999,1:45.65,,ITA,"Stade Raymond Petit, Tomblaine (FRA)",Meeting Stanislas Nancy,18 JUN 2023,2023,3.,B,Continental Tour,7191150,worldwide
men_800m,Peter BOL,22 FEB 1994,1:45.81,,AUS,"Stade Raymond Petit, Tomblaine (FRA)",Meeting Stanislas Nancy,18 JUN 2023,2023,4.,B,Continental Tour,7191150,worldwide
men_800m,Cornelius TUWEI,24 MAY 1993,1:46.01,,KEN,"Stade Raymond Petit, Tomblaine (FRA)",Meeting Stanislas Nancy,18 JUN 2023,2023,5.,B,Continental Tour,7191150,worldwide
men_800m,Anicet KOZAR,08 OCT 2001,1:46.84,,FRA,"Stade Raymond Petit, Tomblaine (FRA)",Meeting Stanislas Nancy,18 JUN 2023,2023,6.,B,Continental Tour,7191150,worldwide
men_800m,Hugo HOUYEZ,16 DEC 1995,1:47.27,,FRA,"Stade Raymond Petit, Tomblaine (FRA)",Meeting Stanislas Nancy,18 JUN 2023,2023,7.,B,Continental Tour,7191150,worldwide
men_800m,Charles GRETHEN,02 JUN 1992,1:48.27,,LUX,"Stade Raymond Petit, Tomblaine (FRA)",Meeting Stanislas Nancy,18 JUN 2023,2023,8.,B,Continental Tour,7191150,worldwide
men_800m,Clayton MURPHY,26 FEB 1995,1:49.12,,USA,"Stade Raymond Petit, Tomblaine (FRA)",Meeting Stanislas Nancy,18 JUN 2023,2023,9.,B,Continental Tour,7191150,worldwide
men_800m,Ben PATTISON,15 DEC 2001,1:45.64,,GBR,"Golęcin Stadion, Poznan (POL)",Czeslaw Cybulski Memorial,18 JUN 2023,2023,1.,B,Continental Tour,7190968,worldwide
men_800m,Jesus Tonatiu LÓPEZ,02 AUG 1997,1:46.11,,MEX,"Golęcin Stadion, Poznan (POL)",Czeslaw Cybulski Memorial,18 JUN 2023,2023,2.,B,Continental Tour,7190968,worldwide
men_800m,Michał ROZMYS,13 MAR 1995,1:46.15,,POL,"Golęcin Stadion, Poznan (POL)",Czeslaw Cybulski Memorial,18 JUN 2023,2023,3.,B,Continental Tour,7190968,worldwide
men_800m,John FITZSIMONS,05 MAY 1998,1:46.27,,IRL,"Golęcin Stadion, Poznan (POL)",Czeslaw Cybulski Memorial,18 JUN 2023,2023,4.,B,Continental Tour,7190968,worldwide
men_800m,Patryk SIERADZKI,06 OCT 1998,1:46.36,,POL,"Golęcin Stadion, Poznan (POL)",Czeslaw Cybulski Memorial,18 JUN 2023,2023,5.,B,Continental Tour,7190968,worldwide
men_800m,Filip ŠNEJDR,16 APR 1995,1:46.52,,CZE,"Golęcin Stadion, Poznan (POL)",Czeslaw Cybulski Memorial,18 JUN 2023,2023,6.,B,Continental Tour,7190968,worldwide
men_800m,Heithem CHENITEF,30 JAN 2004,1:46.63,,ALG,"Golęcin Stadion, Poznan (POL)",Czeslaw Cybulski Memorial,18 JUN 2023,2023,7.,B,Continental Tour,7190968,worldwide
men_800m,Eduardo RIBEIRO,09 JAN 2001,1:49.02,,BRA,"Golęcin Stadion, Poznan (POL)",Czeslaw Cybulski Memorial,18 JUN 2023,2023,9.,B,Continental Tour,7190968,worldwide
men_800m,Abdelati EL GUESSE,27 FEB 1993,1:46.44,,MAR,"Le Grand Stade, Marrakech (MAR)",Arab Championships,24 JUN 2023,2023,1.,C,Area Regional Champs,7201541,worldwide
men_800m,Mostafa SMAILI,09 JAN 1997,1:46.69,,MAR,"Le Grand Stade, Marrakech (MAR)",Arab Championships,24 JUN 2023,2023,2.,C,Area Regional Champs,7201541,worldwide
men_800m,Ebrahim Remaid ALZOFAIRI,08 MAY 1989,1:49.11,,KUW,"Le Grand Stade, Marrakech (MAR)",Arab Championships,24 JUN 2023,2023,4.,C,Area Regional Champs,7201541,worldwide
men_800m,Alex Ngeno KIPNGETICH,17 AUG 2000,1:44.90,,KEN,"Nyayo National Stadium, Nairobi (KEN)",Kenyan Championships,24 JUN 2023,2023,1.,B,National Championships,7194286,worldwide
men_800m,Cornelius TUWEI,24 MAY 1993,1:44.92,,KEN,"Nyayo National Stadium, Nairobi (KEN)",Kenyan Championships,24 JUN 2023,2023,2.,B,National Championships,7194286,worldwide
men_800m,Timothy CHERUIYOT,20 NOV 1995,1:45.10,,KEN,"Nyayo National Stadium, Nairobi (KEN)",Kenyan Championships,24 JUN 2023,2023,3.,B,National Championships,7194286,worldwide
men_800m,Wyclife KINYAMAL,02 JUL 1997,1:45.12,,KEN,"Nyayo National Stadium, Nairobi (KEN)",Kenyan Championships,24 JUN 2023,2023,4.,B,National Championships,7194286,worldwide
men_800m,Elias NGENY,04 MAY 1996,1:45.80,,KEN,"Nyayo National Stadium, Nairobi (KEN)",Kenyan Championships,24 JUN 2023,2023,5.,B,National Championships,7194286,worldwide
men_800m,Ferguson Cheruiyot ROTICH,30 NOV 1989,1:45.93,,KEN,"Nyayo National Stadium, Nairobi (KEN)",Kenyan Championships,24 JUN 2023,2023,6.,B,National Championships,7194286,worldwide
men_800m,Collins KIPRUTO,12 APR 1994,1:47.40,,KEN,"Nyayo National Stadium, Nairobi (KEN)",Kenyan Championships,24 JUN 2023,2023,7.,B,National Championships,7194286,worldwide
men_800m,Jeremiah Kipkorir MUTAI,27 DEC 1992,1:48.88,,KEN,"Nyayo National Stadium, Nairobi (KEN)",Kenyan Championships,24 JUN 2023,2023,8.,B,National Championships,7194286,worldwide
men_800m,Kristian Uldbjerg HANSEN,15 AUG 1996,1:52.74,,DEN,"Skovdalen Stadion, Aalborg (DEN)",Danish Championships,25 JUN 2023,2023,1.,B,National Championships,7198331,worldwide
men_800m,Bryce HOPPEL,05 SEP 1997,1:44.55,,USA,"Icahn Stadium, New York, NY (USA)",USATF NYC Grand Prix,24 JUN 2023,2023,1.,A,Continental Tour,7189809,worldwide
men_800m,Isaiah HARRIS,18 OCT 1996,1:45.11,,USA,"Icahn Stadium, New York, NY (USA)",USATF NYC Grand Prix,24 JUN 2023,2023,2.,A,Continental Tour,7189809,worldwide
men_800m,Hobbs KESSLER,15 MAR 2003,1:45.80,,USA,"Icahn Stadium, New York, NY (USA)",USATF NYC Grand Prix,24 JUN 2023,2023,3.,A,Continental Tour,7189809,worldwide
men_800m,Brandon MILLER,30 JAN 2002,1:46.23,,USA,"Icahn Stadium, New York, NY (USA)",USATF NYC Grand Prix,24 JUN 2023,2023,4.,A,Continental Tour,7189809,worldwide
men_800m,Will SUMNER,22 OCT 2003,1:46.79,,USA,"Icahn Stadium, New York, NY (USA)",USATF NYC Grand Prix,24 JUN 2023,2023,5.,A,Continental Tour,7189809,worldwide
men_800m,Erik SOWINSKI,21 DEC 1989,1:46.98,,USA,"Icahn Stadium, New York, NY (USA)",USATF NYC Grand Prix,24 JUN 2023,2023,6.,A,Continental Tour,7189809,worldwide
men_800m,Abraham ALVARADO,04 AUG 1995,1:47.99,,USA,"Icahn Stadium, New York, NY (USA)",USATF NYC Grand Prix,24 JUN 2023,2023,7.,A,Continental Tour,7189809,worldwide
men_800m,Oussama NABIL,18 FEB 1996,1:45.29,,MAR,"Altamira estadioa, Ordizia (ESP)",VII Ordizia Sari Nagusia - International Meeting Jose Antonio Peña,24 JUN 2023,2023,1.,D,Continental Tour,7191055,worldwide
men_800m,Ronaldo OLIVO,08 OCT 2004,1:45.65,,ESP,"Altamira estadioa, Ordizia (ESP)",VII Ordizia Sari Nagusia - International Meeting Jose Antonio Peña,24 JUN 2023,2023,2.,D,Continental Tour,7191055,worldwide
men_800m,Eric NZIKWINKUNDA,01 JAN 1997,1:45.79,,BDI,"Altamira estadioa, Ordizia (ESP)",VII Ordizia Sari Nagusia - International Meeting Jose Antonio Peña,24 JUN 2023,2023,3.,D,Continental Tour,7191055,worldwide
men_800m,Cian MCPHILLIPS,07 JUN 2002,1:45.92,,IRL,"Altamira estadioa, Ordizia (ESP)",VII Ordizia Sari Nagusia - International Meeting Jose Antonio Peña,24 JUN 2023,2023,4.,D,Continental Tour,7191055,worldwide
men_800m,Saúl ORDÓÑEZ,10 APR 1994,1:44.85,,ESP,"Mestský Stadion, Ostrava (CZE)",62nd Ostrava Golden Spike,27 JUN 2023,2023,1.,A,Continental Tour,7147650,worldwide
men_800m,Elliot GILES,26 MAY 1994,1:45.03,,GBR,"Mestský Stadion, Ostrava (CZE)",62nd Ostrava Golden Spike,27 JUN 2023,2023,2.,A,Continental Tour,7147650,worldwide
men_800m,Simone BARONTINI,05 JAN 1999,1:45.03,,ITA,"Mestský Stadion, Ostrava (CZE)",62nd Ostrava Golden Spike,27 JUN 2023,2023,2.,A,Continental Tour,7147650,worldwide
men_800m,Neil GOURLEY,07 FEB 1995,1:45.49,,GBR,"Mestský Stadion, Ostrava (CZE)",62nd Ostrava Golden Spike,27 JUN 2023,2023,4.,A,Continental Tour,7147650,worldwide
men_800m,Gabriel TUAL,09 APR 1998,1:45.78,,FRA,"Mestský Stadion, Ostrava (CZE)",62nd Ostrava Golden Spike,27 JUN 2023,2023,5.,A,Continental Tour,7147650,worldwide
men_800m,Peter BOL,22 FEB 1994,1:46.02,,AUS,"Mestský Stadion, Ostrava (CZE)",62nd Ostrava Golden Spike,27 JUN 2023,2023,6.,A,Continental Tour,7147650,worldwide
men_800m,Jakub DUDYCHA,05 SEP 2005,1:46.27,,CZE,"Mestský Stadion, Ostrava (CZE)",62nd Ostrava Golden Spike,27 JUN 2023,2023,7.,A,Continental Tour,7147650,worldwide
men_800m,Kelvin Kimtai LOTI,05 OCT 1999,1:46.62,,KEN,"Mestský Stadion, Ostrava (CZE)",62nd Ostrava Golden Spike,27 JUN 2023,2023,8.,A,Continental Tour,7147650,worldwide
men_800m,Ben PATTISON,15 DEC 2001,1:46.78,,GBR,"Mestský Stadion, Ostrava (CZE)",62nd Ostrava Golden Spike,27 JUN 2023,2023,9.,A,Continental Tour,7147650,worldwide
men_800m,Jakub DAVIDÍK,20 JAN 2002,1:47.02,,CZE,"Mestský Stadion, Ostrava (CZE)",62nd Ostrava Golden Spike,27 JUN 2023,2023,10.,A,Continental Tour,7147650,worldwide
men_800m,Amel TUKA,09 JAN 1991,1:47.30,,BIH,"Mestský Stadion, Ostrava (CZE)",62nd Ostrava Golden Spike,27 JUN 2023,2023,11.,A,Continental Tour,7147650,worldwide
men_800m,Marino BLOUDEK,18 JUL 1999,1:47.35,,CRO,"Mestský Stadion, Ostrava (CZE)",62nd Ostrava Golden Spike,27 JUN 2023,2023,12.,A,Continental Tour,7147650,worldwide
men_800m,Filip ŠNEJDR,16 APR 1995,1:48.37,,CZE,"Mestský Stadion, Ostrava (CZE)",62nd Ostrava Golden Spike,27 JUN 2023,2023,13.,A,Continental Tour,7147650,worldwide
men_800m,Patryk SIERADZKI,06 OCT 1998,DNF,,POL,"Mestský Stadion, Ostrava (CZE)",62nd Ostrava Golden Spike,27 JUN 2023,2023,,A,Continental Tour,7147650,worldwide
men_800m,Alex BOTTERILL,18 JAN 2000,1:45.54,,GBR,"Bislett Stadion, Oslo (NOR)",Boysen Memorial,28 JUN 2023,2023,1.,C,Continental Tour,7191250,worldwide
men_800m,Ole Jakob HØSTELAND SOLBU,19 AUG 2003,1:45.75,,NOR,"Bislett Stadion, Oslo (NOR)",Boysen Memorial,28 JUN 2023,2023,2.,C,Continental Tour,7191250,worldwide
men_800m,Thomas RANDOLPH,07 FEB 1999,1:45.75,,GBR,"Bislett Stadion, Oslo (NOR)",Boysen Memorial,28 JUN 2023,2023,3.,C,Continental Tour,7191250,worldwide
men_800m,Balázs VINDICS,28 MAR 1994,1:46.29,,HUN,"Bislett Stadion, Oslo (NOR)",Boysen Memorial,28 JUN 2023,2023,4.,C,Continental Tour,7191250,worldwide
men_800m,Samuel PIHLSTRÖM,08 MAR 2001,1:48.32,,SWE,"Bislett Stadion, Oslo (NOR)",Boysen Memorial,28 JUN 2023,2023,7.,C,Continental Tour,7191250,worldwide
men_800m,Charles PHILIBERT-THIBOUTOT,31 DEC 1990,1:48.73,,CAN,"Complexe Sportif Claude-Robillard, Montréal (CAN)",La Classique D’Athletisme De Montreal,29 JUN 2023,2023,4.,D,Continental Tour,7192538,worldwide
men_800m,Kelvin Kimtai LOTI,05 OCT 1999,1:46.78,,KEN,"Stade d'Athletisme Pierre Voillequin, Troyes (FRA)",Meeting National d'Athlétisme de Troyes,01 JUL 2023,2023,1.,D,Continental Tour,7191255,worldwide
men_800m,John FITZSIMONS,05 MAY 1998,1:47.84,,IRL,"Stade d'Athletisme Pierre Voillequin, Troyes (FRA)",Meeting National d'Athlétisme de Troyes,01 JUL 2023,2023,2.,D,Continental Tour,7191255,worldwide
men_800m,Mostafa SMAILI,09 JAN 1997,1:48.07,,MAR,"Stade d'Athletisme Pierre Voillequin, Troyes (FRA)",Meeting National d'Athlétisme de Troyes,01 JUL 2023,2023,3.,D,Continental Tour,7191255,worldwide
men_800m,Guy LEARMONTH,20 APR 1992,1:48.36,,GBR,"Stade d'Athletisme Pierre Voillequin, Troyes (FRA)",Meeting National d'Athlétisme de Troyes,01 JUL 2023,2023,4.,D,Continental Tour,7191255,worldwide
men_800m,Heithem CHENITEF,30 JAN 2004,1:48.56,,ALG,"Stade d'Athletisme Pierre Voillequin, Troyes (FRA)",Meeting National d'Athlétisme de Troyes,01 JUL 2023,2023,5.,D,Continental Tour,7191255,worldwide
men_800m,Amel TUKA,09 JAN 1991,1:48.62,,BIH,"Stade d'Athletisme Pierre Voillequin, Troyes (FRA)",Meeting National d'Athlétisme de Troyes,01 JUL 2023,2023,6.,D,Continental Tour,7191255,worldwide
men_800m,Elhassane MOUJAHID,19 JAN 2000,1:49.17,,MAR,"Stade d'Athletisme Pierre Voillequin, Troyes (FRA)",Meeting National d'Athlétisme de Troyes,01 JUL 2023,2023,8.,D,Continental Tour,7191255,worldwide
men_800m,Aurele VANDEPUTTE,14 MAY 1995,1:50.08,,BEL,"Stade d'Athletisme Pierre Voillequin, Troyes (FRA)",Meeting National d'Athlétisme de Troyes,01 JUL 2023,2023,11.,D,Continental Tour,7191255,worldwide
men_800m,Tshepiso MASALELA,25 MAY 1999,DNF,,BOT,"Stade d'Athletisme Pierre Voillequin, Troyes (FRA)",Meeting National d'Athlétisme de Troyes,01 JUL 2023,2023,,D,Continental Tour,7191255,worldwide
men_800m,Reece SHARMAN-NEWELL,13 DEC 2002,1:47.52,,GBR,"Woodside Stadium, Watford (GBR)",British Milers Club Grand Prix - Watford,01 JUL 2023,2023,1.,D,Continental Tour,7191062,worldwide
men_800m,Samuel REARDON,30 OCT 2003,1:47.97,,GBR,"Woodside Stadium, Watford (GBR)",British Milers Club Grand Prix - Watford,01 JUL 2023,2023,2.,D,Continental Tour,7191062,worldwide
men_800m,Archie DAVIS,16 OCT 1998,1:48.04,,GBR,"Woodside Stadium, Watford (GBR)",British Milers Club Grand Prix - Watford,01 JUL 2023,2023,3.,D,Continental Tour,7191062,worldwide
men_800m,Matthew STONIER,24 SEP 2001,1:48.10,,GBR,"Woodside Stadium, Watford (GBR)",British Milers Club Grand Prix - Watford,01 JUL 2023,2023,4.,D,Continental Tour,7191062,worldwide
men_800m,Charlie DA'VALL GRICE,07 NOV 1993,1:48.49,,GBR,"Woodside Stadium, Watford (GBR)",British Milers Club Grand Prix - Watford,01 JUL 2023,2023,5.,D,Continental Tour,7191062,worldwide
men_800m,Oliver DUSTIN,29 NOV 2000,1:48.53,,GBR,"Woodside Stadium, Watford (GBR)",British Milers Club Grand Prix - Watford,01 JUL 2023,2023,6.,D,Continental Tour,7191062,worldwide
men_800m,Alex BOTTERILL,18 JAN 2000,1:48.74,,GBR,"Woodside Stadium, Watford (GBR)",British Milers Club Grand Prix - Watford,01 JUL 2023,2023,8.,D,Continental Tour,7191062,worldwide
men_800m,Kyle LANGFORD,02 FEB 1996,1:48.91,,GBR,"Woodside Stadium, Watford (GBR)",British Milers Club Grand Prix - Watford,01 JUL 2023,2023,9.,D,Continental Tour,7191062,worldwide
men_800m,Jack LUNN,16 OCT 2001,1:48.97,,AUS,"Woodside Stadium, Watford (GBR)",British Milers Club Grand Prix - Watford,01 JUL 2023,2023,10.,D,Continental Tour,7191062,worldwide
men_800m,Thomas RANDOLPH,07 FEB 1999,1:49.03,,GBR,"Woodside Stadium, Watford (GBR)",British Milers Club Grand Prix - Watford,01 JUL 2023,2023,11.,D,Continental Tour,7191062,worldwide
men_800m,Riadh CHNINNI,15 MAR 1997,1:50.35,,TUN,"Stadion Radés, Radés (TUN)",Tunisian Championships,01 JUL 2023,2023,1.,B,National Championships,7202736,worldwide
men_800m,Marco AROP,20 SEP 1998,1:48.95,,CAN,"Foote Field, Edmonton (CAN)",Edmonton Athletics Invitational,02 JUL 2023,2023,1.,B,Continental Tour,7192535,worldwide
men_800m,John RIVERA,02 DEC 1998,1:50.23,,PUR,"Foote Field, Edmonton (CAN)",Edmonton Athletics Invitational,02 JUL 2023,2023,2.,B,Continental Tour,7192535,worldwide
men_800m,Charlie HUNTER,20 JUL 1996,1:50.47,,AUS,"Foote Field, Edmonton (CAN)",Edmonton Athletics Invitational,02 JUL 2023,2023,3.,B,Continental Tour,7192535,worldwide
men_800m,Abdullahi HASSAN,28 JUL 2002,1:50.50,,CAN,"Foote Field, Edmonton (CAN)",Edmonton Athletics Invitational,02 JUL 2023,2023,4.,B,Continental Tour,7192535,worldwide
men_800m,Edose IBADIN,27 FEB 1993,1:53.66,,NGR,"Foote Field, Edmonton (CAN)",Edmonton Athletics Invitational,02 JUL 2023,2023,7.,B,Continental Tour,7192535,worldwide
men_800m,Handal ROBAN,05 SEP 2002,1:45.93,,VIN,San Salvador (ESA),CAC Games,05 JUL 2023,2023,1.,B,Area Regional Champs,7199475,worldwide
men_800m,Ryan SÁNCHEZ,22 SEP 1998,1:46.86,,PUR,San Salvador (ESA),CAC Games,05 JUL 2023,2023,2.,B,Area Regional Champs,7199475,worldwide
men_800m,Chamar CHAMBERS,31 OCT 1997,1:47.72,,PAN,San Salvador (ESA),CAC Games,05 JUL 2023,2023,4.,B,Area Regional Champs,7199475,worldwide
men_800m,Jesus Tonatiu LÓPEZ,02 AUG 1997,1:50.71,,MEX,San Salvador (ESA),CAC Games,05 JUL 2023,2023,6.,B,Area Regional Champs,7199475,worldwide
men_800m,Jose MAITA,17 APR 1998,DQ,,VEN,San Salvador (ESA),CAC Games,05 JUL 2023,2023,,B,Area Regional Champs,7199475,worldwide
men_800m,James PRESTON,08 MAY 1997,1:46.27,,NZL,"Tingvalla IP, Karlstad (SWE)",Folksam Grand Prix Karlstad,05 JUL 2023,2023,1.,C,Continental Tour,7190999,worldwide
men_800m,Balázs VINDICS,28 MAR 1994,1:47.02,,HUN,"Tingvalla IP, Karlstad (SWE)",Folksam Grand Prix Karlstad,05 JUL 2023,2023,2.,C,Continental Tour,7190999,worldwide
men_800m,Moad ZAHAFI,09 MAY 1998,1:47.06,,MAR,"Stade Pierre de Coubertin, Montgeron (FRA)",Meeting International Montgeron-Essonne,05 JUL 2023,2023,1.,C,Continental Tour,7191014,worldwide
men_800m,Elhassane MOUJAHID,19 JAN 2000,1:47.07,,MAR,"Stade Pierre de Coubertin, Montgeron (FRA)",Meeting International Montgeron-Essonne,05 JUL 2023,2023,2.,C,Continental Tour,7191014,worldwide
men_800m,Filip ŠNEJDR,16 APR 1995,1:47.51,,CZE,"Stade Pierre de Coubertin, Montgeron (FRA)",Meeting International Montgeron-Essonne,05 JUL 2023,2023,4.,C,Continental Tour,7191014,worldwide
men_800m,Hugo HOUYEZ,16 DEC 1995,1:47.56,,FRA,"Stade Pierre de Coubertin, Montgeron (FRA)",Meeting International Montgeron-Essonne,05 JUL 2023,2023,5.,C,Continental Tour,7191014,worldwide
men_800m,Kelvin Kimtai LOTI,05 OCT 1999,1:44.07,,KEN,"Estadi Joan Serrahima, Barcelona (ESP)",Míting Internacional d'Atletisme Ciutat de Barcelona,05 JUL 2023,2023,1.,D,Continental Tour,7191065,worldwide
men_800m,Peter BOL,22 FEB 1994,1:44.29,,AUS,"Estadi Joan Serrahima, Barcelona (ESP)",Míting Internacional d'Atletisme Ciutat de Barcelona,05 JUL 2023,2023,2.,D,Continental Tour,7191065,worldwide
men_800m,Mohamed ATTAOUI,26 SEP 2001,1:44.67,,ESP,"Estadi Joan Serrahima, Barcelona (ESP)",Míting Internacional d'Atletisme Ciutat de Barcelona,05 JUL 2023,2023,3.,D,Continental Tour,7191065,worldwide
men_800m,Adrián BEN,04 AUG 1998,1:44.79,,ESP,"Estadi Joan Serrahima, Barcelona (ESP)",Míting Internacional d'Atletisme Ciutat de Barcelona,05 JUL 2023,2023,4.,D,Continental Tour,7191065,worldwide
men_800m,Tom DRADRIGA,17 JUN 1996,1:45.42,,UGA,"Estadi Joan Serrahima, Barcelona (ESP)",Míting Internacional d'Atletisme Ciutat de Barcelona,05 JUL 2023,2023,5.,D,Continental Tour,7191065,worldwide
men_800m,Patryk SIERADZKI,06 OCT 1998,1:46.41,,POL,"Estadi Joan Serrahima, Barcelona (ESP)",Míting Internacional d'Atletisme Ciutat de Barcelona,05 JUL 2023,2023,6.,D,Continental Tour,7191065,worldwide
men_800m,Álvaro DE ARRIBA,02 JUN 1994,1:47.28,,ESP,"Estadi Joan Serrahima, Barcelona (ESP)",Míting Internacional d'Atletisme Ciutat de Barcelona,05 JUL 2023,2023,9.,D,Continental Tour,7191065,worldwide
men_800m,Abdirahman Saeed HASSAN,13 APR 1997,1:49.61,,QAT,"Estadi Joan Serrahima, Barcelona (ESP)",Míting Internacional d'Atletisme Ciutat de Barcelona,05 JUL 2023,2023,10.,D,Continental Tour,7191065,worldwide
men_800m,Bryce HOPPEL,05 SEP 1997,1:46.20,,USA,"Hayward Field, Eugene, OR (USA)",USA Championships,09 JUL 2023,2023,1.,B,National Championships,7201597,worldwide
men_800m,Isaiah HARRIS,18 OCT 1996,1:46.68,,USA,"Hayward Field, Eugene, OR (USA)",USA Championships,09 JUL 2023,2023,2.,B,National Championships,7201597,worldwide
men_800m,Clayton MURPHY,26 FEB 1995,1:46.82,,USA,"Hayward Field, Eugene, OR (USA)",USA Championships,09 JUL 2023,2023,3.,B,National Championships,7201597,worldwide
men_800m,Isaiah JEWETT,06 FEB 1997,1:47.02,,USA,"Hayward Field, Eugene, OR (USA)",USA Championships,09 JUL 2023,2023,4.,B,National Championships,7201597,worldwide
men_800m,Will SUMNER,22 OCT 2003,1:47.41,,USA,"Hayward Field, Eugene, OR (USA)",USA Championships,09 JUL 2023,2023,5.,B,National Championships,7201597,worldwide
men_800m,Derek HOLDSWORTH,12 FEB 1996,1:47.61,,USA,"Hayward Field, Eugene, OR (USA)",USA Championships,09 JUL 2023,2023,6.,B,National Championships,7201597,worldwide
men_800m,Abraham ALVARADO,04 AUG 1995,1:48.85,,USA,"Hayward Field, Eugene, OR (USA)",USA Championships,09 JUL 2023,2023,7.,B,National Championships,7201597,worldwide
men_800m,Eduardo RIBEIRO,09 JAN 2001,1:47.12,,BRA,"Pista de Atletismo da Universidade Federal do Mato Grosso, Cuiaba (BRA)",Brazilian Championships,08 JUL 2023,2023,1.,B,National Championships,7198254,worldwide
men_800m,Guilherme KURTZ,27 AUG 1994,1:47.22,,BRA,"Pista de Atletismo da Universidade Federal do Mato Grosso, Cuiaba (BRA)",Brazilian Championships,08 JUL 2023,2023,2.,B,National Championships,7198254,worldwide
men_800m,Leandro ALVES,04 AUG 1998,1:47.70,,BRA,"Pista de Atletismo da Universidade Federal do Mato Grosso, Cuiaba (BRA)",Brazilian Championships,08 JUL 2023,2023,3.,B,National Championships,7198254,worldwide
men_800m,Navasky ANDERSON,21 JAN 2000,1:47.67,,JAM,"National Stadium, Kingston (JAM)",Jamaican Championships,09 JUL 2023,2023,2.,B,National Championships,7196499,worldwide
men_800m,Ole Jakob HØSTELAND SOLBU,19 AUG 2003,1:49.40,,NOR,"Friidrettsstadion, Jessheim (NOR)",Norwegian Championships,07 JUL 2023,2023,1.,B,National Championships,7193283,worldwide
men_800m,Tobias GRØNSTAD,06 JUL 2002,1:50.50,,NOR,"Friidrettsstadion, Jessheim (NOR)",Norwegian Championships,07 JUL 2023,2023,2.,B,National Championships,7193283,worldwide
men_800m,Dennis BIEDERBICK,09 AUG 1997,1:47.84,,GER,"Auestadion, Kassel (GER)",German Championships,09 JUL 2023,2023,2.,B,National Championships,7197326,worldwide
men_800m,Marvin HEINRICH,29 JAN 1997,1:49.18,,GER,"Auestadion, Kassel (GER)",German Championships,09 JUL 2023,2023,6.,B,National Championships,7197326,worldwide
men_800m,Adrián BEN,04 AUG 1998,1:44.98,,ESP,"Stade Sottevillais 76, Sotteville-lès-Rouen (FRA)",Meeting International de Sotteville 2023,07 JUL 2023,2023,1.,B,Continental Tour,7191258,worldwide
men_800m,Gabriel TUAL,09 APR 1998,1:45.05,,FRA,"Stade Sottevillais 76, Sotteville-lès-Rouen (FRA)",Meeting International de Sotteville 2023,07 JUL 2023,2023,2.,B,Continental Tour,7191258,worldwide
men_800m,Paul ANSELMINI,02 AUG 2003,1:45.55,,FRA,"Stade Sottevillais 76, Sotteville-lès-Rouen (FRA)",Meeting International de Sotteville 2023,07 JUL 2023,2023,3.,B,Continental Tour,7191258,worldwide
men_800m,Catalin TECUCEANU,09 SEP 1999,1:45.90,,ITA,"Stade Sottevillais 76, Sotteville-lès-Rouen (FRA)",Meeting International de Sotteville 2023,07 JUL 2023,2023,4.,B,Continental Tour,7191258,worldwide
men_800m,Moad ZAHAFI,09 MAY 1998,1:45.93,,MAR,"Stade Sottevillais 76, Sotteville-lès-Rouen (FRA)",Meeting International de Sotteville 2023,07 JUL 2023,2023,5.,B,Continental Tour,7191258,worldwide
men_800m,Pablo SÁNCHEZ-VALLADARES,12 NOV 1997,1:46.21,,ESP,"Stade Sottevillais 76, Sotteville-lès-Rouen (FRA)",Meeting International de Sotteville 2023,07 JUL 2023,2023,6.,B,Continental Tour,7191258,worldwide
men_800m,Corentin MAGNOU,22 SEP 2001,1:48.92,,FRA,"Stade Sottevillais 76, Sotteville-lès-Rouen (FRA)",Meeting International de Sotteville 2023,07 JUL 2023,2023,7.,B,Continental Tour,7191258,worldwide
men_800m,Simone BARONTINI,05 JAN 1999,DNF,,ITA,"Stade Sottevillais 76, Sotteville-lès-Rouen (FRA)",Meeting International de Sotteville 2023,07 JUL 2023,2023,,B,Continental Tour,7191258,worldwide
men_800m,Joonas RINNE,20 MAY 1995,1:47.84,,FIN,"Raatin Stadion, Oulu (FIN)","Motonet GP, Oulu – Games of Northern City",08 JUL 2023,2023,1.,C,Continental Tour,7191000,worldwide
men_800m,Shane STREICH,19 SEP 1996,1:49.44,,USA,"Raatin Stadion, Oulu (FIN)","Motonet GP, Oulu – Games of Northern City",08 JUL 2023,2023,5.,C,Continental Tour,7191000,worldwide
men_800m,Edmund DU PLESSIS,05 APR 2002,1:59.43,,RSA,"Sportcentrum Wembley, Kortrijk (BEL)",Guldensporenmeeting,08 JUL 2023,2023,7.,C,Continental Tour,7191001,worldwide
men_800m,Daniel ROWDEN,09 SEP 1997,1:45.13,,GBR,"Manchester Regional Arena, Manchester (GBR)",UK Championships,09 JUL 2023,2023,1.,B,National Championships,7201469,worldwide
men_800m,Ben PATTISON,15 DEC 2001,1:45.15,,GBR,"Manchester Regional Arena, Manchester (GBR)",UK Championships,09 JUL 2023,2023,2.,B,National Championships,7201469,worldwide
men_800m,Max BURGIN,20 MAY 2002,1:45.16,,GBR,"Manchester Regional Arena, Manchester (GBR)",UK Championships,09 JUL 2023,2023,3.,B,National Championships,7201469,worldwide
men_800m,Ethan HUSSEY,05 MAR 2003,1:45.72,,GBR,"Manchester Regional Arena, Manchester (GBR)",UK Championships,09 JUL 2023,2023,4.,B,National Championships,7201469,worldwide
men_800m,Josh KERR,08 OCT 1997,1:46.35,,GBR,"Manchester Regional Arena, Manchester (GBR)",UK Championships,09 JUL 2023,2023,5.,B,National Championships,7201469,worldwide
men_800m,Yusuf BIZIMANA,06 SEP 2000,1:46.43,,GBR,"Manchester Regional Arena, Manchester (GBR)",UK Championships,09 JUL 2023,2023,6.,B,National Championships,7201469,worldwide
men_800m,Thomas RANDOLPH,07 FEB 1999,1:46.54,,GBR,"Manchester Regional Arena, Manchester (GBR)",UK Championships,09 JUL 2023,2023,7.,B,National Championships,7201469,worldwide
men_800m,Archie DAVIS,16 OCT 1998,1:46.76,,GBR,"Manchester Regional Arena, Manchester (GBR)",UK Championships,09 JUL 2023,2023,8.,B,National Championships,7201469,worldwide
men_800m,Abedin MUJEZINOVIĆ,02 JUN 1993,1:47.82,,BIH,"Stadion Kamberovića polje, Zenica (BIH)",Bosnia & Herzegovina Championships,09 JUL 2023,2023,1.,B,National Championships,7200534,worldwide
men_800m,Marino BLOUDEK,18 JUL 1999,1:47.54,,CRO,"Stadion Branko Čavlović-Čavlek, Karlovac (CRO)",Croatian Championships,09 JUL 2023,2023,1.,B,National Championships,7200269,worldwide
men_800m,Kabelo Simon MOHLOSI,20 JAN 1993,1:46.43,,RSA,"Polideportivo Zorrotza, Bilbao (ESP)",Reunión Internacional de Atletismo Villa De Bilbao,12 JUL 2023,2023,2.,D,Continental Tour,7199958,worldwide
men_800m,Javier MIRON,13 DEC 1999,1:46.87,,ESP,"Polideportivo Zorrotza, Bilbao (ESP)",Reunión Internacional de Atletismo Villa De Bilbao,12 JUL 2023,2023,5.,D,Continental Tour,7199958,worldwide
men_800m,Elhassane MOUJAHID,19 JAN 2000,1:46.92,,MAR,"Polideportivo Zorrotza, Bilbao (ESP)",Reunión Internacional de Atletismo Villa De Bilbao,12 JUL 2023,2023,6.,D,Continental Tour,7199958,worldwide
men_800m,Alberto GUERRERO,04 APR 1995,1:47.72,,ESP,"Polideportivo Zorrotza, Bilbao (ESP)",Reunión Internacional de Atletismo Villa De Bilbao,12 JUL 2023,2023,8.,D,Continental Tour,7199958,worldwide
men_800m,Abubaker Haydar ABDALLA,28 AUG 1996,1:45.53,,QAT,"Supachalasai National Stadium, Bangkok (THA)",Asian Athletics Championships,16 JUL 2023,2023,1.,GL,Area Champs,7185337,worldwide
men_800m,Ebrahim Remaid ALZOFAIRI,08 MAY 1989,1:46.11,,KUW,"Supachalasai National Stadium, Bangkok (THA)",Asian Athletics Championships,16 JUL 2023,2023,3.,GL,Area Champs,7185337,worldwide
men_800m,Abdirahman Saeed HASSAN,13 APR 1997,1:46.81,,QAT,"Supachalasai National Stadium, Bangkok (THA)",Asian Athletics Championships,16 JUL 2023,2023,5.,GL,Area Champs,7185337,worldwide
men_800m,Sho KAWAMOTO,01 MAR 1993,1:49.59,,JPN,"Supachalasai National Stadium, Bangkok (THA)",Asian Athletics Championships,16 JUL 2023,2023,8.,GL,Area Champs,7185337,worldwide
men_800m,Quamel PRINCE,20 APR 1994,1:45.54,,GUY,"McLeod Stadium, Langley (CAN)",Harry Jerome Track Classic,14 JUL 2023,2023,1.,C,Continental Tour,7192536,worldwide
men_800m,Edose IBADIN,27 FEB 1993,1:45.66,,NGR,"McLeod Stadium, Langley (CAN)",Harry Jerome Track Classic,14 JUL 2023,2023,2.,C,Continental Tour,7192536,worldwide
men_800m,John RIVERA,02 DEC 1998,1:45.93,,PUR,"McLeod Stadium, Langley (CAN)",Harry Jerome Track Classic,14 JUL 2023,2023,3.,C,Continental Tour,7192536,worldwide
men_800m,Abdullahi HASSAN,28 JUL 2002,1:46.21,,CAN,"McLeod Stadium, Langley (CAN)",Harry Jerome Track Classic,14 JUL 2023,2023,5.,C,Continental Tour,7192536,worldwide
men_800m,Alex AMANKWA,02 MAR 1992,1:46.26,,GHA,"McLeod Stadium, Langley (CAN)",Harry Jerome Track Classic,14 JUL 2023,2023,6.,C,Continental Tour,7192536,worldwide
men_800m,Charlie HUNTER,20 JUL 1996,1:50.53,,AUS,"McLeod Stadium, Langley (CAN)",Harry Jerome Track Classic,14 JUL 2023,2023,10.,C,Continental Tour,7192536,worldwide
men_800m,Cass ELLIOTT,17 APR 2000,DNF,,USA,"McLeod Stadium, Langley (CAN)",Harry Jerome Track Classic,14 JUL 2023,2023,,C,Continental Tour,7192536,worldwide
men_800m,Daniel ROWDEN,09 SEP 1997,1:44.29,,GBR,"Stadio G. Teghil, Lignano Sabbiadoro (ITA)",Meeting Sport e Solidarieta Lignano,14 JUL 2023,2023,1.,D,Continental Tour,7191066,worldwide
men_800m,Moad ZAHAFI,09 MAY 1998,1:45.23,,MAR,"Stadio G. Teghil, Lignano Sabbiadoro (ITA)",Meeting Sport e Solidarieta Lignano,14 JUL 2023,2023,2.,D,Continental Tour,7191066,worldwide
men_800m,Abedin MUJEZINOVIĆ,02 JUN 1993,1:45.32,,BIH,"Stadio G. Teghil, Lignano Sabbiadoro (ITA)",Meeting Sport e Solidarieta Lignano,14 JUL 2023,2023,3.,D,Continental Tour,7191066,worldwide
men_800m,Ramzi ABDENOUZ,23 MAY 1993,1:45.69,,ALG,"Stadio G. Teghil, Lignano Sabbiadoro (ITA)",Meeting Sport e Solidarieta Lignano,14 JUL 2023,2023,4.,D,Continental Tour,7191066,worldwide
men_800m,Ryan SÁNCHEZ,22 SEP 1998,1:45.91,,PUR,"Stadio G. Teghil, Lignano Sabbiadoro (ITA)",Meeting Sport e Solidarieta Lignano,14 JUL 2023,2023,5.,D,Continental Tour,7191066,worldwide
men_800m,Erik SOWINSKI,21 DEC 1989,DNF,,USA,"Stadio G. Teghil, Lignano Sabbiadoro (ITA)",Meeting Sport e Solidarieta Lignano,14 JUL 2023,2023,,D,Continental Tour,7191066,worldwide
men_800m,John FITZSIMONS,05 MAY 1998,1:46.55,,IRL,"Morton Stadium, Santry, Dublin (IRL)",Morton Games,14 JUL 2023,2023,1.,C,Continental Tour,7191269,worldwide
men_800m,Balázs VINDICS,28 MAR 1994,1:46.96,,HUN,"Morton Stadium, Santry, Dublin (IRL)",Morton Games,14 JUL 2023,2023,3.,C,Continental Tour,7191269,worldwide
men_800m,Guy LEARMONTH,20 APR 1992,1:47.13,,GBR,"Morton Stadium, Santry, Dublin (IRL)",Morton Games,14 JUL 2023,2023,4.,C,Continental Tour,7191269,worldwide
men_800m,Jack LUNN,16 OCT 2001,1:48.69,,AUS,"Morton Stadium, Santry, Dublin (IRL)",Morton Games,14 JUL 2023,2023,6.,C,Continental Tour,7191269,worldwide
men_800m,Cornelius TUWEI,24 MAY 1993,1:45.07,,KEN,"Stadion De Veen, Heusden-Zolder (BEL)",Night of Athletics,15 JUL 2023,2023,1.,C,Continental Tour,7191003,worldwide
men_800m,Ferguson Cheruiyot ROTICH,30 NOV 1989,1:45.19,,KEN,"Stadion De Veen, Heusden-Zolder (BEL)",Night of Athletics,15 JUL 2023,2023,2.,C,Continental Tour,7191003,worldwide
men_800m,Tibo DE SMET,28 MAY 1999,1:45.89,,BEL,"Stadion De Veen, Heusden-Zolder (BEL)",Night of Athletics,15 JUL 2023,2023,3.,C,Continental Tour,7191003,worldwide
men_800m,Collins KIPRUTO,12 APR 1994,1:46.69,,KEN,"Stadion De Veen, Heusden-Zolder (BEL)",Night of Athletics,15 JUL 2023,2023,4.,C,Continental Tour,7191003,worldwide
men_800m,Pieter SISK,08 DEC 1999,1:47.16,,BEL,"Stadion De Veen, Heusden-Zolder (BEL)",Night of Athletics,15 JUL 2023,2023,5.,C,Continental Tour,7191003,worldwide
men_800m,Aurele VANDEPUTTE,14 MAY 1995,1:48.00,,BEL,"Stadion De Veen, Heusden-Zolder (BEL)",Night of Athletics,15 JUL 2023,2023,6.,C,Continental Tour,7191003,worldwide
men_800m,Tshepiso MASALELA,25 MAY 1999,1:48.11,,BOT,"Stadion De Veen, Heusden-Zolder (BEL)",Night of Athletics,15 JUL 2023,2023,7.,C,Continental Tour,7191003,worldwide
men_800m,Abdelati EL GUESSE,27 FEB 1993,DNF,,MAR,"Complexe Sportif Prince Moulay Abdellah, Rabat (MAR)",Moroccan Championships,15 JUL 2023,2023,,B,National Championships,7200973,worldwide
men_800m,Eric HOLT,12 MAY 1995,1:46.44,,USA,"Centennial Stadium, Victoria (CAN)",Victoria International Track Classic,16 JUL 2023,2023,1.,D,Continental Tour,7192539,worldwide
men_800m,John RIVERA,02 DEC 1998,1:46.48,,PUR,"Centennial Stadium, Victoria (CAN)",Victoria International Track Classic,16 JUL 2023,2023,2.,D,Continental Tour,7192539,worldwide
men_800m,Quamel PRINCE,20 APR 1994,1:46.48,,GUY,"Centennial Stadium, Victoria (CAN)",Victoria International Track Classic,16 JUL 2023,2023,4.,D,Continental Tour,7192539,worldwide
men_800m,Abdullahi HASSAN,28 JUL 2002,1:47.02,,CAN,"Centennial Stadium, Victoria (CAN)",Victoria International Track Classic,16 JUL 2023,2023,5.,D,Continental Tour,7192539,worldwide
men_800m,Benjamin ALLEN,17 APR 1998,1:47.59,,USA,"Centennial Stadium, Victoria (CAN)",Victoria International Track Classic,16 JUL 2023,2023,8.,D,Continental Tour,7192539,worldwide
men_800m,Ben PATTISON,15 DEC 2001,1:45.05,,GBR,"Stade Delort, Marseille (FRA)",International Marseille Meeting,17 JUL 2023,2023,1.,C,Continental Tour,7190979,worldwide
men_800m,Abdessalem AYOUNI,16 MAY 1994,1:46.06,,TUN,"Stade Delort, Marseille (FRA)",International Marseille Meeting,17 JUL 2023,2023,2.,C,Continental Tour,7190979,worldwide
men_800m,Noah KIBET,12 APR 2004,1:46.07,,KEN,"Stade Delort, Marseille (FRA)",International Marseille Meeting,17 JUL 2023,2023,3.,C,Continental Tour,7190979,worldwide
men_800m,Anicet KOZAR,08 OCT 2001,1:46.42,,FRA,"Stade Delort, Marseille (FRA)",International Marseille Meeting,17 JUL 2023,2023,5.,C,Continental Tour,7190979,worldwide
men_800m,Ryan SÁNCHEZ,22 SEP 1998,1:46.67,,PUR,"Stade Delort, Marseille (FRA)",International Marseille Meeting,17 JUL 2023,2023,6.,C,Continental Tour,7190979,worldwide
men_800m,Álvaro DE ARRIBA,02 JUN 1994,1:46.68,,ESP,"Stade Delort, Marseille (FRA)",International Marseille Meeting,17 JUL 2023,2023,7.,C,Continental Tour,7190979,worldwide
men_800m,Mohamed Ali GOUANED,05 JUL 2002,DNF,,ALG,"Stade Delort, Marseille (FRA)",International Marseille Meeting,17 JUL 2023,2023,,C,Continental Tour,7190979,worldwide
men_800m,Benjamin ROBERT,04 JAN 1998,DNF,,FRA,"Stade Delort, Marseille (FRA)",International Marseille Meeting,17 JUL 2023,2023,,C,Continental Tour,7190979,worldwide
men_800m,Peter BOL,22 FEB 1994,1:44.48,,AUS,"Bregyó Athletic Center, Székesfehérvár (HUN)",Gyulai István Memorial - Hungarian Athletics Grand Prix,18 JUL 2023,2023,1.,A,Continental Tour,7155614,worldwide
men_800m,Gabriel TUAL,09 APR 1998,1:44.55,,FRA,"Bregyó Athletic Center, Székesfehérvár (HUN)",Gyulai István Memorial - Hungarian Athletics Grand Prix,18 JUL 2023,2023,2.,A,Continental Tour,7155614,worldwide
men_800m,Clayton MURPHY,26 FEB 1995,1:45.53,,USA,"Bregyó Athletic Center, Székesfehérvár (HUN)",Gyulai István Memorial - Hungarian Athletics Grand Prix,18 JUL 2023,2023,3.,A,Continental Tour,7155614,worldwide
men_800m,Isaiah JEWETT,06 FEB 1997,1:46.08,,USA,"Bregyó Athletic Center, Székesfehérvár (HUN)",Gyulai István Memorial - Hungarian Athletics Grand Prix,18 JUL 2023,2023,4.,A,Continental Tour,7155614,worldwide
men_800m,Dániel HULLER,10 MAY 2001,1:46.11,,HUN,"Bregyó Athletic Center, Székesfehérvár (HUN)",Gyulai István Memorial - Hungarian Athletics Grand Prix,18 JUL 2023,2023,5.,A,Continental Tour,7155614,worldwide
men_800m,Balázs VINDICS,28 MAR 1994,1:46.20,,HUN,"Bregyó Athletic Center, Székesfehérvár (HUN)",Gyulai István Memorial - Hungarian Athletics Grand Prix,18 JUL 2023,2023,6.,A,Continental Tour,7155614,worldwide
men_800m,Joseph DENG,07 JUL 1998,1:47.19,,AUS,"Bregyó Athletic Center, Székesfehérvár (HUN)",Gyulai István Memorial - Hungarian Athletics Grand Prix,18 JUL 2023,2023,7.,A,Continental Tour,7155614,worldwide
men_800m,István SZÖGI,12 SEP 1995,1:48.45,,HUN,"Bregyó Athletic Center, Székesfehérvár (HUN)",Gyulai István Memorial - Hungarian Athletics Grand Prix,18 JUL 2023,2023,8.,A,Continental Tour,7155614,worldwide
men_800m,Erik SOWINSKI,21 DEC 1989,DNF,,USA,"Bregyó Athletic Center, Székesfehérvár (HUN)",Gyulai István Memorial - Hungarian Athletics Grand Prix,18 JUL 2023,2023,,A,Continental Tour,7155614,worldwide
men_800m,Abdelati EL GUESSE,27 FEB 1993,1:45.11,,MAR,"Centro Sportivo G. Olmo-P. Ferro, Celle Ligure (ITA)",34° Meeting Arcobaleno EAP AtleticaEuropa,19 JUL 2023,2023,1.,D,Continental Tour,7191069,worldwide
men_800m,Oussama NABIL,18 FEB 1996,1:45.40,,MAR,"Centro Sportivo G. Olmo-P. Ferro, Celle Ligure (ITA)",34° Meeting Arcobaleno EAP AtleticaEuropa,19 JUL 2023,2023,2.,D,Continental Tour,7191069,worldwide
men_800m,Moad ZAHAFI,09 MAY 1998,1:46.06,,MAR,"Centro Sportivo G. Olmo-P. Ferro, Celle Ligure (ITA)",34° Meeting Arcobaleno EAP AtleticaEuropa,19 JUL 2023,2023,3.,D,Continental Tour,7191069,worldwide
men_800m,Brad MATHAS,24 JUN 1993,1:46.23,,NZL,"Centro Sportivo G. Olmo-P. Ferro, Celle Ligure (ITA)",34° Meeting Arcobaleno EAP AtleticaEuropa,19 JUL 2023,2023,4.,D,Continental Tour,7191069,worldwide
men_800m,Jye PERROTT,06 AUG 1998,1:46.95,,AUS,"Centro Sportivo G. Olmo-P. Ferro, Celle Ligure (ITA)",34° Meeting Arcobaleno EAP AtleticaEuropa,19 JUL 2023,2023,7.,D,Continental Tour,7191069,worldwide
men_800m,Gabriel TUAL,09 APR 1998,1:44.46,,FRA,"Estadio Vallehermoso, Madrid (ESP)",Meeting Madrid,22 JUL 2023,2023,1.,B,Continental Tour,7190971,worldwide
men_800m,Cornelius TUWEI,24 MAY 1993,1:44.70,,KEN,"Estadio Vallehermoso, Madrid (ESP)",Meeting Madrid,22 JUL 2023,2023,2.,B,Continental Tour,7190971,worldwide
men_800m,Adrián BEN,04 AUG 1998,1:44.72,,ESP,"Estadio Vallehermoso, Madrid (ESP)",Meeting Madrid,22 JUL 2023,2023,3.,B,Continental Tour,7190971,worldwide
men_800m,Tom DRADRIGA,17 JUN 1996,1:44.74,,UGA,"Estadio Vallehermoso, Madrid (ESP)",Meeting Madrid,22 JUL 2023,2023,4.,B,Continental Tour,7190971,worldwide
men_800m,Mohamed ATTAOUI,26 SEP 2001,1:44.93,,ESP,"Estadio Vallehermoso, Madrid (ESP)",Meeting Madrid,22 JUL 2023,2023,5.,B,Continental Tour,7190971,worldwide
men_800m,Peter BOL,22 FEB 1994,1:45.03,,AUS,"Estadio Vallehermoso, Madrid (ESP)",Meeting Madrid,22 JUL 2023,2023,6.,B,Continental Tour,7190971,worldwide
men_800m,Mateusz BORKOWSKI,02 APR 1997,1:45.39,,POL,"Estadio Vallehermoso, Madrid (ESP)",Meeting Madrid,22 JUL 2023,2023,7.,B,Continental Tour,7190971,worldwide
men_800m,Elias NGENY,04 MAY 1996,1:45.84,,KEN,"Estadio Vallehermoso, Madrid (ESP)",Meeting Madrid,22 JUL 2023,2023,8.,B,Continental Tour,7190971,worldwide
men_800m,Pablo SÁNCHEZ-VALLADARES,12 NOV 1997,1:46.55,,ESP,"Estadio Vallehermoso, Madrid (ESP)",Meeting Madrid,22 JUL 2023,2023,9.,B,Continental Tour,7190971,worldwide
men_800m,Moad ZAHAFI,09 MAY 1998,1:46.74,,MAR,"Estadio Vallehermoso, Madrid (ESP)",Meeting Madrid,22 JUL 2023,2023,10.,B,Continental Tour,7190971,worldwide
men_800m,Amel TUKA,09 JAN 1991,1:47.83,,BIH,"Estadio Vallehermoso, Madrid (ESP)",Meeting Madrid,22 JUL 2023,2023,11.,B,Continental Tour,7190971,worldwide
men_800m,Jesus Tonatiu LÓPEZ,02 AUG 1997,1:54.30,,MEX,"Unidad Deportiva Mario Vázquez Raña, Puebla (MEX)",Mexican Championships,22 JUL 2023,2023,1.,B,National Championships,7197374,worldwide
men_800m,Isaiah HARRIS,18 OCT 1996,1:44.85,,USA,"Los Angeles, CA (USA)",Under Armour Sunset Tour,22 JUL 2023,2023,1.,C,Continental Tour,7199165,worldwide
men_800m,Navasky ANDERSON,21 JAN 2000,1:45.70,,JAM,"Los Angeles, CA (USA)",Under Armour Sunset Tour,22 JUL 2023,2023,2.,C,Continental Tour,7199165,worldwide
men_800m,John RIVERA,02 DEC 1998,1:45.80,,PUR,"Los Angeles, CA (USA)",Under Armour Sunset Tour,22 JUL 2023,2023,3.,C,Continental Tour,7199165,worldwide
men_800m,Charlie HUNTER,20 JUL 1996,1:46.22,,AUS,"Los Angeles, CA (USA)",Under Armour Sunset Tour,22 JUL 2023,2023,4.,C,Continental Tour,7199165,worldwide
men_800m,Edose IBADIN,27 FEB 1993,1:46.38,,NGR,"Los Angeles, CA (USA)",Under Armour Sunset Tour,22 JUL 2023,2023,7.,C,Continental Tour,7199165,worldwide
men_800m,Devin DIXON,22 SEP 1997,1:46.51,,USA,"Los Angeles, CA (USA)",Under Armour Sunset Tour,22 JUL 2023,2023,8.,C,Continental Tour,7199165,worldwide
men_800m,Alex AMANKWA,02 MAR 1992,1:46.81,,GHA,"Los Angeles, CA (USA)",Under Armour Sunset Tour,22 JUL 2023,2023,9.,C,Continental Tour,7199165,worldwide
men_800m,Robert DOWNS,17 AUG 1994,DNF,,USA,"Los Angeles, CA (USA)",Under Armour Sunset Tour,22 JUL 2023,2023,,C,Continental Tour,7199165,worldwide
men_800m,Ivan IVANOV,09 MAR 2002,1:54.41,,BUL,"Atletski Stadion, Kraljevo (SRB)",Balkan Championships,23 JUL 2023,2023,6.,B,Area Regional Champs,7199582,worldwide
men_800m,Marco AROP,20 SEP 1998,1:44.64,,CAN,"McLeod Stadium, Langley (CAN)",Canadian Championships,29 JUL 2023,2023,1.,B,National Championships,7193208,worldwide
men_800m,Abdullahi HASSAN,28 JUL 2002,1:46.93,,CAN,"McLeod Stadium, Langley (CAN)",Canadian Championships,29 JUL 2023,2023,2.,B,National Championships,7193208,worldwide
men_800m,Michał ROZMYS,13 MAR 1995,1:46.95,,POL,"Stadion im.Lubuskich Olimpijczyków, Gorzów Wielkopolski (POL)",Polish Championships,29 JUL 2023,2023,1.,B,National Championships,7196520,worldwide
men_800m,Filip OSTROWSKI,12 JUL 2001,1:47.00,,POL,"Stadion im.Lubuskich Olimpijczyków, Gorzów Wielkopolski (POL)",Polish Championships,29 JUL 2023,2023,2.,B,National Championships,7196520,worldwide
men_800m,Mateusz BORKOWSKI,02 APR 1997,1:47.01,,POL,"Stadion im.Lubuskich Olimpijczyków, Gorzów Wielkopolski (POL)",Polish Championships,29 JUL 2023,2023,3.,B,National Championships,7196520,worldwide
men_800m,Kacper LEWALSKI,07 MAY 2003,1:48.09,,POL,"Stadion im.Lubuskich Olimpijczyków, Gorzów Wielkopolski (POL)",Polish Championships,29 JUL 2023,2023,5.,B,National Championships,7196520,worldwide
men_800m,Patryk SIERADZKI,06 OCT 1998,1:48.67,,POL,"Stadion im.Lubuskich Olimpijczyków, Gorzów Wielkopolski (POL)",Polish Championships,29 JUL 2023,2023,6.,B,National Championships,7196520,worldwide
men_800m,Joonas RINNE,20 MAY 1995,1:47.46,,FIN,"Stadion, Lahti (FIN)",Finnish Championships,30 JUL 2023,2023,1.,B,National Championships,7195470,worldwide
men_800m,Gabriel TUAL,09 APR 1998,1:47.84,,FRA,"Stadium Municipal, Albi (FRA)",French Championships,29 JUL 2023,2023,1.,B,National Championships,7199349,worldwide
men_800m,Yanis MEZIANE,26 JAN 2002,1:48.02,,FRA,"Stadium Municipal, Albi (FRA)",French Championships,29 JUL 2023,2023,2.,B,National Championships,7199349,worldwide
men_800m,Thomas MARQUES DE ANDRADE,13 JAN 2004,1:48.61,,FRA,"Stadium Municipal, Albi (FRA)",French Championships,29 JUL 2023,2023,3.,B,National Championships,7199349,worldwide
men_800m,Paul ANSELMINI,02 AUG 2003,1:48.69,,FRA,"Stadium Municipal, Albi (FRA)",French Championships,29 JUL 2023,2023,4.,B,National Championships,7199349,worldwide
men_800m,Hugo HOUYEZ,16 DEC 1995,DNF,,FRA,"Stadium Municipal, Albi (FRA)",French Championships,29 JUL 2023,2023,,B,National Championships,7199349,worldwide
men_800m,Anicet KOZAR,08 OCT 2001,DNF,,FRA,"Stadium Municipal, Albi (FRA)",French Championships,29 JUL 2023,2023,,B,National Championships,7199349,worldwide
men_800m,Adrián BEN,04 AUG 1998,1:45.01,,ESP,"Pista Parc Central, Torrent (ESP)",Spanish Championships,30 JUL 2023,2023,1.,B,National Championships,7196326,worldwide
men_800m,Mohamed ATTAOUI,26 SEP 2001,1:45.06,,ESP,"Pista Parc Central, Torrent (ESP)",Spanish Championships,30 JUL 2023,2023,2.,B,National Championships,7196326,worldwide
men_800m,Saúl ORDÓÑEZ,10 APR 1994,1:45.77,,ESP,"Pista Parc Central, Torrent (ESP)",Spanish Championships,30 JUL 2023,2023,3.,B,National Championships,7196326,worldwide
men_800m,Mariano GARCÍA,25 SEP 1997,1:46.16,,ESP,"Pista Parc Central, Torrent (ESP)",Spanish Championships,30 JUL 2023,2023,4.,B,National Championships,7196326,worldwide
men_800m,David BARROSO,21 AUG 2001,1:46.43,,ESP,"Pista Parc Central, Torrent (ESP)",Spanish Championships,30 JUL 2023,2023,5.,B,National Championships,7196326,worldwide
men_800m,Javier MIRON,13 DEC 1999,1:46.84,,ESP,"Pista Parc Central, Torrent (ESP)",Spanish Championships,30 JUL 2023,2023,6.,B,National Championships,7196326,worldwide
men_800m,Andreas KRAMER,13 APR 1997,1:47.74,,SWE,"Hällåsens IP, Söderhamn (SWE)",Swedish Championships,30 JUL 2023,2023,1.,B,National Championships,7193429,worldwide
men_800m,Samuel PIHLSTRÖM,08 MAR 2001,1:48.98,,SWE,"Hällåsens IP, Söderhamn (SWE)",Swedish Championships,30 JUL 2023,2023,2.,B,National Championships,7193429,worldwide
men_800m,Simone BARONTINI,05 JAN 1999,1:44.50,,ITA,"Stadio M.S. Cozzoli, Molfetta (ITA)",Italian Championships,30 JUL 2023,2023,1.,B,National Championships,7199655,worldwide
men_800m,Catalin TECUCEANU,09 SEP 1999,1:45.04,,ITA,"Stadio M.S. Cozzoli, Molfetta (ITA)",Italian Championships,30 JUL 2023,2023,2.,B,National Championships,7199655,worldwide
men_800m,Francesco PERNICI,18 FEB 2003,1:45.23,,ITA,"Stadio M.S. Cozzoli, Molfetta (ITA)",Italian Championships,30 JUL 2023,2023,3.,B,National Championships,7199655,worldwide
men_800m,Ryan CLARKE,17 NOV 1997,1:45.74,,NED,"Atletiekbaan Breda, Breda (NED)",Dutch Championships,29 JUL 2023,2023,1.,B,National Championships,7194608,worldwide
men_800m,Niels LAROS,17 APR 2005,1:46.09,,NED,"Atletiekbaan Breda, Breda (NED)",Dutch Championships,29 JUL 2023,2023,2.,B,National Championships,7194608,worldwide
men_800m,Stefan NILLESSEN,02 JAN 2003,1:49.11,,NED,"Atletiekbaan Breda, Breda (NED)",Dutch Championships,29 JUL 2023,2023,5.,B,National Championships,7194608,worldwide
men_800m,Eduardo RIBEIRO,09 JAN 2001,1:47.12,,BRA,"COTP Stadium, São Paulo (BRA)",South American Athletics Championships,30 JUL 2023,2023,1.,GL,Area Champs,7190549,worldwide
men_800m,Jose MAITA,17 APR 1998,1:47.65,,VEN,"COTP Stadium, São Paulo (BRA)",South American Athletics Championships,30 JUL 2023,2023,3.,GL,Area Champs,7190549,worldwide
men_800m,Guilherme KURTZ,27 AUG 1994,1:48.80,,BRA,"COTP Stadium, São Paulo (BRA)",South American Athletics Championships,30 JUL 2023,2023,6.,GL,Area Champs,7190549,worldwide
men_800m,Justin DAVIES,06 FEB 2003,1:49.84,,GBR,"Birmingham University Athletics Track, Birmingham (GBR)",British Milers Club Grand Prix - Birmingham University,29 JUL 2023,2023,1.,D,Continental Tour,7191074,worldwide
men_800m,John FITZSIMONS,05 MAY 1998,1:47.13,,IRL,"Morton Stadium, Santry, Dublin (IRL)",Irish Championships,30 JUL 2023,2023,1.,B,National Championships,7202184,worldwide
men_800m,Andrew COSCORAN,18 JUN 1996,1:48.67,,IRL,"Morton Stadium, Santry, Dublin (IRL)",Irish Championships,30 JUL 2023,2023,5.,B,National Championships,7202184,worldwide
men_800m,Ramon WIPFLI,30 JUN 2004,1:47.63,,SUI,"Stadio Comunale, Bellinzona (SUI)",Swiss Championships,30 JUL 2023,2023,1.,B,National Championships,7193416,worldwide
men_800m,Ivan PELIZZA,17 DEC 2000,1:53.43,,SUI,"Stadio Comunale, Bellinzona (SUI)",Swiss Championships,30 JUL 2023,2023,6.,B,National Championships,7193416,worldwide
men_800m,Eliott CRESTAN,22 FEB 1999,1:46.90,,BEL,"Sport Vlaanderen Brugge Julien Saelens, Brugge (BEL)",Belgian Championships,30 JUL 2023,2023,1.,B,National Championships,7201076,worldwide
men_800m,Pieter SISK,08 DEC 1999,1:47.18,,BEL,"Sport Vlaanderen Brugge Julien Saelens, Brugge (BEL)",Belgian Championships,30 JUL 2023,2023,2.,B,National Championships,7201076,worldwide
men_800m,Tibo DE SMET,28 MAY 1999,1:47.37,,BEL,"Sport Vlaanderen Brugge Julien Saelens, Brugge (BEL)",Belgian Championships,30 JUL 2023,2023,3.,B,National Championships,7201076,worldwide
men_800m,Aurele VANDEPUTTE,14 MAY 1995,1:47.86,,BEL,"Sport Vlaanderen Brugge Julien Saelens, Brugge (BEL)",Belgian Championships,30 JUL 2023,2023,4.,B,National Championships,7201076,worldwide
men_800m,Jakub DUDYCHA,05 SEP 2005,1:47.68,,CZE,"Stadion Míru, Tábor (CZE)",Czech Championships,30 JUL 2023,2023,1.,B,National Championships,7194283,worldwide
men_800m,Filip ŠNEJDR,16 APR 1995,1:48.25,,CZE,"Stadion Míru, Tábor (CZE)",Czech Championships,30 JUL 2023,2023,2.,B,National Championships,7194283,worldwide
men_800m,Cornelius TUWEI,24 MAY 1993,1:45.35,,KEN,"Stade Jean Jacoby, Schifflange (LUX)",Meeting International Schifflange,30 JUL 2023,2023,1.,D,Continental Tour,7198342,worldwide
men_800m,Noah KIBET,12 APR 2004,1:45.36,,KEN,"Stade Jean Jacoby, Schifflange (LUX)",Meeting International Schifflange,30 JUL 2023,2023,2.,D,Continental Tour,7198342,worldwide
men_800m,Archie DAVIS,16 OCT 1998,1:46.28,,GBR,"Stade Jean Jacoby, Schifflange (LUX)",Meeting International Schifflange,30 JUL 2023,2023,3.,D,Continental Tour,7198342,worldwide
men_800m,Thomas RANDOLPH,07 FEB 1999,1:46.35,,GBR,"Stade Jean Jacoby, Schifflange (LUX)",Meeting International Schifflange,30 JUL 2023,2023,4.,D,Continental Tour,7198342,worldwide
men_800m,Adam SPENCER,04 OCT 2001,1:46.93,,AUS,"Stade Jean Jacoby, Schifflange (LUX)",Meeting International Schifflange,30 JUL 2023,2023,5.,D,Continental Tour,7198342,worldwide
men_800m,Isaiah JEWETT,06 FEB 1997,1:47.08,,USA,"Stade Jean Jacoby, Schifflange (LUX)",Meeting International Schifflange,30 JUL 2023,2023,6.,D,Continental Tour,7198342,worldwide
men_800m,Kabelo Simon MOHLOSI,20 JAN 1993,1:47.39,,RSA,"Stade Jean Jacoby, Schifflange (LUX)",Meeting International Schifflange,30 JUL 2023,2023,7.,D,Continental Tour,7198342,worldwide
men_800m,Ermias GIRMA,20 JAN 2005,1:48.18,,ETH,"Stade Jean Jacoby, Schifflange (LUX)",Meeting International Schifflange,30 JUL 2023,2023,8.,D,Continental Tour,7198342,worldwide
men_800m,Efrem MEKONNEN,31 JAN 2001,1:50.83,,ETH,"Stade Jean Jacoby, Schifflange (LUX)",Meeting International Schifflange,30 JUL 2023,2023,9.,D,Continental Tour,7198342,worldwide
men_800m,Mohamed Ali GOUANED,05 JUL 2002,DNF,,ALG,"Stade Jean Jacoby, Schifflange (LUX)",Meeting International Schifflange,30 JUL 2023,2023,,D,Continental Tour,7198342,worldwide
men_800m,Maciej WYDERKA,29 JUL 2002,1:49.09,,POL,"Shuangliu Sports Centre, Chengdu (CHN)",FISU World University Games,06 AUG 2023,2023,1.,B,FISU,7174333,worldwide
men_800m,Corentin LE CLEZIO,24 SEP 1999,1:49.17,,FRA,"Shuangliu Sports Centre, Chengdu (CHN)",FISU World University Games,06 AUG 2023,2023,2.,B,FISU,7174333,worldwide
men_800m,Oussama CHERRAD,06 MAR 2000,1:49.23,,ALG,"Shuangliu Sports Centre, Chengdu (CHN)",FISU World University Games,06 AUG 2023,2023,3.,B,FISU,7174333,worldwide
men_800m,Jack LUNN,16 OCT 2001,1:49.92,,AUS,"Shuangliu Sports Centre, Chengdu (CHN)",FISU World University Games,06 AUG 2023,2023,8.,B,FISU,7174333,worldwide
men_800m,Konstantin KHOLMOGOROV,07 FEB 1996,1:46.27,,RUS,"Yelena Yelesina Stadium, Chelyabinsk (RUS)",Russian Championships,04 AUG 2023,2023,1.,B,National Championships,7201208,worldwide
men_800m,Sergey DUBROVSKIY,20 JAN 1995,1:46.44,,RUS,"Yelena Yelesina Stadium, Chelyabinsk (RUS)",Russian Championships,04 AUG 2023,2023,2.,B,National Championships,7201208,worldwide
men_800m,Viachaslau SKUDNY,09 NOV 1998,1:47.54,,BLR,"Yelena Yelesina Stadium, Chelyabinsk (RUS)",Russian Championships,04 AUG 2023,2023,OC,B,National Championships,7201208,worldwide
men_800m,Abdelati EL GUESSE,27 FEB 1993,1:45.21,,MAR,"Stadion Wankdorf, Bern (SUI)",CITIUS Meeting,04 AUG 2023,2023,1.,C,Continental Tour,7191260,worldwide
men_800m,Noah KIBET,12 APR 2004,1:46.20,,KEN,"Stadion Wankdorf, Bern (SUI)",CITIUS Meeting,04 AUG 2023,2023,2.,C,Continental Tour,7191260,worldwide
men_800m,Ryan CLARKE,17 NOV 1997,1:46.34,,NED,"Stadion Wankdorf, Bern (SUI)",CITIUS Meeting,04 AUG 2023,2023,3.,C,Continental Tour,7191260,worldwide
men_800m,Ethan HUSSEY,05 MAR 2003,1:46.38,,GBR,"Stadion Wankdorf, Bern (SUI)",CITIUS Meeting,04 AUG 2023,2023,4.,C,Continental Tour,7191260,worldwide
men_800m,Neil GOURLEY,07 FEB 1995,1:47.26,,GBR,"Stadion Wankdorf, Bern (SUI)",CITIUS Meeting,04 AUG 2023,2023,5.,C,Continental Tour,7191260,worldwide
men_800m,Javier MIRON,13 DEC 1999,1:47.36,,ESP,"Stadion Wankdorf, Bern (SUI)",CITIUS Meeting,04 AUG 2023,2023,6.,C,Continental Tour,7191260,worldwide
men_800m,Archie DAVIS,16 OCT 1998,1:47.75,,GBR,"Stadion Wankdorf, Bern (SUI)",CITIUS Meeting,04 AUG 2023,2023,7.,C,Continental Tour,7191260,worldwide
men_800m,Collins KIPRUTO,12 APR 1994,1:47.81,,KEN,"Stadion Wankdorf, Bern (SUI)",CITIUS Meeting,04 AUG 2023,2023,8.,C,Continental Tour,7191260,worldwide
men_800m,Elias NGENY,04 MAY 1996,1:48.59,,KEN,"Stadion Wankdorf, Bern (SUI)",CITIUS Meeting,04 AUG 2023,2023,9.,C,Continental Tour,7191260,worldwide
men_800m,Festus LAGAT,10 OCT 1996,1:46.58,,KEN,"Rhodes College, Memphis, TN (USA)",Ed Murphey Classic,04 AUG 2023,2023,1.,B,Continental Tour,7196923,worldwide
men_800m,Abraham ALVARADO,04 AUG 1995,1:46.82,,USA,"Rhodes College, Memphis, TN (USA)",Ed Murphey Classic,04 AUG 2023,2023,3.,B,Continental Tour,7196923,worldwide
men_800m,Alex AMANKWA,02 MAR 1992,1:47.07,,GHA,"Rhodes College, Memphis, TN (USA)",Ed Murphey Classic,04 AUG 2023,2023,4.,B,Continental Tour,7196923,worldwide
men_800m,Charlie HUNTER,20 JUL 1996,1:47.47,,AUS,"Rhodes College, Memphis, TN (USA)",Ed Murphey Classic,04 AUG 2023,2023,5.,B,Continental Tour,7196923,worldwide
men_800m,Erik SOWINSKI,21 DEC 1989,1:47.63,,USA,"Rhodes College, Memphis, TN (USA)",Ed Murphey Classic,04 AUG 2023,2023,6.,B,Continental Tour,7196923,worldwide
men_800m,Andreas KRAMER,13 APR 1997,1:45.16,,SWE,"Malmö Stadion, Malmö (SWE)",Folksam Grand Prix Malmö,05 AUG 2023,2023,1.,D,Continental Tour,7191076,worldwide
men_800m,Paul ANSELMINI,02 AUG 2003,1:45.50,,FRA,"Malmö Stadion, Malmö (SWE)",Folksam Grand Prix Malmö,05 AUG 2023,2023,2.,D,Continental Tour,7191076,worldwide
men_800m,James PRESTON,08 MAY 1997,1:45.90,,NZL,"Malmö Stadion, Malmö (SWE)",Folksam Grand Prix Malmö,05 AUG 2023,2023,3.,D,Continental Tour,7191076,worldwide
men_800m,Mark ENGLISH,18 MAR 1993,1:47.20,,IRL,"Malmö Stadion, Malmö (SWE)",Folksam Grand Prix Malmö,05 AUG 2023,2023,4.,D,Continental Tour,7191076,worldwide
men_800m,Samuel PIHLSTRÖM,08 MAR 2001,1:47.68,,SWE,"Malmö Stadion, Malmö (SWE)",Folksam Grand Prix Malmö,05 AUG 2023,2023,5.,D,Continental Tour,7191076,worldwide
men_800m,Hugo HOUYEZ,16 DEC 1995,1:47.99,,FRA,"Malmö Stadion, Malmö (SWE)",Folksam Grand Prix Malmö,05 AUG 2023,2023,6.,D,Continental Tour,7191076,worldwide
men_800m,Álvaro DE ARRIBA,02 JUN 1994,1:48.53,,ESP,"Malmö Stadion, Malmö (SWE)",Folksam Grand Prix Malmö,05 AUG 2023,2023,8.,D,Continental Tour,7191076,worldwide
men_800m,Žan RUDOLF,09 MAY 1993,DNF,,SLO,"Malmö Stadion, Malmö (SWE)",Folksam Grand Prix Malmö,05 AUG 2023,2023,,D,Continental Tour,7191076,worldwide
men_800m,Thomas RANDOLPH,07 FEB 1999,1:45.35,,GBR,"Ratinan Stadion, Tampere (FIN)",Tampere Motonet GP meeting,08 AUG 2023,2023,1.,C,Continental Tour,7191008,worldwide
men_800m,Paul ANSELMINI,02 AUG 2003,1:45.51,,FRA,"Ratinan Stadion, Tampere (FIN)",Tampere Motonet GP meeting,08 AUG 2023,2023,2.,C,Continental Tour,7191008,worldwide
men_800m,Aurele VANDEPUTTE,14 MAY 1995,1:46.32,,BEL,"Ratinan Stadion, Tampere (FIN)",Tampere Motonet GP meeting,08 AUG 2023,2023,3.,C,Continental Tour,7191008,worldwide
men_800m,Samuel REARDON,30 OCT 2003,1:46.40,,GBR,"Ratinan Stadion, Tampere (FIN)",Tampere Motonet GP meeting,08 AUG 2023,2023,4.,C,Continental Tour,7191008,worldwide
men_800m,Archie DAVIS,16 OCT 1998,1:46.62,,GBR,"Ratinan Stadion, Tampere (FIN)",Tampere Motonet GP meeting,08 AUG 2023,2023,6.,C,Continental Tour,7191008,worldwide
men_800m,Kabelo Simon MOHLOSI,20 JAN 1993,1:48.68,,RSA,"Ratinan Stadion, Tampere (FIN)",Tampere Motonet GP meeting,08 AUG 2023,2023,11.,C,Continental Tour,7191008,worldwide
men_800m,Matthew STONIER,24 SEP 2001,1:45.79,,GBR,"Manchester Regional Arena, Manchester (GBR)",BMC Grand Prix,12 AUG 2023,2023,1.,D,Continental Tour,7191078,worldwide
men_800m,Noah KIBET,12 APR 2004,1:46.15,,KEN,"Manchester Regional Arena, Manchester (GBR)",BMC Grand Prix,12 AUG 2023,2023,2.,D,Continental Tour,7191078,worldwide
men_800m,Tiarnan CRORKEN,13 JUN 1999,1:46.41,,GBR,"Manchester Regional Arena, Manchester (GBR)",BMC Grand Prix,12 AUG 2023,2023,3.,D,Continental Tour,7191078,worldwide
men_800m,Mariano GARCÍA,25 SEP 1997,1:48.35,,ESP,"Manchester Regional Arena, Manchester (GBR)",BMC Grand Prix,12 AUG 2023,2023,6.,D,Continental Tour,7191078,worldwide
men_800m,Javier MIRON,13 DEC 1999,1:46.76,,ESP,"Provincial domain Huizingen, Huizingen (BEL)",BMW Louyet Meeting,12 AUG 2023,2023,1.,D,Continental Tour,7191080,worldwide
men_800m,Aurele VANDEPUTTE,14 MAY 1995,1:46.97,,BEL,"Provincial domain Huizingen, Huizingen (BEL)",BMW Louyet Meeting,12 AUG 2023,2023,2.,D,Continental Tour,7191080,worldwide
men_800m,Cole HOCKER,06 JUN 2001,1:47.51,,USA,"Provincial domain Huizingen, Huizingen (BEL)",BMW Louyet Meeting,12 AUG 2023,2023,4.,D,Continental Tour,7191080,worldwide
men_800m,Kabelo Simon MOHLOSI,20 JAN 1993,1:47.54,,RSA,"Provincial domain Huizingen, Huizingen (BEL)",BMW Louyet Meeting,12 AUG 2023,2023,5.,D,Continental Tour,7191080,worldwide
men_800m,Filip OSTROWSKI,12 JUL 2001,1:45.35,,POL,"Forest Stadium, Sopot (POL)",Grand Prix Sopotu Im. Janusza Sidly,30 AUG 2023,2023,1.,D,Continental Tour,7192312,worldwide
men_800m,Michał ROZMYS,13 MAR 1995,1:45.38,,POL,"Forest Stadium, Sopot (POL)",Grand Prix Sopotu Im. Janusza Sidly,30 AUG 2023,2023,2.,D,Continental Tour,7192312,worldwide
men_800m,Mariano GARCÍA,25 SEP 1997,1:45.43,,ESP,"Forest Stadium, Sopot (POL)",Grand Prix Sopotu Im. Janusza Sidly,30 AUG 2023,2023,3.,D,Continental Tour,7192312,worldwide
men_800m,Javier MIRON,13 DEC 1999,1:45.50,,ESP,"Forest Stadium, Sopot (POL)",Grand Prix Sopotu Im. Janusza Sidly,30 AUG 2023,2023,4.,D,Continental Tour,7192312,worldwide
men_800m,Archie DAVIS,16 OCT 1998,1:48.07,,GBR,"Forest Stadium, Sopot (POL)",Grand Prix Sopotu Im. Janusza Sidly,30 AUG 2023,2023,5.,D,Continental Tour,7192312,worldwide
men_800m,Thomas RANDOLPH,07 FEB 1999,DNF,,GBR,"Forest Stadium, Sopot (POL)",Grand Prix Sopotu Im. Janusza Sidly,30 AUG 2023,2023,,D,Continental Tour,7192312,worldwide
men_800m,Samuel PIHLSTRÖM,08 MAR 2001,1:48.99,,SWE,"Olympiastadion, Stockholm (SWE)",Finnkampen,02 SEP 2023,2023,1.,D,Traditional International,7191083,worldwide
men_800m,Joonas RINNE,20 MAY 1995,1:49.28,,FIN,"Olympiastadion, Stockholm (SWE)",Finnkampen,02 SEP 2023,2023,2.,D,Traditional International,7191083,worldwide
men_800m,Catalin TECUCEANU,09 SEP 1999,1:45.25,,ITA,"Stadio Quercia, Rovereto (ITA)",59. Palio Citta' della Quercia,06 SEP 2023,2023,1.,B,Continental Tour,7190973,worldwide
men_800m,Javier MIRON,13 DEC 1999,1:45.29,,ESP,"Stadio Quercia, Rovereto (ITA)",59. Palio Citta' della Quercia,06 SEP 2023,2023,2.,B,Continental Tour,7190973,worldwide
men_800m,Mohamed ATTAOUI,26 SEP 2001,1:45.70,,ESP,"Stadio Quercia, Rovereto (ITA)",59. Palio Citta' della Quercia,06 SEP 2023,2023,3.,B,Continental Tour,7190973,worldwide
men_800m,Abedin MUJEZINOVIĆ,02 JUN 1993,1:45.79,,BIH,"Stadio Quercia, Rovereto (ITA)",59. Palio Citta' della Quercia,06 SEP 2023,2023,4.,B,Continental Tour,7190973,worldwide
men_800m,Mariano GARCÍA,25 SEP 1997,1:45.84,,ESP,"Stadio Quercia, Rovereto (ITA)",59. Palio Citta' della Quercia,06 SEP 2023,2023,5.,B,Continental Tour,7190973,worldwide
men_800m,Pieter SISK,08 DEC 1999,1:45.95,,BEL,"Stadio Quercia, Rovereto (ITA)",59. Palio Citta' della Quercia,06 SEP 2023,2023,6.,B,Continental Tour,7190973,worldwide
men_800m,Guy LEARMONTH,20 APR 1992,1:46.10,,GBR,"Stadio Quercia, Rovereto (ITA)",59. Palio Citta' della Quercia,06 SEP 2023,2023,7.,B,Continental Tour,7190973,worldwide
men_800m,Mark ENGLISH,18 MAR 1993,1:46.64,,IRL,"Stadio Quercia, Rovereto (ITA)",59. Palio Citta' della Quercia,06 SEP 2023,2023,8.,B,Continental Tour,7190973,worldwide
men_800m,Amel TUKA,09 JAN 1991,1:46.69,,BIH,"Stadio Quercia, Rovereto (ITA)",59. Palio Citta' della Quercia,06 SEP 2023,2023,9.,B,Continental Tour,7190973,worldwide
men_800m,Thomas RANDOLPH,07 FEB 1999,1:47.06,,GBR,"Stadio Quercia, Rovereto (ITA)",59. Palio Citta' della Quercia,06 SEP 2023,2023,10.,B,Continental Tour,7190973,worldwide
men_800m,Cornelius TUWEI,24 MAY 1993,DNF,,KEN,"Stadio Quercia, Rovereto (ITA)",59. Palio Citta' della Quercia,06 SEP 2023,2023,,B,Continental Tour,7190973,worldwide
men_800m,Marino BLOUDEK,18 JUL 1999,1:47.51,,CRO,"Wieslaw Maniak Municipal Athletic Stadium, Szczecin (POL)",6. Memoriał Wiesława Maniaka,06 SEP 2023,2023,1.,D,Continental Tour,7196861,worldwide
men_800m,Aurele VANDEPUTTE,14 MAY 1995,1:48.35,,BEL,"Wieslaw Maniak Municipal Athletic Stadium, Szczecin (POL)",6. Memoriał Wiesława Maniaka,06 SEP 2023,2023,3.,D,Continental Tour,7196861,worldwide
men_800m,Joonas RINNE,20 MAY 1995,1:49.07,,FIN,"Wieslaw Maniak Municipal Athletic Stadium, Szczecin (POL)",6. Memoriał Wiesława Maniaka,06 SEP 2023,2023,5.,D,Continental Tour,7196861,worldwide
men_800m,Patryk SIERADZKI,06 OCT 1998,1:49.22,,POL,"Wieslaw Maniak Municipal Athletic Stadium, Szczecin (POL)",6. Memoriał Wiesława Maniaka,06 SEP 2023,2023,6.,D,Continental Tour,7196861,worldwide
men_800m,Daniel ROWDEN,09 SEP 1997,1:44.96,,GBR,"Sports Park Mladost, Zagreb (CRO)",Memorial Borisa Hanžekovića,10 SEP 2023,2023,1.,A,Continental Tour,7154944,worldwide
men_800m,Gabriel TUAL,09 APR 1998,1:45.07,,FRA,"Sports Park Mladost, Zagreb (CRO)",Memorial Borisa Hanžekovića,10 SEP 2023,2023,2.,A,Continental Tour,7154944,worldwide
men_800m,Andreas KRAMER,13 APR 1997,1:45.10,,SWE,"Sports Park Mladost, Zagreb (CRO)",Memorial Borisa Hanžekovića,10 SEP 2023,2023,3.,A,Continental Tour,7154944,worldwide
men_800m,Alex Ngeno KIPNGETICH,17 AUG 2000,1:45.14,,KEN,"Sports Park Mladost, Zagreb (CRO)",Memorial Borisa Hanžekovića,10 SEP 2023,2023,4.,A,Continental Tour,7154944,worldwide
men_800m,Mark ENGLISH,18 MAR 1993,1:45.56,,IRL,"Sports Park Mladost, Zagreb (CRO)",Memorial Borisa Hanžekovića,10 SEP 2023,2023,5.,A,Continental Tour,7154944,worldwide
men_800m,Simone BARONTINI,05 JAN 1999,1:45.68,,ITA,"Sports Park Mladost, Zagreb (CRO)",Memorial Borisa Hanžekovića,10 SEP 2023,2023,6.,A,Continental Tour,7154944,worldwide
men_800m,Jakub DUDYCHA,05 SEP 2005,1:45.84,,CZE,"Sports Park Mladost, Zagreb (CRO)",Memorial Borisa Hanžekovića,10 SEP 2023,2023,7.,A,Continental Tour,7154944,worldwide
men_800m,Marino BLOUDEK,18 JUL 1999,1:46.28,,CRO,"Sports Park Mladost, Zagreb (CRO)",Memorial Borisa Hanžekovića,10 SEP 2023,2023,8.,A,Continental Tour,7154944,worldwide
men_800m,Collins KIPRUTO,12 APR 1994,1:46.67,,KEN,"Sports Park Mladost, Zagreb (CRO)",Memorial Borisa Hanžekovića,10 SEP 2023,2023,9.,A,Continental Tour,7154944,worldwide
men_800m,Amel TUKA,09 JAN 1991,1:46.98,,BIH,"Sports Park Mladost, Zagreb (CRO)",Memorial Borisa Hanžekovića,10 SEP 2023,2023,10.,A,Continental Tour,7154944,worldwide
men_800m,Filip ŠNEJDR,16 APR 1995,1:47.22,,CZE,"Sports Park Mladost, Zagreb (CRO)",Memorial Borisa Hanžekovića,10 SEP 2023,2023,11.,A,Continental Tour,7154944,worldwide
men_800m,Tatsuya SAKAMOTO,19 JUL 2000,1:50.50,,JPN,"Denka Big Swan Stadium, Niigata (JPN)",Yogibo Athletics Challenge Cup 2023,30 SEP 2023,2023,5.,C,Continental Tour,7196385,worldwide
men_800m,James PRESTON,08 MAY 1997,1:48.38,,NZL,"Hawke's Bay Sports Park, Hastings (NZL)",Potts Classic,22 JAN 2022,2022,1.,D,Continental Tour,7176128,worldwide
men_800m,James PRESTON,08 MAY 1997,1:48.26,,NZL,"Cooks Gardens, Whanganui (NZL)",Cooks Classic,30 JAN 2022,2022,1.,D,Continental Tour,7176129,worldwide
men_800m,Peter BOL,22 FEB 1994,1:47.14,,AUS,"SA Athletic Stadium, Adelaide (AUS)",Adelaide Track Classic,12 FEB 2022,2022,1.,D,Continental Tour,7176133,worldwide
men_800m,Jack LUNN,16 OCT 2001,1:47.43,,AUS,"SA Athletic Stadium, Adelaide (AUS)",Adelaide Track Classic,12 FEB 2022,2022,2.,D,Continental Tour,7176133,worldwide
men_800m,Dylan STENSON,30 SEP 1988,1:48.36,,AUS,"SA Athletic Stadium, Adelaide (AUS)",Adelaide Track Classic,12 FEB 2022,2022,5.,D,Continental Tour,7176133,worldwide
men_800m,Mason COHEN,19 SEP 1996,1:49.33,,AUS,"SA Athletic Stadium, Adelaide (AUS)",Adelaide Track Classic,12 FEB 2022,2022,7.,D,Continental Tour,7176133,worldwide
men_800m,James PRESTON,08 MAY 1997,1:47.31,,NZL,"Nga Puna Wai Sports Hub, Christchurch (NZL)",International Track Meet,26 FEB 2022,2022,1.,C,Continental Tour,7173705,worldwide
men_800m,Samuel TANNER,24 AUG 2000,1:48.35,,NZL,"Nga Puna Wai Sports Hub, Christchurch (NZL)",International Track Meet,26 FEB 2022,2022,2.,C,Continental Tour,7173705,worldwide
men_800m,James PRESTON,08 MAY 1997,1:47.00,,NZL,"Hawke's Bay Sports Park, Hastings (NZL)",New Zealand Championships,05 MAR 2022,2022,1.,B,National Championships,7180054,worldwide
men_800m,Peter BOL,22 FEB 1994,1:46.03,,AUS,"SOPAC, Sydney (AUS)",Sydney Track Classic,12 MAR 2022,2022,1.,C,Continental Tour,7173706,worldwide
men_800m,James PRESTON,08 MAY 1997,1:46.25,,NZL,"SOPAC, Sydney (AUS)",Sydney Track Classic,12 MAR 2022,2022,2.,C,Continental Tour,7173706,worldwide
men_800m,Mikuto KANEKO,06 NOV 2001,1:47.29,,JPN,"SOPAC, Sydney (AUS)",Sydney Track Classic,12 MAR 2022,2022,3.,C,Continental Tour,7173706,worldwide
men_800m,Brad MATHAS,24 JUN 1993,1:47.42,,NZL,"SOPAC, Sydney (AUS)",Sydney Track Classic,12 MAR 2022,2022,4.,C,Continental Tour,7173706,worldwide
men_800m,Jack LUNN,16 OCT 2001,1:47.67,,AUS,"SOPAC, Sydney (AUS)",Sydney Track Classic,12 MAR 2022,2022,6.,C,Continental Tour,7173706,worldwide
men_800m,Joseph DENG,07 JUL 1998,1:50.44,,AUS,"SOPAC, Sydney (AUS)",Sydney Track Classic,12 MAR 2022,2022,7.,C,Continental Tour,7173706,worldwide
men_800m,Jeffrey RISELEY,11 NOV 1986,1:53.98,,AUS,"SOPAC, Sydney (AUS)",Sydney Track Classic,12 MAR 2022,2022,8.,C,Continental Tour,7173706,worldwide
men_800m,Edmund DU PLESSIS,05 APR 2002,1:47.74,,RSA,"Mangaung Athletics Stadium, Bloemfontein (RSA)",ASA Athletics Grand Prix 1,16 MAR 2022,2022,3.,D,Continental Tour,7178014,worldwide
men_800m,Ryan MPHAHLELE,20 JUN 1998,1:49.05,,RSA,"Mangaung Athletics Stadium, Bloemfontein (RSA)",ASA Athletics Grand Prix 1,16 MAR 2022,2022,5.,D,Continental Tour,7178014,worldwide
men_800m,James PRESTON,08 MAY 1997,1:47.39,,NZL,"Lakeside Stadium, Melbourne (AUS)",Melbourne Track Classic,19 MAR 2022,2022,1.,C,Continental Tour,7173707,worldwide
men_800m,Jack LUNN,16 OCT 2001,1:47.77,,AUS,"Lakeside Stadium, Melbourne (AUS)",Melbourne Track Classic,19 MAR 2022,2022,2.,C,Continental Tour,7173707,worldwide
men_800m,Jye PERROTT,06 AUG 1998,1:47.78,,AUS,"Lakeside Stadium, Melbourne (AUS)",Melbourne Track Classic,19 MAR 2022,2022,3.,C,Continental Tour,7173707,worldwide
men_800m,Dylan STENSON,30 SEP 1988,1:48.15,,AUS,"Lakeside Stadium, Melbourne (AUS)",Melbourne Track Classic,19 MAR 2022,2022,5.,C,Continental Tour,7173707,worldwide
men_800m,Mikuto KANEKO,06 NOV 2001,1:49.33,,JPN,"Lakeside Stadium, Melbourne (AUS)",Melbourne Track Classic,19 MAR 2022,2022,7.,C,Continental Tour,7173707,worldwide
men_800m,Ebrahim Remaid ALZOFAIRI,08 MAY 1989,1:49.29,,KUW,Al-Kuwait (KUW),Kuwaiti Championships,27 MAR 2022,2022,1.,B,National Championships,7183157,worldwide
men_800m,Tolesa BODENA,18 FEB 2000,1:47.1h,,ETH,Hawassa (ETH),Ethiopian Championships,29 MAR 2022,2022,1.,B,National Championships,7181305,worldwide
men_800m,Efrem MEKONNEN,31 JAN 2001,1:47.2h,,ETH,Hawassa (ETH),Ethiopian Championships,29 MAR 2022,2022,2.,B,National Championships,7181305,worldwide
men_800m,Peter BOL,22 FEB 1994,1:48.78,,AUS,"SOPAC, Sydney (AUS)",Australian Championships,02 APR 2022,2022,1.,B,National Championships,7180884,worldwide
men_800m,Charlie HUNTER,20 JUL 1996,1:49.31,,AUS,"SOPAC, Sydney (AUS)",Australian Championships,02 APR 2022,2022,2.,B,National Championships,7180884,worldwide
men_800m,Dylan STENSON,30 SEP 1988,1:49.61,,AUS,"SOPAC, Sydney (AUS)",Australian Championships,02 APR 2022,2022,3.,B,National Championships,7180884,worldwide
men_800m,Jye PERROTT,06 AUG 1998,1:49.61,,AUS,"SOPAC, Sydney (AUS)",Australian Championships,02 APR 2022,2022,4.,B,National Championships,7180884,worldwide
men_800m,Jeffrey RISELEY,11 NOV 1986,1:51.38,,AUS,"SOPAC, Sydney (AUS)",Australian Championships,02 APR 2022,2022,6.,B,National Championships,7180884,worldwide
men_800m,Brad MATHAS,24 JUN 1993,1:49.52,,NZL,"SOPAC, Sydney (AUS)",Australian Championships,02 APR 2022,2022,OC,B,National Championships,7180884,worldwide
men_800m,Dennick LUKE,28 JAN 2001,1:50.45,,DMA,"National Stadium, Kingston (JAM)",MVP Velocity Fest 10,02 APR 2022,2022,1.,D,Continental Tour,7178813,worldwide
men_800m,Tshepiso MASALELA,25 MAY 1999,1:46.40,,BOT,"McArthur Stadium, Potchefstroom (RSA)",ASA Athletics Grand Prix 3,06 APR 2022,2022,1.,D,Continental Tour,7178016,worldwide
men_800m,Kabelo Simon MOHLOSI,20 JAN 1993,1:46.76,,RSA,"McArthur Stadium, Potchefstroom (RSA)",ASA Athletics Grand Prix 3,06 APR 2022,2022,3.,D,Continental Tour,7178016,worldwide
men_800m,Edmund DU PLESSIS,05 APR 2002,1:46.87,,RSA,"McArthur Stadium, Potchefstroom (RSA)",ASA Athletics Grand Prix 3,06 APR 2022,2022,5.,D,Continental Tour,7178016,worldwide
men_800m,Boitumelo MASILO,05 AUG 1995,1:51.46,,BOT,"McArthur Stadium, Potchefstroom (RSA)",ASA Athletics Grand Prix 3,06 APR 2022,2022,11.,D,Continental Tour,7178016,worldwide
men_800m,Peter BOL,22 FEB 1994,1:46.12,,AUS,"QSAC State Athletics Facility, Nathan, Brisbane (AUS)",Brisbane Track Classic,09 APR 2022,2022,1.,B,Continental Tour,7173709,worldwide
men_800m,James PRESTON,08 MAY 1997,1:46.38,,NZL,"QSAC State Athletics Facility, Nathan, Brisbane (AUS)",Brisbane Track Classic,09 APR 2022,2022,2.,B,Continental Tour,7173709,worldwide
men_800m,Brad MATHAS,24 JUN 1993,1:46.50,,NZL,"QSAC State Athletics Facility, Nathan, Brisbane (AUS)",Brisbane Track Classic,09 APR 2022,2022,3.,B,Continental Tour,7173709,worldwide
men_800m,Charlie HUNTER,20 JUL 1996,1:46.93,,AUS,"QSAC State Athletics Facility, Nathan, Brisbane (AUS)",Brisbane Track Classic,09 APR 2022,2022,4.,B,Continental Tour,7173709,worldwide
men_800m,Guy LEARMONTH,20 APR 1992,1:47.27,,GBR,"QSAC State Athletics Facility, Nathan, Brisbane (AUS)",Brisbane Track Classic,09 APR 2022,2022,5.,B,Continental Tour,7173709,worldwide
men_800m,Jye PERROTT,06 AUG 1998,1:47.37,,AUS,"QSAC State Athletics Facility, Nathan, Brisbane (AUS)",Brisbane Track Classic,09 APR 2022,2022,6.,B,Continental Tour,7173709,worldwide
men_800m,Jeffrey RISELEY,11 NOV 1986,1:48.60,,AUS,"QSAC State Athletics Facility, Nathan, Brisbane (AUS)",Brisbane Track Classic,09 APR 2022,2022,7.,B,Continental Tour,7173709,worldwide
men_800m,Tshepo TSHITE,15 JAN 1997,1:47.63,,RSA,"Germiston Stadium, Johannesburg (RSA)",ASA Athletics Grand Prix 4,13 APR 2022,2022,1.,D,Continental Tour,7178017,worldwide
men_800m,Tshepiso MASALELA,25 MAY 1999,1:48.35,,BOT,"Germiston Stadium, Johannesburg (RSA)",ASA Athletics Grand Prix 4,13 APR 2022,2022,2.,D,Continental Tour,7178017,worldwide
men_800m,Bryce HOPPEL,05 SEP 1997,1:47.27,,USA,"Hilmer Lodge Stadium, Walnut, CA (USA)",USATF Golden Games,16 APR 2022,2022,1.,A,Continental Tour,7175424,worldwide
men_800m,Ryan SÁNCHEZ,22 SEP 1998,1:47.58,,PUR,"Hilmer Lodge Stadium, Walnut, CA (USA)",USATF Golden Games,16 APR 2022,2022,2.,A,Continental Tour,7175424,worldwide
men_800m,Erik SOWINSKI,21 DEC 1989,1:48.29,,USA,"Hilmer Lodge Stadium, Walnut, CA (USA)",USATF Golden Games,16 APR 2022,2022,3.,A,Continental Tour,7175424,worldwide
men_800m,Jonathan JONES,06 FEB 1999,1:48.91,,BAR,"Hilmer Lodge Stadium, Walnut, CA (USA)",USATF Golden Games,16 APR 2022,2022,4.,A,Continental Tour,7175424,worldwide
men_800m,Jesus Tonatiu LÓPEZ,02 AUG 1997,1:49.25,,MEX,"Hilmer Lodge Stadium, Walnut, CA (USA)",USATF Golden Games,16 APR 2022,2022,5.,A,Continental Tour,7175424,worldwide
men_800m,Brad MATHAS,24 JUN 1993,1:49.57,,NZL,"Hilmer Lodge Stadium, Walnut, CA (USA)",USATF Golden Games,16 APR 2022,2022,6.,A,Continental Tour,7175424,worldwide
men_800m,Samuel VOELZ,,1:49.69,,USA,"Hilmer Lodge Stadium, Walnut, CA (USA)",USATF Golden Games,16 APR 2022,2022,7.,A,Continental Tour,7175424,worldwide
men_800m,Josh HOEY,01 NOV 1999,1:50.05,,USA,"Hilmer Lodge Stadium, Walnut, CA (USA)",USATF Golden Games,16 APR 2022,2022,8.,A,Continental Tour,7175424,worldwide
men_800m,Kyle LANGFORD,02 FEB 1996,1:51.90,,GBR,"Hilmer Lodge Stadium, Walnut, CA (USA)",USATF Golden Games,16 APR 2022,2022,9.,A,Continental Tour,7175424,worldwide
men_800m,Tshepo TSHITE,15 JAN 1997,1:49.18,,RSA,"Green Point Stadium, Cape Town (RSA)",South African Championships,23 APR 2022,2022,1.,B,National Championships,7181890,worldwide
men_800m,Kabelo Simon MOHLOSI,20 JAN 1993,1:50.02,,RSA,"Green Point Stadium, Cape Town (RSA)",South African Championships,23 APR 2022,2022,3.,B,National Championships,7181890,worldwide
men_800m,Edmund DU PLESSIS,05 APR 2002,1:51.55,,RSA,"Green Point Stadium, Cape Town (RSA)",South African Championships,23 APR 2022,2022,4.,B,National Championships,7181890,worldwide
men_800m,Jose MAITA,17 APR 1998,1:48.87,,VEN,"Estadio Metropolitano de Merida, Merida (VEN)",Venezuelan Championships,23 APR 2022,2022,1.,B,National Championships,7182037,worldwide
men_800m,Lucirio GARRIDO,08 APR 1992,1:49.10,,VEN,"Estadio Metropolitano de Merida, Merida (VEN)",Venezuelan Championships,23 APR 2022,2022,2.,B,National Championships,7182037,worldwide
men_800m,Kyle LANGFORD,02 FEB 1996,1:46.11,,GBR,"Franklin Field, Philadelphia, PA (USA)",The Penn Relays Carnival,29 APR 2022,2022,1.,C,Continental Tour,7182050,worldwide
men_800m,Vincent CRISP,17 AUG 1997,1:46.32,,USA,"Franklin Field, Philadelphia, PA (USA)",The Penn Relays Carnival,29 APR 2022,2022,2.,C,Continental Tour,7182050,worldwide
men_800m,Josh HOEY,01 NOV 1999,1:47.36,,USA,"Franklin Field, Philadelphia, PA (USA)",The Penn Relays Carnival,29 APR 2022,2022,3.,C,Continental Tour,7182050,worldwide
men_800m,Drew WINDLE,22 JUL 1992,1:48.30,,USA,"Franklin Field, Philadelphia, PA (USA)",The Penn Relays Carnival,29 APR 2022,2022,4.,C,Continental Tour,7182050,worldwide
men_800m,Robert FORD,08 MAR 1996,1:51.49,,USA,"Franklin Field, Philadelphia, PA (USA)",The Penn Relays Carnival,29 APR 2022,2022,6.,C,Continental Tour,7182050,worldwide
men_800m,Alex AMANKWA,02 MAR 1992,DNF,,GHA,"Franklin Field, Philadelphia, PA (USA)",The Penn Relays Carnival,29 APR 2022,2022,,C,Continental Tour,7182050,worldwide
men_800m,Tshepo TSHITE,15 JAN 1997,1:45.85,,RSA,"National Stadium, Gaborone (BOT)",Gaborone International Meet,30 APR 2022,2022,1.,C,Continental Tour,7173708,worldwide
men_800m,Ferguson Cheruiyot ROTICH,30 NOV 1989,1:46.63,,KEN,"National Stadium, Gaborone (BOT)",Gaborone International Meet,30 APR 2022,2022,2.,C,Continental Tour,7173708,worldwide
men_800m,Cornelius TUWEI,24 MAY 1993,1:46.77,,KEN,"National Stadium, Gaborone (BOT)",Gaborone International Meet,30 APR 2022,2022,3.,C,Continental Tour,7173708,worldwide
men_800m,Tshepiso MASALELA,25 MAY 1999,1:46.90,,BOT,"National Stadium, Gaborone (BOT)",Gaborone International Meet,30 APR 2022,2022,4.,C,Continental Tour,7173708,worldwide
men_800m,Kabelo Simon MOHLOSI,20 JAN 1993,1:47.49,,RSA,"National Stadium, Gaborone (BOT)",Gaborone International Meet,30 APR 2022,2022,5.,C,Continental Tour,7173708,worldwide
men_800m,Guilherme KURTZ,27 AUG 1994,1:46.61,,BRA,"COTP Stadium, São Paulo (BRA)",Grande Premio Internacional Brasil Loterias Caixa de Atletismo,01 MAY 2022,2022,1.,C,Continental Tour,7181805,worldwide
men_800m,Leandro ALVES,04 AUG 1998,1:48.81,,BRA,"COTP Stadium, São Paulo (BRA)",Grande Premio Internacional Brasil Loterias Caixa de Atletismo,01 MAY 2022,2022,3.,C,Continental Tour,7181805,worldwide
men_800m,Tony VAN DIEPEN,17 APR 1996,1:47.10,,NED,"JSerra Catholic HS, San Juan Capistrano, CA (USA)",Track Meet,06 MAY 2022,2022,1.,C,Continental Tour,7181845,worldwide
men_800m,Brannon KIDDER,18 NOV 1993,1:47.38,,USA,"JSerra Catholic HS, San Juan Capistrano, CA (USA)",Track Meet,06 MAY 2022,2022,2.,C,Continental Tour,7181845,worldwide
men_800m,Kyle LANGFORD,02 FEB 1996,1:47.49,,GBR,"JSerra Catholic HS, San Juan Capistrano, CA (USA)",Track Meet,06 MAY 2022,2022,3.,C,Continental Tour,7181845,worldwide
men_800m,Drew WINDLE,22 JUL 1992,1:48.16,,USA,"JSerra Catholic HS, San Juan Capistrano, CA (USA)",Track Meet,06 MAY 2022,2022,4.,C,Continental Tour,7181845,worldwide
men_800m,Daniel NIXON,04 SEP 1998,1:49.44,,USA,"JSerra Catholic HS, San Juan Capistrano, CA (USA)",Track Meet,06 MAY 2022,2022,6.,C,Continental Tour,7181845,worldwide
men_800m,Shane STREICH,19 SEP 1996,1:49.84,,USA,"JSerra Catholic HS, San Juan Capistrano, CA (USA)",Track Meet,06 MAY 2022,2022,7.,C,Continental Tour,7181845,worldwide
men_800m,Josh HOEY,01 NOV 1999,1:52.66,,USA,"JSerra Catholic HS, San Juan Capistrano, CA (USA)",Track Meet,06 MAY 2022,2022,8.,C,Continental Tour,7181845,worldwide
men_800m,Emmanuel WANYONYI,01 AUG 2004,1:45.01,,KEN,"Moi International Sports Centre, Kasarani, Nairobi (KEN)",Kip Keino Classic,07 MAY 2022,2022,1.,A,Continental Tour,7171946,worldwide
men_800m,Cornelius TUWEI,24 MAY 1993,1:45.49,,KEN,"Moi International Sports Centre, Kasarani, Nairobi (KEN)",Kip Keino Classic,07 MAY 2022,2022,2.,A,Continental Tour,7171946,worldwide
men_800m,Tshepo TSHITE,15 JAN 1997,1:45.51,,RSA,"Moi International Sports Centre, Kasarani, Nairobi (KEN)",Kip Keino Classic,07 MAY 2022,2022,3.,A,Continental Tour,7171946,worldwide
men_800m,Tolesa BODENA,18 FEB 2000,1:45.85,,ETH,"Moi International Sports Centre, Kasarani, Nairobi (KEN)",Kip Keino Classic,07 MAY 2022,2022,4.,A,Continental Tour,7171946,worldwide
men_800m,Nicholas KIPLAGAT,07 JUN 1995,1:46.14,,KEN,"Moi International Sports Centre, Kasarani, Nairobi (KEN)",Kip Keino Classic,07 MAY 2022,2022,5.,A,Continental Tour,7171946,worldwide
men_800m,Abedin MUJEZINOVIĆ,02 JUN 1993,1:47.50,,BIH,"Moi International Sports Centre, Kasarani, Nairobi (KEN)",Kip Keino Classic,07 MAY 2022,2022,6.,A,Continental Tour,7171946,worldwide
men_800m,Ferguson Cheruiyot ROTICH,30 NOV 1989,1:47.98,,KEN,"Moi International Sports Centre, Kasarani, Nairobi (KEN)",Kip Keino Classic,07 MAY 2022,2022,7.,A,Continental Tour,7171946,worldwide
men_800m,Collins KIPRUTO,12 APR 1994,DNF,,KEN,"Moi International Sports Centre, Kasarani, Nairobi (KEN)",Kip Keino Classic,07 MAY 2022,2022,,A,Continental Tour,7171946,worldwide
men_800m,Robert Kimutai KORIR,15 MAR 1993,DNF,,KEN,"Moi International Sports Centre, Kasarani, Nairobi (KEN)",Kip Keino Classic,07 MAY 2022,2022,,A,Continental Tour,7171946,worldwide
men_800m,Jake WIGHTMAN,11 JUL 1994,1:46.44,,GBR,"JSerra Catholic HS, San Juan Capistrano, CA (USA)",The Orange County Classic,07 MAY 2022,2022,1.,C,Continental Tour,7175376,worldwide
men_800m,Kyle LANGFORD,02 FEB 1996,1:49.16,,GBR,"JSerra Catholic HS, San Juan Capistrano, CA (USA)",The Orange County Classic,07 MAY 2022,2022,3.,C,Continental Tour,7175376,worldwide
men_800m,Daniel NIXON,04 SEP 1998,1:52.48,,USA,"JSerra Catholic HS, San Juan Capistrano, CA (USA)",The Orange County Classic,07 MAY 2022,2022,5.,C,Continental Tour,7175376,worldwide
men_800m,Josh HOEY,01 NOV 1999,1:53.51,,USA,"JSerra Catholic HS, San Juan Capistrano, CA (USA)",The Orange County Classic,07 MAY 2022,2022,6.,C,Continental Tour,7175376,worldwide
men_800m,Drew WINDLE,22 JUL 1992,DNF,,USA,"JSerra Catholic HS, San Juan Capistrano, CA (USA)",The Orange County Classic,07 MAY 2022,2022,,C,Continental Tour,7175376,worldwide
men_800m,Brad MATHAS,24 JUN 1993,1:46.58,,NZL,"National Stadium, Tokyo (JPN)",Seiko Golden Grand Prix,08 MAY 2022,2022,1.,A,Continental Tour,7171890,worldwide
men_800m,Sho KAWAMOTO,01 MAR 1993,1:47.27,,JPN,"National Stadium, Tokyo (JPN)",Seiko Golden Grand Prix,08 MAY 2022,2022,3.,A,Continental Tour,7171890,worldwide
men_800m,Isaiah JEWETT,06 FEB 1997,1:47.39,,USA,"National Stadium, Tokyo (JPN)",Seiko Golden Grand Prix,08 MAY 2022,2022,5.,A,Continental Tour,7171890,worldwide
men_800m,Guy LEARMONTH,20 APR 1992,1:47.51,,GBR,"National Stadium, Tokyo (JPN)",Seiko Golden Grand Prix,08 MAY 2022,2022,6.,A,Continental Tour,7171890,worldwide
men_800m,Mikuto KANEKO,06 NOV 2001,1:47.57,,JPN,"National Stadium, Tokyo (JPN)",Seiko Golden Grand Prix,08 MAY 2022,2022,7.,A,Continental Tour,7171890,worldwide
men_800m,Hiroki MINAMOTO,24 NOV 1999,1:50.11,,JPN,"National Stadium, Tokyo (JPN)",Seiko Golden Grand Prix,08 MAY 2022,2022,10.,A,Continental Tour,7171890,worldwide
men_800m,Clayton MURPHY,26 FEB 1995,1:45.54,,USA,"Estadio Francisco Montaner, Ponce (PUR)",Puerto Rico International Athletics Classic,12 MAY 2022,2022,1.,B,Continental Tour,7175429,worldwide
men_800m,Michael SARUNI,18 JUN 1995,1:46.14,,KEN,"Estadio Francisco Montaner, Ponce (PUR)",Puerto Rico International Athletics Classic,12 MAY 2022,2022,2.,B,Continental Tour,7175429,worldwide
men_800m,Ryan SÁNCHEZ,22 SEP 1998,1:46.42,,PUR,"Estadio Francisco Montaner, Ponce (PUR)",Puerto Rico International Athletics Classic,12 MAY 2022,2022,3.,B,Continental Tour,7175429,worldwide
men_800m,Robert DOWNS,17 AUG 1994,1:46.86,,USA,"Estadio Francisco Montaner, Ponce (PUR)",Puerto Rico International Athletics Classic,12 MAY 2022,2022,5.,B,Continental Tour,7175429,worldwide
men_800m,Daniel NIXON,04 SEP 1998,1:48.01,,USA,"Estadio Francisco Montaner, Ponce (PUR)",Puerto Rico International Athletics Classic,12 MAY 2022,2022,6.,B,Continental Tour,7175429,worldwide
men_800m,Abraham ALVARADO,04 AUG 1995,1:48.21,,USA,"Estadio Francisco Montaner, Ponce (PUR)",Puerto Rico International Athletics Classic,12 MAY 2022,2022,7.,B,Continental Tour,7175429,worldwide
men_800m,Shane STREICH,19 SEP 1996,1:48.86,,USA,"Estadio Francisco Montaner, Ponce (PUR)",Puerto Rico International Athletics Classic,12 MAY 2022,2022,8.,B,Continental Tour,7175429,worldwide
men_800m,Dennick LUKE,28 JAN 2001,1:50.83,,DMA,"Stade Municipal, Le Lorrain (FRA)",8ème Meeting International du Lorrain,14 MAY 2022,2022,1.,D,Continental Tour,7177151,worldwide
men_800m,John FITZSIMONS,05 MAY 1998,1:46.41,,IRL,"Mary Peters Track, Belfast (GBR)",Belfast Irish Milers Meet,14 MAY 2022,2022,1.,D,Continental Tour,7176886,worldwide
men_800m,Archie DAVIS,16 OCT 1998,1:47.77,,GBR,"Mary Peters Track, Belfast (GBR)",Belfast Irish Milers Meet,14 MAY 2022,2022,2.,D,Continental Tour,7176886,worldwide
men_800m,Tshepiso MASALELA,25 MAY 1999,1:46.79,,BOT,"Francistown Stadion, Francistown (BOT)",Botswana Championships,15 MAY 2022,2022,1.,B,National Championships,7186598,worldwide
men_800m,Kethobogile HAINGURA,14 DEC 1998,1:47.16,,BOT,"Francistown Stadion, Francistown (BOT)",Botswana Championships,15 MAY 2022,2022,2.,B,National Championships,7186598,worldwide
men_800m,Joshua ATKINSON,25 MAY 2003,1:55.75,,THA,"My Dinh National Stadium, Hanoi (VIE)",31st South East Asian Games (Athletics),16 MAY 2022,2022,1.,D,Area Regional Champs,7149155,worldwide
men_800m,Slimane MOULA,25 FEB 1999,1:44.72,,ALG,Montgeron (FRA),36eme Meeting International Athletisme Montgeron-Essonne,15 MAY 2022,2022,1.,D,Continental Tour,7176887,worldwide
men_800m,Benjamin ROBERT,04 JAN 1998,1:45.19,,FRA,Montgeron (FRA),36eme Meeting International Athletisme Montgeron-Essonne,15 MAY 2022,2022,2.,D,Continental Tour,7176887,worldwide
men_800m,Ramzi ABDENOUZ,23 MAY 1993,1:45.52,,ALG,Montgeron (FRA),36eme Meeting International Athletisme Montgeron-Essonne,15 MAY 2022,2022,3.,D,Continental Tour,7176887,worldwide
men_800m,Elhassane MOUJAHID,19 JAN 2000,1:45.58,,MAR,Montgeron (FRA),36eme Meeting International Athletisme Montgeron-Essonne,15 MAY 2022,2022,4.,D,Continental Tour,7176887,worldwide
men_800m,Gabriel TUAL,09 APR 1998,1:46.10,,FRA,Montgeron (FRA),36eme Meeting International Athletisme Montgeron-Essonne,15 MAY 2022,2022,5.,D,Continental Tour,7176887,worldwide
men_800m,Mostafa SMAILI,09 JAN 1997,1:46.76,,MAR,Montgeron (FRA),36eme Meeting International Athletisme Montgeron-Essonne,15 MAY 2022,2022,6.,D,Continental Tour,7176887,worldwide
men_800m,Baptiste MISCHLER,23 NOV 1997,1:49.04,,FRA,Montgeron (FRA),36eme Meeting International Athletisme Montgeron-Essonne,15 MAY 2022,2022,7.,D,Continental Tour,7176887,worldwide
men_800m,Renaud ROSIERE,27 SEP 1993,1:50.99,,FRA,Montgeron (FRA),36eme Meeting International Athletisme Montgeron-Essonne,15 MAY 2022,2022,8.,D,Continental Tour,7176887,worldwide
men_800m,Cooper TEARE,18 AUG 1999,1:47.90,,USA,"Hilmer Lodge Stadium, Walnut, CA (USA)",USATF Distance Classic,19 MAY 2022,2022,1.,B,Continental Tour,7180064,worldwide
men_800m,Colin SAHLMAN,28 OCT 2003,1:48.80,,USA,"Hilmer Lodge Stadium, Walnut, CA (USA)",USATF Distance Classic,19 MAY 2022,2022,2.,B,Continental Tour,7180064,worldwide
men_800m,Drew WINDLE,22 JUL 1992,1:50.44,,USA,"Hilmer Lodge Stadium, Walnut, CA (USA)",USATF Distance Classic,19 MAY 2022,2022,6.,B,Continental Tour,7180064,worldwide
men_800m,Festus LAGAT,10 OCT 1996,1:45.02,,KEN,"Icahn Stadium, New York, NY (USA)",Track Night NYC,20 MAY 2022,2022,1.,C,Continental Tour,7177147,worldwide
men_800m,Edose IBADIN,27 FEB 1993,1:46.29,,NGR,"Icahn Stadium, New York, NY (USA)",Track Night NYC,20 MAY 2022,2022,2.,C,Continental Tour,7177147,worldwide
men_800m,Vincent CRISP,17 AUG 1997,1:46.34,,USA,"Icahn Stadium, New York, NY (USA)",Track Night NYC,20 MAY 2022,2022,3.,C,Continental Tour,7177147,worldwide
men_800m,Abraham ALVARADO,04 AUG 1995,1:47.82,,USA,"Icahn Stadium, New York, NY (USA)",Track Night NYC,20 MAY 2022,2022,5.,C,Continental Tour,7177147,worldwide
men_800m,Daniel NIXON,04 SEP 1998,1:48.75,,USA,"Icahn Stadium, New York, NY (USA)",Track Night NYC,20 MAY 2022,2022,7.,C,Continental Tour,7177147,worldwide
men_800m,Josh HOEY,01 NOV 1999,1:49.59,,USA,"Icahn Stadium, New York, NY (USA)",Track Night NYC,20 MAY 2022,2022,8.,C,Continental Tour,7177147,worldwide
men_800m,Dennick LUKE,28 JAN 2001,1:48.66,,DMA,"National Stadium, Kingston (JAM)",JAAA/SDF Jubilee Series 2.1,21 MAY 2022,2022,1.,D,Continental Tour,7184103,worldwide
men_800m,Filip SASÍNEK,08 JAN 1996,1:48.55,,CZE,"Ethnikou Stadiou, Kalamata (GRE)",Papaflessia Athletics Meeting 2022,21 MAY 2022,2022,2.,D,Continental Tour,7173598,worldwide
men_800m,Filip ŠNEJDR,16 APR 1995,1:49.02,,CZE,"Ethnikou Stadiou, Kalamata (GRE)",Papaflessia Athletics Meeting 2022,21 MAY 2022,2022,4.,D,Continental Tour,7173598,worldwide
men_800m,Jakub DAVIDÍK,20 JAN 2002,1:49.65,,CZE,"Ethnikou Stadiou, Kalamata (GRE)",Papaflessia Athletics Meeting 2022,21 MAY 2022,2022,6.,D,Continental Tour,7173598,worldwide
men_800m,Federico RIVA,09 NOV 2000,1:47.32,,ITA,"Stadio Zecchini, Grosseto (ITA)",Castiglione International Meeting,22 MAY 2022,2022,1.,D,Continental Tour,7176891,worldwide
men_800m,Francesco PERNICI,18 FEB 2003,1:47.77,,ITA,"Stadio Zecchini, Grosseto (ITA)",Castiglione International Meeting,22 MAY 2022,2022,2.,D,Continental Tour,7176891,worldwide
men_800m,Tony VAN DIEPEN,17 APR 1996,1:45.30,,NED,"Paul-Greifzu-Stadion, Dessau (GER)","24. Internationales Leichtathletik Meeting ""Anhalt 2022""",25 MAY 2022,2022,1.,C,Continental Tour,7173599,worldwide
men_800m,Michał ROZMYS,13 MAR 1995,1:45.39,,POL,"Paul-Greifzu-Stadion, Dessau (GER)","24. Internationales Leichtathletik Meeting ""Anhalt 2022""",25 MAY 2022,2022,2.,C,Continental Tour,7173599,worldwide
men_800m,Mateusz BORKOWSKI,02 APR 1997,1:45.88,,POL,"Paul-Greifzu-Stadion, Dessau (GER)","24. Internationales Leichtathletik Meeting ""Anhalt 2022""",25 MAY 2022,2022,3.,C,Continental Tour,7173599,worldwide
men_800m,Tobias GRØNSTAD,06 JUL 2002,1:46.02,,NOR,"Paul-Greifzu-Stadion, Dessau (GER)","24. Internationales Leichtathletik Meeting ""Anhalt 2022""",25 MAY 2022,2022,4.,C,Continental Tour,7173599,worldwide
men_800m,Jamie WEBB,01 JUN 1994,1:46.28,,GBR,"Paul-Greifzu-Stadion, Dessau (GER)","24. Internationales Leichtathletik Meeting ""Anhalt 2022""",25 MAY 2022,2022,5.,C,Continental Tour,7173599,worldwide
men_800m,Christoph KESSLER,28 APR 1995,1:46.60,,GER,"Paul-Greifzu-Stadion, Dessau (GER)","24. Internationales Leichtathletik Meeting ""Anhalt 2022""",25 MAY 2022,2022,6.,C,Continental Tour,7173599,worldwide
men_800m,Marvin HEINRICH,29 JAN 1997,1:47.24,,GER,"Paul-Greifzu-Stadion, Dessau (GER)","24. Internationales Leichtathletik Meeting ""Anhalt 2022""",25 MAY 2022,2022,7.,C,Continental Tour,7173599,worldwide
men_800m,Noah BALTUS,03 FEB 2002,1:48.27,,NED,"Paul-Greifzu-Stadion, Dessau (GER)","24. Internationales Leichtathletik Meeting ""Anhalt 2022""",25 MAY 2022,2022,8.,C,Continental Tour,7173599,worldwide
men_800m,Jakub DAVIDÍK,20 JAN 2002,1:48.32,,CZE,"Paul-Greifzu-Stadion, Dessau (GER)","24. Internationales Leichtathletik Meeting ""Anhalt 2022""",25 MAY 2022,2022,9.,C,Continental Tour,7173599,worldwide
men_800m,Thomas RANDOLPH,07 FEB 1999,DNF,,GBR,"Paul-Greifzu-Stadion, Dessau (GER)","24. Internationales Leichtathletik Meeting ""Anhalt 2022""",25 MAY 2022,2022,,C,Continental Tour,7173599,worldwide
men_800m,Patryk SIERADZKI,06 OCT 1998,DNF,,POL,"Paul-Greifzu-Stadion, Dessau (GER)","24. Internationales Leichtathletik Meeting ""Anhalt 2022""",25 MAY 2022,2022,,C,Continental Tour,7173599,worldwide
men_800m,Joonas RINNE,20 MAY 1995,1:48.20,,FIN,Lahti (FIN),Motonet GP,25 MAY 2022,2022,3.,D,Continental Tour,7176892,worldwide
men_800m,Paul ROBINSON,24 MAY 1991,1:48.71,,IRL,Lahti (FIN),Motonet GP,25 MAY 2022,2022,5.,D,Continental Tour,7176892,worldwide
men_800m,Gabriel TUAL,09 APR 1998,1:45.12,,FRA,"Estadio Iberoamericano, Huelva (ESP)",Meeting Iberoamericano,25 MAY 2022,2022,1.,C,Continental Tour,7173600,worldwide
men_800m,Eric NZIKWINKUNDA,01 JAN 1997,1:45.26,,BDI,"Estadio Iberoamericano, Huelva (ESP)",Meeting Iberoamericano,25 MAY 2022,2022,2.,C,Continental Tour,7173600,worldwide
men_800m,Alberto GUERRERO,04 APR 1995,1:46.01,,ESP,"Estadio Iberoamericano, Huelva (ESP)",Meeting Iberoamericano,25 MAY 2022,2022,3.,C,Continental Tour,7173600,worldwide
men_800m,José Carlos PINTO,03 MAY 1997,1:46.64,,POR,"Estadio Iberoamericano, Huelva (ESP)",Meeting Iberoamericano,25 MAY 2022,2022,4.,C,Continental Tour,7173600,worldwide
men_800m,Eduardo ROMERO,27 JAN 1999,1:46.88,,ESP,"Estadio Iberoamericano, Huelva (ESP)",Meeting Iberoamericano,25 MAY 2022,2022,6.,C,Continental Tour,7173600,worldwide
men_800m,Eduardo RIBEIRO,09 JAN 2001,DNF,,BRA,"Estadio Iberoamericano, Huelva (ESP)",Meeting Iberoamericano,25 MAY 2022,2022,,C,Continental Tour,7173600,worldwide
men_800m,Emmanuel WANYONYI,01 AUG 2004,1:44.15,,KEN,"Mestský Stadion, Ostrava (CZE)",61st Golden Spike,31 MAY 2022,2022,1.,A,Continental Tour,7147625,worldwide
men_800m,Slimane MOULA,25 FEB 1999,1:44.19,,ALG,"Mestský Stadion, Ostrava (CZE)",61st Golden Spike,31 MAY 2022,2022,2.,A,Continental Tour,7147625,worldwide
men_800m,Max BURGIN,20 MAY 2002,1:44.54,,GBR,"Mestský Stadion, Ostrava (CZE)",61st Golden Spike,31 MAY 2022,2022,3.,A,Continental Tour,7147625,worldwide
men_800m,Noah KIBET,12 APR 2004,1:44.89,,KEN,"Mestský Stadion, Ostrava (CZE)",61st Golden Spike,31 MAY 2022,2022,4.,A,Continental Tour,7147625,worldwide
men_800m,Nijel AMOS,15 MAR 1994,1:44.92,,BOT,"Mestský Stadion, Ostrava (CZE)",61st Golden Spike,31 MAY 2022,2022,5.,A,Continental Tour,7147625,worldwide
men_800m,Gabriel TUAL,09 APR 1998,1:45.03,,FRA,"Mestský Stadion, Ostrava (CZE)",61st Golden Spike,31 MAY 2022,2022,6.,A,Continental Tour,7147625,worldwide
men_800m,Cornelius TUWEI,24 MAY 1993,1:45.10,,KEN,"Mestský Stadion, Ostrava (CZE)",61st Golden Spike,31 MAY 2022,2022,7.,A,Continental Tour,7147625,worldwide
men_800m,Catalin TECUCEANU,09 SEP 1999,1:45.24,,ITA,"Mestský Stadion, Ostrava (CZE)",61st Golden Spike,31 MAY 2022,2022,8.,A,Continental Tour,7147625,worldwide
men_800m,Daniel ROWDEN,09 SEP 1997,1:45.65,,GBR,"Mestský Stadion, Ostrava (CZE)",61st Golden Spike,31 MAY 2022,2022,9.,A,Continental Tour,7147625,worldwide
men_800m,Andreas KRAMER,13 APR 1997,1:45.95,,SWE,"Mestský Stadion, Ostrava (CZE)",61st Golden Spike,31 MAY 2022,2022,10.,A,Continental Tour,7147625,worldwide
men_800m,Filip SASÍNEK,08 JAN 1996,1:46.29,,CZE,"Mestský Stadion, Ostrava (CZE)",61st Golden Spike,31 MAY 2022,2022,11.,A,Continental Tour,7147625,worldwide
men_800m,Amel TUKA,09 JAN 1991,1:47.02,,BIH,"Mestský Stadion, Ostrava (CZE)",61st Golden Spike,31 MAY 2022,2022,12.,A,Continental Tour,7147625,worldwide
men_800m,Patryk DOBEK,13 FEB 1994,1:47.61,,POL,"Mestský Stadion, Ostrava (CZE)",61st Golden Spike,31 MAY 2022,2022,13.,A,Continental Tour,7147625,worldwide
men_800m,Filip ŠNEJDR,16 APR 1995,1:48.03,,CZE,"Mestský Stadion, Ostrava (CZE)",61st Golden Spike,31 MAY 2022,2022,14.,A,Continental Tour,7147625,worldwide
men_800m,Patryk SIERADZKI,06 OCT 1998,DNF,,POL,"Mestský Stadion, Ostrava (CZE)",61st Golden Spike,31 MAY 2022,2022,,A,Continental Tour,7147625,worldwide
men_800m,Balázs VINDICS,28 MAR 1994,1:48.99,,HUN,"Leichtathletikarena, Eisenstadt (AUT)",Austrian Open,02 JUN 2022,2022,1.,C,Continental Tour,7173614,worldwide
men_800m,Marino BLOUDEK,18 JUL 1999,1:51.04,,CRO,"Leichtathletikarena, Eisenstadt (AUT)",Austrian Open,02 JUN 2022,2022,6.,C,Continental Tour,7173614,worldwide
men_800m,Collins KIPRUTO,12 APR 1994,1:45.22,,KEN,"Stade des Grands Pêchers, Montreuil (FRA)",Montreuil International Meeting,02 JUN 2022,2022,1.,B,Continental Tour,7173589,worldwide
men_800m,Slimane MOULA,25 FEB 1999,1:45.58,,ALG,"Stade des Grands Pêchers, Montreuil (FRA)",Montreuil International Meeting,02 JUN 2022,2022,2.,B,Continental Tour,7173589,worldwide
men_800m,Benjamin ROBERT,04 JAN 1998,1:45.59,,FRA,"Stade des Grands Pêchers, Montreuil (FRA)",Montreuil International Meeting,02 JUN 2022,2022,3.,B,Continental Tour,7173589,worldwide
men_800m,Yassine HETHAT,30 AUG 1991,1:46.25,,ALG,"Stade des Grands Pêchers, Montreuil (FRA)",Montreuil International Meeting,02 JUN 2022,2022,4.,B,Continental Tour,7173589,worldwide
men_800m,Álvaro DE ARRIBA,02 JUN 1994,1:46.28,,ESP,"Stade des Grands Pêchers, Montreuil (FRA)",Montreuil International Meeting,02 JUN 2022,2022,5.,B,Continental Tour,7173589,worldwide
men_800m,Emmanuel Kipkurui KORIR,15 JUN 1995,1:46.29,,KEN,"Stade des Grands Pêchers, Montreuil (FRA)",Montreuil International Meeting,02 JUN 2022,2022,6.,B,Continental Tour,7173589,worldwide
men_800m,Nasredine KHATIR,30 JAN 1995,1:46.66,,FRA,"Stade des Grands Pêchers, Montreuil (FRA)",Montreuil International Meeting,02 JUN 2022,2022,7.,B,Continental Tour,7173589,worldwide
men_800m,Elias NGENY,04 MAY 1996,1:46.96,,KEN,"Stade des Grands Pêchers, Montreuil (FRA)",Montreuil International Meeting,02 JUN 2022,2022,8.,B,Continental Tour,7173589,worldwide
men_800m,Pierre-Ambroise BOSSE,11 MAY 1992,1:47.12,,FRA,"Stade des Grands Pêchers, Montreuil (FRA)",Montreuil International Meeting,02 JUN 2022,2022,9.,B,Continental Tour,7173589,worldwide
men_800m,Anicet KOZAR,08 OCT 2001,1:47.56,,FRA,"Stade des Grands Pêchers, Montreuil (FRA)",Montreuil International Meeting,02 JUN 2022,2022,10.,B,Continental Tour,7173589,worldwide
men_800m,Mohamed BELBACHIR,11 JAN 1994,1:47.69,,ALG,"Stade des Grands Pêchers, Montreuil (FRA)",Montreuil International Meeting,02 JUN 2022,2022,11.,B,Continental Tour,7173589,worldwide
men_800m,Archie DAVIS,16 OCT 1998,1:48.95,,GBR,"Stade des Grands Pêchers, Montreuil (FRA)",Montreuil International Meeting,02 JUN 2022,2022,12.,B,Continental Tour,7173589,worldwide
men_800m,Evans KIPCHUMBA,06 NOV 1994,DNF,,KEN,"Stade des Grands Pêchers, Montreuil (FRA)",Montreuil International Meeting,02 JUN 2022,2022,,B,Continental Tour,7173589,worldwide
men_800m,Jesus Tonatiu LÓPEZ,02 AUG 1997,1:47.83,,MEX,"Unidad Deportiva Bicentenario, Morelia (MEX)",Mexican Championships,04 JUN 2022,2022,1.,B,National Championships,7185102,worldwide
men_800m,Kyle LANGFORD,02 FEB 1996,1:46.48,,GBR,"Manchester Regional Arena, Manchester (GBR)",BoXX United Manchester World Athletics Continental Tour,03 JUN 2022,2022,1.,B,Continental Tour,7173590,worldwide
men_800m,Ben PATTISON,15 DEC 2001,1:46.95,,GBR,"Manchester Regional Arena, Manchester (GBR)",BoXX United Manchester World Athletics Continental Tour,03 JUN 2022,2022,2.,B,Continental Tour,7173590,worldwide
men_800m,Aurele VANDEPUTTE,14 MAY 1995,1:47.41,,BEL,"Manchester Regional Arena, Manchester (GBR)",BoXX United Manchester World Athletics Continental Tour,03 JUN 2022,2022,3.,B,Continental Tour,7173590,worldwide
men_800m,Tobias GRØNSTAD,06 JUL 2002,1:47.49,,NOR,"Manchester Regional Arena, Manchester (GBR)",BoXX United Manchester World Athletics Continental Tour,03 JUN 2022,2022,4.,B,Continental Tour,7173590,worldwide
men_800m,Alberto GUERRERO,04 APR 1995,1:48.36,,ESP,"Manchester Regional Arena, Manchester (GBR)",BoXX United Manchester World Athletics Continental Tour,03 JUN 2022,2022,6.,B,Continental Tour,7173590,worldwide
men_800m,Erik MARTINSSON,25 SEP 1996,1:49.66,,SWE,"Manchester Regional Arena, Manchester (GBR)",BoXX United Manchester World Athletics Continental Tour,03 JUN 2022,2022,7.,B,Continental Tour,7173590,worldwide
men_800m,Finley MCLEAR,25 MAY 2000,1:51.28,,GBR,"Manchester Regional Arena, Manchester (GBR)",BoXX United Manchester World Athletics Continental Tour,03 JUN 2022,2022,9.,B,Continental Tour,7173590,worldwide
men_800m,Charlie DA'VALL GRICE,07 NOV 1993,1:52.16,,GBR,"Manchester Regional Arena, Manchester (GBR)",BoXX United Manchester World Athletics Continental Tour,03 JUN 2022,2022,10.,B,Continental Tour,7173590,worldwide
men_800m,José Carlos PINTO,03 MAY 1997,DNF,,POR,"Manchester Regional Arena, Manchester (GBR)",BoXX United Manchester World Athletics Continental Tour,03 JUN 2022,2022,,B,Continental Tour,7173590,worldwide
men_800m,Pablo SÁNCHEZ-VALLADARES,12 NOV 1997,DNF,,ESP,"Manchester Regional Arena, Manchester (GBR)",BoXX United Manchester World Athletics Continental Tour,03 JUN 2022,2022,,B,Continental Tour,7173590,worldwide
men_800m,Tony VAN DIEPEN,17 APR 1996,1:44.31,,NED,"Zdzisław Krzyszkowiak Stadium, Bydgoszcz (POL)",4th Irena Szewinska Memorial,03 JUN 2022,2022,1.,A,Continental Tour,7171889,worldwide
men_800m,Tshepo TSHITE,15 JAN 1997,1:44.59,,RSA,"Zdzisław Krzyszkowiak Stadium, Bydgoszcz (POL)",4th Irena Szewinska Memorial,03 JUN 2022,2022,2.,A,Continental Tour,7171889,worldwide
men_800m,Andreas KRAMER,13 APR 1997,1:44.59,,SWE,"Zdzisław Krzyszkowiak Stadium, Bydgoszcz (POL)",4th Irena Szewinska Memorial,03 JUN 2022,2022,3.,A,Continental Tour,7171889,worldwide
men_800m,Mohamed Ali GOUANED,05 JUL 2002,1:44.67,,ALG,"Zdzisław Krzyszkowiak Stadium, Bydgoszcz (POL)",4th Irena Szewinska Memorial,03 JUN 2022,2022,4.,A,Continental Tour,7171889,worldwide
men_800m,Mateusz BORKOWSKI,02 APR 1997,1:44.79,,POL,"Zdzisław Krzyszkowiak Stadium, Bydgoszcz (POL)",4th Irena Szewinska Memorial,03 JUN 2022,2022,5.,A,Continental Tour,7171889,worldwide
men_800m,Patryk SIERADZKI,06 OCT 1998,1:45.13,,POL,"Zdzisław Krzyszkowiak Stadium, Bydgoszcz (POL)",4th Irena Szewinska Memorial,03 JUN 2022,2022,6.,A,Continental Tour,7171889,worldwide
men_800m,Cornelius TUWEI,24 MAY 1993,1:45.16,,KEN,"Zdzisław Krzyszkowiak Stadium, Bydgoszcz (POL)",4th Irena Szewinska Memorial,03 JUN 2022,2022,7.,A,Continental Tour,7171889,worldwide
men_800m,Wesley VÁZQUEZ,27 MAR 1994,1:46.02,,PUR,"Zdzisław Krzyszkowiak Stadium, Bydgoszcz (POL)",4th Irena Szewinska Memorial,03 JUN 2022,2022,8.,A,Continental Tour,7171889,worldwide
men_800m,Jamie WEBB,01 JUN 1994,1:46.49,,GBR,"Zdzisław Krzyszkowiak Stadium, Bydgoszcz (POL)",4th Irena Szewinska Memorial,03 JUN 2022,2022,9.,A,Continental Tour,7171889,worldwide
men_800m,Jakub DAVIDÍK,20 JAN 2002,1:46.70,,CZE,"Zdzisław Krzyszkowiak Stadium, Bydgoszcz (POL)",4th Irena Szewinska Memorial,03 JUN 2022,2022,10.,A,Continental Tour,7171889,worldwide
men_800m,Michael SARUNI,18 JUN 1995,1:46.71,,KEN,"Zdzisław Krzyszkowiak Stadium, Bydgoszcz (POL)",4th Irena Szewinska Memorial,03 JUN 2022,2022,11.,A,Continental Tour,7171889,worldwide
men_800m,Ryan SÁNCHEZ,22 SEP 1998,1:50.31,,PUR,"Pista Basilio Rodriguez, Carolina (PUR)",Puerto Rican Championships,04 JUN 2022,2022,1.,B,National Championships,7185118,worldwide
men_800m,Andrés ARROYO,07 JUN 1995,1:54.50,,PUR,"Pista Basilio Rodriguez, Carolina (PUR)",Puerto Rican Championships,04 JUN 2022,2022,3.,B,National Championships,7185118,worldwide
men_800m,Kevin ROBERTSON,28 SEP 1998,1:50.07,,CAN,"Complexe Sportif Claude-Robillard, Montréal (CAN)",La Classique d’Athlétisme de Montréal,05 JUN 2022,2022,5.,D,Continental Tour,7177153,worldwide
men_800m,Patryk DOBEK,13 FEB 1994,1:44.49,,POL,"Stadion Śląski, Chorzów (POL)",68° ORLEN Janusz Kusociński Memorial,05 JUN 2022,2022,1.,A,Continental Tour,7175595,worldwide
men_800m,Benjamin ROBERT,04 JAN 1998,1:44.53,,FRA,"Stadion Śląski, Chorzów (POL)",68° ORLEN Janusz Kusociński Memorial,05 JUN 2022,2022,2.,A,Continental Tour,7175595,worldwide
men_800m,Álvaro DE ARRIBA,02 JUN 1994,1:44.85,,ESP,"Stadion Śląski, Chorzów (POL)",68° ORLEN Janusz Kusociński Memorial,05 JUN 2022,2022,3.,A,Continental Tour,7175595,worldwide
men_800m,Adrián BEN,04 AUG 1998,1:44.93,,ESP,"Stadion Śląski, Chorzów (POL)",68° ORLEN Janusz Kusociński Memorial,05 JUN 2022,2022,4.,A,Continental Tour,7175595,worldwide
men_800m,Mateusz BORKOWSKI,02 APR 1997,1:45.09,,POL,"Stadion Śląski, Chorzów (POL)",68° ORLEN Janusz Kusociński Memorial,05 JUN 2022,2022,5.,A,Continental Tour,7175595,worldwide
men_800m,Cornelius TUWEI,24 MAY 1993,1:45.37,,KEN,"Stadion Śląski, Chorzów (POL)",68° ORLEN Janusz Kusociński Memorial,05 JUN 2022,2022,6.,A,Continental Tour,7175595,worldwide
men_800m,Kacper LEWALSKI,07 MAY 2003,1:45.48,,POL,"Stadion Śląski, Chorzów (POL)",68° ORLEN Janusz Kusociński Memorial,05 JUN 2022,2022,7.,A,Continental Tour,7175595,worldwide
men_800m,Jamie WEBB,01 JUN 1994,1:45.54,,GBR,"Stadion Śląski, Chorzów (POL)",68° ORLEN Janusz Kusociński Memorial,05 JUN 2022,2022,8.,A,Continental Tour,7175595,worldwide
men_800m,Marc REUTHER,23 JUN 1996,1:45.94,,GER,"Stadion Śląski, Chorzów (POL)",68° ORLEN Janusz Kusociński Memorial,05 JUN 2022,2022,9.,A,Continental Tour,7175595,worldwide
men_800m,Wesley VÁZQUEZ,27 MAR 1994,1:47.10,,PUR,"Stadion Śląski, Chorzów (POL)",68° ORLEN Janusz Kusociński Memorial,05 JUN 2022,2022,10.,A,Continental Tour,7175595,worldwide
men_800m,Boitumelo MASILO,05 AUG 1995,1:49.09,,BOT,"FBK Stadium, Hengelo (NED)",FBK Games,06 JUN 2022,2022,3.,A,Continental Tour,7156091,worldwide
men_800m,Ryan CLARKE,17 NOV 1997,1:50.50,,NED,"FBK Stadium, Hengelo (NED)",FBK Games,06 JUN 2022,2022,6.,A,Continental Tour,7156091,worldwide
men_800m,Bram ANDERIESSEN,01 AUG 1999,1:53.69,,NED,"FBK Stadium, Hengelo (NED)",FBK Games,06 JUN 2022,2022,13.,A,Continental Tour,7156091,worldwide
men_800m,Brad MATHAS,24 JUN 1993,1:53.60,,NZL,"Aquatic and Recreation Centre, Mackay (AUS)",Oceania Athletics Championships,08 JUN 2022,2022,1.,GL,Area Champs,7181507,worldwide
men_800m,Handal ROBAN,05 SEP 2002,1:49.32,,VIN,"Jamaica College Ashenheim Stadium, Kingston (JAM)",JAAA/SDF Jubilee Series 2.3,08 JUN 2022,2022,2.,D,Continental Tour,7186580,worldwide
men_800m,Tony VAN DIEPEN,17 APR 1996,1:46.56,,NED,"Fana Stadion, Bergen (NOR)",Trond Mohn Games,08 JUN 2022,2022,1.,C,Continental Tour,7173609,worldwide
men_800m,Tobias GRØNSTAD,06 JUL 2002,1:46.74,,NOR,"Fana Stadion, Bergen (NOR)",Trond Mohn Games,08 JUN 2022,2022,2.,C,Continental Tour,7173609,worldwide
men_800m,Joseph DENG,07 JUL 1998,1:46.77,,AUS,"Fana Stadion, Bergen (NOR)",Trond Mohn Games,08 JUN 2022,2022,3.,C,Continental Tour,7173609,worldwide
men_800m,Jakob INGEBRIGTSEN,19 SEP 2000,1:47.22,,NOR,"Fana Stadion, Bergen (NOR)",Trond Mohn Games,08 JUN 2022,2022,4.,C,Continental Tour,7173609,worldwide
men_800m,Sigurd TVEIT,16 MAR 2000,1:47.22,,NOR,"Fana Stadion, Bergen (NOR)",Trond Mohn Games,08 JUN 2022,2022,5.,C,Continental Tour,7173609,worldwide
men_800m,Ole Jakob HØSTELAND SOLBU,19 AUG 2003,1:47.56,,NOR,"Fana Stadion, Bergen (NOR)",Trond Mohn Games,08 JUN 2022,2022,6.,C,Continental Tour,7173609,worldwide
men_800m,Jan FRIŠ,19 DEC 1995,1:48.87,,CZE,"Fana Stadion, Bergen (NOR)",Trond Mohn Games,08 JUN 2022,2022,8.,C,Continental Tour,7173609,worldwide
men_800m,Jakub DAVIDÍK,20 JAN 2002,1:49.43,,CZE,"Fana Stadion, Bergen (NOR)",Trond Mohn Games,08 JUN 2022,2022,9.,C,Continental Tour,7173609,worldwide
men_800m,Catalin TECUCEANU,09 SEP 1999,1:46.07,,ITA,"x-bionic sphere, Šamorín (SVK)",P-T-S meeting 2022,09 JUN 2022,2022,1.,B,Continental Tour,7173591,worldwide
men_800m,Ben PATTISON,15 DEC 2001,1:46.45,,GBR,"x-bionic sphere, Šamorín (SVK)",P-T-S meeting 2022,09 JUN 2022,2022,2.,B,Continental Tour,7173591,worldwide
men_800m,John FITZSIMONS,05 MAY 1998,1:46.64,,IRL,"x-bionic sphere, Šamorín (SVK)",P-T-S meeting 2022,09 JUN 2022,2022,3.,B,Continental Tour,7173591,worldwide
men_800m,Abubaker Haydar ABDALLA,28 AUG 1996,1:47.09,,QAT,"x-bionic sphere, Šamorín (SVK)",P-T-S meeting 2022,09 JUN 2022,2022,4.,B,Continental Tour,7173591,worldwide
men_800m,Jamie WEBB,01 JUN 1994,1:47.51,,GBR,"x-bionic sphere, Šamorín (SVK)",P-T-S meeting 2022,09 JUN 2022,2022,5.,B,Continental Tour,7173591,worldwide
men_800m,Mostafa SMAILI,09 JAN 1997,1:47.56,,MAR,"x-bionic sphere, Šamorín (SVK)",P-T-S meeting 2022,09 JUN 2022,2022,6.,B,Continental Tour,7173591,worldwide
men_800m,Abdirahman Saeed HASSAN,13 APR 1997,1:47.60,,QAT,"x-bionic sphere, Šamorín (SVK)",P-T-S meeting 2022,09 JUN 2022,2022,7.,B,Continental Tour,7173591,worldwide
men_800m,Balázs VINDICS,28 MAR 1994,1:47.95,,HUN,"x-bionic sphere, Šamorín (SVK)",P-T-S meeting 2022,09 JUN 2022,2022,8.,B,Continental Tour,7173591,worldwide
men_800m,Marc REUTHER,23 JUN 1996,1:48.73,,GER,"x-bionic sphere, Šamorín (SVK)",P-T-S meeting 2022,09 JUN 2022,2022,9.,B,Continental Tour,7173591,worldwide
men_800m,Filip ŠNEJDR,16 APR 1995,1:48.75,,CZE,"x-bionic sphere, Šamorín (SVK)",P-T-S meeting 2022,09 JUN 2022,2022,10.,B,Continental Tour,7173591,worldwide
men_800m,Žan RUDOLF,09 MAY 1993,1:51.19,,SLO,"x-bionic sphere, Šamorín (SVK)",P-T-S meeting 2022,09 JUN 2022,2022,11.,B,Continental Tour,7173591,worldwide
men_800m,Djoao LOBLES,14 JAN 2001,1:46.89,,NED,"Leppävaaran Stadion, Espoo (FIN)",Espoo Motonet GP,08 JUN 2022,2022,1.,D,Continental Tour,7176898,worldwide
men_800m,Jye PERROTT,06 AUG 1998,1:47.01,,AUS,"Leppävaaran Stadion, Espoo (FIN)",Espoo Motonet GP,08 JUN 2022,2022,2.,D,Continental Tour,7176898,worldwide
men_800m,Joonas RINNE,20 MAY 1995,1:47.48,,FIN,"Leppävaaran Stadion, Espoo (FIN)",Espoo Motonet GP,08 JUN 2022,2022,3.,D,Continental Tour,7176898,worldwide
men_800m,Erik MARTINSSON,25 SEP 1996,DNF,,SWE,"Leppävaaran Stadion, Espoo (FIN)",Espoo Motonet GP,08 JUN 2022,2022,,D,Continental Tour,7176898,worldwide
men_800m,Slimane MOULA,25 FEB 1999,1:45.59,,ALG,"Cote d'Or National Sports Complex, St Pierre (MRI)",African Athletics Championships,10 JUN 2022,2022,1.,GL,Area Champs,7147626,worldwide
men_800m,Nicholas KIPLAGAT,07 JUN 1995,1:46.43,,KEN,"Cote d'Or National Sports Complex, St Pierre (MRI)",African Athletics Championships,10 JUN 2022,2022,2.,GL,Area Champs,7147626,worldwide
men_800m,Tshepiso MASALELA,25 MAY 1999,1:46.65,,BOT,"Cote d'Or National Sports Complex, St Pierre (MRI)",African Athletics Championships,10 JUN 2022,2022,3.,GL,Area Champs,7147626,worldwide
men_800m,Abdessalem AYOUNI,16 MAY 1994,1:46.68,,TUN,"Cote d'Or National Sports Complex, St Pierre (MRI)",African Athletics Championships,10 JUN 2022,2022,4.,GL,Area Champs,7147626,worldwide
men_800m,Elias NGENY,04 MAY 1996,1:46.81,,KEN,"Cote d'Or National Sports Complex, St Pierre (MRI)",African Athletics Championships,10 JUN 2022,2022,5.,GL,Area Champs,7147626,worldwide
men_800m,Riadh CHNINNI,15 MAR 1997,1:46.91,,TUN,"Cote d'Or National Sports Complex, St Pierre (MRI)",African Athletics Championships,10 JUN 2022,2022,6.,GL,Area Champs,7147626,worldwide
men_800m,Oussama NABIL,18 FEB 1996,1:47.01,,MAR,"Cote d'Or National Sports Complex, St Pierre (MRI)",African Athletics Championships,10 JUN 2022,2022,7.,GL,Area Champs,7147626,worldwide
men_800m,Ramzi ABDENOUZ,23 MAY 1993,1:47.33,,ALG,"Cote d'Or National Sports Complex, St Pierre (MRI)",African Athletics Championships,10 JUN 2022,2022,8.,GL,Area Champs,7147626,worldwide
men_800m,Patryk DOBEK,13 FEB 1994,1:53.50,,POL,"Stadion Lekkoatletyczny, Suwalki (POL)",Polish Championships,11 JUN 2022,2022,1.,B,National Championships,7185507,worldwide
men_800m,Mateusz BORKOWSKI,02 APR 1997,1:53.52,,POL,"Stadion Lekkoatletyczny, Suwalki (POL)",Polish Championships,11 JUN 2022,2022,2.,B,National Championships,7185507,worldwide
men_800m,Kacper LEWALSKI,07 MAY 2003,1:54.16,,POL,"Stadion Lekkoatletyczny, Suwalki (POL)",Polish Championships,11 JUN 2022,2022,3.,B,National Championships,7185507,worldwide
men_800m,Patryk SIERADZKI,06 OCT 1998,1:54.19,,POL,"Stadion Lekkoatletyczny, Suwalki (POL)",Polish Championships,11 JUN 2022,2022,4.,B,National Championships,7185507,worldwide
men_800m,Maciej WYDERKA,29 JUL 2002,1:55.29,,POL,"Stadion Lekkoatletyczny, Suwalki (POL)",Polish Championships,11 JUN 2022,2022,6.,B,National Championships,7185507,worldwide
men_800m,Mikuto KANEKO,06 NOV 2001,1:47.07,,JPN,"Yanmar Stadium Nagai, Osaka (JPN)",106th Japan Championships,12 JUN 2022,2022,1.,B,National Championships,7185367,worldwide
men_800m,Junya MATSUMOTO,28 SEP 2000,1:50.79,,JPN,"Yanmar Stadium Nagai, Osaka (JPN)",106th Japan Championships,12 JUN 2022,2022,7.,B,National Championships,7185367,worldwide
men_800m,Brandon MCBRIDE,15 JUN 1994,1:45.22,,CAN,"Griswold Stadium, Portland, OR (USA)",Portland Track Festival,11 JUN 2022,2022,1.,C,Continental Tour,7184844,worldwide
men_800m,Derek HOLDSWORTH,12 FEB 1996,1:45.37,,USA,"Griswold Stadium, Portland, OR (USA)",Portland Track Festival,11 JUN 2022,2022,2.,C,Continental Tour,7184844,worldwide
men_800m,Isaiah HARRIS,18 OCT 1996,1:45.55,,USA,"Griswold Stadium, Portland, OR (USA)",Portland Track Festival,11 JUN 2022,2022,3.,C,Continental Tour,7184844,worldwide
men_800m,Charlie HUNTER,20 JUL 1996,1:45.58,,AUS,"Griswold Stadium, Portland, OR (USA)",Portland Track Festival,11 JUN 2022,2022,4.,C,Continental Tour,7184844,worldwide
men_800m,Brannon KIDDER,18 NOV 1993,1:45.97,,USA,"Griswold Stadium, Portland, OR (USA)",Portland Track Festival,11 JUN 2022,2022,5.,C,Continental Tour,7184844,worldwide
men_800m,Samuel PRAKEL,29 OCT 1994,1:46.39,,USA,"Griswold Stadium, Portland, OR (USA)",Portland Track Festival,11 JUN 2022,2022,6.,C,Continental Tour,7184844,worldwide
men_800m,Josh KERR,08 OCT 1997,1:46.95,,GBR,"Griswold Stadium, Portland, OR (USA)",Portland Track Festival,11 JUN 2022,2022,7.,C,Continental Tour,7184844,worldwide
men_800m,Drew WINDLE,22 JUL 1992,1:47.26,,USA,"Griswold Stadium, Portland, OR (USA)",Portland Track Festival,11 JUN 2022,2022,8.,C,Continental Tour,7184844,worldwide
men_800m,Abedin MUJEZINOVIĆ,02 JUN 1993,1:46.74,,BIH,"Stadio Narciso Soldan, Conegliano (ITA)",XXXI Meeting Citta' Di Conegliano,11 JUN 2022,2022,1.,D,Continental Tour,7176899,worldwide
men_800m,Francesco PERNICI,18 FEB 2003,1:46.87,,ITA,"Stadio Narciso Soldan, Conegliano (ITA)",XXXI Meeting Citta' Di Conegliano,11 JUN 2022,2022,2.,D,Continental Tour,7176899,worldwide
men_800m,Djoao LOBLES,14 JAN 2001,1:47.17,,NED,"Stadio Narciso Soldan, Conegliano (ITA)",XXXI Meeting Citta' Di Conegliano,11 JUN 2022,2022,3.,D,Continental Tour,7176899,worldwide
men_800m,Dennick LUKE,28 JAN 2001,1:48.22,,DMA,"National Stadium, Kingston (JAM)",JAAA All-Comers Meet,11 JUN 2022,2022,1.,D,Continental Tour,7185797,worldwide
men_800m,Handal ROBAN,05 SEP 2002,1:48.31,,VIN,"National Stadium, Kingston (JAM)",JAAA All-Comers Meet,11 JUN 2022,2022,2.,D,Continental Tour,7185797,worldwide
men_800m,Mark ENGLISH,18 MAR 1993,1:46.42,,IRL,"Woodside Stadium, Watford (GBR)",British Milers Club International Grand Prix,11 JUN 2022,2022,1.,D,Continental Tour,7173610,worldwide
men_800m,Kyle LANGFORD,02 FEB 1996,1:46.86,,GBR,"Woodside Stadium, Watford (GBR)",British Milers Club International Grand Prix,11 JUN 2022,2022,2.,D,Continental Tour,7173610,worldwide
men_800m,Jye PERROTT,06 AUG 1998,1:47.15,,AUS,"Woodside Stadium, Watford (GBR)",British Milers Club International Grand Prix,11 JUN 2022,2022,3.,D,Continental Tour,7173610,worldwide
men_800m,Reece SHARMAN-NEWELL,13 DEC 2002,1:49.53,,GBR,"Woodside Stadium, Watford (GBR)",British Milers Club International Grand Prix,11 JUN 2022,2022,7.,D,Continental Tour,7173610,worldwide
men_800m,Guy LEARMONTH,20 APR 1992,DNF,,GBR,"Woodside Stadium, Watford (GBR)",British Milers Club International Grand Prix,11 JUN 2022,2022,,D,Continental Tour,7173610,worldwide
men_800m,Ivan IVANOV,09 MAR 2002,1:56.90,,BUL,"Stadium Ivaylo, Veliko Tarnovo (BUL)",Bulgarian Championships,12 JUN 2022,2022,5.,B,National Championships,7185756,worldwide
men_800m,Ben PATTISON,15 DEC 2001,1:45.16,,GBR,"Sollentunavallen, Sollentuna (SWE)",Sollentuna GP,12 JUN 2022,2022,1.,C,Continental Tour,7173615,worldwide
men_800m,Nicholas KIPLAGAT,07 JUN 1995,1:45.83,,KEN,"Sollentunavallen, Sollentuna (SWE)",Sollentuna GP,12 JUN 2022,2022,2.,C,Continental Tour,7173615,worldwide
men_800m,Daniel ROWDEN,09 SEP 1997,1:45.84,,GBR,"Sollentunavallen, Sollentuna (SWE)",Sollentuna GP,12 JUN 2022,2022,3.,C,Continental Tour,7173615,worldwide
men_800m,Christoph KESSLER,28 APR 1995,1:46.94,,GER,"Sollentunavallen, Sollentuna (SWE)",Sollentuna GP,12 JUN 2022,2022,4.,C,Continental Tour,7173615,worldwide
men_800m,Marvin HEINRICH,29 JAN 1997,1:49.63,,GER,"Sollentunavallen, Sollentuna (SWE)",Sollentuna GP,12 JUN 2022,2022,7.,C,Continental Tour,7173615,worldwide
men_800m,Erik MARTINSSON,25 SEP 1996,DNF,,SWE,"Sollentunavallen, Sollentuna (SWE)",Sollentuna GP,12 JUN 2022,2022,,C,Continental Tour,7173615,worldwide
men_800m,Bryce HOPPEL,05 SEP 1997,1:45.07,,USA,"Icahn Stadium, New York, NY (USA)",New York Grand Prix,12 JUN 2022,2022,1.,A,Continental Tour,7180478,worldwide
men_800m,Jesus Tonatiu LÓPEZ,02 AUG 1997,1:45.16,,MEX,"Icahn Stadium, New York, NY (USA)",New York Grand Prix,12 JUN 2022,2022,2.,A,Continental Tour,7180478,worldwide
men_800m,Erik SOWINSKI,21 DEC 1989,1:45.50,,USA,"Icahn Stadium, New York, NY (USA)",New York Grand Prix,12 JUN 2022,2022,3.,A,Continental Tour,7180478,worldwide
men_800m,Clayton MURPHY,26 FEB 1995,1:45.62,,USA,"Icahn Stadium, New York, NY (USA)",New York Grand Prix,12 JUN 2022,2022,4.,A,Continental Tour,7180478,worldwide
men_800m,Ryan SÁNCHEZ,22 SEP 1998,1:45.72,,PUR,"Icahn Stadium, New York, NY (USA)",New York Grand Prix,12 JUN 2022,2022,5.,A,Continental Tour,7180478,worldwide
men_800m,Isaiah JEWETT,06 FEB 1997,1:45.87,,USA,"Icahn Stadium, New York, NY (USA)",New York Grand Prix,12 JUN 2022,2022,6.,A,Continental Tour,7180478,worldwide
men_800m,Wesley VÁZQUEZ,27 MAR 1994,1:47.38,,PUR,"Icahn Stadium, New York, NY (USA)",New York Grand Prix,12 JUN 2022,2022,8.,A,Continental Tour,7180478,worldwide
men_800m,Josh HOEY,01 NOV 1999,1:47.52,,USA,"Icahn Stadium, New York, NY (USA)",New York Grand Prix,12 JUN 2022,2022,9.,A,Continental Tour,7180478,worldwide
men_800m,Shane STREICH,19 SEP 1996,1:48.26,,USA,"Icahn Stadium, New York, NY (USA)",New York Grand Prix,12 JUN 2022,2022,10.,A,Continental Tour,7180478,worldwide
men_800m,Robert DOWNS,17 AUG 1994,DNF,,USA,"Icahn Stadium, New York, NY (USA)",New York Grand Prix,12 JUN 2022,2022,,A,Continental Tour,7180478,worldwide
men_800m,Robert HEPPENSTALL,28 FEB 1997,1:46.58,,CAN,"Swangard Stadium, Burnaby (CAN)",Vancouver Sun Harry Jerome International Track Classic,14 JUN 2022,2022,1.,C,Continental Tour,7174925,worldwide
men_800m,Abdullahi HASSAN,28 JUL 2002,1:47.02,,CAN,"Swangard Stadium, Burnaby (CAN)",Vancouver Sun Harry Jerome International Track Classic,14 JUN 2022,2022,2.,C,Continental Tour,7174925,worldwide
men_800m,Matthew ERICKSON,11 MAR 2003,1:49.12,,CAN,"Swangard Stadium, Burnaby (CAN)",Vancouver Sun Harry Jerome International Track Classic,14 JUN 2022,2022,5.,C,Continental Tour,7174925,worldwide
men_800m,Daniel NIXON,04 SEP 1998,1:52.25,,USA,"Swangard Stadium, Burnaby (CAN)",Vancouver Sun Harry Jerome International Track Classic,14 JUN 2022,2022,7.,C,Continental Tour,7174925,worldwide
men_800m,Max BURGIN,20 MAY 2002,1:43.52,,GBR,"Paavo Nurmen Stadion, Turku (FIN)",Paavo Nurmi Games,14 JUN 2022,2022,1.,A,Continental Tour,7147628,worldwide
men_800m,Tony VAN DIEPEN,17 APR 1996,1:44.24,,NED,"Paavo Nurmen Stadion, Turku (FIN)",Paavo Nurmi Games,14 JUN 2022,2022,2.,A,Continental Tour,7147628,worldwide
men_800m,Gabriel TUAL,09 APR 1998,1:44.30,,FRA,"Paavo Nurmen Stadion, Turku (FIN)",Paavo Nurmi Games,14 JUN 2022,2022,3.,A,Continental Tour,7147628,worldwide
men_800m,Collins KIPRUTO,12 APR 1994,1:44.69,,KEN,"Paavo Nurmen Stadion, Turku (FIN)",Paavo Nurmi Games,14 JUN 2022,2022,4.,A,Continental Tour,7147628,worldwide
men_800m,Andreas KRAMER,13 APR 1997,1:44.75,,SWE,"Paavo Nurmen Stadion, Turku (FIN)",Paavo Nurmi Games,14 JUN 2022,2022,5.,A,Continental Tour,7147628,worldwide
men_800m,Jamie WEBB,01 JUN 1994,1:45.32,,GBR,"Paavo Nurmen Stadion, Turku (FIN)",Paavo Nurmi Games,14 JUN 2022,2022,6.,A,Continental Tour,7147628,worldwide
men_800m,Cornelius TUWEI,24 MAY 1993,1:45.76,,KEN,"Paavo Nurmen Stadion, Turku (FIN)",Paavo Nurmi Games,14 JUN 2022,2022,7.,A,Continental Tour,7147628,worldwide
men_800m,Joonas RINNE,20 MAY 1995,1:46.46,,FIN,"Paavo Nurmen Stadion, Turku (FIN)",Paavo Nurmi Games,14 JUN 2022,2022,8.,A,Continental Tour,7147628,worldwide
men_800m,Patryk SIERADZKI,06 OCT 1998,DNF,,POL,"Paavo Nurmen Stadion, Turku (FIN)",Paavo Nurmi Games,14 JUN 2022,2022,,A,Continental Tour,7147628,worldwide
men_800m,Daniel ROWDEN,09 SEP 1997,DNF,,GBR,"Paavo Nurmen Stadion, Turku (FIN)",Paavo Nurmi Games,14 JUN 2022,2022,,A,Continental Tour,7147628,worldwide
men_800m,James PRESTON,08 MAY 1997,1:45.37,,NZL,"Mestský Stadion Sletište, Kladno (CZE)",Kladno hází a Kladenské Memoriály 2022,14 JUN 2022,2022,1.,C,Continental Tour,7173613,worldwide
men_800m,Filip ŠNEJDR,16 APR 1995,1:46.28,,CZE,"Mestský Stadion Sletište, Kladno (CZE)",Kladno hází a Kladenské Memoriály 2022,14 JUN 2022,2022,3.,C,Continental Tour,7173613,worldwide
men_800m,Filip OSTROWSKI,12 JUL 2001,1:46.89,,POL,"Mestský Stadion Sletište, Kladno (CZE)",Kladno hází a Kladenské Memoriály 2022,14 JUN 2022,2022,5.,C,Continental Tour,7173613,worldwide
men_800m,Jan FRIŠ,19 DEC 1995,1:47.53,,CZE,"Mestský Stadion Sletište, Kladno (CZE)",Kladno hází a Kladenské Memoriály 2022,14 JUN 2022,2022,6.,C,Continental Tour,7173613,worldwide
men_800m,Hamza BELMIR,06 NOV 1994,DQ,,MAR,"Mestský Stadion Sletište, Kladno (CZE)",Kladno hází a Kladenské Memoriály 2022,14 JUN 2022,2022, - ,C,Continental Tour,7173613,worldwide
men_800m,Kyle LANGFORD,02 FEB 1996,1:47.34,,GBR,"Stadion Wankdorf, Bern (SUI)",CITIUS Meeting,14 JUN 2022,2022,1.,C,Continental Tour,7173626,worldwide
men_800m,Aurele VANDEPUTTE,14 MAY 1995,1:47.45,,BEL,"Stadion Wankdorf, Bern (SUI)",CITIUS Meeting,14 JUN 2022,2022,2.,C,Continental Tour,7173626,worldwide
men_800m,Simone BARONTINI,05 JAN 1999,1:47.88,,ITA,"Stadion Wankdorf, Bern (SUI)",CITIUS Meeting,14 JUN 2022,2022,3.,C,Continental Tour,7173626,worldwide
men_800m,Tobias GRØNSTAD,06 JUL 2002,1:48.31,,NOR,"Stadion Wankdorf, Bern (SUI)",CITIUS Meeting,14 JUN 2022,2022,5.,C,Continental Tour,7173626,worldwide
men_800m,Anicet KOZAR,08 OCT 2001,1:48.37,,FRA,"Stadion Wankdorf, Bern (SUI)",CITIUS Meeting,14 JUN 2022,2022,6.,C,Continental Tour,7173626,worldwide
men_800m,Ramon WIPFLI,30 JUN 2004,1:48.90,,SUI,"Stadion Wankdorf, Bern (SUI)",CITIUS Meeting,14 JUN 2022,2022,7.,C,Continental Tour,7173626,worldwide
men_800m,Archie DAVIS,16 OCT 1998,1:49.14,,GBR,"Stadion Wankdorf, Bern (SUI)",CITIUS Meeting,14 JUN 2022,2022,8.,C,Continental Tour,7173626,worldwide
men_800m,Álvaro DE ARRIBA,02 JUN 1994,1:46.35,,ESP,"Stade Delort, Marseille (FRA)",Meeting International de Marseille,15 JUN 2022,2022,1.,D,Continental Tour,7173592,worldwide
men_800m,Nasredine KHATIR,30 JAN 1995,1:46.84,,FRA,"Stade Delort, Marseille (FRA)",Meeting International de Marseille,15 JUN 2022,2022,2.,D,Continental Tour,7173592,worldwide
men_800m,Thomas STAINES,22 FEB 1998,1:46.87,,GBR,"Stade Delort, Marseille (FRA)",Meeting International de Marseille,15 JUN 2022,2022,3.,D,Continental Tour,7173592,worldwide
men_800m,Elliot GILES,26 MAY 1994,1:46.91,,GBR,"Stade Delort, Marseille (FRA)",Meeting International de Marseille,15 JUN 2022,2022,4.,D,Continental Tour,7173592,worldwide
men_800m,Pierre-Ambroise BOSSE,11 MAY 1992,1:47.01,,FRA,"Stade Delort, Marseille (FRA)",Meeting International de Marseille,15 JUN 2022,2022,5.,D,Continental Tour,7173592,worldwide
men_800m,Kacper LEWALSKI,07 MAY 2003,1:47.62,,POL,"Stade Delort, Marseille (FRA)",Meeting International de Marseille,15 JUN 2022,2022,6.,D,Continental Tour,7173592,worldwide
men_800m,Jake HEYWARD,26 APR 1999,1:47.72,,GBR,"Stade Delort, Marseille (FRA)",Meeting International de Marseille,15 JUN 2022,2022,7.,D,Continental Tour,7173592,worldwide
men_800m,Marc REUTHER,23 JUN 1996,1:47.94,,GER,"Stade Delort, Marseille (FRA)",Meeting International de Marseille,15 JUN 2022,2022,8.,D,Continental Tour,7173592,worldwide
men_800m,Jakub DAVIDÍK,20 JAN 2002,1:49.83,,CZE,"Stade Delort, Marseille (FRA)",Meeting International de Marseille,15 JUN 2022,2022,10.,D,Continental Tour,7173592,worldwide
men_800m,Brandon MCBRIDE,15 JUN 1994,1:46.14,,CAN,"Centennial Stadium, Victoria (CAN)",Victoria International Track Classic,16 JUN 2022,2022,1.,D,Continental Tour,7177155,worldwide
men_800m,John GREGOREK,07 DEC 1991,1:47.53,,USA,"Centennial Stadium, Victoria (CAN)",Victoria International Track Classic,16 JUN 2022,2022,2.,D,Continental Tour,7177155,worldwide
men_800m,Samuel PRAKEL,29 OCT 1994,1:47.99,,USA,"Centennial Stadium, Victoria (CAN)",Victoria International Track Classic,16 JUN 2022,2022,3.,D,Continental Tour,7177155,worldwide
men_800m,Luke HOUSER,02 MAY 2001,1:50.61,,USA,"Centennial Stadium, Victoria (CAN)",Victoria International Track Classic,16 JUN 2022,2022,7.,D,Continental Tour,7177155,worldwide
men_800m,Daniel NIXON,04 SEP 1998,1:50.95,,USA,"Centennial Stadium, Victoria (CAN)",Victoria International Track Classic,16 JUN 2022,2022,8.,D,Continental Tour,7177155,worldwide
men_800m,Jesus Tonatiu LÓPEZ,02 AUG 1997,DNF,,MEX,"Centennial Stadium, Victoria (CAN)",Victoria International Track Classic,16 JUN 2022,2022,,D,Continental Tour,7177155,worldwide
men_800m,Shane STREICH,19 SEP 1996,DNF,,USA,"Centennial Stadium, Victoria (CAN)",Victoria International Track Classic,16 JUN 2022,2022,,D,Continental Tour,7177155,worldwide
men_800m,Tibo DE SMET,28 MAY 1999,1:46.54,,BEL,"Østerbro Stadion, København (DEN)",Copenhagen Athletics Games,16 JUN 2022,2022,1.,C,Continental Tour,7175714,worldwide
men_800m,Eduardo RIBEIRO,09 JAN 2001,1:47.18,,BRA,"Østerbro Stadion, København (DEN)",Copenhagen Athletics Games,16 JUN 2022,2022,2.,C,Continental Tour,7175714,worldwide
men_800m,Felix FRANCOIS,08 NOV 1990,1:47.43,,SWE,"Østerbro Stadion, København (DEN)",Copenhagen Athletics Games,16 JUN 2022,2022,3.,C,Continental Tour,7175714,worldwide
men_800m,Eric NZIKWINKUNDA,01 JAN 1997,1:45.54,,BDI,Castellón (ESP),IX GP Diputación de Castellón – VI Memorial JA Cansino,16 JUN 2022,2022,1.,D,Continental Tour,7182705,worldwide
men_800m,Abubaker Haydar ABDALLA,28 AUG 1996,1:45.70,,QAT,Castellón (ESP),IX GP Diputación de Castellón – VI Memorial JA Cansino,16 JUN 2022,2022,2.,D,Continental Tour,7182705,worldwide
men_800m,Alberto GUERRERO,04 APR 1995,1:45.84,,ESP,Castellón (ESP),IX GP Diputación de Castellón – VI Memorial JA Cansino,16 JUN 2022,2022,3.,D,Continental Tour,7182705,worldwide
men_800m,Mark ENGLISH,18 MAR 1993,1:46.02,,IRL,Castellón (ESP),IX GP Diputación de Castellón – VI Memorial JA Cansino,16 JUN 2022,2022,4.,D,Continental Tour,7182705,worldwide
men_800m,Eduardo ROMERO,27 JAN 1999,1:46.10,,ESP,Castellón (ESP),IX GP Diputación de Castellón – VI Memorial JA Cansino,16 JUN 2022,2022,5.,D,Continental Tour,7182705,worldwide
men_800m,Pablo SÁNCHEZ-VALLADARES,12 NOV 1997,1:46.74,,ESP,Castellón (ESP),IX GP Diputación de Castellón – VI Memorial JA Cansino,16 JUN 2022,2022,7.,D,Continental Tour,7182705,worldwide
men_800m,David BARROSO,21 AUG 2001,1:46.89,,ESP,Castellón (ESP),IX GP Diputación de Castellón – VI Memorial JA Cansino,16 JUN 2022,2022,8.,D,Continental Tour,7182705,worldwide
men_800m,Abdessalem AYOUNI,16 MAY 1994,1:46.12,,TUN,"Estadio Vallehermoso, Madrid (ESP)",Meeting Madrid,18 JUN 2022,2022,1.,B,Continental Tour,7173593,worldwide
men_800m,Saúl ORDÓÑEZ,10 APR 1994,1:46.24,,ESP,"Estadio Vallehermoso, Madrid (ESP)",Meeting Madrid,18 JUN 2022,2022,2.,B,Continental Tour,7173593,worldwide
men_800m,Abubaker Haydar ABDALLA,28 AUG 1996,1:46.28,,QAT,"Estadio Vallehermoso, Madrid (ESP)",Meeting Madrid,18 JUN 2022,2022,3.,B,Continental Tour,7173593,worldwide
men_800m,Alberto GUERRERO,04 APR 1995,1:46.36,,ESP,"Estadio Vallehermoso, Madrid (ESP)",Meeting Madrid,18 JUN 2022,2022,4.,B,Continental Tour,7173593,worldwide
men_800m,Mariano GARCÍA,25 SEP 1997,1:46.37,,ESP,"Estadio Vallehermoso, Madrid (ESP)",Meeting Madrid,18 JUN 2022,2022,5.,B,Continental Tour,7173593,worldwide
men_800m,Adrián BEN,04 AUG 1998,1:46.39,,ESP,"Estadio Vallehermoso, Madrid (ESP)",Meeting Madrid,18 JUN 2022,2022,6.,B,Continental Tour,7173593,worldwide
men_800m,Oussama NABIL,18 FEB 1996,1:46.68,,MAR,"Estadio Vallehermoso, Madrid (ESP)",Meeting Madrid,18 JUN 2022,2022,7.,B,Continental Tour,7173593,worldwide
men_800m,Abdelati EL GUESSE,27 FEB 1993,1:46.93,,MAR,"Estadio Vallehermoso, Madrid (ESP)",Meeting Madrid,18 JUN 2022,2022,8.,B,Continental Tour,7173593,worldwide
men_800m,Eric NZIKWINKUNDA,01 JAN 1997,1:46.97,,BDI,"Estadio Vallehermoso, Madrid (ESP)",Meeting Madrid,18 JUN 2022,2022,9.,B,Continental Tour,7173593,worldwide
men_800m,Ryan SÁNCHEZ,22 SEP 1998,1:47.40,,PUR,"Estadio Vallehermoso, Madrid (ESP)",Meeting Madrid,18 JUN 2022,2022,10.,B,Continental Tour,7173593,worldwide
men_800m,Pablo SÁNCHEZ-VALLADARES,12 NOV 1997,1:49.59,,ESP,"Estadio Vallehermoso, Madrid (ESP)",Meeting Madrid,18 JUN 2022,2022,11.,B,Continental Tour,7173593,worldwide
men_800m,Mohamed ATTAOUI,26 SEP 2001,1:46.94,,ESP,"Altamira estadioa, Ordizia (ESP)",VI Ordizia Sari Nagusia - Jose Antonio Pena Meeting,18 JUN 2022,2022,1.,D,Continental Tour,7176904,worldwide
men_800m,Estanislao Nicolas RUIZ,02 OCT 2000,1:49.19,,ESP,"Altamira estadioa, Ordizia (ESP)",VI Ordizia Sari Nagusia - Jose Antonio Pena Meeting,18 JUN 2022,2022,6.,D,Continental Tour,7176904,worldwide
men_800m,Riadh CHNINNI,15 MAR 1997,1:47.35,,TUN,"Stadion Radés, Radés (TUN)",Tunisian Championships,18 JUN 2022,2022,1.,B,National Championships,7186728,worldwide
men_800m,Marino BLOUDEK,18 JUL 1999,1:48.80,,CRO,"Stadionul de atletism ""Nicolae Mărășescu"", Craiova (ROU)",Balkan Championships,19 JUN 2022,2022,4.,B,Area Regional Champs,7186281,worldwide
men_800m,Eduardo RIBEIRO,09 JAN 2001,1:47.24,,BRA,Rio de Janeiro (BRA),Brazilian Championships,24 JUN 2022,2022,1.,B,National Championships,7186657,worldwide
men_800m,Guilherme KURTZ,27 AUG 1994,1:47.50,,BRA,Rio de Janeiro (BRA),Brazilian Championships,24 JUN 2022,2022,2.,B,National Championships,7186657,worldwide
men_800m,Leandro ALVES,04 AUG 1998,1:48.60,,BRA,Rio de Janeiro (BRA),Brazilian Championships,24 JUN 2022,2022,6.,B,National Championships,7186657,worldwide
men_800m,Matheus Americo MEDEIROS PESSOA,09 APR 1996,1:49.22,,BRA,Rio de Janeiro (BRA),Brazilian Championships,24 JUN 2022,2022,7.,B,National Championships,7186657,worldwide
men_800m,Marco AROP,20 SEP 1998,1:44.39,,CAN,"McLeod Stadium, Langley (CAN)",Bell Canadian Outdoor Championships,25 JUN 2022,2022,1.,B,National Championships,7185881,worldwide
men_800m,Brandon MCBRIDE,15 JUN 1994,1:45.15,,CAN,"McLeod Stadium, Langley (CAN)",Bell Canadian Outdoor Championships,25 JUN 2022,2022,2.,B,National Championships,7185881,worldwide
men_800m,Abdullahi HASSAN,28 JUL 2002,1:47.16,,CAN,"McLeod Stadium, Langley (CAN)",Bell Canadian Outdoor Championships,25 JUN 2022,2022,4.,B,National Championships,7185881,worldwide
men_800m,Bryce HOPPEL,05 SEP 1997,1:44.60,,USA,"Hayward Field, Eugene, OR (USA)",Toyota USATF Outdoor Championships,26 JUN 2022,2022,1.,B,National Championships,7183837,worldwide
men_800m,Jonah KOECH,12 DEC 1996,1:44.74,,USA,"Hayward Field, Eugene, OR (USA)",Toyota USATF Outdoor Championships,26 JUN 2022,2022,2.,B,National Championships,7183837,worldwide
men_800m,Brandon MILLER,30 JAN 2002,1:45.19,,USA,"Hayward Field, Eugene, OR (USA)",Toyota USATF Outdoor Championships,26 JUN 2022,2022,3.,B,National Championships,7183837,worldwide
men_800m,Clayton MURPHY,26 FEB 1995,1:45.23,,USA,"Hayward Field, Eugene, OR (USA)",Toyota USATF Outdoor Championships,26 JUN 2022,2022,4.,B,National Championships,7183837,worldwide
men_800m,Baylor FRANKLIN,09 FEB 2000,1:45.65,,USA,"Hayward Field, Eugene, OR (USA)",Toyota USATF Outdoor Championships,26 JUN 2022,2022,5.,B,National Championships,7183837,worldwide
men_800m,Isaiah HARRIS,18 OCT 1996,1:45.68,,USA,"Hayward Field, Eugene, OR (USA)",Toyota USATF Outdoor Championships,26 JUN 2022,2022,6.,B,National Championships,7183837,worldwide
men_800m,Erik SOWINSKI,21 DEC 1989,1:46.01,,USA,"Hayward Field, Eugene, OR (USA)",Toyota USATF Outdoor Championships,26 JUN 2022,2022,7.,B,National Championships,7183837,worldwide
men_800m,Brannon KIDDER,18 NOV 1993,1:46.09,,USA,"Hayward Field, Eugene, OR (USA)",Toyota USATF Outdoor Championships,26 JUN 2022,2022,8.,B,National Championships,7183837,worldwide
men_800m,Navasky ANDERSON,21 JAN 2000,1:48.53,,JAM,"National Stadium, Kingston (JAM)",Jamaican Championships,26 JUN 2022,2022,1.,B,National Championships,7186707,worldwide
men_800m,Marc REUTHER,23 JUN 1996,1:49.67,,GER,"Olympiastadion, Berlin (GER)",German Championships,26 JUN 2022,2022,3.,B,National Championships,7186684,worldwide
men_800m,Djoao LOBLES,14 JAN 2001,1:48.04,,NED,"Sportpark Orderbos, Apeldoorn (NED)",Dutch Championships,25 JUN 2022,2022,1.,B,National Championships,7186781,worldwide
men_800m,Max BURGIN,20 MAY 2002,1:44.54,,GBR,"Manchester Regional Arena, Manchester (GBR)",Müller UK Athletics Championships,26 JUN 2022,2022,1.,B,National Championships,7184306,worldwide
men_800m,Daniel ROWDEN,09 SEP 1997,1:45.58,,GBR,"Manchester Regional Arena, Manchester (GBR)",Müller UK Athletics Championships,26 JUN 2022,2022,2.,B,National Championships,7184306,worldwide
men_800m,Kyle LANGFORD,02 FEB 1996,1:46.34,,GBR,"Manchester Regional Arena, Manchester (GBR)",Müller UK Athletics Championships,26 JUN 2022,2022,3.,B,National Championships,7184306,worldwide
men_800m,Ben PATTISON,15 DEC 2001,1:46.75,,GBR,"Manchester Regional Arena, Manchester (GBR)",Müller UK Athletics Championships,26 JUN 2022,2022,4.,B,National Championships,7184306,worldwide
men_800m,Elliot GILES,26 MAY 1994,1:47.04,,GBR,"Manchester Regional Arena, Manchester (GBR)",Müller UK Athletics Championships,26 JUN 2022,2022,5.,B,National Championships,7184306,worldwide
men_800m,Samuel REARDON,30 OCT 2003,1:49.98,,GBR,"Manchester Regional Arena, Manchester (GBR)",Müller UK Athletics Championships,26 JUN 2022,2022,6.,B,National Championships,7184306,worldwide
men_800m,Alex BOTTERILL,18 JAN 2000,DNF,,GBR,"Manchester Regional Arena, Manchester (GBR)",Müller UK Athletics Championships,26 JUN 2022,2022,,B,National Championships,7184306,worldwide
men_800m,Abedin MUJEZINOVIĆ,02 JUN 1993,1:47.96,,BIH,"Stadion Kamberovića polje, Zenica (BIH)",Bosnia & Herzegovina Championships,25 JUN 2022,2022,1.,B,National Championships,7187050,worldwide
men_800m,Tom DRADRIGA,17 JUN 1996,1:47.11,,UGA,"Mandela National Stadium, Kampala (UGA)",Ugandan Championships,25 JUN 2022,2022,1.,B,National Championships,7186984,worldwide
men_800m,Tobias GRØNSTAD,06 JUL 2002,1:48.10,,NOR,"Øverlands Minde, Stjørdal (NOR)",Norwegian Championships,26 JUN 2022,2022,1.,B,National Championships,7186835,worldwide
men_800m,Sigurd TVEIT,16 MAR 2000,1:48.91,,NOR,"Øverlands Minde, Stjørdal (NOR)",Norwegian Championships,26 JUN 2022,2022,2.,B,National Championships,7186835,worldwide
men_800m,Kristian Uldbjerg HANSEN,15 AUG 1996,1:50.11,,DEN,"Skovdalen Stadion, Aalborg (DEN)",Danish Championships,26 JUN 2022,2022,1.,B,National Championships,7186831,worldwide
men_800m,Ivan PELIZZA,17 DEC 2000,1:51.47,,SUI,"Letzigrund, Zürich (SUI)",Swiss Championships,25 JUN 2022,2022,2.,B,National Championships,7183584,worldwide
men_800m,Ramon WIPFLI,30 JUN 2004,1:51.62,,SUI,"Letzigrund, Zürich (SUI)",Swiss Championships,25 JUN 2022,2022,3.,B,National Championships,7183584,worldwide
men_800m,Álvaro DE ARRIBA,02 JUN 1994,1:45.82,,ESP,"Estadio Enrique Lopez Cuenca, Nerja (ESP)",Spanish Championships,26 JUN 2022,2022,1.,B,National Championships,7186810,worldwide
men_800m,Adrián BEN,04 AUG 1998,1:46.01,,ESP,"Estadio Enrique Lopez Cuenca, Nerja (ESP)",Spanish Championships,26 JUN 2022,2022,2.,B,National Championships,7186810,worldwide
men_800m,Mariano GARCÍA,25 SEP 1997,1:46.04,,ESP,"Estadio Enrique Lopez Cuenca, Nerja (ESP)",Spanish Championships,26 JUN 2022,2022,3.,B,National Championships,7186810,worldwide
men_800m,Saúl ORDÓÑEZ,10 APR 1994,1:47.32,,ESP,"Estadio Enrique Lopez Cuenca, Nerja (ESP)",Spanish Championships,26 JUN 2022,2022,4.,B,National Championships,7186810,worldwide
men_800m,Pablo SÁNCHEZ-VALLADARES,12 NOV 1997,1:47.65,,ESP,"Estadio Enrique Lopez Cuenca, Nerja (ESP)",Spanish Championships,26 JUN 2022,2022,5.,B,National Championships,7186810,worldwide
men_800m,Alberto GUERRERO,04 APR 1995,1:47.94,,ESP,"Estadio Enrique Lopez Cuenca, Nerja (ESP)",Spanish Championships,26 JUN 2022,2022,6.,B,National Championships,7186810,worldwide
men_800m,Tibo DE SMET,28 MAY 1999,1:45.32,,BEL,"Atletiekstadium Gentbrugge, Gentbrugge (BEL)",Belgian Championships,26 JUN 2022,2022,1.,B,National Championships,7186791,worldwide
men_800m,Aurele VANDEPUTTE,14 MAY 1995,1:45.65,,BEL,"Atletiekstadium Gentbrugge, Gentbrugge (BEL)",Belgian Championships,26 JUN 2022,2022,2.,B,National Championships,7186791,worldwide
men_800m,Tarik MOUKRIME,03 MAR 1992,1:48.15,,BEL,"Atletiekstadium Gentbrugge, Gentbrugge (BEL)",Belgian Championships,26 JUN 2022,2022,3.,B,National Championships,7186791,worldwide
men_800m,Benjamin ROBERT,04 JAN 1998,1:48.58,,FRA,"Stade Helitas, Caen (FRA)",French Championships,25 JUN 2022,2022,1.,B,National Championships,7186790,worldwide
men_800m,Gabriel TUAL,09 APR 1998,1:48.89,,FRA,"Stade Helitas, Caen (FRA)",French Championships,25 JUN 2022,2022,2.,B,National Championships,7186790,worldwide
men_800m,Pierre-Ambroise BOSSE,11 MAY 1992,1:49.17,,FRA,"Stade Helitas, Caen (FRA)",French Championships,25 JUN 2022,2022,3.,B,National Championships,7186790,worldwide
men_800m,Yanis MEZIANE,26 JAN 2002,1:49.17,,FRA,"Stade Helitas, Caen (FRA)",French Championships,25 JUN 2022,2022,4.,B,National Championships,7186790,worldwide
men_800m,Anicet KOZAR,08 OCT 2001,1:49.69,,FRA,"Stade Helitas, Caen (FRA)",French Championships,25 JUN 2022,2022,5.,B,National Championships,7186790,worldwide
men_800m,Hugo HOUYEZ,16 DEC 1995,1:49.82,,FRA,"Stade Helitas, Caen (FRA)",French Championships,25 JUN 2022,2022,6.,B,National Championships,7186790,worldwide
men_800m,Nasredine KHATIR,30 JAN 1995,1:52.71,,FRA,"Stade Helitas, Caen (FRA)",French Championships,25 JUN 2022,2022,8.,B,National Championships,7186790,worldwide
men_800m,István SZÖGI,12 SEP 1995,1:48.75,,HUN,"Lantos Mihály Sportközpont, Budapest (HUN)",Hungarian Championships,26 JUN 2022,2022,2.,B,National Championships,7186789,worldwide
men_800m,Balázs VINDICS,28 MAR 1994,1:50.86,,HUN,"Lantos Mihály Sportközpont, Budapest (HUN)",Hungarian Championships,26 JUN 2022,2022,5.,B,National Championships,7186789,worldwide
men_800m,Catalin TECUCEANU,09 SEP 1999,1:46.62,,ITA,"Stadio Guidobaldi, Rieti (ITA)",Italian Championships,26 JUN 2022,2022,1.,B,National Championships,7186733,worldwide
men_800m,Simone BARONTINI,05 JAN 1999,1:47.63,,ITA,"Stadio Guidobaldi, Rieti (ITA)",Italian Championships,26 JUN 2022,2022,2.,B,National Championships,7186733,worldwide
men_800m,Francesco PERNICI,18 FEB 2003,1:48.18,,ITA,"Stadio Guidobaldi, Rieti (ITA)",Italian Championships,26 JUN 2022,2022,4.,B,National Championships,7186733,worldwide
men_800m,Filip ŠNEJDR,16 APR 1995,1:47.16,,CZE,"Stadion U Červených domků, Hodonín (CZE)",Czech Championships,25 JUN 2022,2022,2.,B,National Championships,7186145,worldwide
men_800m,Jakub DAVIDÍK,20 JAN 2002,1:48.23,,CZE,"Stadion U Červených domků, Hodonín (CZE)",Czech Championships,25 JUN 2022,2022,3.,B,National Championships,7186145,worldwide
men_800m,Joonas RINNE,20 MAY 1995,1:48.10,,FIN,"Raatin Stadion, Oulu (FIN)",Finnish Championships,25 JUN 2022,2022,1.,B,National Championships,7186836,worldwide
men_800m,Mark ENGLISH,18 MAR 1993,1:48.46,,IRL,"Morton Stadium, Santry, Dublin (IRL)",Irish Championships,26 JUN 2022,2022,1.,B,National Championships,7186834,worldwide
men_800m,John FITZSIMONS,05 MAY 1998,1:49.10,,IRL,"Morton Stadium, Santry, Dublin (IRL)",Irish Championships,26 JUN 2022,2022,2.,B,National Championships,7186834,worldwide
men_800m,Djamel SEDJATI,03 MAY 1999,1:44.52,,ALG,"Stade Complexe Olympique, Oran (ALG)",XIX Mediterranean Games,03 JUL 2022,2022,1.,C,Area Regional Champs,7147629,worldwide
men_800m,Yassine HETHAT,30 AUG 1991,1:44.79,,ALG,"Stade Complexe Olympique, Oran (ALG)",XIX Mediterranean Games,03 JUL 2022,2022,2.,C,Area Regional Champs,7147629,worldwide
men_800m,Catalin TECUCEANU,09 SEP 1999,1:44.97,,ITA,"Stade Complexe Olympique, Oran (ALG)",XIX Mediterranean Games,03 JUL 2022,2022,3.,C,Area Regional Champs,7147629,worldwide
men_800m,Abdessalem AYOUNI,16 MAY 1994,1:44.99,,TUN,"Stade Complexe Olympique, Oran (ALG)",XIX Mediterranean Games,03 JUL 2022,2022,4.,C,Area Regional Champs,7147629,worldwide
men_800m,Riadh CHNINNI,15 MAR 1997,1:45.46,,TUN,"Stade Complexe Olympique, Oran (ALG)",XIX Mediterranean Games,03 JUL 2022,2022,5.,C,Area Regional Champs,7147629,worldwide
men_800m,Simone BARONTINI,05 JAN 1999,1:45.92,,ITA,"Stade Complexe Olympique, Oran (ALG)",XIX Mediterranean Games,03 JUL 2022,2022,6.,C,Area Regional Champs,7147629,worldwide
men_800m,Abdelati EL GUESSE,27 FEB 1993,1:46.28,,MAR,"Stade Complexe Olympique, Oran (ALG)",XIX Mediterranean Games,03 JUL 2022,2022,7.,C,Area Regional Champs,7147629,worldwide
men_800m,José Carlos PINTO,03 MAY 1997,1:46.73,,POR,"Stade Complexe Olympique, Oran (ALG)",XIX Mediterranean Games,03 JUL 2022,2022,8.,C,Area Regional Champs,7147629,worldwide
men_800m,Jens MERGENTHALER,13 JUN 1997,1:49.44,,GER,"Michael-Hoffmann-Stadion, Mannheim (GER)",BAUHAUS Junioren Gala,02 JUL 2022,2022,1.,D,Continental Tour,7176902,worldwide
men_800m,Kyle LANGFORD,02 FEB 1996,1:46.81,,GBR,"Morton Stadium, Santry, Dublin (IRL)",Morton Games,02 JUL 2022,2022,1.,D,Continental Tour,7176903,worldwide
men_800m,Jye PERROTT,06 AUG 1998,1:47.16,,AUS,"Morton Stadium, Santry, Dublin (IRL)",Morton Games,02 JUL 2022,2022,2.,D,Continental Tour,7176903,worldwide
men_800m,Joonas RINNE,20 MAY 1995,1:48.09,,FIN,"Morton Stadium, Santry, Dublin (IRL)",Morton Games,02 JUL 2022,2022,4.,D,Continental Tour,7176903,worldwide
men_800m,Finley MCLEAR,25 MAY 2000,1:50.40,,GBR,"Morton Stadium, Santry, Dublin (IRL)",Morton Games,02 JUL 2022,2022,7.,D,Continental Tour,7176903,worldwide
men_800m,Cian MCPHILLIPS,07 JUN 2002,1:50.54,,IRL,"Morton Stadium, Santry, Dublin (IRL)",Morton Games,02 JUL 2022,2022,8.,D,Continental Tour,7176903,worldwide
men_800m,Alex AMANKWA,02 MAR 1992,1:45.14,,GHA,"Marietta, GA (USA)",Stars and Stripes Classic,02 JUL 2022,2022,1.,C,Continental Tour,7175378,worldwide
men_800m,Jesus Tonatiu LÓPEZ,02 AUG 1997,1:45.30,,MEX,"Marietta, GA (USA)",Stars and Stripes Classic,02 JUL 2022,2022,2.,C,Continental Tour,7175378,worldwide
men_800m,Edose IBADIN,27 FEB 1993,1:46.53,,NGR,"Marietta, GA (USA)",Stars and Stripes Classic,02 JUL 2022,2022,4.,C,Continental Tour,7175378,worldwide
men_800m,Quamel PRINCE,20 APR 1994,1:46.70,,GUY,"Marietta, GA (USA)",Stars and Stripes Classic,02 JUL 2022,2022,5.,C,Continental Tour,7175378,worldwide
men_800m,Peter BOL,22 FEB 1994,1:44.26,,AUS,"Stadion De Veen, Heusden-Zolder (BEL)",Night of Athletics,02 JUL 2022,2022,1.,C,Continental Tour,7173617,worldwide
men_800m,Collins KIPRUTO,12 APR 1994,1:44.59,,KEN,"Stadion De Veen, Heusden-Zolder (BEL)",Night of Athletics,02 JUL 2022,2022,2.,C,Continental Tour,7173617,worldwide
men_800m,Tibo DE SMET,28 MAY 1999,1:44.89,,BEL,"Stadion De Veen, Heusden-Zolder (BEL)",Night of Athletics,02 JUL 2022,2022,3.,C,Continental Tour,7173617,worldwide
men_800m,Jamie WEBB,01 JUN 1994,1:45.39,,GBR,"Stadion De Veen, Heusden-Zolder (BEL)",Night of Athletics,02 JUL 2022,2022,4.,C,Continental Tour,7173617,worldwide
men_800m,Cornelius TUWEI,24 MAY 1993,1:45.58,,KEN,"Stadion De Veen, Heusden-Zolder (BEL)",Night of Athletics,02 JUL 2022,2022,5.,C,Continental Tour,7173617,worldwide
men_800m,Djoao LOBLES,14 JAN 2001,1:46.02,,NED,"Stadion De Veen, Heusden-Zolder (BEL)",Night of Athletics,02 JUL 2022,2022,6.,C,Continental Tour,7173617,worldwide
men_800m,Aurele VANDEPUTTE,14 MAY 1995,1:46.40,,BEL,"Stadion De Veen, Heusden-Zolder (BEL)",Night of Athletics,02 JUL 2022,2022,8.,C,Continental Tour,7173617,worldwide
men_800m,James PRESTON,08 MAY 1997,1:47.17,,NZL,"Stadion De Veen, Heusden-Zolder (BEL)",Night of Athletics,02 JUL 2022,2022,9.,C,Continental Tour,7173617,worldwide
men_800m,Elias NGENY,04 MAY 1996,1:45.39,,KEN,"Stade Raymond Petit, Tomblaine (FRA)",Meeting Stanislas Nancy,02 JUL 2022,2022,1.,C,Continental Tour,7173618,worldwide
men_800m,Kacper LEWALSKI,07 MAY 2003,1:46.60,,POL,"Stade Raymond Petit, Tomblaine (FRA)",Meeting Stanislas Nancy,02 JUL 2022,2022,2.,C,Continental Tour,7173618,worldwide
men_800m,Oussama NABIL,18 FEB 1996,1:46.62,,MAR,"Stade Raymond Petit, Tomblaine (FRA)",Meeting Stanislas Nancy,02 JUL 2022,2022,3.,C,Continental Tour,7173618,worldwide
men_800m,Anicet KOZAR,08 OCT 2001,1:46.92,,FRA,"Stade Raymond Petit, Tomblaine (FRA)",Meeting Stanislas Nancy,02 JUL 2022,2022,4.,C,Continental Tour,7173618,worldwide
men_800m,Filip ŠNEJDR,16 APR 1995,1:47.16,,CZE,"Stade Raymond Petit, Tomblaine (FRA)",Meeting Stanislas Nancy,02 JUL 2022,2022,5.,C,Continental Tour,7173618,worldwide
men_800m,Hugo HOUYEZ,16 DEC 1995,1:47.42,,FRA,"Stade Raymond Petit, Tomblaine (FRA)",Meeting Stanislas Nancy,02 JUL 2022,2022,6.,C,Continental Tour,7173618,worldwide
men_800m,Pierre-Ambroise BOSSE,11 MAY 1992,2:20.69,,FRA,"Stade Raymond Petit, Tomblaine (FRA)",Meeting Stanislas Nancy,02 JUL 2022,2022,8.,C,Continental Tour,7173618,worldwide
men_800m,Amel TUKA,09 JAN 1991,DNF,,BIH,"Stade Raymond Petit, Tomblaine (FRA)",Meeting Stanislas Nancy,02 JUL 2022,2022,,C,Continental Tour,7173618,worldwide
men_800m,Andreas KRAMER,13 APR 1997,1:46.55,,SWE,"Tingvalla IP, Karlstad (SWE)",Karlstad GP,03 JUL 2022,2022,1.,C,Continental Tour,7173619,worldwide
men_800m,Tobias GRØNSTAD,06 JUL 2002,1:46.83,,NOR,"Tingvalla IP, Karlstad (SWE)",Karlstad GP,03 JUL 2022,2022,2.,C,Continental Tour,7173619,worldwide
men_800m,Felix FRANCOIS,08 NOV 1990,1:47.66,,SWE,"Tingvalla IP, Karlstad (SWE)",Karlstad GP,03 JUL 2022,2022,3.,C,Continental Tour,7173619,worldwide
men_800m,Sigurd TVEIT,16 MAR 2000,1:47.66,,NOR,"Tingvalla IP, Karlstad (SWE)",Karlstad GP,03 JUL 2022,2022,4.,C,Continental Tour,7173619,worldwide
men_800m,Samuel PIHLSTRÖM,08 MAR 2001,1:49.32,,SWE,"Tingvalla IP, Karlstad (SWE)",Karlstad GP,03 JUL 2022,2022,5.,C,Continental Tour,7173619,worldwide
men_800m,Boitumelo MASILO,05 AUG 1995,DNF,,BOT,"Tingvalla IP, Karlstad (SWE)",Karlstad GP,03 JUL 2022,2022,,C,Continental Tour,7173619,worldwide
men_800m,Marco AROP,20 SEP 1998,1:43.61,,CAN,"Foote Field, Edmonton (CAN)",2022 Pre World Championships Invitational,03 JUL 2022,2022,1.,B,Continental Tour,7174924,worldwide
men_800m,Robert HEPPENSTALL,28 FEB 1997,1:46.44,,CAN,"Foote Field, Edmonton (CAN)",2022 Pre World Championships Invitational,03 JUL 2022,2022,2.,B,Continental Tour,7174924,worldwide
men_800m,Charles PHILIBERT-THIBOUTOT,31 DEC 1990,1:47.79,,CAN,"Foote Field, Edmonton (CAN)",2022 Pre World Championships Invitational,03 JUL 2022,2022,3.,B,Continental Tour,7174924,worldwide
men_800m,Cameron PROCEVIAT,20 SEP 1993,1:48.23,,CAN,"Foote Field, Edmonton (CAN)",2022 Pre World Championships Invitational,03 JUL 2022,2022,4.,B,Continental Tour,7174924,worldwide
men_800m,Emmanuel Kipkurui KORIR,15 JUN 1995,1:48.17,,KEN,"Stade Sottevillais 76, Sotteville-lès-Rouen (FRA)",Meeting International de Sotteville 2022,04 JUL 2022,2022,1.,C,Continental Tour,7173621,worldwide
men_800m,Elias NGENY,04 MAY 1996,1:48.64,,KEN,"Stade Sottevillais 76, Sotteville-lès-Rouen (FRA)",Meeting International de Sotteville 2022,04 JUL 2022,2022,2.,C,Continental Tour,7173621,worldwide
men_800m,Abedin MUJEZINOVIĆ,02 JUN 1993,1:49.01,,BIH,"Stade Sottevillais 76, Sotteville-lès-Rouen (FRA)",Meeting International de Sotteville 2022,04 JUL 2022,2022,3.,C,Continental Tour,7173621,worldwide
men_800m,Ramzi ABDENOUZ,23 MAY 1993,1:49.05,,ALG,"Stade Sottevillais 76, Sotteville-lès-Rouen (FRA)",Meeting International de Sotteville 2022,04 JUL 2022,2022,4.,C,Continental Tour,7173621,worldwide
men_800m,Filip ŠNEJDR,16 APR 1995,1:49.37,,CZE,"Stade Sottevillais 76, Sotteville-lès-Rouen (FRA)",Meeting International de Sotteville 2022,04 JUL 2022,2022,5.,C,Continental Tour,7173621,worldwide
men_800m,Yanis MEZIANE,26 JAN 2002,1:49.44,,FRA,"Stade Sottevillais 76, Sotteville-lès-Rouen (FRA)",Meeting International de Sotteville 2022,04 JUL 2022,2022,6.,C,Continental Tour,7173621,worldwide
men_800m,Cornelius TUWEI,24 MAY 1993,1:49.46,,KEN,"Stade Sottevillais 76, Sotteville-lès-Rouen (FRA)",Meeting International de Sotteville 2022,04 JUL 2022,2022,7.,C,Continental Tour,7173621,worldwide
men_800m,Paul ANSELMINI,02 AUG 2003,1:49.61,,FRA,"Stade Sottevillais 76, Sotteville-lès-Rouen (FRA)",Meeting International de Sotteville 2022,04 JUL 2022,2022,9.,C,Continental Tour,7173621,worldwide
men_800m,Oussama NABIL,18 FEB 1996,1:46.47,,MAR,"Estadi Joan Serrahima, Barcelona (ESP)",Miting Internacional d’Atletisme Ciutat de Barcelona,05 JUL 2022,2022,1.,D,Continental Tour,7185584,worldwide
men_800m,Amel TUKA,09 JAN 1991,1:47.19,,BIH,"Estadi Joan Serrahima, Barcelona (ESP)",Miting Internacional d’Atletisme Ciutat de Barcelona,05 JUL 2022,2022,3.,D,Continental Tour,7185584,worldwide
men_800m,Eduardo ROMERO,27 JAN 1999,1:48.03,,ESP,"Estadi Joan Serrahima, Barcelona (ESP)",Miting Internacional d’Atletisme Ciutat de Barcelona,05 JUL 2022,2022,5.,D,Continental Tour,7185584,worldwide
men_800m,Mohamed ATTAOUI,26 SEP 2001,1:48.21,,ESP,"Estadi Joan Serrahima, Barcelona (ESP)",Miting Internacional d’Atletisme Ciutat de Barcelona,05 JUL 2022,2022,7.,D,Continental Tour,7185584,worldwide
men_800m,Elvin Josué CANALES,05 SEP 2001,1:49.99,,HON,"Estadi Joan Serrahima, Barcelona (ESP)",Miting Internacional d’Atletisme Ciutat de Barcelona,05 JUL 2022,2022,11.,D,Continental Tour,7185584,worldwide
men_800m,Filip OSTROWSKI,12 JUL 2001,1:47.14,,POL,"Munster Technological University Track, Cork (IRL)",Cork City Sports,05 JUL 2022,2022,2.,C,Continental Tour,7173622,worldwide
men_800m,Jye PERROTT,06 AUG 1998,1:47.38,,AUS,"Munster Technological University Track, Cork (IRL)",Cork City Sports,05 JUL 2022,2022,3.,C,Continental Tour,7173622,worldwide
men_800m,Guy LEARMONTH,20 APR 1992,1:47.86,,GBR,"Munster Technological University Track, Cork (IRL)",Cork City Sports,05 JUL 2022,2022,5.,C,Continental Tour,7173622,worldwide
men_800m,Joonas RINNE,20 MAY 1995,1:48.07,,FIN,"Munster Technological University Track, Cork (IRL)",Cork City Sports,05 JUL 2022,2022,6.,C,Continental Tour,7173622,worldwide
men_800m,Ethan HUSSEY,05 MAR 2003,1:48.63,,GBR,"Munster Technological University Track, Cork (IRL)",Cork City Sports,05 JUL 2022,2022,7.,C,Continental Tour,7173622,worldwide
men_800m,Charlie HUNTER,20 JUL 1996,1:47.00,,AUS,"Griswold Stadium, Portland, OR (USA)",Stumptown Twilight Meet,08 JUL 2022,2022,1.,C,Continental Tour,7184845,worldwide
men_800m,Vincent CIATTEI,21 JAN 1995,1:49.08,,USA,"Griswold Stadium, Portland, OR (USA)",Stumptown Twilight Meet,08 JUL 2022,2022,3.,C,Continental Tour,7184845,worldwide
men_800m,Junya MATSUMOTO,28 SEP 2000,1:49.63,,JPN,"Griswold Stadium, Portland, OR (USA)",Stumptown Twilight Meet,08 JUL 2022,2022,4.,C,Continental Tour,7184845,worldwide
men_800m,Hamza DRIOUCH,16 NOV 1994,1:50.67,,QAT,"Griswold Stadium, Portland, OR (USA)",Stumptown Twilight Meet,08 JUL 2022,2022,6.,C,Continental Tour,7184845,worldwide
men_800m,Mikuto KANEKO,06 NOV 2001,1:53.26,,JPN,"Griswold Stadium, Portland, OR (USA)",Stumptown Twilight Meet,08 JUL 2022,2022,7.,C,Continental Tour,7184845,worldwide
men_800m,Festus LAGAT,10 OCT 1996,1:44.81,,KEN,"Jack Kemp Stadium - Occidental College, Los Angeles, CA (USA)",Sunset Tour - Occidental College,09 JUL 2022,2022,1.,C,Continental Tour,7181795,worldwide
men_800m,Isaiah HARRIS,18 OCT 1996,1:46.16,,USA,"Jack Kemp Stadium - Occidental College, Los Angeles, CA (USA)",Sunset Tour - Occidental College,09 JUL 2022,2022,2.,C,Continental Tour,7181795,worldwide
men_800m,Neil GOURLEY,07 FEB 1995,1:46.66,,GBR,"Jack Kemp Stadium - Occidental College, Los Angeles, CA (USA)",Sunset Tour - Occidental College,09 JUL 2022,2022,4.,C,Continental Tour,7181795,worldwide
men_800m,Isaiah JEWETT,06 FEB 1997,1:46.85,,USA,"Jack Kemp Stadium - Occidental College, Los Angeles, CA (USA)",Sunset Tour - Occidental College,09 JUL 2022,2022,5.,C,Continental Tour,7181795,worldwide
men_800m,Josh HOEY,01 NOV 1999,1:47.48,,USA,"Jack Kemp Stadium - Occidental College, Los Angeles, CA (USA)",Sunset Tour - Occidental College,09 JUL 2022,2022,7.,C,Continental Tour,7181795,worldwide
men_800m,Paul RYAN,29 MAY 1997,1:48.82,,USA,"Jack Kemp Stadium - Occidental College, Los Angeles, CA (USA)",Sunset Tour - Occidental College,09 JUL 2022,2022,8.,C,Continental Tour,7181795,worldwide
men_800m,Vincent CRISP,17 AUG 1997,DNF,,USA,"Jack Kemp Stadium - Occidental College, Los Angeles, CA (USA)",Sunset Tour - Occidental College,09 JUL 2022,2022,,C,Continental Tour,7181795,worldwide
men_800m,Jack LUNN,16 OCT 2001,1:50.98,,AUS,"Tullamore Harriers AC Stadium, Tullamore (IRL)",AAI Games,23 JUL 2022,2022,2.,D,Continental Tour,7176909,worldwide
men_800m,Hafid RIZQY,26 OCT 1997,1:46.26,,MAR,"Complexe Sportif Prince Moulay Abdellah, Rabat (MAR)",Moroccan Championships,24 JUL 2022,2022,1.,B,National Championships,7188932,worldwide
men_800m,Joonas RINNE,20 MAY 1995,1:46.36,,FIN,"Harjun stadion, Jyväskylä (FIN)",Motonet GP,26 JUL 2022,2022,1.,D,Continental Tour,7176910,worldwide
men_800m,Filip OSTROWSKI,12 JUL 2001,1:47.38,,POL,"Harjun stadion, Jyväskylä (FIN)",Motonet GP,26 JUL 2022,2022,4.,D,Continental Tour,7176910,worldwide
men_800m,Simone BARONTINI,05 JAN 1999,1:46.74,,ITA,"Hällåsens IP, Söderhamn (SWE)",Folksam GP Söderhamn,26 JUL 2022,2022,1.,D,Continental Tour,7176911,worldwide
men_800m,Felix FRANCOIS,08 NOV 1990,1:47.19,,SWE,"Hällåsens IP, Söderhamn (SWE)",Folksam GP Söderhamn,26 JUL 2022,2022,2.,D,Continental Tour,7176911,worldwide
men_800m,Sigurd TVEIT,16 MAR 2000,1:48.28,,NOR,"Hällåsens IP, Söderhamn (SWE)",Folksam GP Söderhamn,26 JUL 2022,2022,3.,D,Continental Tour,7176911,worldwide
men_800m,Josh HOEY,01 NOV 1999,1:48.69,,USA,"Billy J. Murphy Track and Field Complex, Memphis, TN (USA)",Murphey Classic,29 JUL 2022,2022,1.,B,Continental Tour,7175379,worldwide
men_800m,Robby ANDREWS,29 MAR 1991,1:50.04,,USA,"Billy J. Murphy Track and Field Complex, Memphis, TN (USA)",Murphey Classic,29 JUL 2022,2022,5.,B,Continental Tour,7175379,worldwide
men_800m,Andreas KRAMER,13 APR 1997,1:47.53,,SWE,"Slottsskogsvallen, Göteborg (SWE)",Gothenburg Athletics GP,30 JUL 2022,2022,1.,C,Continental Tour,7173623,worldwide
men_800m,Sigurd TVEIT,16 MAR 2000,1:47.96,,NOR,"Slottsskogsvallen, Göteborg (SWE)",Gothenburg Athletics GP,30 JUL 2022,2022,2.,C,Continental Tour,7173623,worldwide
men_800m,Abubaker Haydar ABDALLA,28 AUG 1996,1:46.05,,QAT,"Stadio G. Teghil, Lignano Sabbiadoro (ITA)",33° Meeting Internazionale Sport e Solidarieta,30 JUL 2022,2022,1.,D,Continental Tour,7176912,worldwide
men_800m,Riadh CHNINNI,15 MAR 1997,1:46.05,,TUN,"Stadio G. Teghil, Lignano Sabbiadoro (ITA)",33° Meeting Internazionale Sport e Solidarieta,30 JUL 2022,2022,2.,D,Continental Tour,7176912,worldwide
men_800m,Konstantin TOLOKONNIKOV,26 FEB 1996,1:45.86,,RUS,"Olympic Stadium, Cheboksary (RUS)",Russian Championships,03 AUG 2022,2022,1.,B,National Championships,7188669,worldwide
men_800m,Konstantin KHOLMOGOROV,07 FEB 1996,1:46.37,,ANA,"Olympic Stadium, Cheboksary (RUS)",Russian Championships,03 AUG 2022,2022,2.,B,National Championships,7188669,worldwide
men_800m,Andreas KRAMER,13 APR 1997,1:47.79,,SWE,"Norrköpings Friidrottsarena, Norrköping (SWE)",Swedish Championships,07 AUG 2022,2022,1.,B,National Championships,7188725,worldwide
men_800m,Felix FRANCOIS,08 NOV 1990,1:49.85,,SWE,"Norrköpings Friidrottsarena, Norrköping (SWE)",Swedish Championships,07 AUG 2022,2022,2.,B,National Championships,7188725,worldwide
men_800m,Nicholas KIPLAGAT,07 JUN 1995,1:45.49,,KEN,"Bregyó Athletic Center, Székesfehérvár (HUN)",Gyulai István Memorial - Hungarian Athletics Grand Prix,08 AUG 2022,2022,1.,A,Continental Tour,7155613,worldwide
men_800m,John FITZSIMONS,05 MAY 1998,1:45.70,,IRL,"Bregyó Athletic Center, Székesfehérvár (HUN)",Gyulai István Memorial - Hungarian Athletics Grand Prix,08 AUG 2022,2022,2.,A,Continental Tour,7155613,worldwide
men_800m,Isaiah JEWETT,06 FEB 1997,1:45.70,,USA,"Bregyó Athletic Center, Székesfehérvár (HUN)",Gyulai István Memorial - Hungarian Athletics Grand Prix,08 AUG 2022,2022,3.,A,Continental Tour,7155613,worldwide
men_800m,Erik SOWINSKI,21 DEC 1989,1:46.43,,USA,"Bregyó Athletic Center, Székesfehérvár (HUN)",Gyulai István Memorial - Hungarian Athletics Grand Prix,08 AUG 2022,2022,4.,A,Continental Tour,7155613,worldwide
men_800m,Dániel HULLER,10 MAY 2001,1:46.51,,HUN,"Bregyó Athletic Center, Székesfehérvár (HUN)",Gyulai István Memorial - Hungarian Athletics Grand Prix,08 AUG 2022,2022,5.,A,Continental Tour,7155613,worldwide
men_800m,Amel TUKA,09 JAN 1991,1:46.77,,BIH,"Bregyó Athletic Center, Székesfehérvár (HUN)",Gyulai István Memorial - Hungarian Athletics Grand Prix,08 AUG 2022,2022,6.,A,Continental Tour,7155613,worldwide
men_800m,Jakub DAVIDÍK,20 JAN 2002,1:47.37,,CZE,"Bregyó Athletic Center, Székesfehérvár (HUN)",Gyulai István Memorial - Hungarian Athletics Grand Prix,08 AUG 2022,2022,8.,A,Continental Tour,7155613,worldwide
men_800m,Collins KIPRUTO,12 APR 1994,1:47.77,,KEN,"Bregyó Athletic Center, Székesfehérvár (HUN)",Gyulai István Memorial - Hungarian Athletics Grand Prix,08 AUG 2022,2022,9.,A,Continental Tour,7155613,worldwide
men_800m,István SZÖGI,12 SEP 1995,1:47.89,,HUN,"Bregyó Athletic Center, Székesfehérvár (HUN)",Gyulai István Memorial - Hungarian Athletics Grand Prix,08 AUG 2022,2022,10.,A,Continental Tour,7155613,worldwide
men_800m,Balázs VINDICS,28 MAR 1994,1:47.99,,HUN,"Bregyó Athletic Center, Székesfehérvár (HUN)",Gyulai István Memorial - Hungarian Athletics Grand Prix,08 AUG 2022,2022,11.,A,Continental Tour,7155613,worldwide
men_800m,Taylor MCLAUGHLIN,03 AUG 1997,DNF,,USA,"Bregyó Athletic Center, Székesfehérvár (HUN)",Gyulai István Memorial - Hungarian Athletics Grand Prix,08 AUG 2022,2022,,A,Continental Tour,7155613,worldwide
men_800m,Mariano GARCÍA,25 SEP 1997,1:44.85,,ESP,"Olympiastadion, München (GER)",European Athletics Championships,21 AUG 2022,2022,1.,GL,Area Champs,7147634,worldwide
men_800m,Jake WIGHTMAN,11 JUL 1994,1:44.91,,GBR,"Olympiastadion, München (GER)",European Athletics Championships,21 AUG 2022,2022,2.,GL,Area Champs,7147634,worldwide
men_800m,Mark ENGLISH,18 MAR 1993,1:45.19,,IRL,"Olympiastadion, München (GER)",European Athletics Championships,21 AUG 2022,2022,3.,GL,Area Champs,7147634,worldwide
men_800m,Andreas KRAMER,13 APR 1997,1:45.38,,SWE,"Olympiastadion, München (GER)",European Athletics Championships,21 AUG 2022,2022,4.,GL,Area Champs,7147634,worldwide
men_800m,Benjamin ROBERT,04 JAN 1998,1:45.42,,FRA,"Olympiastadion, München (GER)",European Athletics Championships,21 AUG 2022,2022,5.,GL,Area Champs,7147634,worldwide
men_800m,Ben PATTISON,15 DEC 2001,1:45.63,,GBR,"Olympiastadion, München (GER)",European Athletics Championships,21 AUG 2022,2022,6.,GL,Area Champs,7147634,worldwide
men_800m,Simone BARONTINI,05 JAN 1999,1:45.66,,ITA,"Olympiastadion, München (GER)",European Athletics Championships,21 AUG 2022,2022,7.,GL,Area Champs,7147634,worldwide
men_800m,Eliott CRESTAN,22 FEB 1999,1:45.68,,BEL,"Olympiastadion, München (GER)",European Athletics Championships,21 AUG 2022,2022,8.,GL,Area Champs,7147634,worldwide
men_800m,Jonah KOECH,12 DEC 1996,1:45.87,,USA,"Grand Bahama Sports Complex, Freeport (BAH)",NACAC Championships,20 AUG 2022,2022,1.,GL,Area Champs,7147635,worldwide
men_800m,Handal ROBAN,05 SEP 2002,1:47.03,,VIN,"Grand Bahama Sports Complex, Freeport (BAH)",NACAC Championships,20 AUG 2022,2022,2.,GL,Area Champs,7147635,worldwide
men_800m,Brannon KIDDER,18 NOV 1993,1:47.63,,USA,"Grand Bahama Sports Complex, Freeport (BAH)",NACAC Championships,20 AUG 2022,2022,3.,GL,Area Champs,7147635,worldwide
men_800m,Ryan SÁNCHEZ,22 SEP 1998,1:47.66,,PUR,"Grand Bahama Sports Complex, Freeport (BAH)",NACAC Championships,20 AUG 2022,2022,4.,GL,Area Champs,7147635,worldwide
men_800m,Robert HEPPENSTALL,28 FEB 1997,1:52.36,,CAN,"Grand Bahama Sports Complex, Freeport (BAH)",NACAC Championships,20 AUG 2022,2022,5.,GL,Area Champs,7147635,worldwide
men_800m,Collins KIPRUTO,12 APR 1994,1:44.42,,KEN,"Wieslaw Maniak Municipal Athletic Stadium, Szczecin (POL)",5. Memoriał Wiesława Maniaka,24 AUG 2022,2022,1.,D,Continental Tour,7189239,worldwide
men_800m,Patryk DOBEK,13 FEB 1994,1:45.04,,POL,"Wieslaw Maniak Municipal Athletic Stadium, Szczecin (POL)",5. Memoriał Wiesława Maniaka,24 AUG 2022,2022,2.,D,Continental Tour,7189239,worldwide
men_800m,Koitatoi KIDALI,12 FEB 2003,1:45.24,,KEN,"Wieslaw Maniak Municipal Athletic Stadium, Szczecin (POL)",5. Memoriał Wiesława Maniaka,24 AUG 2022,2022,3.,D,Continental Tour,7189239,worldwide
men_800m,Sigurd TVEIT,16 MAR 2000,1:45.89,,NOR,"Wieslaw Maniak Municipal Athletic Stadium, Szczecin (POL)",5. Memoriał Wiesława Maniaka,24 AUG 2022,2022,4.,D,Continental Tour,7189239,worldwide
men_800m,Elliot GILES,26 MAY 1994,1:46.65,,GBR,"Wieslaw Maniak Municipal Athletic Stadium, Szczecin (POL)",5. Memoriał Wiesława Maniaka,24 AUG 2022,2022,5.,D,Continental Tour,7189239,worldwide
men_800m,Filip SASÍNEK,08 JAN 1996,1:46.66,,CZE,"Wieslaw Maniak Municipal Athletic Stadium, Szczecin (POL)",5. Memoriał Wiesława Maniaka,24 AUG 2022,2022,6.,D,Continental Tour,7189239,worldwide
men_800m,Jakub DAVIDÍK,20 JAN 2002,1:47.08,,CZE,"Wieslaw Maniak Municipal Athletic Stadium, Szczecin (POL)",5. Memoriał Wiesława Maniaka,24 AUG 2022,2022,7.,D,Continental Tour,7189239,worldwide
men_800m,Filip OSTROWSKI,12 JUL 2001,1:48.13,,POL,"Wieslaw Maniak Municipal Athletic Stadium, Szczecin (POL)",5. Memoriał Wiesława Maniaka,24 AUG 2022,2022,8.,D,Continental Tour,7189239,worldwide
men_800m,Patryk SIERADZKI,06 OCT 1998,DNF,,POL,"Wieslaw Maniak Municipal Athletic Stadium, Szczecin (POL)",5. Memoriał Wiesława Maniaka,24 AUG 2022,2022,,D,Continental Tour,7189239,worldwide
men_800m,Collins KIPRUTO,12 APR 1994,1:45.43,,KEN,"Stadion Manfort, Leverkusen (GER)",#True Athletes Classics,28 AUG 2022,2022,1.,C,Continental Tour,7173624,worldwide
men_800m,Erik SOWINSKI,21 DEC 1989,1:47.21,,USA,"Stadion Manfort, Leverkusen (GER)",#True Athletes Classics,28 AUG 2022,2022,2.,C,Continental Tour,7173624,worldwide
men_800m,Karl BEBENDORF,07 MAY 1996,1:47.30,,GER,"Stadion Manfort, Leverkusen (GER)",#True Athletes Classics,28 AUG 2022,2022,3.,C,Continental Tour,7173624,worldwide
men_800m,Patryk SIERADZKI,06 OCT 1998,1:47.32,,POL,"Stadion Manfort, Leverkusen (GER)",#True Athletes Classics,28 AUG 2022,2022,4.,C,Continental Tour,7173624,worldwide
men_800m,Craig ENGELS,01 MAY 1994,1:47.85,,USA,"Stadion Manfort, Leverkusen (GER)",#True Athletes Classics,28 AUG 2022,2022,5.,C,Continental Tour,7173624,worldwide
men_800m,Marc REUTHER,23 JUN 1996,1:48.46,,GER,"Stadion Manfort, Leverkusen (GER)",#True Athletes Classics,28 AUG 2022,2022,6.,C,Continental Tour,7173624,worldwide
men_800m,Guy LEARMONTH,20 APR 1992,1:49.17,,GBR,"Stadion Manfort, Leverkusen (GER)",#True Athletes Classics,28 AUG 2022,2022,7.,C,Continental Tour,7173624,worldwide
men_800m,Mikuto KANEKO,06 NOV 2001,1:49.64,,JPN,"Stadion Manfort, Leverkusen (GER)",#True Athletes Classics,28 AUG 2022,2022,8.,C,Continental Tour,7173624,worldwide
men_800m,Kyle LANGFORD,02 FEB 1996,1:44.49,,GBR,"Stadio Quercia, Rovereto (ITA)",58. Palio Città della Quercia,30 AUG 2022,2022,1.,B,Continental Tour,7173595,worldwide
men_800m,Moad ZAHAFI,09 MAY 1998,1:44.57,,MAR,"Stadio Quercia, Rovereto (ITA)",58. Palio Città della Quercia,30 AUG 2022,2022,2.,B,Continental Tour,7173595,worldwide
men_800m,Collins KIPRUTO,12 APR 1994,1:44.90,,KEN,"Stadio Quercia, Rovereto (ITA)",58. Palio Città della Quercia,30 AUG 2022,2022,3.,B,Continental Tour,7173595,worldwide
men_800m,Simone BARONTINI,05 JAN 1999,1:44.96,,ITA,"Stadio Quercia, Rovereto (ITA)",58. Palio Città della Quercia,30 AUG 2022,2022,4.,B,Continental Tour,7173595,worldwide
men_800m,Abubaker Haydar ABDALLA,28 AUG 1996,1:45.43,,QAT,"Stadio Quercia, Rovereto (ITA)",58. Palio Città della Quercia,30 AUG 2022,2022,5.,B,Continental Tour,7173595,worldwide
men_800m,Elias NGENY,04 MAY 1996,1:45.48,,KEN,"Stadio Quercia, Rovereto (ITA)",58. Palio Città della Quercia,30 AUG 2022,2022,6.,B,Continental Tour,7173595,worldwide
men_800m,Djoao LOBLES,14 JAN 2001,1:46.03,,NED,"Stadio Quercia, Rovereto (ITA)",58. Palio Città della Quercia,30 AUG 2022,2022,7.,B,Continental Tour,7173595,worldwide
men_800m,Amel TUKA,09 JAN 1991,1:46.21,,BIH,"Stadio Quercia, Rovereto (ITA)",58. Palio Città della Quercia,30 AUG 2022,2022,8.,B,Continental Tour,7173595,worldwide
men_800m,Samuel PRAKEL,29 OCT 1994,1:48.28,,USA,"Stadio Quercia, Rovereto (ITA)",58. Palio Città della Quercia,30 AUG 2022,2022,9.,B,Continental Tour,7173595,worldwide
men_800m,Erik SOWINSKI,21 DEC 1989,DNF,,USA,"Stadio Quercia, Rovereto (ITA)",58. Palio Città della Quercia,30 AUG 2022,2022,,B,Continental Tour,7173595,worldwide
men_800m,Dániel HULLER,10 MAY 2001,1:46.08,,HUN,"Lantos Mihály Sportközpont, Budapest (HUN)",Hungarian GP Series - Budapest,02 SEP 2022,2022,1.,C,Continental Tour,7173627,worldwide
men_800m,Koitatoi KIDALI,12 FEB 2003,1:46.45,,KEN,"Lantos Mihály Sportközpont, Budapest (HUN)",Hungarian GP Series - Budapest,02 SEP 2022,2022,2.,C,Continental Tour,7173627,worldwide
men_800m,Erik SOWINSKI,21 DEC 1989,1:47.03,,USA,"Lantos Mihály Sportközpont, Budapest (HUN)",Hungarian GP Series - Budapest,02 SEP 2022,2022,3.,C,Continental Tour,7173627,worldwide
men_800m,Balázs VINDICS,28 MAR 1994,1:48.19,,HUN,"Lantos Mihály Sportközpont, Budapest (HUN)",Hungarian GP Series - Budapest,02 SEP 2022,2022,4.,C,Continental Tour,7173627,worldwide
men_800m,István SZÖGI,12 SEP 1995,1:48.84,,HUN,"Lantos Mihály Sportközpont, Budapest (HUN)",Hungarian GP Series - Budapest,02 SEP 2022,2022,5.,C,Continental Tour,7173627,worldwide
men_800m,Andreas KRAMER,13 APR 1997,1:48.25,,SWE,"Olympiastadion, Helsinki (FIN)",Finnkampen,03 SEP 2022,2022,1.,D,Continental Tour,7176915,worldwide
men_800m,Joonas RINNE,20 MAY 1995,1:48.34,,FIN,"Olympiastadion, Helsinki (FIN)",Finnkampen,03 SEP 2022,2022,2.,D,Continental Tour,7176915,worldwide
men_800m,Felix FRANCOIS,08 NOV 1990,1:49.30,,SWE,"Olympiastadion, Helsinki (FIN)",Finnkampen,03 SEP 2022,2022,5.,D,Continental Tour,7176915,worldwide
men_800m,Erik SOWINSKI,21 DEC 1989,1:46.75,,USA,"Sportcentrum, Pápa (HUN)",Hungarian GP Series - Pápa,06 SEP 2022,2022,1.,C,Continental Tour,7173625,worldwide
men_800m,Cole HOCKER,06 JUN 2001,1:47.59,,USA,"Sportcentrum, Pápa (HUN)",Hungarian GP Series - Pápa,06 SEP 2022,2022,2.,C,Continental Tour,7173625,worldwide
men_800m,Balázs VINDICS,28 MAR 1994,1:49.32,,HUN,"Sportcentrum, Pápa (HUN)",Hungarian GP Series - Pápa,06 SEP 2022,2022,3.,C,Continental Tour,7173625,worldwide
men_800m,Dániel HULLER,10 MAY 2001,DNF,,HUN,"Sportcentrum, Pápa (HUN)",Hungarian GP Series - Pápa,06 SEP 2022,2022,,C,Continental Tour,7173625,worldwide
men_800m,Koitatoi KIDALI,12 FEB 2003,DQ,,KEN,"Sportcentrum, Pápa (HUN)",Hungarian GP Series - Pápa,06 SEP 2022,2022,,C,Continental Tour,7173625,worldwide
men_800m,Dániel HULLER,10 MAY 2001,1:45.68,,HUN,"Sports Park Mladost, Zagreb (CRO)",Memorial Borisa Hanžekovića,11 SEP 2022,2022,1.,A,Continental Tour,7154943,worldwide
men_800m,Sigurd TVEIT,16 MAR 2000,1:45.86,,NOR,"Sports Park Mladost, Zagreb (CRO)",Memorial Borisa Hanžekovića,11 SEP 2022,2022,2.,A,Continental Tour,7154943,worldwide
men_800m,Amel TUKA,09 JAN 1991,1:45.87,,BIH,"Sports Park Mladost, Zagreb (CRO)",Memorial Borisa Hanžekovića,11 SEP 2022,2022,3.,A,Continental Tour,7154943,worldwide
men_800m,Marino BLOUDEK,18 JUL 1999,1:47.51,,CRO,"Sports Park Mladost, Zagreb (CRO)",Memorial Borisa Hanžekovića,11 SEP 2022,2022,6.,A,Continental Tour,7154943,worldwide
men_800m,Josh HOEY,01 NOV 1999,1:48.02,,USA,"Sports Park Mladost, Zagreb (CRO)",Memorial Borisa Hanžekovića,11 SEP 2022,2022,7.,A,Continental Tour,7154943,worldwide
men_800m,Peter BOL,22 FEB 1994,1:45.23,,AUS,"AIS Athletics Track, Canberra (AUS)",Canberra Track Classic,11 MAR 2021,2021,1.,C,Continental Tour,7156030,worldwide
men_800m,Brad MATHAS,24 JUN 1993,1:46.01,,NZL,"AIS Athletics Track, Canberra (AUS)",Canberra Track Classic,11 MAR 2021,2021,2.,C,Continental Tour,7156030,worldwide
men_800m,Jeffrey RISELEY,11 NOV 1986,1:47.10,,AUS,"AIS Athletics Track, Canberra (AUS)",Canberra Track Classic,11 MAR 2021,2021,4.,C,Continental Tour,7156030,worldwide
men_800m,Luke MATHEWS,21 JUN 1995,1:48.11,,AUS,"AIS Athletics Track, Canberra (AUS)",Canberra Track Classic,11 MAR 2021,2021,5.,C,Continental Tour,7156030,worldwide
men_800m,Mason COHEN,19 SEP 1996,1:48.55,,AUS,"AIS Athletics Track, Canberra (AUS)",Canberra Track Classic,11 MAR 2021,2021,6.,C,Continental Tour,7156030,worldwide
men_800m,Jordan WILLIAMSZ,21 AUG 1992,1:48.76,,AUS,"AIS Athletics Track, Canberra (AUS)",Canberra Track Classic,11 MAR 2021,2021,7.,C,Continental Tour,7156030,worldwide
men_800m,Joseph DENG,07 JUL 1998,DNF,,AUS,"AIS Athletics Track, Canberra (AUS)",Canberra Track Classic,11 MAR 2021,2021,,C,Continental Tour,7156030,worldwide
men_800m,Peter BOL,22 FEB 1994,1:46.12,,AUS,"SOPAC, Sydney (AUS)",Sydney Track Classic,13 MAR 2021,2021,1.,C,Continental Tour,7156034,worldwide
men_800m,Jack LUNN,16 OCT 2001,1:46.71,,AUS,"SOPAC, Sydney (AUS)",Sydney Track Classic,13 MAR 2021,2021,2.,C,Continental Tour,7156034,worldwide
men_800m,Jeffrey RISELEY,11 NOV 1986,1:46.86,,AUS,"SOPAC, Sydney (AUS)",Sydney Track Classic,13 MAR 2021,2021,3.,C,Continental Tour,7156034,worldwide
men_800m,Brad MATHAS,24 JUN 1993,1:47.15,,NZL,"SOPAC, Sydney (AUS)",Sydney Track Classic,13 MAR 2021,2021,4.,C,Continental Tour,7156034,worldwide
men_800m,Mason COHEN,19 SEP 1996,1:48.72,,AUS,"SOPAC, Sydney (AUS)",Sydney Track Classic,13 MAR 2021,2021,7.,C,Continental Tour,7156034,worldwide
men_800m,Luke MATHEWS,21 JUN 1995,DNF,,AUS,"SOPAC, Sydney (AUS)",Sydney Track Classic,13 MAR 2021,2021,,C,Continental Tour,7156034,worldwide
men_800m,Joseph DENG,07 JUL 1998,DNF,,AUS,"SOPAC, Sydney (AUS)",Sydney Track Classic,13 MAR 2021,2021,,C,Continental Tour,7156034,worldwide
men_800m,James PRESTON,08 MAY 1997,1:48.49,,NZL,"Hawke's Bay Sports Park, Hastings (NZL)",New Zealand Championships,26 MAR 2021,2021,1.,B,National Championships,7163366,worldwide
men_800m,Peter BOL,22 FEB 1994,1:45.48,,AUS,"QSAC State Athletics Facility, Nathan, Brisbane (AUS)",Queensland Track Classic,27 MAR 2021,2021,1.,B,Continental Tour,7156035,worldwide
men_800m,Brad MATHAS,24 JUN 1993,1:46.43,,NZL,"QSAC State Athletics Facility, Nathan, Brisbane (AUS)",Queensland Track Classic,27 MAR 2021,2021,2.,B,Continental Tour,7156035,worldwide
men_800m,Mason COHEN,19 SEP 1996,1:49.27,,AUS,"QSAC State Athletics Facility, Nathan, Brisbane (AUS)",Queensland Track Classic,27 MAR 2021,2021,3.,B,Continental Tour,7156035,worldwide
men_800m,Luke MATHEWS,21 JUN 1995,1:54.82,,AUS,"QSAC State Athletics Facility, Nathan, Brisbane (AUS)",Queensland Track Classic,27 MAR 2021,2021,5.,B,Continental Tour,7156035,worldwide
men_800m,Joshua ATKINSON,25 MAY 2003,DNF,,AUS,"QSAC State Athletics Facility, Nathan, Brisbane (AUS)",Queensland Track Classic,27 MAR 2021,2021,,B,Continental Tour,7156035,worldwide
men_800m,Ermias GIRMA,20 JAN 2005,1:47.6h,,ETH,Addis Ababa (ETH),Ethiopian Championships,08 APR 2021,2021,1.,B,National Championships,7164023,worldwide
men_800m,Temam TURA,01 AUG 1998,1:48.1h,,ETH,Addis Ababa (ETH),Ethiopian Championships,08 APR 2021,2021,3.,B,National Championships,7164023,worldwide
men_800m,Adisu GIRMA,10 DEC 1999,1:48.2h,,ETH,Addis Ababa (ETH),Ethiopian Championships,08 APR 2021,2021,4.,B,National Championships,7164023,worldwide
men_800m,Efrem MEKONNEN,31 JAN 2001,1:48.5h,,ETH,Addis Ababa (ETH),Ethiopian Championships,08 APR 2021,2021,5.,B,National Championships,7164023,worldwide
men_800m,Abraham ALVARADO,04 AUG 1995,1:47.29,,USA,"Ansin Sports Complex, Miramar, FL (USA)",Miramar Invitational,10 APR 2021,2021,1.,B,Continental Tour,7162665,worldwide
men_800m,Kameron JONES,12 NOV 1997,1:47.33,,USA,"Ansin Sports Complex, Miramar, FL (USA)",Miramar Invitational,10 APR 2021,2021,2.,B,Continental Tour,7162665,worldwide
men_800m,Robert DOWNS,17 AUG 1994,1:49.34,,USA,"Ansin Sports Complex, Miramar, FL (USA)",Miramar Invitational,10 APR 2021,2021,4.,B,Continental Tour,7162665,worldwide
men_800m,Andrés ARROYO,07 JUN 1995,1:50.21,,PUR,"Ansin Sports Complex, Miramar, FL (USA)",Miramar Invitational,10 APR 2021,2021,5.,B,Continental Tour,7162665,worldwide
men_800m,Matthew CENTROWITZ,18 OCT 1989,1:50.97,,USA,"Ansin Sports Complex, Miramar, FL (USA)",Miramar Invitational,10 APR 2021,2021,6.,B,Continental Tour,7162665,worldwide
men_800m,Brandon LASATER,09 OCT 1992,1:51.19,,USA,"Ansin Sports Complex, Miramar, FL (USA)",Miramar Invitational,10 APR 2021,2021,7.,B,Continental Tour,7162665,worldwide
men_800m,Lucirio GARRIDO,08 APR 1992,1:50.75,,VEN,"Polideportivo Agustin Tovar, Barinas (VEN)",Venezulean Championships,15 APR 2021,2021,2.,B,National Championships,7164214,worldwide
men_800m,Tshepo TSHITE,15 JAN 1997,1:45.79,,RSA,"Bestmed Tuks Stadium, Pretoria (RSA)",South African Championships,17 APR 2021,2021,1.,B,National Championships,7164150,worldwide
men_800m,Kabelo Simon MOHLOSI,20 JAN 1993,1:49.49,,RSA,"Bestmed Tuks Stadium, Pretoria (RSA)",South African Championships,17 APR 2021,2021,6.,B,National Championships,7164150,worldwide
men_800m,Peter BOL,22 FEB 1994,1:49.27,,AUS,"SOPAC, Sydney (AUS)",Australian Championships,17 APR 2021,2021,1.,B,National Championships,7164182,worldwide
men_800m,Jack LUNN,16 OCT 2001,1:49.80,,AUS,"SOPAC, Sydney (AUS)",Australian Championships,17 APR 2021,2021,3.,B,National Championships,7164182,worldwide
men_800m,Jye PERROTT,06 AUG 1998,1:49.99,,AUS,"SOPAC, Sydney (AUS)",Australian Championships,17 APR 2021,2021,4.,B,National Championships,7164182,worldwide
men_800m,Mason COHEN,19 SEP 1996,1:50.50,,AUS,"SOPAC, Sydney (AUS)",Australian Championships,17 APR 2021,2021,7.,B,National Championships,7164182,worldwide
men_800m,Chamar CHAMBERS,31 OCT 1997,1:56.79,,PAN,Panama City (PAN),Panamanian Championships,17 APR 2021,2021,1.,B,National Championships,7164409,worldwide
men_800m,Michael SARUNI,18 JUN 1995,1:46.64,,KEN,"Hayward Field, Eugene, OR (USA)",USATF Grand Prix,24 APR 2021,2021,1.,A,Continental Tour,7163085,worldwide
men_800m,Isaiah HARRIS,18 OCT 1996,1:46.92,,USA,"Hayward Field, Eugene, OR (USA)",USATF Grand Prix,24 APR 2021,2021,2.,A,Continental Tour,7163085,worldwide
men_800m,Charlie HUNTER,20 JUL 1996,1:47.20,,AUS,"Hayward Field, Eugene, OR (USA)",USATF Grand Prix,24 APR 2021,2021,3.,A,Continental Tour,7163085,worldwide
men_800m,Erik SOWINSKI,21 DEC 1989,1:47.73,,USA,"Hayward Field, Eugene, OR (USA)",USATF Grand Prix,24 APR 2021,2021,4.,A,Continental Tour,7163085,worldwide
men_800m,Samuel ELLISON,05 DEC 1992,1:47.75,,USA,"Hayward Field, Eugene, OR (USA)",USATF Grand Prix,24 APR 2021,2021,5.,A,Continental Tour,7163085,worldwide
men_800m,Guy LEARMONTH,20 APR 1992,1:48.22,,GBR,"Hayward Field, Eugene, OR (USA)",USATF Grand Prix,24 APR 2021,2021,6.,A,Continental Tour,7163085,worldwide
men_800m,Hiroki MINAMOTO,24 NOV 1999,1:47.71,,JPN,"Prefectural Shizuoka Stadium, Fukuroi (JPN)",Shizuoka International Athletics Meet,03 MAY 2021,2021,1.,C,Continental Tour,7162933,worldwide
men_800m,Bryce HOPPEL,05 SEP 1997,1:44.94,,USA,"Hilmer Lodge Stadium, Walnut, CA (USA)",USATF Golden Games,09 MAY 2021,2021,1.,A,Continental Tour,7163086,worldwide
men_800m,Michael SARUNI,18 JUN 1995,1:45.18,,KEN,"Hilmer Lodge Stadium, Walnut, CA (USA)",USATF Golden Games,09 MAY 2021,2021,2.,A,Continental Tour,7163086,worldwide
men_800m,Clayton MURPHY,26 FEB 1995,1:45.31,,USA,"Hilmer Lodge Stadium, Walnut, CA (USA)",USATF Golden Games,09 MAY 2021,2021,3.,A,Continental Tour,7163086,worldwide
men_800m,Isaiah HARRIS,18 OCT 1996,1:45.50,,USA,"Hilmer Lodge Stadium, Walnut, CA (USA)",USATF Golden Games,09 MAY 2021,2021,4.,A,Continental Tour,7163086,worldwide
men_800m,Josh KERR,08 OCT 1997,1:45.74,,GBR,"Hilmer Lodge Stadium, Walnut, CA (USA)",USATF Golden Games,09 MAY 2021,2021,5.,A,Continental Tour,7163086,worldwide
men_800m,Erik SOWINSKI,21 DEC 1989,1:46.53,,USA,"Hilmer Lodge Stadium, Walnut, CA (USA)",USATF Golden Games,09 MAY 2021,2021,6.,A,Continental Tour,7163086,worldwide
men_800m,Michael RHOADS,,1:46.73,,USA,"Hilmer Lodge Stadium, Walnut, CA (USA)",USATF Golden Games,09 MAY 2021,2021,7.,A,Continental Tour,7163086,worldwide
men_800m,Guy LEARMONTH,20 APR 1992,1:46.85,,GBR,"Hilmer Lodge Stadium, Walnut, CA (USA)",USATF Golden Games,09 MAY 2021,2021,8.,A,Continental Tour,7163086,worldwide
men_800m,Kyle LANGFORD,02 FEB 1996,1:47.08,,GBR,"Hilmer Lodge Stadium, Walnut, CA (USA)",USATF Golden Games,09 MAY 2021,2021,9.,A,Continental Tour,7163086,worldwide
men_800m,Sho KAWAMOTO,01 MAR 1993,1:49.02,,JPN,"National Stadium, Tokyo (JPN)","""READY STEADY TOKYO - Athletics""",09 MAY 2021,2021,1.,A,Continental Tour,7158571,worldwide
men_800m,Junya MATSUMOTO,28 SEP 2000,1:49.48,,JPN,"National Stadium, Tokyo (JPN)","""READY STEADY TOKYO - Athletics""",09 MAY 2021,2021,3.,A,Continental Tour,7158571,worldwide
men_800m,Daichi SETOGUCHI,04 AUG 1998,1:50.99,,JPN,"National Stadium, Tokyo (JPN)","""READY STEADY TOKYO - Athletics""",09 MAY 2021,2021,9.,A,Continental Tour,7158571,worldwide
men_800m,Jesus Tonatiu LÓPEZ,02 AUG 1997,1:46.59,,MEX,"Irvine, CA (USA)",Track Meet,15 MAY 2021,2021,1.,C,Continental Tour,7165257,worldwide
men_800m,Kyle LANGFORD,02 FEB 1996,1:47.00,,GBR,"Irvine, CA (USA)",Track Meet,15 MAY 2021,2021,2.,C,Continental Tour,7165257,worldwide
men_800m,Brannon KIDDER,18 NOV 1993,1:47.70,,USA,"Irvine, CA (USA)",Track Meet,15 MAY 2021,2021,3.,C,Continental Tour,7165257,worldwide
men_800m,Guy LEARMONTH,20 APR 1992,1:47.90,,GBR,"Irvine, CA (USA)",Track Meet,15 MAY 2021,2021,4.,C,Continental Tour,7165257,worldwide
men_800m,Drew WINDLE,22 JUL 1992,1:48.55,,USA,"Irvine, CA (USA)",Track Meet,15 MAY 2021,2021,5.,C,Continental Tour,7165257,worldwide
men_800m,Charlie DA'VALL GRICE,07 NOV 1993,1:49.26,,GBR,"Irvine, CA (USA)",Track Meet,15 MAY 2021,2021,6.,C,Continental Tour,7165257,worldwide
men_800m,Tshepiso MASALELA,25 MAY 1999,1:46.97,,BOT,"National Stadium, Gaborone (BOT)",Botswana Championships,16 MAY 2021,2021,1.,B,National Championships,7166343,worldwide
men_800m,Tumo NKAPE,24 JUN 1998,1:48.53,,BOT,"National Stadium, Gaborone (BOT)",Botswana Championships,16 MAY 2021,2021,2.,B,National Championships,7166343,worldwide
men_800m,Max BURGIN,20 MAY 2002,1:44.14,,GBR,"Mestský Stadion, Ostrava (CZE)",60th Ostrava Golden Spike,19 MAY 2021,2021,1.,A,Continental Tour,7147588,worldwide
men_800m,Tony VAN DIEPEN,17 APR 1996,1:45.36,,NED,"Mestský Stadion, Ostrava (CZE)",60th Ostrava Golden Spike,19 MAY 2021,2021,2.,A,Continental Tour,7147588,worldwide
men_800m,Jake WIGHTMAN,11 JUL 1994,1:45.47,,GBR,"Mestský Stadion, Ostrava (CZE)",60th Ostrava Golden Spike,19 MAY 2021,2021,3.,A,Continental Tour,7147588,worldwide
men_800m,Mateusz BORKOWSKI,02 APR 1997,1:45.74,,POL,"Mestský Stadion, Ostrava (CZE)",60th Ostrava Golden Spike,19 MAY 2021,2021,4.,A,Continental Tour,7147588,worldwide
men_800m,Patryk DOBEK,13 FEB 1994,1:45.88,,POL,"Mestský Stadion, Ostrava (CZE)",60th Ostrava Golden Spike,19 MAY 2021,2021,5.,A,Continental Tour,7147588,worldwide
men_800m,Saúl ORDÓÑEZ,10 APR 1994,1:46.23,,ESP,"Mestský Stadion, Ostrava (CZE)",60th Ostrava Golden Spike,19 MAY 2021,2021,6.,A,Continental Tour,7147588,worldwide
men_800m,John FITZSIMONS,05 MAY 1998,1:46.62,,IRL,"Mestský Stadion, Ostrava (CZE)",60th Ostrava Golden Spike,19 MAY 2021,2021,7.,A,Continental Tour,7147588,worldwide
men_800m,Amel TUKA,09 JAN 1991,1:46.64,,BIH,"Mestský Stadion, Ostrava (CZE)",60th Ostrava Golden Spike,19 MAY 2021,2021,8.,A,Continental Tour,7147588,worldwide
men_800m,Filip ŠNEJDR,16 APR 1995,1:46.68,,CZE,"Mestský Stadion, Ostrava (CZE)",60th Ostrava Golden Spike,19 MAY 2021,2021,9.,A,Continental Tour,7147588,worldwide
men_800m,Adam KSZCZOT,02 SEP 1989,1:47.49,,POL,"Mestský Stadion, Ostrava (CZE)",60th Ostrava Golden Spike,19 MAY 2021,2021,10.,A,Continental Tour,7147588,worldwide
men_800m,Mark ENGLISH,18 MAR 1993,1:47.85,,IRL,"Mestský Stadion, Ostrava (CZE)",60th Ostrava Golden Spike,19 MAY 2021,2021,11.,A,Continental Tour,7147588,worldwide
men_800m,Adisu GIRMA,10 DEC 1999,1:48.48,,ETH,"Mestský Stadion, Ostrava (CZE)",60th Ostrava Golden Spike,19 MAY 2021,2021,12.,A,Continental Tour,7147588,worldwide
men_800m,Benjamin ROBERT,04 JAN 1998,1:45.79,,FRA,"Paul-Greifzu-Stadion, Dessau (GER)",Anhalt 2021,21 MAY 2021,2021,1.,C,Continental Tour,7155957,worldwide
men_800m,Mateusz BORKOWSKI,02 APR 1997,1:46.01,,POL,"Paul-Greifzu-Stadion, Dessau (GER)",Anhalt 2021,21 MAY 2021,2021,2.,C,Continental Tour,7155957,worldwide
men_800m,Alex BOTTERILL,18 JAN 2000,1:46.52,,GBR,"Paul-Greifzu-Stadion, Dessau (GER)",Anhalt 2021,21 MAY 2021,2021,3.,C,Continental Tour,7155957,worldwide
men_800m,Gabriel TUAL,09 APR 1998,1:46.77,,FRA,"Paul-Greifzu-Stadion, Dessau (GER)",Anhalt 2021,21 MAY 2021,2021,4.,C,Continental Tour,7155957,worldwide
men_800m,Catalin TECUCEANU,09 SEP 1999,1:46.78,,ROU,"Paul-Greifzu-Stadion, Dessau (GER)",Anhalt 2021,21 MAY 2021,2021,5.,C,Continental Tour,7155957,worldwide
men_800m,Ben PATTISON,15 DEC 2001,1:46.84,,GBR,"Paul-Greifzu-Stadion, Dessau (GER)",Anhalt 2021,21 MAY 2021,2021,6.,C,Continental Tour,7155957,worldwide
men_800m,Christoph KESSLER,28 APR 1995,1:47.01,,GER,"Paul-Greifzu-Stadion, Dessau (GER)",Anhalt 2021,21 MAY 2021,2021,7.,C,Continental Tour,7155957,worldwide
men_800m,Ebrahim Remaid ALZOFAIRI,08 MAY 1989,1:48.95,,KUW,Al-Kuwait (KUW),Kuwait Championships,21 MAY 2021,2021,1.,B,National Championships,7169765,worldwide
men_800m,Michał ROZMYS,13 MAR 1995,1:47.02,,POL,"Bungertstadion, Rehlingen (GER)",56. Internationales Pfingstsportfest,23 MAY 2021,2021,1.,C,Continental Tour,7155941,worldwide
men_800m,Eliott CRESTAN,22 FEB 1999,1:47.10,,BEL,"Bungertstadion, Rehlingen (GER)",56. Internationales Pfingstsportfest,23 MAY 2021,2021,2.,C,Continental Tour,7155941,worldwide
men_800m,Renaud ROSIERE,27 SEP 1993,1:47.51,,FRA,"Bungertstadion, Rehlingen (GER)",56. Internationales Pfingstsportfest,23 MAY 2021,2021,3.,C,Continental Tour,7155941,worldwide
men_800m,Balázs VINDICS,28 MAR 1994,1:47.87,,HUN,"Bungertstadion, Rehlingen (GER)",56. Internationales Pfingstsportfest,23 MAY 2021,2021,4.,C,Continental Tour,7155941,worldwide
men_800m,Thiago ANDRÉ,04 AUG 1995,1:45.62,,BRA,"Estadio Alberto Spencer Herrera, Guayaquil (ECU)",South American Championships,31 MAY 2021,2021,1.,GL,Area Champs,7166669,worldwide
men_800m,Quamel PRINCE,20 APR 1994,1:49.48,,GUY,"Estadio Alberto Spencer Herrera, Guayaquil (ECU)",South American Championships,31 MAY 2021,2021,5.,GL,Area Champs,7166669,worldwide
men_800m,Eduardo RIBEIRO,09 JAN 2001,1:50.72,,BRA,"Estadio Alberto Spencer Herrera, Guayaquil (ECU)",South American Championships,31 MAY 2021,2021,6.,GL,Area Champs,7166669,worldwide
men_800m,Patryk DOBEK,13 FEB 1994,1:44.76,,POL,"Stade des Grands Pêchers, Montreuil (FRA)",Meeting International de Montreuil,01 JUN 2021,2021,1.,C,Continental Tour,7155950,worldwide
men_800m,Collins KIPRUTO,12 APR 1994,1:44.80,,KEN,"Stade des Grands Pêchers, Montreuil (FRA)",Meeting International de Montreuil,01 JUN 2021,2021,2.,C,Continental Tour,7155950,worldwide
men_800m,Cornelius TUWEI,24 MAY 1993,1:45.37,,KEN,"Stade des Grands Pêchers, Montreuil (FRA)",Meeting International de Montreuil,01 JUN 2021,2021,3.,C,Continental Tour,7155950,worldwide
men_800m,Benjamin ROBERT,04 JAN 1998,1:45.74,,FRA,"Stade des Grands Pêchers, Montreuil (FRA)",Meeting International de Montreuil,01 JUN 2021,2021,4.,C,Continental Tour,7155950,worldwide
men_800m,Nasredine KHATIR,30 JAN 1995,1:46.12,,FRA,"Stade des Grands Pêchers, Montreuil (FRA)",Meeting International de Montreuil,01 JUN 2021,2021,5.,C,Continental Tour,7155950,worldwide
men_800m,Gabriel TUAL,09 APR 1998,1:46.42,,FRA,"Stade des Grands Pêchers, Montreuil (FRA)",Meeting International de Montreuil,01 JUN 2021,2021,6.,C,Continental Tour,7155950,worldwide
men_800m,Alexis MIELLET,05 MAY 1995,1:46.49,,FRA,"Stade des Grands Pêchers, Montreuil (FRA)",Meeting International de Montreuil,01 JUN 2021,2021,7.,C,Continental Tour,7155950,worldwide
men_800m,Filip ŠNEJDR,16 APR 1995,1:46.64,,CZE,"Stade des Grands Pêchers, Montreuil (FRA)",Meeting International de Montreuil,01 JUN 2021,2021,8.,C,Continental Tour,7155950,worldwide
men_800m,Renaud ROSIERE,27 SEP 1993,1:47.35,,FRA,"Stade des Grands Pêchers, Montreuil (FRA)",Meeting International de Montreuil,01 JUN 2021,2021,9.,C,Continental Tour,7155950,worldwide
men_800m,Aymeric LUSINE,13 SEP 1995,1:47.59,,FRA,"Stade des Grands Pêchers, Montreuil (FRA)",Meeting International de Montreuil,01 JUN 2021,2021,10.,C,Continental Tour,7155950,worldwide
men_800m,Adam KSZCZOT,02 SEP 1989,1:48.23,,POL,"Stade des Grands Pêchers, Montreuil (FRA)",Meeting International de Montreuil,01 JUN 2021,2021,11.,C,Continental Tour,7155950,worldwide
men_800m,Daniel ROWDEN,09 SEP 1997,1:45.64,,GBR,"Slottsskogsvallen, Göteborg (SWE)",Göteborg Friidrott GP,02 JUN 2021,2021,1.,C,Continental Tour,7155956,worldwide
men_800m,Robert FARKEN,20 SEP 1997,1:45.80,,GER,"Slottsskogsvallen, Göteborg (SWE)",Göteborg Friidrott GP,02 JUN 2021,2021,2.,C,Continental Tour,7155956,worldwide
men_800m,Tony VAN DIEPEN,17 APR 1996,1:46.45,,NED,"Slottsskogsvallen, Göteborg (SWE)",Göteborg Friidrott GP,02 JUN 2021,2021,3.,C,Continental Tour,7155956,worldwide
men_800m,Žan RUDOLF,09 MAY 1993,1:46.80,,SLO,"Slottsskogsvallen, Göteborg (SWE)",Göteborg Friidrott GP,02 JUN 2021,2021,4.,C,Continental Tour,7155956,worldwide
men_800m,Johan ROGESTEDT,27 JAN 1993,1:46.89,,SWE,"Slottsskogsvallen, Göteborg (SWE)",Göteborg Friidrott GP,02 JUN 2021,2021,5.,C,Continental Tour,7155956,worldwide
men_800m,Christoph KESSLER,28 APR 1995,1:47.02,,GER,"Slottsskogsvallen, Göteborg (SWE)",Göteborg Friidrott GP,02 JUN 2021,2021,6.,C,Continental Tour,7155956,worldwide
men_800m,Jeremiah Kipkorir MUTAI,27 DEC 1992,1:48.10,,KEN,"Slottsskogsvallen, Göteborg (SWE)",Göteborg Friidrott GP,02 JUN 2021,2021,8.,C,Continental Tour,7155956,worldwide
men_800m,Andreas KRAMER,13 APR 1997,DNF,,SWE,"Slottsskogsvallen, Göteborg (SWE)",Göteborg Friidrott GP,02 JUN 2021,2021,,C,Continental Tour,7155956,worldwide
men_800m,Julian RANC,14 SEP 1996,DNF,,FRA,"Slottsskogsvallen, Göteborg (SWE)",Göteborg Friidrott GP,02 JUN 2021,2021,,C,Continental Tour,7155956,worldwide
men_800m,Collins KIPRUTO,12 APR 1994,1:45.43,,KEN,"Estadio Iberoamericano, Huelva (ESP)",Meeting Iberoamericano,03 JUN 2021,2021,1.,C,Continental Tour,7155963,worldwide
men_800m,Saúl ORDÓÑEZ,10 APR 1994,1:45.88,,ESP,"Estadio Iberoamericano, Huelva (ESP)",Meeting Iberoamericano,03 JUN 2021,2021,2.,C,Continental Tour,7155963,worldwide
men_800m,Tshepo TSHITE,15 JAN 1997,1:46.10,,RSA,"Estadio Iberoamericano, Huelva (ESP)",Meeting Iberoamericano,03 JUN 2021,2021,3.,C,Continental Tour,7155963,worldwide
men_800m,Mariano GARCÍA,25 SEP 1997,1:46.10,,ESP,"Estadio Iberoamericano, Huelva (ESP)",Meeting Iberoamericano,03 JUN 2021,2021,4.,C,Continental Tour,7155963,worldwide
men_800m,Javier MIRON,13 DEC 1999,1:46.14,,ESP,"Estadio Iberoamericano, Huelva (ESP)",Meeting Iberoamericano,03 JUN 2021,2021,5.,C,Continental Tour,7155963,worldwide
men_800m,Gabriel TUAL,09 APR 1998,1:46.55,,FRA,"Estadio Iberoamericano, Huelva (ESP)",Meeting Iberoamericano,03 JUN 2021,2021,6.,C,Continental Tour,7155963,worldwide
men_800m,Jamie WEBB,01 JUN 1994,1:46.58,,GBR,"Estadio Iberoamericano, Huelva (ESP)",Meeting Iberoamericano,03 JUN 2021,2021,7.,C,Continental Tour,7155963,worldwide
men_800m,Pablo SÁNCHEZ-VALLADARES,12 NOV 1997,1:48.02,,ESP,"Estadio Iberoamericano, Huelva (ESP)",Meeting Iberoamericano,03 JUN 2021,2021,9.,C,Continental Tour,7155963,worldwide
men_800m,Álvaro DE ARRIBA,02 JUN 1994,1:48.47,,ESP,"Estadio Iberoamericano, Huelva (ESP)",Meeting Iberoamericano,03 JUN 2021,2021,10.,C,Continental Tour,7155963,worldwide
men_800m,Marvin HEINRICH,29 JAN 1997,1:47.62,,GER,"Eintracht-Stadion, Braunschweig (GER)",German Championships,06 JUN 2021,2021,1.,B,National Championships,7167137,worldwide
men_800m,Christoph KESSLER,28 APR 1995,1:47.81,,GER,"Eintracht-Stadion, Braunschweig (GER)",German Championships,06 JUN 2021,2021,2.,B,National Championships,7167137,worldwide
men_800m,Dennis BIEDERBICK,09 AUG 1997,1:47.84,,GER,"Eintracht-Stadion, Braunschweig (GER)",German Championships,06 JUN 2021,2021,3.,B,National Championships,7167137,worldwide
men_800m,Marc REUTHER,23 JUN 1996,1:48.30,,GER,"Eintracht-Stadion, Braunschweig (GER)",German Championships,06 JUN 2021,2021,5.,B,National Championships,7167137,worldwide
men_800m,Cornelius TUWEI,24 MAY 1993,1:46.07,,KEN,"Grosics Gyula Stadion, Tatabánya (HUN)",Hungarian GP Series Tatabánya,05 JUN 2021,2021,1.,C,Continental Tour,7158245,worldwide
men_800m,Tshepo TSHITE,15 JAN 1997,1:46.34,,RSA,"Grosics Gyula Stadion, Tatabánya (HUN)",Hungarian GP Series Tatabánya,05 JUN 2021,2021,2.,C,Continental Tour,7158245,worldwide
men_800m,Balázs VINDICS,28 MAR 1994,1:47.55,,HUN,"Grosics Gyula Stadion, Tatabánya (HUN)",Hungarian GP Series Tatabánya,05 JUN 2021,2021,3.,C,Continental Tour,7158245,worldwide
men_800m,Filip ŠNEJDR,16 APR 1995,1:47.64,,CZE,"Grosics Gyula Stadion, Tatabánya (HUN)",Hungarian GP Series Tatabánya,05 JUN 2021,2021,4.,C,Continental Tour,7158245,worldwide
men_800m,Dániel HULLER,10 MAY 2001,1:47.76,,HUN,"Grosics Gyula Stadion, Tatabánya (HUN)",Hungarian GP Series Tatabánya,05 JUN 2021,2021,5.,C,Continental Tour,7158245,worldwide
men_800m,Tamás KAZI,16 MAY 1985,1:49.51,,HUN,"Grosics Gyula Stadion, Tatabánya (HUN)",Hungarian GP Series Tatabánya,05 JUN 2021,2021,8.,C,Continental Tour,7158245,worldwide
men_800m,Marco AROP,20 SEP 1998,1:44.93,,CAN,"Ansin Sports Complex, Miramar, FL (USA)",NACAC New Life Invitational,05 JUN 2021,2021,1.,B,Continental Tour,7155010,worldwide
men_800m,Alex AMANKWA,02 MAR 1992,1:47.11,,GHA,"Ansin Sports Complex, Miramar, FL (USA)",NACAC New Life Invitational,05 JUN 2021,2021,2.,B,Continental Tour,7155010,worldwide
men_800m,Ryan SÁNCHEZ,22 SEP 1998,1:47.22,,PUR,"Ansin Sports Complex, Miramar, FL (USA)",NACAC New Life Invitational,05 JUN 2021,2021,3.,B,Continental Tour,7155010,worldwide
men_800m,Edose IBADIN,27 FEB 1993,1:47.29,,NGR,"Ansin Sports Complex, Miramar, FL (USA)",NACAC New Life Invitational,05 JUN 2021,2021,4.,B,Continental Tour,7155010,worldwide
men_800m,Abedin MUJEZINOVIĆ,02 JUN 1993,1:49.88,,BIH,"Stadion Kamberovića polje, Zenica (BIH)",Bosnia & Herzegovina Championships,06 JUN 2021,2021,1.,B,National Championships,7167520,worldwide
men_800m,Vincent CRISP,17 AUG 1997,1:47.80,,USA,"Nashville, TN (USA)",Music City Track Carnival,06 JUN 2021,2021,1.,C,Continental Tour,7166485,worldwide
men_800m,Takieddine HEDEILLI,06 JUN 1996,1:47.92,,ALG,"Nashville, TN (USA)",Music City Track Carnival,06 JUN 2021,2021,2.,C,Continental Tour,7166485,worldwide
men_800m,Quamel PRINCE,20 APR 1994,1:48.09,,GUY,"Nashville, TN (USA)",Music City Track Carnival,06 JUN 2021,2021,3.,C,Continental Tour,7166485,worldwide
men_800m,Vincent CIATTEI,21 JAN 1995,1:48.25,,USA,"Nashville, TN (USA)",Music City Track Carnival,06 JUN 2021,2021,5.,C,Continental Tour,7166485,worldwide
men_800m,Robert DOWNS,17 AUG 1994,1:49.11,,USA,"Nashville, TN (USA)",Music City Track Carnival,06 JUN 2021,2021,8.,C,Continental Tour,7166485,worldwide
men_800m,Josh HOEY,01 NOV 1999,1:51.58,,USA,"Nashville, TN (USA)",Music City Track Carnival,06 JUN 2021,2021,9.,C,Continental Tour,7166485,worldwide
men_800m,Mateusz BORKOWSKI,02 APR 1997,1:47.02,,POL,"FBK Stadium, Hengelo (NED)",FBK Games,06 JUN 2021,2021,1.,A,Continental Tour,7147594,worldwide
men_800m,Benjamin ROBERT,04 JAN 1998,1:47.15,,FRA,"FBK Stadium, Hengelo (NED)",FBK Games,06 JUN 2021,2021,2.,A,Continental Tour,7147594,worldwide
men_800m,Elliot GILES,26 MAY 1994,1:47.22,,GBR,"FBK Stadium, Hengelo (NED)",FBK Games,06 JUN 2021,2021,3.,A,Continental Tour,7147594,worldwide
men_800m,Daniel ROWDEN,09 SEP 1997,1:47.24,,GBR,"FBK Stadium, Hengelo (NED)",FBK Games,06 JUN 2021,2021,4.,A,Continental Tour,7147594,worldwide
men_800m,Kyle LANGFORD,02 FEB 1996,1:47.60,,GBR,"FBK Stadium, Hengelo (NED)",FBK Games,06 JUN 2021,2021,5.,A,Continental Tour,7147594,worldwide
men_800m,Saúl ORDÓÑEZ,10 APR 1994,1:47.65,,ESP,"FBK Stadium, Hengelo (NED)",FBK Games,06 JUN 2021,2021,6.,A,Continental Tour,7147594,worldwide
men_800m,Tony VAN DIEPEN,17 APR 1996,1:47.86,,NED,"FBK Stadium, Hengelo (NED)",FBK Games,06 JUN 2021,2021,7.,A,Continental Tour,7147594,worldwide
men_800m,Eliott CRESTAN,22 FEB 1999,1:48.15,,BEL,"FBK Stadium, Hengelo (NED)",FBK Games,06 JUN 2021,2021,8.,A,Continental Tour,7147594,worldwide
men_800m,Guy LEARMONTH,20 APR 1992,1:48.50,,GBR,"FBK Stadium, Hengelo (NED)",FBK Games,06 JUN 2021,2021,9.,A,Continental Tour,7147594,worldwide
men_800m,Djoao LOBLES,14 JAN 2001,1:48.65,,NED,"FBK Stadium, Hengelo (NED)",FBK Games,06 JUN 2021,2021,10.,A,Continental Tour,7147594,worldwide
men_800m,Abraham ALVARADO,04 AUG 1995,1:46.11,,USA,"Prairie View, TX (USA)",USATF Showcase,06 JUN 2021,2021,1.,B,Continental Tour,7163091,worldwide
men_800m,Drew PIAZZA,28 JAN 1995,1:47.64,,USA,"Prairie View, TX (USA)",USATF Showcase,06 JUN 2021,2021,3.,B,Continental Tour,7163091,worldwide
men_800m,Collins KIPRUTO,12 APR 1994,1:43.95,,KEN,"Stade Delort, Marseille (FRA)",Meeting International,09 JUN 2021,2021,1.,C,Continental Tour,7155964,worldwide
men_800m,Benjamin ROBERT,04 JAN 1998,1:44.53,,FRA,"Stade Delort, Marseille (FRA)",Meeting International,09 JUN 2021,2021,2.,C,Continental Tour,7155964,worldwide
men_800m,Patryk DOBEK,13 FEB 1994,1:44.80,,POL,"Stade Delort, Marseille (FRA)",Meeting International,09 JUN 2021,2021,3.,C,Continental Tour,7155964,worldwide
men_800m,Javier MIRON,13 DEC 1999,1:44.82,,ESP,"Stade Delort, Marseille (FRA)",Meeting International,09 JUN 2021,2021,4.,C,Continental Tour,7155964,worldwide
men_800m,Gabriel TUAL,09 APR 1998,1:45.25,,FRA,"Stade Delort, Marseille (FRA)",Meeting International,09 JUN 2021,2021,5.,C,Continental Tour,7155964,worldwide
men_800m,Abdirahman Saeed HASSAN,13 APR 1997,1:45.33,,QAT,"Stade Delort, Marseille (FRA)",Meeting International,09 JUN 2021,2021,6.,C,Continental Tour,7155964,worldwide
men_800m,Charlie DA'VALL GRICE,07 NOV 1993,1:45.63,,GBR,"Stade Delort, Marseille (FRA)",Meeting International,09 JUN 2021,2021,7.,C,Continental Tour,7155964,worldwide
men_800m,Marcin LEWANDOWSKI,13 JUN 1987,1:45.86,,POL,"Stade Delort, Marseille (FRA)",Meeting International,09 JUN 2021,2021,8.,C,Continental Tour,7155964,worldwide
men_800m,Tshepo TSHITE,15 JAN 1997,1:46.39,,RSA,"Stade Delort, Marseille (FRA)",Meeting International,09 JUN 2021,2021,9.,C,Continental Tour,7155964,worldwide
men_800m,Nasredine KHATIR,30 JAN 1995,DNF,,FRA,"Stade Delort, Marseille (FRA)",Meeting International,09 JUN 2021,2021,,C,Continental Tour,7155964,worldwide
men_800m,Patryk SIERADZKI,06 OCT 1998,DNF,,POL,"Stade Delort, Marseille (FRA)",Meeting International,09 JUN 2021,2021,,C,Continental Tour,7155964,worldwide
men_800m,Eduardo RIBEIRO,09 JAN 2001,1:46.60,,BRA,"COTP Stadium, São Paulo (BRA)",Brazilian Championships,11 JUN 2021,2021,1.,B,National Championships,7167518,worldwide
men_800m,Guilherme KURTZ,27 AUG 1994,1:46.61,,BRA,"COTP Stadium, São Paulo (BRA)",Brazilian Championships,11 JUN 2021,2021,2.,B,National Championships,7167518,worldwide
men_800m,Thiago ANDRÉ,04 AUG 1995,1:47.78,,BRA,"COTP Stadium, São Paulo (BRA)",Brazilian Championships,11 JUN 2021,2021,6.,B,National Championships,7167518,worldwide
men_800m,Leandro ALVES,04 AUG 1998,1:49.39,,BRA,"COTP Stadium, São Paulo (BRA)",Brazilian Championships,11 JUN 2021,2021,7.,B,National Championships,7167518,worldwide
men_800m,Ryan SÁNCHEZ,22 SEP 1998,1:49.35,,PUR,"Pista Basilio Rodriguez, Carolina (PUR)",Puerto Rican Championships,12 JUN 2021,2021,1.,B,National Championships,7167864,worldwide
men_800m,Jesus Tonatiu LÓPEZ,02 AUG 1997,1:50.15,,MEX,"Estadio Olímpico de Querétaro, Queretaro (MEX)",Mexican Championships,13 JUN 2021,2021,1.,B,National Championships,7167901,worldwide
men_800m,Mark ENGLISH,18 MAR 1993,1:45.70,,IRL,"Sollentunavallen, Sollentuna (SWE)",Sollentuna GP,13 JUN 2021,2021,1.,C,Continental Tour,7155944,worldwide
men_800m,Álvaro DE ARRIBA,02 JUN 1994,1:45.82,,ESP,"Sollentunavallen, Sollentuna (SWE)",Sollentuna GP,13 JUN 2021,2021,2.,C,Continental Tour,7155944,worldwide
men_800m,Andreas KRAMER,13 APR 1997,1:46.25,,SWE,"Sollentunavallen, Sollentuna (SWE)",Sollentuna GP,13 JUN 2021,2021,3.,C,Continental Tour,7155944,worldwide
men_800m,Simone BARONTINI,05 JAN 1999,1:46.63,,ITA,"Sollentunavallen, Sollentuna (SWE)",Sollentuna GP,13 JUN 2021,2021,4.,C,Continental Tour,7155944,worldwide
men_800m,Andreas BUBE,13 JUL 1987,1:47.19,,DEN,"Sollentunavallen, Sollentuna (SWE)",Sollentuna GP,13 JUN 2021,2021,6.,C,Continental Tour,7155944,worldwide
men_800m,Tshepo TSHITE,15 JAN 1997,1:48.01,,RSA,"Sollentunavallen, Sollentuna (SWE)",Sollentuna GP,13 JUN 2021,2021,8.,C,Continental Tour,7155944,worldwide
men_800m,Mohamed BELBACHIR,11 JAN 1994,1:46.01,,ALG,"Mestský Stadion Sletište, Kladno (CZE)",Kladno hází a Kladenské Memoriály,15 JUN 2021,2021,1.,C,Continental Tour,7155943,worldwide
men_800m,Jan FRIŠ,19 DEC 1995,1:46.32,,CZE,"Mestský Stadion Sletište, Kladno (CZE)",Kladno hází a Kladenské Memoriály,15 JUN 2021,2021,2.,C,Continental Tour,7155943,worldwide
men_800m,Lukáš HODBOĎ,02 MAR 1996,1:46.40,,CZE,"Mestský Stadion Sletište, Kladno (CZE)",Kladno hází a Kladenské Memoriály,15 JUN 2021,2021,3.,C,Continental Tour,7155943,worldwide
men_800m,Filip ŠNEJDR,16 APR 1995,1:46.47,,CZE,"Mestský Stadion Sletište, Kladno (CZE)",Kladno hází a Kladenské Memoriály,15 JUN 2021,2021,4.,C,Continental Tour,7155943,worldwide
men_800m,Christoph KESSLER,28 APR 1995,1:46.73,,GER,"Mestský Stadion Sletište, Kladno (CZE)",Kladno hází a Kladenské Memoriály,15 JUN 2021,2021,5.,C,Continental Tour,7155943,worldwide
men_800m,Jakub DAVIDÍK,20 JAN 2002,1:47.08,,CZE,"Mestský Stadion Sletište, Kladno (CZE)",Kladno hází a Kladenské Memoriály,15 JUN 2021,2021,6.,C,Continental Tour,7155943,worldwide
men_800m,Balázs VINDICS,28 MAR 1994,1:47.39,,HUN,"Mestský Stadion Sletište, Kladno (CZE)",Kladno hází a Kladenské Memoriály,15 JUN 2021,2021,8.,C,Continental Tour,7155943,worldwide
men_800m,Mohamed Ali GOUANED,05 JUL 2002,1:46.67,,ALG,"Stadion Radés, Radés (TUN)",Arab Championships,20 JUN 2021,2021,1.,C,Area Regional Champs,7168189,worldwide
men_800m,Oussama NABIL,18 FEB 1996,1:46.84,,MAR,"Stadion Radés, Radés (TUN)",Arab Championships,20 JUN 2021,2021,2.,C,Area Regional Champs,7168189,worldwide
men_800m,Elhassane MOUJAHID,19 JAN 2000,1:47.33,,MAR,"Stadion Radés, Radés (TUN)",Arab Championships,20 JUN 2021,2021,3.,C,Area Regional Champs,7168189,worldwide
men_800m,Ebrahim Remaid ALZOFAIRI,08 MAY 1989,1:47.34,,KUW,"Stadion Radés, Radés (TUN)",Arab Championships,20 JUN 2021,2021,4.,C,Area Regional Champs,7168189,worldwide
men_800m,Abdirahman Saeed HASSAN,13 APR 1997,1:47.64,,QAT,"Stadion Radés, Radés (TUN)",Arab Championships,20 JUN 2021,2021,5.,C,Area Regional Champs,7168189,worldwide
men_800m,Slimane MOULA,25 FEB 1999,1:48.56,,ALG,"Stadion Radés, Radés (TUN)",Arab Championships,20 JUN 2021,2021,6.,C,Area Regional Champs,7168189,worldwide
men_800m,Riadh CHNINNI,15 MAR 1997,1:49.28,,TUN,"Stadion Radés, Radés (TUN)",Arab Championships,20 JUN 2021,2021,7.,C,Area Regional Champs,7168189,worldwide
men_800m,Rabi Mohamoud MUBARAK,22 MAR 2000,1:49.48,,QAT,"Stadion Radés, Radés (TUN)",Arab Championships,20 JUN 2021,2021,8.,C,Area Regional Champs,7168189,worldwide
men_800m,Tony VAN DIEPEN,17 APR 1996,1:45.17,,NED,"Estadio Vallehermoso, Madrid (ESP)",Meeting Madrid 2021,19 JUN 2021,2021,1.,B,Continental Tour,7155933,worldwide
men_800m,Mark ENGLISH,18 MAR 1993,1:45.22,,IRL,"Estadio Vallehermoso, Madrid (ESP)",Meeting Madrid 2021,19 JUN 2021,2021,2.,B,Continental Tour,7155933,worldwide
men_800m,Saúl ORDÓÑEZ,10 APR 1994,1:45.26,,ESP,"Estadio Vallehermoso, Madrid (ESP)",Meeting Madrid 2021,19 JUN 2021,2021,3.,B,Continental Tour,7155933,worldwide
men_800m,Pablo SÁNCHEZ-VALLADARES,12 NOV 1997,1:45.62,,ESP,"Estadio Vallehermoso, Madrid (ESP)",Meeting Madrid 2021,19 JUN 2021,2021,4.,B,Continental Tour,7155933,worldwide
men_800m,Álvaro DE ARRIBA,02 JUN 1994,1:45.75,,ESP,"Estadio Vallehermoso, Madrid (ESP)",Meeting Madrid 2021,19 JUN 2021,2021,5.,B,Continental Tour,7155933,worldwide
men_800m,Adrián BEN,04 AUG 1998,1:46.16,,ESP,"Estadio Vallehermoso, Madrid (ESP)",Meeting Madrid 2021,19 JUN 2021,2021,6.,B,Continental Tour,7155933,worldwide
men_800m,Mohamed BELBACHIR,11 JAN 1994,1:46.48,,ALG,"Estadio Vallehermoso, Madrid (ESP)",Meeting Madrid 2021,19 JUN 2021,2021,7.,B,Continental Tour,7155933,worldwide
men_800m,Jamal HAIRANE,26 MAY 1993,1:48.24,,QAT,"Estadio Vallehermoso, Madrid (ESP)",Meeting Madrid 2021,19 JUN 2021,2021,8.,B,Continental Tour,7155933,worldwide
men_800m,Clayton MURPHY,26 FEB 1995,1:43.17,,USA,"Hayward Field, Eugene, OR (USA)",U.S. Olympic Trials,21 JUN 2021,2021,1.,B,National Championships,7163119,worldwide
men_800m,Isaiah JEWETT,06 FEB 1997,1:43.85,,USA,"Hayward Field, Eugene, OR (USA)",U.S. Olympic Trials,21 JUN 2021,2021,2.,B,National Championships,7163119,worldwide
men_800m,Bryce HOPPEL,05 SEP 1997,1:44.14,,USA,"Hayward Field, Eugene, OR (USA)",U.S. Olympic Trials,21 JUN 2021,2021,3.,B,National Championships,7163119,worldwide
men_800m,Isaiah HARRIS,18 OCT 1996,1:44.58,,USA,"Hayward Field, Eugene, OR (USA)",U.S. Olympic Trials,21 JUN 2021,2021,4.,B,National Championships,7163119,worldwide
men_800m,Brannon KIDDER,18 NOV 1993,1:45.08,,USA,"Hayward Field, Eugene, OR (USA)",U.S. Olympic Trials,21 JUN 2021,2021,5.,B,National Championships,7163119,worldwide
men_800m,Samuel VOELZ,,1:45.54,,USA,"Hayward Field, Eugene, OR (USA)",U.S. Olympic Trials,21 JUN 2021,2021,6.,B,National Championships,7163119,worldwide
men_800m,Daniel NIXON,04 SEP 1998,1:45.56,,USA,"Hayward Field, Eugene, OR (USA)",U.S. Olympic Trials,21 JUN 2021,2021,7.,B,National Championships,7163119,worldwide
men_800m,Donavan BRAZIER,15 APR 1997,1:47.88,,USA,"Hayward Field, Eugene, OR (USA)",U.S. Olympic Trials,21 JUN 2021,2021,8.,B,National Championships,7163119,worldwide
men_800m,Patryk DOBEK,13 FEB 1994,1:43.73,,POL,"Stadion Śląski, Chorzów (POL)",67° ORLEN Janusz Kusocinski Memorial,20 JUN 2021,2021,1.,B,Continental Tour,7158255,worldwide
men_800m,Jamie WEBB,01 JUN 1994,1:44.14,,GBR,"Stadion Śląski, Chorzów (POL)",67° ORLEN Janusz Kusocinski Memorial,20 JUN 2021,2021,2.,B,Continental Tour,7158255,worldwide
men_800m,Elliot GILES,26 MAY 1994,1:44.20,,GBR,"Stadion Śląski, Chorzów (POL)",67° ORLEN Janusz Kusocinski Memorial,20 JUN 2021,2021,3.,B,Continental Tour,7158255,worldwide
men_800m,Marcin LEWANDOWSKI,13 JUN 1987,1:44.31,,POL,"Stadion Śląski, Chorzów (POL)",67° ORLEN Janusz Kusocinski Memorial,20 JUN 2021,2021,4.,B,Continental Tour,7158255,worldwide
men_800m,Krzysztof RÓŻNICKI,29 AUG 2003,1:44.51,,POL,"Stadion Śląski, Chorzów (POL)",67° ORLEN Janusz Kusocinski Memorial,20 JUN 2021,2021,5.,B,Continental Tour,7158255,worldwide
men_800m,Teddese LEMI,20 JAN 1999,1:44.65,,ETH,"Stadion Śląski, Chorzów (POL)",67° ORLEN Janusz Kusocinski Memorial,20 JUN 2021,2021,6.,B,Continental Tour,7158255,worldwide
men_800m,Jeffrey RISELEY,11 NOV 1986,1:44.85,,AUS,"Stadion Śląski, Chorzów (POL)",67° ORLEN Janusz Kusocinski Memorial,20 JUN 2021,2021,7.,B,Continental Tour,7158255,worldwide
men_800m,Mateusz BORKOWSKI,02 APR 1997,1:44.99,,POL,"Stadion Śląski, Chorzów (POL)",67° ORLEN Janusz Kusocinski Memorial,20 JUN 2021,2021,8.,B,Continental Tour,7158255,worldwide
men_800m,Melese NBERET,29 JAN 2001,1:45.05,,ETH,"Stadion Śląski, Chorzów (POL)",67° ORLEN Janusz Kusocinski Memorial,20 JUN 2021,2021,9.,B,Continental Tour,7158255,worldwide
men_800m,Lukáš HODBOĎ,02 MAR 1996,1:45.74,,CZE,"Stadion Śląski, Chorzów (POL)",67° ORLEN Janusz Kusocinski Memorial,20 JUN 2021,2021,10.,B,Continental Tour,7158255,worldwide
men_800m,Takieddine HEDEILLI,06 JUN 1996,1:45.83,,ALG,"Stadion Śląski, Chorzów (POL)",67° ORLEN Janusz Kusocinski Memorial,20 JUN 2021,2021,11.,B,Continental Tour,7158255,worldwide
men_800m,Kacper LEWALSKI,07 MAY 2003,1:46.72,,POL,"Stadion Śląski, Chorzów (POL)",67° ORLEN Janusz Kusocinski Memorial,20 JUN 2021,2021,12.,B,Continental Tour,7158255,worldwide
men_800m,Adam KSZCZOT,02 SEP 1989,1:47.20,,POL,"Stadion Śląski, Chorzów (POL)",67° ORLEN Janusz Kusocinski Memorial,20 JUN 2021,2021,13.,B,Continental Tour,7158255,worldwide
men_800m,Patryk SIERADZKI,06 OCT 1998,DNF,,POL,"Stadion Śląski, Chorzów (POL)",67° ORLEN Janusz Kusocinski Memorial,20 JUN 2021,2021,,B,Continental Tour,7158255,worldwide
men_800m,Mark ENGLISH,18 MAR 1993,1:46.50,,IRL,"Tingvalla IP, Karlstad (SWE)",Karlstad GP,22 JUN 2021,2021,1.,C,Continental Tour,7155955,worldwide
men_800m,Andreas KRAMER,13 APR 1997,1:47.03,,SWE,"Tingvalla IP, Karlstad (SWE)",Karlstad GP,22 JUN 2021,2021,2.,C,Continental Tour,7155955,worldwide
men_800m,Mohamed BELBACHIR,11 JAN 1994,1:47.55,,ALG,"Tingvalla IP, Karlstad (SWE)",Karlstad GP,22 JUN 2021,2021,3.,C,Continental Tour,7155955,worldwide
men_800m,Takieddine HEDEILLI,06 JUN 1996,1:47.64,,ALG,"Tingvalla IP, Karlstad (SWE)",Karlstad GP,22 JUN 2021,2021,4.,C,Continental Tour,7155955,worldwide
men_800m,Johan ROGESTEDT,27 JAN 1993,1:47.81,,SWE,"Tingvalla IP, Karlstad (SWE)",Karlstad GP,22 JUN 2021,2021,5.,C,Continental Tour,7155955,worldwide
men_800m,Andreas BUBE,13 JUL 1987,1:48.61,,DEN,"Tingvalla IP, Karlstad (SWE)",Karlstad GP,22 JUN 2021,2021,7.,C,Continental Tour,7155955,worldwide
men_800m,Konstantin KHOLMOGOROV,07 FEB 1996,1:45.94,,RUS,"Olympic Stadium, Cheboksary (RUS)",Russian Championships,24 JUN 2021,2021,1.,B,National Championships,7168513,worldwide
men_800m,Konstantin TOLOKONNIKOV,26 FEB 1996,1:47.45,,RUS,"Olympic Stadium, Cheboksary (RUS)",Russian Championships,24 JUN 2021,2021,3.,B,National Championships,7168513,worldwide
men_800m,Sergey DUBROVSKIY,20 JAN 1995,1:47.98,,RUS,"Olympic Stadium, Cheboksary (RUS)",Russian Championships,24 JUN 2021,2021,5.,B,National Championships,7168513,worldwide
men_800m,Raphael PALLITSCH,18 DEC 1989,1:53.72,,AUT,"Stadion Eggenberg, Graz (AUT)",Austrian Championships,26 JUN 2021,2021,1.,B,National Championships,7168619,worldwide
men_800m,Mikuto KANEKO,06 NOV 2001,1:46.86,,JPN,"Yanmar Stadium Nagai, Osaka (JPN)",105th Japan Championships,27 JUN 2021,2021,2.,B,National Championships,7168557,worldwide
men_800m,Sho KAWAMOTO,01 MAR 1993,1:46.89,,JPN,"Yanmar Stadium Nagai, Osaka (JPN)",105th Japan Championships,27 JUN 2021,2021,3.,B,National Championships,7168557,worldwide
men_800m,Hiroki MINAMOTO,24 NOV 1999,1:47.21,,JPN,"Yanmar Stadium Nagai, Osaka (JPN)",105th Japan Championships,27 JUN 2021,2021,5.,B,National Championships,7168557,worldwide
men_800m,Daichi SETOGUCHI,04 AUG 1998,1:55.40,,JPN,"Yanmar Stadium Nagai, Osaka (JPN)",105th Japan Championships,27 JUN 2021,2021,8.,B,National Championships,7168557,worldwide
men_800m,Patryk DOBEK,13 FEB 1994,1:48.21,,POL,"Golęcin Stadion, Poznan (POL)",Polish Championships,26 JUN 2021,2021,1.,B,National Championships,7168551,worldwide
men_800m,Mateusz BORKOWSKI,02 APR 1997,1:49.10,,POL,"Golęcin Stadion, Poznan (POL)",Polish Championships,26 JUN 2021,2021,2.,B,National Championships,7168551,worldwide
men_800m,Patryk SIERADZKI,06 OCT 1998,1:49.43,,POL,"Golęcin Stadion, Poznan (POL)",Polish Championships,26 JUN 2021,2021,3.,B,National Championships,7168551,worldwide
men_800m,Filip OSTROWSKI,12 JUL 2001,1:50.96,,POL,"Golęcin Stadion, Poznan (POL)",Polish Championships,26 JUN 2021,2021,4.,B,National Championships,7168551,worldwide
men_800m,Benjamin ROBERT,04 JAN 1998,1:48.46,,FRA,"Stade Josette et Roger Mikulak, Angers (FRA)",French Championships,26 JUN 2021,2021,1.,B,National Championships,7168687,worldwide
men_800m,Gabriel TUAL,09 APR 1998,1:48.86,,FRA,"Stade Josette et Roger Mikulak, Angers (FRA)",French Championships,26 JUN 2021,2021,2.,B,National Championships,7168687,worldwide
men_800m,Hugo HOUYEZ,16 DEC 1995,1:49.52,,FRA,"Stade Josette et Roger Mikulak, Angers (FRA)",French Championships,26 JUN 2021,2021,3.,B,National Championships,7168687,worldwide
men_800m,Nasredine KHATIR,30 JAN 1995,1:49.55,,FRA,"Stade Josette et Roger Mikulak, Angers (FRA)",French Championships,26 JUN 2021,2021,4.,B,National Championships,7168687,worldwide
men_800m,Robert HEPPENSTALL,28 FEB 1997,1:46.79,,CAN,"Complexe Sportif Claude-Robillard, Montréal (CAN)",Canadian Olympic Trials,25 JUN 2021,2021,1.,B,National Championships,7168554,worldwide
men_800m,John FITZSIMONS,05 MAY 1998,1:49.48,,IRL,"Morton Stadium, Santry, Dublin (IRL)",Irish Championships,26 JUN 2021,2021,1.,B,National Championships,7168520,worldwide
men_800m,Luke MCCANN,12 MAR 1998,1:49.51,,IRL,"Morton Stadium, Santry, Dublin (IRL)",Irish Championships,26 JUN 2021,2021,2.,B,National Championships,7168520,worldwide
men_800m,Oussama NABIL,18 FEB 1996,1:46.92,,MAR,"Complexe Sportif Prince Moulay Abdellah, Rabat (MAR)",Moroccan Championships,26 JUN 2021,2021,1.,B,National Championships,7168914,worldwide
men_800m,Moad ZAHAFI,09 MAY 1998,1:47.57,,MAR,"Complexe Sportif Prince Moulay Abdellah, Rabat (MAR)",Moroccan Championships,26 JUN 2021,2021,2.,B,National Championships,7168914,worldwide
men_800m,Elhassane MOUJAHID,19 JAN 2000,1:47.66,,MAR,"Complexe Sportif Prince Moulay Abdellah, Rabat (MAR)",Moroccan Championships,26 JUN 2021,2021,3.,B,National Championships,7168914,worldwide
men_800m,Fouad EL KAAM,27 MAY 1988,1:48.27,,MAR,"Complexe Sportif Prince Moulay Abdellah, Rabat (MAR)",Moroccan Championships,26 JUN 2021,2021,4.,B,National Championships,7168914,worldwide
men_800m,Oussama EL BOUCHAYBY,29 DEC 1998,1:48.31,,MAR,"Complexe Sportif Prince Moulay Abdellah, Rabat (MAR)",Moroccan Championships,26 JUN 2021,2021,6.,B,National Championships,7168914,worldwide
men_800m,Abdelati EL GUESSE,27 FEB 1993,DNF,,MAR,"Complexe Sportif Prince Moulay Abdellah, Rabat (MAR)",Moroccan Championships,26 JUN 2021,2021,,B,National Championships,7168914,worldwide
men_800m,Elliot GILES,26 MAY 1994,1:45.11,,GBR,"Sportcity Regional Arena, Manchester (GBR)",British Championships,27 JUN 2021,2021,1.,B,National Championships,7168522,worldwide
men_800m,Oliver DUSTIN,29 NOV 2000,1:45.12,,GBR,"Sportcity Regional Arena, Manchester (GBR)",British Championships,27 JUN 2021,2021,2.,B,National Championships,7168522,worldwide
men_800m,Daniel ROWDEN,09 SEP 1997,1:45.14,,GBR,"Sportcity Regional Arena, Manchester (GBR)",British Championships,27 JUN 2021,2021,3.,B,National Championships,7168522,worldwide
men_800m,Ben PATTISON,15 DEC 2001,1:45.93,,GBR,"Sportcity Regional Arena, Manchester (GBR)",British Championships,27 JUN 2021,2021,4.,B,National Championships,7168522,worldwide
men_800m,Jamie WEBB,01 JUN 1994,1:46.31,,GBR,"Sportcity Regional Arena, Manchester (GBR)",British Championships,27 JUN 2021,2021,5.,B,National Championships,7168522,worldwide
men_800m,Kyle LANGFORD,02 FEB 1996,1:46.63,,GBR,"Sportcity Regional Arena, Manchester (GBR)",British Championships,27 JUN 2021,2021,6.,B,National Championships,7168522,worldwide
men_800m,Finley MCLEAR,25 MAY 2000,1:47.10,,GBR,"Sportcity Regional Arena, Manchester (GBR)",British Championships,27 JUN 2021,2021,7.,B,National Championships,7168522,worldwide
men_800m,Joshua LAY,11 APR 2000,1:47.33,,GBR,"Sportcity Regional Arena, Manchester (GBR)",British Championships,27 JUN 2021,2021,8.,B,National Championships,7168522,worldwide
men_800m,Manjit SINGH,01 SEP 1989,1:51.44,,IND,Patiala (IND),National Inter State Senior Athletics Championships,27 JUN 2021,2021,3.,B,National Championships,7168736,worldwide
men_800m,Djoao LOBLES,14 JAN 2001,1:52.04,,NED,"Atletiekbaan Breda, Breda (NED)",Dutch Championships,26 JUN 2021,2021,3.,B,National Championships,7168518,worldwide
men_800m,Noah BALTUS,03 FEB 2002,1:52.76,,NED,"Atletiekbaan Breda, Breda (NED)",Dutch Championships,26 JUN 2021,2021,7.,B,National Championships,7168518,worldwide
men_800m,Benjamin Lobo VEDEL,23 SEP 1997,1:49.39,,DEN,"Odense Atletik Stadion, Odense (DEN)",Danish Championships,27 JUN 2021,2021,1.,B,National Championships,7168708,worldwide
men_800m,Ramon WIPFLI,30 JUN 2004,1:53.45,,SUI,"Stadion Hard, Langenthal (SUI)",Swiss Championships,27 JUN 2021,2021,6.,B,National Championships,7168707,worldwide
men_800m,Ivan PELIZZA,17 DEC 2000,1:55.35,,SUI,"Stadion Hard, Langenthal (SUI)",Swiss Championships,27 JUN 2021,2021,8.,B,National Championships,7168707,worldwide
men_800m,Adrián BEN,04 AUG 1998,1:47.07,,ESP,"Polideportivo Juan de la Cierva, Getafe (ESP)",Spanish Championships,27 JUN 2021,2021,1.,B,National Championships,7168680,worldwide
men_800m,Saúl ORDÓÑEZ,10 APR 1994,1:47.14,,ESP,"Polideportivo Juan de la Cierva, Getafe (ESP)",Spanish Championships,27 JUN 2021,2021,2.,B,National Championships,7168680,worldwide
men_800m,Pablo SÁNCHEZ-VALLADARES,12 NOV 1997,1:47.33,,ESP,"Polideportivo Juan de la Cierva, Getafe (ESP)",Spanish Championships,27 JUN 2021,2021,3.,B,National Championships,7168680,worldwide
men_800m,Álvaro DE ARRIBA,02 JUN 1994,1:47.44,,ESP,"Polideportivo Juan de la Cierva, Getafe (ESP)",Spanish Championships,27 JUN 2021,2021,4.,B,National Championships,7168680,worldwide
men_800m,Javier MIRON,13 DEC 1999,1:47.79,,ESP,"Polideportivo Juan de la Cierva, Getafe (ESP)",Spanish Championships,27 JUN 2021,2021,5.,B,National Championships,7168680,worldwide
men_800m,Alberto GUERRERO,04 APR 1995,1:48.99,,ESP,"Polideportivo Juan de la Cierva, Getafe (ESP)",Spanish Championships,27 JUN 2021,2021,7.,B,National Championships,7168680,worldwide
men_800m,Eliott CRESTAN,22 FEB 1999,1:48.45,,BEL,"Boudewijnstadion, Bruxelles (BEL)",Belgian Championships,27 JUN 2021,2021,1.,B,National Championships,7168519,worldwide
men_800m,Aurele VANDEPUTTE,14 MAY 1995,1:48.79,,BEL,"Boudewijnstadion, Bruxelles (BEL)",Belgian Championships,27 JUN 2021,2021,2.,B,National Championships,7168519,worldwide
men_800m,Tibo DE SMET,28 MAY 1999,1:49.28,,BEL,"Boudewijnstadion, Bruxelles (BEL)",Belgian Championships,27 JUN 2021,2021,3.,B,National Championships,7168519,worldwide
men_800m,Pieter SISK,08 DEC 1999,1:50.62,,BEL,"Boudewijnstadion, Bruxelles (BEL)",Belgian Championships,27 JUN 2021,2021,4.,B,National Championships,7168519,worldwide
men_800m,Ismael DEBJANI,25 SEP 1990,1:51.51,,BEL,"Boudewijnstadion, Bruxelles (BEL)",Belgian Championships,27 JUN 2021,2021,5.,B,National Championships,7168519,worldwide
men_800m,Filip ŠNEJDR,16 APR 1995,1:46.33,,CZE,"Stadion Mládeže, Zlín (CZE)",Czech Championships,27 JUN 2021,2021,1.,B,National Championships,7168688,worldwide
men_800m,Lukáš HODBOĎ,02 MAR 1996,1:46.73,,CZE,"Stadion Mládeže, Zlín (CZE)",Czech Championships,27 JUN 2021,2021,2.,B,National Championships,7168688,worldwide
men_800m,Jakub DAVIDÍK,20 JAN 2002,1:47.27,,CZE,"Stadion Mládeže, Zlín (CZE)",Czech Championships,27 JUN 2021,2021,3.,B,National Championships,7168688,worldwide
men_800m,Jakub DUDYCHA,05 SEP 2005,1:54.88,,CZE,"Stadion Mládeže, Zlín (CZE)",Czech Championships,27 JUN 2021,2021,6.,B,National Championships,7168688,worldwide
men_800m,Collins KIPRUTO,12 APR 1994,1:44.57,,KEN,"Stadion Manfort, Leverkusen (GER)",#True Athletes Classics,27 JUN 2021,2021,1.,C,Continental Tour,7155966,worldwide
men_800m,Eric NZIKWINKUNDA,01 JAN 1997,1:45.16,,BDI,"Stadion Manfort, Leverkusen (GER)",#True Athletes Classics,27 JUN 2021,2021,2.,C,Continental Tour,7155966,worldwide
men_800m,Mark ENGLISH,18 MAR 1993,1:45.51,,IRL,"Stadion Manfort, Leverkusen (GER)",#True Athletes Classics,27 JUN 2021,2021,3.,C,Continental Tour,7155966,worldwide
men_800m,Dennis BIEDERBICK,09 AUG 1997,1:46.25,,GER,"Stadion Manfort, Leverkusen (GER)",#True Athletes Classics,27 JUN 2021,2021,4.,C,Continental Tour,7155966,worldwide
men_800m,Christoph KESSLER,28 APR 1995,1:46.57,,GER,"Stadion Manfort, Leverkusen (GER)",#True Athletes Classics,27 JUN 2021,2021,5.,C,Continental Tour,7155966,worldwide
men_800m,Marvin HEINRICH,29 JAN 1997,1:47.50,,GER,"Stadion Manfort, Leverkusen (GER)",#True Athletes Classics,27 JUN 2021,2021,7.,C,Continental Tour,7155966,worldwide
men_800m,Robert HEPPENSTALL,28 FEB 1997,1:46.88,,CAN,"Complexe Sportif Claude-Robillard, Montréal (CAN)",La Classique D'athlétisme De Montréal,29 JUN 2021,2021,1.,C,Continental Tour,7162786,worldwide
men_800m,Cornelius TUWEI,24 MAY 1993,1:45.76,,KEN,"Zdzisław Krzyszkowiak Stadium, Bydgoszcz (POL)",Irena Szewinska Memorial / Bydgoszcz Cup,30 JUN 2021,2021,1.,A,Continental Tour,7155938,worldwide
men_800m,Jamie WEBB,01 JUN 1994,1:46.04,,GBR,"Zdzisław Krzyszkowiak Stadium, Bydgoszcz (POL)",Irena Szewinska Memorial / Bydgoszcz Cup,30 JUN 2021,2021,2.,A,Continental Tour,7155938,worldwide
men_800m,Takieddine HEDEILLI,06 JUN 1996,1:47.51,,ALG,"Zdzisław Krzyszkowiak Stadium, Bydgoszcz (POL)",Irena Szewinska Memorial / Bydgoszcz Cup,30 JUN 2021,2021,3.,A,Continental Tour,7155938,worldwide
men_800m,John FITZSIMONS,05 MAY 1998,1:47.83,,IRL,"Zdzisław Krzyszkowiak Stadium, Bydgoszcz (POL)",Irena Szewinska Memorial / Bydgoszcz Cup,30 JUN 2021,2021,4.,A,Continental Tour,7155938,worldwide
men_800m,Adam KSZCZOT,02 SEP 1989,1:47.97,,POL,"Zdzisław Krzyszkowiak Stadium, Bydgoszcz (POL)",Irena Szewinska Memorial / Bydgoszcz Cup,30 JUN 2021,2021,5.,A,Continental Tour,7155938,worldwide
men_800m,Lukáš HODBOĎ,02 MAR 1996,1:48.07,,CZE,"Zdzisław Krzyszkowiak Stadium, Bydgoszcz (POL)",Irena Szewinska Memorial / Bydgoszcz Cup,30 JUN 2021,2021,6.,A,Continental Tour,7155938,worldwide
men_800m,Melkeneh AZIZE,01 JAN 2005,1:48.62,,ETH,"Zdzisław Krzyszkowiak Stadium, Bydgoszcz (POL)",Irena Szewinska Memorial / Bydgoszcz Cup,30 JUN 2021,2021,7.,A,Continental Tour,7155938,worldwide
men_800m,Jan FRIŠ,19 DEC 1995,1:48.83,,CZE,"Zdzisław Krzyszkowiak Stadium, Bydgoszcz (POL)",Irena Szewinska Memorial / Bydgoszcz Cup,30 JUN 2021,2021,8.,A,Continental Tour,7155938,worldwide
men_800m,Patryk SIERADZKI,06 OCT 1998,DNF,,POL,"Zdzisław Krzyszkowiak Stadium, Bydgoszcz (POL)",Irena Szewinska Memorial / Bydgoszcz Cup,30 JUN 2021,2021,,A,Continental Tour,7155938,worldwide
men_800m,Collins KIPRUTO,12 APR 1994,1:46.09,,KEN,"Stade Naimette-Xhovémont, Liège (BEL)",Meeting International de la Province de Liège,30 JUN 2021,2021,1.,C,Continental Tour,7155951,worldwide
men_800m,Tshepo TSHITE,15 JAN 1997,1:50.74,,RSA,"Stade Naimette-Xhovémont, Liège (BEL)",Meeting International de la Province de Liège,30 JUN 2021,2021,5.,C,Continental Tour,7155951,worldwide
men_800m,Cornelius TUWEI,24 MAY 1993,1:43.76,,KEN,"Stadion De Veen, Heusden-Zolder (BEL)",KBC Nacht van de Atletiek,03 JUL 2021,2021,1.,C,Continental Tour,7155952,worldwide
men_800m,Collins KIPRUTO,12 APR 1994,1:44.33,,KEN,"Stadion De Veen, Heusden-Zolder (BEL)",KBC Nacht van de Atletiek,03 JUL 2021,2021,2.,C,Continental Tour,7155952,worldwide
men_800m,Aurele VANDEPUTTE,14 MAY 1995,1:45.65,,BEL,"Stadion De Veen, Heusden-Zolder (BEL)",KBC Nacht van de Atletiek,03 JUL 2021,2021,3.,C,Continental Tour,7155952,worldwide
men_800m,Pieter SISK,08 DEC 1999,1:46.81,,BEL,"Stadion De Veen, Heusden-Zolder (BEL)",KBC Nacht van de Atletiek,03 JUL 2021,2021,6.,C,Continental Tour,7155952,worldwide
men_800m,Tshepo TSHITE,15 JAN 1997,1:47.52,,RSA,"Stadion De Veen, Heusden-Zolder (BEL)",KBC Nacht van de Atletiek,03 JUL 2021,2021,7.,C,Continental Tour,7155952,worldwide
men_800m,Peter BOL,22 FEB 1994,1:44.89,,AUS,"Stade Raymond Petit, Tomblaine (FRA)",Meeting Stanislas Nancy,05 JUL 2021,2021,1.,C,Continental Tour,7155968,worldwide
men_800m,Collins KIPRUTO,12 APR 1994,1:45.07,,KEN,"Stade Raymond Petit, Tomblaine (FRA)",Meeting Stanislas Nancy,05 JUL 2021,2021,2.,C,Continental Tour,7155968,worldwide
men_800m,Abel KIPSANG,22 NOV 1996,1:45.14,,KEN,"Stade Raymond Petit, Tomblaine (FRA)",Meeting Stanislas Nancy,05 JUL 2021,2021,3.,C,Continental Tour,7155968,worldwide
men_800m,Gabriel TUAL,09 APR 1998,1:45.83,,FRA,"Stade Raymond Petit, Tomblaine (FRA)",Meeting Stanislas Nancy,05 JUL 2021,2021,4.,C,Continental Tour,7155968,worldwide
men_800m,Baptiste MISCHLER,23 NOV 1997,1:45.97,,FRA,"Stade Raymond Petit, Tomblaine (FRA)",Meeting Stanislas Nancy,05 JUL 2021,2021,5.,C,Continental Tour,7155968,worldwide
men_800m,Pierre-Ambroise BOSSE,11 MAY 1992,1:45.97,,FRA,"Stade Raymond Petit, Tomblaine (FRA)",Meeting Stanislas Nancy,05 JUL 2021,2021,6.,C,Continental Tour,7155968,worldwide
men_800m,Nicholas Kiplangat KIPKOECH,22 OCT 1992,1:46.49,,KEN,"Stade Raymond Petit, Tomblaine (FRA)",Meeting Stanislas Nancy,05 JUL 2021,2021,8.,C,Continental Tour,7155968,worldwide
men_800m,Renaud ROSIERE,27 SEP 1993,1:49.99,,FRA,"Stade Raymond Petit, Tomblaine (FRA)",Meeting Stanislas Nancy,05 JUL 2021,2021,9.,C,Continental Tour,7155968,worldwide
men_800m,Elliot GILES,26 MAY 1994,1:44.89,,GBR,"Bregyó Athletic Center, Székesfehérvár (HUN)",Gyulai István Memorial - Hungarian Athletics Grand Prix,06 JUL 2021,2021,1.,A,Continental Tour,7153120,worldwide
men_800m,Jamie WEBB,01 JUN 1994,1:45.12,,GBR,"Bregyó Athletic Center, Székesfehérvár (HUN)",Gyulai István Memorial - Hungarian Athletics Grand Prix,06 JUL 2021,2021,2.,A,Continental Tour,7153120,worldwide
men_800m,Clayton MURPHY,26 FEB 1995,1:45.20,,USA,"Bregyó Athletic Center, Székesfehérvár (HUN)",Gyulai István Memorial - Hungarian Athletics Grand Prix,06 JUL 2021,2021,3.,A,Continental Tour,7153120,worldwide
men_800m,Brandon MCBRIDE,15 JUN 1994,1:45.51,,CAN,"Bregyó Athletic Center, Székesfehérvár (HUN)",Gyulai István Memorial - Hungarian Athletics Grand Prix,06 JUL 2021,2021,4.,A,Continental Tour,7153120,worldwide
men_800m,Ferguson Cheruiyot ROTICH,30 NOV 1989,1:45.58,,KEN,"Bregyó Athletic Center, Székesfehérvár (HUN)",Gyulai István Memorial - Hungarian Athletics Grand Prix,06 JUL 2021,2021,5.,A,Continental Tour,7153120,worldwide
men_800m,Cornelius TUWEI,24 MAY 1993,1:45.73,,KEN,"Bregyó Athletic Center, Székesfehérvár (HUN)",Gyulai István Memorial - Hungarian Athletics Grand Prix,06 JUL 2021,2021,6.,A,Continental Tour,7153120,worldwide
men_800m,John FITZSIMONS,05 MAY 1998,1:46.60,,IRL,"Bregyó Athletic Center, Székesfehérvár (HUN)",Gyulai István Memorial - Hungarian Athletics Grand Prix,06 JUL 2021,2021,7.,A,Continental Tour,7153120,worldwide
men_800m,Balázs VINDICS,28 MAR 1994,1:46.64,,HUN,"Bregyó Athletic Center, Székesfehérvár (HUN)",Gyulai István Memorial - Hungarian Athletics Grand Prix,06 JUL 2021,2021,8.,A,Continental Tour,7153120,worldwide
men_800m,Erik SOWINSKI,21 DEC 1989,DNF,,USA,"Bregyó Athletic Center, Székesfehérvár (HUN)",Gyulai István Memorial - Hungarian Athletics Grand Prix,06 JUL 2021,2021,,A,Continental Tour,7153120,worldwide
men_800m,Ramzi ABDENOUZ,23 MAY 1993,1:46.81,,ALG,"Stade Sottevillais 76, Sotteville-lès-Rouen (FRA)",Meeting International de Sotteville,11 JUL 2021,2021,1.,C,Continental Tour,7155953,worldwide
men_800m,Pierre-Ambroise BOSSE,11 MAY 1992,1:46.82,,FRA,"Stade Sottevillais 76, Sotteville-lès-Rouen (FRA)",Meeting International de Sotteville,11 JUL 2021,2021,2.,C,Continental Tour,7155953,worldwide
men_800m,Azeddine HABZ,19 JUL 1993,1:47.69,,FRA,"Stade Sottevillais 76, Sotteville-lès-Rouen (FRA)",Meeting International de Sotteville,11 JUL 2021,2021,3.,C,Continental Tour,7155953,worldwide
men_800m,Mehdi BELHADJ,10 JUN 1995,DNF,,FRA,"Stade Sottevillais 76, Sotteville-lès-Rouen (FRA)",Meeting International de Sotteville,11 JUL 2021,2021,,C,Continental Tour,7155953,worldwide
men_800m,Michael SARUNI,18 JUN 1995,1:45.72,,KEN,"Stadion Wankdorf, Bern (SUI)",CITIUS Meeting,21 AUG 2021,2021,1.,C,Continental Tour,7158253,worldwide
men_800m,Piers COPELAND,26 NOV 1998,1:45.87,,GBR,"Stadion Wankdorf, Bern (SUI)",CITIUS Meeting,21 AUG 2021,2021,2.,C,Continental Tour,7158253,worldwide
men_800m,Ben PATTISON,15 DEC 2001,1:46.05,,GBR,"Stadion Wankdorf, Bern (SUI)",CITIUS Meeting,21 AUG 2021,2021,3.,C,Continental Tour,7158253,worldwide
men_800m,Robert FARKEN,20 SEP 1997,1:46.17,,GER,"Stadion Wankdorf, Bern (SUI)",CITIUS Meeting,21 AUG 2021,2021,4.,C,Continental Tour,7158253,worldwide
men_800m,Andreas KRAMER,13 APR 1997,1:46.37,,SWE,"Stadion Wankdorf, Bern (SUI)",CITIUS Meeting,21 AUG 2021,2021,5.,C,Continental Tour,7158253,worldwide
men_800m,Žan RUDOLF,09 MAY 1993,1:46.44,,SLO,"Stadion Wankdorf, Bern (SUI)",CITIUS Meeting,21 AUG 2021,2021,6.,C,Continental Tour,7158253,worldwide
men_800m,Ramon WIPFLI,30 JUN 2004,1:50.33,,SUI,"Stadion Wankdorf, Bern (SUI)",CITIUS Meeting,21 AUG 2021,2021,10.,C,Continental Tour,7158253,worldwide
men_800m,Daniel ROWDEN,09 SEP 1997,DNF,,GBR,"Stadion Wankdorf, Bern (SUI)",CITIUS Meeting,21 AUG 2021,2021,,C,Continental Tour,7158253,worldwide
men_800m,Simone BARONTINI,05 JAN 1999,DNF,,ITA,"Stadion Wankdorf, Bern (SUI)",CITIUS Meeting,21 AUG 2021,2021,,C,Continental Tour,7158253,worldwide
men_800m,Patryk SIERADZKI,06 OCT 1998,DNF,,POL,"Stadion Wankdorf, Bern (SUI)",CITIUS Meeting,21 AUG 2021,2021,,C,Continental Tour,7158253,worldwide
men_800m,Michael SARUNI,18 JUN 1995,1:48.36,,KEN,"Lantos Mihály Sportközpont, Budapest (HUN)",Hungarian GP Series Budapest,24 AUG 2021,2021,1.,C,Continental Tour,7158250,worldwide
men_800m,Balázs VINDICS,28 MAR 1994,1:48.95,,HUN,"Lantos Mihály Sportközpont, Budapest (HUN)",Hungarian GP Series Budapest,24 AUG 2021,2021,2.,C,Continental Tour,7158250,worldwide
men_800m,Abedin MUJEZINOVIĆ,02 JUN 1993,1:49.15,,BIH,"Lantos Mihály Sportközpont, Budapest (HUN)",Hungarian GP Series Budapest,24 AUG 2021,2021,3.,C,Continental Tour,7158250,worldwide
men_800m,Erik SOWINSKI,21 DEC 1989,1:49.22,,USA,"Lantos Mihály Sportközpont, Budapest (HUN)",Hungarian GP Series Budapest,24 AUG 2021,2021,4.,C,Continental Tour,7158250,worldwide
men_800m,Filip ŠNEJDR,16 APR 1995,1:49.29,,CZE,"Lantos Mihály Sportközpont, Budapest (HUN)",Hungarian GP Series Budapest,24 AUG 2021,2021,5.,C,Continental Tour,7158250,worldwide
men_800m,Wesley VÁZQUEZ,27 MAR 1994,1:49.92,,PUR,"Lantos Mihály Sportközpont, Budapest (HUN)",Hungarian GP Series Budapest,24 AUG 2021,2021,6.,C,Continental Tour,7158250,worldwide
men_800m,Tamás KAZI,16 MAY 1985,1:51.09,,HUN,"Lantos Mihály Sportközpont, Budapest (HUN)",Hungarian GP Series Budapest,24 AUG 2021,2021,8.,C,Continental Tour,7158250,worldwide
men_800m,Dániel HULLER,10 MAY 2001,1:52.01,,HUN,"Lantos Mihály Sportközpont, Budapest (HUN)",Hungarian GP Series Budapest,24 AUG 2021,2021,9.,C,Continental Tour,7158250,worldwide
men_800m,Andreas KRAMER,13 APR 1997,1:47.47,,SWE,"Ryavallen, Borås (SWE)",Swedish Championships,29 AUG 2021,2021,1.,B,National Championships,7171770,worldwide
men_800m,Erik MARTINSSON,25 SEP 1996,1:48.47,,SWE,"Ryavallen, Borås (SWE)",Swedish Championships,29 AUG 2021,2021,3.,B,National Championships,7171770,worldwide
men_800m,Johan ROGESTEDT,27 JAN 1993,1:48.54,,SWE,"Ryavallen, Borås (SWE)",Swedish Championships,29 AUG 2021,2021,4.,B,National Championships,7171770,worldwide
men_800m,Samuel PIHLSTRÖM,08 MAR 2001,1:51.42,,SWE,"Ryavallen, Borås (SWE)",Swedish Championships,29 AUG 2021,2021,8.,B,National Championships,7171770,worldwide
men_800m,Catalin TECUCEANU,09 SEP 1999,1:45.19,,ROU,"Stadio Quercia, Rovereto (ITA)",Palio Città della Quercia,31 AUG 2021,2021,1.,B,Continental Tour,7155936,worldwide
men_800m,Elliot GILES,26 MAY 1994,1:45.58,,GBR,"Stadio Quercia, Rovereto (ITA)",Palio Città della Quercia,31 AUG 2021,2021,2.,B,Continental Tour,7155936,worldwide
men_800m,Jake WIGHTMAN,11 JUL 1994,1:46.00,,GBR,"Stadio Quercia, Rovereto (ITA)",Palio Città della Quercia,31 AUG 2021,2021,3.,B,Continental Tour,7155936,worldwide
men_800m,Cornelius TUWEI,24 MAY 1993,1:46.25,,KEN,"Stadio Quercia, Rovereto (ITA)",Palio Città della Quercia,31 AUG 2021,2021,4.,B,Continental Tour,7155936,worldwide
men_800m,Eliott CRESTAN,22 FEB 1999,1:46.31,,BEL,"Stadio Quercia, Rovereto (ITA)",Palio Città della Quercia,31 AUG 2021,2021,5.,B,Continental Tour,7155936,worldwide
men_800m,Erik SOWINSKI,21 DEC 1989,1:46.83,,USA,"Stadio Quercia, Rovereto (ITA)",Palio Città della Quercia,31 AUG 2021,2021,6.,B,Continental Tour,7155936,worldwide
men_800m,Wesley VÁZQUEZ,27 MAR 1994,1:47.57,,PUR,"Stadio Quercia, Rovereto (ITA)",Palio Città della Quercia,31 AUG 2021,2021,7.,B,Continental Tour,7155936,worldwide
men_800m,Collins KIPRUTO,12 APR 1994,1:48.81,,KEN,"Stadio Quercia, Rovereto (ITA)",Palio Città della Quercia,31 AUG 2021,2021,8.,B,Continental Tour,7155936,worldwide
men_800m,Oliver DUSTIN,29 NOV 2000,1:50.28,,GBR,"Stadio Quercia, Rovereto (ITA)",Palio Città della Quercia,31 AUG 2021,2021,9.,B,Continental Tour,7155936,worldwide
men_800m,Simone BARONTINI,05 JAN 1999,1:53.44,,ITA,"Stadio Quercia, Rovereto (ITA)",Palio Città della Quercia,31 AUG 2021,2021,10.,B,Continental Tour,7155936,worldwide
men_800m,Aurele VANDEPUTTE,14 MAY 1995,DNF,,BEL,"Stadio Quercia, Rovereto (ITA)",Palio Città della Quercia,31 AUG 2021,2021,,B,Continental Tour,7155936,worldwide
men_800m,Daniel ROWDEN,09 SEP 1997,DNF,,GBR,"Stadio Quercia, Rovereto (ITA)",Palio Città della Quercia,31 AUG 2021,2021,,B,Continental Tour,7155936,worldwide
men_800m,Wyclife KINYAMAL,02 JUL 1997,1:44.63,,KEN,"Stadion Śląski, Chorzów (POL)",LOTTO Silesia Kamila Skolimowska Memorial,05 SEP 2021,2021,1.,A,Continental Tour,7147616,worldwide
men_800m,Kacper LEWALSKI,07 MAY 2003,1:44.84,,POL,"Stadion Śląski, Chorzów (POL)",LOTTO Silesia Kamila Skolimowska Memorial,05 SEP 2021,2021,2.,A,Continental Tour,7147616,worldwide
men_800m,Daniel ROWDEN,09 SEP 1997,1:44.89,,GBR,"Stadion Śląski, Chorzów (POL)",LOTTO Silesia Kamila Skolimowska Memorial,05 SEP 2021,2021,3.,A,Continental Tour,7147616,worldwide
men_800m,Jake WIGHTMAN,11 JUL 1994,1:44.97,,GBR,"Stadion Śląski, Chorzów (POL)",LOTTO Silesia Kamila Skolimowska Memorial,05 SEP 2021,2021,4.,A,Continental Tour,7147616,worldwide
men_800m,Michael SARUNI,18 JUN 1995,1:45.04,,KEN,"Stadion Śląski, Chorzów (POL)",LOTTO Silesia Kamila Skolimowska Memorial,05 SEP 2021,2021,5.,A,Continental Tour,7147616,worldwide
men_800m,Elliot GILES,26 MAY 1994,1:45.20,,GBR,"Stadion Śląski, Chorzów (POL)",LOTTO Silesia Kamila Skolimowska Memorial,05 SEP 2021,2021,6.,A,Continental Tour,7147616,worldwide
men_800m,Catalin TECUCEANU,09 SEP 1999,1:45.45,,ROU,"Stadion Śląski, Chorzów (POL)",LOTTO Silesia Kamila Skolimowska Memorial,05 SEP 2021,2021,7.,A,Continental Tour,7147616,worldwide
men_800m,Adrián BEN,04 AUG 1998,1:45.69,,ESP,"Stadion Śląski, Chorzów (POL)",LOTTO Silesia Kamila Skolimowska Memorial,05 SEP 2021,2021,8.,A,Continental Tour,7147616,worldwide
men_800m,Gabriel TUAL,09 APR 1998,1:45.86,,FRA,"Stadion Śląski, Chorzów (POL)",LOTTO Silesia Kamila Skolimowska Memorial,05 SEP 2021,2021,9.,A,Continental Tour,7147616,worldwide
men_800m,Collins KIPRUTO,12 APR 1994,1:46.10,,KEN,"Stadion Śląski, Chorzów (POL)",LOTTO Silesia Kamila Skolimowska Memorial,05 SEP 2021,2021,10.,A,Continental Tour,7147616,worldwide
men_800m,Moad ZAHAFI,09 MAY 1998,1:46.35,,MAR,"Stadion Śląski, Chorzów (POL)",LOTTO Silesia Kamila Skolimowska Memorial,05 SEP 2021,2021,11.,A,Continental Tour,7147616,worldwide
men_800m,Patryk DOBEK,13 FEB 1994,1:46.65,,POL,"Stadion Śląski, Chorzów (POL)",LOTTO Silesia Kamila Skolimowska Memorial,05 SEP 2021,2021,12.,A,Continental Tour,7147616,worldwide
men_800m,Elias NGENY,04 MAY 1996,1:47.80,,KEN,"Stadion Śląski, Chorzów (POL)",LOTTO Silesia Kamila Skolimowska Memorial,05 SEP 2021,2021,13.,A,Continental Tour,7147616,worldwide
men_800m,Patryk SIERADZKI,06 OCT 1998,DNF,,POL,"Stadion Śląski, Chorzów (POL)",LOTTO Silesia Kamila Skolimowska Memorial,05 SEP 2021,2021,,A,Continental Tour,7147616,worldwide
men_800m,Tobias GRØNSTAD,06 JUL 2002,1:48.33,,NOR,"Stadion, Kristiansand (NOR)",Norwegian Championships,12 SEP 2021,2021,1.,B,National Championships,7172380,worldwide
men_800m,Sigurd TVEIT,16 MAR 2000,1:48.85,,NOR,"Stadion, Kristiansand (NOR)",Norwegian Championships,12 SEP 2021,2021,2.,B,National Championships,7172380,worldwide
men_800m,Ole Jakob HØSTELAND SOLBU,19 AUG 2003,1:49.62,,NOR,"Stadion, Kristiansand (NOR)",Norwegian Championships,12 SEP 2021,2021,4.,B,National Championships,7172380,worldwide
men_800m,Catalin TECUCEANU,09 SEP 1999,1:44.93,,ROU,"Sports Park Mladost, Zagreb (CRO)",Memorial Borisa Hanžekovića,14 SEP 2021,2021,1.,A,Continental Tour,7147618,worldwide
men_800m,Daniel ROWDEN,09 SEP 1997,1:44.98,,GBR,"Sports Park Mladost, Zagreb (CRO)",Memorial Borisa Hanžekovića,14 SEP 2021,2021,2.,A,Continental Tour,7147618,worldwide
men_800m,Elliot GILES,26 MAY 1994,1:45.01,,GBR,"Sports Park Mladost, Zagreb (CRO)",Memorial Borisa Hanžekovića,14 SEP 2021,2021,3.,A,Continental Tour,7147618,worldwide
men_800m,Peter BOL,22 FEB 1994,1:45.31,,AUS,"Sports Park Mladost, Zagreb (CRO)",Memorial Borisa Hanžekovića,14 SEP 2021,2021,4.,A,Continental Tour,7147618,worldwide
men_800m,Andreas KRAMER,13 APR 1997,1:45.53,,SWE,"Sports Park Mladost, Zagreb (CRO)",Memorial Borisa Hanžekovića,14 SEP 2021,2021,5.,A,Continental Tour,7147618,worldwide
men_800m,Michael SARUNI,18 JUN 1995,1:45.60,,KEN,"Sports Park Mladost, Zagreb (CRO)",Memorial Borisa Hanžekovića,14 SEP 2021,2021,6.,A,Continental Tour,7147618,worldwide
men_800m,Elias NGENY,04 MAY 1996,1:45.81,,KEN,"Sports Park Mladost, Zagreb (CRO)",Memorial Borisa Hanžekovića,14 SEP 2021,2021,7.,A,Continental Tour,7147618,worldwide
men_800m,Thomas RANDOLPH,07 FEB 1999,1:45.83,,GBR,"Sports Park Mladost, Zagreb (CRO)",Memorial Borisa Hanžekovića,14 SEP 2021,2021,8.,A,Continental Tour,7147618,worldwide
men_800m,Žan RUDOLF,09 MAY 1993,1:46.26,,SLO,"Sports Park Mladost, Zagreb (CRO)",Memorial Borisa Hanžekovića,14 SEP 2021,2021,9.,A,Continental Tour,7147618,worldwide
men_800m,Abedin MUJEZINOVIĆ,02 JUN 1993,1:46.57,,BIH,"Sports Park Mladost, Zagreb (CRO)",Memorial Borisa Hanžekovića,14 SEP 2021,2021,10.,A,Continental Tour,7147618,worldwide
men_800m,Efrem MEKONNEN,31 JAN 2001,1:47.18,,ETH,"Sports Park Mladost, Zagreb (CRO)",Memorial Borisa Hanžekovića,14 SEP 2021,2021,11.,A,Continental Tour,7147618,worldwide
men_800m,Wesley VÁZQUEZ,27 MAR 1994,1:47.52,,PUR,"Sports Park Mladost, Zagreb (CRO)",Memorial Borisa Hanžekovića,14 SEP 2021,2021,12.,A,Continental Tour,7147618,worldwide
men_800m,Amel TUKA,09 JAN 1991,DNF,,BIH,"Sports Park Mladost, Zagreb (CRO)",Memorial Borisa Hanžekovića,14 SEP 2021,2021,,A,Continental Tour,7147618,worldwide
men_800m,Patryk SIERADZKI,06 OCT 1998,DNF,,POL,"Sports Park Mladost, Zagreb (CRO)",Memorial Borisa Hanžekovića,14 SEP 2021,2021,,A,Continental Tour,7147618,worldwide
men_800m,Noah KIBET,12 APR 2004,1:44.97,,KEN,"Moi International Sports Centre, Kasarani, Nairobi (KEN)",Kip Keino Classic,18 SEP 2021,2021,1.,A,Continental Tour,7147579,worldwide
men_800m,Collins KIPRUTO,12 APR 1994,1:45.68,,KEN,"Moi International Sports Centre, Kasarani, Nairobi (KEN)",Kip Keino Classic,18 SEP 2021,2021,2.,A,Continental Tour,7147579,worldwide
men_800m,Cornelius TUWEI,24 MAY 1993,1:45.90,,KEN,"Moi International Sports Centre, Kasarani, Nairobi (KEN)",Kip Keino Classic,18 SEP 2021,2021,3.,A,Continental Tour,7147579,worldwide
men_800m,Michael SARUNI,18 JUN 1995,1:45.97,,KEN,"Moi International Sports Centre, Kasarani, Nairobi (KEN)",Kip Keino Classic,18 SEP 2021,2021,4.,A,Continental Tour,7147579,worldwide
men_800m,Ferguson Cheruiyot ROTICH,30 NOV 1989,1:46.22,,KEN,"Moi International Sports Centre, Kasarani, Nairobi (KEN)",Kip Keino Classic,18 SEP 2021,2021,5.,A,Continental Tour,7147579,worldwide
men_800m,Erik SOWINSKI,21 DEC 1989,1:46.28,,USA,"Moi International Sports Centre, Kasarani, Nairobi (KEN)",Kip Keino Classic,18 SEP 2021,2021,6.,A,Continental Tour,7147579,worldwide
men_800m,Aurele VANDEPUTTE,14 MAY 1995,1:46.30,,BEL,"Moi International Sports Centre, Kasarani, Nairobi (KEN)",Kip Keino Classic,18 SEP 2021,2021,7.,A,Continental Tour,7147579,worldwide
men_800m,Abedin MUJEZINOVIĆ,02 JUN 1993,1:47.23,,BIH,"Moi International Sports Centre, Kasarani, Nairobi (KEN)",Kip Keino Classic,18 SEP 2021,2021,8.,A,Continental Tour,7147579,worldwide
men_800m,Wesley VÁZQUEZ,27 MAR 1994,1:48.80,,PUR,"Moi International Sports Centre, Kasarani, Nairobi (KEN)",Kip Keino Classic,18 SEP 2021,2021,9.,A,Continental Tour,7147579,worldwide
men_800m,Thomas RANDOLPH,07 FEB 1999,1:47.65,,GBR,"Fana Stadion, Bergen (NOR)",Trond Mohn Games,18 SEP 2021,2021,1.,C,Continental Tour,7155961,worldwide
men_800m,Luke MCCANN,12 MAR 1998,1:47.66,,IRL,"Fana Stadion, Bergen (NOR)",Trond Mohn Games,18 SEP 2021,2021,2.,C,Continental Tour,7155961,worldwide
men_800m,Sigurd TVEIT,16 MAR 2000,1:48.30,,NOR,"Fana Stadion, Bergen (NOR)",Trond Mohn Games,18 SEP 2021,2021,4.,C,Continental Tour,7155961,worldwide
men_800m,Ole Jakob HØSTELAND SOLBU,19 AUG 2003,1:49.86,,NOR,"Fana Stadion, Bergen (NOR)",Trond Mohn Games,18 SEP 2021,2021,7.,C,Continental Tour,7155961,worldwide
men_800m,Tobias GRØNSTAD,06 JUL 2002,1:51.70,,NOR,"Fana Stadion, Bergen (NOR)",Trond Mohn Games,18 SEP 2021,2021,8.,C,Continental Tour,7155961,worldwide
men_800m,Brad MATHAS,24 JUN 1993,1:52.54,,NZL,Christchurch (NZL),New Zealand Championships,09 MAR 2019,2019,1.,B,National Championships,7128658,worldwide
men_800m,James PRESTON,08 MAY 1997,1:53.22,,NZL,Christchurch (NZL),New Zealand Championships,09 MAR 2019,2019,2.,B,National Championships,7128658,worldwide
men_800m,Hiroki MINAMOTO,24 NOV 1999,1:54.17,,JPN,Christchurch (NZL),New Zealand Championships,09 MAR 2019,2019,OC,B,National Championships,7128658,worldwide
men_800m,Peter BOL,22 FEB 1994,1:46.12,,AUS,Sydney (AUS),Australian Championships,06 APR 2019,2019,1.,B,National Championships,7129309,worldwide
men_800m,Joshua RALPH,27 OCT 1991,1:46.15,,AUS,Sydney (AUS),Australian Championships,06 APR 2019,2019,2.,B,National Championships,7129309,worldwide
men_800m,Mason COHEN,19 SEP 1996,1:46.91,,AUS,Sydney (AUS),Australian Championships,06 APR 2019,2019,3.,B,National Championships,7129309,worldwide
men_800m,Matthew SCOTT,02 MAY 1997,1:47.57,,AUS,Sydney (AUS),Australian Championships,06 APR 2019,2019,4.,B,National Championships,7129309,worldwide
men_800m,Dylan STENSON,30 SEP 1988,1:47.83,,AUS,Sydney (AUS),Australian Championships,06 APR 2019,2019,5.,B,National Championships,7129309,worldwide
men_800m,Joseph DENG,07 JUL 1998,1:49.00,,AUS,Sydney (AUS),Australian Championships,06 APR 2019,2019,7.,B,National Championships,7129309,worldwide
men_800m,James PRESTON,08 MAY 1997,1:49.95,,NZL,Sydney (AUS),Australian Championships,06 APR 2019,2019,OC,B,National Championships,7129309,worldwide
men_800m,Abubaker Haydar ABDALLA,28 AUG 1996,1:44.33,,QAT,Doha (QAT),Asian Athletics Championships,22 APR 2019,2019,1.,GL,Area Champs,7129855,worldwide
men_800m,Ebrahim Remaid ALZOFAIRI,08 MAY 1989,1:46.88,,KUW,Doha (QAT),Asian Athletics Championships,22 APR 2019,2019,2.,GL,Area Champs,7129855,worldwide
men_800m,Jamal HAIRANE,26 MAY 1993,1:47.27,,QAT,Doha (QAT),Asian Athletics Championships,22 APR 2019,2019,3.,GL,Area Champs,7129855,worldwide
men_800m,Abdirahman Saeed HASSAN,13 APR 1997,1:47.71,,QAT,Doha (QAT),Asian Athletics Championships,22 APR 2019,2019,4.,GL,Area Champs,7129855,worldwide
men_800m,Jinson JOHNSON,15 MAR 1991,DNF,,IND,Doha (QAT),Asian Athletics Championships,22 APR 2019,2019,,GL,Area Champs,7129855,worldwide
men_800m,Kabelo Simon MOHLOSI,20 JAN 1993,1:47.40,,RSA,Germiston (RSA),South African Championships,27 APR 2019,2019,1.,B,National Championships,7130043,worldwide
men_800m,Rynhardt VAN RENSBURG,23 MAR 1992,1:47.44,,RSA,Germiston (RSA),South African Championships,27 APR 2019,2019,2.,B,National Championships,7130043,worldwide
men_800m,Tshepo TSHITE,15 JAN 1997,1:47.89,,RSA,Germiston (RSA),South African Championships,27 APR 2019,2019,5.,B,National Championships,7130043,worldwide
men_800m,Adisu GIRMA,10 DEC 1999,1:47.7h,,ETH,Addis Ababa (ETH),Ethiopian Championships,08 MAY 2019,2019,1.,B,National Championships,7138227,worldwide
men_800m,Temam TURA,01 AUG 1998,1:49.0h,,ETH,Addis Ababa (ETH),Ethiopian Championships,08 MAY 2019,2019,4.,B,National Championships,7138227,worldwide
men_800m,Lucirio GARRIDO,08 APR 1992,1:46.27,,VEN,Lima (PER),South American Championships,26 MAY 2019,2019,1.,GL,Area Champs,7131371,worldwide
men_800m,Guilherme KURTZ,27 AUG 1994,1:50.40,,BRA,Lima (PER),South American Championships,26 MAY 2019,2019,9.,GL,Area Champs,7131371,worldwide
men_800m,Chamar CHAMBERS,31 OCT 1997,1:51.82,,PAN,Lima (PER),South American Championships,26 MAY 2019,2019,11.,GL,Area Champs,7131371,worldwide
men_800m,Jesus Tonatiu LÓPEZ,02 AUG 1997,1:47.21,,MEX,Chihuahua (MEX),Mexican Championships,02 JUN 2019,2019,1.,B,National Championships,7131788,worldwide
men_800m,Joshua RALPH,27 OCT 1991,1:49.34,,AUS,Townsville (AUS),Oceania Championships,27 JUN 2019,2019,1.,GL,Area Champs,7132812,worldwide
men_800m,Mason COHEN,19 SEP 1996,1:49.77,,AUS,Townsville (AUS),Oceania Championships,27 JUN 2019,2019,2.,GL,Area Champs,7132812,worldwide
men_800m,Brad MATHAS,24 JUN 1993,1:50.47,,NZL,Townsville (AUS),Oceania Championships,27 JUN 2019,2019,3.,GL,Area Champs,7132812,worldwide
men_800m,James PRESTON,08 MAY 1997,1:52.77,,NZL,Townsville (AUS),Oceania Championships,27 JUN 2019,2019,5.,GL,Area Champs,7132812,worldwide
men_800m,Sho KAWAMOTO,01 MAR 1993,1:46.78,,JPN,Fukuoka (JPN),103rd Japan Championships,28 JUN 2019,2019,2.,B,National Championships,7132877,worldwide
men_800m,Daichi SETOGUCHI,04 AUG 1998,1:49.17,,JPN,Fukuoka (JPN),103rd Japan Championships,28 JUN 2019,2019,4.,B,National Championships,7132877,worldwide
men_800m,Junya MATSUMOTO,28 SEP 2000,1:54.71,,JPN,Fukuoka (JPN),103rd Japan Championships,28 JUN 2019,2019,8.,B,National Championships,7132877,worldwide
men_800m,Mohamed BELBACHIR,11 JAN 1994,1:47.02,,ALG,Napoli (ITA),Universiade,13 JUL 2019,2019,1.,B,FISU,7133328,worldwide
men_800m,Moad ZAHAFI,09 MAY 1998,1:47.64,,MAR,Napoli (ITA),Universiade,13 JUL 2019,2019,2.,B,FISU,7133328,worldwide
men_800m,Lukáš HODBOĎ,02 MAR 1996,1:47.97,,CZE,Napoli (ITA),Universiade,13 JUL 2019,2019,3.,B,FISU,7133328,worldwide
men_800m,Filip ŠNEJDR,16 APR 1995,1:48.08,,CZE,Napoli (ITA),Universiade,13 JUL 2019,2019,4.,B,FISU,7133328,worldwide
men_800m,James PRESTON,08 MAY 1997,1:50.11,,NZL,Napoli (ITA),Universiade,13 JUL 2019,2019,6.,B,FISU,7133328,worldwide
men_800m,Aymeric LUSINE,13 SEP 1995,DQ,,FRA,Napoli (ITA),Universiade,13 JUL 2019,2019,,B,FISU,7133328,worldwide
men_800m,Hamada MOHAMED,22 OCT 1992,1:47.64,,EGY,El Maadi (EGY),Egyptian Championships,25 JUL 2019,2019,1.,B,National Championships,7134187,worldwide
men_800m,Konstantin KHOLMOGOROV,07 FEB 1996,1:46.51,,RUS,Cheboksary (RUS),Russian Championships,25 JUL 2019,2019,1.,B,National Championships,7133966,worldwide
men_800m,Konstantin TOLOKONNIKOV,26 FEB 1996,1:48.42,,RUS,Cheboksary (RUS),Russian Championships,25 JUL 2019,2019,2.,B,National Championships,7133966,worldwide
men_800m,Donavan BRAZIER,15 APR 1997,1:45.62,,USA,"Drake Stadium, Des Moines, IA (USA)",USA Championships,28 JUL 2019,2019,1.,B,National Championships,7133932,worldwide
men_800m,Clayton MURPHY,26 FEB 1995,1:46.01,,USA,"Drake Stadium, Des Moines, IA (USA)",USA Championships,28 JUL 2019,2019,2.,B,National Championships,7133932,worldwide
men_800m,Bryce HOPPEL,05 SEP 1997,1:46.31,,USA,"Drake Stadium, Des Moines, IA (USA)",USA Championships,28 JUL 2019,2019,3.,B,National Championships,7133932,worldwide
men_800m,Isaiah HARRIS,18 OCT 1996,1:46.45,,USA,"Drake Stadium, Des Moines, IA (USA)",USA Championships,28 JUL 2019,2019,4.,B,National Championships,7133932,worldwide
men_800m,Isaiah JEWETT,06 FEB 1997,1:46.66,,USA,"Drake Stadium, Des Moines, IA (USA)",USA Championships,28 JUL 2019,2019,5.,B,National Championships,7133932,worldwide
men_800m,Brannon KIDDER,18 NOV 1993,1:46.98,,USA,"Drake Stadium, Des Moines, IA (USA)",USA Championships,28 JUL 2019,2019,6.,B,National Championships,7133932,worldwide
men_800m,Harun ABDA,01 JAN 1990,1:46.98,,USA,"Drake Stadium, Des Moines, IA (USA)",USA Championships,28 JUL 2019,2019,7.,B,National Championships,7133932,worldwide
men_800m,Robert DOWNS,17 AUG 1994,1:48.35,,USA,"Drake Stadium, Des Moines, IA (USA)",USA Championships,28 JUL 2019,2019,8.,B,National Championships,7133932,worldwide
men_800m,Noah BALTUS,03 FEB 2002,1:55.37,,NED,Den Haag (NED),Dutch Championships,27 JUL 2019,2019,5.,B,National Championships,7133985,worldwide
men_800m,Brandon MCBRIDE,15 JUN 1994,1:44.63,,CAN,Montréal (CAN),Canadian Championships,27 JUL 2019,2019,1.,B,National Championships,7133978,worldwide
men_800m,Marco AROP,20 SEP 1998,1:46.93,,CAN,Montréal (CAN),Canadian Championships,27 JUL 2019,2019,2.,B,National Championships,7133978,worldwide
men_800m,Abdullahi HASSAN,28 JUL 2002,1:47.59,,CAN,Montréal (CAN),Canadian Championships,27 JUL 2019,2019,3.,B,National Championships,7133978,worldwide
men_800m,Filip ŠNEJDR,16 APR 1995,1:47.05,,CZE,Brno (CZE),Czech Championships,27 JUL 2019,2019,1.,B,National Championships,7133998,worldwide
men_800m,Tom DRADRIGA,17 JUN 1996,1:49.21,,UGA,"Mandela National Stadium, Kampala (UGA)",Ugandan Championships,26 JUL 2019,2019,1.,B,National Championships,7134221,worldwide
men_800m,Andreas BUBE,13 JUL 1987,2:01.37,,DEN,Esbjerg (DEN),Danish Championships,28 JUL 2019,2019,1.,B,National Championships,7133990,worldwide
men_800m,Pierre-Ambroise BOSSE,11 MAY 1992,1:48.82,,FRA,St-Etienne (FRA),French Championships,27 JUL 2019,2019,1.,B,National Championships,7133999,worldwide
men_800m,Gabriel TUAL,09 APR 1998,1:49.13,,FRA,St-Etienne (FRA),French Championships,27 JUL 2019,2019,2.,B,National Championships,7133999,worldwide
men_800m,Aymeric LUSINE,13 SEP 1995,1:50.25,,FRA,St-Etienne (FRA),French Championships,27 JUL 2019,2019,3.,B,National Championships,7133999,worldwide
men_800m,Renaud ROSIERE,27 SEP 1993,1:50.75,,FRA,St-Etienne (FRA),French Championships,27 JUL 2019,2019,4.,B,National Championships,7133999,worldwide
men_800m,Hugo HOUYEZ,16 DEC 1995,1:50.97,,FRA,St-Etienne (FRA),French Championships,27 JUL 2019,2019,6.,B,National Championships,7133999,worldwide
men_800m,Hamza BELMIR,06 NOV 1994,1:51.04,,MAR,St-Etienne (FRA),French Championships,27 JUL 2019,2019,OC,B,National Championships,7133999,worldwide
men_800m,Mark ENGLISH,18 MAR 1993,1:48.15,,IRL,Santry (IRL),Irish Championships,27 JUL 2019,2019,1.,B,National Championships,7134011,worldwide
men_800m,John FITZSIMONS,05 MAY 1998,1:48.24,,IRL,Santry (IRL),Irish Championships,27 JUL 2019,2019,2.,B,National Championships,7134011,worldwide
men_800m,Simone BARONTINI,05 JAN 1999,1:47.89,,ITA,"Bressanone, Trentino-Alto Adige (ITA)",Italian Championships,27 JUL 2019,2019,1.,B,National Championships,7134000,worldwide
men_800m,Abedin MUJEZINOVIĆ,02 JUN 1993,1:53.30,,BIH,Zenica (BIH),Bosnia & Herzegovina Championships,28 JUL 2019,2019,1.,B,National Championships,7134098,worldwide
men_800m,Moad ZAHAFI,09 MAY 1998,1:47.79,,MAR,Sale (MAR),Moroccan Championships,27 JUL 2019,2019,1.,B,National Championships,7134077,worldwide
men_800m,Abdellatif SADIKI,15 JAN 1999,1:48.44,,MAR,Sale (MAR),Moroccan Championships,27 JUL 2019,2019,2.,B,National Championships,7134077,worldwide
men_800m,Hafid RIZQY,26 OCT 1997,1:48.84,,MAR,Sale (MAR),Moroccan Championships,27 JUL 2019,2019,4.,B,National Championships,7134077,worldwide
men_800m,Abdelati EL GUESSE,27 FEB 1993,1:49.18,,MAR,Sale (MAR),Moroccan Championships,27 JUL 2019,2019,5.,B,National Championships,7134077,worldwide
men_800m,Cosmin TROFIN,09 JAN 1996,1:52.03,,ROU,Pitesti (ROU),Romanian Championships,31 JUL 2019,2019,2.,B,National Championships,7134119,worldwide
men_800m,Joonas RINNE,20 MAY 1995,1:51.34,,FIN,Lappeenranta (FIN),Finnish Championships,04 AUG 2019,2019,3.,B,National Championships,7134200,worldwide
men_800m,Filip INGEBRIGTSEN,20 APR 1993,1:48.45,,NOR,Hamar (NOR),Norwegian Championships,03 AUG 2019,2019,1.,B,National Championships,7134201,worldwide
men_800m,Sigurd TVEIT,16 MAR 2000,1:51.66,,NOR,Hamar (NOR),Norwegian Championships,03 AUG 2019,2019,4.,B,National Championships,7134201,worldwide
men_800m,Tobias GRØNSTAD,06 JUL 2002,1:52.17,,NOR,Hamar (NOR),Norwegian Championships,03 AUG 2019,2019,5.,B,National Championships,7134201,worldwide
men_800m,Marc REUTHER,23 JUN 1996,1:47.22,,GER,Berlin (GER),German Championships,04 AUG 2019,2019,1.,B,National Championships,7134202,worldwide
men_800m,Robert FARKEN,20 SEP 1997,1:47.48,,GER,Berlin (GER),German Championships,04 AUG 2019,2019,2.,B,National Championships,7134202,worldwide
men_800m,Benedikt HUBER,13 OCT 1989,1:48.01,,GER,Berlin (GER),German Championships,04 AUG 2019,2019,3.,B,National Championships,7134202,worldwide
men_800m,Timothy CHERUIYOT,20 NOV 1995,1:43.11,,KEN,"Nyayo National Stadium, Nairobi (KEN)",Kenyan Championships,22 AUG 2019,2019,1.,B,National Championships,7135133,worldwide
men_800m,Jonathan KITILIT,06 JUL 1995,1:44.50,,KEN,"Nyayo National Stadium, Nairobi (KEN)",Kenyan Championships,22 AUG 2019,2019,2.,B,National Championships,7135133,worldwide
men_800m,Cornelius TUWEI,24 MAY 1993,1:45.30,,KEN,"Nyayo National Stadium, Nairobi (KEN)",Kenyan Championships,22 AUG 2019,2019,3.,B,National Championships,7135133,worldwide
men_800m,Alex Ngeno KIPNGETICH,17 AUG 2000,1:45.50,,KEN,"Nyayo National Stadium, Nairobi (KEN)",Kenyan Championships,22 AUG 2019,2019,4.,B,National Championships,7135133,worldwide
men_800m,Abel KIPSANG,22 NOV 1996,1:46.19,,KEN,"Nyayo National Stadium, Nairobi (KEN)",Kenyan Championships,22 AUG 2019,2019,5.,B,National Championships,7135133,worldwide
men_800m,Gideon KIPLIMO,29 NOV 1999,1:46.29,,KEN,"Nyayo National Stadium, Nairobi (KEN)",Kenyan Championships,22 AUG 2019,2019,6.,B,National Championships,7135133,worldwide
men_800m,Jackson Mumbwa KIVUVA,11 AUG 1989,1:48.69,,KEN,"Nyayo National Stadium, Nairobi (KEN)",Kenyan Championships,22 AUG 2019,2019,8.,B,National Championships,7135133,worldwide
men_800m,Elias NGENY,04 MAY 1996,1:52.14,,KEN,"Nyayo National Stadium, Nairobi (KEN)",Kenyan Championships,22 AUG 2019,2019,9.,B,National Championships,7135133,worldwide
men_800m,Antoine GAKEME,24 DEC 1991,1:47.85,,BDI,"Nyayo National Stadium, Nairobi (KEN)",Kenyan Championships,22 AUG 2019,2019,OC,B,National Championships,7135133,worldwide
men_800m,Mateusz BORKOWSKI,02 APR 1997,1:55.19,,POL,"Stadion im. Marszałka Józefa Piłsudskiego, Radom (POL)",Polish Championships,24 AUG 2019,2019,1.,B,National Championships,7134959,worldwide
men_800m,Michał ROZMYS,13 MAR 1995,1:55.61,,POL,"Stadion im. Marszałka Józefa Piłsudskiego, Radom (POL)",Polish Championships,24 AUG 2019,2019,2.,B,National Championships,7134959,worldwide
men_800m,Patryk SIERADZKI,06 OCT 1998,1:56.00,,POL,"Stadion im. Marszałka Józefa Piłsudskiego, Radom (POL)",Polish Championships,24 AUG 2019,2019,3.,B,National Championships,7134959,worldwide
men_800m,Michael CURTI,08 APR 1994,1:51.52,,SUI,"Stadion Schützenmatte, Basel (SUI)",Swiss Championships,24 AUG 2019,2019,5.,B,National Championships,7134977,worldwide
men_800m,Julien WANDERS,18 MAR 1996,1:51.57,,SUI,"Stadion Schützenmatte, Basel (SUI)",Swiss Championships,24 AUG 2019,2019,6.,B,National Championships,7134977,worldwide
men_800m,Elzan BIBIĆ,08 JAN 1999,1:50.80,,SRB,Kruševac (SRB),Serbian Championships,25 AUG 2019,2019,1.,B,National Championships,7135059,worldwide
men_800m,Spencer THOMAS,26 AUG 1997,1:46.79,,GBR,"Alexander Stadium, Birmingham (GBR)",British Championships,25 AUG 2019,2019,1.,B,National Championships,7134841,worldwide
men_800m,Guy LEARMONTH,20 APR 1992,1:46.79,,GBR,"Alexander Stadium, Birmingham (GBR)",British Championships,25 AUG 2019,2019,2.,B,National Championships,7134841,worldwide
men_800m,Jamie WEBB,01 JUN 1994,1:46.84,,GBR,"Alexander Stadium, Birmingham (GBR)",British Championships,25 AUG 2019,2019,3.,B,National Championships,7134841,worldwide
men_800m,Elliot GILES,26 MAY 1994,1:47.17,,GBR,"Alexander Stadium, Birmingham (GBR)",British Championships,25 AUG 2019,2019,4.,B,National Championships,7134841,worldwide
men_800m,Alex BOTTERILL,18 JAN 2000,1:47.90,,GBR,"Alexander Stadium, Birmingham (GBR)",British Championships,25 AUG 2019,2019,5.,B,National Championships,7134841,worldwide
men_800m,Piers COPELAND,26 NOV 1998,1:48.03,,GBR,"Alexander Stadium, Birmingham (GBR)",British Championships,25 AUG 2019,2019,6.,B,National Championships,7134841,worldwide
men_800m,Kyle LANGFORD,02 FEB 1996,1:49.18,,GBR,"Alexander Stadium, Birmingham (GBR)",British Championships,25 AUG 2019,2019,8.,B,National Championships,7134841,worldwide
men_800m,Matheus Americo MEDEIROS PESSOA,09 APR 1996,1:48.33,,BRA,"CNDA, Bragança Paulista (BRA)",Brazilian Championships,31 AUG 2019,2019,1.,B,National Championships,7135145,worldwide
men_800m,Guilherme KURTZ,27 AUG 1994,1:49.22,,BRA,"CNDA, Bragança Paulista (BRA)",Brazilian Championships,31 AUG 2019,2019,4.,B,National Championships,7135145,worldwide
men_800m,Andreas KRAMER,13 APR 1997,1:47.17,,SWE,"Tingvalla IP, Karlstad (SWE)",Swedish Championships,01 SEP 2019,2019,1.,B,National Championships,7135338,worldwide
men_800m,Erik MARTINSSON,25 SEP 1996,1:48.75,,SWE,"Tingvalla IP, Karlstad (SWE)",Swedish Championships,01 SEP 2019,2019,2.,B,National Championships,7135338,worldwide
men_800m,Felix FRANCOIS,08 NOV 1990,1:52.13,,SWE,"Tingvalla IP, Karlstad (SWE)",Swedish Championships,01 SEP 2019,2019,7.,B,National Championships,7135338,worldwide
men_800m,Mariano GARCÍA,25 SEP 1997,1:47.22,,ESP,"Estadi Olímpic Camilo Cano, La Nucia (ESP)",Spanish Championships,01 SEP 2019,2019,1.,B,National Championships,7135362,worldwide
men_800m,Adrián BEN,04 AUG 1998,1:47.28,,ESP,"Estadi Olímpic Camilo Cano, La Nucia (ESP)",Spanish Championships,01 SEP 2019,2019,2.,B,National Championships,7135362,worldwide
men_800m,Álvaro DE ARRIBA,02 JUN 1994,1:47.45,,ESP,"Estadi Olímpic Camilo Cano, La Nucia (ESP)",Spanish Championships,01 SEP 2019,2019,3.,B,National Championships,7135362,worldwide
men_800m,Ignacio FONTES,22 JUN 1998,1:47.85,,ESP,"Estadi Olímpic Camilo Cano, La Nucia (ESP)",Spanish Championships,01 SEP 2019,2019,4.,B,National Championships,7135362,worldwide
men_800m,Pablo SÁNCHEZ-VALLADARES,12 NOV 1997,1:48.31,,ESP,"Estadi Olímpic Camilo Cano, La Nucia (ESP)",Spanish Championships,01 SEP 2019,2019,5.,B,National Championships,7135362,worldwide
men_800m,Javier MIRON,13 DEC 1999,1:48.36,,ESP,"Estadi Olímpic Camilo Cano, La Nucia (ESP)",Spanish Championships,01 SEP 2019,2019,6.,B,National Championships,7135362,worldwide
men_800m,Eliott CRESTAN,22 FEB 1999,1:48.43,,BEL,"Boudewijnstadion, Bruxelles (BEL)",Belgian Championships,01 SEP 2019,2019,1.,B,National Championships,7135363,worldwide
men_800m,Aurele VANDEPUTTE,14 MAY 1995,1:49.20,,BEL,"Boudewijnstadion, Bruxelles (BEL)",Belgian Championships,01 SEP 2019,2019,3.,B,National Championships,7135363,worldwide
men_800m,Pieter SISK,08 DEC 1999,1:49.83,,BEL,"Boudewijnstadion, Bruxelles (BEL)",Belgian Championships,01 SEP 2019,2019,4.,B,National Championships,7135363,worldwide
men_800m,Luke MATHEWS,21 JUN 1995,1:45.90,,AUS,Gold Coast (AUS),Australian Championships,17 FEB 2018,2018,1.,B,National Championships,7115993,worldwide
men_800m,Joshua RALPH,27 OCT 1991,1:46.85,,AUS,Gold Coast (AUS),Australian Championships,17 FEB 2018,2018,2.,B,National Championships,7115993,worldwide
men_800m,Jeffrey RISELEY,11 NOV 1986,1:47.04,,AUS,Gold Coast (AUS),Australian Championships,17 FEB 2018,2018,3.,B,National Championships,7115993,worldwide
men_800m,Dylan STENSON,30 SEP 1988,1:47.25,,AUS,Gold Coast (AUS),Australian Championships,17 FEB 2018,2018,4.,B,National Championships,7115993,worldwide
men_800m,Matthew SCOTT,02 MAY 1997,1:47.79,,AUS,Gold Coast (AUS),Australian Championships,17 FEB 2018,2018,6.,B,National Championships,7115993,worldwide
men_800m,Peter BOL,22 FEB 1994,1:47.94,,AUS,Gold Coast (AUS),Australian Championships,17 FEB 2018,2018,7.,B,National Championships,7115993,worldwide
men_800m,Brad MATHAS,24 JUN 1993,1:49.49,,NZL,Hamilton (NZL),New Zealand Championships,10 MAR 2018,2018,1.,B,National Championships,7116659,worldwide
men_800m,James PRESTON,08 MAY 1997,1:50.01,,NZL,Hamilton (NZL),New Zealand Championships,10 MAR 2018,2018,2.,B,National Championships,7116659,worldwide
men_800m,Tshepo TSHITE,15 JAN 1997,1:46.04,,RSA,Pretoria (RSA),South African Championships,17 MAR 2018,2018,1.,B,National Championships,7116785,worldwide
men_800m,Rynhardt VAN RENSBURG,23 MAR 1992,1:46.67,,RSA,Pretoria (RSA),South African Championships,17 MAR 2018,2018,2.,B,National Championships,7116785,worldwide
men_800m,Kabelo Simon MOHLOSI,20 JAN 1993,1:49.04,,RSA,Pretoria (RSA),South African Championships,17 MAR 2018,2018,5.,B,National Championships,7116785,worldwide
men_800m,Tolesa BODENA,18 FEB 2000,1:46.2h,,ETH,Addis Ababa (ETH),Ethiopian Championships,19 APR 2018,2018,1.,B,National Championships,7118014,worldwide
men_800m,Teddese LEMI,20 JAN 1999,1:46.5h,,ETH,Addis Ababa (ETH),Ethiopian Championships,19 APR 2018,2018,2.,B,National Championships,7118014,worldwide
men_800m,Temam TURA,01 AUG 1998,1:48.3h,,ETH,Addis Ababa (ETH),Ethiopian Championships,19 APR 2018,2018,6.,B,National Championships,7118014,worldwide
men_800m,Lucirio GARRIDO,08 APR 1992,1:49.65,,VEN,Barquisimeto (VEN),Venezuelan Championships,05 MAY 2018,2018,1.,B,National Championships,7118452,worldwide
men_800m,Jose MAITA,17 APR 1998,1:52.24,,VEN,Barquisimeto (VEN),Venezuelan Championships,05 MAY 2018,2018,2.,B,National Championships,7118452,worldwide
men_800m,Jesus Tonatiu LÓPEZ,02 AUG 1997,1:46.58,,MEX,Monterrey (MEX),Mexican Championships,03 JUN 2018,2018,1.,B,National Championships,7119433,worldwide
men_800m,Jonathan KITILIT,06 JUL 1995,1:43.46,,KEN,Nairobi (KEN),Kenyan Championships,23 JUN 2018,2018,1.,B,National Championships,7120350,worldwide
men_800m,Ferguson Cheruiyot ROTICH,30 NOV 1989,1:44.26,,KEN,Nairobi (KEN),Kenyan Championships,23 JUN 2018,2018,2.,B,National Championships,7120350,worldwide
men_800m,Jackson Mumbwa KIVUVA,11 AUG 1989,1:44.73,,KEN,Nairobi (KEN),Kenyan Championships,23 JUN 2018,2018,3.,B,National Championships,7120350,worldwide
men_800m,Boaz KIPRUGUT,18 MAY 1998,1:45.22,,KEN,Nairobi (KEN),Kenyan Championships,23 JUN 2018,2018,4.,B,National Championships,7120350,worldwide
men_800m,Cornelius TUWEI,24 MAY 1993,1:45.28,,KEN,Nairobi (KEN),Kenyan Championships,23 JUN 2018,2018,5.,B,National Championships,7120350,worldwide
men_800m,Moses Kipkemboi KIBET,20 NOV 1994,1:45.62,,KEN,Nairobi (KEN),Kenyan Championships,23 JUN 2018,2018,6.,B,National Championships,7120350,worldwide
men_800m,Nicholas Kiplangat KIPKOECH,22 OCT 1992,1:46.03,,KEN,Nairobi (KEN),Kenyan Championships,23 JUN 2018,2018,7.,B,National Championships,7120350,worldwide
men_800m,Edwin Kiplagat MELLY,23 APR 1994,1:48.45,,KEN,Nairobi (KEN),Kenyan Championships,23 JUN 2018,2018,8.,B,National Championships,7120350,worldwide
men_800m,Clayton MURPHY,26 FEB 1995,1:46.50,,USA,"Drake Stadium, Des Moines, IA (USA)",Des Moines USA Championships,24 JUN 2018,2018,1.,B,National Championships,7120163,worldwide
men_800m,Isaiah HARRIS,18 OCT 1996,1:47.11,,USA,"Drake Stadium, Des Moines, IA (USA)",Des Moines USA Championships,24 JUN 2018,2018,2.,B,National Championships,7120163,worldwide
men_800m,Erik SOWINSKI,21 DEC 1989,1:47.76,,USA,"Drake Stadium, Des Moines, IA (USA)",Des Moines USA Championships,24 JUN 2018,2018,3.,B,National Championships,7120163,worldwide
men_800m,Brandon LASATER,09 OCT 1992,1:48.27,,USA,"Drake Stadium, Des Moines, IA (USA)",Des Moines USA Championships,24 JUN 2018,2018,4.,B,National Championships,7120163,worldwide
men_800m,Drew PIAZZA,28 JAN 1995,1:48.36,,USA,"Drake Stadium, Des Moines, IA (USA)",Des Moines USA Championships,24 JUN 2018,2018,5.,B,National Championships,7120163,worldwide
men_800m,Robert FORD,08 MAR 1996,1:48.44,,USA,"Drake Stadium, Des Moines, IA (USA)",Des Moines USA Championships,24 JUN 2018,2018,6.,B,National Championships,7120163,worldwide
men_800m,Jesse GARN,04 JUN 1993,1:48.45,,USA,"Drake Stadium, Des Moines, IA (USA)",Des Moines USA Championships,24 JUN 2018,2018,7.,B,National Championships,7120163,worldwide
men_800m,Abraham ALVARADO,04 AUG 1995,DQ,,USA,"Drake Stadium, Des Moines, IA (USA)",Des Moines USA Championships,24 JUN 2018,2018,,B,National Championships,7120163,worldwide
men_800m,Djoao LOBLES,14 JAN 2001,1:53.61,,NED,Utrecht (NED),Dutch Championships,24 JUN 2018,2018,6.,B,National Championships,7120180,worldwide
men_800m,Sho KAWAMOTO,01 MAR 1993,1:48.35,,JPN,Yamaguchi (JPN),Japan Championships,23 JUN 2018,2018,1.,B,National Championships,7120237,worldwide
men_800m,Andre COLEBROOK,08 MAR 1994,1:55.83,,BAH,Nassau (BAH),Bahamas Championships,23 JUN 2018,2018,1.,B,National Championships,7120311,worldwide
men_800m,Tamás KAZI,16 MAY 1985,1:52.98,,HUN,Székesfehérvár (HUN),Hungarian Championships,24 JUN 2018,2018,3.,B,National Championships,7120217,worldwide
men_800m,Handal ROBAN,05 SEP 2002,1:58.96,,VIN,Port-of-Spain (TTO),Trinidad & Tobago Championships,24 JUN 2018,2018,OC,B,National Championships,7120346,worldwide
men_800m,Álvaro DE ARRIBA,02 JUN 1994,1:47.43,,ESP,Tarragona (ESP),Tarragona Mediterran Games,30 JUN 2018,2018,1.,C,Area Regional Champs,7120437,worldwide
men_800m,Mostafa SMAILI,09 JAN 1997,1:47.56,,MAR,Tarragona (ESP),Tarragona Mediterran Games,30 JUN 2018,2018,2.,C,Area Regional Champs,7120437,worldwide
men_800m,Abedin MUJEZINOVIĆ,02 JUN 1993,1:48.07,,BIH,Tarragona (ESP),Tarragona Mediterran Games,30 JUN 2018,2018,3.,C,Area Regional Champs,7120437,worldwide
men_800m,Yassine HETHAT,30 AUG 1991,1:48.21,,ALG,Tarragona (ESP),Tarragona Mediterran Games,30 JUN 2018,2018,4.,C,Area Regional Champs,7120437,worldwide
men_800m,Daniel ANDÚJAR,14 MAY 1994,1:48.72,,ESP,Tarragona (ESP),Tarragona Mediterran Games,30 JUN 2018,2018,5.,C,Area Regional Champs,7120437,worldwide
men_800m,Mohamed BELBACHIR,11 JAN 1994,1:49.41,,ALG,Tarragona (ESP),Tarragona Mediterran Games,30 JUN 2018,2018,6.,C,Area Regional Champs,7120437,worldwide
men_800m,Riadh CHNINNI,15 MAR 1997,1:50.51,,TUN,Tarragona (ESP),Tarragona Mediterran Games,30 JUN 2018,2018,8.,C,Area Regional Champs,7120437,worldwide
men_800m,Elliot GILES,26 MAY 1994,1:50.28,,GBR,Birmingham (GBR),British Championships,01 JUL 2018,2018,1.,B,National Championships,7120496,worldwide
men_800m,Daniel ROWDEN,09 SEP 1997,1:50.37,,GBR,Birmingham (GBR),British Championships,01 JUL 2018,2018,2.,B,National Championships,7120496,worldwide
men_800m,Guy LEARMONTH,20 APR 1992,1:50.43,,GBR,Birmingham (GBR),British Championships,01 JUL 2018,2018,3.,B,National Championships,7120496,worldwide
men_800m,Andrew OSAGIE,19 FEB 1988,1:50.44,,GBR,Birmingham (GBR),British Championships,01 JUL 2018,2018,4.,B,National Championships,7120496,worldwide
men_800m,Jamie WEBB,01 JUN 1994,1:50.84,,GBR,Birmingham (GBR),British Championships,01 JUL 2018,2018,5.,B,National Championships,7120496,worldwide
men_800m,Alex BOTTERILL,18 JAN 2000,1:51.01,,GBR,Birmingham (GBR),British Championships,01 JUL 2018,2018,7.,B,National Championships,7120496,worldwide
men_800m,Marco AROP,20 SEP 1998,1:46.15,,CAN,Ottawa (CAN),Canadian Championships,08 JUL 2018,2018,1.,B,National Championships,7120563,worldwide
men_800m,Brandon MCBRIDE,15 JUN 1994,1:46.42,,CAN,Ottawa (CAN),Canadian Championships,08 JUL 2018,2018,2.,B,National Championships,7120563,worldwide
men_800m,Robert HEPPENSTALL,28 FEB 1997,1:49.68,,CAN,Ottawa (CAN),Canadian Championships,08 JUL 2018,2018,3.,B,National Championships,7120563,worldwide
men_800m,Cameron PROCEVIAT,20 SEP 1993,1:52.05,,CAN,Ottawa (CAN),Canadian Championships,08 JUL 2018,2018,6.,B,National Championships,7120563,worldwide
men_800m,Pierre-Ambroise BOSSE,11 MAY 1992,1:46.66,,FRA,Albi (FRA),French Championships,08 JUL 2018,2018,2.,B,National Championships,7120754,worldwide
men_800m,Aymeric LUSINE,13 SEP 1995,1:47.91,,FRA,Albi (FRA),French Championships,08 JUL 2018,2018,3.,B,National Championships,7120754,worldwide
men_800m,Gabriel TUAL,09 APR 1998,1:48.32,,FRA,Albi (FRA),French Championships,08 JUL 2018,2018,4.,B,National Championships,7120754,worldwide
men_800m,Hugo HOUYEZ,16 DEC 1995,1:49.26,,FRA,Albi (FRA),French Championships,08 JUL 2018,2018,6.,B,National Championships,7120754,worldwide
men_800m,Nasredine KHATIR,30 JAN 1995,DNF,,FRA,Albi (FRA),French Championships,08 JUL 2018,2018,,B,National Championships,7120754,worldwide
men_800m,Sammy KIRONGO,04 FEB 1994,1:46.21,,KEN,Albi (FRA),French Championships,08 JUL 2018,2018,OC,B,National Championships,7120754,worldwide
men_800m,Jeremiah Kipkorir MUTAI,27 DEC 1992,1:47.64,,KEN,Albi (FRA),French Championships,08 JUL 2018,2018,OC,B,National Championships,7120754,worldwide
men_800m,Ivan IVANOV,09 MAR 2002,1:57.40,,BUL,Sofia (BUL),Bulgarian Championships,08 JUL 2018,2018,1.,B,National Championships,7120813,worldwide
men_800m,Abraham Kipchirchir ROTICH,26 SEP 1993,1:49.81,,BRN,Amman (JOR),Amman West Asian Championships,11 JUL 2018,2018,1.,E,Area Regional Champs,7121381,worldwide
men_800m,Ebrahim Remaid ALZOFAIRI,08 MAY 1989,1:50.75,,KUW,Amman (JOR),Amman West Asian Championships,11 JUL 2018,2018,2.,E,Area Regional Champs,7121381,worldwide
men_800m,Bienvenu SAWADOGO,31 DEC 1995,1:58.19,,BUR,Ouagadougou (BUR),Burkina Faso Championships,18 JUL 2018,2018,1.,B,National Championships,7123779,worldwide
men_800m,Joonas RINNE,20 MAY 1995,1:49.65,,FIN,Jyväskylä (FIN),Finnish Championships,22 JUL 2018,2018,2.,B,National Championships,7121160,worldwide
men_800m,Sergey DUBROVSKIY,20 JAN 1995,1:46.79,,RUS,Kazan (RUS),Russian Championships,20 JUL 2018,2018,1.,B,National Championships,7121221,worldwide
men_800m,Konstantin KHOLMOGOROV,07 FEB 1996,1:48.01,,RUS,Kazan (RUS),Russian Championships,20 JUL 2018,2018,2.,B,National Championships,7121221,worldwide
men_800m,Benedikt HUBER,13 OCT 1989,1:47.32,,GER,Nürnberg (GER),German Championships,22 JUL 2018,2018,1.,B,National Championships,7121177,worldwide
men_800m,Christoph KESSLER,28 APR 1995,1:47.60,,GER,Nürnberg (GER),German Championships,22 JUL 2018,2018,2.,B,National Championships,7121177,worldwide
men_800m,Marc REUTHER,23 JUN 1996,1:47.70,,GER,Nürnberg (GER),German Championships,22 JUL 2018,2018,3.,B,National Championships,7121177,worldwide
men_800m,Marcin LEWANDOWSKI,13 JUN 1987,1:50.27,,POL,Lublin (POL),Polish Championships,22 JUL 2018,2018,1.,B,National Championships,7121185,worldwide
men_800m,Mateusz BORKOWSKI,02 APR 1997,1:50.37,,POL,Lublin (POL),Polish Championships,22 JUL 2018,2018,2.,B,National Championships,7121185,worldwide
men_800m,Michał ROZMYS,13 MAR 1995,1:51.02,,POL,Lublin (POL),Polish Championships,22 JUL 2018,2018,3.,B,National Championships,7121185,worldwide
men_800m,Patryk SIERADZKI,06 OCT 1998,1:52.61,,POL,Lublin (POL),Polish Championships,22 JUL 2018,2018,5.,B,National Championships,7121185,worldwide
men_800m,Álvaro DE ARRIBA,02 JUN 1994,1:48.83,,ESP,Getafe (ESP),Spanish Championships,22 JUL 2018,2018,1.,B,National Championships,7121199,worldwide
men_800m,Saúl ORDÓÑEZ,10 APR 1994,1:49.19,,ESP,Getafe (ESP),Spanish Championships,22 JUL 2018,2018,2.,B,National Championships,7121199,worldwide
men_800m,Daniel ANDÚJAR,14 MAY 1994,1:49.30,,ESP,Getafe (ESP),Spanish Championships,22 JUL 2018,2018,3.,B,National Championships,7121199,worldwide
men_800m,Pablo SÁNCHEZ-VALLADARES,12 NOV 1997,1:50.28,,ESP,Getafe (ESP),Spanish Championships,22 JUL 2018,2018,6.,B,National Championships,7121199,worldwide
men_800m,Fouad EL KAAM,27 MAY 1988,1:48.32,,MAR,Kenitra (MAR),Moroccan Championships,24 JUL 2018,2018,1.,B,National Championships,7121962,worldwide
men_800m,Moad ZAHAFI,09 MAY 1998,1:48.53,,MAR,Kenitra (MAR),Moroccan Championships,24 JUL 2018,2018,2.,B,National Championships,7121962,worldwide
men_800m,Abdelati EL GUESSE,27 FEB 1993,1:49.25,,MAR,Kenitra (MAR),Moroccan Championships,24 JUL 2018,2018,3.,B,National Championships,7121962,worldwide
men_800m,Cosmin TROFIN,09 JAN 1996,1:47.13,,ROU,Pitesti (ROU),Romanian Championships,27 JUL 2018,2018,1.,B,National Championships,7121337,worldwide
men_800m,Catalin TECUCEANU,09 SEP 1999,1:52.77,,ROU,Pitesti (ROU),Romanian Championships,27 JUL 2018,2018,4.,B,National Championships,7121337,worldwide
men_800m,Lukáš HODBOĎ,02 MAR 1996,1:47.36,,CZE,Kladno (CZE),Czech Championships,29 JUL 2018,2018,1.,B,National Championships,7121347,worldwide
men_800m,Kaur KIVISTIK,29 APR 1991,1:52.39,,EST,Tallinn (EST),Estonian Championships,29 JUL 2018,2018,4.,B,National Championships,7121351,worldwide
men_800m,Mark ENGLISH,18 MAR 1993,1:50.82,,IRL,Dublin (IRL),Irish Championships,28 JUL 2018,2018,1.,B,National Championships,7121350,worldwide
men_800m,John FITZSIMONS,05 MAY 1998,1:51.05,,IRL,Dublin (IRL),Irish Championships,28 JUL 2018,2018,2.,B,National Championships,7121350,worldwide
men_800m,Jesus Tonatiu LÓPEZ,02 AUG 1997,1:45.2h,,MEX,Barranquilla (COL),Barranquilla CAC Games,30 JUL 2018,2018,1.,C,Area Regional Champs,7121357,worldwide
men_800m,Ryan SÁNCHEZ,22 SEP 1998,1:46.3h,,PUR,Barranquilla (COL),Barranquilla CAC Games,30 JUL 2018,2018,2.,C,Area Regional Champs,7121357,worldwide
men_800m,Wesley VÁZQUEZ,27 MAR 1994,1:46.6h,,PUR,Barranquilla (COL),Barranquilla CAC Games,30 JUL 2018,2018,3.,C,Area Regional Champs,7121357,worldwide
men_800m,Nijel AMOS,15 MAR 1994,1:45.20,,BOT,"Stephen Keshi Stadium, Asaba (NGR)",African Championships,03 AUG 2018,2018,1.,GL,Area Champs,7121417,worldwide
men_800m,Emmanuel Kipkurui KORIR,15 JUN 1995,1:45.65,,KEN,"Stephen Keshi Stadium, Asaba (NGR)",African Championships,03 AUG 2018,2018,2.,GL,Area Champs,7121417,worldwide
men_800m,Mostafa SMAILI,09 JAN 1997,1:45.90,,MAR,"Stephen Keshi Stadium, Asaba (NGR)",African Championships,03 AUG 2018,2018,3.,GL,Area Champs,7121417,worldwide
men_800m,Antoine GAKEME,24 DEC 1991,1:45.91,,BDI,"Stephen Keshi Stadium, Asaba (NGR)",African Championships,03 AUG 2018,2018,4.,GL,Area Champs,7121417,worldwide
men_800m,Ferguson Cheruiyot ROTICH,30 NOV 1989,1:46.33,,KEN,"Stephen Keshi Stadium, Asaba (NGR)",African Championships,03 AUG 2018,2018,5.,GL,Area Champs,7121417,worldwide
men_800m,Jonathan KITILIT,06 JUL 1995,1:46.88,,KEN,"Stephen Keshi Stadium, Asaba (NGR)",African Championships,03 AUG 2018,2018,6.,GL,Area Champs,7121417,worldwide
men_800m,Edose IBADIN,27 FEB 1993,1:48.31,,NGR,"Stephen Keshi Stadium, Asaba (NGR)",African Championships,03 AUG 2018,2018,7.,GL,Area Champs,7121417,worldwide
men_800m,Riadh CHNINNI,15 MAR 1997,1:51.46,,TUN,"Stephen Keshi Stadium, Asaba (NGR)",African Championships,03 AUG 2018,2018,8.,GL,Area Champs,7121417,worldwide
men_800m,Adam KSZCZOT,02 SEP 1989,1:44.59,,POL,"Olympiastadion, Berlin (GER)",European Athletics Championships,11 AUG 2018,2018,1.,GL,Area Champs,7105084,worldwide
men_800m,Andreas KRAMER,13 APR 1997,1:45.03,,SWE,"Olympiastadion, Berlin (GER)",European Athletics Championships,11 AUG 2018,2018,2.,GL,Area Champs,7105084,worldwide
men_800m,Pierre-Ambroise BOSSE,11 MAY 1992,1:45.30,,FRA,"Olympiastadion, Berlin (GER)",European Athletics Championships,11 AUG 2018,2018,3.,GL,Area Champs,7105084,worldwide
men_800m,Michał ROZMYS,13 MAR 1995,1:45.32,,POL,"Olympiastadion, Berlin (GER)",European Athletics Championships,11 AUG 2018,2018,4.,GL,Area Champs,7105084,worldwide
men_800m,Mateusz BORKOWSKI,02 APR 1997,1:45.42,,POL,"Olympiastadion, Berlin (GER)",European Athletics Championships,11 AUG 2018,2018,5.,GL,Area Champs,7105084,worldwide
men_800m,Andreas BUBE,13 JUL 1987,1:45.92,,DEN,"Olympiastadion, Berlin (GER)",European Athletics Championships,11 AUG 2018,2018,6.,GL,Area Champs,7105084,worldwide
men_800m,Álvaro DE ARRIBA,02 JUN 1994,1:46.41,,ESP,"Olympiastadion, Berlin (GER)",European Athletics Championships,11 AUG 2018,2018,7.,GL,Area Champs,7105084,worldwide
men_800m,Lukáš HODBOĎ,02 MAR 1996,1:46.60,,CZE,"Olympiastadion, Berlin (GER)",European Athletics Championships,11 AUG 2018,2018,8.,GL,Area Champs,7105084,worldwide
men_800m,Brandon MCBRIDE,15 JUN 1994,1:46.14,,CAN,Toronto (CAN),Toronto NACAC Championships,11 AUG 2018,2018,1.,GL,Area Champs,7121537,worldwide
men_800m,Marco AROP,20 SEP 1998,1:46.82,,CAN,Toronto (CAN),Toronto NACAC Championships,11 AUG 2018,2018,2.,GL,Area Champs,7121537,worldwide
men_800m,Wesley VÁZQUEZ,27 MAR 1994,1:47.63,,PUR,Toronto (CAN),Toronto NACAC Championships,11 AUG 2018,2018,3.,GL,Area Champs,7121537,worldwide
men_800m,Drew PIAZZA,28 JAN 1995,1:48.31,,USA,Toronto (CAN),Toronto NACAC Championships,11 AUG 2018,2018,5.,GL,Area Champs,7121537,worldwide
men_800m,Brandon LASATER,09 OCT 1992,1:50.91,,USA,Toronto (CAN),Toronto NACAC Championships,11 AUG 2018,2018,6.,GL,Area Champs,7121537,worldwide
men_800m,Thomas Arne ROTH,11 FEB 1991,1:50.63,,NOR,Byrkjelo (NOR),Norwegian Championships,19 AUG 2018,2018,1.,B,National Championships,7121646,worldwide
men_800m,Filip INGEBRIGTSEN,20 APR 1993,1:50.78,,NOR,Byrkjelo (NOR),Norwegian Championships,19 AUG 2018,2018,2.,B,National Championships,7121646,worldwide
men_800m,Sigurd TVEIT,16 MAR 2000,1:52.92,,NOR,Byrkjelo (NOR),Norwegian Championships,19 AUG 2018,2018,5.,B,National Championships,7121646,worldwide
men_800m,Andreas KRAMER,13 APR 1997,1:47.82,,SWE,Eskilstuna (SWE),Swedish Championships,26 AUG 2018,2018,1.,B,National Championships,7121778,worldwide
men_800m,Andreas ALMGREN,12 JUN 1995,1:50.40,,SWE,Eskilstuna (SWE),Swedish Championships,26 AUG 2018,2018,4.,B,National Championships,7121778,worldwide
men_800m,Hamada MOHAMED,22 OCT 1992,1:51.31,,EGY,Cairo (EGY),Egyptian Championships,07 SEP 2018,2018,1.,B,National Championships,7133988,worldwide
men_800m,Gabriele AQUARO,02 APR 1997,1:49.78,,ITA,Pescara (ITA),Italian Championships,08 SEP 2018,2018,2.,B,National Championships,7122096,worldwide
men_800m,Matheus Americo MEDEIROS PESSOA,09 APR 1996,1:47.47,,BRA,Bragança Paulista (BRA),Brazilian Championships,16 SEP 2018,2018,1.,B,National Championships,7122255,worldwide
men_800m,Guilherme KURTZ,27 AUG 1994,1:49.17,,BRA,Bragança Paulista (BRA),Brazilian Championships,16 SEP 2018,2018,4.,B,National Championships,7122255,worldwide
men_800m,Louey OUERRAT,04 NOV 2004,1:43.57,,FRA,"Stadio Comunale, Bellinzona (SUI)",GalAthletics Bellinzona,30 AUG 2026,2026,1.,B,Continental Tour,7234838,worldwide
men_800m,Gabriel TUAL,09 APR 1998,1:44.34,,FRA,"Stadio Comunale, Bellinzona (SUI)",GalAthletics Bellinzona,30 AUG 2026,2026,2.,B,Continental Tour,7234838,worldwide
men_800m,Abraham ALVARADO,04 AUG 1995,1:44.76,,MEX,"Stadio Comunale, Bellinzona (SUI)",GalAthletics Bellinzona,30 AUG 2026,2026,3.,B,Continental Tour,7234838,worldwide
men_800m,Abdelati EL GUESSE,27 FEB 1993,1:44.91,,MAR,"Stadio Comunale, Bellinzona (SUI)",GalAthletics Bellinzona,30 AUG 2026,2026,4.,B,Continental Tour,7234838,worldwide
men_800m,Corentin LE CLEZIO,24 SEP 1999,1:44.91,,FRA,"Stadio Comunale, Bellinzona (SUI)",GalAthletics Bellinzona,30 AUG 2026,2026,5.,B,Continental Tour,7234838,worldwide
men_800m,Ramon WIPFLI,30 JUN 2004,1:45.29,,SUI,"Stadio Comunale, Bellinzona (SUI)",GalAthletics Bellinzona,30 AUG 2026,2026,6.,B,Continental Tour,7234838,worldwide
men_800m,Ivan PELIZZA,17 DEC 2000,1:46.00,,SUI,"Stadio Comunale, Bellinzona (SUI)",GalAthletics Bellinzona,30 AUG 2026,2026,7.,B,Continental Tour,7234838,worldwide
men_800m,Peyton CRAIG,28 MAR 2005,1:47.90,,AUS,"Stadio Comunale, Bellinzona (SUI)",GalAthletics Bellinzona,30 AUG 2026,2026,10.,B,Continental Tour,7234838,worldwide
men_800m,Yusuf BIZIMANA,06 SEP 2000,1:44.02,,GBR,"Centro Gabre Gabric, Brescia (ITA)",Grand Prix Brescia,30 AUG 2026,2026,1.,B,Continental Tour,7234691,worldwide
men_800m,Yanis MEZIANE,26 JAN 2002,1:44.26,,FRA,"Centro Gabre Gabric, Brescia (ITA)",Grand Prix Brescia,30 AUG 2026,2026,2.,B,Continental Tour,7234691,worldwide
men_800m,Laban Kipkorir CHEPKWONY,14 APR 1996,1:44.44,,KEN,"Centro Gabre Gabric, Brescia (ITA)",Grand Prix Brescia,30 AUG 2026,2026,3.,B,Continental Tour,7234691,worldwide
men_800m,Filip OSTROWSKI,12 JUL 2001,1:44.62,,POL,"Centro Gabre Gabric, Brescia (ITA)",Grand Prix Brescia,30 AUG 2026,2026,4.,B,Continental Tour,7234691,worldwide
men_800m,Tobias GRØNSTAD,06 JUL 2002,1:44.70,,NOR,"Centro Gabre Gabric, Brescia (ITA)",Grand Prix Brescia,30 AUG 2026,2026,5.,B,Continental Tour,7234691,worldwide
men_800m,Francesco PERNICI,18 FEB 2003,1:44.71,,ITA,"Centro Gabre Gabric, Brescia (ITA)",Grand Prix Brescia,30 AUG 2026,2026,6.,B,Continental Tour,7234691,worldwide
men_800m,Maciej WYDERKA,29 JUL 2002,1:44.85,,POL,"Centro Gabre Gabric, Brescia (ITA)",Grand Prix Brescia,30 AUG 2026,2026,7.,B,Continental Tour,7234691,worldwide
men_800m,Wyclife KINYAMAL,02 JUL 1997,1:45.66,,KEN,"Centro Gabre Gabric, Brescia (ITA)",Grand Prix Brescia,30 AUG 2026,2026,8.,B,Continental Tour,7234691,worldwide
men_800m,Luke BOYES,05 NOV 2003,1:45.87,,AUS,"Centro Gabre Gabric, Brescia (ITA)",Grand Prix Brescia,30 AUG 2026,2026,9.,B,Continental Tour,7234691,worldwide
men_800m,Navasky ANDERSON,21 JAN 2000,1:46.12,,JAM,"Centro Gabre Gabric, Brescia (ITA)",Grand Prix Brescia,30 AUG 2026,2026,10.,B,Continental Tour,7234691,worldwide
men_800m,Alex BOTTERILL,18 JAN 2000,1:46.53,,GBR,"Centro Gabre Gabric, Brescia (ITA)",Grand Prix Brescia,30 AUG 2026,2026,11.,B,Continental Tour,7234691,worldwide
men_800m,Patryk SIERADZKI,06 OCT 1998,DNF,,POL,"Centro Gabre Gabric, Brescia (ITA)",Grand Prix Brescia,30 AUG 2026,2026,,B,Continental Tour,7234691,worldwide
men_800m,Thomas RANDOLPH,07 FEB 1999,DNF,,GBR,"LAZ Wien, Wien (AUT)",Track Night Vienna,14 JUN 2025,2025,,D,Continental Tour,7218610,worldwide
men_800m,Alex BOTTERILL,18 JAN 2000,DQ,,GBR,"LAZ Wien, Wien (AUT)",Track Night Vienna,14 JUN 2025,2025,,D,Continental Tour,7218610,worldwide
men_800m,Tiarnan CRORKEN,13 JUN 1999,DQ,,GBR,"LAZ Wien, Wien (AUT)",Track Night Vienna,14 JUN 2025,2025,,D,Continental Tour,7218610,worldwide
men_800m,Marc TORTELL,26 DEC 1997,DQ,,GER,"LAZ Wien, Wien (AUT)",Track Night Vienna,14 JUN 2025,2025,,D,Continental Tour,7218610,worldwide
men_800m,James PRESTON,08 MAY 1997,DQ,,NZL,"LAZ Wien, Wien (AUT)",Track Night Vienna,14 JUN 2025,2025,,D,Continental Tour,7218610,worldwide
men_800m,Peyton CRAIG,28 MAR 2005,DQ,,AUS,"LAZ Wien, Wien (AUT)",Track Night Vienna,14 JUN 2025,2025,,D,Continental Tour,7218610,worldwide
