discipline,Competitor,DOB,Mark,WIND,Nat,Venue,Meeting,Date,year,Pos,tier,group,competitionId,source
women_3000sc,Cara FEAIN-RYAN,05 FEB 1999,9:34.89,,AUS,"SA Athletic Stadium, Adelaide (AUS)",Adelaide Invitational,13 MAR 2026,2026,1.0,C,Continental Tour,7232366,worldwide
women_3000sc,Miu SAITO,22 JUN 2002,9:42.70,,JPN,"SA Athletic Stadium, Adelaide (AUS)",Adelaide Invitational,13 MAR 2026,2026,2.0,C,Continental Tour,7232366,worldwide
women_3000sc,Brielle ERBACHER,28 FEB 1999,10:05.43,,AUS,"SA Athletic Stadium, Adelaide (AUS)",Adelaide Invitational,13 MAR 2026,2026,4.0,C,Continental Tour,7232366,worldwide
women_3000sc,Kena TUFA,27 DEC 2005,9:39.38,,ETH,"Ethiopian Sport Academy, Addis Ababa (ETH)",Ethiopian Championships,25 MAR 2026,2026,1.0,B,National Championships,7234052,worldwide
women_3000sc,Firehiwot GESESE,01 JAN 2006,9:43.47,,ETH,"Ethiopian Sport Academy, Addis Ababa (ETH)",Ethiopian Championships,25 MAR 2026,2026,2.0,B,National Championships,7234052,worldwide
women_3000sc,Wosane ASEFA,03 JAN 2007,9:47.80,,ETH,"Ethiopian Sport Academy, Addis Ababa (ETH)",Ethiopian Championships,25 MAR 2026,2026,3.0,B,National Championships,7234052,worldwide
women_3000sc,Zeritu DABA,20 JAN 2006,10:01.98,,ETH,"Ethiopian Sport Academy, Addis Ababa (ETH)",Ethiopian Championships,25 MAR 2026,2026,7.0,B,National Championships,7234052,worldwide
women_3000sc,Aleminat WAL,,10:02.28,,ETH,"Ethiopian Sport Academy, Addis Ababa (ETH)",Ethiopian Championships,25 MAR 2026,2026,8.0,B,National Championships,7234052,worldwide
women_3000sc,Cara FEAIN-RYAN,05 FEB 1999,9:35.87,,AUS,"Olympic Park, Sydney (AUS)",Australian Championships,11 APR 2026,2026,1.0,B,National Championships,7232772,worldwide
women_3000sc,Brielle ERBACHER,28 FEB 1999,10:03.22,,AUS,"Olympic Park, Sydney (AUS)",Australian Championships,11 APR 2026,2026,2.0,B,National Championships,7232772,worldwide
women_3000sc,Amy CASHIN,28 JUL 1994,DNF,,AUS,"Olympic Park, Sydney (AUS)",Australian Championships,11 APR 2026,2026,,B,National Championships,7232772,worldwide
women_3000sc,Wosane ASEFA,03 JAN 2007,9:44.99,,ETH,"Addis Ababa Stadium, Addis Ababa (ETH)",Addis Ababa Grand Prix,18 APR 2026,2026,1.0,C,Continental Tour,7239468,worldwide
women_3000sc,Firehiwot GESESE,01 JAN 2006,9:59.68,,ETH,"Addis Ababa Stadium, Addis Ababa (ETH)",Addis Ababa Grand Prix,18 APR 2026,2026,4.0,C,Continental Tour,7239468,worldwide
women_3000sc,Zeritu DABA,20 JAN 2006,10:13.24,,ETH,"Addis Ababa Stadium, Addis Ababa (ETH)",Addis Ababa Grand Prix,18 APR 2026,2026,6.0,C,Continental Tour,7239468,worldwide
women_3000sc,Tigest Getent MEKONEN,07 JUL 1997,10:28.09,,BRN,"Addis Ababa Stadium, Addis Ababa (ETH)",Addis Ababa Grand Prix,18 APR 2026,2026,11.0,C,Continental Tour,7239468,worldwide
women_3000sc,Alemnat WALLE,29 JAN 2006,DNF,,ETH,"Addis Ababa Stadium, Addis Ababa (ETH)",Addis Ababa Grand Prix,18 APR 2026,2026,,C,Continental Tour,7239468,worldwide
women_3000sc,Angelina NAPOLEON,03 MAR 2005,9:37.72,,USA,"Franklin Field, Philadelphia, PA (USA)",Penn Relay Carnival,23 APR 2026,2026,1.0,B,Continental Tour,7234852,worldwide
women_3000sc,Debora CHERONO,,10:13.53,,KEN,"Franklin Field, Philadelphia, PA (USA)",Penn Relay Carnival,23 APR 2026,2026,9.0,B,Continental Tour,7234852,worldwide
women_3000sc,Zeritu DABA,20 JAN 2006,9:57.27,,ETH,"Nyayo National Stadium, Nairobi (KEN)",Kip Keino Classic,24 APR 2026,2026,2.0,A,Continental Tour,7233226,worldwide
women_3000sc,Sümeyye EROL,15 JUN 1997,10:11.46,,TUR,"Nyayo National Stadium, Nairobi (KEN)",Kip Keino Classic,24 APR 2026,2026,7.0,A,Continental Tour,7233226,worldwide
women_3000sc,Edna CHEPKEMOI,2002,10:14.35,,KEN,"LSU Bernie Moore Stadium, Baton Rouge, LA (USA)",LSU Invitational,02 MAY 2026,2026,1.0,D,Continental Tour,7239723,worldwide
women_3000sc,Miu SAITO,22 JUN 2002,9:31.83,,JPN,"Prefectural Shizuoka Stadium, Fukuroi (JPN)",41st Shizuoka International Athletics Meet,03 MAY 2026,2026,1.0,C,Continental Tour,7238867,worldwide
women_3000sc,Manami NISHIYAMA,09 DEC 1999,9:49.47,,JPN,"Prefectural Shizuoka Stadium, Fukuroi (JPN)",41st Shizuoka International Athletics Meet,03 MAY 2026,2026,2.0,C,Continental Tour,7238867,worldwide
women_3000sc,Yuzu NISHIDE,25 JAN 2000,9:55.82,,JPN,"Prefectural Shizuoka Stadium, Fukuroi (JPN)",41st Shizuoka International Athletics Meet,03 MAY 2026,2026,3.0,C,Continental Tour,7238867,worldwide
women_3000sc,Diana CHEPKEMOI,25 JAN 2005,9:29.19,,KEN,"University of Ghana Sports Stadium, Accra (GHA)",African Athletics Championships,17 MAY 2026,2026,1.0,GL,Area Champs,7238651,worldwide
women_3000sc,Wosane ASEFA,03 JAN 2007,9:41.76,,ETH,"University of Ghana Sports Stadium, Accra (GHA)",African Athletics Championships,17 MAY 2026,2026,4.0,GL,Area Champs,7238651,worldwide
women_3000sc,Rihab DHAHRI,09 SEP 2003,10:13.15,,TUN,"University of Ghana Sports Stadium, Accra (GHA)",African Athletics Championships,17 MAY 2026,2026,6.0,GL,Area Champs,7238651,worldwide
women_3000sc,Tigest Getent MEKONEN,07 JUL 1997,10:30.41,,BRN,"Suhaim bin Hamad Stadium, Doha (QAT)",GCC Games,16 MAY 2026,2026,1.0,D,Area Regional Champs,7238929,worldwide
women_3000sc,Cari HUGHES,15 MAR 1999,9:59.89,,GBR,"Atletiekbaan Brakkenstein, Nijmegen (NED)",Next Generation Athletics,16 MAY 2026,2026,1.0,D,Continental Tour,7234842,worldwide
women_3000sc,Brielle ERBACHER,28 FEB 1999,10:06.00,,AUS,"Arafura Stadium, Darwin (AUS)",Oceania Athletics Championships,20 MAY 2026,2026,1.0,GL,Area Champs,7216660,worldwide
women_3000sc,Amy CASHIN,28 JUL 1994,DNF,,AUS,"Arafura Stadium, Darwin (AUS)",Oceania Athletics Championships,20 MAY 2026,2026,,GL,Area Champs,7216660,worldwide
women_3000sc,Marta SERRANO,05 APR 2003,9:40.01,,ESP,"Boudewijnstadion, Bruxelles (BEL)",IFAM Outdoor,24 MAY 2026,2026,1.0,C,Continental Tour,7235003,worldwide
women_3000sc,Adia BUDDE,29 JUL 2005,9:41.76,,GER,"Boudewijnstadion, Bruxelles (BEL)",IFAM Outdoor,24 MAY 2026,2026,2.0,C,Continental Tour,7235003,worldwide
women_3000sc,Sümeyye EROL,15 JUN 1997,9:43.58,,TUR,"Boudewijnstadion, Bruxelles (BEL)",IFAM Outdoor,24 MAY 2026,2026,3.0,C,Continental Tour,7235003,worldwide
women_3000sc,Ava O'CONNOR,19 SEP 2003,9:53.16,,IRL,"Boudewijnstadion, Bruxelles (BEL)",IFAM Outdoor,24 MAY 2026,2026,7.0,C,Continental Tour,7235003,worldwide
women_3000sc,Marie BOUCHARD,07 DEC 1993,9:53.97,,FRA,"Boudewijnstadion, Bruxelles (BEL)",IFAM Outdoor,24 MAY 2026,2026,8.0,C,Continental Tour,7235003,worldwide
women_3000sc,Emily PARKER,11 SEP 2004,9:54.29,,GBR,"Boudewijnstadion, Bruxelles (BEL)",IFAM Outdoor,24 MAY 2026,2026,9.0,C,Continental Tour,7235003,worldwide
women_3000sc,Gréta VARGA,19 DEC 2003,10:00.85,,HUN,"Boudewijnstadion, Bruxelles (BEL)",IFAM Outdoor,24 MAY 2026,2026,12.0,C,Continental Tour,7235003,worldwide
women_3000sc,Elise THORNER,16 MAR 2001,9:07.39,,GBR,"Drake Stadium, Los Angeles, CA (USA)",LA Track Festival,23 MAY 2026,2026,1.0,B,Continental Tour,7236537,worldwide
women_3000sc,Gabrielle JENNINGS,15 SEP 1998,9:21.57,,USA,"Drake Stadium, Los Angeles, CA (USA)",LA Track Festival,23 MAY 2026,2026,2.0,B,Continental Tour,7236537,worldwide
women_3000sc,Emma COBURN,19 OCT 1990,9:23.87,,USA,"Drake Stadium, Los Angeles, CA (USA)",LA Track Festival,23 MAY 2026,2026,3.0,B,Continental Tour,7236537,worldwide
women_3000sc,Rachel ANDERSON,16 MAY 2001,9:29.13,,USA,"Drake Stadium, Los Angeles, CA (USA)",LA Track Festival,23 MAY 2026,2026,4.0,B,Continental Tour,7236537,worldwide
women_3000sc,Madie BOREMAN,10 JUL 1998,9:30.87,,USA,"Drake Stadium, Los Angeles, CA (USA)",LA Track Festival,23 MAY 2026,2026,5.0,B,Continental Tour,7236537,worldwide
women_3000sc,Emma GEE,17 AUG 1997,9:31.74,,USA,"Drake Stadium, Los Angeles, CA (USA)",LA Track Festival,23 MAY 2026,2026,6.0,B,Continental Tour,7236537,worldwide
women_3000sc,Emily PAUPORE,28 MAR 2002,9:44.24,,USA,"Drake Stadium, Los Angeles, CA (USA)",LA Track Festival,23 MAY 2026,2026,8.0,B,Continental Tour,7236537,worldwide
women_3000sc,Logan JOLLY,07 JUL 1998,9:44.25,,USA,"Drake Stadium, Los Angeles, CA (USA)",LA Track Festival,23 MAY 2026,2026,9.0,B,Continental Tour,7236537,worldwide
women_3000sc,Karrie BALOGA,05 OCT 2005,10:01.11,,USA,"Drake Stadium, Los Angeles, CA (USA)",LA Track Festival,23 MAY 2026,2026,12.0,B,Continental Tour,7236537,worldwide
women_3000sc,Eleonora CURTABBI,27 MAR 1997,10:03.77,,ITA,"Drake Stadium, Los Angeles, CA (USA)",LA Track Festival,23 MAY 2026,2026,13.0,B,Continental Tour,7236537,worldwide
women_3000sc,Valerie CONSTIEN,21 MAR 1996,DNF,,USA,"Drake Stadium, Los Angeles, CA (USA)",LA Track Festival,23 MAY 2026,2026,,B,Continental Tour,7236537,worldwide
women_3000sc,Laura MAASIK,05 OCT 1993,10:03.06,,EST,"Stade Philippe Mahut, Fontainebleau (FRA)",Meeting National de Seine et Marne,29 MAY 2026,2026,1.0,D,Continental Tour,7235107,worldwide
women_3000sc,Amelie SVENSSON,28 AUG 1996,DNF,,SWE,"Carl-Kaufmann-Stadion, Karlsruhe (GER)",10. PUMA NITRO Lange Laufnacht,30 MAY 2026,2026,,D,Continental Tour,7235082,worldwide
women_3000sc,Juliane HVID,08 APR 1998,9:37.17,,DEN,"Østerbro Stadium, Copenhagen (DEN)",Nordic Senior Championships,31 MAY 2026,2026,1.0,C,Area Regional Champs,7237523,worldwide
women_3000sc,Emilia LILLEMO,05 JAN 2000,9:54.74,,SWE,"Østerbro Stadium, Copenhagen (DEN)",Nordic Senior Championships,31 MAY 2026,2026,4.0,C,Area Regional Champs,7237523,worldwide
women_3000sc,Alemnat WALLE,29 JAN 2006,9:16.18,,ETH,"Paavo Nurmen Stadion, Turku (FIN)",Paavo Nurmi Games,03 JUN 2026,2026,1.0,A,Continental Tour,7230225,worldwide
women_3000sc,Gracie HYDE,12 DEC 1999,9:16.61,,USA,"Paavo Nurmen Stadion, Turku (FIN)",Paavo Nurmi Games,03 JUN 2026,2026,2.0,A,Continental Tour,7230225,worldwide
women_3000sc,Ilona MONONEN,18 DEC 2003,9:18.50,,FIN,"Paavo Nurmen Stadion, Turku (FIN)",Paavo Nurmi Games,03 JUN 2026,2026,3.0,A,Continental Tour,7230225,worldwide
women_3000sc,Cara FEAIN-RYAN,05 FEB 1999,9:22.44,,AUS,"Paavo Nurmen Stadion, Turku (FIN)",Paavo Nurmi Games,03 JUN 2026,2026,4.0,A,Continental Tour,7230225,worldwide
women_3000sc,Juliane HVID,08 APR 1998,9:23.12,,DEN,"Paavo Nurmen Stadion, Turku (FIN)",Paavo Nurmi Games,03 JUN 2026,2026,5.0,A,Continental Tour,7230225,worldwide
women_3000sc,Grace FETHERSTONHAUGH,13 OCT 2000,9:31.98,,CAN,"Paavo Nurmen Stadion, Turku (FIN)",Paavo Nurmi Games,03 JUN 2026,2026,7.0,A,Continental Tour,7230225,worldwide
women_3000sc,Kinga KRÓLIK,26 SEP 1999,9:33.79,,POL,"Paavo Nurmen Stadion, Turku (FIN)",Paavo Nurmi Games,03 JUN 2026,2026,8.0,A,Continental Tour,7230225,worldwide
women_3000sc,Marta SERRANO,05 APR 2003,9:40.75,,ESP,"Paavo Nurmen Stadion, Turku (FIN)",Paavo Nurmi Games,03 JUN 2026,2026,9.0,A,Continental Tour,7230225,worldwide
women_3000sc,Adia BUDDE,29 JUL 2005,9:43.14,,GER,"Paavo Nurmen Stadion, Turku (FIN)",Paavo Nurmi Games,03 JUN 2026,2026,10.0,A,Continental Tour,7230225,worldwide
women_3000sc,Laura MAASIK,05 OCT 1993,9:56.84,,EST,"Paavo Nurmen Stadion, Turku (FIN)",Paavo Nurmi Games,03 JUN 2026,2026,11.0,A,Continental Tour,7230225,worldwide
women_3000sc,Veerle BAKKER,29 SEP 1997,9:58.27,,NED,"Paavo Nurmen Stadion, Turku (FIN)",Paavo Nurmi Games,03 JUN 2026,2026,13.0,A,Continental Tour,7230225,worldwide
women_3000sc,Agnieszka CHORZĘPA,14 JAN 2001,DNF,,POL,"Paavo Nurmen Stadion, Turku (FIN)",Paavo Nurmi Games,03 JUN 2026,2026,,A,Continental Tour,7230225,worldwide
women_3000sc,Luiza GEGA,05 NOV 1988,9:46.01,,ALB,"Arena, Elbasan (ALB)",Albanian Championships,10 JUN 2026,2026,1.0,B,National Championships,7239155,worldwide
women_3000sc,Miu SAITO,22 JUN 2002,9:30.30,,JPN,"Municipal Mizuho Stadium, Nagoya (JPN)",Japanese Championships,14 JUN 2026,2026,1.0,B,National Championships,7237909,worldwide
women_3000sc,Manami NISHIYAMA,09 DEC 1999,9:41.84,,JPN,"Municipal Mizuho Stadium, Nagoya (JPN)",Japanese Championships,14 JUN 2026,2026,2.0,B,National Championships,7237909,worldwide
women_3000sc,Yuzu NISHIDE,25 JAN 2000,9:50.92,,JPN,"Municipal Mizuho Stadium, Nagoya (JPN)",Japanese Championships,14 JUN 2026,2026,3.0,B,National Championships,7237909,worldwide
women_3000sc,Gabrielle JENNINGS,15 SEP 1998,9:11.72,,USA,"USC Allyson Felix at Loker Track Stadium, Los Angeles, CA (USA)",USATF LA Grand Prix,14 JUN 2026,2026,1.0,A,Continental Tour,7233063,worldwide
women_3000sc,Lexy HALLADAY,23 JUL 2001,9:22.89,,USA,"USC Allyson Felix at Loker Track Stadium, Los Angeles, CA (USA)",USATF LA Grand Prix,14 JUN 2026,2026,2.0,A,Continental Tour,7233063,worldwide
women_3000sc,Courtney WAYMENT,04 AUG 1998,9:23.94,,USA,"USC Allyson Felix at Loker Track Stadium, Los Angeles, CA (USA)",USATF LA Grand Prix,14 JUN 2026,2026,3.0,A,Continental Tour,7233063,worldwide
women_3000sc,Emma COBURN,19 OCT 1990,9:29.38,,USA,"USC Allyson Felix at Loker Track Stadium, Los Angeles, CA (USA)",USATF LA Grand Prix,14 JUN 2026,2026,4.0,A,Continental Tour,7233063,worldwide
women_3000sc,Angelina ELLIS,09 AUG 1998,9:29.41,,USA,"USC Allyson Felix at Loker Track Stadium, Los Angeles, CA (USA)",USATF LA Grand Prix,14 JUN 2026,2026,5.0,A,Continental Tour,7233063,worldwide
women_3000sc,Olivia MARKEZICH,10 AUG 2000,9:30.93,,USA,"USC Allyson Felix at Loker Track Stadium, Los Angeles, CA (USA)",USATF LA Grand Prix,14 JUN 2026,2026,6.0,A,Continental Tour,7233063,worldwide
women_3000sc,Madie BOREMAN,10 JUL 1998,9:31.78,,USA,"USC Allyson Felix at Loker Track Stadium, Los Angeles, CA (USA)",USATF LA Grand Prix,14 JUN 2026,2026,7.0,A,Continental Tour,7233063,worldwide
women_3000sc,Grace FETHERSTONHAUGH,13 OCT 2000,9:32.84,,CAN,"USC Allyson Felix at Loker Track Stadium, Los Angeles, CA (USA)",USATF LA Grand Prix,14 JUN 2026,2026,8.0,A,Continental Tour,7233063,worldwide
women_3000sc,Adva COHEN,24 MAR 1996,9:50.10,,ISR,"USC Allyson Felix at Loker Track Stadium, Los Angeles, CA (USA)",USATF LA Grand Prix,14 JUN 2026,2026,9.0,A,Continental Tour,7233063,worldwide
women_3000sc,Gracie HYDE,12 DEC 1999,DNF,,USA,"USC Allyson Felix at Loker Track Stadium, Los Angeles, CA (USA)",USATF LA Grand Prix,14 JUN 2026,2026,,A,Continental Tour,7233063,worldwide
women_3000sc,Ikram OUAAZIZ,06 JUL 1999,9:32.81,,MAR,"Parc des Sports C. Ehrmann, Nice (FRA)",Meeting Nikaia,13 JUN 2026,2026,1.0,C,Continental Tour,7234178,worldwide
women_3000sc,Tuğba GÜVENÇ YENIGÜN,09 JUL 1994,9:33.26,,TUR,"Parc des Sports C. Ehrmann, Nice (FRA)",Meeting Nikaia,13 JUN 2026,2026,2.0,C,Continental Tour,7234178,worldwide
women_3000sc,Flavie RENOUARD,10 SEP 2000,9:34.47,,FRA,"Parc des Sports C. Ehrmann, Nice (FRA)",Meeting Nikaia,13 JUN 2026,2026,3.0,C,Continental Tour,7234178,worldwide
women_3000sc,Belén CASETTA,26 SEP 1994,9:43.17,,ARG,"Parc des Sports C. Ehrmann, Nice (FRA)",Meeting Nikaia,13 JUN 2026,2026,4.0,C,Continental Tour,7234178,worldwide
women_3000sc,Agnieszka CHORZĘPA,14 JAN 2001,DNF,,POL,"Parc des Sports C. Ehrmann, Nice (FRA)",Meeting Nikaia,13 JUN 2026,2026,,C,Continental Tour,7234178,worldwide
women_3000sc,Emily PARKER,11 SEP 2004,DNF,,GBR,"Parc des Sports C. Ehrmann, Nice (FRA)",Meeting Nikaia,13 JUN 2026,2026,,C,Continental Tour,7234178,worldwide
women_3000sc,Grace FETHERSTONHAUGH,13 OCT 2000,9:35.36,,CAN,"Terry Fox AF, Ottawa (CAN)",Canadian Championships,18 JUN 2026,2026,1.0,B,National Championships,7237652,worldwide
women_3000sc,Katelyn STEWART-BARNETT,12 MAY 2003,9:40.80,,CAN,"Terry Fox AF, Ottawa (CAN)",Canadian Championships,18 JUN 2026,2026,2.0,B,National Championships,7237652,worldwide
women_3000sc,Regan YEE,04 JUL 1995,9:53.48,,CAN,"Terry Fox AF, Ottawa (CAN)",Canadian Championships,18 JUN 2026,2026,3.0,B,National Championships,7237652,worldwide
women_3000sc,Ceili MCCABE,17 SEP 2001,10:00.32,,CAN,"Terry Fox AF, Ottawa (CAN)",Canadian Championships,18 JUN 2026,2026,4.0,B,National Championships,7237652,worldwide
women_3000sc,Celestine Jepkosgei BIWOT,24 DEC 2003,9:26.12,,KEN,"Nyayo National Stadium, Nairobi (KEN)",Kenyan Championships Cum Trials for Commonwealth Games,20 JUN 2026,2026,1.0,B,National Championships,7241942,worldwide
women_3000sc,Diana CHEPKEMOI,25 JAN 2005,9:54.10,,KEN,"Nyayo National Stadium, Nairobi (KEN)",Kenyan Championships Cum Trials for Commonwealth Games,20 JUN 2026,2026,4.0,B,National Championships,7241942,worldwide
women_3000sc,Caren CHEBET,24 MAY 2000,9:57.05,,KEN,"Nyayo National Stadium, Nairobi (KEN)",Kenyan Championships Cum Trials for Commonwealth Games,20 JUN 2026,2026,5.0,B,National Championships,7241942,worldwide
women_3000sc,Elizabeth MUENI,28 DEC 1991,9:58.53,,KEN,"Nyayo National Stadium, Nairobi (KEN)",Kenyan Championships Cum Trials for Commonwealth Games,20 JUN 2026,2026,6.0,B,National Championships,7241942,worldwide
women_3000sc,Rosefline CHEPNGETICH,17 JUN 1997,10:07.79,,KEN,"Nyayo National Stadium, Nairobi (KEN)",Kenyan Championships Cum Trials for Commonwealth Games,20 JUN 2026,2026,9.0,B,National Championships,7241942,worldwide
women_3000sc,Sharon CHEPKEMOI,23 NOV 2006,10:26.73,,KEN,"Nyayo National Stadium, Nairobi (KEN)",Kenyan Championships Cum Trials for Commonwealth Games,20 JUN 2026,2026,12.0,B,National Championships,7241942,worldwide
women_3000sc,Fancy CHERONO,02 AUG 2001,DNS,,KEN,"Nyayo National Stadium, Nairobi (KEN)",Kenyan Championships Cum Trials for Commonwealth Games,20 JUN 2026,2026,,B,National Championships,7241942,worldwide
women_3000sc,Marisa HOWARD,10 AUG 1992,9:38.20,,USA,"Griswold Stadium, Portland, OR (USA)",Portland Track Festival,21 JUN 2026,2026,1.0,C,Continental Tour,7236635,worldwide
women_3000sc,Logan JOLLY,07 JUL 1998,9:45.08,,USA,"Griswold Stadium, Portland, OR (USA)",Portland Track Festival,21 JUN 2026,2026,2.0,C,Continental Tour,7236635,worldwide
women_3000sc,Emily PAUPORE,28 MAR 2002,9:49.42,,USA,"Griswold Stadium, Portland, OR (USA)",Portland Track Festival,21 JUN 2026,2026,3.0,C,Continental Tour,7236635,worldwide
women_3000sc,Rachel ANDERSON,16 MAY 2001,DNF,,USA,"Griswold Stadium, Portland, OR (USA)",Portland Track Festival,21 JUN 2026,2026,,C,Continental Tour,7236635,worldwide
women_3000sc,Elise THORNER,16 MAR 2001,9:16.95,,GBR,"Alexander Stadium, Birmingham (GBR)",Novuna UK Athletics Championships,20 JUN 2026,2026,1.0,B,National Championships,7243090,worldwide
women_3000sc,Sarah TAIT,26 MAR 2001,10:01.42,,GBR,"Alexander Stadium, Birmingham (GBR)",Novuna UK Athletics Championships,20 JUN 2026,2026,3.0,B,National Championships,7243090,worldwide
women_3000sc,Sümeyye EROL,15 JUN 1997,9:46.21,,TUR,"Panthessaliko Stadium, Volos (GRE)",Balkan Championships,20 JUN 2026,2026,2.0,B,Area Regional Champs,7240556,worldwide
women_3000sc,Flavie RENOUARD,10 SEP 2000,9:26.63,,FRA,"Østerbro Stadium, Copenhagen (DEN)",Copenhagen Athletics Games,22 JUN 2026,2026,1.0,C,Continental Tour,7235973,worldwide
women_3000sc,Marta SERRANO,05 APR 2003,9:29.44,,ESP,"Østerbro Stadium, Copenhagen (DEN)",Copenhagen Athletics Games,22 JUN 2026,2026,2.0,C,Continental Tour,7235973,worldwide
women_3000sc,Juliane HVID,08 APR 1998,9:30.92,,DEN,"Østerbro Stadium, Copenhagen (DEN)",Copenhagen Athletics Games,22 JUN 2026,2026,3.0,C,Continental Tour,7235973,worldwide
women_3000sc,Agnieszka CHORZĘPA,14 JAN 2001,9:39.88,,POL,"Østerbro Stadium, Copenhagen (DEN)",Copenhagen Athletics Games,22 JUN 2026,2026,5.0,C,Continental Tour,7235973,worldwide
women_3000sc,Emilia LILLEMO,05 JAN 2000,9:47.12,,SWE,"Østerbro Stadium, Copenhagen (DEN)",Copenhagen Athletics Games,22 JUN 2026,2026,7.0,C,Continental Tour,7235973,worldwide
women_3000sc,Laura TABORDA,01 JAN 1999,9:48.86,,POR,"Østerbro Stadium, Copenhagen (DEN)",Copenhagen Athletics Games,22 JUN 2026,2026,8.0,C,Continental Tour,7235973,worldwide
women_3000sc,Laura MAASIK,05 OCT 1993,DNF,,EST,"Østerbro Stadium, Copenhagen (DEN)",Copenhagen Athletics Games,22 JUN 2026,2026,,C,Continental Tour,7235973,worldwide
women_3000sc,Tuğba GÜVENÇ YENIGÜN,09 JUL 1994,9:48.35,,TUR,"Atatürk Stadyumu, Izmir (TUR)",Turkish Championships,03 JUL 2026,2026,1.0,B,National Championships,7231686,worldwide
women_3000sc,Sümeyye EROL,15 JUN 1997,9:51.52,,TUR,"Atatürk Stadyumu, Izmir (TUR)",Turkish Championships,03 JUL 2026,2026,2.0,B,National Championships,7231686,worldwide
women_3000sc,Derya KUNUR,01 SEP 1999,9:53.89,,TUR,"Atatürk Stadyumu, Izmir (TUR)",Turkish Championships,03 JUL 2026,2026,3.0,B,National Championships,7231686,worldwide
women_3000sc,Pelinsu ŞAHIN,24 MAR 2003,9:55.66,,TUR,"Atatürk Stadyumu, Izmir (TUR)",Turkish Championships,03 JUL 2026,2026,4.0,B,National Championships,7231686,worldwide
women_3000sc,Rihab DHAHRI,09 SEP 2003,9:22.33,,TUN,"Stade Raymond Troussier, Decines (FRA)",Meeting National Est Lyonnais,04 JUL 2026,2026,2.0,D,Continental Tour,7234912,worldwide
women_3000sc,Ikram OUAAZIZ,06 JUL 1999,9:31.12,,MAR,"Stade Raymond Troussier, Decines (FRA)",Meeting National Est Lyonnais,04 JUL 2026,2026,3.0,D,Continental Tour,7234912,worldwide
women_3000sc,Marie BOUCHARD,07 DEC 1993,9:59.59,,FRA,"Stade Raymond Troussier, Decines (FRA)",Meeting National Est Lyonnais,04 JUL 2026,2026,5.0,D,Continental Tour,7234912,worldwide
women_3000sc,Flavie RENOUARD,10 SEP 2000,DNF,,FRA,"Stade Raymond Troussier, Decines (FRA)",Meeting National Est Lyonnais,04 JUL 2026,2026,,D,Continental Tour,7234912,worldwide
women_3000sc,Ikram OUAAZIZ,06 JUL 1999,9:33.22,,MAR,"Estadi Joan Serrahima, Barcelona (ESP)",Míting Internacional Ciutat de Barcelona,07 JUL 2026,2026,1.0,D,Continental Tour,7234914,worldwide
women_3000sc,Clara VIÑARAS,08 SEP 1993,10:37.82,,ESP,"Estadi Joan Serrahima, Barcelona (ESP)",Míting Internacional Ciutat de Barcelona,07 JUL 2026,2026,14.0,D,Continental Tour,7234914,worldwide
women_3000sc,Adva COHEN,24 MAR 1996,9:48.81,,ISR,"Hadar Yosef Stadium, Tel Aviv (ISR)",Israeli 3000mSC Championships,09 JUL 2026,2026,1.0,B,National Championships,7236063,worldwide
women_3000sc,Derya KUNUR,01 SEP 1999,9:41.70,,TUR,"ENKA Atletizm Pisti, Istanbul (TUR)",81. Cezmi Or Cup,11 JUL 2026,2026,2.0,D,Continental Tour,7236737,worldwide
women_3000sc,Pelinsu ŞAHIN,24 MAR 2003,9:59.25,,TUR,"ENKA Atletizm Pisti, Istanbul (TUR)",81. Cezmi Or Cup,11 JUL 2026,2026,3.0,D,Continental Tour,7236737,worldwide
women_3000sc,Madie BOREMAN,10 JUL 1998,9:30.82,,USA,"Jack Kemp Stadium - Occidental College, Los Angeles, CA (USA)",Sunset Tour,11 JUL 2026,2026,1.0,B,Continental Tour,7233851,worldwide
women_3000sc,Logan JOLLY,07 JUL 1998,9:33.06,,USA,"Jack Kemp Stadium - Occidental College, Los Angeles, CA (USA)",Sunset Tour,11 JUL 2026,2026,2.0,B,Continental Tour,7233851,worldwide
women_3000sc,Emma GEE,17 AUG 1997,9:33.46,,USA,"Jack Kemp Stadium - Occidental College, Los Angeles, CA (USA)",Sunset Tour,11 JUL 2026,2026,3.0,B,Continental Tour,7233851,worldwide
women_3000sc,Courtney FRERICHS,18 JAN 1993,9:40.95,,USA,"Jack Kemp Stadium - Occidental College, Los Angeles, CA (USA)",Sunset Tour,11 JUL 2026,2026,5.0,B,Continental Tour,7233851,worldwide
women_3000sc,Emily PAUPORE,28 MAR 2002,10:00.01,,USA,"Jack Kemp Stadium - Occidental College, Los Angeles, CA (USA)",Sunset Tour,11 JUL 2026,2026,7.0,B,Continental Tour,7233851,worldwide
women_3000sc,Karrie BALOGA,05 OCT 2005,10:06.37,,USA,"Jack Kemp Stadium - Occidental College, Los Angeles, CA (USA)",Sunset Tour,11 JUL 2026,2026,11.0,B,Continental Tour,7233851,worldwide
women_3000sc,Alycia BUTTERWORTH,01 OCT 1992,10:22.51,,CAN,"Jack Kemp Stadium - Occidental College, Los Angeles, CA (USA)",Sunset Tour,11 JUL 2026,2026,13.0,B,Continental Tour,7233851,worldwide
women_3000sc,Winfred YAVI,31 DEC 1999,8:52.87,,BRN,"Stadion De Veen, Heusden-Zolder (BEL)",Night of Athletics,18 JUL 2026,2026,1.0,C,Continental Tour,7235037,worldwide
women_3000sc,Olivia GÜRTH,31 MAY 2002,9:21.73,,GER,"Stadion De Veen, Heusden-Zolder (BEL)",Night of Athletics,18 JUL 2026,2026,2.0,C,Continental Tour,7235037,worldwide
women_3000sc,Flavie RENOUARD,10 SEP 2000,9:21.79,,FRA,"Stadion De Veen, Heusden-Zolder (BEL)",Night of Athletics,18 JUL 2026,2026,3.0,C,Continental Tour,7235037,worldwide
women_3000sc,Adia BUDDE,29 JUL 2005,9:26.53,,GER,"Stadion De Veen, Heusden-Zolder (BEL)",Night of Athletics,18 JUL 2026,2026,4.0,C,Continental Tour,7235037,worldwide
women_3000sc,Grace FETHERSTONHAUGH,13 OCT 2000,9:33.76,,CAN,"Stadion De Veen, Heusden-Zolder (BEL)",Night of Athletics,18 JUL 2026,2026,6.0,C,Continental Tour,7235037,worldwide
women_3000sc,Derya KUNUR,01 SEP 1999,9:34.16,,TUR,"Stadion De Veen, Heusden-Zolder (BEL)",Night of Athletics,18 JUL 2026,2026,7.0,C,Continental Tour,7235037,worldwide
women_3000sc,Miu SAITO,22 JUN 2002,9:34.21,,JPN,"Stadion De Veen, Heusden-Zolder (BEL)",Night of Athletics,18 JUL 2026,2026,8.0,C,Continental Tour,7235037,worldwide
women_3000sc,Sarah TAIT,26 MAR 2001,9:40.92,,GBR,"Stadion De Veen, Heusden-Zolder (BEL)",Night of Athletics,18 JUL 2026,2026,9.0,C,Continental Tour,7235037,worldwide
women_3000sc,Julia SAMUELSSON,22 MAR 1999,9:51.75,,SWE,"Stadion De Veen, Heusden-Zolder (BEL)",Night of Athletics,18 JUL 2026,2026,11.0,C,Continental Tour,7235037,worldwide
women_3000sc,Eline DALEMANS,25 FEB 1991,10:01.74,,BEL,"Stadion De Veen, Heusden-Zolder (BEL)",Night of Athletics,18 JUL 2026,2026,13.0,C,Continental Tour,7235037,worldwide
women_3000sc,Agnieszka CHORZĘPA,14 JAN 2001,DNF,,POL,"Stadion De Veen, Heusden-Zolder (BEL)",Night of Athletics,18 JUL 2026,2026,,C,Continental Tour,7235037,worldwide
women_3000sc,Zeritu DABA,20 JAN 2006,DNF,,ETH,"Stadion De Veen, Heusden-Zolder (BEL)",Night of Athletics,18 JUL 2026,2026,,C,Continental Tour,7235037,worldwide
women_3000sc,Tatsiana SHABANAVA,20 MAR 1998,9:57.30,,BLR,"Dinamo National Olympic Stadium, Minsk (BLR)",Belarus Championships,22 JUL 2026,2026,1.0,B,National Championships,7244584,worldwide
women_3000sc,Yekaterina IVONINA,14 JUN 1994,9:27.40,,RUS,"Kalininets Stadium, Yekaterinburg (RUS)",Russian Championships,24 JUL 2026,2026,1.0,B,National Championships,7243535,worldwide
women_3000sc,Anastasiya KRASILNIKOVA,10 DEC 2003,10:03.16,,RUS,"Kalininets Stadium, Yekaterinburg (RUS)",Russian Championships,24 JUL 2026,2026,2.0,B,National Championships,7243535,worldwide
women_3000sc,Anna TROPINA,03 NOV 1998,10:04.21,,RUS,"Kalininets Stadium, Yekaterinburg (RUS)",Russian Championships,24 JUL 2026,2026,3.0,B,National Championships,7243535,worldwide
women_3000sc,Lexy HALLADAY,23 JUL 2001,9:12.54,,USA,"Icahn Stadium, New York, NY (USA)",USA Championships,25 JUL 2026,2026,1.0,B,National Championships,7243123,worldwide
women_3000sc,Gabrielle JENNINGS,15 SEP 1998,9:17.42,,USA,"Icahn Stadium, New York, NY (USA)",USA Championships,25 JUL 2026,2026,2.0,B,National Championships,7243123,worldwide
women_3000sc,Madie BOREMAN,10 JUL 1998,9:17.68,,USA,"Icahn Stadium, New York, NY (USA)",USA Championships,25 JUL 2026,2026,3.0,B,National Championships,7243123,worldwide
women_3000sc,Angelina ELLIS,09 AUG 1998,9:18.84,,USA,"Icahn Stadium, New York, NY (USA)",USA Championships,25 JUL 2026,2026,4.0,B,National Championships,7243123,worldwide
women_3000sc,Courtney WAYMENT,04 AUG 1998,9:19.90,,USA,"Icahn Stadium, New York, NY (USA)",USA Championships,25 JUL 2026,2026,5.0,B,National Championships,7243123,worldwide
women_3000sc,Gracie HYDE,12 DEC 1999,9:22.10,,USA,"Icahn Stadium, New York, NY (USA)",USA Championships,25 JUL 2026,2026,6.0,B,National Championships,7243123,worldwide
women_3000sc,Emma COBURN,19 OCT 1990,9:29.68,,USA,"Icahn Stadium, New York, NY (USA)",USA Championships,25 JUL 2026,2026,7.0,B,National Championships,7243123,worldwide
women_3000sc,Sophie NOVAK,22 FEB 2003,9:37.25,,USA,"Icahn Stadium, New York, NY (USA)",USA Championships,25 JUL 2026,2026,8.0,B,National Championships,7243123,worldwide
women_3000sc,Marisa HOWARD,10 AUG 1992,9:42.78,,USA,"Icahn Stadium, New York, NY (USA)",USA Championships,25 JUL 2026,2026,9.0,B,National Championships,7243123,worldwide
women_3000sc,Emma GEE,17 AUG 1997,9:47.13,,USA,"Icahn Stadium, New York, NY (USA)",USA Championships,25 JUL 2026,2026,10.0,B,National Championships,7243123,worldwide
women_3000sc,Emily PAUPORE,28 MAR 2002,9:52.93,,USA,"Icahn Stadium, New York, NY (USA)",USA Championships,25 JUL 2026,2026,13.0,B,National Championships,7243123,worldwide
women_3000sc,Karrie BALOGA,05 OCT 2005,9:55.44,,USA,"Icahn Stadium, New York, NY (USA)",USA Championships,25 JUL 2026,2026,14.0,B,National Championships,7243123,worldwide
women_3000sc,Logan JOLLY,07 JUL 1998,DNF,,USA,"Icahn Stadium, New York, NY (USA)",USA Championships,25 JUL 2026,2026,,B,National Championships,7243123,worldwide
women_3000sc,Kinga KRÓLIK,26 SEP 1999,9:31.51,,POL,"Stadion BOSiR, Białystok (POL)",Polish Championships,24 JUL 2026,2026,1.0,B,National Championships,7231706,worldwide
women_3000sc,Agnieszka CHORZĘPA,14 JAN 2001,9:33.03,,POL,"Stadion BOSiR, Białystok (POL)",Polish Championships,24 JUL 2026,2026,2.0,B,National Championships,7231706,worldwide
women_3000sc,Alicja KONIECZEK,02 NOV 1994,9:47.42,,POL,"Stadion BOSiR, Białystok (POL)",Polish Championships,24 JUL 2026,2026,3.0,B,National Championships,7231706,worldwide
women_3000sc,Patrycja KAPAŁA,26 MAR 1997,9:48.05,,POL,"Stadion BOSiR, Białystok (POL)",Polish Championships,24 JUL 2026,2026,4.0,B,National Championships,7231706,worldwide
women_3000sc,Alice FINOT,09 FEB 1991,9:26.74,,FRA,"Stadium Municipal, Albi (FRA)",French Championships,24 JUL 2026,2026,1.0,B,National Championships,7236362,worldwide
women_3000sc,Marie BOUCHARD,07 DEC 1993,10:00.38,,FRA,"Stadium Municipal, Albi (FRA)",French Championships,24 JUL 2026,2026,4.0,B,National Championships,7236362,worldwide
women_3000sc,Emilia LILLEMO,05 JAN 2000,9:46.23,,SWE,"Uppsala Friidrottsarena, Uppsala (SWE)",Swedish Championships,24 JUL 2026,2026,1.0,B,National Championships,7237432,worldwide
women_3000sc,Julia SAMUELSSON,22 MAR 1999,10:02.11,,SWE,"Uppsala Friidrottsarena, Uppsala (SWE)",Swedish Championships,24 JUL 2026,2026,2.0,B,National Championships,7237432,worldwide
women_3000sc,Marta SERRANO,05 APR 2003,9:40.26,,ESP,"Estadio Ciudad de Málaga, Málaga (ESP)",Spanish Championships,25 JUL 2026,2026,1.0,B,National Championships,7239429,worldwide
women_3000sc,Irene SÁNCHEZ-ESCRIBANO,25 AUG 1992,9:46.27,,ESP,"Estadio Ciudad de Málaga, Málaga (ESP)",Spanish Championships,25 JUL 2026,2026,2.0,B,National Championships,7239429,worldwide
women_3000sc,Ilona MONONEN,18 DEC 2003,9:46.76,,FIN,"Harjun stadion, Jyväskylä (FIN)",Finnish Championships,25 JUL 2026,2026,1.0,B,National Championships,7237667,worldwide
women_3000sc,Laura TABORDA,01 JAN 1999,9:56.82,,POR,"Estadio Universitario, Lisboa (POR)",Portuguese Championships,26 JUL 2026,2026,1.0,B,National Championships,7232876,worldwide
women_3000sc,Eleonora CURTABBI,27 MAR 1997,10:12.68,,ITA,"Stadio Luigi Ridolfi, Firenze (ITA)",Italian Championships,26 JUL 2026,2026,4.0,B,National Championships,7239956,worldwide
women_3000sc,Silvia OGGIONI,18 AUG 1995,10:30.94,,ITA,"Stadio Luigi Ridolfi, Firenze (ITA)",Italian Championships,26 JUL 2026,2026,10.0,B,National Championships,7239956,worldwide
women_3000sc,Eline DALEMANS,25 FEB 1991,10:05.45,,BEL,"Atletiekarena Gaston Roelants, Kessel-Lo (BEL)",Belgian Championships,25 JUL 2026,2026,1.0,B,National Championships,7242376,worldwide
women_3000sc,Zita URBÁN,22 APR 2002,9:47.77,,HUN,"Nemzeti Atlétikai Központ, Budapest (HUN)",Hungarian Championships,25 JUL 2026,2026,1.0,B,National Championships,7243637,worldwide
women_3000sc,Gesa Felicitas KRAUSE,03 AUG 1992,9:24.40,,GER,"Lohrheidestadion, Wattenscheid, Bochum (GER)",German Championships,26 JUL 2026,2026,1.0,B,National Championships,7243645,worldwide
women_3000sc,Olivia GÜRTH,31 MAY 2002,9:27.08,,GER,"Lohrheidestadion, Wattenscheid, Bochum (GER)",German Championships,26 JUL 2026,2026,2.0,B,National Championships,7243645,worldwide
women_3000sc,Lea MEYER,16 SEP 1997,9:30.96,,GER,"Lohrheidestadion, Wattenscheid, Bochum (GER)",German Championships,26 JUL 2026,2026,3.0,B,National Championships,7243645,worldwide
women_3000sc,Adia BUDDE,29 JUL 2005,9:43.41,,GER,"Lohrheidestadion, Wattenscheid, Bochum (GER)",German Championships,26 JUL 2026,2026,4.0,B,National Championships,7243645,worldwide
women_3000sc,Agnes Thurid GERS,04 AUG 1997,10:12.44,,GER,"Lohrheidestadion, Wattenscheid, Bochum (GER)",German Championships,26 JUL 2026,2026,8.0,B,National Championships,7243645,worldwide
women_3000sc,Laura MAASIK,05 OCT 1993,10:03.94,,EST,"Rannastaadion, Pärnu (EST)",Estonian Championships,25 JUL 2026,2026,1.0,B,National Championships,7234516,worldwide
women_3000sc,Jasmijn BAKKER,11 OCT 1999,9:55.30,,NED,"FBK Stadium, Hengelo (NED)",Dutch Championships,26 JUL 2026,2026,2.0,B,National Championships,7244700,worldwide
women_3000sc,Veerle BAKKER,29 SEP 1997,9:56.46,,NED,"FBK Stadium, Hengelo (NED)",Dutch Championships,26 JUL 2026,2026,3.0,B,National Championships,7244700,worldwide
women_3000sc,Ikram OUAAZIZ,06 JUL 1999,9:47.37,,MAR,"Putbosstadion, Oordegem (BEL)",IFAM Oordegem,01 AUG 2026,2026,2.0,C,Continental Tour,7235002,worldwide
women_3000sc,Jasmijn BAKKER,11 OCT 1999,9:53.55,,NED,"Putbosstadion, Oordegem (BEL)",IFAM Oordegem,01 AUG 2026,2026,4.0,C,Continental Tour,7235002,worldwide
women_3000sc,Agnes Thurid GERS,04 AUG 1997,10:26.67,,GER,"Putbosstadion, Oordegem (BEL)",IFAM Oordegem,01 AUG 2026,2026,11.0,C,Continental Tour,7235002,worldwide
women_3000sc,Alondra NEGRON,31 MAY 1998,10:17.42,,PUR,"Estadio Olimpico Juan Pablo Duarte, Santo Domingo (DOM)",CAC Games,07 AUG 2026,2026,4.0,B,Area Regional Champs,7233796,worldwide
women_3000sc,Gesa Felicitas KRAUSE,03 AUG 1992,9:12.69,,GER,"Alexander Stadium, Birmingham (GBR)",European Athletics Championships,13 AUG 2026,2026,1.0,GL,Area Champs,7192415,worldwide
women_3000sc,Alice FINOT,09 FEB 1991,9:14.24,,FRA,"Alexander Stadium, Birmingham (GBR)",European Athletics Championships,13 AUG 2026,2026,2.0,GL,Area Champs,7192415,worldwide
women_3000sc,Olivia GÜRTH,31 MAY 2002,9:15.33,,GER,"Alexander Stadium, Birmingham (GBR)",European Athletics Championships,13 AUG 2026,2026,3.0,GL,Area Champs,7192415,worldwide
women_3000sc,Lea MEYER,16 SEP 1997,9:17.07,,GER,"Alexander Stadium, Birmingham (GBR)",European Athletics Championships,13 AUG 2026,2026,4.0,GL,Area Champs,7192415,worldwide
women_3000sc,Elise THORNER,16 MAR 2001,9:18.14,,GBR,"Alexander Stadium, Birmingham (GBR)",European Athletics Championships,13 AUG 2026,2026,5.0,GL,Area Champs,7192415,worldwide
women_3000sc,Flavie RENOUARD,10 SEP 2000,9:21.88,,FRA,"Alexander Stadium, Birmingham (GBR)",European Athletics Championships,13 AUG 2026,2026,7.0,GL,Area Champs,7192415,worldwide
women_3000sc,Ilona MONONEN,18 DEC 2003,9:25.62,,FIN,"Alexander Stadium, Birmingham (GBR)",European Athletics Championships,13 AUG 2026,2026,8.0,GL,Area Champs,7192415,worldwide
women_3000sc,Agnieszka CHORZĘPA,14 JAN 2001,9:36.14,,POL,"Alexander Stadium, Birmingham (GBR)",European Athletics Championships,13 AUG 2026,2026,9.0,GL,Area Champs,7192415,worldwide
women_3000sc,Adva COHEN,24 MAR 1996,9:38.21,,ISR,"Alexander Stadium, Birmingham (GBR)",European Athletics Championships,13 AUG 2026,2026,10.0,GL,Area Champs,7192415,worldwide
women_3000sc,Marta SERRANO,05 APR 2003,9:44.92,,ESP,"Alexander Stadium, Birmingham (GBR)",European Athletics Championships,13 AUG 2026,2026,12.0,GL,Area Champs,7192415,worldwide
women_3000sc,Kinga KRÓLIK,26 SEP 1999,9:46.06,,POL,"Alexander Stadium, Birmingham (GBR)",European Athletics Championships,13 AUG 2026,2026,13.0,GL,Area Champs,7192415,worldwide
women_3000sc,Alicja KONIECZEK,02 NOV 1994,9:46.79,,POL,"Alexander Stadium, Birmingham (GBR)",European Athletics Championships,13 AUG 2026,2026,14.0,GL,Area Champs,7192415,worldwide
women_3000sc,Zita URBÁN,22 APR 2002,9:52.49,,HUN,"Alexander Stadium, Birmingham (GBR)",European Athletics Championships,13 AUG 2026,2026,15.0,GL,Area Champs,7192415,worldwide
women_3000sc,Xia LUO,10 MAY 2000,9:39.52,,CHN,"Sports Center, Quzhou (CHN)",Chinese Championships,14 AUG 2026,2026,1.0,B,National Championships,7243221,worldwide
women_3000sc,Emma GEE,17 AUG 1997,9:56.82,,USA,"Lincoln HS, Portland, OR (USA)",Stumptown Twilight,15 AUG 2026,2026,1.0,D,Continental Tour,7239727,worldwide
women_3000sc,Cara FEAIN-RYAN,05 FEB 1999,9:33.61,,AUS,"SA Athletic Stadium, Adelaide (AUS)",Adelaide Invitational,15 FEB 2025,2025,1.0,C,Continental Tour,7216938,worldwide
women_3000sc,Miu SAITO,22 JUN 2002,9:54.47,,JPN,"SA Athletic Stadium, Adelaide (AUS)",Adelaide Invitational,15 FEB 2025,2025,2.0,C,Continental Tour,7216938,worldwide
women_3000sc,Carolina LOZANO,27 FEB 1996,10:39.87,,ARG,"Cef N°3 Hugo Mario La Nasa, Concepción del Uruguay (ARG)",Argentinian Championships,30 MAR 2025,2025,1.0,B,National Championships,7220915,worldwide
women_3000sc,Cara FEAIN-RYAN,05 FEB 1999,9:29.19,,AUS,"WA Athletics Stadium, Perth (AUS)",Australian Championships,11 APR 2025,2025,1.0,B,National Championships,7217088,worldwide
women_3000sc,Amy CASHIN,28 JUL 1994,9:49.89,,AUS,"WA Athletics Stadium, Perth (AUS)",Australian Championships,11 APR 2025,2025,2.0,B,National Championships,7217088,worldwide
women_3000sc,Xia LUO,10 MAY 2000,9:58.55,,CHN,"Zhaoqing Sports Center, Zhaoqing (CHN)",National Athletics Grand Prix 1,12 APR 2025,2025,1.0,D,Continental Tour,7221761,worldwide
women_3000sc,Debora CHERONO,,9:57.07,,KEN,"Franklin Field, Philadelphia, PA (USA)",The Penn Relays,24 APR 2025,2025,1.0,B,Continental Tour,7219596,worldwide
women_3000sc,Tatiane Raquel DA SILVA,10 JUN 1990,9:40.07,,BRA,"Pista de Atletismo Justo Román, Mar del Plata (ARG)",South American Athletics Championships,26 APR 2025,2025,1.0,GL,Area Champs,7227188,worldwide
women_3000sc,Micaela LEVAGGI,12 AUG 1998,9:42.09,,ARG,"Pista de Atletismo Justo Román, Mar del Plata (ARG)",South American Athletics Championships,26 APR 2025,2025,2.0,GL,Area Champs,7227188,worldwide
women_3000sc,Carolina LOZANO,27 FEB 1996,DNF,,ARG,"Pista de Atletismo Justo Román, Mar del Plata (ARG)",South American Athletics Championships,26 APR 2025,2025,,GL,Area Champs,7227188,worldwide
women_3000sc,Shuangshuang XU,06 APR 1996,9:39.63,,CHN,"Prefectural Shizuoka Stadium, Fukuroi (JPN)",40th Shizuoka International Athletics Meet,03 MAY 2025,2025,1.0,C,Continental Tour,7223171,worldwide
women_3000sc,Manami NISHIYAMA,09 DEC 1999,9:40.85,,JPN,"Prefectural Shizuoka Stadium, Fukuroi (JPN)",40th Shizuoka International Athletics Meet,03 MAY 2025,2025,2.0,C,Continental Tour,7223171,worldwide
women_3000sc,Miu SAITO,22 JUN 2002,9:43.07,,JPN,"Prefectural Shizuoka Stadium, Fukuroi (JPN)",40th Shizuoka International Athletics Meet,03 MAY 2025,2025,3.0,C,Continental Tour,7223171,worldwide
women_3000sc,Yuzu NISHIDE,25 JAN 2000,9:45.89,,JPN,"Prefectural Shizuoka Stadium, Fukuroi (JPN)",40th Shizuoka International Athletics Meet,03 MAY 2025,2025,4.0,C,Continental Tour,7223171,worldwide
women_3000sc,Adia BUDDE,29 JUL 2005,9:32.47,,GER,"Boudewijnstadion, Bruxelles (BEL)",IFAM Outdoor,25 MAY 2025,2025,1.0,C,Continental Tour,7218626,worldwide
women_3000sc,Eline DALEMANS,25 FEB 1991,9:35.90,,BEL,"Boudewijnstadion, Bruxelles (BEL)",IFAM Outdoor,25 MAY 2025,2025,2.0,C,Continental Tour,7218626,worldwide
women_3000sc,Colett RAMPF,23 JUL 1991,9:41.27,,USA,"Boudewijnstadion, Bruxelles (BEL)",IFAM Outdoor,25 MAY 2025,2025,3.0,C,Continental Tour,7218626,worldwide
women_3000sc,Tuğba GÜVENÇ YENIGÜN,09 JUL 1994,9:43.05,,TUR,"Boudewijnstadion, Bruxelles (BEL)",IFAM Outdoor,25 MAY 2025,2025,4.0,C,Continental Tour,7218626,worldwide
women_3000sc,Juliane HVID,08 APR 1998,9:44.27,,DEN,"Boudewijnstadion, Bruxelles (BEL)",IFAM Outdoor,25 MAY 2025,2025,5.0,C,Continental Tour,7218626,worldwide
women_3000sc,Emily PARKER,11 SEP 2004,9:47.41,,GBR,"Boudewijnstadion, Bruxelles (BEL)",IFAM Outdoor,25 MAY 2025,2025,6.0,C,Continental Tour,7218626,worldwide
women_3000sc,Pauline MEYER,13 JAN 1999,10:24.32,,GER,"Boudewijnstadion, Bruxelles (BEL)",IFAM Outdoor,25 MAY 2025,2025,20.0,C,Continental Tour,7218626,worldwide
women_3000sc,Elise THORNER,16 MAR 2001,9:17.57,,GBR,"Jack Kemp Stadium - Occidental College, Los Angeles, CA (USA)",Track Fest,24 MAY 2025,2025,1.0,B,Continental Tour,7222403,worldwide
women_3000sc,Angelina ELLIS,09 AUG 1998,9:22.03,,USA,"Jack Kemp Stadium - Occidental College, Los Angeles, CA (USA)",Track Fest,24 MAY 2025,2025,2.0,B,Continental Tour,7222403,worldwide
women_3000sc,Sophie NOVAK,22 FEB 2003,9:23.04,,USA,"Jack Kemp Stadium - Occidental College, Los Angeles, CA (USA)",Track Fest,24 MAY 2025,2025,3.0,B,Continental Tour,7222403,worldwide
women_3000sc,Kristlin GEAR,20 JUL 1999,9:24.36,,USA,"Jack Kemp Stadium - Occidental College, Los Angeles, CA (USA)",Track Fest,24 MAY 2025,2025,4.0,B,Continental Tour,7222403,worldwide
women_3000sc,Kaylee MITCHELL,22 OCT 1999,9:24.95,,USA,"Jack Kemp Stadium - Occidental College, Los Angeles, CA (USA)",Track Fest,24 MAY 2025,2025,5.0,B,Continental Tour,7222403,worldwide
women_3000sc,Gracie HYDE,12 DEC 1999,9:26.24,,USA,"Jack Kemp Stadium - Occidental College, Los Angeles, CA (USA)",Track Fest,24 MAY 2025,2025,6.0,B,Continental Tour,7222403,worldwide
women_3000sc,Adva COHEN,24 MAR 1996,9:29.83,,ISR,"Jack Kemp Stadium - Occidental College, Los Angeles, CA (USA)",Track Fest,24 MAY 2025,2025,7.0,B,Continental Tour,7222403,worldwide
women_3000sc,Janette SCHRAFT,06 MAR 2001,9:30.38,,USA,"Jack Kemp Stadium - Occidental College, Los Angeles, CA (USA)",Track Fest,24 MAY 2025,2025,8.0,B,Continental Tour,7222403,worldwide
women_3000sc,Grace FETHERSTONHAUGH,13 OCT 2000,9:32.40,,CAN,"Jack Kemp Stadium - Occidental College, Los Angeles, CA (USA)",Track Fest,24 MAY 2025,2025,9.0,B,Continental Tour,7222403,worldwide
women_3000sc,Logan JOLLY,07 JUL 1998,9:39.08,,USA,"Jack Kemp Stadium - Occidental College, Los Angeles, CA (USA)",Track Fest,24 MAY 2025,2025,10.0,B,Continental Tour,7222403,worldwide
women_3000sc,Emma GEE,17 AUG 1997,9:40.56,,USA,"Jack Kemp Stadium - Occidental College, Los Angeles, CA (USA)",Track Fest,24 MAY 2025,2025,11.0,B,Continental Tour,7222403,worldwide
women_3000sc,Rachel ANDERSON,16 MAY 2001,9:41.63,,USA,"Jack Kemp Stadium - Occidental College, Los Angeles, CA (USA)",Track Fest,24 MAY 2025,2025,12.0,B,Continental Tour,7222403,worldwide
women_3000sc,Amy CASHIN,28 JUL 1994,9:42.76,,AUS,"Jack Kemp Stadium - Occidental College, Los Angeles, CA (USA)",Track Fest,24 MAY 2025,2025,13.0,B,Continental Tour,7222403,worldwide
women_3000sc,Norah JERUTO,02 OCT 1995,9:10.46,,KAZ,"Gumi Civic Stadium, Gumi (KOR)",26th Asian Athletics Championships,30 MAY 2025,2025,1.0,GL,Area Champs,7216290,worldwide
women_3000sc,Parul CHAUDHARY,15 APR 1995,9:12.46,,IND,"Gumi Civic Stadium, Gumi (KOR)",26th Asian Athletics Championships,30 MAY 2025,2025,2.0,GL,Area Champs,7216290,worldwide
women_3000sc,Daisy JEPKEMEI,13 FEB 1996,9:27.51,,KAZ,"Gumi Civic Stadium, Gumi (KOR)",26th Asian Athletics Championships,30 MAY 2025,2025,3.0,GL,Area Champs,7216290,worldwide
women_3000sc,Miu SAITO,22 JUN 2002,9:38.16,,JPN,"Gumi Civic Stadium, Gumi (KOR)",26th Asian Athletics Championships,30 MAY 2025,2025,4.0,GL,Area Champs,7216290,worldwide
women_3000sc,Manami NISHIYAMA,09 DEC 1999,9:52.35,,JPN,"Gumi Civic Stadium, Gumi (KOR)",26th Asian Athletics Championships,30 MAY 2025,2025,6.0,GL,Area Champs,7216290,worldwide
women_3000sc,Shuangshuang XU,06 APR 1996,10:04.96,,CHN,"Gumi Civic Stadium, Gumi (KOR)",26th Asian Athletics Championships,30 MAY 2025,2025,8.0,GL,Area Champs,7216290,worldwide
women_3000sc,Ikram OUAAZIZ,06 JUL 1999,9:37.86,,MAR,"Stade Universitaire D. Faucher, Toulouse (FRA)",Meeting international du SATUC Toulouse Athlé,29 MAY 2025,2025,1.0,D,Continental Tour,7219132,worldwide
women_3000sc,June ARBEO,04 FEB 1999,9:57.58,,ESP,"Stade Universitaire D. Faucher, Toulouse (FRA)",Meeting international du SATUC Toulouse Athlé,29 MAY 2025,2025,3.0,D,Continental Tour,7219132,worldwide
women_3000sc,Zita URBÁN,22 APR 2002,10:23.40,,HUN,"Stade Universitaire D. Faucher, Toulouse (FRA)",Meeting international du SATUC Toulouse Athlé,29 MAY 2025,2025,6.0,D,Continental Tour,7219132,worldwide
women_3000sc,Angelina ELLIS,09 AUG 1998,9:33.11,,USA,"Parc des Sports C. Ehrmann, Nice (FRA)",Meeting Nikaia,31 MAY 2025,2025,1.0,C,Continental Tour,7218637,worldwide
women_3000sc,Ikram OUAAZIZ,06 JUL 1999,9:47.77,,MAR,"Parc des Sports C. Ehrmann, Nice (FRA)",Meeting Nikaia,31 MAY 2025,2025,2.0,C,Continental Tour,7218637,worldwide
women_3000sc,Tatiane Raquel DA SILVA,10 JUN 1990,9:51.23,,BRA,"Parc des Sports C. Ehrmann, Nice (FRA)",Meeting Nikaia,31 MAY 2025,2025,3.0,C,Continental Tour,7218637,worldwide
women_3000sc,Micol MAJORI,04 JUN 1998,9:59.61,,ITA,"Parc des Sports C. Ehrmann, Nice (FRA)",Meeting Nikaia,31 MAY 2025,2025,5.0,C,Continental Tour,7218637,worldwide
women_3000sc,Marwa BOUZAYANI,26 MAR 1997,9:14.90,,TUN,"Zdzisław Krzyszkowiak Stadium, Bydgoszcz (POL)",7th Irena Szewińska Memorial,30 MAY 2025,2025,1.0,A,Continental Tour,7214476,worldwide
women_3000sc,Flavie RENOUARD,10 SEP 2000,9:21.50,,FRA,"Zdzisław Krzyszkowiak Stadium, Bydgoszcz (POL)",7th Irena Szewińska Memorial,30 MAY 2025,2025,2.0,A,Continental Tour,7214476,worldwide
women_3000sc,Cara FEAIN-RYAN,05 FEB 1999,9:22.01,,AUS,"Zdzisław Krzyszkowiak Stadium, Bydgoszcz (POL)",7th Irena Szewińska Memorial,30 MAY 2025,2025,3.0,A,Continental Tour,7214476,worldwide
women_3000sc,Kinga KRÓLIK,26 SEP 1999,9:22.14,,POL,"Zdzisław Krzyszkowiak Stadium, Bydgoszcz (POL)",7th Irena Szewińska Memorial,30 MAY 2025,2025,4.0,A,Continental Tour,7214476,worldwide
women_3000sc,Celestine Jepkosgei BIWOT,24 DEC 2003,9:24.03,,KEN,"Zdzisław Krzyszkowiak Stadium, Bydgoszcz (POL)",7th Irena Szewińska Memorial,30 MAY 2025,2025,5.0,A,Continental Tour,7214476,worldwide
women_3000sc,Marta SERRANO,05 APR 2003,9:25.74,,ESP,"Zdzisław Krzyszkowiak Stadium, Bydgoszcz (POL)",7th Irena Szewińska Memorial,30 MAY 2025,2025,6.0,A,Continental Tour,7214476,worldwide
women_3000sc,Adva COHEN,24 MAR 1996,9:27.79,,ISR,"Zdzisław Krzyszkowiak Stadium, Bydgoszcz (POL)",7th Irena Szewińska Memorial,30 MAY 2025,2025,7.0,A,Continental Tour,7214476,worldwide
women_3000sc,Alicja KONIECZEK,02 NOV 1994,9:40.42,,POL,"Zdzisław Krzyszkowiak Stadium, Bydgoszcz (POL)",7th Irena Szewińska Memorial,30 MAY 2025,2025,8.0,A,Continental Tour,7214476,worldwide
women_3000sc,Ruken TEK,01 MAY 2001,9:43.69,,TUR,"Zdzisław Krzyszkowiak Stadium, Bydgoszcz (POL)",7th Irena Szewińska Memorial,30 MAY 2025,2025,9.0,A,Continental Tour,7214476,worldwide
women_3000sc,Agnieszka CHORZĘPA,14 JAN 2001,9:53.46,,POL,"Zdzisław Krzyszkowiak Stadium, Bydgoszcz (POL)",7th Irena Szewińska Memorial,30 MAY 2025,2025,10.0,A,Continental Tour,7214476,worldwide
women_3000sc,Agnes Thurid GERS,04 AUG 1997,DNF,,GER,"Zdzisław Krzyszkowiak Stadium, Bydgoszcz (POL)",7th Irena Szewińska Memorial,30 MAY 2025,2025,,A,Continental Tour,7214476,worldwide
women_3000sc,Alondra NEGRON,31 MAY 1998,9:58.36,,PUR,"Pistes d'atletisme Gaetà Huguet, Castellón (ESP)",GP Diputacion Castellon - Memorial Jose Antonio Cansino,30 MAY 2025,2025,1.0,D,Continental Tour,7218537,worldwide
women_3000sc,Blanca FERNÁNDEZ,01 APR 1992,DNF,,ESP,"Pistes d'atletisme Gaetà Huguet, Castellón (ESP)",GP Diputacion Castellon - Memorial Jose Antonio Cansino,30 MAY 2025,2025,,D,Continental Tour,7218537,worldwide
women_3000sc,Wosane ASEFA,03 JAN 2007,9:30.68,,ETH,"Ulinzi Sports Complex, Langata, Nairobi (KEN)",Kip Keino Classic,31 MAY 2025,2025,1.0,A,Continental Tour,7216821,worldwide
women_3000sc,Kena TUFA,27 DEC 2005,9:31.72,,ETH,"Ulinzi Sports Complex, Langata, Nairobi (KEN)",Kip Keino Classic,31 MAY 2025,2025,2.0,A,Continental Tour,7216821,worldwide
women_3000sc,Firehiwot GESESE,01 JAN 2006,9:32.09,,ETH,"Ulinzi Sports Complex, Langata, Nairobi (KEN)",Kip Keino Classic,31 MAY 2025,2025,3.0,A,Continental Tour,7216821,worldwide
women_3000sc,Diana CHEPKEMOI,25 JAN 2005,9:41.52,,KEN,"Ulinzi Sports Complex, Langata, Nairobi (KEN)",Kip Keino Classic,31 MAY 2025,2025,4.0,A,Continental Tour,7216821,worldwide
women_3000sc,Jackline CHEPKOECH,03 OCT 2003,9:44.48,,KEN,"Ulinzi Sports Complex, Langata, Nairobi (KEN)",Kip Keino Classic,31 MAY 2025,2025,5.0,A,Continental Tour,7216821,worldwide
women_3000sc,Sharon CHEPKEMOI,23 NOV 2006,10:08.36,,KEN,"Ulinzi Sports Complex, Langata, Nairobi (KEN)",Kip Keino Classic,31 MAY 2025,2025,7.0,A,Continental Tour,7216821,worldwide
women_3000sc,Stella RUTTO,1999,DNF,,ROU,"Ulinzi Sports Complex, Langata, Nairobi (KEN)",Kip Keino Classic,31 MAY 2025,2025,,A,Continental Tour,7216821,worldwide
women_3000sc,Caren CHEBET,24 MAY 2000,DNF,,KEN,"Ulinzi Sports Complex, Langata, Nairobi (KEN)",Kip Keino Classic,31 MAY 2025,2025,,A,Continental Tour,7216821,worldwide
women_3000sc,Loice CHEKWEMOI,2002,DNF,,UGA,"Ulinzi Sports Complex, Langata, Nairobi (KEN)",Kip Keino Classic,31 MAY 2025,2025,,A,Continental Tour,7216821,worldwide
women_3000sc,Diana CHEPKEMOI,25 JAN 2005,9:41.77,,KEN,"Campo Scuola Moreno Martini, Lucca (ITA)",4th Lucca International Meeting,08 JUN 2025,2025,1.0,D,Continental Tour,7221244,worldwide
women_3000sc,Sharon CHEPKEMOI,23 NOV 2006,9:44.99,,KEN,"Campo Scuola Moreno Martini, Lucca (ITA)",4th Lucca International Meeting,08 JUN 2025,2025,2.0,D,Continental Tour,7221244,worldwide
women_3000sc,Sümeyye EROL,15 JUN 1997,9:46.96,,TUR,"Campo Scuola Moreno Martini, Lucca (ITA)",4th Lucca International Meeting,08 JUN 2025,2025,3.0,D,Continental Tour,7221244,worldwide
women_3000sc,Agnieszka CHORZĘPA,14 JAN 2001,9:55.26,,POL,"Campo Scuola Moreno Martini, Lucca (ITA)",4th Lucca International Meeting,08 JUN 2025,2025,5.0,D,Continental Tour,7221244,worldwide
women_3000sc,June ARBEO,04 FEB 1999,10:19.84,,ESP,"Campo Scuola Moreno Martini, Lucca (ITA)",4th Lucca International Meeting,08 JUN 2025,2025,7.0,D,Continental Tour,7221244,worldwide
women_3000sc,Peruth CHEMUTAI,10 JUL 1999,9:07.79,,UGA,"FBK Stadium, Hengelo (NED)",FBK Games,09 JUN 2025,2025,1.0,A,Continental Tour,7216763,worldwide
women_3000sc,Wosane ASEFA,03 JAN 2007,9:20.83,,ETH,"FBK Stadium, Hengelo (NED)",FBK Games,09 JUN 2025,2025,2.0,A,Continental Tour,7216763,worldwide
women_3000sc,Caren CHEBET,24 MAY 2000,9:22.35,,KEN,"FBK Stadium, Hengelo (NED)",FBK Games,09 JUN 2025,2025,3.0,A,Continental Tour,7216763,worldwide
women_3000sc,Angelina ELLIS,09 AUG 1998,9:22.85,,USA,"FBK Stadium, Hengelo (NED)",FBK Games,09 JUN 2025,2025,4.0,A,Continental Tour,7216763,worldwide
women_3000sc,Marta SERRANO,05 APR 2003,9:24.26,,ESP,"FBK Stadium, Hengelo (NED)",FBK Games,09 JUN 2025,2025,5.0,A,Continental Tour,7216763,worldwide
women_3000sc,Adva COHEN,24 MAR 1996,9:24.46,,ISR,"FBK Stadium, Hengelo (NED)",FBK Games,09 JUN 2025,2025,6.0,A,Continental Tour,7216763,worldwide
women_3000sc,Eline DALEMANS,25 FEB 1991,9:25.80,,BEL,"FBK Stadium, Hengelo (NED)",FBK Games,09 JUN 2025,2025,7.0,A,Continental Tour,7216763,worldwide
women_3000sc,Daisy JEPKEMEI,13 FEB 1996,9:25.87,,KAZ,"FBK Stadium, Hengelo (NED)",FBK Games,09 JUN 2025,2025,8.0,A,Continental Tour,7216763,worldwide
women_3000sc,Jackline CHEPKOECH,03 OCT 2003,9:30.49,,KEN,"FBK Stadium, Hengelo (NED)",FBK Games,09 JUN 2025,2025,9.0,A,Continental Tour,7216763,worldwide
women_3000sc,Veerle BAKKER,29 SEP 1997,9:30.67,,NED,"FBK Stadium, Hengelo (NED)",FBK Games,09 JUN 2025,2025,10.0,A,Continental Tour,7216763,worldwide
women_3000sc,Kinga KRÓLIK,26 SEP 1999,9:31.31,,POL,"FBK Stadium, Hengelo (NED)",FBK Games,09 JUN 2025,2025,11.0,A,Continental Tour,7216763,worldwide
women_3000sc,Rihab DHAHRI,09 SEP 2003,9:35.55,,TUN,"FBK Stadium, Hengelo (NED)",FBK Games,09 JUN 2025,2025,12.0,A,Continental Tour,7216763,worldwide
women_3000sc,Tatiane Raquel DA SILVA,10 JUN 1990,9:44.11,,BRA,"FBK Stadium, Hengelo (NED)",FBK Games,09 JUN 2025,2025,13.0,A,Continental Tour,7216763,worldwide
women_3000sc,Flavie RENOUARD,10 SEP 2000,DNF,,FRA,"FBK Stadium, Hengelo (NED)",FBK Games,09 JUN 2025,2025,,A,Continental Tour,7216763,worldwide
women_3000sc,Ilona MONONEN,18 DEC 2003,9:39.99,,FIN,"Stadion, Lahti (FIN)",Motonet GP Lahti,11 JUN 2025,2025,1.0,C,Continental Tour,7218928,worldwide
women_3000sc,Juliane HVID,08 APR 1998,9:44.54,,DEN,"Stadion, Lahti (FIN)",Motonet GP Lahti,11 JUN 2025,2025,2.0,C,Continental Tour,7218928,worldwide
women_3000sc,Ava O'CONNOR,19 SEP 2003,9:45.00,,IRL,"Stadion, Lahti (FIN)",Motonet GP Lahti,11 JUN 2025,2025,3.0,C,Continental Tour,7218928,worldwide
women_3000sc,Linn SÖDERHOLM,05 MAY 1996,9:54.88,,SWE,"Stadion, Lahti (FIN)",Motonet GP Lahti,11 JUN 2025,2025,4.0,C,Continental Tour,7218928,worldwide
women_3000sc,Laura MAASIK,05 OCT 1993,DNF,,EST,"Stadion, Lahti (FIN)",Motonet GP Lahti,11 JUN 2025,2025,,C,Continental Tour,7218928,worldwide
women_3000sc,Xinyan ZHANG,09 FEB 1994,10:17.61,,CHN,"Sports Center, Bengbu (CHN)",National Athletics Grand Prix Series - 4th Leg,14 JUN 2025,2025,2.0,D,Continental Tour,7224026,worldwide
women_3000sc,Gracie HYDE,12 DEC 1999,9:24.62,,USA,"Griswold Stadium, Portland, OR (USA)",Portland Track Festival,14 JUN 2025,2025,1.0,C,Continental Tour,7219494,worldwide
women_3000sc,Grace FETHERSTONHAUGH,13 OCT 2000,9:31.08,,CAN,"Griswold Stadium, Portland, OR (USA)",Portland Track Festival,14 JUN 2025,2025,2.0,C,Continental Tour,7219494,worldwide
women_3000sc,Calli DOAN,11 AUG 2000,9:44.37,,USA,"Griswold Stadium, Portland, OR (USA)",Portland Track Festival,14 JUN 2025,2025,3.0,C,Continental Tour,7219494,worldwide
women_3000sc,Colett RAMPF,23 JUL 1991,9:46.82,,USA,"Griswold Stadium, Portland, OR (USA)",Portland Track Festival,14 JUN 2025,2025,4.0,C,Continental Tour,7219494,worldwide
women_3000sc,Amy CASHIN,28 JUL 1994,9:57.09,,AUS,"Griswold Stadium, Portland, OR (USA)",Portland Track Festival,14 JUN 2025,2025,5.0,C,Continental Tour,7219494,worldwide
women_3000sc,Marwa BOUZAYANI,26 MAR 1997,9:19.46,,TUN,"Paavo Nurmen Stadion, Turku (FIN)",Paavo Nurmi Games,17 JUN 2025,2025,1.0,A,Continental Tour,7216765,worldwide
women_3000sc,Cara FEAIN-RYAN,05 FEB 1999,9:24.78,,AUS,"Paavo Nurmen Stadion, Turku (FIN)",Paavo Nurmi Games,17 JUN 2025,2025,2.0,A,Continental Tour,7216765,worldwide
women_3000sc,Elise THORNER,16 MAR 2001,9:25.32,,GBR,"Paavo Nurmen Stadion, Turku (FIN)",Paavo Nurmi Games,17 JUN 2025,2025,3.0,A,Continental Tour,7216765,worldwide
women_3000sc,Olivia MARKEZICH,10 AUG 2000,9:26.55,,USA,"Paavo Nurmen Stadion, Turku (FIN)",Paavo Nurmi Games,17 JUN 2025,2025,4.0,A,Continental Tour,7216765,worldwide
women_3000sc,Olivia GÜRTH,31 MAY 2002,9:26.63,,GER,"Paavo Nurmen Stadion, Turku (FIN)",Paavo Nurmi Games,17 JUN 2025,2025,5.0,A,Continental Tour,7216765,worldwide
women_3000sc,Ilona MONONEN,18 DEC 2003,9:29.52,,FIN,"Paavo Nurmen Stadion, Turku (FIN)",Paavo Nurmi Games,17 JUN 2025,2025,6.0,A,Continental Tour,7216765,worldwide
women_3000sc,Jolanda KALLABIS,18 FEB 2005,9:37.47,,GER,"Paavo Nurmen Stadion, Turku (FIN)",Paavo Nurmi Games,17 JUN 2025,2025,7.0,A,Continental Tour,7216765,worldwide
women_3000sc,Juliane HVID,08 APR 1998,9:43.57,,DEN,"Paavo Nurmen Stadion, Turku (FIN)",Paavo Nurmi Games,17 JUN 2025,2025,8.0,A,Continental Tour,7216765,worldwide
women_3000sc,Agnieszka CHORZĘPA,14 JAN 2001,DNF,,POL,"Paavo Nurmen Stadion, Turku (FIN)",Paavo Nurmi Games,17 JUN 2025,2025,,A,Continental Tour,7216765,worldwide
women_3000sc,Tatiane Raquel DA SILVA,10 JUN 1990,9:41.26,,BRA,"S. Darius & S. Girėnas Stadium, Kaunas (LTU)",COSMA Cup World Athletics Continental Tour – Bronze,18 JUN 2025,2025,1.0,C,Continental Tour,7221166,worldwide
women_3000sc,Alondra NEGRON,31 MAY 1998,9:48.68,,PUR,"S. Darius & S. Girėnas Stadium, Kaunas (LTU)",COSMA Cup World Athletics Continental Tour – Bronze,18 JUN 2025,2025,2.0,C,Continental Tour,7221166,worldwide
women_3000sc,Zita URBÁN,22 APR 2002,9:51.33,,HUN,"S. Darius & S. Girėnas Stadium, Kaunas (LTU)",COSMA Cup World Athletics Continental Tour – Bronze,18 JUN 2025,2025,3.0,C,Continental Tour,7221166,worldwide
women_3000sc,Laura MAASIK,05 OCT 1993,10:28.83,,EST,"S. Darius & S. Girėnas Stadium, Kaunas (LTU)",COSMA Cup World Athletics Continental Tour – Bronze,18 JUN 2025,2025,5.0,C,Continental Tour,7221166,worldwide
women_3000sc,Xia LUO,10 MAY 2000,9:47.86,,CHN,"Guoxin Sports Center, Qingdao (CHN)",National Athletics Grand Prix Series - 5th Leg,19 JUN 2025,2025,1.0,D,Continental Tour,7224637,worldwide
women_3000sc,Xinyan ZHANG,09 FEB 1994,10:07.26,,CHN,"Guoxin Sports Center, Qingdao (CHN)",National Athletics Grand Prix Series - 5th Leg,19 JUN 2025,2025,4.0,D,Continental Tour,7224637,worldwide
women_3000sc,Blanca FERNÁNDEZ,01 APR 1992,DNF,,ESP,"Estádio José Vieira de Carvalho, Maia (POR)",Gold Gala Fernanda Ribeiro,21 JUN 2025,2025,,D,Continental Tour,7219163,worldwide
women_3000sc,Rihab DHAHRI,09 SEP 2003,9:42.42,,TUN,"Stadion Podskarbińska, Warszawa (POL)",Konopacka Warsaw Classic,22 JUN 2025,2025,1.0,C,Continental Tour,7219114,worldwide
women_3000sc,Agnieszka CHORZĘPA,14 JAN 2001,9:43.92,,POL,"Stadion Podskarbińska, Warszawa (POL)",Konopacka Warsaw Classic,22 JUN 2025,2025,2.0,C,Continental Tour,7219114,worldwide
women_3000sc,Linn SÖDERHOLM,05 MAY 1996,9:55.72,,SWE,"Stadion Podskarbińska, Warszawa (POL)",Konopacka Warsaw Classic,22 JUN 2025,2025,3.0,C,Continental Tour,7219114,worldwide
women_3000sc,Celestine Jepkosgei BIWOT,24 DEC 2003,9:36.37,,KEN,"Nyayo National Stadium, Nairobi (KEN)",Kenyan Championships,27 JUN 2025,2025,1.0,B,National Championships,7217332,worldwide
women_3000sc,Diana CHEPKEMOI,25 JAN 2005,9:56.60,,KEN,"Nyayo National Stadium, Nairobi (KEN)",Kenyan Championships,27 JUN 2025,2025,2.0,B,National Championships,7217332,worldwide
women_3000sc,Caren CHEBET,24 MAY 2000,10:01.64,,KEN,"Nyayo National Stadium, Nairobi (KEN)",Kenyan Championships,27 JUN 2025,2025,3.0,B,National Championships,7217332,worldwide
women_3000sc,Jackline CHEPKOECH,03 OCT 2003,10:04.98,,KEN,"Nyayo National Stadium, Nairobi (KEN)",Kenyan Championships,27 JUN 2025,2025,4.0,B,National Championships,7217332,worldwide
women_3000sc,Sharon CHEPKEMOI,23 NOV 2006,10:14.65,,KEN,"Nyayo National Stadium, Nairobi (KEN)",Kenyan Championships,27 JUN 2025,2025,5.0,B,National Championships,7217332,worldwide
women_3000sc,Purity CHEPKIRUI,14 FEB 2003,10:46.16,,KEN,"Nyayo National Stadium, Nairobi (KEN)",Kenyan Championships,27 JUN 2025,2025,10.0,B,National Championships,7217332,worldwide
women_3000sc,Faith CHEROTICH,11 JAN 2006,12:55.11,,KEN,"Nyayo National Stadium, Nairobi (KEN)",Kenyan Championships,27 JUN 2025,2025,23.0,B,National Championships,7217332,worldwide
women_3000sc,Manami NISHIYAMA,09 DEC 1999,9:43.22,,JPN,"National Stadium, Tokyo (JPN)",Japanese Championships,06 JUL 2025,2025,1.0,B,National Championships,7224447,worldwide
women_3000sc,Miu SAITO,22 JUN 2002,9:58.08,,JPN,"National Stadium, Tokyo (JPN)",Japanese Championships,06 JUL 2025,2025,2.0,B,National Championships,7224447,worldwide
women_3000sc,Yuzu NISHIDE,25 JAN 2000,10:00.41,,JPN,"National Stadium, Tokyo (JPN)",Japanese Championships,06 JUL 2025,2025,3.0,B,National Championships,7224447,worldwide
women_3000sc,Marie BOUCHARD,07 DEC 1993,9:56.86,,FRA,"Stade Raymond Troussier, Decines (FRA)",Meeting National Est Lyonnais,05 JUL 2025,2025,1.0,D,Continental Tour,7219136,worldwide
women_3000sc,Fatiha SÁNCHEZ,08 MAR 1983,DNF,,ALG,"Stade Raymond Troussier, Decines (FRA)",Meeting National Est Lyonnais,05 JUL 2025,2025,,D,Continental Tour,7219136,worldwide
women_3000sc,Tuğba GÜVENÇ YENIGÜN,09 JUL 1994,9:33.36,,TUR,"Estadi Joan Serrahima, Barcelona (ESP)",Míting Internacional Ciutat de Barcelona,09 JUL 2025,2025,1.0,D,Continental Tour,7225901,worldwide
women_3000sc,Ikram OUAAZIZ,06 JUL 1999,9:48.70,,MAR,"Estadi Joan Serrahima, Barcelona (ESP)",Míting Internacional Ciutat de Barcelona,09 JUL 2025,2025,2.0,D,Continental Tour,7225901,worldwide
women_3000sc,Gréta VARGA,19 DEC 2003,10:00.96,,HUN,"Estadi Joan Serrahima, Barcelona (ESP)",Míting Internacional Ciutat de Barcelona,09 JUL 2025,2025,4.0,D,Continental Tour,7225901,worldwide
women_3000sc,Clara VIÑARAS,08 SEP 1993,10:33.58,,ESP,"Estadi Joan Serrahima, Barcelona (ESP)",Míting Internacional Ciutat de Barcelona,09 JUL 2025,2025,5.0,D,Continental Tour,7225901,worldwide
women_3000sc,Grace FETHERSTONHAUGH,13 OCT 2000,9:28.42,,CAN,"Jack Kemp Stadium - Occidental College, Los Angeles, CA (USA)",Sunset Tour,12 JUL 2025,2025,1.0,B,Continental Tour,7223443,worldwide
women_3000sc,Sarah TAIT,26 MAR 2001,9:34.01,,GBR,"Jack Kemp Stadium - Occidental College, Los Angeles, CA (USA)",Sunset Tour,12 JUL 2025,2025,2.0,B,Continental Tour,7223443,worldwide
women_3000sc,Logan JOLLY,07 JUL 1998,9:37.14,,USA,"Jack Kemp Stadium - Occidental College, Los Angeles, CA (USA)",Sunset Tour,12 JUL 2025,2025,3.0,B,Continental Tour,7223443,worldwide
women_3000sc,Alondra NEGRON,31 MAY 1998,9:40.68,,PUR,"Jack Kemp Stadium - Occidental College, Los Angeles, CA (USA)",Sunset Tour,12 JUL 2025,2025,4.0,B,Continental Tour,7223443,worldwide
women_3000sc,Emma GEE,17 AUG 1997,9:44.15,,USA,"Jack Kemp Stadium - Occidental College, Los Angeles, CA (USA)",Sunset Tour,12 JUL 2025,2025,5.0,B,Continental Tour,7223443,worldwide
women_3000sc,Amy CASHIN,28 JUL 1994,9:44.45,,AUS,"Jack Kemp Stadium - Occidental College, Los Angeles, CA (USA)",Sunset Tour,12 JUL 2025,2025,6.0,B,Continental Tour,7223443,worldwide
women_3000sc,Rachel ANDERSON,16 MAY 2001,9:48.66,,USA,"Jack Kemp Stadium - Occidental College, Los Angeles, CA (USA)",Sunset Tour,12 JUL 2025,2025,7.0,B,Continental Tour,7223443,worldwide
women_3000sc,Taylor LOVELL,09 OCT 2003,9:54.06,,USA,"Jack Kemp Stadium - Occidental College, Los Angeles, CA (USA)",Sunset Tour,12 JUL 2025,2025,8.0,B,Continental Tour,7223443,worldwide
women_3000sc,Rihab DHAHRI,09 SEP 2003,9:28.81,,TUN,"Stadion Radés, Radés (TUN)",Tunisian Championships,12 JUL 2025,2025,1.0,B,National Championships,7218006,worldwide
women_3000sc,Angelina ELLIS,09 AUG 1998,9:30.53,,USA,"Swangard Stadium, Burnaby (CAN)",The Jerome Classic,15 JUL 2025,2025,1.0,C,Continental Tour,7218308,worldwide
women_3000sc,Sarah TAIT,26 MAR 2001,9:31.96,,GBR,"Swangard Stadium, Burnaby (CAN)",The Jerome Classic,15 JUL 2025,2025,2.0,C,Continental Tour,7218308,worldwide
women_3000sc,Grace FETHERSTONHAUGH,13 OCT 2000,9:34.95,,CAN,"Swangard Stadium, Burnaby (CAN)",The Jerome Classic,15 JUL 2025,2025,3.0,C,Continental Tour,7218308,worldwide
women_3000sc,Gracie HYDE,12 DEC 1999,9:45.56,,USA,"Swangard Stadium, Burnaby (CAN)",The Jerome Classic,15 JUL 2025,2025,4.0,C,Continental Tour,7218308,worldwide
women_3000sc,Amy CASHIN,28 JUL 1994,DNF,,AUS,"Swangard Stadium, Burnaby (CAN)",The Jerome Classic,15 JUL 2025,2025,,C,Continental Tour,7218308,worldwide
women_3000sc,Winfred YAVI,31 DEC 1999,8:49.59,,BRN,"Stadion De Veen, Heusden-Zolder (BEL)",Night of Athletics,19 JUL 2025,2025,1.0,C,Continental Tour,7218252,worldwide
women_3000sc,Celestine Jepkosgei BIWOT,24 DEC 2003,9:19.22,,KEN,"Stadion De Veen, Heusden-Zolder (BEL)",Night of Athletics,19 JUL 2025,2025,2.0,C,Continental Tour,7218252,worldwide
women_3000sc,Veerle BAKKER,29 SEP 1997,9:41.15,,NED,"Stadion De Veen, Heusden-Zolder (BEL)",Night of Athletics,19 JUL 2025,2025,3.0,C,Continental Tour,7218252,worldwide
women_3000sc,Sümeyye EROL,15 JUN 1997,9:42.02,,TUR,"Stadion De Veen, Heusden-Zolder (BEL)",Night of Athletics,19 JUL 2025,2025,4.0,C,Continental Tour,7218252,worldwide
women_3000sc,Micol MAJORI,04 JUN 1998,10:05.12,,ITA,"Stadion De Veen, Heusden-Zolder (BEL)",Night of Athletics,19 JUL 2025,2025,6.0,C,Continental Tour,7218252,worldwide
women_3000sc,Laura TABORDA,01 JAN 1999,DNF,,POR,"Stadion De Veen, Heusden-Zolder (BEL)",Night of Athletics,19 JUL 2025,2025,,C,Continental Tour,7218252,worldwide
women_3000sc,Olivia GÜRTH,31 MAY 2002,DNF,,GER,"Stadion De Veen, Heusden-Zolder (BEL)",Night of Athletics,19 JUL 2025,2025,,C,Continental Tour,7218252,worldwide
women_3000sc,Ikram OUAAZIZ,06 JUL 1999,9:57.46,,MAR,"Piste Athlétisme, Tiflet (MAR)",Moroccan Championships,20 JUL 2025,2025,1.0,B,National Championships,7228569,worldwide
women_3000sc,Ilona MONONEN,18 DEC 2003,9:31.86,,FIN,"Lohrheidestadion, Wattenscheid, Bochum (GER)",FISU World University Games,27 JUL 2025,2025,1.0,B,FISU,7174350,worldwide
women_3000sc,Adia BUDDE,29 JUL 2005,9:33.34,,GER,"Lohrheidestadion, Wattenscheid, Bochum (GER)",FISU World University Games,27 JUL 2025,2025,3.0,B,FISU,7174350,worldwide
women_3000sc,Ruken TEK,01 MAY 2001,9:36.89,,TUR,"Lohrheidestadion, Wattenscheid, Bochum (GER)",FISU World University Games,27 JUL 2025,2025,4.0,B,FISU,7174350,worldwide
women_3000sc,Pelinsu ŞAHIN,24 MAR 2003,9:44.19,,TUR,"Lohrheidestadion, Wattenscheid, Bochum (GER)",FISU World University Games,27 JUL 2025,2025,5.0,B,FISU,7174350,worldwide
women_3000sc,Zita URBÁN,22 APR 2002,9:44.62,,HUN,"Lohrheidestadion, Wattenscheid, Bochum (GER)",FISU World University Games,27 JUL 2025,2025,6.0,B,FISU,7174350,worldwide
women_3000sc,Ava O'CONNOR,19 SEP 2003,9:51.07,,IRL,"Lohrheidestadion, Wattenscheid, Bochum (GER)",FISU World University Games,27 JUL 2025,2025,9.0,B,FISU,7174350,worldwide
women_3000sc,Andrea MODIN ENGESÆTH,06 JUL 2001,9:55.67,,NOR,"Lohrheidestadion, Wattenscheid, Bochum (GER)",FISU World University Games,27 JUL 2025,2025,11.0,B,FISU,7174350,worldwide
women_3000sc,Tatsiana SHABANAVA,20 MAR 1998,10:03.03,,BLR,"Regional Sport Complex, Brest (BLR)",Belarus Championships,24 JUL 2025,2025,1.0,B,National Championships,7228280,worldwide
women_3000sc,Miu SAITO,22 JUN 2002,9:38.41,,JPN,"Slottsskogsvallen, Göteborg (SWE)",Folksam Grand Prix Göteborg,26 JUL 2025,2025,1.0,C,Continental Tour,7218987,worldwide
women_3000sc,Juliane HVID,08 APR 1998,9:40.72,,DEN,"Slottsskogsvallen, Göteborg (SWE)",Folksam Grand Prix Göteborg,26 JUL 2025,2025,2.0,C,Continental Tour,7218987,worldwide
women_3000sc,Cari HUGHES,15 MAR 1999,9:55.55,,GBR,"Slottsskogsvallen, Göteborg (SWE)",Folksam Grand Prix Göteborg,26 JUL 2025,2025,5.0,C,Continental Tour,7218987,worldwide
women_3000sc,Emma DAHL,02 MAY 1991,10:36.32,,SWE,"Slottsskogsvallen, Göteborg (SWE)",Folksam Grand Prix Göteborg,26 JUL 2025,2025,7.0,C,Continental Tour,7218987,worldwide
women_3000sc,Adva COHEN,24 MAR 1996,9:48.52,,ISR,"Panthessaliko Stadium, Volos (GRE)",Balkan Championships,26 JUL 2025,2025,1.0,B,Area Regional Champs,7221422,worldwide
women_3000sc,Tuğba GÜVENÇ YENIGÜN,09 JUL 1994,9:49.63,,TUR,"Panthessaliko Stadium, Volos (GRE)",Balkan Championships,26 JUL 2025,2025,2.0,B,Area Regional Champs,7221422,worldwide
women_3000sc,Adva COHEN,24 MAR 1996,9:57.39,,ISR,"Givat Ram Stadium, Jerusalem (ISR)",Israeli Championships,31 JUL 2025,2025,1.0,B,National Championships,7221396,worldwide
women_3000sc,Grace FETHERSTONHAUGH,13 OCT 2000,9:41.05,,CAN,"Terry Fox AF, Ottawa (CAN)",Canadian Championships,31 JUL 2025,2025,1.0,B,National Championships,7222681,worldwide
women_3000sc,Lexy HALLADAY,23 JUL 2001,9:09.14,,USA,"Hayward Field, Eugene, OR (USA)",USA Championships,02 AUG 2025,2025,1.0,B,National Championships,7222826,worldwide
women_3000sc,Angelina NAPOLEON,03 MAR 2005,9:10.96,,USA,"Hayward Field, Eugene, OR (USA)",USA Championships,02 AUG 2025,2025,2.0,B,National Championships,7222826,worldwide
women_3000sc,Kaylee MITCHELL,22 OCT 1999,9:11.36,,USA,"Hayward Field, Eugene, OR (USA)",USA Championships,02 AUG 2025,2025,3.0,B,National Championships,7222826,worldwide
women_3000sc,Kristlin GEAR,20 JUL 1999,9:11.64,,USA,"Hayward Field, Eugene, OR (USA)",USA Championships,02 AUG 2025,2025,4.0,B,National Championships,7222826,worldwide
women_3000sc,Olivia MARKEZICH,10 AUG 2000,9:14.26,,USA,"Hayward Field, Eugene, OR (USA)",USA Championships,02 AUG 2025,2025,5.0,B,National Championships,7222826,worldwide
women_3000sc,Courtney WAYMENT,04 AUG 1998,9:17.94,,USA,"Hayward Field, Eugene, OR (USA)",USA Championships,02 AUG 2025,2025,6.0,B,National Championships,7222826,worldwide
women_3000sc,Valerie CONSTIEN,21 MAR 1996,9:19.14,,USA,"Hayward Field, Eugene, OR (USA)",USA Championships,02 AUG 2025,2025,7.0,B,National Championships,7222826,worldwide
women_3000sc,Angelina ELLIS,09 AUG 1998,9:23.02,,USA,"Hayward Field, Eugene, OR (USA)",USA Championships,02 AUG 2025,2025,8.0,B,National Championships,7222826,worldwide
women_3000sc,Gabrielle JENNINGS,15 SEP 1998,9:26.15,,USA,"Hayward Field, Eugene, OR (USA)",USA Championships,02 AUG 2025,2025,9.0,B,National Championships,7222826,worldwide
women_3000sc,Colett RAMPF,23 JUL 1991,9:39.73,,USA,"Hayward Field, Eugene, OR (USA)",USA Championships,02 AUG 2025,2025,10.0,B,National Championships,7222826,worldwide
women_3000sc,Logan JOLLY,07 JUL 1998,9:44.99,,USA,"Hayward Field, Eugene, OR (USA)",USA Championships,02 AUG 2025,2025,11.0,B,National Championships,7222826,worldwide
women_3000sc,Emma GEE,17 AUG 1997,9:52.30,,USA,"Hayward Field, Eugene, OR (USA)",USA Championships,02 AUG 2025,2025,12.0,B,National Championships,7222826,worldwide
women_3000sc,Gracie HYDE,12 DEC 1999,DNF,,USA,"Hayward Field, Eugene, OR (USA)",USA Championships,02 AUG 2025,2025,,B,National Championships,7222826,worldwide
women_3000sc,Adia BUDDE,29 JUL 2005,9:45.48,,GER,"Heinz-Steyer-Stadion, Dresden (GER)",German Championships,03 AUG 2025,2025,1.0,B,National Championships,7229381,worldwide
women_3000sc,Olivia GÜRTH,31 MAY 2002,9:46.18,,GER,"Heinz-Steyer-Stadion, Dresden (GER)",German Championships,03 AUG 2025,2025,2.0,B,National Championships,7229381,worldwide
women_3000sc,Linn SÖDERHOLM,05 MAY 1996,9:55.94,,SWE,"Sola Arena, Karlstad (SWE)",Swedish Championships,01 AUG 2025,2025,1.0,B,National Championships,7227009,worldwide
women_3000sc,Ebba CRONHOLM,14 JUN 2005,9:57.08,,SWE,"Sola Arena, Karlstad (SWE)",Swedish Championships,01 AUG 2025,2025,2.0,B,National Championships,7227009,worldwide
women_3000sc,Julia SAMUELSSON,22 MAR 1999,10:03.08,,SWE,"Sola Arena, Karlstad (SWE)",Swedish Championships,01 AUG 2025,2025,3.0,B,National Championships,7227009,worldwide
women_3000sc,Emma DAHL,02 MAY 1991,10:24.61,,SWE,"Sola Arena, Karlstad (SWE)",Swedish Championships,01 AUG 2025,2025,6.0,B,National Championships,7227009,worldwide
women_3000sc,Tatiane Raquel DA SILVA,10 JUN 1990,9:58.62,,BRA,"Centro de Treinamento Paralímpico Brasileiro, São Paulo (BRA)",Brazilian Championships,01 AUG 2025,2025,1.0,B,National Championships,7221524,worldwide
women_3000sc,Simone FERRAZ,12 MAR 1990,10:37.63,,BRA,"Centro de Treinamento Paralímpico Brasileiro, São Paulo (BRA)",Brazilian Championships,01 AUG 2025,2025,2.0,B,National Championships,7221524,worldwide
women_3000sc,Andrea MODIN ENGESÆTH,06 JUL 2001,10:09.87,,NOR,"Ravnanger Idrettspark, Askoy (NOR)",Norwegian Championships,02 AUG 2025,2025,3.0,B,National Championships,7222638,worldwide
women_3000sc,Xia LUO,10 MAY 2000,9:29.79,,CHN,"Sports Center, Quzhou (CHN)",Chinese Championships,04 AUG 2025,2025,1.0,B,National Championships,7227249,worldwide
women_3000sc,Marta SERRANO,05 APR 2003,9:58.05,,ESP,"Estadi Natalia Rodríguez, Tarragona (ESP)",Spanish Championships,02 AUG 2025,2025,1.0,B,National Championships,7217967,worldwide
women_3000sc,June ARBEO,04 FEB 1999,10:02.52,,ESP,"Estadi Natalia Rodríguez, Tarragona (ESP)",Spanish Championships,02 AUG 2025,2025,2.0,B,National Championships,7217967,worldwide
women_3000sc,Clara VIÑARAS,08 SEP 1993,10:32.91,,ESP,"Estadi Natalia Rodríguez, Tarragona (ESP)",Spanish Championships,02 AUG 2025,2025,6.0,B,National Championships,7217967,worldwide
women_3000sc,Alice FINOT,09 FEB 1991,9:33.16,,FRA,"Stade Pierre Paul Bernard, Talence (FRA)",French Championships,01 AUG 2025,2025,1.0,B,National Championships,7226084,worldwide
women_3000sc,Flavie RENOUARD,10 SEP 2000,9:33.28,,FRA,"Stade Pierre Paul Bernard, Talence (FRA)",French Championships,01 AUG 2025,2025,2.0,B,National Championships,7226084,worldwide
women_3000sc,Marie BOUCHARD,07 DEC 1993,9:46.45,,FRA,"Stade Pierre Paul Bernard, Talence (FRA)",French Championships,01 AUG 2025,2025,3.0,B,National Championships,7226084,worldwide
women_3000sc,Laura MAASIK,05 OCT 1993,10:05.35,,EST,"Kadrioru staadion, Tallinn (EST)",Estonian Championships,02 AUG 2025,2025,1.0,B,National Championships,7217595,worldwide
women_3000sc,Eline DALEMANS,25 FEB 1991,9:42.65,,BEL,"Boudewijnstadion, Bruxelles (BEL)",Belgian Championships,03 AUG 2025,2025,1.0,B,National Championships,7228613,worldwide
women_3000sc,Veerle BAKKER,29 SEP 1997,9:41.04,,NED,"FBK Stadium, Hengelo (NED)",Dutch Championships,03 AUG 2025,2025,1.0,B,National Championships,7227988,worldwide
women_3000sc,Jasmijn BAKKER,11 OCT 1999,10:24.02,,NED,"FBK Stadium, Hengelo (NED)",Dutch Championships,03 AUG 2025,2025,3.0,B,National Championships,7227988,worldwide
women_3000sc,Elise THORNER,16 MAR 2001,9:22.05,,GBR,"Alexander Stadium, Birmingham (GBR)",UK Championships,02 AUG 2025,2025,1.0,B,National Championships,7229689,worldwide
women_3000sc,Sarah TAIT,26 MAR 2001,9:25.17,,GBR,"Alexander Stadium, Birmingham (GBR)",UK Championships,02 AUG 2025,2025,2.0,B,National Championships,7229689,worldwide
women_3000sc,Cari HUGHES,15 MAR 1999,9:41.66,,GBR,"Alexander Stadium, Birmingham (GBR)",UK Championships,02 AUG 2025,2025,3.0,B,National Championships,7229689,worldwide
women_3000sc,Emily PARKER,11 SEP 2004,9:47.76,,GBR,"Alexander Stadium, Birmingham (GBR)",UK Championships,02 AUG 2025,2025,4.0,B,National Championships,7229689,worldwide
women_3000sc,Zita URBÁN,22 APR 2002,9:48.27,,HUN,"Nemzeti Atlétikai Központ, Budapest (HUN)",Hungarian Championships,02 AUG 2025,2025,1.,B,National Championships,7229640,worldwide
women_3000sc,Eleonora CURTABBI,27 MAR 1997,10:04.77,,ITA,"Giovanni Chiggiato Stadium, Caorle (ITA)",Italian Championships,03 AUG 2025,2025,2.,B,National Championships,7226755,worldwide
women_3000sc,Anastasiya KRASILNIKOVA,10 DEC 2003,9:29.40,,RUS,"Central Stadium, Kazan (RUS)",Russian Championships,08 AUG 2025,2025,1.,B,National Championships,7230365,worldwide
women_3000sc,Yekaterina IVONINA,14 JUN 1994,9:32.03,,RUS,"Central Stadium, Kazan (RUS)",Russian Championships,08 AUG 2025,2025,2.,B,National Championships,7230365,worldwide
women_3000sc,Olga VOVK,13 FEB 1993,9:42.57,,RUS,"Central Stadium, Kazan (RUS)",Russian Championships,08 AUG 2025,2025,3.,B,National Championships,7230365,worldwide
women_3000sc,Anna TROPINA,03 NOV 1998,9:48.51,,RUS,"Central Stadium, Kazan (RUS)",Russian Championships,08 AUG 2025,2025,4.,B,National Championships,7230365,worldwide
women_3000sc,Tatsiana SHABANAVA,20 MAR 1998,9:33.32,,BLR,"Central Stadium, Kazan (RUS)",Russian Championships,08 AUG 2025,2025,OC,B,National Championships,7230365,worldwide
women_3000sc,Flavie RENOUARD,10 SEP 2000,9:17.27,,FRA,"Putbosstadion, Oordegem (BEL)",IFAM Oordegem,09 AUG 2025,2025,1.,C,Continental Tour,7218629,worldwide
women_3000sc,Sarah TAIT,26 MAR 2001,9:18.66,,GBR,"Putbosstadion, Oordegem (BEL)",IFAM Oordegem,09 AUG 2025,2025,2.,C,Continental Tour,7218629,worldwide
women_3000sc,Rihab DHAHRI,09 SEP 2003,9:20.17,,TUN,"Putbosstadion, Oordegem (BEL)",IFAM Oordegem,09 AUG 2025,2025,3.,C,Continental Tour,7218629,worldwide
women_3000sc,Tuğba GÜVENÇ YENIGÜN,09 JUL 1994,9:23.41,,TUR,"Putbosstadion, Oordegem (BEL)",IFAM Oordegem,09 AUG 2025,2025,4.,C,Continental Tour,7218629,worldwide
women_3000sc,Veerle BAKKER,29 SEP 1997,9:25.53,,NED,"Putbosstadion, Oordegem (BEL)",IFAM Oordegem,09 AUG 2025,2025,5.,C,Continental Tour,7218629,worldwide
women_3000sc,Juliane HVID,08 APR 1998,9:28.05,,DEN,"Putbosstadion, Oordegem (BEL)",IFAM Oordegem,09 AUG 2025,2025,6.,C,Continental Tour,7218629,worldwide
women_3000sc,Eline DALEMANS,25 FEB 1991,9:34.10,,BEL,"Putbosstadion, Oordegem (BEL)",IFAM Oordegem,09 AUG 2025,2025,7.,C,Continental Tour,7218629,worldwide
women_3000sc,Stella RUTTO,1999,9:37.49,,ROU,"Putbosstadion, Oordegem (BEL)",IFAM Oordegem,09 AUG 2025,2025,8.,C,Continental Tour,7218629,worldwide
women_3000sc,Sümeyye EROL,15 JUN 1997,9:37.97,,TUR,"Putbosstadion, Oordegem (BEL)",IFAM Oordegem,09 AUG 2025,2025,9.,C,Continental Tour,7218629,worldwide
women_3000sc,Agnieszka CHORZĘPA,14 JAN 2001,9:44.35,,POL,"Putbosstadion, Oordegem (BEL)",IFAM Oordegem,09 AUG 2025,2025,10.,C,Continental Tour,7218629,worldwide
women_3000sc,Manami NISHIYAMA,09 DEC 1999,9:46.56,,JPN,"Putbosstadion, Oordegem (BEL)",IFAM Oordegem,09 AUG 2025,2025,11.,C,Continental Tour,7218629,worldwide
women_3000sc,Linn SÖDERHOLM,05 MAY 1996,9:53.41,,SWE,"Putbosstadion, Oordegem (BEL)",IFAM Oordegem,09 AUG 2025,2025,12.,C,Continental Tour,7218629,worldwide
women_3000sc,Julia SAMUELSSON,22 MAR 1999,10:11.78,,SWE,"Putbosstadion, Oordegem (BEL)",IFAM Oordegem,09 AUG 2025,2025,18.,C,Continental Tour,7218629,worldwide
women_3000sc,Jasmijn BAKKER,11 OCT 1999,DNF,,NED,"Putbosstadion, Oordegem (BEL)",IFAM Oordegem,09 AUG 2025,2025,,C,Continental Tour,7218629,worldwide
women_3000sc,Kristlin GEAR,20 JUL 1999,9:35.27,,USA,"Grand Bahama Sports Complex, Freeport (BAH)",NACAC Championships,17 AUG 2025,2025,1.,GL,Area Champs,7228704,worldwide
women_3000sc,Grace FETHERSTONHAUGH,13 OCT 2000,9:43.91,,CAN,"Grand Bahama Sports Complex, Freeport (BAH)",NACAC Championships,17 AUG 2025,2025,2.,GL,Area Champs,7228704,worldwide
women_3000sc,Alondra NEGRON,31 MAY 1998,10:31.96,,PUR,"Grand Bahama Sports Complex, Freeport (BAH)",NACAC Championships,17 AUG 2025,2025,3.,GL,Area Champs,7228704,worldwide
women_3000sc,Kinga KRÓLIK,26 SEP 1999,9:24.92,,POL,"Zdzisław Krzyszkowiak Stadium, Bydgoszcz (POL)",Polish Championships,22 AUG 2025,2025,1.,B,National Championships,7227065,worldwide
women_3000sc,Alicja KONIECZEK,02 NOV 1994,9:26.12,,POL,"Zdzisław Krzyszkowiak Stadium, Bydgoszcz (POL)",Polish Championships,22 AUG 2025,2025,2.,B,National Championships,7227065,worldwide
women_3000sc,Agnieszka CHORZĘPA,14 JAN 2001,9:44.58,,POL,"Zdzisław Krzyszkowiak Stadium, Bydgoszcz (POL)",Polish Championships,22 AUG 2025,2025,3.,B,National Championships,7227065,worldwide
women_3000sc,Julia KORALEWSKA,17 FEB 2002,9:55.37,,POL,"Zdzisław Krzyszkowiak Stadium, Bydgoszcz (POL)",Polish Championships,22 AUG 2025,2025,4.,B,National Championships,7227065,worldwide
women_3000sc,Patrycja KAPAŁA,26 MAR 1997,9:58.27,,POL,"Zdzisław Krzyszkowiak Stadium, Bydgoszcz (POL)",Polish Championships,22 AUG 2025,2025,5.,B,National Championships,7227065,worldwide
women_3000sc,Sümeyye EROL,15 JUN 1997,9:38.55,,TUR,"Atatürk Stadyumu, Izmir (TUR)",Turkish Championships,22 AUG 2025,2025,1.,B,National Championships,7220153,worldwide
women_3000sc,Ruken TEK,01 MAY 2001,9:39.31,,TUR,"Atatürk Stadyumu, Izmir (TUR)",Turkish Championships,22 AUG 2025,2025,2.,B,National Championships,7220153,worldwide
women_3000sc,Derya KUNUR,01 SEP 1999,9:46.32,,TUR,"Atatürk Stadyumu, Izmir (TUR)",Turkish Championships,22 AUG 2025,2025,3.,B,National Championships,7220153,worldwide
women_3000sc,Tuğba GÜVENÇ YENIGÜN,09 JUL 1994,DNF,,TUR,"Atatürk Stadyumu, Izmir (TUR)",Turkish Championships,22 AUG 2025,2025,,B,National Championships,7220153,worldwide
women_3000sc,Linn SÖDERHOLM,05 MAY 1996,10:05.65,,SWE,"Olympiastadion, Stockholm (SWE)",Finnkampen,23 AUG 2025,2025,1.,D,Traditional International,7218010,worldwide
women_3000sc,Julia SAMUELSSON,22 MAR 1999,10:07.61,,SWE,"Olympiastadion, Stockholm (SWE)",Finnkampen,23 AUG 2025,2025,2.,D,Traditional International,7218010,worldwide
women_3000sc,Ebba CRONHOLM,14 JUN 2005,10:09.78,,SWE,"Olympiastadion, Stockholm (SWE)",Finnkampen,23 AUG 2025,2025,3.,D,Traditional International,7218010,worldwide
women_3000sc,Juliane HVID,08 APR 1998,9:47.03,,DEN,"Hvidovre Stadion, Hvidovre (DEN)",Danish Championships,23 AUG 2025,2025,1.,B,National Championships,7222639,worldwide
women_3000sc,Stella RUTTO,1999,9:38.14,,ROU,"Stadionul de atletism ""Nicolae Mărășescu"", Craiova (ROU)",Romanian Championships,23 AUG 2025,2025,1.,B,National Championships,7227622,worldwide
women_3000sc,Kayley DELAY,07 JUN 1999,9:28.39,,USA,"Manchester Regional Arena, Manchester (GBR)",Manchester International,30 AUG 2025,2025,1.,D,Continental Tour,7226665,worldwide
women_3000sc,Chiara SCHERRER,24 JAN 1996,9:46.55,,SUI,"Manchester Regional Arena, Manchester (GBR)",Manchester International,30 AUG 2025,2025,2.,D,Continental Tour,7226665,worldwide
women_3000sc,Thi Oanh NGUYEN,15 AUG 1995,10:13.74,,VIE,"Supachalasai National Stadium, Bangkok (THA)",Southeast Asian Games,16 DEC 2025,2025,1.,D,Area Regional Champs,7218189,worldwide
women_3000sc,Cara FEAIN-RYAN,05 FEB 1999,9:42.71,,AUS,"SA Athletic Stadium, Adelaide (AUS)",Adelaide Invitational,10 FEB 2024,2024,1.,C,Continental Tour,7203750,worldwide
women_3000sc,Stella RADFORD,25 JUN 1995,9:49.47,,AUS,"SA Athletic Stadium, Adelaide (AUS)",Adelaide Invitational,10 FEB 2024,2024,2.,C,Continental Tour,7203750,worldwide
women_3000sc,Brielle ERBACHER,28 FEB 1999,10:07.85,,AUS,"SA Athletic Stadium, Adelaide (AUS)",Adelaide Invitational,10 FEB 2024,2024,3.,C,Continental Tour,7203750,worldwide
women_3000sc,Brielle ERBACHER,28 FEB 1999,10:16.21,,AUS,"AIS Athletics Track, Canberra (AUS)",Canberra Track Classic,02 MAR 2024,2024,1.,D,Continental Tour,7204504,worldwide
women_3000sc,Georgia WINKCUP,09 MAY 1997,10:20.79,,AUS,"The Crest Athletics Centre, Bankstown, Sydney (AUS)",Albie Thomas Mile,28 MAR 2024,2024,1.,D,Continental Tour,7204444,worldwide
women_3000sc,Amy CASHIN,28 JUL 1994,9:39.53,,AUS,"SA Athletic Stadium, Adelaide (AUS)",Australian Championships,12 APR 2024,2024,1.,B,National Championships,7202429,worldwide
women_3000sc,Stella RADFORD,25 JUN 1995,9:42.26,,AUS,"SA Athletic Stadium, Adelaide (AUS)",Australian Championships,12 APR 2024,2024,2.,B,National Championships,7202429,worldwide
women_3000sc,Cara FEAIN-RYAN,05 FEB 1999,9:43.99,,AUS,"SA Athletic Stadium, Adelaide (AUS)",Australian Championships,12 APR 2024,2024,3.,B,National Championships,7202429,worldwide
women_3000sc,Brielle ERBACHER,28 FEB 1999,9:45.52,,AUS,"SA Athletic Stadium, Adelaide (AUS)",Australian Championships,12 APR 2024,2024,4.,B,National Championships,7202429,worldwide
women_3000sc,Georgia WINKCUP,09 MAY 1997,9:52.41,,AUS,"SA Athletic Stadium, Adelaide (AUS)",Australian Championships,12 APR 2024,2024,5.,B,National Championships,7202429,worldwide
women_3000sc,Belén CASETTA,26 SEP 1994,9:33.26,,ARG,"Pista de Atletismo Justo Román, Mar del Plata (ARG)",Argentinian Championships,13 APR 2024,2024,1.,B,National Championships,7207797,worldwide
women_3000sc,Miu SAITO,22 JUN 2002,9:47.76,,JPN,"Universiade Commemorative Stadium, Kobe (JPN)",72nd Hyogo Relay Carnival,21 APR 2024,2024,1.,D,Continental Tour,7208576,worldwide
women_3000sc,Manami NISHIYAMA,09 DEC 1999,9:49.77,,JPN,"Universiade Commemorative Stadium, Kobe (JPN)",72nd Hyogo Relay Carnival,21 APR 2024,2024,2.,D,Continental Tour,7208576,worldwide
women_3000sc,Reimi YOSHIMURA,22 APR 2000,9:59.14,,JPN,"Universiade Commemorative Stadium, Kobe (JPN)",72nd Hyogo Relay Carnival,21 APR 2024,2024,3.,D,Continental Tour,7208576,worldwide
women_3000sc,Soyoka SEGAWA,28 JUL 1994,10:09.01,,JPN,"Universiade Commemorative Stadium, Kobe (JPN)",72nd Hyogo Relay Carnival,21 APR 2024,2024,5.,D,Continental Tour,7208576,worldwide
women_3000sc,Yuzu NISHIDE,25 JAN 2000,10:12.40,,JPN,"Universiade Commemorative Stadium, Kobe (JPN)",72nd Hyogo Relay Carnival,21 APR 2024,2024,6.,D,Continental Tour,7208576,worldwide
women_3000sc,Stella RUTTO,1999,9:39.57,,ROU,"Nyayo National Stadium, Nairobi (KEN)",Kip Keino Classic,20 APR 2024,2024,1.,A,Continental Tour,7201053,worldwide
women_3000sc,Leah JERUTO,12 MAY 2000,9:39.94,,KEN,"Nyayo National Stadium, Nairobi (KEN)",Kip Keino Classic,20 APR 2024,2024,2.,A,Continental Tour,7201053,worldwide
women_3000sc,Daisy JEPKEMEI,13 FEB 1996,9:41.13,,KAZ,"Nyayo National Stadium, Nairobi (KEN)",Kip Keino Classic,20 APR 2024,2024,3.,A,Continental Tour,7201053,worldwide
women_3000sc,Meseret YESHANEH,12 MAY 2005,9:47.49,,ETH,"Nyayo National Stadium, Nairobi (KEN)",Kip Keino Classic,20 APR 2024,2024,4.,A,Continental Tour,7201053,worldwide
women_3000sc,Alemnat WALLE,29 JAN 2006,9:49.63,,ETH,"Nyayo National Stadium, Nairobi (KEN)",Kip Keino Classic,20 APR 2024,2024,5.,A,Continental Tour,7201053,worldwide
women_3000sc,Wosane ASEFA,03 JAN 2007,9:54.82,,ETH,"Nyayo National Stadium, Nairobi (KEN)",Kip Keino Classic,20 APR 2024,2024,6.,A,Continental Tour,7201053,worldwide
women_3000sc,Purity KIRUI,13 AUG 1991,10:10.02,,KEN,"Nyayo National Stadium, Nairobi (KEN)",Kip Keino Classic,20 APR 2024,2024,9.,A,Continental Tour,7201053,worldwide
women_3000sc,Caren CHEBET,24 MAY 2000,10:12.91,,KEN,"Nyayo National Stadium, Nairobi (KEN)",Kip Keino Classic,20 APR 2024,2024,10.,A,Continental Tour,7201053,worldwide
women_3000sc,Belén CASETTA,26 SEP 1994,9:29.86,,ARG,"Estadio Iberoamericano, Huelva (ESP)",Meeting Iberoamericano Huelva 2024,30 APR 2024,2024,1.,C,Continental Tour,7205353,worldwide
women_3000sc,Carolina ROBLES,04 DEC 1991,9:30.57,,ESP,"Estadio Iberoamericano, Huelva (ESP)",Meeting Iberoamericano Huelva 2024,30 APR 2024,2024,2.,C,Continental Tour,7205353,worldwide
women_3000sc,Derya KUNUR,01 SEP 1999,9:36.56,,TUR,"Estadio Iberoamericano, Huelva (ESP)",Meeting Iberoamericano Huelva 2024,30 APR 2024,2024,3.,C,Continental Tour,7205353,worldwide
women_3000sc,Ruken TEK,01 MAY 2001,9:39.91,,TUR,"Estadio Iberoamericano, Huelva (ESP)",Meeting Iberoamericano Huelva 2024,30 APR 2024,2024,4.,C,Continental Tour,7205353,worldwide
women_3000sc,Emilia LILLEMO,05 JAN 2000,9:39.97,,SWE,"Estadio Iberoamericano, Huelva (ESP)",Meeting Iberoamericano Huelva 2024,30 APR 2024,2024,5.,C,Continental Tour,7205353,worldwide
women_3000sc,Irene SÁNCHEZ-ESCRIBANO,25 AUG 1992,9:42.61,,ESP,"Estadio Iberoamericano, Huelva (ESP)",Meeting Iberoamericano Huelva 2024,30 APR 2024,2024,6.,C,Continental Tour,7205353,worldwide
women_3000sc,Linn SÖDERHOLM,05 MAY 1996,9:43.18,,SWE,"Estadio Iberoamericano, Huelva (ESP)",Meeting Iberoamericano Huelva 2024,30 APR 2024,2024,7.,C,Continental Tour,7205353,worldwide
women_3000sc,Sümeyye EROL,15 JUN 1997,9:45.81,,TUR,"Estadio Iberoamericano, Huelva (ESP)",Meeting Iberoamericano Huelva 2024,30 APR 2024,2024,8.,C,Continental Tour,7205353,worldwide
women_3000sc,Julia SAMUELSSON,22 MAR 1999,9:48.15,,SWE,"Estadio Iberoamericano, Huelva (ESP)",Meeting Iberoamericano Huelva 2024,30 APR 2024,2024,9.,C,Continental Tour,7205353,worldwide
women_3000sc,Blanca FERNÁNDEZ,01 APR 1992,9:53.60,,ESP,"Estadio Iberoamericano, Huelva (ESP)",Meeting Iberoamericano Huelva 2024,30 APR 2024,2024,10.,C,Continental Tour,7205353,worldwide
women_3000sc,Zita URBÁN,22 APR 2002,9:53.92,,HUN,"Estadio Iberoamericano, Huelva (ESP)",Meeting Iberoamericano Huelva 2024,30 APR 2024,2024,11.,C,Continental Tour,7205353,worldwide
women_3000sc,Julia KORALEWSKA,17 FEB 2002,10:00.32,,POL,"Estadio Iberoamericano, Huelva (ESP)",Meeting Iberoamericano Huelva 2024,30 APR 2024,2024,12.,C,Continental Tour,7205353,worldwide
women_3000sc,Marta SERRANO,05 APR 2003,10:00.32,,ESP,"Estadio Iberoamericano, Huelva (ESP)",Meeting Iberoamericano Huelva 2024,30 APR 2024,2024,13.,C,Continental Tour,7205353,worldwide
women_3000sc,Alexa LEMITRE,10 APR 1998,10:15.02,,FRA,"Estadio Iberoamericano, Huelva (ESP)",Meeting Iberoamericano Huelva 2024,30 APR 2024,2024,16.,C,Continental Tour,7205353,worldwide
women_3000sc,Thi Oanh NGUYEN,15 AUG 1995,10:15.84,,VIE,"Tsueng Kwan O Sports Ground, Hong Kong (HKG)",Hong Kong Athletics Championships 2024,05 MAY 2024,2024,OC,B,National Championships,7207189,worldwide
women_3000sc,Fatiha SÁNCHEZ,08 MAR 1983,10:18.34,,ALG,"Stade Raymond Troussier, Decines (FRA)",Meeting National Est Lyonnais,04 MAY 2024,2024,4.,D,Continental Tour,7205993,worldwide
women_3000sc,Ophélie CLAUDE-BOXBERGER,18 OCT 1988,10:50.07,,FRA,"Stade Raymond Troussier, Decines (FRA)",Meeting National Est Lyonnais,04 MAY 2024,2024,9.,D,Continental Tour,7205993,worldwide
women_3000sc,Valerie CONSTIEN,21 MAR 1996,9:27.22,,USA,"Jack Kemp Stadium - Occidental College, Los Angeles, CA (USA)",Track Fest,11 MAY 2024,2024,1.,C,Continental Tour,7210748,worldwide
women_3000sc,Kaylee MITCHELL,22 OCT 1999,9:29.26,,USA,"Jack Kemp Stadium - Occidental College, Los Angeles, CA (USA)",Track Fest,11 MAY 2024,2024,2.,C,Continental Tour,7210748,worldwide
women_3000sc,Gracie HYDE,12 DEC 1999,9:31.07,,USA,"Jack Kemp Stadium - Occidental College, Los Angeles, CA (USA)",Track Fest,11 MAY 2024,2024,3.,C,Continental Tour,7210748,worldwide
women_3000sc,Allie OSTRANDER,24 DEC 1996,9:32.87,,USA,"Jack Kemp Stadium - Occidental College, Los Angeles, CA (USA)",Track Fest,11 MAY 2024,2024,4.,C,Continental Tour,7210748,worldwide
women_3000sc,Judi JONES,28 MAR 1997,9:41.00,,USA,"Jack Kemp Stadium - Occidental College, Los Angeles, CA (USA)",Track Fest,11 MAY 2024,2024,5.,C,Continental Tour,7210748,worldwide
women_3000sc,Stella RADFORD,25 JUN 1995,9:41.11,,AUS,"Jack Kemp Stadium - Occidental College, Los Angeles, CA (USA)",Track Fest,11 MAY 2024,2024,6.,C,Continental Tour,7210748,worldwide
women_3000sc,Grace FETHERSTONHAUGH,13 OCT 2000,9:42.61,,CAN,"Jack Kemp Stadium - Occidental College, Los Angeles, CA (USA)",Track Fest,11 MAY 2024,2024,7.,C,Continental Tour,7210748,worldwide
women_3000sc,Eleonora CURTABBI,27 MAR 1997,9:50.86,,ITA,"Jack Kemp Stadium - Occidental College, Los Angeles, CA (USA)",Track Fest,11 MAY 2024,2024,8.,C,Continental Tour,7210748,worldwide
women_3000sc,Colett RAMPF,23 JUL 1991,9:53.09,,USA,"Jack Kemp Stadium - Occidental College, Los Angeles, CA (USA)",Track Fest,11 MAY 2024,2024,10.,C,Continental Tour,7210748,worldwide
women_3000sc,Emma GEE,17 AUG 1997,9:58.78,,USA,"Jack Kemp Stadium - Occidental College, Los Angeles, CA (USA)",Track Fest,11 MAY 2024,2024,12.,C,Continental Tour,7210748,worldwide
women_3000sc,Meredith RIZZO,07 FEB 1995,10:13.93,,USA,"Jack Kemp Stadium - Occidental College, Los Angeles, CA (USA)",Track Fest,11 MAY 2024,2024,15.,C,Continental Tour,7210748,worldwide
women_3000sc,Agnes Thurid GERS,04 AUG 1997,10:10.69,,GER,"Carl-Kaufmann-Stadion, Karlsruhe (GER)",Puma Nitro Lange Laufnacht,11 MAY 2024,2024,1.,D,Continental Tour,7205495,worldwide
women_3000sc,Shuangshuang XU,06 APR 1996,9:47.45,,CHN,"Yanmar Stadium Nagai, Osaka (JPN)",11th Kinami Michitaka Memorial Athletics Meet,12 MAY 2024,2024,1.,C,Continental Tour,7209116,worldwide
women_3000sc,Miu SAITO,22 JUN 2002,9:50.97,,JPN,"Yanmar Stadium Nagai, Osaka (JPN)",11th Kinami Michitaka Memorial Athletics Meet,12 MAY 2024,2024,2.,C,Continental Tour,7209116,worldwide
women_3000sc,Georgia WINKCUP,09 MAY 1997,9:57.06,,AUS,"Yanmar Stadium Nagai, Osaka (JPN)",11th Kinami Michitaka Memorial Athletics Meet,12 MAY 2024,2024,3.,C,Continental Tour,7209116,worldwide
women_3000sc,Manami NISHIYAMA,09 DEC 1999,9:57.47,,JPN,"Yanmar Stadium Nagai, Osaka (JPN)",11th Kinami Michitaka Memorial Athletics Meet,12 MAY 2024,2024,4.,C,Continental Tour,7209116,worldwide
women_3000sc,Ceili MCCABE,17 SEP 2001,9:20.58,,CAN,"Drake Stadium, Los Angeles, CA (USA)",USATF Los Angeles Grand Prix,17 MAY 2024,2024,1.,A,Continental Tour,7206591,worldwide
women_3000sc,Madie BOREMAN,10 JUL 1998,9:21.98,,USA,"Drake Stadium, Los Angeles, CA (USA)",USATF Los Angeles Grand Prix,17 MAY 2024,2024,2.,A,Continental Tour,7206591,worldwide
women_3000sc,Norah JERUTO,02 OCT 1995,9:22.45,,KAZ,"Drake Stadium, Los Angeles, CA (USA)",USATF Los Angeles Grand Prix,17 MAY 2024,2024,3.,A,Continental Tour,7206591,worldwide
women_3000sc,Lea MEYER,16 SEP 1997,9:22.51,,GER,"Drake Stadium, Los Angeles, CA (USA)",USATF Los Angeles Grand Prix,17 MAY 2024,2024,4.,A,Continental Tour,7206591,worldwide
women_3000sc,Alicja KONIECZEK,02 NOV 1994,9:22.52,,POL,"Drake Stadium, Los Angeles, CA (USA)",USATF Los Angeles Grand Prix,17 MAY 2024,2024,5.,A,Continental Tour,7206591,worldwide
women_3000sc,Angelina ELLIS,09 AUG 1998,9:25.25,,USA,"Drake Stadium, Los Angeles, CA (USA)",USATF Los Angeles Grand Prix,17 MAY 2024,2024,6.,A,Continental Tour,7206591,worldwide
women_3000sc,Logan JOLLY,07 JUL 1998,9:26.23,,USA,"Drake Stadium, Los Angeles, CA (USA)",USATF Los Angeles Grand Prix,17 MAY 2024,2024,7.,A,Continental Tour,7206591,worldwide
women_3000sc,Amy CASHIN,28 JUL 1994,9:26.85,,AUS,"Drake Stadium, Los Angeles, CA (USA)",USATF Los Angeles Grand Prix,17 MAY 2024,2024,8.,A,Continental Tour,7206591,worldwide
women_3000sc,Elizabeth BIRD,04 OCT 1994,9:32.95,,GBR,"Drake Stadium, Los Angeles, CA (USA)",USATF Los Angeles Grand Prix,17 MAY 2024,2024,9.,A,Continental Tour,7206591,worldwide
women_3000sc,Lexy HALLADAY,23 JUL 2001,9:39.26,,USA,"Drake Stadium, Los Angeles, CA (USA)",USATF Los Angeles Grand Prix,17 MAY 2024,2024,10.,A,Continental Tour,7206591,worldwide
women_3000sc,Grace FETHERSTONHAUGH,13 OCT 2000,9:39.62,,CAN,"Drake Stadium, Los Angeles, CA (USA)",USATF Los Angeles Grand Prix,17 MAY 2024,2024,11.,A,Continental Tour,7206591,worldwide
women_3000sc,Carmen GRAVES,27 JAN 1991,9:43.40,,USA,"Drake Stadium, Los Angeles, CA (USA)",USATF Los Angeles Grand Prix,17 MAY 2024,2024,12.,A,Continental Tour,7206591,worldwide
women_3000sc,Kayley DELAY,07 JUN 1999,9:46.71,,USA,"Drake Stadium, Los Angeles, CA (USA)",USATF Los Angeles Grand Prix,17 MAY 2024,2024,13.,A,Continental Tour,7206591,worldwide
women_3000sc,Tuğba GÜVENÇ,09 JUL 1994,9:53.47,,TUR,"Drake Stadium, Los Angeles, CA (USA)",USATF Los Angeles Grand Prix,17 MAY 2024,2024,14.,A,Continental Tour,7206591,worldwide
women_3000sc,Brielle ERBACHER,28 FEB 1999,9:56.30,,AUS,"Drake Stadium, Los Angeles, CA (USA)",USATF Los Angeles Grand Prix,17 MAY 2024,2024,15.,A,Continental Tour,7206591,worldwide
women_3000sc,Alycia BUTTERWORTH,01 OCT 1992,9:59.17,,CAN,"Drake Stadium, Los Angeles, CA (USA)",USATF Los Angeles Grand Prix,17 MAY 2024,2024,16.,A,Continental Tour,7206591,worldwide
women_3000sc,Tatiane Raquel DA SILVA,10 JUN 1990,10:27.60,,BRA,"Drake Stadium, Los Angeles, CA (USA)",USATF Los Angeles Grand Prix,17 MAY 2024,2024,17.,A,Continental Tour,7206591,worldwide
women_3000sc,Regan YEE,04 JUL 1995,DNF,,CAN,"Drake Stadium, Los Angeles, CA (USA)",USATF Los Angeles Grand Prix,17 MAY 2024,2024,,A,Continental Tour,7206591,worldwide
women_3000sc,Semra KARASLAN,18 JAN 1998,10:25.31,,TUR,"Atletiekbaan Brakkenstein, Nijmegen (NED)",Next Generation Athletics,18 MAY 2024,2024,2.,D,Continental Tour,7206533,worldwide
women_3000sc,Marwa BOUZAYANI,26 MAR 1997,9:17.78,,TUN,"Stadion Śląski, Chorzów (POL)",70. ORLEN Janusz Kusocinski Memorial,18 MAY 2024,2024,1.,B,Continental Tour,7205386,worldwide
women_3000sc,Carolina ROBLES,04 DEC 1991,9:27.54,,ESP,"Stadion Śląski, Chorzów (POL)",70. ORLEN Janusz Kusocinski Memorial,18 MAY 2024,2024,2.,B,Continental Tour,7205386,worldwide
women_3000sc,Irene SÁNCHEZ-ESCRIBANO,25 AUG 1992,9:27.69,,ESP,"Stadion Śląski, Chorzów (POL)",70. ORLEN Janusz Kusocinski Memorial,18 MAY 2024,2024,3.,B,Continental Tour,7205386,worldwide
women_3000sc,Aneta KONIECZEK,08 JUN 1997,9:33.17,,POL,"Stadion Śląski, Chorzów (POL)",70. ORLEN Janusz Kusocinski Memorial,18 MAY 2024,2024,4.,B,Continental Tour,7205386,worldwide
women_3000sc,Kinga KRÓLIK,26 SEP 1999,9:34.09,,POL,"Stadion Śląski, Chorzów (POL)",70. ORLEN Janusz Kusocinski Memorial,18 MAY 2024,2024,5.,B,Continental Tour,7205386,worldwide
women_3000sc,Derya KUNUR,01 SEP 1999,9:43.57,,TUR,"Stadion Śląski, Chorzów (POL)",70. ORLEN Janusz Kusocinski Memorial,18 MAY 2024,2024,6.,B,Continental Tour,7205386,worldwide
women_3000sc,Chiara SCHERRER,24 JAN 1996,9:44.57,,SUI,"Stadion Śląski, Chorzów (POL)",70. ORLEN Janusz Kusocinski Memorial,18 MAY 2024,2024,7.,B,Continental Tour,7205386,worldwide
women_3000sc,Aude CLAVIER,10 JAN 1999,9:48.39,,FRA,"Stadion Śląski, Chorzów (POL)",70. ORLEN Janusz Kusocinski Memorial,18 MAY 2024,2024,8.,B,Continental Tour,7205386,worldwide
women_3000sc,Rihab DHAHRI,09 SEP 2003,9:53.90,,TUN,"Stadion Śląski, Chorzów (POL)",70. ORLEN Janusz Kusocinski Memorial,18 MAY 2024,2024,9.,B,Continental Tour,7205386,worldwide
women_3000sc,Patrycja KAPAŁA,26 MAR 1997,10:01.21,,POL,"Stadion Śląski, Chorzów (POL)",70. ORLEN Janusz Kusocinski Memorial,18 MAY 2024,2024,10.,B,Continental Tour,7205386,worldwide
women_3000sc,Agnieszka CHORZĘPA,14 JAN 2001,10:05.37,,POL,"Stadion Śląski, Chorzów (POL)",70. ORLEN Janusz Kusocinski Memorial,18 MAY 2024,2024,11.,B,Continental Tour,7205386,worldwide
women_3000sc,Ilona MONONEN,18 DEC 2003,9:41.29,,FIN,"Malmö Stadion, Malmö (SWE)",Nordic Senior Championships,18 MAY 2024,2024,1.,C,Area Regional Champs,7206113,worldwide
women_3000sc,Linn SÖDERHOLM,05 MAY 1996,9:46.65,,SWE,"Malmö Stadion, Malmö (SWE)",Nordic Senior Championships,18 MAY 2024,2024,2.,C,Area Regional Champs,7206113,worldwide
women_3000sc,Juliane HVID,08 APR 1998,9:50.42,,DEN,"Malmö Stadion, Malmö (SWE)",Nordic Senior Championships,18 MAY 2024,2024,3.,C,Area Regional Champs,7206113,worldwide
women_3000sc,Julia SAMUELSSON,22 MAR 1999,9:55.12,,SWE,"Malmö Stadion, Malmö (SWE)",Nordic Senior Championships,18 MAY 2024,2024,4.,C,Area Regional Champs,7206113,worldwide
women_3000sc,Andrea MODIN ENGESÆTH,06 JUL 2001,10:23.33,,NOR,"Malmö Stadion, Malmö (SWE)",Nordic Senior Championships,18 MAY 2024,2024,6.,C,Area Regional Champs,7206113,worldwide
women_3000sc,Emilia LILLEMO,05 JAN 2000,DNF,,SWE,"Malmö Stadion, Malmö (SWE)",Nordic Senior Championships,18 MAY 2024,2024,,C,Area Regional Champs,7206113,worldwide
women_3000sc,Simone FERRAZ,12 MAR 1990,10:13.01,,BRA,"Pista da Universidade Federal Fluminense – UFF, Rio de Janeiro (BRA)",Grande Prémio Brasil de Atletismo-Niteró,19 MAY 2024,2024,1.,C,Continental Tour,7211381,worldwide
women_3000sc,Alondra NEGRON,31 MAY 1998,10:21.29,,PUR,"Pista da Universidade Federal Fluminense – UFF, Rio de Janeiro (BRA)",Grande Prémio Brasil de Atletismo-Niteró,19 MAY 2024,2024,2.,C,Continental Tour,7211381,worldwide
women_3000sc,Mercy Wanjiru GITAHI,28 MAR 1993,9:45.08,,KEN,"Nyayo National Stadium, Nairobi (KEN)",Kenyan Championships,22 MAY 2024,2024,1.,B,National Championships,7208088,worldwide
women_3000sc,Leah JERUTO,12 MAY 2000,9:50.57,,KEN,"Nyayo National Stadium, Nairobi (KEN)",Kenyan Championships,22 MAY 2024,2024,2.,B,National Championships,7208088,worldwide
women_3000sc,Diana CHEPKEMOI,25 JAN 2005,10:01.95,,KEN,"Nyayo National Stadium, Nairobi (KEN)",Kenyan Championships,22 MAY 2024,2024,4.,B,National Championships,7208088,worldwide
women_3000sc,Celestine Jepkosgei BIWOT,24 DEC 2003,10:25.37,,KEN,"Nyayo National Stadium, Nairobi (KEN)",Kenyan Championships,22 MAY 2024,2024,6.,B,National Championships,7208088,worldwide
women_3000sc,Edna CHEROTICH,31 MAY 1998,11:08.49,,KEN,"Nyayo National Stadium, Nairobi (KEN)",Kenyan Championships,22 MAY 2024,2024,11.,B,National Championships,7208088,worldwide
women_3000sc,Ruken TEK,01 MAY 2001,9:42.53,,TUR,"AFU Athletics Stadium, Tashkent (UZB)",G. Arzumanov Memorial,22 MAY 2024,2024,1.,C,Continental Tour,7206973,worldwide
women_3000sc,Flavie RENOUARD,10 SEP 2000,9:28.96,,FRA,"Estadio Enrique Lopez Cuenca, Nerja (ESP)",Desafio Nerja,22 MAY 2024,2024,1.,D,Continental Tour,7205348,worldwide
women_3000sc,Blanca FERNÁNDEZ,01 APR 1992,9:35.21,,ESP,"Estadio Enrique Lopez Cuenca, Nerja (ESP)",Desafio Nerja,22 MAY 2024,2024,2.,D,Continental Tour,7205348,worldwide
women_3000sc,Ikram OUAAZIZ,06 JUL 1999,9:39.46,,MAR,"Estadio Enrique Lopez Cuenca, Nerja (ESP)",Desafio Nerja,22 MAY 2024,2024,3.,D,Continental Tour,7205348,worldwide
women_3000sc,Marta SERRANO,05 APR 2003,9:55.58,,ESP,"Estadio Enrique Lopez Cuenca, Nerja (ESP)",Desafio Nerja,22 MAY 2024,2024,5.,D,Continental Tour,7205348,worldwide
women_3000sc,Clara VIÑARAS,08 SEP 1993,10:25.78,,ESP,"Estadio Enrique Lopez Cuenca, Nerja (ESP)",Desafio Nerja,22 MAY 2024,2024,7.,D,Continental Tour,7205348,worldwide
women_3000sc,Tatiane Raquel DA SILVA,10 JUN 1990,DNF,,BRA,"Estadio Enrique Lopez Cuenca, Nerja (ESP)",Desafio Nerja,22 MAY 2024,2024,,D,Continental Tour,7205348,worldwide
women_3000sc,Adva COHEN,24 MAR 1996,9:40.62,,ISR,"Hadar Yosef Stadium, Tel Aviv (ISR)",Israeli 3000mSC Championships,23 MAY 2024,2024,1.,B,National Championships,7205017,worldwide
women_3000sc,Nataliya STREBKOVA,06 MAR 1995,9:36.87,,UKR,"Stadion, Lahti (FIN)",Motonet GP Lahti,24 MAY 2024,2024,1.,D,Continental Tour,7205423,worldwide
women_3000sc,Ilona MONONEN,18 DEC 2003,9:36.88,,FIN,"Stadion, Lahti (FIN)",Motonet GP Lahti,24 MAY 2024,2024,2.,D,Continental Tour,7205423,worldwide
women_3000sc,Zita URBÁN,22 APR 2002,9:55.11,,HUN,"Stadion, Lahti (FIN)",Motonet GP Lahti,24 MAY 2024,2024,3.,D,Continental Tour,7205423,worldwide
women_3000sc,Kinga KRÓLIK,26 SEP 1999,9:31.41,,POL,"Paul-Greifzu-Stadion, Dessau (GER)",Anhalt 2024 - 26. Internationales Leichtathletik Meeting,24 MAY 2024,2024,1.,C,Continental Tour,7205498,worldwide
women_3000sc,Olivia GÜRTH,31 MAY 2002,9:31.85,,GER,"Paul-Greifzu-Stadion, Dessau (GER)",Anhalt 2024 - 26. Internationales Leichtathletik Meeting,24 MAY 2024,2024,2.,C,Continental Tour,7205498,worldwide
women_3000sc,Ikram OUAAZIZ,06 JUL 1999,9:37.07,,MAR,"Paul-Greifzu-Stadion, Dessau (GER)",Anhalt 2024 - 26. Internationales Leichtathletik Meeting,24 MAY 2024,2024,3.,C,Continental Tour,7205498,worldwide
women_3000sc,Emilia LILLEMO,05 JAN 2000,9:40.97,,SWE,"Paul-Greifzu-Stadion, Dessau (GER)",Anhalt 2024 - 26. Internationales Leichtathletik Meeting,24 MAY 2024,2024,4.,C,Continental Tour,7205498,worldwide
women_3000sc,Laura MAASIK,05 OCT 1993,9:48.62,,EST,"Paul-Greifzu-Stadion, Dessau (GER)",Anhalt 2024 - 26. Internationales Leichtathletik Meeting,24 MAY 2024,2024,5.,C,Continental Tour,7205498,worldwide
women_3000sc,Agnes Thurid GERS,04 AUG 1997,9:58.40,,GER,"Paul-Greifzu-Stadion, Dessau (GER)",Anhalt 2024 - 26. Internationales Leichtathletik Meeting,24 MAY 2024,2024,6.,C,Continental Tour,7205498,worldwide
women_3000sc,Agnieszka CHORZĘPA,14 JAN 2001,9:59.86,,POL,"Paul-Greifzu-Stadion, Dessau (GER)",Anhalt 2024 - 26. Internationales Leichtathletik Meeting,24 MAY 2024,2024,8.,C,Continental Tour,7205498,worldwide
women_3000sc,Maruša MIŠMAŠ ZRIMŠEK,24 OCT 1994,DNF,,SLO,"Paul-Greifzu-Stadion, Dessau (GER)",Anhalt 2024 - 26. Internationales Leichtathletik Meeting,24 MAY 2024,2024,,C,Continental Tour,7205498,worldwide
women_3000sc,Chiara SCHERRER,24 JAN 1996,DQ,,SUI,"Stadion Buchholz, Uster (SUI)",Swiss Steeplechase Championships,24 MAY 2024,2024,,B,National Championships,7210160,worldwide
women_3000sc,Chiara SCHERRER,24 JAN 1996,9:26.83,,SUI,"Boudewijnstadion, Bruxelles (BEL)",IFAM Outdoor,26 MAY 2024,2024,1.,C,Continental Tour,7204758,worldwide
women_3000sc,Carolina ROBLES,04 DEC 1991,9:35.57,,ESP,"Boudewijnstadion, Bruxelles (BEL)",IFAM Outdoor,26 MAY 2024,2024,2.,C,Continental Tour,7204758,worldwide
women_3000sc,Sümeyye EROL,15 JUN 1997,9:39.09,,TUR,"Boudewijnstadion, Bruxelles (BEL)",IFAM Outdoor,26 MAY 2024,2024,3.,C,Continental Tour,7204758,worldwide
women_3000sc,Rihab DHAHRI,09 SEP 2003,9:39.97,,TUN,"Boudewijnstadion, Bruxelles (BEL)",IFAM Outdoor,26 MAY 2024,2024,4.,C,Continental Tour,7204758,worldwide
women_3000sc,Juliane HVID,08 APR 1998,9:41.70,,DEN,"Boudewijnstadion, Bruxelles (BEL)",IFAM Outdoor,26 MAY 2024,2024,5.,C,Continental Tour,7204758,worldwide
women_3000sc,Julia SAMUELSSON,22 MAR 1999,9:44.36,,SWE,"Boudewijnstadion, Bruxelles (BEL)",IFAM Outdoor,26 MAY 2024,2024,6.,C,Continental Tour,7204758,worldwide
women_3000sc,Irene VAN DER REIJKEN,13 AUG 1993,9:44.85,,NED,"Boudewijnstadion, Bruxelles (BEL)",IFAM Outdoor,26 MAY 2024,2024,7.,C,Continental Tour,7204758,worldwide
women_3000sc,Marta SERRANO,05 APR 2003,9:51.64,,ESP,"Boudewijnstadion, Bruxelles (BEL)",IFAM Outdoor,26 MAY 2024,2024,10.,C,Continental Tour,7204758,worldwide
women_3000sc,Eline DALEMANS,25 FEB 1991,9:54.52,,BEL,"Boudewijnstadion, Bruxelles (BEL)",IFAM Outdoor,26 MAY 2024,2024,12.,C,Continental Tour,7204758,worldwide
women_3000sc,Simone FERRAZ,12 MAR 1990,9:54.78,,BRA,"Boudewijnstadion, Bruxelles (BEL)",IFAM Outdoor,26 MAY 2024,2024,13.,C,Continental Tour,7204758,worldwide
women_3000sc,Veerle BAKKER,29 SEP 1997,9:55.09,,NED,"Boudewijnstadion, Bruxelles (BEL)",IFAM Outdoor,26 MAY 2024,2024,14.,C,Continental Tour,7204758,worldwide
women_3000sc,Silvia OGGIONI,18 AUG 1995,9:56.74,,ITA,"Boudewijnstadion, Bruxelles (BEL)",IFAM Outdoor,26 MAY 2024,2024,15.,C,Continental Tour,7204758,worldwide
women_3000sc,Alexa LEMITRE,10 APR 1998,10:08.35,,FRA,"Boudewijnstadion, Bruxelles (BEL)",IFAM Outdoor,26 MAY 2024,2024,19.,C,Continental Tour,7204758,worldwide
women_3000sc,Luiza GEGA,05 NOV 1988,9:26.40,,ALB,"Atatürk Stadyumu, Izmir (TUR)",Balkan Championships,25 MAY 2024,2024,1.,B,Area Regional Champs,7205187,worldwide
women_3000sc,Derya KUNUR,01 SEP 1999,9:45.69,,TUR,"Atatürk Stadyumu, Izmir (TUR)",Balkan Championships,25 MAY 2024,2024,2.,B,Area Regional Champs,7205187,worldwide
women_3000sc,Semra KARASLAN,18 JAN 1998,10:16.66,,TUR,"Atatürk Stadyumu, Izmir (TUR)",Balkan Championships,25 MAY 2024,2024,7.,B,Area Regional Champs,7205187,worldwide
women_3000sc,Carmen GRAVES,27 JAN 1991,9:42.26,,USA,"Dean A. Hayes Track and Soccer Stadium, Murfreesboro, TN (USA)",Music City Track Carnival,31 MAY 2024,2024,1.,C,Continental Tour,7209462,worldwide
women_3000sc,Colett RAMPF,23 JUL 1991,9:49.16,,USA,"Dean A. Hayes Track and Soccer Stadium, Murfreesboro, TN (USA)",Music City Track Carnival,31 MAY 2024,2024,3.,C,Continental Tour,7209462,worldwide
women_3000sc,Emily PAUPORE,28 MAR 2002,9:57.05,,USA,"Dean A. Hayes Track and Soccer Stadium, Murfreesboro, TN (USA)",Music City Track Carnival,31 MAY 2024,2024,4.,C,Continental Tour,7209462,worldwide
women_3000sc,Alondra NEGRON,31 MAY 1998,10:18.98,,PUR,"Dean A. Hayes Track and Soccer Stadium, Murfreesboro, TN (USA)",Music City Track Carnival,31 MAY 2024,2024,7.,C,Continental Tour,7209462,worldwide
women_3000sc,Katherine THRONSON,23 AUG 2000,DNF,,USA,"Dean A. Hayes Track and Soccer Stadium, Murfreesboro, TN (USA)",Music City Track Carnival,31 MAY 2024,2024,,C,Continental Tour,7209462,worldwide
women_3000sc,Alice FINOT,09 FEB 1991,9:16.22,,FRA,"Stadio Olimpico, Roma (ITA)",European Athletics Championships,09 JUN 2024,2024,1.,GL,Area Champs,7158244,worldwide
women_3000sc,Gesa Felicitas KRAUSE,03 AUG 1992,9:18.06,,GER,"Stadio Olimpico, Roma (ITA)",European Athletics Championships,09 JUN 2024,2024,2.,GL,Area Champs,7158244,worldwide
women_3000sc,Elizabeth BIRD,04 OCT 1994,9:18.39,,GBR,"Stadio Olimpico, Roma (ITA)",European Athletics Championships,09 JUN 2024,2024,3.,GL,Area Champs,7158244,worldwide
women_3000sc,Stella RUTTO,1999,9:22.36,,ROU,"Stadio Olimpico, Roma (ITA)",European Athletics Championships,09 JUN 2024,2024,4.,GL,Area Champs,7158244,worldwide
women_3000sc,Luiza GEGA,05 NOV 1988,9:22.92,,ALB,"Stadio Olimpico, Roma (ITA)",European Athletics Championships,09 JUN 2024,2024,5.,GL,Area Champs,7158244,worldwide
women_3000sc,Ilona MONONEN,18 DEC 2003,9:23.28,,FIN,"Stadio Olimpico, Roma (ITA)",European Athletics Championships,09 JUN 2024,2024,6.,GL,Area Champs,7158244,worldwide
women_3000sc,Alicja KONIECZEK,02 NOV 1994,9:23.28,,POL,"Stadio Olimpico, Roma (ITA)",European Athletics Championships,09 JUN 2024,2024,7.,GL,Area Champs,7158244,worldwide
women_3000sc,Carolina ROBLES,04 DEC 1991,9:23.75,,ESP,"Stadio Olimpico, Roma (ITA)",European Athletics Championships,09 JUN 2024,2024,8.,GL,Area Champs,7158244,worldwide
women_3000sc,Lea MEYER,16 SEP 1997,9:27.85,,GER,"Stadio Olimpico, Roma (ITA)",European Athletics Championships,09 JUN 2024,2024,9.,GL,Area Champs,7158244,worldwide
women_3000sc,Irene SÁNCHEZ-ESCRIBANO,25 AUG 1992,9:27.97,,ESP,"Stadio Olimpico, Roma (ITA)",European Athletics Championships,09 JUN 2024,2024,10.,GL,Area Champs,7158244,worldwide
women_3000sc,Olivia GÜRTH,31 MAY 2002,9:31.98,,GER,"Stadio Olimpico, Roma (ITA)",European Athletics Championships,09 JUN 2024,2024,11.,GL,Area Champs,7158244,worldwide
women_3000sc,Adva COHEN,24 MAR 1996,9:33.88,,ISR,"Stadio Olimpico, Roma (ITA)",European Athletics Championships,09 JUN 2024,2024,12.,GL,Area Champs,7158244,worldwide
women_3000sc,Kinga KRÓLIK,26 SEP 1999,9:37.63,,POL,"Stadio Olimpico, Roma (ITA)",European Athletics Championships,09 JUN 2024,2024,13.,GL,Area Champs,7158244,worldwide
women_3000sc,Emilia LILLEMO,05 JAN 2000,9:38.34,,SWE,"Stadio Olimpico, Roma (ITA)",European Athletics Championships,09 JUN 2024,2024,14.,GL,Area Champs,7158244,worldwide
women_3000sc,Aude CLAVIER,10 JAN 1999,9:46.70,,FRA,"Stadio Olimpico, Roma (ITA)",European Athletics Championships,09 JUN 2024,2024,15.,GL,Area Champs,7158244,worldwide
women_3000sc,Linn SÖDERHOLM,05 MAY 1996,9:54.14,,SWE,"Stadio Olimpico, Roma (ITA)",European Athletics Championships,09 JUN 2024,2024,16.,GL,Area Champs,7158244,worldwide
women_3000sc,Allie OSTRANDER,24 DEC 1996,9:24.70,,USA,"Mt. Hood Community College, Gresham, OR (USA)",Portland Track Festival - High Performance,08 JUN 2024,2024,1.,C,Continental Tour,7205725,worldwide
women_3000sc,Pamela KOSGEI,05 JUL 2004,9:28.88,,KEN,"Mt. Hood Community College, Gresham, OR (USA)",Portland Track Festival - High Performance,08 JUN 2024,2024,2.,C,Continental Tour,7205725,worldwide
women_3000sc,Parul CHAUDHARY,15 APR 1995,9:31.38,,IND,"Mt. Hood Community College, Gresham, OR (USA)",Portland Track Festival - High Performance,08 JUN 2024,2024,3.,C,Continental Tour,7205725,worldwide
women_3000sc,Marisa HOWARD,10 AUG 1992,9:34.01,,USA,"Mt. Hood Community College, Gresham, OR (USA)",Portland Track Festival - High Performance,08 JUN 2024,2024,4.,C,Continental Tour,7205725,worldwide
women_3000sc,Kayley DELAY,07 JUN 1999,9:38.81,,USA,"Mt. Hood Community College, Gresham, OR (USA)",Portland Track Festival - High Performance,08 JUN 2024,2024,5.,C,Continental Tour,7205725,worldwide
women_3000sc,Grace FETHERSTONHAUGH,13 OCT 2000,9:45.32,,CAN,"Mt. Hood Community College, Gresham, OR (USA)",Portland Track Festival - High Performance,08 JUN 2024,2024,6.,C,Continental Tour,7205725,worldwide
women_3000sc,Alycia BUTTERWORTH,01 OCT 1992,10:00.66,,CAN,"Mt. Hood Community College, Gresham, OR (USA)",Portland Track Festival - High Performance,08 JUN 2024,2024,9.,C,Continental Tour,7205725,worldwide
women_3000sc,Colleen QUIGLEY,20 NOV 1992,10:01.12,,USA,"Mt. Hood Community College, Gresham, OR (USA)",Portland Track Festival - High Performance,08 JUN 2024,2024,10.,C,Continental Tour,7205725,worldwide
women_3000sc,Emma GEE,17 AUG 1997,10:04.11,,USA,"Mt. Hood Community College, Gresham, OR (USA)",Portland Track Festival - High Performance,08 JUN 2024,2024,12.,C,Continental Tour,7205725,worldwide
women_3000sc,Brielle ERBACHER,28 FEB 1999,DNF,,AUS,"Mt. Hood Community College, Gresham, OR (USA)",Portland Track Festival - High Performance,08 JUN 2024,2024,,C,Continental Tour,7205725,worldwide
women_3000sc,Ava O'CONNOR,19 SEP 2003,10:19.65,,IRL,"Woodside Stadium, Watford (GBR)",British Milers Club Grand Prix,08 JUN 2024,2024,1.,D,Continental Tour,7205891,worldwide
women_3000sc,Elise THORNER,16 MAR 2001,9:40.73,,GBR,"Swangard Stadium, Burnaby (CAN)",Harry Jerome Track Classic,15 JUN 2024,2024,1.,B,Continental Tour,7204991,worldwide
women_3000sc,Grace FETHERSTONHAUGH,13 OCT 2000,9:41.18,,CAN,"Swangard Stadium, Burnaby (CAN)",Harry Jerome Track Classic,15 JUN 2024,2024,2.,B,Continental Tour,7204991,worldwide
women_3000sc,Katelyn STEWART-BARNETT,12 MAY 2003,9:54.97,,CAN,"Swangard Stadium, Burnaby (CAN)",Harry Jerome Track Classic,15 JUN 2024,2024,3.,B,Continental Tour,7204991,worldwide
women_3000sc,Sarah TAIT,26 MAR 2001,9:55.34,,GBR,"Swangard Stadium, Burnaby (CAN)",Harry Jerome Track Classic,15 JUN 2024,2024,4.,B,Continental Tour,7204991,worldwide
women_3000sc,Jessica FURLAN,15 MAR 1990,9:59.36,,CAN,"Swangard Stadium, Burnaby (CAN)",Harry Jerome Track Classic,15 JUN 2024,2024,5.,B,Continental Tour,7204991,worldwide
women_3000sc,Stella RADFORD,25 JUN 1995,10:03.52,,AUS,"Swangard Stadium, Burnaby (CAN)",Harry Jerome Track Classic,15 JUN 2024,2024,6.,B,Continental Tour,7204991,worldwide
women_3000sc,Brielle ERBACHER,28 FEB 1999,10:18.52,,AUS,"Swangard Stadium, Burnaby (CAN)",Harry Jerome Track Classic,15 JUN 2024,2024,8.,B,Continental Tour,7204991,worldwide
women_3000sc,Amy CASHIN,28 JUL 1994,DNF,,AUS,"Swangard Stadium, Burnaby (CAN)",Harry Jerome Track Classic,15 JUN 2024,2024,,B,Continental Tour,7204991,worldwide
women_3000sc,Alycia BUTTERWORTH,01 OCT 1992,DNF,,CAN,"Swangard Stadium, Burnaby (CAN)",Harry Jerome Track Classic,15 JUN 2024,2024,,B,Continental Tour,7204991,worldwide
women_3000sc,Daisy JEPKEMEI,13 FEB 1996,9:23.20,,KAZ,"Parc des Sports C. Ehrmann, Nice (FRA)",Meeting Nikaia,15 JUN 2024,2024,1.,C,Continental Tour,7205338,worldwide
women_3000sc,Adva COHEN,24 MAR 1996,9:31.29,,ISR,"Parc des Sports C. Ehrmann, Nice (FRA)",Meeting Nikaia,15 JUN 2024,2024,2.,C,Continental Tour,7205338,worldwide
women_3000sc,Tatiane Raquel DA SILVA,10 JUN 1990,9:35.68,,BRA,"Parc des Sports C. Ehrmann, Nice (FRA)",Meeting Nikaia,15 JUN 2024,2024,3.,C,Continental Tour,7205338,worldwide
women_3000sc,Irene SÁNCHEZ-ESCRIBANO,25 AUG 1992,9:37.48,,ESP,"Parc des Sports C. Ehrmann, Nice (FRA)",Meeting Nikaia,15 JUN 2024,2024,4.,C,Continental Tour,7205338,worldwide
women_3000sc,Hirut MESHESHA,20 JAN 2001,9:40.10,,ETH,"Parc des Sports C. Ehrmann, Nice (FRA)",Meeting Nikaia,15 JUN 2024,2024,5.,C,Continental Tour,7205338,worldwide
women_3000sc,Elena BURKARD,10 FEB 1992,9:49.22,,GER,"Parc des Sports C. Ehrmann, Nice (FRA)",Meeting Nikaia,15 JUN 2024,2024,6.,C,Continental Tour,7205338,worldwide
women_3000sc,Simone FERRAZ,12 MAR 1990,9:55.09,,BRA,"Parc des Sports C. Ehrmann, Nice (FRA)",Meeting Nikaia,15 JUN 2024,2024,7.,C,Continental Tour,7205338,worldwide
women_3000sc,Michelle FINN,16 DEC 1989,10:03.99,,IRL,"Parc des Sports C. Ehrmann, Nice (FRA)",Meeting Nikaia,15 JUN 2024,2024,10.,C,Continental Tour,7205338,worldwide
women_3000sc,Agnieszka CHORZĘPA,14 JAN 2001,DNF,,POL,"Parc des Sports C. Ehrmann, Nice (FRA)",Meeting Nikaia,15 JUN 2024,2024,,C,Continental Tour,7205338,worldwide
women_3000sc,Semra KARASLAN,18 JAN 1998,DNF,,TUR,"Parc des Sports C. Ehrmann, Nice (FRA)",Meeting Nikaia,15 JUN 2024,2024,,C,Continental Tour,7205338,worldwide
women_3000sc,Valerie CONSTIEN,21 MAR 1996,9:03.22,,USA,"Hayward Field, Eugene, OR (USA)",U.S. Olympic Team Trials,27 JUN 2024,2024,1.,B,National Championships,7209387,worldwide
women_3000sc,Courtney WAYMENT,04 AUG 1998,9:06.50,,USA,"Hayward Field, Eugene, OR (USA)",U.S. Olympic Team Trials,27 JUN 2024,2024,2.,B,National Championships,7209387,worldwide
women_3000sc,Marisa HOWARD,10 AUG 1992,9:07.14,,USA,"Hayward Field, Eugene, OR (USA)",U.S. Olympic Team Trials,27 JUN 2024,2024,3.,B,National Championships,7209387,worldwide
women_3000sc,Gabrielle JENNINGS,15 SEP 1998,9:12.08,,USA,"Hayward Field, Eugene, OR (USA)",U.S. Olympic Team Trials,27 JUN 2024,2024,4.,B,National Championships,7209387,worldwide
women_3000sc,Kaylee MITCHELL,22 OCT 1999,9:14.05,,USA,"Hayward Field, Eugene, OR (USA)",U.S. Olympic Team Trials,27 JUN 2024,2024,5.,B,National Championships,7209387,worldwide
women_3000sc,Olivia MARKEZICH,10 AUG 2000,9:14.87,,USA,"Hayward Field, Eugene, OR (USA)",U.S. Olympic Team Trials,27 JUN 2024,2024,6.,B,National Championships,7209387,worldwide
women_3000sc,Allie OSTRANDER,24 DEC 1996,9:21.82,,USA,"Hayward Field, Eugene, OR (USA)",U.S. Olympic Team Trials,27 JUN 2024,2024,7.,B,National Championships,7209387,worldwide
women_3000sc,Annie RODENFELS,24 JUL 1996,9:22.66,,USA,"Hayward Field, Eugene, OR (USA)",U.S. Olympic Team Trials,27 JUN 2024,2024,8.,B,National Championships,7209387,worldwide
women_3000sc,Lexy HALLADAY,23 JUL 2001,9:22.77,,USA,"Hayward Field, Eugene, OR (USA)",U.S. Olympic Team Trials,27 JUN 2024,2024,9.,B,National Championships,7209387,worldwide
women_3000sc,Logan JOLLY,07 JUL 1998,9:26.32,,USA,"Hayward Field, Eugene, OR (USA)",U.S. Olympic Team Trials,27 JUN 2024,2024,10.,B,National Championships,7209387,worldwide
women_3000sc,Angelina ELLIS,09 AUG 1998,9:28.19,,USA,"Hayward Field, Eugene, OR (USA)",U.S. Olympic Team Trials,27 JUN 2024,2024,11.,B,National Championships,7209387,worldwide
women_3000sc,Kayley DELAY,07 JUN 1999,9:29.07,,USA,"Hayward Field, Eugene, OR (USA)",U.S. Olympic Team Trials,27 JUN 2024,2024,12.,B,National Championships,7209387,worldwide
women_3000sc,Madie BOREMAN,10 JUL 1998,9:31.41,,USA,"Hayward Field, Eugene, OR (USA)",U.S. Olympic Team Trials,27 JUN 2024,2024,13.,B,National Championships,7209387,worldwide
women_3000sc,Kristlin GEAR,20 JUL 1999,DNF,,USA,"Hayward Field, Eugene, OR (USA)",U.S. Olympic Team Trials,27 JUN 2024,2024,,B,National Championships,7209387,worldwide
women_3000sc,Loice CHEKWEMOI,2002,9:24.47,,UGA,"Stade Omnisport de JAPOMA, Douala (CMR)",African Athletics Championships,26 JUN 2024,2024,1.,GL,Area Champs,7212479,worldwide
women_3000sc,Alemnat WALLE,29 JAN 2006,9:35.19,,ETH,"Stade Omnisport de JAPOMA, Douala (CMR)",African Athletics Championships,26 JUN 2024,2024,2.,GL,Area Champs,7212479,worldwide
women_3000sc,Leah JERUTO,12 MAY 2000,9:36.33,,KEN,"Stade Omnisport de JAPOMA, Douala (CMR)",African Athletics Championships,26 JUN 2024,2024,3.,GL,Area Champs,7212479,worldwide
women_3000sc,Meseret YESHANEH,12 MAY 2005,9:40.65,,ETH,"Stade Omnisport de JAPOMA, Douala (CMR)",African Athletics Championships,26 JUN 2024,2024,4.,GL,Area Champs,7212479,worldwide
women_3000sc,Ikram OUAAZIZ,06 JUL 1999,9:48.05,,MAR,"Stade Omnisport de JAPOMA, Douala (CMR)",African Athletics Championships,26 JUN 2024,2024,5.,GL,Area Champs,7212479,worldwide
women_3000sc,Mercy Wanjiru GITAHI,28 MAR 1993,9:52.75,,KEN,"Stade Omnisport de JAPOMA, Douala (CMR)",African Athletics Championships,26 JUN 2024,2024,6.,GL,Area Champs,7212479,worldwide
women_3000sc,Wosane ASEFA,03 JAN 2007,10:04.65,,ETH,"Stade Omnisport de JAPOMA, Douala (CMR)",African Athletics Championships,26 JUN 2024,2024,7.,GL,Area Champs,7212479,worldwide
women_3000sc,Tuğba GÜVENÇ,09 JUL 1994,10:14.90,,TUR,"Olympic Training Base, Almaty (KAZ)",XXXIII Qosanov Memorial,22 JUN 2024,2024,1.,C,Continental Tour,7208127,worldwide
women_3000sc,Ceili MCCABE,17 SEP 2001,9:32.97,,CAN,"Complexe Sportif Claude-Robillard, Montréal (CAN)",Canadian Championships,27 JUN 2024,2024,1.,B,National Championships,7207284,worldwide
women_3000sc,Regan YEE,04 JUL 1995,9:42.07,,CAN,"Complexe Sportif Claude-Robillard, Montréal (CAN)",Canadian Championships,27 JUN 2024,2024,2.,B,National Championships,7207284,worldwide
women_3000sc,Grace FETHERSTONHAUGH,13 OCT 2000,9:43.13,,CAN,"Complexe Sportif Claude-Robillard, Montréal (CAN)",Canadian Championships,27 JUN 2024,2024,3.,B,National Championships,7207284,worldwide
women_3000sc,Jessica FURLAN,15 MAR 1990,9:43.74,,CAN,"Complexe Sportif Claude-Robillard, Montréal (CAN)",Canadian Championships,27 JUN 2024,2024,4.,B,National Championships,7207284,worldwide
women_3000sc,Katelyn STEWART-BARNETT,12 MAY 2003,9:55.73,,CAN,"Complexe Sportif Claude-Robillard, Montréal (CAN)",Canadian Championships,27 JUN 2024,2024,5.,B,National Championships,7207284,worldwide
women_3000sc,Alycia BUTTERWORTH,01 OCT 1992,9:59.41,,CAN,"Complexe Sportif Claude-Robillard, Montréal (CAN)",Canadian Championships,27 JUN 2024,2024,6.,B,National Championships,7207284,worldwide
women_3000sc,Jessy LACOURSE,05 FEB 1997,10:12.62,,CAN,"Complexe Sportif Claude-Robillard, Montréal (CAN)",Canadian Championships,27 JUN 2024,2024,7.,B,National Championships,7207284,worldwide
women_3000sc,Alicja KONIECZEK,02 NOV 1994,9:32.08,,POL,"Zdzisław Krzyszkowiak Stadium, Bydgoszcz (POL)",Polish Championships,27 JUN 2024,2024,1.,B,National Championships,7204650,worldwide
women_3000sc,Aneta KONIECZEK,08 JUN 1997,9:32.36,,POL,"Zdzisław Krzyszkowiak Stadium, Bydgoszcz (POL)",Polish Championships,27 JUN 2024,2024,2.,B,National Championships,7204650,worldwide
women_3000sc,Patrycja KAPAŁA,26 MAR 1997,9:42.09,,POL,"Zdzisław Krzyszkowiak Stadium, Bydgoszcz (POL)",Polish Championships,27 JUN 2024,2024,3.,B,National Championships,7204650,worldwide
women_3000sc,Kinga KRÓLIK,26 SEP 1999,9:44.48,,POL,"Zdzisław Krzyszkowiak Stadium, Bydgoszcz (POL)",Polish Championships,27 JUN 2024,2024,4.,B,National Championships,7204650,worldwide
women_3000sc,Agnieszka CHORZĘPA,14 JAN 2001,9:55.95,,POL,"Zdzisław Krzyszkowiak Stadium, Bydgoszcz (POL)",Polish Championships,27 JUN 2024,2024,5.,B,National Championships,7204650,worldwide
women_3000sc,Julia KORALEWSKA,17 FEB 2002,10:20.08,,POL,"Zdzisław Krzyszkowiak Stadium, Bydgoszcz (POL)",Polish Championships,27 JUN 2024,2024,7.,B,National Championships,7204650,worldwide
women_3000sc,Tatiane Raquel DA SILVA,10 JUN 1990,10:00.32,,BRA,"Centro de Treinamento Paralímpico Brasileiro, São Paulo (BRA)",Brazilian Championships,27 JUN 2024,2024,1.,B,National Championships,7209780,worldwide
women_3000sc,Simone FERRAZ,12 MAR 1990,10:19.13,,BRA,"Centro de Treinamento Paralímpico Brasileiro, São Paulo (BRA)",Brazilian Championships,27 JUN 2024,2024,3.,B,National Championships,7209780,worldwide
women_3000sc,Andrea MODIN ENGESÆTH,06 JUL 2001,10:00.89,,NOR,"Sandnes Stadion, Sandnes (NOR)",Norwegian Championships,28 JUN 2024,2024,2.,B,National Championships,7203633,worldwide
women_3000sc,Tatsiana SHABANAVA,20 MAR 1998,10:15.20,,BLR,"Dinamo National Olympic Stadium, Minsk (BLR)",Belarus Championships,28 JUN 2024,2024,1.,B,National Championships,7212988,worldwide
women_3000sc,Reimi YOSHIMURA,22 APR 2000,9:45.77,,JPN,"Denka Big Swan Stadium, Niigata (JPN)",Japanese Championships,27 JUN 2024,2024,1.,B,National Championships,7212124,worldwide
women_3000sc,Miu SAITO,22 JUN 2002,9:48.15,,JPN,"Denka Big Swan Stadium, Niigata (JPN)",Japanese Championships,27 JUN 2024,2024,2.,B,National Championships,7212124,worldwide
women_3000sc,Manami NISHIYAMA,09 DEC 1999,9:48.16,,JPN,"Denka Big Swan Stadium, Niigata (JPN)",Japanese Championships,27 JUN 2024,2024,3.,B,National Championships,7212124,worldwide
women_3000sc,Soyoka SEGAWA,28 JUL 1994,9:58.28,,JPN,"Denka Big Swan Stadium, Niigata (JPN)",Japanese Championships,27 JUN 2024,2024,5.,B,National Championships,7212124,worldwide
women_3000sc,Chikako MORI,25 NOV 1992,10:01.16,,JPN,"Denka Big Swan Stadium, Niigata (JPN)",Japanese Championships,27 JUN 2024,2024,6.,B,National Championships,7212124,worldwide
women_3000sc,Yuzu NISHIDE,25 JAN 2000,10:02.76,,JPN,"Denka Big Swan Stadium, Niigata (JPN)",Japanese Championships,27 JUN 2024,2024,7.,B,National Championships,7212124,worldwide
women_3000sc,Ilona MONONEN,18 DEC 2003,9:50.58,,FIN,"Kaarlen kenttä, Vaasa (FIN)",Finnish Championships,29 JUN 2024,2024,1.,B,National Championships,7205744,worldwide
women_3000sc,Parul CHAUDHARY,15 APR 1995,9:45.70,,IND,"Tau Devi Lal Stadium, Panchkula (IND)",Indian Championships,29 JUN 2024,2024,1.,B,National Championships,7211762,worldwide
women_3000sc,Olivia GÜRTH,31 MAY 2002,9:45.01,,GER,"Eintracht-Stadion, Braunschweig (GER)",German Championships,30 JUN 2024,2024,1.,B,National Championships,7213792,worldwide
women_3000sc,Gesa Felicitas KRAUSE,03 AUG 1992,9:46.12,,GER,"Eintracht-Stadion, Braunschweig (GER)",German Championships,30 JUN 2024,2024,2.,B,National Championships,7213792,worldwide
women_3000sc,Lea MEYER,16 SEP 1997,9:48.53,,GER,"Eintracht-Stadion, Braunschweig (GER)",German Championships,30 JUN 2024,2024,3.,B,National Championships,7213792,worldwide
women_3000sc,Agnes Thurid GERS,04 AUG 1997,10:01.66,,GER,"Eintracht-Stadion, Braunschweig (GER)",German Championships,30 JUN 2024,2024,5.,B,National Championships,7213792,worldwide
women_3000sc,Pauline MEYER,13 JAN 1999,10:24.54,,GER,"Eintracht-Stadion, Braunschweig (GER)",German Championships,30 JUN 2024,2024,10.,B,National Championships,7213792,worldwide
women_3000sc,Amelie SVENSSON,28 AUG 1996,10:13.08,,SWE,"Eintracht-Stadion, Braunschweig (GER)",German Championships,30 JUN 2024,2024,OC,B,National Championships,7213792,worldwide
women_3000sc,Emilia LILLEMO,05 JAN 2000,9:28.99,,SWE,"Rimnersvallen, Uddevalla (SWE)",Swedish Championships,28 JUN 2024,2024,1.,B,National Championships,7207644,worldwide
women_3000sc,Linn SÖDERHOLM,05 MAY 1996,9:54.33,,SWE,"Rimnersvallen, Uddevalla (SWE)",Swedish Championships,28 JUN 2024,2024,2.,B,National Championships,7207644,worldwide
women_3000sc,Julia SAMUELSSON,22 MAR 1999,9:58.33,,SWE,"Rimnersvallen, Uddevalla (SWE)",Swedish Championships,28 JUN 2024,2024,3.,B,National Championships,7207644,worldwide
women_3000sc,Nataliya STREBKOVA,06 MAR 1995,9:44.83,,UKR,"Stadion SKIF, Lviv (UKR)",Ukrainian Championships,29 JUN 2024,2024,1.,B,National Championships,7206893,worldwide
women_3000sc,Greta KARINAUSKAITĖ,11 FEB 2001,9:43.04,,LTU,"Palangos Stadionas, Palanga (LTU)",Lithuanian Championships,30 JUN 2024,2024,1.,B,National Championships,7207939,worldwide
women_3000sc,Alice FINOT,09 FEB 1991,9:29.78,,FRA,"Stade Josette et Roger Mikulak, Angers (FRA)",French Championships,29 JUN 2024,2024,1.,B,National Championships,7205979,worldwide
women_3000sc,Flavie RENOUARD,10 SEP 2000,9:33.73,,FRA,"Stade Josette et Roger Mikulak, Angers (FRA)",French Championships,29 JUN 2024,2024,2.,B,National Championships,7205979,worldwide
women_3000sc,Ophélie CLAUDE-BOXBERGER,18 OCT 1988,10:03.22,,FRA,"Stade Josette et Roger Mikulak, Angers (FRA)",French Championships,29 JUN 2024,2024,3.,B,National Championships,7205979,worldwide
women_3000sc,Alexa LEMITRE,10 APR 1998,10:08.26,,FRA,"Stade Josette et Roger Mikulak, Angers (FRA)",French Championships,29 JUN 2024,2024,5.,B,National Championships,7205979,worldwide
women_3000sc,Shuangshuang XU,06 APR 1996,9:36.91,,CHN,"Kuishan Sports Center, Rizhao (CHN)",Chinese Championships,30 JUN 2024,2024,1.,B,National Championships,7212123,worldwide
women_3000sc,Xinyan ZHANG,09 FEB 1994,9:58.04,,CHN,"Kuishan Sports Center, Rizhao (CHN)",Chinese Championships,30 JUN 2024,2024,2.,B,National Championships,7212123,worldwide
women_3000sc,Xia LUO,10 MAY 2000,10:00.76,,CHN,"Kuishan Sports Center, Rizhao (CHN)",Chinese Championships,30 JUN 2024,2024,3.,B,National Championships,7212123,worldwide
women_3000sc,Carolina ROBLES,04 DEC 1991,9:22.19,,ESP,"Estadi Olímpic Camilo Cano, La Nucia (ESP)",Spanish Championships,28 JUN 2024,2024,1.,B,National Championships,7209778,worldwide
women_3000sc,Irene SÁNCHEZ-ESCRIBANO,25 AUG 1992,9:24.47,,ESP,"Estadi Olímpic Camilo Cano, La Nucia (ESP)",Spanish Championships,28 JUN 2024,2024,2.,B,National Championships,7209778,worldwide
women_3000sc,Marta SERRANO,05 APR 2003,9:55.36,,ESP,"Estadi Olímpic Camilo Cano, La Nucia (ESP)",Spanish Championships,28 JUN 2024,2024,3.,B,National Championships,7209778,worldwide
women_3000sc,Clara VIÑARAS,08 SEP 1993,10:22.36,,ESP,"Estadi Olímpic Camilo Cano, La Nucia (ESP)",Spanish Championships,28 JUN 2024,2024,5.,B,National Championships,7209778,worldwide
women_3000sc,Blanca FERNÁNDEZ,01 APR 1992,DNF,,ESP,"Estadi Olímpic Camilo Cano, La Nucia (ESP)",Spanish Championships,28 JUN 2024,2024,,B,National Championships,7209778,worldwide
women_3000sc,Veerle BAKKER,29 SEP 1997,10:06.96,,NED,"FBK Stadium, Hengelo (NED)",Dutch Championships,29 JUN 2024,2024,1.,B,National Championships,7211929,worldwide
women_3000sc,Sümeyye EROL,15 JUN 1997,9:44.33,,TUR,"Seha Aksoy Atletizm Pisti, Izmir (TUR)",Turkish Championships,29 JUN 2024,2024,1.,B,National Championships,7211808,worldwide
women_3000sc,Derya KUNUR,01 SEP 1999,10:01.82,,TUR,"Seha Aksoy Atletizm Pisti, Izmir (TUR)",Turkish Championships,29 JUN 2024,2024,3.,B,National Championships,7211808,worldwide
women_3000sc,Eline DALEMANS,25 FEB 1991,9:43.31,,BEL,"Boudewijnstadion, Bruxelles (BEL)",Belgian Championships,30 JUN 2024,2024,1.,B,National Championships,7211001,worldwide
women_3000sc,Ikram OUAAZIZ,06 JUL 1999,9:49.54,,MAR,Sale (MAR),Moroccan Championships,30 JUN 2024,2024,1.,B,National Championships,7214247,worldwide
women_3000sc,Elizabeth BIRD,04 OCT 1994,9:29.67,,GBR,"Manchester Regional Arena, Manchester (GBR)",UK Championships,29 JUN 2024,2024,1.,B,National Championships,7213161,worldwide
women_3000sc,Elise THORNER,16 MAR 2001,9:33.53,,GBR,"Manchester Regional Arena, Manchester (GBR)",UK Championships,29 JUN 2024,2024,2.,B,National Championships,7213161,worldwide
women_3000sc,Sarah TAIT,26 MAR 2001,9:49.88,,GBR,"Manchester Regional Arena, Manchester (GBR)",UK Championships,29 JUN 2024,2024,4.,B,National Championships,7213161,worldwide
women_3000sc,Zita URBÁN,22 APR 2002,10:22.13,,HUN,"Lantos Mihály Sportközpont, Budapest (HUN)",Hungarian Championships,29 JUN 2024,2024,1.,B,National Championships,7212194,worldwide
women_3000sc,Eleonora CURTABBI,27 MAR 1997,9:57.59,,ITA,"Centro Sportivo A. Montagna, La Spezia (ITA)",Italian Championships,30 JUN 2024,2024,1.,B,National Championships,7209929,worldwide
women_3000sc,Silvia OGGIONI,18 AUG 1995,10:06.76,,ITA,"Centro Sportivo A. Montagna, La Spezia (ITA)",Italian Championships,30 JUN 2024,2024,3.,B,National Championships,7209929,worldwide
women_3000sc,Laura TABORDA,01 JAN 1999,10:00.73,,POR,"Estádio Cidade de Coimbra, Coimbra (POR)",Portuguese Championships,29 JUN 2024,2024,1.,B,National Championships,7213769,worldwide
women_3000sc,Joana SOARES,08 SEP 1993,10:24.63,,POR,"Estádio Cidade de Coimbra, Coimbra (POR)",Portuguese Championships,29 JUN 2024,2024,2.,B,National Championships,7213769,worldwide
women_3000sc,Elena Adelina PANAET,05 JUN 1993,DNF,,ROU,"Cluj Arena, Cluj-Napoca (ROU)",Romanian Championships,29 JUN 2024,2024,,B,National Championships,7213406,worldwide
women_3000sc,Michelle FINN,16 DEC 1989,10:05.25,,IRL,"Morton Stadium, Santry, Dublin (IRL)",Irish Championships,30 JUN 2024,2024,1.,B,National Championships,7206221,worldwide
women_3000sc,Ava O'CONNOR,19 SEP 2003,10:17.47,,IRL,"Morton Stadium, Santry, Dublin (IRL)",Irish Championships,30 JUN 2024,2024,2.,B,National Championships,7206221,worldwide
women_3000sc,Greta KARINAUSKAITĖ,11 FEB 2001,9:41.35,,LTU,"Jāņa Daliņa Stadium, Valmiera (LAT)",Baltic Team Championships President's Cup,06 JUL 2024,2024,1.,D,Continental Tour,7205059,worldwide
women_3000sc,Logan JOLLY,07 JUL 1998,9:29.75,,USA,"Bregyó Athletic Center, Székesfehérvár (HUN)",Gyulai István Memorial - Hungarian Athletics Grand Prix,09 JUL 2024,2024,1.,A,Continental Tour,7189670,worldwide
women_3000sc,Aneta KONIECZEK,08 JUN 1997,9:30.48,,POL,"Bregyó Athletic Center, Székesfehérvár (HUN)",Gyulai István Memorial - Hungarian Athletics Grand Prix,09 JUL 2024,2024,2.,A,Continental Tour,7189670,worldwide
women_3000sc,Gracie HYDE,12 DEC 1999,9:30.69,,USA,"Bregyó Athletic Center, Székesfehérvár (HUN)",Gyulai István Memorial - Hungarian Athletics Grand Prix,09 JUL 2024,2024,3.,A,Continental Tour,7189670,worldwide
women_3000sc,Elise THORNER,16 MAR 2001,9:31.68,,GBR,"Bregyó Athletic Center, Székesfehérvár (HUN)",Gyulai István Memorial - Hungarian Athletics Grand Prix,09 JUL 2024,2024,4.,A,Continental Tour,7189670,worldwide
women_3000sc,Sümeyye EROL,15 JUN 1997,9:32.93,,TUR,"Bregyó Athletic Center, Székesfehérvár (HUN)",Gyulai István Memorial - Hungarian Athletics Grand Prix,09 JUL 2024,2024,5.,A,Continental Tour,7189670,worldwide
women_3000sc,Parul CHAUDHARY,15 APR 1995,9:35.66,,IND,"Bregyó Athletic Center, Székesfehérvár (HUN)",Gyulai István Memorial - Hungarian Athletics Grand Prix,09 JUL 2024,2024,6.,A,Continental Tour,7189670,worldwide
women_3000sc,Aimee PRATT,03 OCT 1997,9:39.37,,GBR,"Bregyó Athletic Center, Székesfehérvár (HUN)",Gyulai István Memorial - Hungarian Athletics Grand Prix,09 JUL 2024,2024,7.,A,Continental Tour,7189670,worldwide
women_3000sc,Adva COHEN,24 MAR 1996,9:41.23,,ISR,"Bregyó Athletic Center, Székesfehérvár (HUN)",Gyulai István Memorial - Hungarian Athletics Grand Prix,09 JUL 2024,2024,8.,A,Continental Tour,7189670,worldwide
women_3000sc,Ikram OUAAZIZ,06 JUL 1999,9:44.61,,MAR,"Bregyó Athletic Center, Székesfehérvár (HUN)",Gyulai István Memorial - Hungarian Athletics Grand Prix,09 JUL 2024,2024,9.,A,Continental Tour,7189670,worldwide
women_3000sc,Ruken TEK,01 MAY 2001,9:56.53,,TUR,"Bregyó Athletic Center, Székesfehérvár (HUN)",Gyulai István Memorial - Hungarian Athletics Grand Prix,09 JUL 2024,2024,10.,A,Continental Tour,7189670,worldwide
women_3000sc,Eleonora CURTABBI,27 MAR 1997,DNF,,ITA,"Bregyó Athletic Center, Székesfehérvár (HUN)",Gyulai István Memorial - Hungarian Athletics Grand Prix,09 JUL 2024,2024,,A,Continental Tour,7189670,worldwide
women_3000sc,Angelina ELLIS,09 AUG 1998,9:41.86,,USA,"Jack Kemp Stadium - Occidental College, Los Angeles, CA (USA)",Sunset Tour,20 JUL 2024,2024,1.,C,Continental Tour,7210649,worldwide
women_3000sc,Grace FETHERSTONHAUGH,13 OCT 2000,9:43.68,,CAN,"Jack Kemp Stadium - Occidental College, Los Angeles, CA (USA)",Sunset Tour,20 JUL 2024,2024,2.,C,Continental Tour,7210649,worldwide
women_3000sc,Jessica FURLAN,15 MAR 1990,9:45.47,,CAN,"Jack Kemp Stadium - Occidental College, Los Angeles, CA (USA)",Sunset Tour,20 JUL 2024,2024,3.,C,Continental Tour,7210649,worldwide
women_3000sc,Emma GEE,17 AUG 1997,9:56.68,,USA,"Jack Kemp Stadium - Occidental College, Los Angeles, CA (USA)",Sunset Tour,20 JUL 2024,2024,4.,C,Continental Tour,7210649,worldwide
women_3000sc,Grace FETHERSTONHAUGH,13 OCT 2000,9:40.45,,CAN,"Market Street Athletics Track, Bury St Edmunds (GBR)",British Milers Club Grand Prix,10 AUG 2024,2024,1.,D,Continental Tour,7205889,worldwide
women_3000sc,Jessica FURLAN,15 MAR 1990,9:48.36,,CAN,"Market Street Athletics Track, Bury St Edmunds (GBR)",British Milers Club Grand Prix,10 AUG 2024,2024,2.,D,Continental Tour,7205889,worldwide
women_3000sc,Colett RAMPF,23 JUL 1991,9:49.08,,USA,"Market Street Athletics Track, Bury St Edmunds (GBR)",British Milers Club Grand Prix,10 AUG 2024,2024,3.,D,Continental Tour,7205889,worldwide
women_3000sc,Veerle BAKKER,29 SEP 1997,9:53.45,,NED,"Market Street Athletics Track, Bury St Edmunds (GBR)",British Milers Club Grand Prix,10 AUG 2024,2024,4.,D,Continental Tour,7205889,worldwide
women_3000sc,Andrea MODIN ENGESÆTH,06 JUL 2001,9:58.92,,NOR,"Market Street Athletics Track, Bury St Edmunds (GBR)",British Milers Club Grand Prix,10 AUG 2024,2024,5.,D,Continental Tour,7205889,worldwide
women_3000sc,Emilia LILLEMO,05 JAN 2000,9:58.23,,SWE,"Olympiastadion, Helsinki (FIN)",Finnkampen,30 AUG 2024,2024,1.,D,Traditional International,7206180,worldwide
women_3000sc,Linn SÖDERHOLM,05 MAY 1996,10:03.51,,SWE,"Olympiastadion, Helsinki (FIN)",Finnkampen,30 AUG 2024,2024,3.,D,Traditional International,7206180,worldwide
women_3000sc,Julia SAMUELSSON,22 MAR 1999,10:05.59,,SWE,"Olympiastadion, Helsinki (FIN)",Finnkampen,30 AUG 2024,2024,5.,D,Traditional International,7206180,worldwide
women_3000sc,Shuangshuang XU,06 APR 1996,9:51.95,,CHN,"Sports Center, Quzhou (CHN)",National Athletics Championships,15 SEP 2024,2024,1.,F,National Championships,7214196,worldwide
women_3000sc,Xinyan ZHANG,09 FEB 1994,9:56.60,,CHN,"Sports Center, Quzhou (CHN)",National Athletics Championships,15 SEP 2024,2024,3.,F,National Championships,7214196,worldwide
women_3000sc,Xia LUO,10 MAY 2000,9:59.51,,CHN,"Sports Center, Quzhou (CHN)",National Athletics Championships,15 SEP 2024,2024,4.,F,National Championships,7214196,worldwide
women_3000sc,Reimi YOSHIMURA,22 APR 2000,10:01.24,,JPN,"Ishin Me-Life Stadium, Yamaguchi (JPN)",21st Tajima Naoto Memorial,20 OCT 2024,2024,2.,D,Continental Tour,7212302,worldwide
women_3000sc,Brielle ERBACHER,28 FEB 1999,9:47.95,,AUS,"SA Athletic Stadium, Adelaide (AUS)",Adelaide Track Classic,11 FEB 2023,2023,1.,D,Continental Tour,7190306,worldwide
women_3000sc,Georgia WINKCUP,09 MAY 1997,9:52.66,,AUS,"SA Athletic Stadium, Adelaide (AUS)",Adelaide Track Classic,11 FEB 2023,2023,2.,D,Continental Tour,7190306,worldwide
women_3000sc,Reimi YOSHIMURA,22 APR 2000,10:04.17,,JPN,"SA Athletic Stadium, Adelaide (AUS)",Adelaide Track Classic,11 FEB 2023,2023,3.,D,Continental Tour,7190306,worldwide
women_3000sc,Cara FEAIN-RYAN,05 FEB 1999,9:38.44,,AUS,"QSAC State Athletics Facility, Nathan, Brisbane (AUS)",Brisbane Track Classic,25 MAR 2023,2023,1.,B,Continental Tour,7190297,worldwide
women_3000sc,Stella RADFORD,25 JUN 1995,9:39.11,,AUS,"QSAC State Athletics Facility, Nathan, Brisbane (AUS)",Brisbane Track Classic,25 MAR 2023,2023,2.,B,Continental Tour,7190297,worldwide
women_3000sc,Brielle ERBACHER,28 FEB 1999,9:40.64,,AUS,"QSAC State Athletics Facility, Nathan, Brisbane (AUS)",Brisbane Track Classic,25 MAR 2023,2023,3.,B,Continental Tour,7190297,worldwide
women_3000sc,Georgia WINKCUP,09 MAY 1997,9:46.80,,AUS,"QSAC State Athletics Facility, Nathan, Brisbane (AUS)",Brisbane Track Classic,25 MAR 2023,2023,4.,B,Continental Tour,7190297,worldwide
women_3000sc,Laura MAASIK,05 OCT 1993,10:11.77,,EST,"QSAC State Athletics Facility, Nathan, Brisbane (AUS)",Brisbane Track Classic,25 MAR 2023,2023,5.,B,Continental Tour,7190297,worldwide
women_3000sc,Cara FEAIN-RYAN,05 FEB 1999,9:43.64,,AUS,"QSAC State Athletics Facility, Nathan, Brisbane (AUS)",Australian Championships,31 MAR 2023,2023,1.,B,National Championships,7192568,worldwide
women_3000sc,Georgia WINKCUP,09 MAY 1997,9:46.34,,AUS,"QSAC State Athletics Facility, Nathan, Brisbane (AUS)",Australian Championships,31 MAR 2023,2023,2.,B,National Championships,7192568,worldwide
women_3000sc,Amy CASHIN,28 JUL 1994,9:47.09,,AUS,"QSAC State Athletics Facility, Nathan, Brisbane (AUS)",Australian Championships,31 MAR 2023,2023,3.,B,National Championships,7192568,worldwide
women_3000sc,Brielle ERBACHER,28 FEB 1999,9:47.26,,AUS,"QSAC State Athletics Facility, Nathan, Brisbane (AUS)",Australian Championships,31 MAR 2023,2023,4.,B,National Championships,7192568,worldwide
women_3000sc,Katelyn STEWART-BARNETT,12 MAY 2003,9:56.76,,CAN,"Franklin Field, Philadelphia, PA (USA)",The Penn Relays Carnival,27 APR 2023,2023,2.,C,Continental Tour,7195244,worldwide
women_3000sc,Annabelle EASTMAN,21 JAN 2000,10:03.76,,AUS,"Franklin Field, Philadelphia, PA (USA)",The Penn Relays Carnival,27 APR 2023,2023,5.,C,Continental Tour,7195244,worldwide
women_3000sc,Georgia WINKCUP,09 MAY 1997,9:46.27,,AUS,"Municipal Stadium, Hiroshima (JPN)",57th Oda Mikio Memorial,29 APR 2023,2023,1.,C,Continental Tour,7196382,worldwide
women_3000sc,Manami NISHIYAMA,09 DEC 1999,9:56.90,,JPN,"Municipal Stadium, Hiroshima (JPN)",57th Oda Mikio Memorial,29 APR 2023,2023,2.,C,Continental Tour,7196382,worldwide
women_3000sc,Yuzu NISHIDE,25 JAN 2000,10:05.04,,JPN,"Municipal Stadium, Hiroshima (JPN)",57th Oda Mikio Memorial,29 APR 2023,2023,3.,C,Continental Tour,7196382,worldwide
women_3000sc,Reimi YOSHIMURA,22 APR 2000,10:19.94,,JPN,"Municipal Stadium, Hiroshima (JPN)",57th Oda Mikio Memorial,29 APR 2023,2023,4.,C,Continental Tour,7196382,worldwide
women_3000sc,Soyoka SEGAWA,28 JUL 1994,10:33.73,,JPN,"Municipal Stadium, Hiroshima (JPN)",57th Oda Mikio Memorial,29 APR 2023,2023,5.,C,Continental Tour,7196382,worldwide
women_3000sc,Yuki AKIYAMA,26 AUG 1998,10:35.42,,JPN,"Municipal Stadium, Hiroshima (JPN)",57th Oda Mikio Memorial,29 APR 2023,2023,6.,C,Continental Tour,7196382,worldwide
women_3000sc,Kristlin GEAR,20 JUL 1999,9:23.55,,USA,"Hilmer Lodge Stadium, Walnut, CA (USA)",Track Festival,06 MAY 2023,2023,1.,B,Continental Tour,7195982,worldwide
women_3000sc,Courtney WAYMENT,04 AUG 1998,9:24.39,,USA,"Hilmer Lodge Stadium, Walnut, CA (USA)",Track Festival,06 MAY 2023,2023,2.,B,Continental Tour,7195982,worldwide
women_3000sc,Alicja KONIECZEK,02 NOV 1994,9:31.35,,POL,"Hilmer Lodge Stadium, Walnut, CA (USA)",Track Festival,06 MAY 2023,2023,3.,B,Continental Tour,7195982,worldwide
women_3000sc,Marisa HOWARD,10 AUG 1992,9:32.10,,USA,"Hilmer Lodge Stadium, Walnut, CA (USA)",Track Festival,06 MAY 2023,2023,4.,B,Continental Tour,7195982,worldwide
women_3000sc,Lexy HALLADAY,23 JUL 2001,9:42.12,,USA,"Hilmer Lodge Stadium, Walnut, CA (USA)",Track Festival,06 MAY 2023,2023,5.,B,Continental Tour,7195982,worldwide
women_3000sc,Carmen GRAVES,27 JAN 1991,9:50.75,,USA,"Hilmer Lodge Stadium, Walnut, CA (USA)",Track Festival,06 MAY 2023,2023,6.,B,Continental Tour,7195982,worldwide
women_3000sc,Shuangshuang XU,06 APR 1996,9:58.23,,CHN,"Hilmer Lodge Stadium, Walnut, CA (USA)",Track Festival,06 MAY 2023,2023,7.,B,Continental Tour,7195982,worldwide
women_3000sc,Abby KOHUT-JACKSON,24 JUN 1998,10:02.30,,USA,"Hilmer Lodge Stadium, Walnut, CA (USA)",Track Festival,06 MAY 2023,2023,8.,B,Continental Tour,7195982,worldwide
women_3000sc,Alondra NEGRON,31 MAY 1998,10:02.77,,PUR,"Hilmer Lodge Stadium, Walnut, CA (USA)",Track Festival,06 MAY 2023,2023,9.,B,Continental Tour,7195982,worldwide
women_3000sc,Judi JONES,28 MAR 1997,10:09.04,,USA,"Hilmer Lodge Stadium, Walnut, CA (USA)",Track Festival,06 MAY 2023,2023,11.,B,Continental Tour,7195982,worldwide
women_3000sc,Georgia WINKCUP,09 MAY 1997,9:50.81,,AUS,"Yanmar Stadium Nagai, Osaka (JPN)",10th Kinami Michitaka Memorial Athletics Meet,06 MAY 2023,2023,1.,C,Continental Tour,7196384,worldwide
women_3000sc,Yuzu NISHIDE,25 JAN 2000,9:52.28,,JPN,"Yanmar Stadium Nagai, Osaka (JPN)",10th Kinami Michitaka Memorial Athletics Meet,06 MAY 2023,2023,2.,C,Continental Tour,7196384,worldwide
women_3000sc,Chikako MORI,25 NOV 1992,9:56.15,,JPN,"Yanmar Stadium Nagai, Osaka (JPN)",10th Kinami Michitaka Memorial Athletics Meet,06 MAY 2023,2023,3.,C,Continental Tour,7196384,worldwide
women_3000sc,Nilani RATHNAYAKA,08 AUG 1990,10:02.90,,SRI,"Yanmar Stadium Nagai, Osaka (JPN)",10th Kinami Michitaka Memorial Athletics Meet,06 MAY 2023,2023,4.,C,Continental Tour,7196384,worldwide
women_3000sc,Reimi YOSHIMURA,22 APR 2000,10:08.33,,JPN,"Yanmar Stadium Nagai, Osaka (JPN)",10th Kinami Michitaka Memorial Athletics Meet,06 MAY 2023,2023,5.,C,Continental Tour,7196384,worldwide
women_3000sc,Manami NISHIYAMA,09 DEC 1999,10:13.68,,JPN,"Yanmar Stadium Nagai, Osaka (JPN)",10th Kinami Michitaka Memorial Athletics Meet,06 MAY 2023,2023,6.,C,Continental Tour,7196384,worldwide
women_3000sc,Thi Oanh NGUYEN,15 AUG 1995,10:34.37,,VIE,"Morodok Techo National Stadium, Phnom Penh (CAM)",Southeast Asian Games,09 MAY 2023,2023,1.,D,Area Regional Champs,7201779,worldwide
women_3000sc,Simone FERRAZ,12 MAR 1990,9:55.43,,BRA,"CNDA, Bragança Paulista (BRA)",Troféu Adhemar Ferreira da Silva,07 MAY 2023,2023,1.,D,Continental Tour,7197651,worldwide
women_3000sc,Tatiane Raquel DA SILVA,10 JUN 1990,9:42.15,,BRA,"COTP Stadium, São Paulo (BRA)",Grande Prêmio Internacional Brasil Loterias Caixa de Atletismo,10 MAY 2023,2023,1.,C,Continental Tour,7197652,worldwide
women_3000sc,Simone FERRAZ,12 MAR 1990,9:54.55,,BRA,"COTP Stadium, São Paulo (BRA)",Grande Prêmio Internacional Brasil Loterias Caixa de Atletismo,10 MAY 2023,2023,2.,C,Continental Tour,7197652,worldwide
women_3000sc,Carolina LOZANO,27 FEB 1996,10:18.09,,ARG,"COTP Stadium, São Paulo (BRA)",Grande Prêmio Internacional Brasil Loterias Caixa de Atletismo,10 MAY 2023,2023,3.,C,Continental Tour,7197652,worldwide
women_3000sc,Carolina LOZANO,27 FEB 1996,10:13.63,,ARG,"Cef N°3 Hugo Mario La Nasa, Concepción del Uruguay (ARG)",Argentinian Championships,13 MAY 2023,2023,1.,B,National Championships,7194315,worldwide
women_3000sc,Beatrice CHEPKOECH,06 JUL 1991,9:13.51,,KEN,"Moi International Sports Centre, Kasarani, Nairobi (KEN)",Kip Keino Classic,13 MAY 2023,2023,1.,A,Continental Tour,7184849,worldwide
women_3000sc,Faith CHEROTICH,13 JUL 2004,9:15.08,,KEN,"Moi International Sports Centre, Kasarani, Nairobi (KEN)",Kip Keino Classic,13 MAY 2023,2023,2.,A,Continental Tour,7184849,worldwide
women_3000sc,Jackline CHEPKOECH,03 OCT 2003,9:25.63,,KEN,"Moi International Sports Centre, Kasarani, Nairobi (KEN)",Kip Keino Classic,13 MAY 2023,2023,3.,A,Continental Tour,7184849,worldwide
women_3000sc,Lomi MULETA,29 NOV 2001,9:30.66,,ETH,"Moi International Sports Centre, Kasarani, Nairobi (KEN)",Kip Keino Classic,13 MAY 2023,2023,4.,A,Continental Tour,7184849,worldwide
women_3000sc,Doris LEMNGOLE,05 FEB 2002,9:41.38,,KEN,"Moi International Sports Centre, Kasarani, Nairobi (KEN)",Kip Keino Classic,13 MAY 2023,2023,5.,A,Continental Tour,7184849,worldwide
women_3000sc,Caren CHEBET,24 MAY 2000,9:44.32,,KEN,"Moi International Sports Centre, Kasarani, Nairobi (KEN)",Kip Keino Classic,13 MAY 2023,2023,6.,A,Continental Tour,7184849,worldwide
women_3000sc,Aynalem DESTA,21 JAN 2004,9:48.79,,ETH,"Moi International Sports Centre, Kasarani, Nairobi (KEN)",Kip Keino Classic,13 MAY 2023,2023,7.,A,Continental Tour,7184849,worldwide
women_3000sc,Celestine Jepkosgei BIWOT,24 DEC 2003,9:49.29,,KEN,"Moi International Sports Centre, Kasarani, Nairobi (KEN)",Kip Keino Classic,13 MAY 2023,2023,8.,A,Continental Tour,7184849,worldwide
women_3000sc,Purity KIRUI,13 AUG 1991,9:51.60,,KEN,"Moi International Sports Centre, Kasarani, Nairobi (KEN)",Kip Keino Classic,13 MAY 2023,2023,9.,A,Continental Tour,7184849,worldwide
women_3000sc,Fancy CHERONO,02 AUG 2001,9:55.57,,KEN,"Moi International Sports Centre, Kasarani, Nairobi (KEN)",Kip Keino Classic,13 MAY 2023,2023,10.,A,Continental Tour,7184849,worldwide
women_3000sc,Berhan GEBREGIWRGS,23 MAR 2004,9:57.01,,ETH,"Moi International Sports Centre, Kasarani, Nairobi (KEN)",Kip Keino Classic,13 MAY 2023,2023,11.,A,Continental Tour,7184849,worldwide
women_3000sc,Pamela KOSGEI,05 JUL 2004,10:04.55,,KEN,"Moi International Sports Centre, Kasarani, Nairobi (KEN)",Kip Keino Classic,13 MAY 2023,2023,12.,A,Continental Tour,7184849,worldwide
women_3000sc,Luiza GEGA,05 NOV 1988,9:36.6h,,ALB,"Arena, Elbasan (ALB)",Albanian Championships,18 MAY 2023,2023,1.,B,National Championships,7201805,worldwide
women_3000sc,Parul CHAUDHARY,15 APR 1995,9:41.88,,IND,"Icahn Stadium, New York, NY (USA)",Track Night NYC,19 MAY 2023,2023,1.,C,Continental Tour,7191832,worldwide
women_3000sc,Madeline STRANDEMO,12 JUL 1995,10:02.48,,USA,"Icahn Stadium, New York, NY (USA)",Track Night NYC,19 MAY 2023,2023,2.,C,Continental Tour,7191832,worldwide
women_3000sc,Meredith RIZZO,07 FEB 1995,10:08.52,,USA,"Icahn Stadium, New York, NY (USA)",Track Night NYC,19 MAY 2023,2023,3.,C,Continental Tour,7191832,worldwide
women_3000sc,Judi JONES,28 MAR 1997,10:13.11,,USA,"Icahn Stadium, New York, NY (USA)",Track Night NYC,19 MAY 2023,2023,4.,C,Continental Tour,7191832,worldwide
women_3000sc,Olivia GÜRTH,31 MAY 2002,9:41.23,,GER,"Carl-Kaufmann-Stadion, Karlsruhe (GER)",Lange Laufnacht,20 MAY 2023,2023,1.,D,Continental Tour,7191251,worldwide
women_3000sc,Michelle FINN,16 DEC 1989,9:43.83,,IRL,"Carl-Kaufmann-Stadion, Karlsruhe (GER)",Lange Laufnacht,20 MAY 2023,2023,2.,D,Continental Tour,7191251,worldwide
women_3000sc,Veerle BAKKER,29 SEP 1997,9:52.95,,NED,"Carl-Kaufmann-Stadion, Karlsruhe (GER)",Lange Laufnacht,20 MAY 2023,2023,3.,D,Continental Tour,7191251,worldwide
women_3000sc,Amelie SVENSSON,28 AUG 1996,9:55.15,,SWE,"Carl-Kaufmann-Stadion, Karlsruhe (GER)",Lange Laufnacht,20 MAY 2023,2023,4.,D,Continental Tour,7191251,worldwide
women_3000sc,Juliane HVID,08 APR 1998,9:55.52,,DEN,"Carl-Kaufmann-Stadion, Karlsruhe (GER)",Lange Laufnacht,20 MAY 2023,2023,5.,D,Continental Tour,7191251,worldwide
women_3000sc,Zita URBÁN,22 APR 2002,9:58.45,,HUN,"Carl-Kaufmann-Stadion, Karlsruhe (GER)",Lange Laufnacht,20 MAY 2023,2023,6.,D,Continental Tour,7191251,worldwide
women_3000sc,June ARBEO,04 FEB 1999,10:00.53,,ESP,"Carl-Kaufmann-Stadion, Karlsruhe (GER)",Lange Laufnacht,20 MAY 2023,2023,7.,D,Continental Tour,7191251,worldwide
women_3000sc,Linn SÖDERHOLM,05 MAY 1996,10:01.55,,SWE,"Carl-Kaufmann-Stadion, Karlsruhe (GER)",Lange Laufnacht,20 MAY 2023,2023,8.,D,Continental Tour,7191251,worldwide
women_3000sc,Sarah TAIT,26 MAR 2001,10:06.51,,GBR,"Carl-Kaufmann-Stadion, Karlsruhe (GER)",Lange Laufnacht,20 MAY 2023,2023,11.,D,Continental Tour,7191251,worldwide
women_3000sc,Agnes Thurid GERS,04 AUG 1997,10:25.41,,GER,"Carl-Kaufmann-Stadion, Karlsruhe (GER)",Lange Laufnacht,20 MAY 2023,2023,14.,D,Continental Tour,7191251,worldwide
women_3000sc,Tatiane Raquel DA SILVA,10 JUN 1990,9:38.27,,BRA,"Polideportivo Municipal, Andújar (ESP)",Meeting Jaen Paraiso Interior,26 MAY 2023,2023,1.,C,Continental Tour,7190982,worldwide
women_3000sc,Ikram OUAAZIZ,06 JUL 1999,9:42.66,,MAR,"Polideportivo Municipal, Andújar (ESP)",Meeting Jaen Paraiso Interior,26 MAY 2023,2023,2.,C,Continental Tour,7190982,worldwide
women_3000sc,Aneta KONIECZEK,08 JUN 1997,9:45.50,,POL,"Polideportivo Municipal, Andújar (ESP)",Meeting Jaen Paraiso Interior,26 MAY 2023,2023,3.,C,Continental Tour,7190982,worldwide
women_3000sc,Simone FERRAZ,12 MAR 1990,9:49.76,,BRA,"Polideportivo Municipal, Andújar (ESP)",Meeting Jaen Paraiso Interior,26 MAY 2023,2023,4.,C,Continental Tour,7190982,worldwide
women_3000sc,June ARBEO,04 FEB 1999,9:51.20,,ESP,"Polideportivo Municipal, Andújar (ESP)",Meeting Jaen Paraiso Interior,26 MAY 2023,2023,5.,C,Continental Tour,7190982,worldwide
women_3000sc,Ruken TEK,01 MAY 2001,9:54.03,,TUR,"Polideportivo Municipal, Andújar (ESP)",Meeting Jaen Paraiso Interior,26 MAY 2023,2023,6.,C,Continental Tour,7190982,worldwide
women_3000sc,Blanca FERNÁNDEZ,01 APR 1992,10:01.59,,ESP,"Polideportivo Municipal, Andújar (ESP)",Meeting Jaen Paraiso Interior,26 MAY 2023,2023,7.,C,Continental Tour,7190982,worldwide
women_3000sc,Clara VIÑARAS,08 SEP 1993,10:19.13,,ESP,"Polideportivo Municipal, Andújar (ESP)",Meeting Jaen Paraiso Interior,26 MAY 2023,2023,10.,C,Continental Tour,7190982,worldwide
women_3000sc,Madie BOREMAN,10 JUL 1998,9:22.99,,USA,"Drake Stadium, Los Angeles, CA (USA)",USATF Los Angeles Grand Prix,26 MAY 2023,2023,1.,A,Continental Tour,7191620,worldwide
women_3000sc,Alicja KONIECZEK,02 NOV 1994,9:25.51,,POL,"Drake Stadium, Los Angeles, CA (USA)",USATF Los Angeles Grand Prix,26 MAY 2023,2023,2.,A,Continental Tour,7191620,worldwide
women_3000sc,Parul CHAUDHARY,15 APR 1995,9:29.51,,IND,"Drake Stadium, Los Angeles, CA (USA)",USATF Los Angeles Grand Prix,26 MAY 2023,2023,3.,A,Continental Tour,7191620,worldwide
women_3000sc,Gabrielle JENNINGS,15 SEP 1998,9:32.77,,USA,"Drake Stadium, Los Angeles, CA (USA)",USATF Los Angeles Grand Prix,26 MAY 2023,2023,4.,A,Continental Tour,7191620,worldwide
women_3000sc,Marisa HOWARD,10 AUG 1992,9:39.50,,USA,"Drake Stadium, Los Angeles, CA (USA)",USATF Los Angeles Grand Prix,26 MAY 2023,2023,5.,A,Continental Tour,7191620,worldwide
women_3000sc,Logan JOLLY,07 JUL 1998,9:41.57,,USA,"Drake Stadium, Los Angeles, CA (USA)",USATF Los Angeles Grand Prix,26 MAY 2023,2023,6.,A,Continental Tour,7191620,worldwide
women_3000sc,Alycia BUTTERWORTH,01 OCT 1992,9:42.62,,CAN,"Drake Stadium, Los Angeles, CA (USA)",USATF Los Angeles Grand Prix,26 MAY 2023,2023,7.,A,Continental Tour,7191620,worldwide
women_3000sc,Adva COHEN,24 MAR 1996,9:43.84,,ISR,"Drake Stadium, Los Angeles, CA (USA)",USATF Los Angeles Grand Prix,26 MAY 2023,2023,8.,A,Continental Tour,7191620,worldwide
women_3000sc,Annie RODENFELS,24 JUL 1996,9:46.57,,USA,"Drake Stadium, Los Angeles, CA (USA)",USATF Los Angeles Grand Prix,26 MAY 2023,2023,9.,A,Continental Tour,7191620,worldwide
women_3000sc,Alondra NEGRON,31 MAY 1998,9:53.16,,PUR,"Drake Stadium, Los Angeles, CA (USA)",USATF Los Angeles Grand Prix,26 MAY 2023,2023,10.,A,Continental Tour,7191620,worldwide
women_3000sc,Brielle ERBACHER,28 FEB 1999,10:00.95,,AUS,"Drake Stadium, Los Angeles, CA (USA)",USATF Los Angeles Grand Prix,26 MAY 2023,2023,11.,A,Continental Tour,7191620,worldwide
women_3000sc,Emma GEE,17 AUG 1997,10:05.57,,USA,"Drake Stadium, Los Angeles, CA (USA)",USATF Los Angeles Grand Prix,26 MAY 2023,2023,12.,A,Continental Tour,7191620,worldwide
women_3000sc,Katie RAINSBERGER,18 AUG 1998,10:18.70,,USA,"Drake Stadium, Los Angeles, CA (USA)",USATF Los Angeles Grand Prix,26 MAY 2023,2023,13.,A,Continental Tour,7191620,worldwide
women_3000sc,Julia KORALEWSKA,17 FEB 2002,9:52.94,,POL,"Putbosstadion, Oordegem (BEL)",IFAM Oordegem,27 MAY 2023,2023,1.,D,Continental Tour,7191015,worldwide
women_3000sc,Irene VAN DER REIJKEN,13 AUG 1993,9:57.36,,NED,"Putbosstadion, Oordegem (BEL)",IFAM Oordegem,27 MAY 2023,2023,4.,D,Continental Tour,7191015,worldwide
women_3000sc,Veerle BAKKER,29 SEP 1997,10:03.02,,NED,"Putbosstadion, Oordegem (BEL)",IFAM Oordegem,27 MAY 2023,2023,9.,D,Continental Tour,7191015,worldwide
women_3000sc,Eline DALEMANS,25 FEB 1991,DNF,,BEL,"Putbosstadion, Oordegem (BEL)",IFAM Oordegem,27 MAY 2023,2023,,D,Continental Tour,7191015,worldwide
women_3000sc,Juliane HVID,08 APR 1998,9:46.41,,DEN,Copenhagen (DEN),Nordic Senior Championships,28 MAY 2023,2023,1.,C,Area Regional Champs,7176907,worldwide
women_3000sc,Linn SÖDERHOLM,05 MAY 1996,9:57.94,,SWE,Copenhagen (DEN),Nordic Senior Championships,28 MAY 2023,2023,2.,C,Area Regional Champs,7176907,worldwide
women_3000sc,Sofia THØGERSEN,06 JUL 2005,10:02.69,,DEN,Copenhagen (DEN),Nordic Senior Championships,28 MAY 2023,2023,3.,C,Area Regional Champs,7176907,worldwide
women_3000sc,Amelie SVENSSON,28 AUG 1996,10:17.94,,SWE,Copenhagen (DEN),Nordic Senior Championships,28 MAY 2023,2023,4.,C,Area Regional Champs,7176907,worldwide
women_3000sc,Julia SAMUELSSON,22 MAR 1999,DNF,,SWE,Copenhagen (DEN),Nordic Senior Championships,28 MAY 2023,2023,,C,Area Regional Champs,7176907,worldwide
women_3000sc,Reimi YOSHIMURA,22 APR 2000,9:46.65,,JPN,"Yanmar Stadium Nagai, Osaka (JPN)",Japanese Championships,01 JUN 2023,2023,1.,B,National Championships,7194465,worldwide
women_3000sc,Chikako MORI,25 NOV 1992,9:48.70,,JPN,"Yanmar Stadium Nagai, Osaka (JPN)",Japanese Championships,01 JUN 2023,2023,2.,B,National Championships,7194465,worldwide
women_3000sc,Yuzu NISHIDE,25 JAN 2000,9:58.45,,JPN,"Yanmar Stadium Nagai, Osaka (JPN)",Japanese Championships,01 JUN 2023,2023,3.,B,National Championships,7194465,worldwide
women_3000sc,Manami NISHIYAMA,09 DEC 1999,10:10.31,,JPN,"Yanmar Stadium Nagai, Osaka (JPN)",Japanese Championships,01 JUN 2023,2023,4.,B,National Championships,7194465,worldwide
women_3000sc,Miu SAITO,22 JUN 2002,10:16.48,,JPN,"Yanmar Stadium Nagai, Osaka (JPN)",Japanese Championships,01 JUN 2023,2023,10.,B,National Championships,7194465,worldwide
women_3000sc,Mika OKIMURA,22 AUG 1997,10:20.49,,JPN,"Yanmar Stadium Nagai, Osaka (JPN)",Japanese Championships,01 JUN 2023,2023,12.,B,National Championships,7194465,worldwide
women_3000sc,Soyoka SEGAWA,28 JUL 1994,10:28.57,,JPN,"Yanmar Stadium Nagai, Osaka (JPN)",Japanese Championships,01 JUN 2023,2023,13.,B,National Championships,7194465,worldwide
women_3000sc,Logan JOLLY,07 JUL 1998,9:38.82,,USA,"Vanderbilt Track, Nashville, TN (USA)",Music City Track Carnival,02 JUN 2023,2023,1.,B,Continental Tour,7200143,worldwide
women_3000sc,Tatiane Raquel DA SILVA,10 JUN 1990,9:24.75,,BRA,"Lantos Mihály Sportközpont, Budapest (HUN)",Hungarian GP Series - Budapest,08 JUN 2023,2023,1.,C,Continental Tour,7190987,worldwide
women_3000sc,Marta SERRANO,05 APR 2003,9:27.07,,ESP,"Lantos Mihály Sportközpont, Budapest (HUN)",Hungarian GP Series - Budapest,08 JUN 2023,2023,2.,C,Continental Tour,7190987,worldwide
women_3000sc,Celestine Jepkosgei BIWOT,24 DEC 2003,9:27.34,,KEN,"Lantos Mihály Sportközpont, Budapest (HUN)",Hungarian GP Series - Budapest,08 JUN 2023,2023,3.,C,Continental Tour,7190987,worldwide
women_3000sc,Irene SÁNCHEZ-ESCRIBANO,25 AUG 1992,9:31.03,,ESP,"Lantos Mihály Sportközpont, Budapest (HUN)",Hungarian GP Series - Budapest,08 JUN 2023,2023,4.,C,Continental Tour,7190987,worldwide
women_3000sc,Simone FERRAZ,12 MAR 1990,9:36.54,,BRA,"Lantos Mihály Sportközpont, Budapest (HUN)",Hungarian GP Series - Budapest,08 JUN 2023,2023,5.,C,Continental Tour,7190987,worldwide
women_3000sc,Carolina ROBLES,04 DEC 1991,9:41.44,,ESP,"Lantos Mihály Sportközpont, Budapest (HUN)",Hungarian GP Series - Budapest,08 JUN 2023,2023,6.,C,Continental Tour,7190987,worldwide
women_3000sc,Laura MAASIK,05 OCT 1993,10:05.73,,EST,"Lantos Mihály Sportközpont, Budapest (HUN)",Hungarian GP Series - Budapest,08 JUN 2023,2023,9.,C,Continental Tour,7190987,worldwide
women_3000sc,Zita URBÁN,22 APR 2002,10:19.86,,HUN,"Lantos Mihály Sportközpont, Budapest (HUN)",Hungarian GP Series - Budapest,08 JUN 2023,2023,10.,C,Continental Tour,7190987,worldwide
women_3000sc,Carolina LOZANO,27 FEB 1996,10:11.09,,ARG,Concepción del Uruguay (ARG),Grand Prix Sudamericano Andres Calonge,09 JUN 2023,2023,1.,D,Continental Tour,7197649,worldwide
women_3000sc,Alondra NEGRON,31 MAY 1998,10:39.61,,PUR,"Pista Basilio Rodriguez, Carolina (PUR)",Puerto Rican Championships,10 JUN 2023,2023,1.,B,National Championships,7200782,worldwide
women_3000sc,Adia BUDDE,29 JUL 2005,9:59.96,,GER,"Jahnstadion, Osterode (GER)",14. Internationales Sparkassenmeeting,10 JUN 2023,2023,1.,D,Continental Tour,7193352,worldwide
women_3000sc,Parul CHAUDHARY,15 APR 1995,9:34.23,,IND,"Kalinga Stadium, Bhubaneshwar (IND)",Indian Championships,16 JUN 2023,2023,1.,B,National Championships,7200729,worldwide
women_3000sc,Irene SÁNCHEZ-ESCRIBANO,25 AUG 1992,9:35.17,,ESP,"Parc des Sports C. Ehrmann, Nice (FRA)",Meeting Nikaïa,17 JUN 2023,2023,1.,C,Continental Tour,7190995,worldwide
women_3000sc,Carolina ROBLES,04 DEC 1991,9:38.13,,ESP,"Parc des Sports C. Ehrmann, Nice (FRA)",Meeting Nikaïa,17 JUN 2023,2023,2.,C,Continental Tour,7190995,worldwide
women_3000sc,Regan YEE,04 JUL 1995,9:39.97,,CAN,"Parc des Sports C. Ehrmann, Nice (FRA)",Meeting Nikaïa,17 JUN 2023,2023,3.,C,Continental Tour,7190995,worldwide
women_3000sc,Flavie RENOUARD,10 SEP 2000,9:40.20,,FRA,"Parc des Sports C. Ehrmann, Nice (FRA)",Meeting Nikaïa,17 JUN 2023,2023,4.,C,Continental Tour,7190995,worldwide
women_3000sc,Clara VIÑARAS,08 SEP 1993,10:18.90,,ESP,"Parc des Sports C. Ehrmann, Nice (FRA)",Meeting Nikaïa,17 JUN 2023,2023,5.,C,Continental Tour,7190995,worldwide
women_3000sc,Juliane HVID,08 APR 1998,9:43.61,,DEN,"Slottsskogsvallen, Göteborg (SWE)",Folksam Grand Prix Göteborg,18 JUN 2023,2023,1.,C,Continental Tour,7190997,worldwide
women_3000sc,Simone FERRAZ,12 MAR 1990,9:48.38,,BRA,"Slottsskogsvallen, Göteborg (SWE)",Folksam Grand Prix Göteborg,18 JUN 2023,2023,2.,C,Continental Tour,7190997,worldwide
women_3000sc,Linn SÖDERHOLM,05 MAY 1996,9:57.82,,SWE,"Slottsskogsvallen, Göteborg (SWE)",Folksam Grand Prix Göteborg,18 JUN 2023,2023,3.,C,Continental Tour,7190997,worldwide
women_3000sc,Julia SAMUELSSON,22 MAR 1999,10:00.14,,SWE,"Slottsskogsvallen, Göteborg (SWE)",Folksam Grand Prix Göteborg,18 JUN 2023,2023,4.,C,Continental Tour,7190997,worldwide
women_3000sc,Emilia LILLEMO,05 JAN 2000,10:08.02,,SWE,"Slottsskogsvallen, Göteborg (SWE)",Folksam Grand Prix Göteborg,18 JUN 2023,2023,5.,C,Continental Tour,7190997,worldwide
women_3000sc,Amelie SVENSSON,28 AUG 1996,10:13.84,,SWE,"Slottsskogsvallen, Göteborg (SWE)",Folksam Grand Prix Göteborg,18 JUN 2023,2023,7.,C,Continental Tour,7190997,worldwide
women_3000sc,Ebba CRONHOLM,14 JUN 2005,10:19.86,,SWE,"Slottsskogsvallen, Göteborg (SWE)",Folksam Grand Prix Göteborg,18 JUN 2023,2023,8.,C,Continental Tour,7190997,worldwide
women_3000sc,Michelle FINN,16 DEC 1989,DNF,,IRL,"Slottsskogsvallen, Göteborg (SWE)",Folksam Grand Prix Göteborg,18 JUN 2023,2023,,C,Continental Tour,7190997,worldwide
women_3000sc,Chiara SCHERRER,24 JAN 1996,10:01.19,,SUI,"Stade Olympique de la Pontaise, Lausanne (SUI)",Swiss Steeplechase Championships,17 JUN 2023,2023,1.,B,National Championships,7196670,worldwide
women_3000sc,Ikram OUAAZIZ,06 JUL 1999,9:48.03,,MAR,"Le Grand Stade, Marrakech (MAR)",Arab Championships,23 JUN 2023,2023,1.,C,Area Regional Champs,7201541,worldwide
women_3000sc,Pamela KOSGEI,05 JUL 2004,9:35.25,,KEN,"Nyayo National Stadium, Nairobi (KEN)",Kenyan Championships,24 JUN 2023,2023,1.,B,National Championships,7194286,worldwide
women_3000sc,Caren CHEBET,24 MAY 2000,9:35.68,,KEN,"Nyayo National Stadium, Nairobi (KEN)",Kenyan Championships,24 JUN 2023,2023,2.,B,National Championships,7194286,worldwide
women_3000sc,Fancy CHERONO,02 AUG 2001,9:36.99,,KEN,"Nyayo National Stadium, Nairobi (KEN)",Kenyan Championships,24 JUN 2023,2023,3.,B,National Championships,7194286,worldwide
women_3000sc,Leah JERUTO,12 MAY 2000,9:40.88,,KEN,"Nyayo National Stadium, Nairobi (KEN)",Kenyan Championships,24 JUN 2023,2023,4.,B,National Championships,7194286,worldwide
women_3000sc,Purity KIRUI,13 AUG 1991,9:43.97,,KEN,"Nyayo National Stadium, Nairobi (KEN)",Kenyan Championships,24 JUN 2023,2023,5.,B,National Championships,7194286,worldwide
women_3000sc,Diana CHEPKEMOI,25 JAN 2005,9:56.54,,KEN,"Nyayo National Stadium, Nairobi (KEN)",Kenyan Championships,24 JUN 2023,2023,7.,B,National Championships,7194286,worldwide
women_3000sc,Daisy JEPKEMEI,13 FEB 1996,10:26.31,,KAZ,"Central Stadium, Almaty (KAZ)",Kazakh Championships,23 JUN 2023,2023,1.,B,National Championships,7193155,worldwide
women_3000sc,Juliane HVID,08 APR 1998,9:49.30,,DEN,"Skovdalen Stadion, Aalborg (DEN)",Danish Championships,25 JUN 2023,2023,1.,B,National Championships,7198331,worldwide
women_3000sc,Xinyan ZHANG,09 FEB 1994,9:57.63,,CHN,"Olympic Center, Shenyang (CHN)",Chinese Champinships,28 JUN 2023,2023,1.,B,National Championships,7198796,worldwide
women_3000sc,Li BAI,30 MAR 1996,10:06.70,,CHN,"Olympic Center, Shenyang (CHN)",Chinese Champinships,28 JUN 2023,2023,2.,B,National Championships,7198796,worldwide
women_3000sc,Shuangshuang XU,06 APR 1996,10:18.77,,CHN,"Olympic Center, Shenyang (CHN)",Chinese Champinships,28 JUN 2023,2023,5.,B,National Championships,7198796,worldwide
women_3000sc,Alondra NEGRON,31 MAY 1998,10:14.34,,PUR,San Salvador (ESA),CAC Games,07 JUL 2023,2023,1.,B,Area Regional Champs,7199475,worldwide
women_3000sc,Irene SÁNCHEZ-ESCRIBANO,25 AUG 1992,9:20.04,,ESP,"Estadi Joan Serrahima, Barcelona (ESP)",Míting Internacional d'Atletisme Ciutat de Barcelona,05 JUL 2023,2023,1.,D,Continental Tour,7191065,worldwide
women_3000sc,Carolina ROBLES,04 DEC 1991,9:24.71,,ESP,"Estadi Joan Serrahima, Barcelona (ESP)",Míting Internacional d'Atletisme Ciutat de Barcelona,05 JUL 2023,2023,2.,D,Continental Tour,7191065,worldwide
women_3000sc,Flavie RENOUARD,10 SEP 2000,9:29.10,,FRA,"Estadi Joan Serrahima, Barcelona (ESP)",Míting Internacional d'Atletisme Ciutat de Barcelona,05 JUL 2023,2023,3.,D,Continental Tour,7191065,worldwide
women_3000sc,Aude CLAVIER,10 JAN 1999,9:34.07,,FRA,"Estadi Joan Serrahima, Barcelona (ESP)",Míting Internacional d'Atletisme Ciutat de Barcelona,05 JUL 2023,2023,4.,D,Continental Tour,7191065,worldwide
women_3000sc,Kinga KRÓLIK,26 SEP 1999,9:39.07,,POL,"Estadi Joan Serrahima, Barcelona (ESP)",Míting Internacional d'Atletisme Ciutat de Barcelona,05 JUL 2023,2023,5.,D,Continental Tour,7191065,worldwide
women_3000sc,Eleonora CURTABBI,27 MAR 1997,9:40.90,,ITA,"Estadi Joan Serrahima, Barcelona (ESP)",Míting Internacional d'Atletisme Ciutat de Barcelona,05 JUL 2023,2023,6.,D,Continental Tour,7191065,worldwide
women_3000sc,Michelle FINN,16 DEC 1989,9:41.16,,IRL,"Estadi Joan Serrahima, Barcelona (ESP)",Míting Internacional d'Atletisme Ciutat de Barcelona,05 JUL 2023,2023,7.,D,Continental Tour,7191065,worldwide
women_3000sc,Blanca FERNÁNDEZ,01 APR 1992,9:43.88,,ESP,"Estadi Joan Serrahima, Barcelona (ESP)",Míting Internacional d'Atletisme Ciutat de Barcelona,05 JUL 2023,2023,8.,D,Continental Tour,7191065,worldwide
women_3000sc,Clara VIÑARAS,08 SEP 1993,9:53.01,,ESP,"Estadi Joan Serrahima, Barcelona (ESP)",Míting Internacional d'Atletisme Ciutat de Barcelona,05 JUL 2023,2023,9.,D,Continental Tour,7191065,worldwide
women_3000sc,Adva COHEN,24 MAR 1996,9:49.09,,ISR,"Hadar Yosef Stadium, Tel Aviv (ISR)",Israeli 3000mSC Championships,05 JUL 2023,2023,1.,B,National Championships,7192513,worldwide
women_3000sc,Kristlin GEAR,20 JUL 1999,9:12.81,,USA,"Hayward Field, Eugene, OR (USA)",USA Championships,08 JUL 2023,2023,1.,B,National Championships,7201597,worldwide
women_3000sc,Emma COBURN,19 OCT 1990,9:13.60,,USA,"Hayward Field, Eugene, OR (USA)",USA Championships,08 JUL 2023,2023,2.,B,National Championships,7201597,worldwide
women_3000sc,Courtney WAYMENT,04 AUG 1998,9:14.63,,USA,"Hayward Field, Eugene, OR (USA)",USA Championships,08 JUL 2023,2023,3.,B,National Championships,7201597,worldwide
women_3000sc,Olivia MARKEZICH,10 AUG 2000,9:17.93,,USA,"Hayward Field, Eugene, OR (USA)",USA Championships,08 JUL 2023,2023,4.,B,National Championships,7201597,worldwide
women_3000sc,Marisa HOWARD,10 AUG 1992,9:22.73,,USA,"Hayward Field, Eugene, OR (USA)",USA Championships,08 JUL 2023,2023,5.,B,National Championships,7201597,worldwide
women_3000sc,Kaylee MITCHELL,22 OCT 1999,9:24.01,,USA,"Hayward Field, Eugene, OR (USA)",USA Championships,08 JUL 2023,2023,6.,B,National Championships,7201597,worldwide
women_3000sc,Logan JOLLY,07 JUL 1998,9:26.97,,USA,"Hayward Field, Eugene, OR (USA)",USA Championships,08 JUL 2023,2023,7.,B,National Championships,7201597,worldwide
women_3000sc,Lexy HALLADAY,23 JUL 2001,9:31.39,,USA,"Hayward Field, Eugene, OR (USA)",USA Championships,08 JUL 2023,2023,8.,B,National Championships,7201597,worldwide
women_3000sc,Carmen GRAVES,27 JAN 1991,9:32.58,,USA,"Hayward Field, Eugene, OR (USA)",USA Championships,08 JUL 2023,2023,9.,B,National Championships,7201597,worldwide
women_3000sc,Gabrielle JENNINGS,15 SEP 1998,9:38.15,,USA,"Hayward Field, Eugene, OR (USA)",USA Championships,08 JUL 2023,2023,10.,B,National Championships,7201597,worldwide
women_3000sc,Madie BOREMAN,10 JUL 1998,9:41.53,,USA,"Hayward Field, Eugene, OR (USA)",USA Championships,08 JUL 2023,2023,11.,B,National Championships,7201597,worldwide
women_3000sc,Kayley DELAY,07 JUN 1999,9:43.06,,USA,"Hayward Field, Eugene, OR (USA)",USA Championships,08 JUL 2023,2023,12.,B,National Championships,7201597,worldwide
women_3000sc,Madeline STRANDEMO,12 JUL 1995,9:51.09,,USA,"Hayward Field, Eugene, OR (USA)",USA Championships,08 JUL 2023,2023,13.,B,National Championships,7201597,worldwide
women_3000sc,Courtney FRERICHS,18 JAN 1993,DNS,,USA,"Hayward Field, Eugene, OR (USA)",USA Championships,08 JUL 2023,2023,,B,National Championships,7201597,worldwide
women_3000sc,Tatiane Raquel DA SILVA,10 JUN 1990,9:45.48,,BRA,"Pista de Atletismo da Universidade Federal do Mato Grosso, Cuiaba (BRA)",Brazilian Championships,08 JUL 2023,2023,1.,B,National Championships,7198254,worldwide
women_3000sc,Simone FERRAZ,12 MAR 1990,9:55.14,,BRA,"Pista de Atletismo da Universidade Federal do Mato Grosso, Cuiaba (BRA)",Brazilian Championships,08 JUL 2023,2023,2.,B,National Championships,7198254,worldwide
women_3000sc,Lea MEYER,16 SEP 1997,9:33.19,,GER,"Auestadion, Kassel (GER)",German Championships,09 JUL 2023,2023,1.,B,National Championships,7197326,worldwide
women_3000sc,Olivia GÜRTH,31 MAY 2002,9:45.55,,GER,"Auestadion, Kassel (GER)",German Championships,09 JUL 2023,2023,2.,B,National Championships,7197326,worldwide
women_3000sc,Pauline MEYER,13 JAN 1999,9:54.60,,GER,"Auestadion, Kassel (GER)",German Championships,09 JUL 2023,2023,3.,B,National Championships,7197326,worldwide
women_3000sc,Agnes Thurid GERS,04 AUG 1997,10:14.30,,GER,"Auestadion, Kassel (GER)",German Championships,09 JUL 2023,2023,5.,B,National Championships,7197326,worldwide
women_3000sc,Amelie SVENSSON,28 AUG 1996,9:58.72,,SWE,"Auestadion, Kassel (GER)",German Championships,09 JUL 2023,2023,OC,B,National Championships,7197326,worldwide
women_3000sc,Gréta VARGA,19 DEC 2003,10:36.15,,HUN,"Nemzeti Atlétikai Központ, Budapest (HUN)",Hungarian Championships,07 JUL 2023,2023,1.,B,National Championships,7200888,worldwide
women_3000sc,Semra KARASLAN,18 JAN 1998,9:33.95,,TUR,"Atıcılar Atletizm Sahası, Bursa (TUR)",Turkish Championships,08 JUL 2023,2023,1.,B,National Championships,7202554,worldwide
women_3000sc,Tuğba GÜVENÇ,09 JUL 1994,9:39.32,,TUR,"Atıcılar Atletizm Sahası, Bursa (TUR)",Turkish Championships,08 JUL 2023,2023,2.,B,National Championships,7202554,worldwide
women_3000sc,Derya KUNUR,01 SEP 1999,9:43.26,,TUR,"Atıcılar Atletizm Sahası, Bursa (TUR)",Turkish Championships,08 JUL 2023,2023,3.,B,National Championships,7202554,worldwide
women_3000sc,Sümeyye EROL,15 JUN 1997,9:48.23,,TUR,"Atıcılar Atletizm Sahası, Bursa (TUR)",Turkish Championships,08 JUL 2023,2023,4.,B,National Championships,7202554,worldwide
women_3000sc,Özlem KAYA ALICI,20 APR 1990,DNF,,TUR,"Atıcılar Atletizm Sahası, Bursa (TUR)",Turkish Championships,08 JUL 2023,2023,,B,National Championships,7202554,worldwide
women_3000sc,Parul CHAUDHARY,15 APR 1995,9:38.76,,IND,"Supachalasai National Stadium, Bangkok (THA)",Asian Athletics Championships,14 JUL 2023,2023,1.,GL,Area Champs,7185337,worldwide
women_3000sc,Shuangshuang XU,06 APR 1996,9:44.54,,CHN,"Supachalasai National Stadium, Bangkok (THA)",Asian Athletics Championships,14 JUL 2023,2023,2.,GL,Area Champs,7185337,worldwide
women_3000sc,Reimi YOSHIMURA,22 APR 2000,9:48.48,,JPN,"Supachalasai National Stadium, Bangkok (THA)",Asian Athletics Championships,14 JUL 2023,2023,3.,GL,Area Champs,7185337,worldwide
women_3000sc,Chikako MORI,25 NOV 1992,9:56.67,,JPN,"Supachalasai National Stadium, Bangkok (THA)",Asian Athletics Championships,14 JUL 2023,2023,5.,GL,Area Champs,7185337,worldwide
women_3000sc,Thi Oanh NGUYEN,15 AUG 1995,10:09.62,,VIE,"Supachalasai National Stadium, Bangkok (THA)",Asian Athletics Championships,14 JUL 2023,2023,6.,GL,Area Champs,7185337,worldwide
women_3000sc,Daisy JEPKEMEI,13 FEB 1996,10:19.19,,KAZ,"Supachalasai National Stadium, Bangkok (THA)",Asian Athletics Championships,14 JUL 2023,2023,7.,GL,Area Champs,7185337,worldwide
women_3000sc,Ceili MCCABE,17 SEP 2001,9:28.76,,CAN,"McLeod Stadium, Langley (CAN)",Harry Jerome Track Classic,14 JUL 2023,2023,1.,C,Continental Tour,7192536,worldwide
women_3000sc,Regan YEE,04 JUL 1995,9:29.86,,CAN,"McLeod Stadium, Langley (CAN)",Harry Jerome Track Classic,14 JUL 2023,2023,2.,C,Continental Tour,7192536,worldwide
women_3000sc,Logan JOLLY,07 JUL 1998,9:29.89,,USA,"McLeod Stadium, Langley (CAN)",Harry Jerome Track Classic,14 JUL 2023,2023,3.,C,Continental Tour,7192536,worldwide
women_3000sc,Carmen GRAVES,27 JAN 1991,9:34.44,,USA,"McLeod Stadium, Langley (CAN)",Harry Jerome Track Classic,14 JUL 2023,2023,4.,C,Continental Tour,7192536,worldwide
women_3000sc,Kayley DELAY,07 JUN 1999,9:37.81,,USA,"McLeod Stadium, Langley (CAN)",Harry Jerome Track Classic,14 JUL 2023,2023,5.,C,Continental Tour,7192536,worldwide
women_3000sc,Alycia BUTTERWORTH,01 OCT 1992,9:39.98,,CAN,"McLeod Stadium, Langley (CAN)",Harry Jerome Track Classic,14 JUL 2023,2023,6.,C,Continental Tour,7192536,worldwide
women_3000sc,Grace FETHERSTONHAUGH,13 OCT 2000,9:40.92,,CAN,"McLeod Stadium, Langley (CAN)",Harry Jerome Track Classic,14 JUL 2023,2023,7.,C,Continental Tour,7192536,worldwide
women_3000sc,Amy CASHIN,28 JUL 1994,9:45.12,,AUS,"McLeod Stadium, Langley (CAN)",Harry Jerome Track Classic,14 JUL 2023,2023,8.,C,Continental Tour,7192536,worldwide
women_3000sc,Brielle ERBACHER,28 FEB 1999,9:52.20,,AUS,"McLeod Stadium, Langley (CAN)",Harry Jerome Track Classic,14 JUL 2023,2023,9.,C,Continental Tour,7192536,worldwide
women_3000sc,Ikram OUAAZIZ,06 JUL 1999,9:57.05,,MAR,"Complexe Sportif Prince Moulay Abdellah, Rabat (MAR)",Moroccan Championships,15 JUL 2023,2023,1.,B,National Championships,7200973,worldwide
women_3000sc,Logan JOLLY,07 JUL 1998,9:40.14,,USA,"Los Angeles, CA (USA)",Under Armour Sunset Tour,22 JUL 2023,2023,1.,C,Continental Tour,7199165,worldwide
women_3000sc,Carmen GRAVES,27 JAN 1991,9:40.45,,USA,"Los Angeles, CA (USA)",Under Armour Sunset Tour,22 JUL 2023,2023,2.,C,Continental Tour,7199165,worldwide
women_3000sc,Emma GEE,17 AUG 1997,9:46.37,,USA,"Los Angeles, CA (USA)",Under Armour Sunset Tour,22 JUL 2023,2023,3.,C,Continental Tour,7199165,worldwide
women_3000sc,Alondra NEGRON,31 MAY 1998,10:06.43,,PUR,"Los Angeles, CA (USA)",Under Armour Sunset Tour,22 JUL 2023,2023,5.,C,Continental Tour,7199165,worldwide
women_3000sc,Brielle ERBACHER,28 FEB 1999,10:16.52,,AUS,"Los Angeles, CA (USA)",Under Armour Sunset Tour,22 JUL 2023,2023,6.,C,Continental Tour,7199165,worldwide
women_3000sc,Luiza GEGA,05 NOV 1988,9:21.53,,ALB,"Atletski Stadion, Kraljevo (SRB)",Balkan Championships,22 JUL 2023,2023,1.,B,Area Regional Champs,7199582,worldwide
women_3000sc,Tuğba GÜVENÇ,09 JUL 1994,9:29.75,,TUR,"Atletski Stadion, Kraljevo (SRB)",Balkan Championships,22 JUL 2023,2023,2.,B,Area Regional Champs,7199582,worldwide
women_3000sc,Semra KARASLAN,18 JAN 1998,9:47.76,,TUR,"Atletski Stadion, Kraljevo (SRB)",Balkan Championships,22 JUL 2023,2023,3.,B,Area Regional Champs,7199582,worldwide
women_3000sc,Regan YEE,04 JUL 1995,9:24.82,,CAN,"McLeod Stadium, Langley (CAN)",Canadian Championships,27 JUL 2023,2023,1.,B,National Championships,7193208,worldwide
women_3000sc,Ceili MCCABE,17 SEP 2001,9:25.98,,CAN,"McLeod Stadium, Langley (CAN)",Canadian Championships,27 JUL 2023,2023,2.,B,National Championships,7193208,worldwide
women_3000sc,Grace FETHERSTONHAUGH,13 OCT 2000,9:31.27,,CAN,"McLeod Stadium, Langley (CAN)",Canadian Championships,27 JUL 2023,2023,3.,B,National Championships,7193208,worldwide
women_3000sc,Alycia BUTTERWORTH,01 OCT 1992,9:49.68,,CAN,"McLeod Stadium, Langley (CAN)",Canadian Championships,27 JUL 2023,2023,4.,B,National Championships,7193208,worldwide
women_3000sc,Charlotte PROUSE,09 FEB 1997,DNF,,CAN,"McLeod Stadium, Langley (CAN)",Canadian Championships,27 JUL 2023,2023,,B,National Championships,7193208,worldwide
women_3000sc,Amy CASHIN,28 JUL 1994,DNF,,AUS,"McLeod Stadium, Langley (CAN)",Canadian Championships,27 JUL 2023,2023,OC,B,National Championships,7193208,worldwide
women_3000sc,Aneta KONIECZEK,08 JUN 1997,9:30.62,,POL,"Stadion im.Lubuskich Olimpijczyków, Gorzów Wielkopolski (POL)",Polish Championships,27 JUL 2023,2023,1.,B,National Championships,7196520,worldwide
women_3000sc,Kinga KRÓLIK,26 SEP 1999,9:31.84,,POL,"Stadion im.Lubuskich Olimpijczyków, Gorzów Wielkopolski (POL)",Polish Championships,27 JUL 2023,2023,2.,B,National Championships,7196520,worldwide
women_3000sc,Alicja KONIECZEK,02 NOV 1994,9:36.60,,POL,"Stadion im.Lubuskich Olimpijczyków, Gorzów Wielkopolski (POL)",Polish Championships,27 JUL 2023,2023,3.,B,National Championships,7196520,worldwide
women_3000sc,Patrycja KAPAŁA,26 MAR 1997,9:42.63,,POL,"Stadion im.Lubuskich Olimpijczyków, Gorzów Wielkopolski (POL)",Polish Championships,27 JUL 2023,2023,4.,B,National Championships,7196520,worldwide
women_3000sc,Julia KORALEWSKA,17 FEB 2002,9:46.46,,POL,"Stadion im.Lubuskich Olimpijczyków, Gorzów Wielkopolski (POL)",Polish Championships,27 JUL 2023,2023,5.,B,National Championships,7196520,worldwide
women_3000sc,Agnieszka CHORZĘPA,14 JAN 2001,10:01.31,,POL,"Stadion im.Lubuskich Olimpijczyków, Gorzów Wielkopolski (POL)",Polish Championships,27 JUL 2023,2023,6.,B,National Championships,7196520,worldwide
women_3000sc,Tatsiana SHABANAVA,20 MAR 1998,9:53.68,,BLR,"Dinamo National Olympic Stadium, Minsk (BLR)",Belarus Championships,29 JUL 2023,2023,1.,B,National Championships,7198422,worldwide
women_3000sc,Greta KARINAUSKAITĖ,11 FEB 2001,9:42.48,,LTU,"Palangos Stadionas, Palanga (LTU)",Lithuanian Championships,29 JUL 2023,2023,1.,B,National Championships,7194675,worldwide
women_3000sc,Alice FINOT,09 FEB 1991,9:54.60,,FRA,"Stadium Municipal, Albi (FRA)",French Championships,28 JUL 2023,2023,1.,B,National Championships,7199349,worldwide
women_3000sc,Flavie RENOUARD,10 SEP 2000,9:55.51,,FRA,"Stadium Municipal, Albi (FRA)",French Championships,28 JUL 2023,2023,2.,B,National Championships,7199349,worldwide
women_3000sc,Alexa LEMITRE,10 APR 1998,10:06.51,,FRA,"Stadium Municipal, Albi (FRA)",French Championships,28 JUL 2023,2023,4.,B,National Championships,7199349,worldwide
women_3000sc,Marta SERRANO,05 APR 2003,9:26.35,,ESP,"Pista Parc Central, Torrent (ESP)",Spanish Championships,28 JUL 2023,2023,1.,B,National Championships,7196326,worldwide
women_3000sc,Irene SÁNCHEZ-ESCRIBANO,25 AUG 1992,9:27.12,,ESP,"Pista Parc Central, Torrent (ESP)",Spanish Championships,28 JUL 2023,2023,2.,B,National Championships,7196326,worldwide
women_3000sc,Carolina ROBLES,04 DEC 1991,9:32.83,,ESP,"Pista Parc Central, Torrent (ESP)",Spanish Championships,28 JUL 2023,2023,3.,B,National Championships,7196326,worldwide
women_3000sc,Blanca FERNÁNDEZ,01 APR 1992,9:51.59,,ESP,"Pista Parc Central, Torrent (ESP)",Spanish Championships,28 JUL 2023,2023,4.,B,National Championships,7196326,worldwide
women_3000sc,Clara VIÑARAS,08 SEP 1993,10:11.41,,ESP,"Pista Parc Central, Torrent (ESP)",Spanish Championships,28 JUL 2023,2023,6.,B,National Championships,7196326,worldwide
women_3000sc,June ARBEO,04 FEB 1999,10:14.77,,ESP,"Pista Parc Central, Torrent (ESP)",Spanish Championships,28 JUL 2023,2023,8.,B,National Championships,7196326,worldwide
women_3000sc,Nataliya STREBKOVA,06 MAR 1995,10:10.98,,UKR,"Avangard Stadium, Lutsk (UKR)",Ukrainian Championships,29 JUL 2023,2023,1.,B,National Championships,7193126,worldwide
women_3000sc,Emilia LILLEMO,05 JAN 2000,9:44.29,,SWE,"Hällåsens IP, Söderhamn (SWE)",Swedish Championships,28 JUL 2023,2023,1.,B,National Championships,7193429,worldwide
women_3000sc,Julia SAMUELSSON,22 MAR 1999,9:55.79,,SWE,"Hällåsens IP, Söderhamn (SWE)",Swedish Championships,28 JUL 2023,2023,2.,B,National Championships,7193429,worldwide
women_3000sc,Linn SÖDERHOLM,05 MAY 1996,9:59.41,,SWE,"Hällåsens IP, Söderhamn (SWE)",Swedish Championships,28 JUL 2023,2023,3.,B,National Championships,7193429,worldwide
women_3000sc,Amelie SVENSSON,28 AUG 1996,10:04.65,,SWE,"Hällåsens IP, Söderhamn (SWE)",Swedish Championships,28 JUL 2023,2023,4.,B,National Championships,7193429,worldwide
women_3000sc,Emma DAHL,02 MAY 1991,10:26.94,,SWE,"Hällåsens IP, Söderhamn (SWE)",Swedish Championships,28 JUL 2023,2023,5.,B,National Championships,7193429,worldwide
women_3000sc,Eleonora CURTABBI,27 MAR 1997,9:55.28,,ITA,"Stadio M.S. Cozzoli, Molfetta (ITA)",Italian Championships,30 JUL 2023,2023,1.,B,National Championships,7199655,worldwide
women_3000sc,Veerle BAKKER,29 SEP 1997,9:58.62,,NED,"Atletiekbaan Breda, Breda (NED)",Dutch Championships,29 JUL 2023,2023,1.,B,National Championships,7194608,worldwide
women_3000sc,Lotte KRAUSE,29 NOV 1992,10:00.45,,NED,"Atletiekbaan Breda, Breda (NED)",Dutch Championships,29 JUL 2023,2023,2.,B,National Championships,7194608,worldwide
women_3000sc,Irene VAN DER REIJKEN,13 AUG 1993,10:00.48,,NED,"Atletiekbaan Breda, Breda (NED)",Dutch Championships,29 JUL 2023,2023,3.,B,National Championships,7194608,worldwide
women_3000sc,Tatiane Raquel DA SILVA,10 JUN 1990,9:55.73,,BRA,"COTP Stadium, São Paulo (BRA)",South American Athletics Championships,29 JUL 2023,2023,1.,GL,Area Champs,7190549,worldwide
women_3000sc,Simone FERRAZ,12 MAR 1990,9:59.44,,BRA,"COTP Stadium, São Paulo (BRA)",South American Athletics Championships,29 JUL 2023,2023,2.,GL,Area Champs,7190549,worldwide
women_3000sc,Carolina LOZANO,27 FEB 1996,10:25.71,,ARG,"COTP Stadium, São Paulo (BRA)",South American Athletics Championships,29 JUL 2023,2023,5.,GL,Area Champs,7190549,worldwide
women_3000sc,Tania CHAVEZ MOSER,06 MAY 1990,10:46.72,,BOL,"COTP Stadium, São Paulo (BRA)",South American Athletics Championships,29 JUL 2023,2023,7.,GL,Area Champs,7190549,worldwide
women_3000sc,Laura MAASIK,05 OCT 1993,10:01.81,,EST,"Kadrioru staadion, Tallinn (EST)",Estonian Championships,29 JUL 2023,2023,1.,B,National Championships,7193786,worldwide
women_3000sc,Michelle FINN,16 DEC 1989,10:00.14,,IRL,"Morton Stadium, Santry, Dublin (IRL)",Irish Championships,29 JUL 2023,2023,1.,B,National Championships,7202184,worldwide
women_3000sc,Laura TABORDA,01 JAN 1999,10:14.93,,POR,"Estádio 1o de Maio, Braga (POR)",Portuguese Championships,29 JUL 2023,2023,1.,B,National Championships,7201511,worldwide
women_3000sc,Joana SOARES,08 SEP 1993,10:28.05,,POR,"Estádio 1o de Maio, Braga (POR)",Portuguese Championships,29 JUL 2023,2023,2.,B,National Championships,7201511,worldwide
women_3000sc,Cara FEAIN-RYAN,05 FEB 1999,9:46.02,,AUS,"Shuangliu Sports Centre, Chengdu (CHN)",FISU World University Games,04 AUG 2023,2023,1.,B,FISU,7174333,worldwide
women_3000sc,Semra KARASLAN,18 JAN 1998,9:50.42,,TUR,"Shuangliu Sports Centre, Chengdu (CHN)",FISU World University Games,04 AUG 2023,2023,2.,B,FISU,7174333,worldwide
women_3000sc,Georgia WINKCUP,09 MAY 1997,9:51.22,,AUS,"Shuangliu Sports Centre, Chengdu (CHN)",FISU World University Games,04 AUG 2023,2023,3.,B,FISU,7174333,worldwide
women_3000sc,Sümeyye EROL,15 JUN 1997,9:59.37,,TUR,"Shuangliu Sports Centre, Chengdu (CHN)",FISU World University Games,04 AUG 2023,2023,4.,B,FISU,7174333,worldwide
women_3000sc,Patrycja KAPAŁA,26 MAR 1997,9:59.93,,POL,"Shuangliu Sports Centre, Chengdu (CHN)",FISU World University Games,04 AUG 2023,2023,5.,B,FISU,7174333,worldwide
women_3000sc,Xia LUO,10 MAY 2000,10:04.41,,CHN,"Shuangliu Sports Centre, Chengdu (CHN)",FISU World University Games,04 AUG 2023,2023,6.,B,FISU,7174333,worldwide
women_3000sc,Veerle BAKKER,29 SEP 1997,10:15.97,,NED,"Shuangliu Sports Centre, Chengdu (CHN)",FISU World University Games,04 AUG 2023,2023,9.,B,FISU,7174333,worldwide
women_3000sc,Pauline MEYER,13 JAN 1999,10:17.12,,GER,"Shuangliu Sports Centre, Chengdu (CHN)",FISU World University Games,04 AUG 2023,2023,10.,B,FISU,7174333,worldwide
women_3000sc,Shuangshuang XU,06 APR 1996,10:24.15,,CHN,"Shuangliu Sports Centre, Chengdu (CHN)",FISU World University Games,04 AUG 2023,2023,11.,B,FISU,7174333,worldwide
women_3000sc,Yekaterina IVONINA,14 JUN 1994,9:17.74,,RUS,"Yelena Yelesina Stadium, Chelyabinsk (RUS)",Russian Championships,05 AUG 2023,2023,1.,B,National Championships,7201208,worldwide
women_3000sc,Olga VOVK,13 FEB 1993,9:21.50,,RUS,"Yelena Yelesina Stadium, Chelyabinsk (RUS)",Russian Championships,05 AUG 2023,2023,2.,B,National Championships,7201208,worldwide
women_3000sc,Anna TROPINA,03 NOV 1998,9:35.33,,RUS,"Yelena Yelesina Stadium, Chelyabinsk (RUS)",Russian Championships,05 AUG 2023,2023,3.,B,National Championships,7201208,worldwide
women_3000sc,Tatsiana SHABANAVA,20 MAR 1998,9:58.28,,BLR,"Yelena Yelesina Stadium, Chelyabinsk (RUS)",Russian Championships,05 AUG 2023,2023,OC,B,National Championships,7201208,worldwide
women_3000sc,Laura MAASIK,05 OCT 1993,10:04.00,,EST,"Friidrettsstadion, Jessheim (NOR)",Norgeslekene,12 AUG 2023,2023,1.,D,Continental Tour,7191077,worldwide
women_3000sc,Celestine Jepkosgei BIWOT,24 DEC 2003,9:24.84,,KEN,"Forest Stadium, Sopot (POL)",Grand Prix Sopotu Im. Janusza Sidly,30 AUG 2023,2023,1.,D,Continental Tour,7192312,worldwide
women_3000sc,Amy CASHIN,28 JUL 1994,9:31.61,,AUS,"Forest Stadium, Sopot (POL)",Grand Prix Sopotu Im. Janusza Sidly,30 AUG 2023,2023,2.,D,Continental Tour,7192312,worldwide
women_3000sc,Grace FETHERSTONHAUGH,13 OCT 2000,9:33.90,,CAN,"Forest Stadium, Sopot (POL)",Grand Prix Sopotu Im. Janusza Sidly,30 AUG 2023,2023,3.,D,Continental Tour,7192312,worldwide
women_3000sc,Adva COHEN,24 MAR 1996,9:36.32,,ISR,"Forest Stadium, Sopot (POL)",Grand Prix Sopotu Im. Janusza Sidly,30 AUG 2023,2023,4.,D,Continental Tour,7192312,worldwide
women_3000sc,Aneta KONIECZEK,08 JUN 1997,9:37.26,,POL,"Forest Stadium, Sopot (POL)",Grand Prix Sopotu Im. Janusza Sidly,30 AUG 2023,2023,5.,D,Continental Tour,7192312,worldwide
women_3000sc,Kinga KRÓLIK,26 SEP 1999,9:38.45,,POL,"Forest Stadium, Sopot (POL)",Grand Prix Sopotu Im. Janusza Sidly,30 AUG 2023,2023,6.,D,Continental Tour,7192312,worldwide
women_3000sc,Patrycja KAPAŁA,26 MAR 1997,9:50.33,,POL,"Forest Stadium, Sopot (POL)",Grand Prix Sopotu Im. Janusza Sidly,30 AUG 2023,2023,7.,D,Continental Tour,7192312,worldwide
women_3000sc,Agnieszka CHORZĘPA,14 JAN 2001,DNF,,POL,"Forest Stadium, Sopot (POL)",Grand Prix Sopotu Im. Janusza Sidly,30 AUG 2023,2023,,D,Continental Tour,7192312,worldwide
women_3000sc,Rihab DHAHRI,09 SEP 2003,DNF,,TUN,"Forest Stadium, Sopot (POL)",Grand Prix Sopotu Im. Janusza Sidly,30 AUG 2023,2023,,D,Continental Tour,7192312,worldwide
women_3000sc,Emilia LILLEMO,05 JAN 2000,9:33.25,,SWE,"Olympiastadion, Stockholm (SWE)",Finnkampen,03 SEP 2023,2023,1.,D,Traditional International,7191083,worldwide
women_3000sc,Julia SAMUELSSON,22 MAR 1999,9:51.49,,SWE,"Olympiastadion, Stockholm (SWE)",Finnkampen,03 SEP 2023,2023,2.,D,Traditional International,7191083,worldwide
women_3000sc,Linn SÖDERHOLM,05 MAY 1996,9:57.26,,SWE,"Olympiastadion, Stockholm (SWE)",Finnkampen,03 SEP 2023,2023,3.,D,Traditional International,7191083,worldwide
women_3000sc,Cara FEAIN-RYAN,05 FEB 1999,9:45.14,,AUS,"SA Athletic Stadium, Adelaide (AUS)",Adelaide Track Classic,12 FEB 2022,2022,1.,D,Continental Tour,7176133,worldwide
women_3000sc,Brielle ERBACHER,28 FEB 1999,9:48.14,,AUS,"SA Athletic Stadium, Adelaide (AUS)",Adelaide Track Classic,12 FEB 2022,2022,2.,D,Continental Tour,7176133,worldwide
women_3000sc,Georgia WINKCUP,09 MAY 1997,10:03.87,,AUS,"SA Athletic Stadium, Adelaide (AUS)",Adelaide Track Classic,12 FEB 2022,2022,3.,D,Continental Tour,7176133,worldwide
women_3000sc,Natalie RULE,08 AUG 1996,DNF,,AUS,"SA Athletic Stadium, Adelaide (AUS)",Adelaide Track Classic,12 FEB 2022,2022,,D,Continental Tour,7176133,worldwide
women_3000sc,Brielle ERBACHER,28 FEB 1999,9:39.79,,AUS,"Lakeside Stadium, Melbourne (AUS)",Melbourne Track Classic,19 MAR 2022,2022,1.,C,Continental Tour,7173707,worldwide
women_3000sc,Georgia WINKCUP,09 MAY 1997,9:41.52,,AUS,"Lakeside Stadium, Melbourne (AUS)",Melbourne Track Classic,19 MAR 2022,2022,2.,C,Continental Tour,7173707,worldwide
women_3000sc,Stella RADFORD,25 JUN 1995,9:45.72,,AUS,"Lakeside Stadium, Melbourne (AUS)",Melbourne Track Classic,19 MAR 2022,2022,3.,C,Continental Tour,7173707,worldwide
women_3000sc,Cara FEAIN-RYAN,05 FEB 1999,9:49.87,,AUS,"Lakeside Stadium, Melbourne (AUS)",Melbourne Track Classic,19 MAR 2022,2022,4.,C,Continental Tour,7173707,worldwide
women_3000sc,Rosie DONEGAN,01 JUL 1993,10:12.25,,AUS,"Lakeside Stadium, Melbourne (AUS)",Melbourne Track Classic,19 MAR 2022,2022,5.,C,Continental Tour,7173707,worldwide
women_3000sc,Werkuha GETACHEW,07 DEC 1995,9:41.8h,,ETH,Hawassa (ETH),Ethiopian Championships,31 MAR 2022,2022,1.,B,National Championships,7181305,worldwide
women_3000sc,Mekides ABEBE,29 JAN 2001,9:43.8h,,ETH,Hawassa (ETH),Ethiopian Championships,31 MAR 2022,2022,2.,B,National Championships,7181305,worldwide
women_3000sc,Zerfe WONDEMAGEGN,26 OCT 2002,9:44.9h,,ETH,Hawassa (ETH),Ethiopian Championships,31 MAR 2022,2022,3.,B,National Championships,7181305,worldwide
women_3000sc,Lomi MULETA,29 NOV 2001,9:47.6h,,ETH,Hawassa (ETH),Ethiopian Championships,31 MAR 2022,2022,4.,B,National Championships,7181305,worldwide
women_3000sc,Sembo ALMAYEW,24 JAN 2005,9:49.0h,,ETH,Hawassa (ETH),Ethiopian Championships,31 MAR 2022,2022,5.,B,National Championships,7181305,worldwide
women_3000sc,Agrie WOLE,20 JAN 1999,9:51.9h,,ETH,Hawassa (ETH),Ethiopian Championships,31 MAR 2022,2022,6.,B,National Championships,7181305,worldwide
women_3000sc,Alemnat WALLE,29 JAN 2006,9:54.5h,,ETH,Hawassa (ETH),Ethiopian Championships,31 MAR 2022,2022,7.,B,National Championships,7181305,worldwide
women_3000sc,Firehiwot GESESE,01 JAN 2006,9:56.2h,,ETH,Hawassa (ETH),Ethiopian Championships,31 MAR 2022,2022,9.,B,National Championships,7181305,worldwide
women_3000sc,Asimarech NAGA,08 JUN 1999,9:58.6h,,ETH,Hawassa (ETH),Ethiopian Championships,31 MAR 2022,2022,10.,B,National Championships,7181305,worldwide
women_3000sc,Weynshet ANSA,09 APR 1996,10:04.1h,,ETH,Hawassa (ETH),Ethiopian Championships,31 MAR 2022,2022,11.,B,National Championships,7181305,worldwide
women_3000sc,Meseret YESHANEH,12 MAY 2005,10:04.4h,,ETH,Hawassa (ETH),Ethiopian Championships,31 MAR 2022,2022,12.,B,National Championships,7181305,worldwide
women_3000sc,Kena TUFA,27 DEC 2005,10:06.9h,,ETH,Hawassa (ETH),Ethiopian Championships,31 MAR 2022,2022,13.,B,National Championships,7181305,worldwide
women_3000sc,Birtukan ADAMU,29 APR 1992,10:11.8h,,ETH,Hawassa (ETH),Ethiopian Championships,31 MAR 2022,2022,15.,B,National Championships,7181305,worldwide
women_3000sc,Amy CASHIN,28 JUL 1994,9:37.92,,AUS,"SOPAC, Sydney (AUS)",Australian Championships,31 MAR 2022,2022,1.,B,National Championships,7180884,worldwide
women_3000sc,Brielle ERBACHER,28 FEB 1999,9:38.56,,AUS,"SOPAC, Sydney (AUS)",Australian Championships,31 MAR 2022,2022,2.,B,National Championships,7180884,worldwide
women_3000sc,Cara FEAIN-RYAN,05 FEB 1999,9:40.66,,AUS,"SOPAC, Sydney (AUS)",Australian Championships,31 MAR 2022,2022,3.,B,National Championships,7180884,worldwide
women_3000sc,Georgia WINKCUP,09 MAY 1997,9:44.75,,AUS,"SOPAC, Sydney (AUS)",Australian Championships,31 MAR 2022,2022,4.,B,National Championships,7180884,worldwide
women_3000sc,Stella RADFORD,25 JUN 1995,9:52.11,,AUS,"SOPAC, Sydney (AUS)",Australian Championships,31 MAR 2022,2022,5.,B,National Championships,7180884,worldwide
women_3000sc,Rosie DONEGAN,01 JUL 1993,10:09.04,,AUS,"SOPAC, Sydney (AUS)",Australian Championships,31 MAR 2022,2022,6.,B,National Championships,7180884,worldwide
women_3000sc,Nilani RATHNAYAKA,08 AUG 1990,9:40.24,,SRI,Diyagama (SRI),Sri Lankan Championships,09 APR 2022,2022,1.,B,National Championships,7181860,worldwide
women_3000sc,Belén CASETTA,26 SEP 1994,9:38.15,,ARG,Concepción del Uruguay (ARG),Argentinian Championships,10 APR 2022,2022,1.,B,National Championships,7181419,worldwide
women_3000sc,Carolina LOZANO,27 FEB 1996,9:58.68,,ARG,Concepción del Uruguay (ARG),Argentinian Championships,10 APR 2022,2022,2.,B,National Championships,7181419,worldwide
women_3000sc,Lexy HALLADAY,23 JUL 2001,9:59.27,,USA,"Franklin Field, Philadelphia, PA (USA)",The Penn Relays Carnival,28 APR 2022,2022,1.,C,Continental Tour,7182050,worldwide
women_3000sc,Carmen RIAÑO,08 NOV 2001,10:04.84,,ESP,"Franklin Field, Philadelphia, PA (USA)",The Penn Relays Carnival,28 APR 2022,2022,2.,C,Continental Tour,7182050,worldwide
women_3000sc,Katherine THRONSON,23 AUG 2000,10:09.45,,USA,"Franklin Field, Philadelphia, PA (USA)",The Penn Relays Carnival,28 APR 2022,2022,4.,C,Continental Tour,7182050,worldwide
women_3000sc,Jordan WILLIAMS,22 JAN 1999,10:31.80,,USA,"Franklin Field, Philadelphia, PA (USA)",The Penn Relays Carnival,28 APR 2022,2022,10.,C,Continental Tour,7182050,worldwide
women_3000sc,Reimi YOSHIMURA,22 APR 2000,9:52.16,,JPN,"Municipal Stadium, Hiroshima (JPN)",Mikio Oda Memorial Athletics Meet,29 APR 2022,2022,1.,C,Continental Tour,7175268,worldwide
women_3000sc,Yukari ISHIZAWA,16 APR 1988,9:54.06,,JPN,"Municipal Stadium, Hiroshima (JPN)",Mikio Oda Memorial Athletics Meet,29 APR 2022,2022,2.,C,Continental Tour,7175268,worldwide
women_3000sc,Yuno YAMANAKA,25 DEC 2000,9:54.42,,JPN,"Municipal Stadium, Hiroshima (JPN)",Mikio Oda Memorial Athletics Meet,29 APR 2022,2022,3.,C,Continental Tour,7175268,worldwide
women_3000sc,Yuzu NISHIDE,25 JAN 2000,9:56.85,,JPN,"Municipal Stadium, Hiroshima (JPN)",Mikio Oda Memorial Athletics Meet,29 APR 2022,2022,4.,C,Continental Tour,7175268,worldwide
women_3000sc,Chikako MORI,25 NOV 1992,10:16.58,,JPN,"Municipal Stadium, Hiroshima (JPN)",Mikio Oda Memorial Athletics Meet,29 APR 2022,2022,5.,C,Continental Tour,7175268,worldwide
women_3000sc,Joanne KIPKEMOI,27 NOV 1993,DNF,,KEN,"Municipal Stadium, Hiroshima (JPN)",Mikio Oda Memorial Athletics Meet,29 APR 2022,2022,,C,Continental Tour,7175268,worldwide
women_3000sc,Tatiane Raquel DA SILVA,10 JUN 1990,9:58.11,,BRA,"COTP Stadium, São Paulo (BRA)",Grande Premio Internacional Brasil Loterias Caixa de Atletismo,01 MAY 2022,2022,1.,C,Continental Tour,7181805,worldwide
women_3000sc,Simone FERRAZ,12 MAR 1990,10:06.10,,BRA,"COTP Stadium, São Paulo (BRA)",Grande Premio Internacional Brasil Loterias Caixa de Atletismo,01 MAY 2022,2022,2.,C,Continental Tour,7181805,worldwide
women_3000sc,Norah JERUTO,02 OCT 1995,9:04.95,,KAZ,"Moi International Sports Centre, Kasarani, Nairobi (KEN)",Kip Keino Classic,07 MAY 2022,2022,1.,A,Continental Tour,7171946,worldwide
women_3000sc,Faith CHEROTICH,13 JUL 2004,9:12.04,,KEN,"Moi International Sports Centre, Kasarani, Nairobi (KEN)",Kip Keino Classic,07 MAY 2022,2022,2.,A,Continental Tour,7171946,worldwide
women_3000sc,Peruth CHEMUTAI,10 JUL 1999,9:20.07,,UGA,"Moi International Sports Centre, Kasarani, Nairobi (KEN)",Kip Keino Classic,07 MAY 2022,2022,3.,A,Continental Tour,7171946,worldwide
women_3000sc,Sembo ALMAYEW,24 JAN 2005,9:26.39,,ETH,"Moi International Sports Centre, Kasarani, Nairobi (KEN)",Kip Keino Classic,07 MAY 2022,2022,4.,A,Continental Tour,7171946,worldwide
women_3000sc,Jackline CHEPKOECH,03 OCT 2003,9:26.55,,KEN,"Moi International Sports Centre, Kasarani, Nairobi (KEN)",Kip Keino Classic,07 MAY 2022,2022,5.,A,Continental Tour,7171946,worldwide
women_3000sc,Caren CHEBET,24 MAY 2000,9:30.42,,KEN,"Moi International Sports Centre, Kasarani, Nairobi (KEN)",Kip Keino Classic,07 MAY 2022,2022,6.,A,Continental Tour,7171946,worldwide
women_3000sc,Meseret YESHANEH,12 MAY 2005,9:33.34,,ETH,"Moi International Sports Centre, Kasarani, Nairobi (KEN)",Kip Keino Classic,07 MAY 2022,2022,7.,A,Continental Tour,7171946,worldwide
women_3000sc,Celliphine Chepteek CHESPOL,23 MAR 1999,9:38.02,,KEN,"Moi International Sports Centre, Kasarani, Nairobi (KEN)",Kip Keino Classic,07 MAY 2022,2022,8.,A,Continental Tour,7171946,worldwide
women_3000sc,Fancy CHERONO,02 AUG 2001,9:45.75,,KEN,"Moi International Sports Centre, Kasarani, Nairobi (KEN)",Kip Keino Classic,07 MAY 2022,2022,9.,A,Continental Tour,7171946,worldwide
women_3000sc,Virginia NYAMBURA,20 JUL 1993,9:46.88,,KEN,"Moi International Sports Centre, Kasarani, Nairobi (KEN)",Kip Keino Classic,07 MAY 2022,2022,10.,A,Continental Tour,7171946,worldwide
women_3000sc,Weynshet ANSA,09 APR 1996,9:48.14,,ETH,"Moi International Sports Centre, Kasarani, Nairobi (KEN)",Kip Keino Classic,07 MAY 2022,2022,11.,A,Continental Tour,7171946,worldwide
women_3000sc,Berhan GEBREGIWRGS,23 MAR 2004,9:52.73,,ETH,"Moi International Sports Centre, Kasarani, Nairobi (KEN)",Kip Keino Classic,07 MAY 2022,2022,12.,A,Continental Tour,7171946,worldwide
women_3000sc,Edna CHEPKEMOI,11 MAY 1996,9:53.58,,KEN,"Moi International Sports Centre, Kasarani, Nairobi (KEN)",Kip Keino Classic,07 MAY 2022,2022,13.,A,Continental Tour,7171946,worldwide
women_3000sc,Purity KIRUI,13 AUG 1991,9:57.40,,KEN,"Moi International Sports Centre, Kasarani, Nairobi (KEN)",Kip Keino Classic,07 MAY 2022,2022,14.,A,Continental Tour,7171946,worldwide
women_3000sc,Rosefline CHEPNGETICH,17 JUN 1997,DNF,,KEN,"Moi International Sports Centre, Kasarani, Nairobi (KEN)",Kip Keino Classic,07 MAY 2022,2022,,A,Continental Tour,7171946,worldwide
women_3000sc,Doris LEMNGOLE,05 FEB 2002,DNF,,KEN,"Moi International Sports Centre, Kasarani, Nairobi (KEN)",Kip Keino Classic,07 MAY 2022,2022,,A,Continental Tour,7171946,worldwide
women_3000sc,Thi Oanh NGUYEN,15 AUG 1995,9:52.44,,VIE,"My Dinh National Stadium, Hanoi (VIE)",31st South East Asian Games (Athletics),15 MAY 2022,2022,1.,D,Area Regional Champs,7149155,worldwide
women_3000sc,Amy CASHIN,28 JUL 1994,9:31.28,,AUS,"Hilmer Lodge Stadium, Walnut, CA (USA)",USATF Distance Classic,19 MAY 2022,2022,1.,B,Continental Tour,7180064,worldwide
women_3000sc,Katie RAINSBERGER,18 AUG 1998,9:33.23,,USA,"Hilmer Lodge Stadium, Walnut, CA (USA)",USATF Distance Classic,19 MAY 2022,2022,2.,B,Continental Tour,7180064,worldwide
women_3000sc,Jessica FURLAN,15 MAR 1990,9:34.32,,CAN,"Hilmer Lodge Stadium, Walnut, CA (USA)",USATF Distance Classic,19 MAY 2022,2022,3.,B,Continental Tour,7180064,worldwide
women_3000sc,Gabrielle JENNINGS,15 SEP 1998,9:39.90,,USA,"Hilmer Lodge Stadium, Walnut, CA (USA)",USATF Distance Classic,19 MAY 2022,2022,4.,B,Continental Tour,7180064,worldwide
women_3000sc,Brielle ERBACHER,28 FEB 1999,9:46.29,,AUS,"Hilmer Lodge Stadium, Walnut, CA (USA)",USATF Distance Classic,19 MAY 2022,2022,5.,B,Continental Tour,7180064,worldwide
women_3000sc,Yuno YAMANAKA,25 DEC 2000,9:47.22,,JPN,"Hilmer Lodge Stadium, Walnut, CA (USA)",USATF Distance Classic,19 MAY 2022,2022,6.,B,Continental Tour,7180064,worldwide
women_3000sc,Victoria GERLACH,02 JUN 1994,9:52.12,,USA,"Hilmer Lodge Stadium, Walnut, CA (USA)",USATF Distance Classic,19 MAY 2022,2022,7.,B,Continental Tour,7180064,worldwide
women_3000sc,Elizabeth BIRD,04 OCT 1994,9:30.57,,GBR,"Icahn Stadium, New York, NY (USA)",Track Night NYC,20 MAY 2022,2022,1.,C,Continental Tour,7177147,worldwide
women_3000sc,Alex TEUBEL,16 JUN 1993,9:32.81,,USA,"Icahn Stadium, New York, NY (USA)",Track Night NYC,20 MAY 2022,2022,2.,C,Continental Tour,7177147,worldwide
women_3000sc,Carmen GRAVES,27 JAN 1991,9:37.73,,USA,"Icahn Stadium, New York, NY (USA)",Track Night NYC,20 MAY 2022,2022,3.,C,Continental Tour,7177147,worldwide
women_3000sc,Alicja KONIECZEK,02 NOV 1994,9:41.54,,POL,"Icahn Stadium, New York, NY (USA)",Track Night NYC,20 MAY 2022,2022,4.,C,Continental Tour,7177147,worldwide
women_3000sc,Judi JONES,28 MAR 1997,9:44.49,,USA,"Icahn Stadium, New York, NY (USA)",Track Night NYC,20 MAY 2022,2022,5.,C,Continental Tour,7177147,worldwide
women_3000sc,Jessy LACOURSE,05 FEB 1997,9:49.61,,CAN,"Icahn Stadium, New York, NY (USA)",Track Night NYC,20 MAY 2022,2022,6.,C,Continental Tour,7177147,worldwide
women_3000sc,Allie OSTRANDER,24 DEC 1996,DNF,,USA,"Icahn Stadium, New York, NY (USA)",Track Night NYC,20 MAY 2022,2022,,C,Continental Tour,7177147,worldwide
women_3000sc,Amelie SVENSSON,28 AUG 1996,10:03.61,,SWE,Karlsruhe (GER),6. Lange Laufnacht,21 MAY 2022,2022,1.,D,Continental Tour,7176889,worldwide
women_3000sc,Olivia GÜRTH,31 MAY 2002,10:04.15,,GER,Karlsruhe (GER),6. Lange Laufnacht,21 MAY 2022,2022,2.,D,Continental Tour,7176889,worldwide
women_3000sc,Elena BURKARD,10 FEB 1992,10:08.81,,GER,Karlsruhe (GER),6. Lange Laufnacht,21 MAY 2022,2022,3.,D,Continental Tour,7176889,worldwide
women_3000sc,Sofia THØGERSEN,06 JUL 2005,10:15.73,,DEN,Karlsruhe (GER),6. Lange Laufnacht,21 MAY 2022,2022,4.,D,Continental Tour,7176889,worldwide
women_3000sc,Alice FINOT,09 FEB 1991,9:21.41,,FRA,"Estadio Iberoamericano, Huelva (ESP)",Meeting Iberoamericano,25 MAY 2022,2022,1.,C,Continental Tour,7173600,worldwide
women_3000sc,Aimee PRATT,03 OCT 1997,9:25.48,,GBR,"Estadio Iberoamericano, Huelva (ESP)",Meeting Iberoamericano,25 MAY 2022,2022,2.,C,Continental Tour,7173600,worldwide
women_3000sc,Asimarech NAGA,08 JUN 1999,9:30.46,,ETH,"Estadio Iberoamericano, Huelva (ESP)",Meeting Iberoamericano,25 MAY 2022,2022,3.,C,Continental Tour,7173600,worldwide
women_3000sc,Claudia PRISECARU,02 SEP 1997,9:33.41,,ROU,"Estadio Iberoamericano, Huelva (ESP)",Meeting Iberoamericano,25 MAY 2022,2022,4.,C,Continental Tour,7173600,worldwide
women_3000sc,Tuğba GÜVENÇ,09 JUL 1994,9:37.15,,TUR,"Estadio Iberoamericano, Huelva (ESP)",Meeting Iberoamericano,25 MAY 2022,2022,5.,C,Continental Tour,7173600,worldwide
women_3000sc,Tatiane Raquel DA SILVA,10 JUN 1990,9:39.75,,BRA,"Estadio Iberoamericano, Huelva (ESP)",Meeting Iberoamericano,25 MAY 2022,2022,6.,C,Continental Tour,7173600,worldwide
women_3000sc,Amina BETTICHE,14 DEC 1987,9:41.19,,ALG,"Estadio Iberoamericano, Huelva (ESP)",Meeting Iberoamericano,25 MAY 2022,2022,7.,C,Continental Tour,7173600,worldwide
women_3000sc,Carolina LOZANO,27 FEB 1996,9:42.88,,ARG,"Estadio Iberoamericano, Huelva (ESP)",Meeting Iberoamericano,25 MAY 2022,2022,8.,C,Continental Tour,7173600,worldwide
women_3000sc,Clara VIÑARAS,08 SEP 1993,9:44.24,,ESP,"Estadio Iberoamericano, Huelva (ESP)",Meeting Iberoamericano,25 MAY 2022,2022,9.,C,Continental Tour,7173600,worldwide
women_3000sc,June ARBEO,04 FEB 1999,9:44.83,,ESP,"Estadio Iberoamericano, Huelva (ESP)",Meeting Iberoamericano,25 MAY 2022,2022,10.,C,Continental Tour,7173600,worldwide
women_3000sc,Alexa LEMITRE,10 APR 1998,9:57.14,,FRA,"Estadio Iberoamericano, Huelva (ESP)",Meeting Iberoamericano,25 MAY 2022,2022,11.,C,Continental Tour,7173600,worldwide
women_3000sc,Blanca FERNÁNDEZ,01 APR 1992,10:00.26,,ESP,"Estadio Iberoamericano, Huelva (ESP)",Meeting Iberoamericano,25 MAY 2022,2022,12.,C,Continental Tour,7173600,worldwide
women_3000sc,Maite GONZALEZ,26 MAY 2000,10:07.37,,ESP,"Estadio Iberoamericano, Huelva (ESP)",Meeting Iberoamericano,25 MAY 2022,2022,13.,C,Continental Tour,7173600,worldwide
women_3000sc,Tereza NOVOTNÁ,20 MAY 1992,10:06.84,,CZE,"Putbosstadion, Oordegem (BEL)",IFAM Oordegem,28 MAY 2022,2022,4.,D,Continental Tour,7176894,worldwide
women_3000sc,Julia SAMUELSSON,22 MAR 1999,10:08.84,,SWE,"Putbosstadion, Oordegem (BEL)",IFAM Oordegem,28 MAY 2022,2022,5.,D,Continental Tour,7176894,worldwide
women_3000sc,Julia KORALEWSKA,17 FEB 2002,10:22.28,,POL,"Putbosstadion, Oordegem (BEL)",IFAM Oordegem,28 MAY 2022,2022,10.,D,Continental Tour,7176894,worldwide
women_3000sc,Angelina ELLIS,09 AUG 1998,10:05.62,,USA,"Vanderbilt Track, Nashville, TN (USA)",Music City Track Carnival Festival,04 JUN 2022,2022,1.,B,Continental Tour,7175377,worldwide
women_3000sc,Eilish FLANAGAN,02 MAY 1997,10:07.23,,IRL,"Vanderbilt Track, Nashville, TN (USA)",Music City Track Carnival Festival,04 JUN 2022,2022,2.,B,Continental Tour,7175377,worldwide
women_3000sc,Luiza GEGA,05 NOV 1988,9:20.79,,ALB,"Manchester Regional Arena, Manchester (GBR)",BoXX United Manchester World Athletics Continental Tour,03 JUN 2022,2022,1.,B,Continental Tour,7173590,worldwide
women_3000sc,Aimee PRATT,03 OCT 1997,9:30.46,,GBR,"Manchester Regional Arena, Manchester (GBR)",BoXX United Manchester World Athletics Continental Tour,03 JUN 2022,2022,2.,B,Continental Tour,7173590,worldwide
women_3000sc,Flavie RENOUARD,10 SEP 2000,9:36.59,,FRA,"Manchester Regional Arena, Manchester (GBR)",BoXX United Manchester World Athletics Continental Tour,03 JUN 2022,2022,3.,B,Continental Tour,7173590,worldwide
women_3000sc,Claudia PRISECARU,02 SEP 1997,9:42.79,,ROU,"Manchester Regional Arena, Manchester (GBR)",BoXX United Manchester World Athletics Continental Tour,03 JUN 2022,2022,4.,B,Continental Tour,7173590,worldwide
women_3000sc,Tatiane Raquel DA SILVA,10 JUN 1990,9:48.31,,BRA,"Manchester Regional Arena, Manchester (GBR)",BoXX United Manchester World Athletics Continental Tour,03 JUN 2022,2022,5.,B,Continental Tour,7173590,worldwide
women_3000sc,Georgia WINKCUP,09 MAY 1997,9:49.70,,AUS,"Manchester Regional Arena, Manchester (GBR)",BoXX United Manchester World Athletics Continental Tour,03 JUN 2022,2022,6.,B,Continental Tour,7173590,worldwide
women_3000sc,Emilia LILLEMO,05 JAN 2000,9:53.61,,SWE,"Manchester Regional Arena, Manchester (GBR)",BoXX United Manchester World Athletics Continental Tour,03 JUN 2022,2022,7.,B,Continental Tour,7173590,worldwide
women_3000sc,Sarah TAIT,26 MAR 2001,10:08.31,,GBR,"Manchester Regional Arena, Manchester (GBR)",BoXX United Manchester World Athletics Continental Tour,03 JUN 2022,2022,8.,B,Continental Tour,7173590,worldwide
women_3000sc,Alexa LEMITRE,10 APR 1998,10:15.55,,FRA,"Manchester Regional Arena, Manchester (GBR)",BoXX United Manchester World Athletics Continental Tour,03 JUN 2022,2022,10.,B,Continental Tour,7173590,worldwide
women_3000sc,Clara VIÑARAS,08 SEP 1993,10:20.99,,ESP,"Manchester Regional Arena, Manchester (GBR)",BoXX United Manchester World Athletics Continental Tour,03 JUN 2022,2022,11.,B,Continental Tour,7173590,worldwide
women_3000sc,Alondra NEGRON,31 MAY 1998,10:22.57,,PUR,"Pista Basilio Rodriguez, Carolina (PUR)",Puerto Rican Championships,04 JUN 2022,2022,1.,B,National Championships,7185118,worldwide
women_3000sc,Chiara SCHERRER,24 JAN 1996,9:28.68,,SUI,"Bungertstadion, Rehlingen (GER)",57. Internationales Pfingstsportfest,05 JUN 2022,2022,1.,C,Continental Tour,7173606,worldwide
women_3000sc,Michelle FINN,16 DEC 1989,9:46.93,,IRL,"Bungertstadion, Rehlingen (GER)",57. Internationales Pfingstsportfest,05 JUN 2022,2022,2.,C,Continental Tour,7173606,worldwide
women_3000sc,Stella RADFORD,25 JUN 1995,9:47.40,,AUS,"Bungertstadion, Rehlingen (GER)",57. Internationales Pfingstsportfest,05 JUN 2022,2022,3.,C,Continental Tour,7173606,worldwide
women_3000sc,Amina BETTICHE,14 DEC 1987,9:54.66,,ALG,"Bungertstadion, Rehlingen (GER)",57. Internationales Pfingstsportfest,05 JUN 2022,2022,4.,C,Continental Tour,7173606,worldwide
women_3000sc,Simone FERRAZ,12 MAR 1990,9:54.71,,BRA,"Bungertstadion, Rehlingen (GER)",57. Internationales Pfingstsportfest,05 JUN 2022,2022,5.,C,Continental Tour,7173606,worldwide
women_3000sc,Amelie SVENSSON,28 AUG 1996,10:12.39,,SWE,"Bungertstadion, Rehlingen (GER)",57. Internationales Pfingstsportfest,05 JUN 2022,2022,6.,C,Continental Tour,7173606,worldwide
women_3000sc,Agnes Thurid GERS,04 AUG 1997,10:18.68,,GER,"Bungertstadion, Rehlingen (GER)",57. Internationales Pfingstsportfest,05 JUN 2022,2022,7.,C,Continental Tour,7173606,worldwide
women_3000sc,Peruth CHEMUTAI,10 JUL 1999,9:14.00,,UGA,"FBK Stadium, Hengelo (NED)",FBK Games,06 JUN 2022,2022,1.,A,Continental Tour,7156091,worldwide
women_3000sc,Luiza GEGA,05 NOV 1988,9:15.48,,ALB,"FBK Stadium, Hengelo (NED)",FBK Games,06 JUN 2022,2022,2.,A,Continental Tour,7156091,worldwide
women_3000sc,Celliphine Chepteek CHESPOL,23 MAR 1999,9:15.89,,KEN,"FBK Stadium, Hengelo (NED)",FBK Games,06 JUN 2022,2022,3.,A,Continental Tour,7156091,worldwide
women_3000sc,Sembo ALMAYEW,24 JAN 2005,9:18.98,,ETH,"FBK Stadium, Hengelo (NED)",FBK Games,06 JUN 2022,2022,4.,A,Continental Tour,7156091,worldwide
women_3000sc,Lea MEYER,16 SEP 1997,9:26.89,,GER,"FBK Stadium, Hengelo (NED)",FBK Games,06 JUN 2022,2022,5.,A,Continental Tour,7156091,worldwide
women_3000sc,Lomi MULETA,29 NOV 2001,9:26.89,,ETH,"FBK Stadium, Hengelo (NED)",FBK Games,06 JUN 2022,2022,6.,A,Continental Tour,7156091,worldwide
women_3000sc,Purity KIRUI,13 AUG 1991,9:35.00,,KEN,"FBK Stadium, Hengelo (NED)",FBK Games,06 JUN 2022,2022,7.,A,Continental Tour,7156091,worldwide
women_3000sc,Rosefline CHEPNGETICH,17 JUN 1997,9:35.30,,KEN,"FBK Stadium, Hengelo (NED)",FBK Games,06 JUN 2022,2022,8.,A,Continental Tour,7156091,worldwide
women_3000sc,Kinga KRÓLIK,26 SEP 1999,9:36.63,,POL,"FBK Stadium, Hengelo (NED)",FBK Games,06 JUN 2022,2022,9.,A,Continental Tour,7156091,worldwide
women_3000sc,Irene SÁNCHEZ-ESCRIBANO,25 AUG 1992,9:36.82,,ESP,"FBK Stadium, Hengelo (NED)",FBK Games,06 JUN 2022,2022,10.,A,Continental Tour,7156091,worldwide
women_3000sc,Carolina ROBLES,04 DEC 1991,9:37.20,,ESP,"FBK Stadium, Hengelo (NED)",FBK Games,06 JUN 2022,2022,11.,A,Continental Tour,7156091,worldwide
women_3000sc,Nataliya STREBKOVA,06 MAR 1995,9:39.53,,UKR,"FBK Stadium, Hengelo (NED)",FBK Games,06 JUN 2022,2022,12.,A,Continental Tour,7156091,worldwide
women_3000sc,Agrie WOLE,20 JAN 1999,9:41.33,,ETH,"FBK Stadium, Hengelo (NED)",FBK Games,06 JUN 2022,2022,13.,A,Continental Tour,7156091,worldwide
women_3000sc,Virginia NYAMBURA,20 JUL 1993,DNF,,KEN,"FBK Stadium, Hengelo (NED)",FBK Games,06 JUN 2022,2022,,A,Continental Tour,7156091,worldwide
women_3000sc,Brielle ERBACHER,28 FEB 1999,9:57.60,,AUS,"Aquatic and Recreation Centre, Mackay (AUS)",Oceania Athletics Championships,08 JUN 2022,2022,1.,GL,Area Champs,7181507,worldwide
women_3000sc,Cara FEAIN-RYAN,05 FEB 1999,9:59.67,,AUS,"Aquatic and Recreation Centre, Mackay (AUS)",Oceania Athletics Championships,08 JUN 2022,2022,2.,GL,Area Champs,7181507,worldwide
women_3000sc,Werkuha GETACHEW,07 DEC 1995,9:36.81,,ETH,"Cote d'Or National Sports Complex, St Pierre (MRI)",African Athletics Championships,12 JUN 2022,2022,1.,GL,Area Champs,7147626,worldwide
women_3000sc,Zerfe WONDEMAGEGN,26 OCT 2002,9:41.37,,ETH,"Cote d'Or National Sports Complex, St Pierre (MRI)",African Athletics Championships,12 JUN 2022,2022,2.,GL,Area Champs,7147626,worldwide
women_3000sc,Caren CHEBET,24 MAY 2000,9:43.64,,KEN,"Cote d'Or National Sports Complex, St Pierre (MRI)",African Athletics Championships,12 JUN 2022,2022,3.,GL,Area Champs,7147626,worldwide
women_3000sc,Edna CHEPKEMOI,11 MAY 1996,9:44.21,,KEN,"Cote d'Or National Sports Complex, St Pierre (MRI)",African Athletics Championships,12 JUN 2022,2022,4.,GL,Area Champs,7147626,worldwide
women_3000sc,Ikram OUAAZIZ,06 JUL 1999,9:53.06,,MAR,"Cote d'Or National Sports Complex, St Pierre (MRI)",African Athletics Championships,12 JUN 2022,2022,5.,GL,Area Champs,7147626,worldwide
women_3000sc,Fancy CHERONO,02 AUG 2001,10:06.62,,KEN,"Cote d'Or National Sports Complex, St Pierre (MRI)",African Athletics Championships,12 JUN 2022,2022,6.,GL,Area Champs,7147626,worldwide
women_3000sc,Norah JERUTO,02 OCT 1995,9:16.62,,KAZ,Almaty (KAZ),Kazakh Championships,10 JUN 2022,2022,1.,B,National Championships,7186138,worldwide
women_3000sc,Daisy JEPKEMEI,13 FEB 1996,9:27.39,,KAZ,Almaty (KAZ),Kazakh Championships,10 JUN 2022,2022,2.,B,National Championships,7186138,worldwide
women_3000sc,Kinga KRÓLIK,26 SEP 1999,9:47.84,,POL,"Stadion Lekkoatletyczny, Suwalki (POL)",Polish Championships,10 JUN 2022,2022,1.,B,National Championships,7185507,worldwide
women_3000sc,Patrycja KAPAŁA,26 MAR 1997,9:48.49,,POL,"Stadion Lekkoatletyczny, Suwalki (POL)",Polish Championships,10 JUN 2022,2022,2.,B,National Championships,7185507,worldwide
women_3000sc,Alicja KONIECZEK,02 NOV 1994,9:49.10,,POL,"Stadion Lekkoatletyczny, Suwalki (POL)",Polish Championships,10 JUN 2022,2022,3.,B,National Championships,7185507,worldwide
women_3000sc,Aneta KONIECZEK,08 JUN 1997,10:03.52,,POL,"Stadion Lekkoatletyczny, Suwalki (POL)",Polish Championships,10 JUN 2022,2022,4.,B,National Championships,7185507,worldwide
women_3000sc,Agnieszka CHORZĘPA,14 JAN 2001,10:05.31,,POL,"Stadion Lekkoatletyczny, Suwalki (POL)",Polish Championships,10 JUN 2022,2022,5.,B,National Championships,7185507,worldwide
women_3000sc,Julia KORALEWSKA,17 FEB 2002,10:08.46,,POL,"Stadion Lekkoatletyczny, Suwalki (POL)",Polish Championships,10 JUN 2022,2022,6.,B,National Championships,7185507,worldwide
women_3000sc,Yuno YAMANAKA,25 DEC 2000,9:38.19,,JPN,"Yanmar Stadium Nagai, Osaka (JPN)",106th Japan Championships,11 JUN 2022,2022,1.,B,National Championships,7185367,worldwide
women_3000sc,Yuzu NISHIDE,25 JAN 2000,9:38.95,,JPN,"Yanmar Stadium Nagai, Osaka (JPN)",106th Japan Championships,11 JUN 2022,2022,2.,B,National Championships,7185367,worldwide
women_3000sc,Manami NISHIYAMA,09 DEC 1999,9:39.28,,JPN,"Yanmar Stadium Nagai, Osaka (JPN)",106th Japan Championships,11 JUN 2022,2022,3.,B,National Championships,7185367,worldwide
women_3000sc,Reimi YOSHIMURA,22 APR 2000,9:39.86,,JPN,"Yanmar Stadium Nagai, Osaka (JPN)",106th Japan Championships,11 JUN 2022,2022,4.,B,National Championships,7185367,worldwide
women_3000sc,Yukari ISHIZAWA,16 APR 1988,10:01.73,,JPN,"Yanmar Stadium Nagai, Osaka (JPN)",106th Japan Championships,11 JUN 2022,2022,5.,B,National Championships,7185367,worldwide
women_3000sc,Chikako MORI,25 NOV 1992,10:10.45,,JPN,"Yanmar Stadium Nagai, Osaka (JPN)",106th Japan Championships,11 JUN 2022,2022,6.,B,National Championships,7185367,worldwide
women_3000sc,Yuki AKIYAMA,26 AUG 1998,10:14.32,,JPN,"Yanmar Stadium Nagai, Osaka (JPN)",106th Japan Championships,11 JUN 2022,2022,8.,B,National Championships,7185367,worldwide
women_3000sc,Soyoka SEGAWA,28 JUL 1994,10:23.72,,JPN,"Yanmar Stadium Nagai, Osaka (JPN)",106th Japan Championships,11 JUN 2022,2022,10.,B,National Championships,7185367,worldwide
women_3000sc,Mika OKIMURA,22 AUG 1997,10:42.95,,JPN,"Yanmar Stadium Nagai, Osaka (JPN)",106th Japan Championships,11 JUN 2022,2022,11.,B,National Championships,7185367,worldwide
women_3000sc,Amy CASHIN,28 JUL 1994,9:27.91,,AUS,"Griswold Stadium, Portland, OR (USA)",Portland Track Festival,10 JUN 2022,2022,1.,C,Continental Tour,7184844,worldwide
women_3000sc,Courtney FRERICHS,18 JAN 1993,9:35.82,,USA,"Griswold Stadium, Portland, OR (USA)",Portland Track Festival,10 JUN 2022,2022,2.,C,Continental Tour,7184844,worldwide
women_3000sc,Colleen QUIGLEY,20 NOV 1992,9:39.27,,USA,"Griswold Stadium, Portland, OR (USA)",Portland Track Festival,10 JUN 2022,2022,3.,C,Continental Tour,7184844,worldwide
women_3000sc,Gabrielle JENNINGS,15 SEP 1998,9:48.49,,USA,"Griswold Stadium, Portland, OR (USA)",Portland Track Festival,10 JUN 2022,2022,4.,C,Continental Tour,7184844,worldwide
women_3000sc,Shuangshuang XU,06 APR 1996,9:57.00,,CHN,"Griswold Stadium, Portland, OR (USA)",Portland Track Festival,10 JUN 2022,2022,5.,C,Continental Tour,7184844,worldwide
women_3000sc,Jessy LACOURSE,05 FEB 1997,10:00.79,,CAN,"Griswold Stadium, Portland, OR (USA)",Portland Track Festival,10 JUN 2022,2022,6.,C,Continental Tour,7184844,worldwide
women_3000sc,Victoria GERLACH,02 JUN 1994,10:02.31,,USA,"Griswold Stadium, Portland, OR (USA)",Portland Track Festival,10 JUN 2022,2022,7.,C,Continental Tour,7184844,worldwide
women_3000sc,Judi JONES,28 MAR 1997,10:02.37,,USA,"Griswold Stadium, Portland, OR (USA)",Portland Track Festival,10 JUN 2022,2022,8.,C,Continental Tour,7184844,worldwide
women_3000sc,Alondra NEGRON,31 MAY 1998,10:07.26,,PUR,"Griswold Stadium, Portland, OR (USA)",Portland Track Festival,10 JUN 2022,2022,13.,C,Continental Tour,7184844,worldwide
women_3000sc,Parul CHAUDHARY,15 APR 1995,9:42.16,,IND,"Jawaharlal Nehru Stadium, Chennai (IND)",National Inter State Senior Athletics Championships,12 JUN 2022,2022,1.,B,National Championships,7185747,worldwide
women_3000sc,Sudha SINGH,25 JUN 1986,10:05.72,,IND,"Jawaharlal Nehru Stadium, Chennai (IND)",National Inter State Senior Athletics Championships,12 JUN 2022,2022,2.,B,National Championships,7185747,worldwide
women_3000sc,Tatiane Raquel DA SILVA,10 JUN 1990,9:24.38,,BRA,"Woodside Stadium, Watford (GBR)",British Milers Club International Grand Prix,11 JUN 2022,2022,1.,D,Continental Tour,7173610,worldwide
women_3000sc,Stella RADFORD,25 JUN 1995,9:44.35,,AUS,"Woodside Stadium, Watford (GBR)",British Milers Club International Grand Prix,11 JUN 2022,2022,2.,D,Continental Tour,7173610,worldwide
women_3000sc,Simone FERRAZ,12 MAR 1990,9:55.62,,BRA,"Woodside Stadium, Watford (GBR)",British Milers Club International Grand Prix,11 JUN 2022,2022,3.,D,Continental Tour,7173610,worldwide
women_3000sc,Sarah TAIT,26 MAR 2001,10:05.21,,GBR,"Woodside Stadium, Watford (GBR)",British Milers Club International Grand Prix,11 JUN 2022,2022,4.,D,Continental Tour,7173610,worldwide
women_3000sc,Linn SÖDERHOLM,05 MAY 1996,10:14.81,,SWE,"Woodside Stadium, Watford (GBR)",British Milers Club International Grand Prix,11 JUN 2022,2022,6.,D,Continental Tour,7173610,worldwide
women_3000sc,Regan YEE,04 JUL 1995,9:40.72,,CAN,"Swangard Stadium, Burnaby (CAN)",Vancouver Sun Harry Jerome International Track Classic,14 JUN 2022,2022,1.,C,Continental Tour,7174925,worldwide
women_3000sc,Jessy LACOURSE,05 FEB 1997,10:00.01,,CAN,"Swangard Stadium, Burnaby (CAN)",Vancouver Sun Harry Jerome International Track Classic,14 JUN 2022,2022,4.,C,Continental Tour,7174925,worldwide
women_3000sc,Grace FETHERSTONHAUGH,13 OCT 2000,DNF,,CAN,"Swangard Stadium, Burnaby (CAN)",Vancouver Sun Harry Jerome International Track Classic,14 JUN 2022,2022,,C,Continental Tour,7174925,worldwide
women_3000sc,Nataliya STREBKOVA,06 MAR 1995,9:33.11,,UKR,"Estadio Vallehermoso, Madrid (ESP)",Meeting Madrid,18 JUN 2022,2022,1.,B,Continental Tour,7173593,worldwide
women_3000sc,Tatiane Raquel DA SILVA,10 JUN 1990,9:40.57,,BRA,"Estadio Vallehermoso, Madrid (ESP)",Meeting Madrid,18 JUN 2022,2022,2.,B,Continental Tour,7173593,worldwide
women_3000sc,Carolina ROBLES,04 DEC 1991,9:48.00,,ESP,"Estadio Vallehermoso, Madrid (ESP)",Meeting Madrid,18 JUN 2022,2022,3.,B,Continental Tour,7173593,worldwide
women_3000sc,Blanca FERNÁNDEZ,01 APR 1992,9:51.78,,ESP,"Estadio Vallehermoso, Madrid (ESP)",Meeting Madrid,18 JUN 2022,2022,4.,B,Continental Tour,7173593,worldwide
women_3000sc,Georgia WINKCUP,09 MAY 1997,9:57.01,,AUS,"Estadio Vallehermoso, Madrid (ESP)",Meeting Madrid,18 JUN 2022,2022,5.,B,Continental Tour,7173593,worldwide
women_3000sc,Michelle FINN,16 DEC 1989,10:03.96,,IRL,"Estadio Vallehermoso, Madrid (ESP)",Meeting Madrid,18 JUN 2022,2022,6.,B,Continental Tour,7173593,worldwide
women_3000sc,Carolina LOZANO,27 FEB 1996,10:13.95,,ARG,"Estadio Vallehermoso, Madrid (ESP)",Meeting Madrid,18 JUN 2022,2022,7.,B,Continental Tour,7173593,worldwide
women_3000sc,Linn SÖDERHOLM,05 MAY 1996,10:58.55,,SWE,"Estadio Vallehermoso, Madrid (ESP)",Meeting Madrid,18 JUN 2022,2022,8.,B,Continental Tour,7173593,worldwide
women_3000sc,Irene SÁNCHEZ-ESCRIBANO,25 AUG 1992,DNF,,ESP,"Estadio Vallehermoso, Madrid (ESP)",Meeting Madrid,18 JUN 2022,2022,,B,Continental Tour,7173593,worldwide
women_3000sc,Martina MERLO,19 FEB 1993,DNF,,ITA,"Estadio Vallehermoso, Madrid (ESP)",Meeting Madrid,18 JUN 2022,2022,,B,Continental Tour,7173593,worldwide
women_3000sc,Alicja KONIECZEK,02 NOV 1994,DNF,,POL,"Estadio Vallehermoso, Madrid (ESP)",Meeting Madrid,18 JUN 2022,2022,,B,Continental Tour,7173593,worldwide
women_3000sc,June ARBEO,04 FEB 1999,DNF,,ESP,"Estadio Vallehermoso, Madrid (ESP)",Meeting Madrid,18 JUN 2022,2022,,B,Continental Tour,7173593,worldwide
women_3000sc,Luiza GEGA,05 NOV 1988,9:17.89,,ALB,"Stadionul de atletism ""Nicolae Mărășescu"", Craiova (ROU)",Balkan Championships,18 JUN 2022,2022,1.,B,Area Regional Champs,7186281,worldwide
women_3000sc,Claudia PRISECARU,02 SEP 1997,9:51.26,,ROU,"Stadionul de atletism ""Nicolae Mărășescu"", Craiova (ROU)",Balkan Championships,18 JUN 2022,2022,2.,B,Area Regional Champs,7186281,worldwide
women_3000sc,Ruken TEK,01 MAY 2001,9:51.48,,TUR,"Stadionul de atletism ""Nicolae Mărășescu"", Craiova (ROU)",Balkan Championships,18 JUN 2022,2022,3.,B,Area Regional Champs,7186281,worldwide
women_3000sc,Adva COHEN,24 MAR 1996,9:47.21,,ISR,"Hadar Yosef Stadium, Tel Aviv (ISR)",Israeli 3000mSC Championships,20 JUN 2022,2022,1.,B,National Championships,7186568,worldwide
women_3000sc,Tatiane Raquel DA SILVA,10 JUN 1990,9:39.66,,BRA,Rio de Janeiro (BRA),Brazilian Championships,23 JUN 2022,2022,1.,B,National Championships,7186657,worldwide
women_3000sc,Simone FERRAZ,12 MAR 1990,9:52.77,,BRA,Rio de Janeiro (BRA),Brazilian Championships,23 JUN 2022,2022,2.,B,National Championships,7186657,worldwide
women_3000sc,Ceili MCCABE,17 SEP 2001,9:30.69,,CAN,"McLeod Stadium, Langley (CAN)",Bell Canadian Outdoor Championships,24 JUN 2022,2022,1.,B,National Championships,7185881,worldwide
women_3000sc,Regan YEE,04 JUL 1995,9:31.77,,CAN,"McLeod Stadium, Langley (CAN)",Bell Canadian Outdoor Championships,24 JUN 2022,2022,2.,B,National Championships,7185881,worldwide
women_3000sc,Grace FETHERSTONHAUGH,13 OCT 2000,9:38.41,,CAN,"McLeod Stadium, Langley (CAN)",Bell Canadian Outdoor Championships,24 JUN 2022,2022,3.,B,National Championships,7185881,worldwide
women_3000sc,Jessy LACOURSE,05 FEB 1997,DNF,,CAN,"McLeod Stadium, Langley (CAN)",Bell Canadian Outdoor Championships,24 JUN 2022,2022,,B,National Championships,7185881,worldwide
women_3000sc,Emma COBURN,19 OCT 1990,9:10.63,,USA,"Hayward Field, Eugene, OR (USA)",Toyota USATF Outdoor Championships,26 JUN 2022,2022,1.,B,National Championships,7183837,worldwide
women_3000sc,Courtney WAYMENT,04 AUG 1998,9:12.10,,USA,"Hayward Field, Eugene, OR (USA)",Toyota USATF Outdoor Championships,26 JUN 2022,2022,2.,B,National Championships,7183837,worldwide
women_3000sc,Courtney FRERICHS,18 JAN 1993,9:16.18,,USA,"Hayward Field, Eugene, OR (USA)",Toyota USATF Outdoor Championships,26 JUN 2022,2022,3.,B,National Championships,7183837,worldwide
women_3000sc,Gabrielle JENNINGS,15 SEP 1998,9:25.05,,USA,"Hayward Field, Eugene, OR (USA)",Toyota USATF Outdoor Championships,26 JUN 2022,2022,4.,B,National Championships,7183837,worldwide
women_3000sc,Katie RAINSBERGER,18 AUG 1998,9:29.77,,USA,"Hayward Field, Eugene, OR (USA)",Toyota USATF Outdoor Championships,26 JUN 2022,2022,5.,B,National Championships,7183837,worldwide
women_3000sc,Annie RODENFELS,24 JUL 1996,9:36.45,,USA,"Hayward Field, Eugene, OR (USA)",Toyota USATF Outdoor Championships,26 JUN 2022,2022,6.,B,National Championships,7183837,worldwide
women_3000sc,Carmen GRAVES,27 JAN 1991,9:40.39,,USA,"Hayward Field, Eugene, OR (USA)",Toyota USATF Outdoor Championships,26 JUN 2022,2022,7.,B,National Championships,7183837,worldwide
women_3000sc,Valerie CONSTIEN,21 MAR 1996,9:42.96,,USA,"Hayward Field, Eugene, OR (USA)",Toyota USATF Outdoor Championships,26 JUN 2022,2022,8.,B,National Championships,7183837,worldwide
women_3000sc,Madie BOREMAN,10 JUL 1998,9:46.71,,USA,"Hayward Field, Eugene, OR (USA)",Toyota USATF Outdoor Championships,26 JUN 2022,2022,9.,B,National Championships,7183837,worldwide
women_3000sc,Kayley DELAY,07 JUN 1999,9:46.91,,USA,"Hayward Field, Eugene, OR (USA)",Toyota USATF Outdoor Championships,26 JUN 2022,2022,10.,B,National Championships,7183837,worldwide
women_3000sc,Logan JOLLY,07 JUL 1998,9:46.91,,USA,"Hayward Field, Eugene, OR (USA)",Toyota USATF Outdoor Championships,26 JUN 2022,2022,11.,B,National Championships,7183837,worldwide
women_3000sc,Abby KOHUT-JACKSON,24 JUN 1998,9:49.70,,USA,"Hayward Field, Eugene, OR (USA)",Toyota USATF Outdoor Championships,26 JUN 2022,2022,12.,B,National Championships,7183837,worldwide
women_3000sc,Alissa NIGGEMANN,1997,10:01.53,,USA,"Hayward Field, Eugene, OR (USA)",Toyota USATF Outdoor Championships,26 JUN 2022,2022,13.,B,National Championships,7183837,worldwide
women_3000sc,Colleen QUIGLEY,20 NOV 1992,DNS,,USA,"Hayward Field, Eugene, OR (USA)",Toyota USATF Outdoor Championships,26 JUN 2022,2022,,B,National Championships,7183837,worldwide
women_3000sc,Lea MEYER,16 SEP 1997,9:32.44,,GER,"Olympiastadion, Berlin (GER)",German Championships,25 JUN 2022,2022,1.,B,National Championships,7186684,worldwide
women_3000sc,Elena BURKARD,10 FEB 1992,9:50.10,,GER,"Olympiastadion, Berlin (GER)",German Championships,25 JUN 2022,2022,2.,B,National Championships,7186684,worldwide
women_3000sc,Olivia GÜRTH,31 MAY 2002,9:55.95,,GER,"Olympiastadion, Berlin (GER)",German Championships,25 JUN 2022,2022,3.,B,National Championships,7186684,worldwide
women_3000sc,Agnes Thurid GERS,04 AUG 1997,10:11.62,,GER,"Olympiastadion, Berlin (GER)",German Championships,25 JUN 2022,2022,6.,B,National Championships,7186684,worldwide
women_3000sc,Amelie SVENSSON,28 AUG 1996,10:02.99,,SWE,"Olympiastadion, Berlin (GER)",German Championships,25 JUN 2022,2022,OC,B,National Championships,7186684,worldwide
women_3000sc,Tania CHAVEZ MOSER,06 MAY 1990,10:53.58,,BOL,"Olympiastadion, Berlin (GER)",German Championships,25 JUN 2022,2022,OC,B,National Championships,7186684,worldwide
women_3000sc,Veerle BAKKER,29 SEP 1997,9:59.35,,NED,"Sportpark Orderbos, Apeldoorn (NED)",Dutch Championships,24 JUN 2022,2022,1.,B,National Championships,7186781,worldwide
women_3000sc,Elizabeth BIRD,04 OCT 1994,9:46.16,,GBR,"Manchester Regional Arena, Manchester (GBR)",Müller UK Athletics Championships,26 JUN 2022,2022,1.,B,National Championships,7184306,worldwide
women_3000sc,Aimee PRATT,03 OCT 1997,9:49.32,,GBR,"Manchester Regional Arena, Manchester (GBR)",Müller UK Athletics Championships,26 JUN 2022,2022,2.,B,National Championships,7184306,worldwide
women_3000sc,Elise THORNER,16 MAR 2001,9:57.06,,GBR,"Manchester Regional Arena, Manchester (GBR)",Müller UK Athletics Championships,26 JUN 2022,2022,3.,B,National Championships,7184306,worldwide
women_3000sc,Sarah TAIT,26 MAR 2001,10:12.21,,GBR,"Manchester Regional Arena, Manchester (GBR)",Müller UK Athletics Championships,26 JUN 2022,2022,6.,B,National Championships,7184306,worldwide
women_3000sc,Loice CHEKWEMOI,2002,10:19.82,,UGA,"Mandela National Stadium, Kampala (UGA)",Ugandan Championships,24 JUN 2022,2022,1.,B,National Championships,7186984,worldwide
women_3000sc,Juliane HVID,08 APR 1998,10:36.42,,DEN,"Skovdalen Stadion, Aalborg (DEN)",Danish Championships,25 JUN 2022,2022,1.,B,National Championships,7186831,worldwide
women_3000sc,Claudia PRISECARU,02 SEP 1997,10:01.81,,ROU,"Stadionul de atletism ""Nicolae Mărășescu"", Craiova (ROU)",Romanian Championships,25 JUN 2022,2022,1.,B,National Championships,7186821,worldwide
women_3000sc,Carolina ROBLES,04 DEC 1991,9:32.24,,ESP,"Estadio Enrique Lopez Cuenca, Nerja (ESP)",Spanish Championships,25 JUN 2022,2022,1.,B,National Championships,7186810,worldwide
women_3000sc,Irene SÁNCHEZ-ESCRIBANO,25 AUG 1992,9:32.40,,ESP,"Estadio Enrique Lopez Cuenca, Nerja (ESP)",Spanish Championships,25 JUN 2022,2022,2.,B,National Championships,7186810,worldwide
women_3000sc,Marta SERRANO,05 APR 2003,9:48.64,,ESP,"Estadio Enrique Lopez Cuenca, Nerja (ESP)",Spanish Championships,25 JUN 2022,2022,3.,B,National Championships,7186810,worldwide
women_3000sc,Carmen RIAÑO,08 NOV 2001,9:49.30,,ESP,"Estadio Enrique Lopez Cuenca, Nerja (ESP)",Spanish Championships,25 JUN 2022,2022,4.,B,National Championships,7186810,worldwide
women_3000sc,Clara VIÑARAS,08 SEP 1993,10:00.12,,ESP,"Estadio Enrique Lopez Cuenca, Nerja (ESP)",Spanish Championships,25 JUN 2022,2022,5.,B,National Championships,7186810,worldwide
women_3000sc,June ARBEO,04 FEB 1999,10:00.65,,ESP,"Estadio Enrique Lopez Cuenca, Nerja (ESP)",Spanish Championships,25 JUN 2022,2022,6.,B,National Championships,7186810,worldwide
women_3000sc,Blanca FERNÁNDEZ,01 APR 1992,DNF,,ESP,"Estadio Enrique Lopez Cuenca, Nerja (ESP)",Spanish Championships,25 JUN 2022,2022,,B,National Championships,7186810,worldwide
women_3000sc,Eline DALEMANS,25 FEB 1991,9:49.41,,BEL,"Atletiekstadium Gentbrugge, Gentbrugge (BEL)",Belgian Championships,24 JUN 2022,2022,1.,B,National Championships,7186791,worldwide
women_3000sc,Alice FINOT,09 FEB 1991,9:48.00,,FRA,"Stade Helitas, Caen (FRA)",French Championships,25 JUN 2022,2022,1.,B,National Championships,7186790,worldwide
women_3000sc,Flavie RENOUARD,10 SEP 2000,9:53.52,,FRA,"Stade Helitas, Caen (FRA)",French Championships,25 JUN 2022,2022,2.,B,National Championships,7186790,worldwide
women_3000sc,Alexa LEMITRE,10 APR 1998,9:57.94,,FRA,"Stade Helitas, Caen (FRA)",French Championships,25 JUN 2022,2022,3.,B,National Championships,7186790,worldwide
women_3000sc,Gréta VARGA,19 DEC 2003,10:12.78,,HUN,"Lantos Mihály Sportközpont, Budapest (HUN)",Hungarian Championships,25 JUN 2022,2022,1.,B,National Championships,7186789,worldwide
women_3000sc,Martina MERLO,19 FEB 1993,9:51.81,,ITA,"Stadio Guidobaldi, Rieti (ITA)",Italian Championships,26 JUN 2022,2022,1.,B,National Championships,7186733,worldwide
women_3000sc,Eleonora CURTABBI,27 MAR 1997,10:03.64,,ITA,"Stadio Guidobaldi, Rieti (ITA)",Italian Championships,26 JUN 2022,2022,3.,B,National Championships,7186733,worldwide
women_3000sc,Laura MAASIK,05 OCT 1993,10:25.71,,EST,"Kadrioru staadion, Tallinn (EST)",Estonian Championships,25 JUN 2022,2022,1.,B,National Championships,7186734,worldwide
women_3000sc,Tereza NOVOTNÁ,20 MAY 1992,10:18.55,,CZE,"Stadion U Červených domků, Hodonín (CZE)",Czech Championships,24 JUN 2022,2022,1.,B,National Championships,7186145,worldwide
women_3000sc,Greta KARINAUSKAITĖ,11 FEB 2001,9:50.26,,LTU,"Centrinis Stadionas, Šiauliai (LTU)",Lithuanian Championships,25 JUN 2022,2022,1.,B,National Championships,7186736,worldwide
women_3000sc,Derya KUNUR,01 SEP 1999,9:53.91,,TUR,"Atıcılar Atletizm Sahası, Bursa (TUR)",Turkish Championships,25 JUN 2022,2022,1.,B,National Championships,7187012,worldwide
women_3000sc,Özlem KAYA ALICI,20 APR 1990,10:02.15,,TUR,"Atıcılar Atletizm Sahası, Bursa (TUR)",Turkish Championships,25 JUN 2022,2022,2.,B,National Championships,7187012,worldwide
women_3000sc,Semra KARASLAN,18 JAN 1998,10:06.98,,TUR,"Atıcılar Atletizm Sahası, Bursa (TUR)",Turkish Championships,25 JUN 2022,2022,3.,B,National Championships,7187012,worldwide
women_3000sc,Ruken TEK,01 MAY 2001,10:11.41,,TUR,"Atıcılar Atletizm Sahası, Bursa (TUR)",Turkish Championships,25 JUN 2022,2022,4.,B,National Championships,7187012,worldwide
women_3000sc,Joana SOARES,08 SEP 1993,10:01.47,,POR,"Estádio Dr. Magalhães Pessoa, Leiria (POR)",Portuguese Championships,25 JUN 2022,2022,1.,B,National Championships,7186852,worldwide
women_3000sc,Michelle FINN,16 DEC 1989,9:57.72,,IRL,"Morton Stadium, Santry, Dublin (IRL)",Irish Championships,26 JUN 2022,2022,1.,B,National Championships,7186834,worldwide
women_3000sc,Julia SAMUELSSON,22 MAR 1999,9:54.94,,SWE,"Bislett Stadion, Oslo (NOR)",Boysen Memorial,30 JUN 2022,2022,1.,C,Continental Tour,7173603,worldwide
women_3000sc,Amelie SVENSSON,28 AUG 1996,9:57.97,,SWE,"Bislett Stadion, Oslo (NOR)",Boysen Memorial,30 JUN 2022,2022,2.,C,Continental Tour,7173603,worldwide
women_3000sc,Linn SÖDERHOLM,05 MAY 1996,10:08.69,,SWE,"Bislett Stadion, Oslo (NOR)",Boysen Memorial,30 JUN 2022,2022,3.,C,Continental Tour,7173603,worldwide
women_3000sc,Elena Adelina PANAET,05 JUN 1993,10:18.55,,ROU,"Bislett Stadion, Oslo (NOR)",Boysen Memorial,30 JUN 2022,2022,4.,C,Continental Tour,7173603,worldwide
women_3000sc,Luiza GEGA,05 NOV 1988,9:14.29,,ALB,"Stade Complexe Olympique, Oran (ALG)",XIX Mediterranean Games,01 JUL 2022,2022,1.,C,Area Regional Champs,7147629,worldwide
women_3000sc,Marwa BOUZAYANI,26 MAR 1997,9:29.11,,TUN,"Stade Complexe Olympique, Oran (ALG)",XIX Mediterranean Games,01 JUL 2022,2022,2.,C,Area Regional Champs,7147629,worldwide
women_3000sc,Ikram OUAAZIZ,06 JUL 1999,9:32.87,,MAR,"Stade Complexe Olympique, Oran (ALG)",XIX Mediterranean Games,01 JUL 2022,2022,3.,C,Area Regional Champs,7147629,worldwide
women_3000sc,Amina BETTICHE,14 DEC 1987,9:37.18,,ALG,"Stade Complexe Olympique, Oran (ALG)",XIX Mediterranean Games,01 JUL 2022,2022,4.,C,Area Regional Champs,7147629,worldwide
women_3000sc,Martina MERLO,19 FEB 1993,9:38.84,,ITA,"Stade Complexe Olympique, Oran (ALG)",XIX Mediterranean Games,01 JUL 2022,2022,5.,C,Area Regional Champs,7147629,worldwide
women_3000sc,Flavie RENOUARD,10 SEP 2000,9:52.53,,FRA,"Stade Complexe Olympique, Oran (ALG)",XIX Mediterranean Games,01 JUL 2022,2022,6.,C,Area Regional Champs,7147629,worldwide
women_3000sc,Alexa LEMITRE,10 APR 1998,9:52.65,,FRA,"Stade Complexe Olympique, Oran (ALG)",XIX Mediterranean Games,01 JUL 2022,2022,7.,C,Area Regional Champs,7147629,worldwide
women_3000sc,Clara VIÑARAS,08 SEP 1993,10:12.34,,ESP,"Stade Complexe Olympique, Oran (ALG)",XIX Mediterranean Games,01 JUL 2022,2022,9.,C,Area Regional Champs,7147629,worldwide
women_3000sc,Blanca FERNÁNDEZ,01 APR 1992,9:43.28,,ESP,"Estadi Joan Serrahima, Barcelona (ESP)",Miting Internacional d’Atletisme Ciutat de Barcelona,05 JUL 2022,2022,1.,D,Continental Tour,7185584,worldwide
women_3000sc,Eline DALEMANS,25 FEB 1991,9:46.50,,BEL,"Estadi Joan Serrahima, Barcelona (ESP)",Miting Internacional d’Atletisme Ciutat de Barcelona,05 JUL 2022,2022,2.,D,Continental Tour,7185584,worldwide
women_3000sc,June ARBEO,04 FEB 1999,10:04.76,,ESP,"Estadi Joan Serrahima, Barcelona (ESP)",Miting Internacional d’Atletisme Ciutat de Barcelona,05 JUL 2022,2022,3.,D,Continental Tour,7185584,worldwide
women_3000sc,Veerle BAKKER,29 SEP 1997,10:06.28,,NED,"Estadi Joan Serrahima, Barcelona (ESP)",Miting Internacional d’Atletisme Ciutat de Barcelona,05 JUL 2022,2022,4.,D,Continental Tour,7185584,worldwide
women_3000sc,Ikram OUAAZIZ,06 JUL 1999,9:50.54,,MAR,"Complexe Sportif Prince Moulay Abdellah, Rabat (MAR)",Moroccan Championships,23 JUL 2022,2022,1.,B,National Championships,7188932,worldwide
women_3000sc,Amelie SVENSSON,28 AUG 1996,9:58.22,,SWE,"Harjun stadion, Jyväskylä (FIN)",Motonet GP,26 JUL 2022,2022,2.,D,Continental Tour,7176910,worldwide
women_3000sc,Veerle BAKKER,29 SEP 1997,9:58.76,,NED,"Harjun stadion, Jyväskylä (FIN)",Motonet GP,26 JUL 2022,2022,3.,D,Continental Tour,7176910,worldwide
women_3000sc,Julia SAMUELSSON,22 MAR 1999,9:58.84,,SWE,"Harjun stadion, Jyväskylä (FIN)",Motonet GP,26 JUL 2022,2022,4.,D,Continental Tour,7176910,worldwide
women_3000sc,Linn SÖDERHOLM,05 MAY 1996,10:03.29,,SWE,"Harjun stadion, Jyväskylä (FIN)",Motonet GP,26 JUL 2022,2022,5.,D,Continental Tour,7176910,worldwide
women_3000sc,Amina BETTICHE,14 DEC 1987,9:52.64,,ALG,Dély Ibrahim (ALG),Algerian Championships,01 AUG 2022,2022,1.,B,National Championships,7188714,worldwide
women_3000sc,Olga VOVK,13 FEB 1993,9:09.29,,RUS,"Olympic Stadium, Cheboksary (RUS)",Russian Championships,03 AUG 2022,2022,1.,B,National Championships,7188669,worldwide
women_3000sc,Yekaterina IVONINA,14 JUN 1994,9:11.39,,RUS,"Olympic Stadium, Cheboksary (RUS)",Russian Championships,03 AUG 2022,2022,2.,B,National Championships,7188669,worldwide
women_3000sc,Anna TROPINA,03 NOV 1998,9:53.78,,ANA,"Olympic Stadium, Cheboksary (RUS)",Russian Championships,03 AUG 2022,2022,3.,B,National Championships,7188669,worldwide
women_3000sc,Linn SÖDERHOLM,05 MAY 1996,9:44.25,,SWE,"Norrköpings Friidrottsarena, Norrköping (SWE)",Swedish Championships,05 AUG 2022,2022,1.,B,National Championships,7188725,worldwide
women_3000sc,Emilia LILLEMO,05 JAN 2000,9:48.45,,SWE,"Norrköpings Friidrottsarena, Norrköping (SWE)",Swedish Championships,05 AUG 2022,2022,2.,B,National Championships,7188725,worldwide
women_3000sc,Amelie SVENSSON,28 AUG 1996,9:52.49,,SWE,"Norrköpings Friidrottsarena, Norrköping (SWE)",Swedish Championships,05 AUG 2022,2022,3.,B,National Championships,7188725,worldwide
women_3000sc,Julia SAMUELSSON,22 MAR 1999,10:04.53,,SWE,"Norrköpings Friidrottsarena, Norrköping (SWE)",Swedish Championships,05 AUG 2022,2022,4.,B,National Championships,7188725,worldwide
women_3000sc,Luiza GEGA,05 NOV 1988,9:11.31,,ALB,"Olympiastadion, München (GER)",European Athletics Championships,20 AUG 2022,2022,1.,GL,Area Champs,7147634,worldwide
women_3000sc,Lea MEYER,16 SEP 1997,9:15.35,,GER,"Olympiastadion, München (GER)",European Athletics Championships,20 AUG 2022,2022,2.,GL,Area Champs,7147634,worldwide
women_3000sc,Elizabeth BIRD,04 OCT 1994,9:23.18,,GBR,"Olympiastadion, München (GER)",European Athletics Championships,20 AUG 2022,2022,3.,GL,Area Champs,7147634,worldwide
women_3000sc,Alicja KONIECZEK,02 NOV 1994,9:25.15,,POL,"Olympiastadion, München (GER)",European Athletics Championships,20 AUG 2022,2022,4.,GL,Area Champs,7147634,worldwide
women_3000sc,Tuğba GÜVENÇ,09 JUL 1994,9:25.58,,TUR,"Olympiastadion, München (GER)",European Athletics Championships,20 AUG 2022,2022,5.,GL,Area Champs,7147634,worldwide
women_3000sc,Claudia PRISECARU,02 SEP 1997,9:35.17,,ROU,"Olympiastadion, München (GER)",European Athletics Championships,20 AUG 2022,2022,6.,GL,Area Champs,7147634,worldwide
women_3000sc,Aimee PRATT,03 OCT 1997,9:35.31,,GBR,"Olympiastadion, München (GER)",European Athletics Championships,20 AUG 2022,2022,7.,GL,Area Champs,7147634,worldwide
women_3000sc,Adva COHEN,24 MAR 1996,9:36.84,,ISR,"Olympiastadion, München (GER)",European Athletics Championships,20 AUG 2022,2022,8.,GL,Area Champs,7147634,worldwide
women_3000sc,Nataliya STREBKOVA,06 MAR 1995,9:37.52,,UKR,"Olympiastadion, München (GER)",European Athletics Championships,20 AUG 2022,2022,9.,GL,Area Champs,7147634,worldwide
women_3000sc,Irene SÁNCHEZ-ESCRIBANO,25 AUG 1992,9:37.84,,ESP,"Olympiastadion, München (GER)",European Athletics Championships,20 AUG 2022,2022,10.,GL,Area Champs,7147634,worldwide
women_3000sc,Carolina ROBLES,04 DEC 1991,9:38.96,,ESP,"Olympiastadion, München (GER)",European Athletics Championships,20 AUG 2022,2022,11.,GL,Area Champs,7147634,worldwide
women_3000sc,Elena BURKARD,10 FEB 1992,9:39.63,,GER,"Olympiastadion, München (GER)",European Athletics Championships,20 AUG 2022,2022,12.,GL,Area Champs,7147634,worldwide
women_3000sc,Chiara SCHERRER,24 JAN 1996,9:43.95,,SUI,"Olympiastadion, München (GER)",European Athletics Championships,20 AUG 2022,2022,13.,GL,Area Champs,7147634,worldwide
women_3000sc,Michelle FINN,16 DEC 1989,9:47.57,,IRL,"Olympiastadion, München (GER)",European Athletics Championships,20 AUG 2022,2022,14.,GL,Area Champs,7147634,worldwide
women_3000sc,Maruša MIŠMAŠ ZRIMŠEK,24 OCT 1994,9:53.81,,SLO,"Olympiastadion, München (GER)",European Athletics Championships,20 AUG 2022,2022,15.,GL,Area Champs,7147634,worldwide
women_3000sc,Gabrielle JENNINGS,15 SEP 1998,9:34.36,,USA,"Grand Bahama Sports Complex, Freeport (BAH)",NACAC Championships,19 AUG 2022,2022,1.,GL,Area Champs,7147635,worldwide
women_3000sc,Katie RAINSBERGER,18 AUG 1998,9:40.74,,USA,"Grand Bahama Sports Complex, Freeport (BAH)",NACAC Championships,19 AUG 2022,2022,2.,GL,Area Champs,7147635,worldwide
women_3000sc,Regan YEE,04 JUL 1995,9:54.92,,CAN,"Grand Bahama Sports Complex, Freeport (BAH)",NACAC Championships,19 AUG 2022,2022,3.,GL,Area Champs,7147635,worldwide
women_3000sc,Grace FETHERSTONHAUGH,13 OCT 2000,9:59.65,,CAN,"Grand Bahama Sports Complex, Freeport (BAH)",NACAC Championships,19 AUG 2022,2022,4.,GL,Area Champs,7147635,worldwide
women_3000sc,Alondra NEGRON,31 MAY 1998,10:35.96,,PUR,"Grand Bahama Sports Complex, Freeport (BAH)",NACAC Championships,19 AUG 2022,2022,5.,GL,Area Champs,7147635,worldwide
women_3000sc,Carmen GRAVES,27 JAN 1991,9:44.68,,USA,"Grand Bahama Sports Complex, Freeport (BAH)",NACAC Championships,19 AUG 2022,2022,OC,GL,Area Champs,7147635,worldwide
women_3000sc,Jessica FURLAN,15 MAR 1990,10:13.32,,CAN,"Grand Bahama Sports Complex, Freeport (BAH)",NACAC Championships,19 AUG 2022,2022,OC,GL,Area Champs,7147635,worldwide
women_3000sc,Linn SÖDERHOLM,05 MAY 1996,10:20.74,,SWE,"Olympiastadion, Helsinki (FIN)",Finnkampen,03 SEP 2022,2022,1.,D,Continental Tour,7176915,worldwide
women_3000sc,Amelie SVENSSON,28 AUG 1996,10:20.77,,SWE,"Olympiastadion, Helsinki (FIN)",Finnkampen,03 SEP 2022,2022,2.,D,Continental Tour,7176915,worldwide
women_3000sc,Julia SAMUELSSON,22 MAR 1999,10:20.80,,SWE,"Olympiastadion, Helsinki (FIN)",Finnkampen,03 SEP 2022,2022,3.,D,Continental Tour,7176915,worldwide
women_3000sc,Michelle FINN,16 DEC 1989,9:42.80,,IRL,"Sportcentrum, Pápa (HUN)",Hungarian GP Series - Pápa,06 SEP 2022,2022,1.,C,Continental Tour,7173625,worldwide
women_3000sc,Veerle BAKKER,29 SEP 1997,9:47.37,,NED,"Sportcentrum, Pápa (HUN)",Hungarian GP Series - Pápa,06 SEP 2022,2022,2.,C,Continental Tour,7173625,worldwide
women_3000sc,Zita URBÁN,22 APR 2002,10:01.05,,HUN,"Sportcentrum, Pápa (HUN)",Hungarian GP Series - Pápa,06 SEP 2022,2022,4.,C,Continental Tour,7173625,worldwide
women_3000sc,Lotte KRAUSE,29 NOV 1992,10:18.57,,NED,"Sportcentrum, Pápa (HUN)",Hungarian GP Series - Pápa,06 SEP 2022,2022,5.,C,Continental Tour,7173625,worldwide
women_3000sc,Gréta VARGA,19 DEC 2003,DNF,,HUN,"Sportcentrum, Pápa (HUN)",Hungarian GP Series - Pápa,06 SEP 2022,2022,,C,Continental Tour,7173625,worldwide
women_3000sc,Nataliya STREBKOVA,06 MAR 1995,9:57.84,,UKR,"Avangard Stadium, Lutsk (UKR)",Ukrainian Championships,10 SEP 2022,2022,1.,B,National Championships,7189942,worldwide
women_3000sc,Genevieve GREGSON,04 AUG 1989,9:54.62,,AUS,"QSAC State Athletics Facility, Nathan, Brisbane (AUS)",Queensland Track Classic,27 MAR 2021,2021,1.,B,Continental Tour,7156035,worldwide
women_3000sc,Brielle ERBACHER,28 FEB 1999,9:56.24,,AUS,"QSAC State Athletics Facility, Nathan, Brisbane (AUS)",Queensland Track Classic,27 MAR 2021,2021,2.,B,Continental Tour,7156035,worldwide
women_3000sc,Cara FEAIN-RYAN,05 FEB 1999,10:01.67,,AUS,"QSAC State Athletics Facility, Nathan, Brisbane (AUS)",Queensland Track Classic,27 MAR 2021,2021,3.,B,Continental Tour,7156035,worldwide
women_3000sc,Stella RADFORD,25 JUN 1995,10:02.16,,AUS,"QSAC State Athletics Facility, Nathan, Brisbane (AUS)",Queensland Track Classic,27 MAR 2021,2021,4.,B,Continental Tour,7156035,worldwide
women_3000sc,Paige CAMPBELL,27 JUN 1996,10:04.20,,AUS,"QSAC State Athletics Facility, Nathan, Brisbane (AUS)",Queensland Track Classic,27 MAR 2021,2021,5.,B,Continental Tour,7156035,worldwide
women_3000sc,Caitlin ADAMS,07 JUL 1997,10:17.40,,AUS,"QSAC State Athletics Facility, Nathan, Brisbane (AUS)",Queensland Track Classic,27 MAR 2021,2021,6.,B,Continental Tour,7156035,worldwide
women_3000sc,Mekides ABEBE,29 JAN 2001,9:51.7h,,ETH,Addis Ababa (ETH),Ethiopian Championships,09 APR 2021,2021,1.,B,National Championships,7164023,worldwide
women_3000sc,Lomi MULETA,29 NOV 2001,9:57.0h,,ETH,Addis Ababa (ETH),Ethiopian Championships,09 APR 2021,2021,2.,B,National Championships,7164023,worldwide
women_3000sc,Birtukan ADAMU,29 APR 1992,9:58.5h,,ETH,Addis Ababa (ETH),Ethiopian Championships,09 APR 2021,2021,3.,B,National Championships,7164023,worldwide
women_3000sc,Asimarech NAGA,08 JUN 1999,10:00.5h,,ETH,Addis Ababa (ETH),Ethiopian Championships,09 APR 2021,2021,4.,B,National Championships,7164023,worldwide
women_3000sc,Berhan GEBREGIWRGS,23 MAR 2004,10:06.6h,,ETH,Addis Ababa (ETH),Ethiopian Championships,09 APR 2021,2021,5.,B,National Championships,7164023,worldwide
women_3000sc,Meswat ASMARE,23 FEB 2001,10:07.7h,,ETH,Addis Ababa (ETH),Ethiopian Championships,09 APR 2021,2021,6.,B,National Championships,7164023,worldwide
women_3000sc,Carolina LOZANO,27 FEB 1996,9:56.61,,ARG,Concepción del Uruguay (ARG),Argentinian Championships,10 APR 2021,2021,1.,B,National Championships,7163968,worldwide
women_3000sc,Belén CASETTA,26 SEP 1994,10:08.31,,ARG,Concepción del Uruguay (ARG),Argentinian Championships,10 APR 2021,2021,2.,B,National Championships,7163968,worldwide
women_3000sc,Genevieve GREGSON,04 AUG 1989,9:36.85,,AUS,"SOPAC, Sydney (AUS)",Australian Championships,18 APR 2021,2021,1.,B,National Championships,7164182,worldwide
women_3000sc,Cara FEAIN-RYAN,05 FEB 1999,9:38.39,,AUS,"SOPAC, Sydney (AUS)",Australian Championships,18 APR 2021,2021,2.,B,National Championships,7164182,worldwide
women_3000sc,Paige CAMPBELL,27 JUN 1996,9:46.72,,AUS,"SOPAC, Sydney (AUS)",Australian Championships,18 APR 2021,2021,3.,B,National Championships,7164182,worldwide
women_3000sc,Brielle ERBACHER,28 FEB 1999,9:49.04,,AUS,"SOPAC, Sydney (AUS)",Australian Championships,18 APR 2021,2021,4.,B,National Championships,7164182,worldwide
women_3000sc,Stella RADFORD,25 JUN 1995,9:55.12,,AUS,"SOPAC, Sydney (AUS)",Australian Championships,18 APR 2021,2021,5.,B,National Championships,7164182,worldwide
women_3000sc,Georgia WINKCUP,09 MAY 1997,9:58.97,,AUS,"SOPAC, Sydney (AUS)",Australian Championships,18 APR 2021,2021,6.,B,National Championships,7164182,worldwide
women_3000sc,Victoria MITCHELL,25 APR 1982,10:10.70,,AUS,"SOPAC, Sydney (AUS)",Australian Championships,18 APR 2021,2021,7.,B,National Championships,7164182,worldwide
women_3000sc,Leah FALLAND,30 AUG 1992,9:32.53,,USA,"Drake Stadium, Des Moines, IA (USA)",Drake Relays,23 APR 2021,2021,1.,B,Continental Tour,7155006,worldwide
women_3000sc,Aimee PRATT,03 OCT 1997,9:35.34,,GBR,"Drake Stadium, Des Moines, IA (USA)",Drake Relays,23 APR 2021,2021,2.,B,Continental Tour,7155006,worldwide
women_3000sc,Grayson MURPHY,28 JUN 1995,9:37.25,,USA,"Drake Stadium, Des Moines, IA (USA)",Drake Relays,23 APR 2021,2021,3.,B,Continental Tour,7155006,worldwide
women_3000sc,Alicja KONIECZEK,02 NOV 1994,9:37.42,,POL,"Drake Stadium, Des Moines, IA (USA)",Drake Relays,23 APR 2021,2021,4.,B,Continental Tour,7155006,worldwide
women_3000sc,Elizabeth BIRD,04 OCT 1994,9:38.25,,GBR,"Drake Stadium, Des Moines, IA (USA)",Drake Relays,23 APR 2021,2021,5.,B,Continental Tour,7155006,worldwide
women_3000sc,Mel LAWRENCE,29 AUG 1989,9:38.39,,USA,"Drake Stadium, Des Moines, IA (USA)",Drake Relays,23 APR 2021,2021,6.,B,Continental Tour,7155006,worldwide
women_3000sc,Gabrielle JENNINGS,15 SEP 1998,9:43.48,,USA,"Drake Stadium, Des Moines, IA (USA)",Drake Relays,23 APR 2021,2021,7.,B,Continental Tour,7155006,worldwide
women_3000sc,Paige STONER,31 JAN 1996,9:48.54,,USA,"Drake Stadium, Des Moines, IA (USA)",Drake Relays,23 APR 2021,2021,8.,B,Continental Tour,7155006,worldwide
women_3000sc,Victoria GERLACH,02 JUN 1994,9:51.31,,USA,"Drake Stadium, Des Moines, IA (USA)",Drake Relays,23 APR 2021,2021,9.,B,Continental Tour,7155006,worldwide
women_3000sc,Eilish FLANAGAN,02 MAY 1997,9:52.70,,IRL,"Drake Stadium, Des Moines, IA (USA)",Drake Relays,23 APR 2021,2021,10.,B,Continental Tour,7155006,worldwide
women_3000sc,Elise THORNER,16 MAR 2001,9:52.90,,GBR,"Drake Stadium, Des Moines, IA (USA)",Drake Relays,23 APR 2021,2021,11.,B,Continental Tour,7155006,worldwide
women_3000sc,Adva COHEN,24 MAR 1996,9:56.00,,ISR,"Drake Stadium, Des Moines, IA (USA)",Drake Relays,23 APR 2021,2021,12.,B,Continental Tour,7155006,worldwide
women_3000sc,Andrea MODIN ENGESÆTH,06 JUL 2001,10:06.58,,NOR,"Drake Stadium, Des Moines, IA (USA)",Drake Relays,23 APR 2021,2021,14.,B,Continental Tour,7155006,worldwide
women_3000sc,Reimi YOSHIMURA,22 APR 2000,9:51.47,,JPN,"Municipal Stadium, Hiroshima (JPN)",Mikio Oda Memorial Athletics Meet,29 APR 2021,2021,1.,C,Continental Tour,7162932,worldwide
women_3000sc,Yuno YAMANAKA,25 DEC 2000,9:53.00,,JPN,"Municipal Stadium, Hiroshima (JPN)",Mikio Oda Memorial Athletics Meet,29 APR 2021,2021,2.,C,Continental Tour,7162932,worldwide
women_3000sc,Yukari ISHIZAWA,16 APR 1988,10:05.20,,JPN,"Municipal Stadium, Hiroshima (JPN)",Mikio Oda Memorial Athletics Meet,29 APR 2021,2021,3.,C,Continental Tour,7162932,worldwide
women_3000sc,Manami NISHIYAMA,09 DEC 1999,10:09.23,,JPN,"Municipal Stadium, Hiroshima (JPN)",Mikio Oda Memorial Athletics Meet,29 APR 2021,2021,4.,C,Continental Tour,7162932,worldwide
women_3000sc,Soyoka SEGAWA,28 JUL 1994,10:11.30,,JPN,"Municipal Stadium, Hiroshima (JPN)",Mikio Oda Memorial Athletics Meet,29 APR 2021,2021,5.,C,Continental Tour,7162932,worldwide
women_3000sc,Yumi YOSHIKAWA,31 OCT 1990,10:14.53,,JPN,"Municipal Stadium, Hiroshima (JPN)",Mikio Oda Memorial Athletics Meet,29 APR 2021,2021,6.,C,Continental Tour,7162932,worldwide
women_3000sc,Yuzu NISHIDE,25 JAN 2000,10:18.50,,JPN,"Municipal Stadium, Hiroshima (JPN)",Mikio Oda Memorial Athletics Meet,29 APR 2021,2021,7.,C,Continental Tour,7162932,worldwide
women_3000sc,Chikako MORI,25 NOV 1992,10:19.74,,JPN,"Municipal Stadium, Hiroshima (JPN)",Mikio Oda Memorial Athletics Meet,29 APR 2021,2021,8.,C,Continental Tour,7162932,worldwide
women_3000sc,Yuki AKIYAMA,26 AUG 1998,10:37.21,,JPN,"Municipal Stadium, Hiroshima (JPN)",Mikio Oda Memorial Athletics Meet,29 APR 2021,2021,11.,C,Continental Tour,7162932,worldwide
women_3000sc,Courtney FRERICHS,18 JAN 1993,9:27.70,,USA,"Hilmer Lodge Stadium, Walnut, CA (USA)",USATF Golden Games,09 MAY 2021,2021,1.,A,Continental Tour,7163086,worldwide
women_3000sc,Leah FALLAND,30 AUG 1992,9:28.72,,USA,"Hilmer Lodge Stadium, Walnut, CA (USA)",USATF Golden Games,09 MAY 2021,2021,2.,A,Continental Tour,7163086,worldwide
women_3000sc,Marisa HOWARD,10 AUG 1992,9:29.65,,USA,"Hilmer Lodge Stadium, Walnut, CA (USA)",USATF Golden Games,09 MAY 2021,2021,3.,A,Continental Tour,7163086,worldwide
women_3000sc,Alicja KONIECZEK,02 NOV 1994,9:33.42,,POL,"Hilmer Lodge Stadium, Walnut, CA (USA)",USATF Golden Games,09 MAY 2021,2021,4.,A,Continental Tour,7163086,worldwide
women_3000sc,Grayson MURPHY,28 JUN 1995,9:33.79,,USA,"Hilmer Lodge Stadium, Walnut, CA (USA)",USATF Golden Games,09 MAY 2021,2021,5.,A,Continental Tour,7163086,worldwide
women_3000sc,Valerie CONSTIEN,21 MAR 1996,9:35.73,,USA,"Hilmer Lodge Stadium, Walnut, CA (USA)",USATF Golden Games,09 MAY 2021,2021,6.,A,Continental Tour,7163086,worldwide
women_3000sc,Elizabeth BIRD,04 OCT 1994,9:36.36,,GBR,"Hilmer Lodge Stadium, Walnut, CA (USA)",USATF Golden Games,09 MAY 2021,2021,7.,A,Continental Tour,7163086,worldwide
women_3000sc,Mel LAWRENCE,29 AUG 1989,9:36.67,,USA,"Hilmer Lodge Stadium, Walnut, CA (USA)",USATF Golden Games,09 MAY 2021,2021,8.,A,Continental Tour,7163086,worldwide
women_3000sc,Charlotte PROUSE,09 FEB 1997,9:39.78,,CAN,"Hilmer Lodge Stadium, Walnut, CA (USA)",USATF Golden Games,09 MAY 2021,2021,9.,A,Continental Tour,7163086,worldwide
women_3000sc,Emily OREN,20 SEP 1993,9:58.66,,USA,"Hilmer Lodge Stadium, Walnut, CA (USA)",USATF Golden Games,09 MAY 2021,2021,10.,A,Continental Tour,7163086,worldwide
women_3000sc,Aimee PRATT,03 OCT 1997,DNS,,GBR,"Hilmer Lodge Stadium, Walnut, CA (USA)",USATF Golden Games,09 MAY 2021,2021,,A,Continental Tour,7163086,worldwide
women_3000sc,Joanne KIPKEMOI,27 NOV 1993,9:39.29,,KEN,"National Stadium, Tokyo (JPN)","""READY STEADY TOKYO - Athletics""",09 MAY 2021,2021,1.,A,Continental Tour,7158571,worldwide
women_3000sc,Yuno YAMANAKA,25 DEC 2000,9:46.72,,JPN,"National Stadium, Tokyo (JPN)","""READY STEADY TOKYO - Athletics""",09 MAY 2021,2021,2.,A,Continental Tour,7158571,worldwide
women_3000sc,Reimi YOSHIMURA,22 APR 2000,9:52.43,,JPN,"National Stadium, Tokyo (JPN)","""READY STEADY TOKYO - Athletics""",09 MAY 2021,2021,3.,A,Continental Tour,7158571,worldwide
women_3000sc,Yui YABUTA,04 MAR 1996,9:52.54,,JPN,"National Stadium, Tokyo (JPN)","""READY STEADY TOKYO - Athletics""",09 MAY 2021,2021,4.,A,Continental Tour,7158571,worldwide
women_3000sc,Chikako MORI,25 NOV 1992,9:58.40,,JPN,"National Stadium, Tokyo (JPN)","""READY STEADY TOKYO - Athletics""",09 MAY 2021,2021,5.,A,Continental Tour,7158571,worldwide
women_3000sc,Yukari ISHIZAWA,16 APR 1988,10:04.28,,JPN,"National Stadium, Tokyo (JPN)","""READY STEADY TOKYO - Athletics""",09 MAY 2021,2021,6.,A,Continental Tour,7158571,worldwide
women_3000sc,Soyoka SEGAWA,28 JUL 1994,10:04.90,,JPN,"National Stadium, Tokyo (JPN)","""READY STEADY TOKYO - Athletics""",09 MAY 2021,2021,7.,A,Continental Tour,7158571,worldwide
women_3000sc,Yumi YOSHIKAWA,31 OCT 1990,10:09.55,,JPN,"National Stadium, Tokyo (JPN)","""READY STEADY TOKYO - Athletics""",09 MAY 2021,2021,8.,A,Continental Tour,7158571,worldwide
women_3000sc,Nana SATO,24 SEP 1989,10:15.30,,JPN,"National Stadium, Tokyo (JPN)","""READY STEADY TOKYO - Athletics""",09 MAY 2021,2021,9.,A,Continental Tour,7158571,worldwide
women_3000sc,Yuki AKIYAMA,26 AUG 1998,10:21.72,,JPN,"National Stadium, Tokyo (JPN)","""READY STEADY TOKYO - Athletics""",09 MAY 2021,2021,11.,A,Continental Tour,7158571,worldwide
women_3000sc,Yuzu NISHIDE,25 JAN 2000,10:36.76,,JPN,"National Stadium, Tokyo (JPN)","""READY STEADY TOKYO - Athletics""",09 MAY 2021,2021,12.,A,Continental Tour,7158571,worldwide
women_3000sc,Nilani RATHNAYAKA,08 AUG 1990,9:53.96,,SRI,"Sugathadasa Stadium, Colombo (SRI)",Sri Lankan Championships,21 MAY 2021,2021,1.,B,National Championships,7166375,worldwide
women_3000sc,Irene VAN DER REIJKEN,13 AUG 1993,9:33.83,,NED,"Bungertstadion, Rehlingen (GER)",56. Internationales Pfingstsportfest,23 MAY 2021,2021,1.,C,Continental Tour,7155941,worldwide
women_3000sc,Elena BURKARD,10 FEB 1992,9:35.92,,GER,"Bungertstadion, Rehlingen (GER)",56. Internationales Pfingstsportfest,23 MAY 2021,2021,2.,C,Continental Tour,7155941,worldwide
women_3000sc,Lea MEYER,16 SEP 1997,9:37.88,,GER,"Bungertstadion, Rehlingen (GER)",56. Internationales Pfingstsportfest,23 MAY 2021,2021,3.,C,Continental Tour,7155941,worldwide
women_3000sc,Eline DALEMANS,25 FEB 1991,9:59.69,,BEL,"Bungertstadion, Rehlingen (GER)",56. Internationales Pfingstsportfest,23 MAY 2021,2021,4.,C,Continental Tour,7155941,worldwide
women_3000sc,Lucie SEKANOVÁ,05 AUG 1989,10:08.06,,CZE,"Bungertstadion, Rehlingen (GER)",56. Internationales Pfingstsportfest,23 MAY 2021,2021,5.,C,Continental Tour,7155941,worldwide
women_3000sc,María José PÉREZ,12 JUN 1992,10:18.15,,ESP,"Bungertstadion, Rehlingen (GER)",56. Internationales Pfingstsportfest,23 MAY 2021,2021,7.,C,Continental Tour,7155941,worldwide
women_3000sc,Paula SCHNEIDERS,20 FEB 2001,10:19.15,,GER,"Bungertstadion, Rehlingen (GER)",56. Internationales Pfingstsportfest,23 MAY 2021,2021,8.,C,Continental Tour,7155941,worldwide
women_3000sc,Tatiane Raquel DA SILVA,10 JUN 1990,9:38.71,,BRA,"Estadio Alberto Spencer Herrera, Guayaquil (ECU)",South American Championships,30 MAY 2021,2021,1.,GL,Area Champs,7166669,worldwide
women_3000sc,Simone FERRAZ,12 MAR 1990,9:45.15,,BRA,"Estadio Alberto Spencer Herrera, Guayaquil (ECU)",South American Championships,30 MAY 2021,2021,2.,GL,Area Champs,7166669,worldwide
women_3000sc,Belén CASETTA,26 SEP 1994,9:45.79,,ARG,"Estadio Alberto Spencer Herrera, Guayaquil (ECU)",South American Championships,30 MAY 2021,2021,3.,GL,Area Champs,7166669,worldwide
women_3000sc,Carolina LOZANO,27 FEB 1996,10:01.53,,ARG,"Estadio Alberto Spencer Herrera, Guayaquil (ECU)",South American Championships,30 MAY 2021,2021,4.,GL,Area Champs,7166669,worldwide
women_3000sc,Rosefline CHEPNGETICH,17 JUN 1997,9:24.19,,KEN,"Estadio Iberoamericano, Huelva (ESP)",Meeting Iberoamericano,03 JUN 2021,2021,1.,C,Continental Tour,7155963,worldwide
women_3000sc,Aimee PRATT,03 OCT 1997,9:25.89,,GBR,"Estadio Iberoamericano, Huelva (ESP)",Meeting Iberoamericano,03 JUN 2021,2021,2.,C,Continental Tour,7155963,worldwide
women_3000sc,Irene VAN DER REIJKEN,13 AUG 1993,9:27.38,,NED,"Estadio Iberoamericano, Huelva (ESP)",Meeting Iberoamericano,03 JUN 2021,2021,3.,C,Continental Tour,7155963,worldwide
women_3000sc,Carolina ROBLES,04 DEC 1991,9:34.87,,ESP,"Estadio Iberoamericano, Huelva (ESP)",Meeting Iberoamericano,03 JUN 2021,2021,4.,C,Continental Tour,7155963,worldwide
women_3000sc,Özlem KAYA ALICI,20 APR 1990,9:47.38,,TUR,"Estadio Iberoamericano, Huelva (ESP)",Meeting Iberoamericano,03 JUN 2021,2021,5.,C,Continental Tour,7155963,worldwide
women_3000sc,Clara VIÑARAS,08 SEP 1993,9:49.38,,ESP,"Estadio Iberoamericano, Huelva (ESP)",Meeting Iberoamericano,03 JUN 2021,2021,6.,C,Continental Tour,7155963,worldwide
women_3000sc,Lidia CAMPO,26 MAR 1991,9:55.77,,ESP,"Estadio Iberoamericano, Huelva (ESP)",Meeting Iberoamericano,03 JUN 2021,2021,7.,C,Continental Tour,7155963,worldwide
women_3000sc,María José PÉREZ,12 JUN 1992,10:02.14,,ESP,"Estadio Iberoamericano, Huelva (ESP)",Meeting Iberoamericano,03 JUN 2021,2021,8.,C,Continental Tour,7155963,worldwide
women_3000sc,Amina BETTICHE,14 DEC 1987,10:04.12,,ALG,"Estadio Iberoamericano, Huelva (ESP)",Meeting Iberoamericano,03 JUN 2021,2021,9.,C,Continental Tour,7155963,worldwide
women_3000sc,Fancy CHERONO,02 AUG 2001,DNF,,KEN,"Estadio Iberoamericano, Huelva (ESP)",Meeting Iberoamericano,03 JUN 2021,2021,,C,Continental Tour,7155963,worldwide
women_3000sc,Chiara SCHERRER,24 JAN 1996,9:54.18,,SUI,"Stadion Buchholz, Uster (SUI)","Swiss 10,000m/Steeple Championships",04 JUN 2021,2021,1.,B,National Championships,7167413,worldwide
women_3000sc,Gesa Felicitas KRAUSE,03 AUG 1992,9:31.36,,GER,"Eintracht-Stadion, Braunschweig (GER)",German Championships,05 JUN 2021,2021,1.,B,National Championships,7167137,worldwide
women_3000sc,Lea MEYER,16 SEP 1997,9:41.02,,GER,"Eintracht-Stadion, Braunschweig (GER)",German Championships,05 JUN 2021,2021,2.,B,National Championships,7167137,worldwide
women_3000sc,Paula SCHNEIDERS,20 FEB 2001,10:06.44,,GER,"Eintracht-Stadion, Braunschweig (GER)",German Championships,05 JUN 2021,2021,5.,B,National Championships,7167137,worldwide
women_3000sc,Amelie SVENSSON,28 AUG 1996,10:18.19,,SWE,"Eintracht-Stadion, Braunschweig (GER)",German Championships,05 JUN 2021,2021,OC,B,National Championships,7167137,worldwide
women_3000sc,Özlem KAYA ALICI,20 APR 1990,9:49.79,,TUR,"Atıcılar Atletizm Sahası, Bursa (TUR)",Turkish Championships,06 JUN 2021,2021,1.,B,National Championships,7167423,worldwide
women_3000sc,Derya KUNUR,01 SEP 1999,10:16.98,,TUR,"Atıcılar Atletizm Sahası, Bursa (TUR)",Turkish Championships,06 JUN 2021,2021,3.,B,National Championships,7167423,worldwide
women_3000sc,Ruken TEK,01 MAY 2001,10:48.99,,TUR,"Atıcılar Atletizm Sahası, Bursa (TUR)",Turkish Championships,06 JUN 2021,2021,7.,B,National Championships,7167423,worldwide
women_3000sc,Tuğba GÜVENÇ,09 JUL 1994,DNF,,TUR,"Atıcılar Atletizm Sahası, Bursa (TUR)",Turkish Championships,06 JUN 2021,2021,,B,National Championships,7167423,worldwide
women_3000sc,Stella RUTTO,1999,9:49.68,,ROU,"Atıcılar Atletizm Sahası, Bursa (TUR)",Turkish Championships,06 JUN 2021,2021,OC,B,National Championships,7167423,worldwide
women_3000sc,Rihab DHAHRI,09 SEP 2003,10:24.78,,TUN,"Atıcılar Atletizm Sahası, Bursa (TUR)",Turkish Championships,06 JUN 2021,2021,OC,B,National Championships,7167423,worldwide
women_3000sc,Elena Adelina PANAET,05 JUN 1993,9:49.97,,ROU,"Cluj Arena, Cluj-Napoca (ROU)",Romanian Championships,04 JUN 2021,2021,1.,B,National Championships,7167179,worldwide
women_3000sc,Claudia PRISECARU,02 SEP 1997,9:59.17,,ROU,"Cluj Arena, Cluj-Napoca (ROU)",Romanian Championships,04 JUN 2021,2021,2.,B,National Championships,7167179,worldwide
women_3000sc,Rosefline CHEPNGETICH,17 JUN 1997,9:33.51,,KEN,"Grosics Gyula Stadion, Tatabánya (HUN)",Hungarian GP Series Tatabánya,05 JUN 2021,2021,1.,C,Continental Tour,7158245,worldwide
women_3000sc,Fancy CHERONO,02 AUG 2001,9:42.46,,KEN,"Grosics Gyula Stadion, Tatabánya (HUN)",Hungarian GP Series Tatabánya,05 JUN 2021,2021,2.,C,Continental Tour,7158245,worldwide
women_3000sc,Viktória WAGNER-GYÜRKÉS,15 OCT 1992,9:45.04,,HUN,"Grosics Gyula Stadion, Tatabánya (HUN)",Hungarian GP Series Tatabánya,05 JUN 2021,2021,3.,C,Continental Tour,7158245,worldwide
women_3000sc,Lili Anna TÓTH,17 SEP 1998,9:47.02,,HUN,"Grosics Gyula Stadion, Tatabánya (HUN)",Hungarian GP Series Tatabánya,05 JUN 2021,2021,4.,C,Continental Tour,7158245,worldwide
women_3000sc,Kinga KRÓLIK,26 SEP 1999,9:54.08,,POL,"Grosics Gyula Stadion, Tatabánya (HUN)",Hungarian GP Series Tatabánya,05 JUN 2021,2021,5.,C,Continental Tour,7158245,worldwide
women_3000sc,Matylda KOWAL,11 JAN 1989,10:02.27,,POL,"Grosics Gyula Stadion, Tatabánya (HUN)",Hungarian GP Series Tatabánya,05 JUN 2021,2021,6.,C,Continental Tour,7158245,worldwide
women_3000sc,Gréta VARGA,19 DEC 2003,10:05.16,,HUN,"Grosics Gyula Stadion, Tatabánya (HUN)",Hungarian GP Series Tatabánya,05 JUN 2021,2021,7.,C,Continental Tour,7158245,worldwide
women_3000sc,Mariola ŚLUSARCZYK,04 JAN 1990,DNF,,POL,"Grosics Gyula Stadion, Tatabánya (HUN)",Hungarian GP Series Tatabánya,05 JUN 2021,2021,,C,Continental Tour,7158245,worldwide
women_3000sc,Winfred YAVI,31 DEC 1999,9:17.55,,BRN,"Paavo Nurmen Stadion, Turku (FIN)",Paavo Nurmi Games,07 JUN 2021,2021,1.,A,Continental Tour,7147595,worldwide
women_3000sc,Michelle FINN,16 DEC 1989,9:29.25,,IRL,"Paavo Nurmen Stadion, Turku (FIN)",Paavo Nurmi Games,07 JUN 2021,2021,2.,A,Continental Tour,7147595,worldwide
women_3000sc,Fancy CHERONO,02 AUG 2001,9:33.49,,KEN,"Paavo Nurmen Stadion, Turku (FIN)",Paavo Nurmi Games,07 JUN 2021,2021,3.,A,Continental Tour,7147595,worldwide
women_3000sc,Claire PALOU,26 DEC 2001,9:34.10,,FRA,"Paavo Nurmen Stadion, Turku (FIN)",Paavo Nurmi Games,07 JUN 2021,2021,4.,A,Continental Tour,7147595,worldwide
women_3000sc,Maruša MIŠMAŠ ZRIMŠEK,24 OCT 1994,DNF,,SLO,"Paavo Nurmen Stadion, Turku (FIN)",Paavo Nurmi Games,07 JUN 2021,2021,,A,Continental Tour,7147595,worldwide
women_3000sc,Mariola ŚLUSARCZYK,04 JAN 1990,DNF,,POL,"Paavo Nurmen Stadion, Turku (FIN)",Paavo Nurmi Games,07 JUN 2021,2021,,A,Continental Tour,7147595,worldwide
women_3000sc,Rosefline CHEPNGETICH,17 JUN 1997,DNF,,KEN,"Paavo Nurmen Stadion, Turku (FIN)",Paavo Nurmi Games,07 JUN 2021,2021,,A,Continental Tour,7147595,worldwide
women_3000sc,Tatiane Raquel DA SILVA,10 JUN 1990,9:42.49,,BRA,"COTP Stadium, São Paulo (BRA)",Brazilian Championships,11 JUN 2021,2021,1.,B,National Championships,7167518,worldwide
women_3000sc,Simone FERRAZ,12 MAR 1990,9:52.25,,BRA,"COTP Stadium, São Paulo (BRA)",Brazilian Championships,11 JUN 2021,2021,2.,B,National Championships,7167518,worldwide
women_3000sc,Shuangshuang XU,06 APR 1996,9:30.39,,CHN,"Shangyu Stadium, Shaoxing (CHN)",Chinese Championships,13 JUN 2021,2021,1.,B,National Championships,7167917,worldwide
women_3000sc,Xinyan ZHANG,09 FEB 1994,10:02.27,,CHN,"Shangyu Stadium, Shaoxing (CHN)",Chinese Championships,13 JUN 2021,2021,2.,B,National Championships,7167917,worldwide
women_3000sc,Xia LUO,10 MAY 2000,10:13.41,,CHN,"Shangyu Stadium, Shaoxing (CHN)",Chinese Championships,13 JUN 2021,2021,3.,B,National Championships,7167917,worldwide
women_3000sc,Alondra NEGRON,31 MAY 1998,10:35.02,,PUR,"Pista Basilio Rodriguez, Carolina (PUR)",Puerto Rican Championships,11 JUN 2021,2021,1.,B,National Championships,7167864,worldwide
women_3000sc,Carolina LOZANO,27 FEB 1996,10:15.15,,ARG,"Pista Basilio Rodriguez, Carolina (PUR)",Puerto Rican Championships,11 JUN 2021,2021,OC,B,National Championships,7167864,worldwide
women_3000sc,Marwa BOUZAYANI,26 MAR 1997,9:48.05,,TUN,"Stadion Radés, Radés (TUN)",Arab Championships,19 JUN 2021,2021,1.,C,Area Regional Champs,7168189,worldwide
women_3000sc,Rihab DHAHRI,09 SEP 2003,10:10.15,,TUN,"Stadion Radés, Radés (TUN)",Arab Championships,19 JUN 2021,2021,2.,C,Area Regional Champs,7168189,worldwide
women_3000sc,Fatiha SÁNCHEZ,08 MAR 1983,10:18.95,,ALG,"Stadion Radés, Radés (TUN)",Arab Championships,19 JUN 2021,2021,3.,C,Area Regional Champs,7168189,worldwide
women_3000sc,Carolina ROBLES,04 DEC 1991,9:34.30,,ESP,"Estadio Vallehermoso, Madrid (ESP)",Meeting Madrid 2021,19 JUN 2021,2021,1.,B,Continental Tour,7155933,worldwide
women_3000sc,Lili Anna TÓTH,17 SEP 1998,9:41.16,,HUN,"Estadio Vallehermoso, Madrid (ESP)",Meeting Madrid 2021,19 JUN 2021,2021,2.,B,Continental Tour,7155933,worldwide
women_3000sc,Tatiane Raquel DA SILVA,10 JUN 1990,9:43.09,,BRA,"Estadio Vallehermoso, Madrid (ESP)",Meeting Madrid 2021,19 JUN 2021,2021,3.,B,Continental Tour,7155933,worldwide
women_3000sc,Adva COHEN,24 MAR 1996,9:48.84,,ISR,"Estadio Vallehermoso, Madrid (ESP)",Meeting Madrid 2021,19 JUN 2021,2021,4.,B,Continental Tour,7155933,worldwide
women_3000sc,Eilish FLANAGAN,02 MAY 1997,9:48.88,,IRL,"Estadio Vallehermoso, Madrid (ESP)",Meeting Madrid 2021,19 JUN 2021,2021,5.,B,Continental Tour,7155933,worldwide
women_3000sc,Blanca FERNÁNDEZ,01 APR 1992,9:50.18,,ESP,"Estadio Vallehermoso, Madrid (ESP)",Meeting Madrid 2021,19 JUN 2021,2021,6.,B,Continental Tour,7155933,worldwide
women_3000sc,Martina MERLO,19 FEB 1993,9:54.00,,ITA,"Estadio Vallehermoso, Madrid (ESP)",Meeting Madrid 2021,19 JUN 2021,2021,7.,B,Continental Tour,7155933,worldwide
women_3000sc,Matylda KOWAL,11 JAN 1989,9:58.84,,POL,"Estadio Vallehermoso, Madrid (ESP)",Meeting Madrid 2021,19 JUN 2021,2021,8.,B,Continental Tour,7155933,worldwide
women_3000sc,Lidia CAMPO,26 MAR 1991,10:13.53,,ESP,"Estadio Vallehermoso, Madrid (ESP)",Meeting Madrid 2021,19 JUN 2021,2021,9.,B,Continental Tour,7155933,worldwide
women_3000sc,Belén CASETTA,26 SEP 1994,10:21.59,,ARG,"Estadio Vallehermoso, Madrid (ESP)",Meeting Madrid 2021,19 JUN 2021,2021,10.,B,Continental Tour,7155933,worldwide
women_3000sc,Marta SERRANO,05 APR 2003,10:42.20,,ESP,"Estadio Vallehermoso, Madrid (ESP)",Meeting Madrid 2021,19 JUN 2021,2021,11.,B,Continental Tour,7155933,worldwide
women_3000sc,Clara VIÑARAS,08 SEP 1993,DNF,,ESP,"Estadio Vallehermoso, Madrid (ESP)",Meeting Madrid 2021,19 JUN 2021,2021,,B,Continental Tour,7155933,worldwide
women_3000sc,María José PÉREZ,12 JUN 1992,DNF,,ESP,"Estadio Vallehermoso, Madrid (ESP)",Meeting Madrid 2021,19 JUN 2021,2021,,B,Continental Tour,7155933,worldwide
women_3000sc,Mariola ŚLUSARCZYK,04 JAN 1990,DNF,,POL,"Estadio Vallehermoso, Madrid (ESP)",Meeting Madrid 2021,19 JUN 2021,2021,,B,Continental Tour,7155933,worldwide
women_3000sc,Emma COBURN,19 OCT 1990,9:09.41,,USA,"Hayward Field, Eugene, OR (USA)",U.S. Olympic Trials,24 JUN 2021,2021,1.,B,National Championships,7163119,worldwide
women_3000sc,Courtney FRERICHS,18 JAN 1993,9:11.79,,USA,"Hayward Field, Eugene, OR (USA)",U.S. Olympic Trials,24 JUN 2021,2021,2.,B,National Championships,7163119,worldwide
women_3000sc,Valerie CONSTIEN,21 MAR 1996,9:18.34,,USA,"Hayward Field, Eugene, OR (USA)",U.S. Olympic Trials,24 JUN 2021,2021,3.,B,National Championships,7163119,worldwide
women_3000sc,Courtney WAYMENT,04 AUG 1998,9:23.09,,USA,"Hayward Field, Eugene, OR (USA)",U.S. Olympic Trials,24 JUN 2021,2021,4.,B,National Championships,7163119,worldwide
women_3000sc,Marisa HOWARD,10 AUG 1992,9:24.74,,USA,"Hayward Field, Eugene, OR (USA)",U.S. Olympic Trials,24 JUN 2021,2021,5.,B,National Championships,7163119,worldwide
women_3000sc,Grayson MURPHY,28 JUN 1995,9:25.55,,USA,"Hayward Field, Eugene, OR (USA)",U.S. Olympic Trials,24 JUN 2021,2021,6.,B,National Championships,7163119,worldwide
women_3000sc,Mel LAWRENCE,29 AUG 1989,9:26.15,,USA,"Hayward Field, Eugene, OR (USA)",U.S. Olympic Trials,24 JUN 2021,2021,7.,B,National Championships,7163119,worldwide
women_3000sc,Allie OSTRANDER,24 DEC 1996,9:26.96,,USA,"Hayward Field, Eugene, OR (USA)",U.S. Olympic Trials,24 JUN 2021,2021,8.,B,National Championships,7163119,worldwide
women_3000sc,Leah FALLAND,30 AUG 1992,9:27.06,,USA,"Hayward Field, Eugene, OR (USA)",U.S. Olympic Trials,24 JUN 2021,2021,9.,B,National Championships,7163119,worldwide
women_3000sc,Katie RAINSBERGER,18 AUG 1998,9:30.18,,USA,"Hayward Field, Eugene, OR (USA)",U.S. Olympic Trials,24 JUN 2021,2021,10.,B,National Championships,7163119,worldwide
women_3000sc,Summer ALLEN,,9:40.22,,USA,"Hayward Field, Eugene, OR (USA)",U.S. Olympic Trials,24 JUN 2021,2021,11.,B,National Championships,7163119,worldwide
women_3000sc,Alex WILSON,16 JUN 1993,9:40.62,,USA,"Hayward Field, Eugene, OR (USA)",U.S. Olympic Trials,24 JUN 2021,2021,12.,B,National Championships,7163119,worldwide
women_3000sc,Mahala NORRIS,,9:41.59,,USA,"Hayward Field, Eugene, OR (USA)",U.S. Olympic Trials,24 JUN 2021,2021,13.,B,National Championships,7163119,worldwide
women_3000sc,Katy KUNC,18 OCT 1995,9:47.82,,USA,"Hayward Field, Eugene, OR (USA)",U.S. Olympic Trials,24 JUN 2021,2021,14.,B,National Championships,7163119,worldwide
women_3000sc,Nataliya STREBKOVA,06 MAR 1995,9:39.08,,UKR,"Avangard Stadium, Lutsk (UKR)",Ukrainian Championships,19 JUN 2021,2021,1.,B,National Championships,7168175,worldwide
women_3000sc,Yekaterina IVONINA,14 JUN 1994,9:13.76,,RUS,"Olympic Stadium, Cheboksary (RUS)",Russian Championships,24 JUN 2021,2021,1.,B,National Championships,7168513,worldwide
women_3000sc,Natalya ARISTARKHOVA,31 OCT 1989,9:23.94,,RUS,"Olympic Stadium, Cheboksary (RUS)",Russian Championships,24 JUN 2021,2021,2.,B,National Championships,7168513,worldwide
women_3000sc,Olga VOVK,13 FEB 1993,9:25.65,,RUS,"Olympic Stadium, Cheboksary (RUS)",Russian Championships,24 JUN 2021,2021,3.,B,National Championships,7168513,worldwide
women_3000sc,Anna TROPINA,03 NOV 1998,9:26.86,,ANA,"Olympic Stadium, Cheboksary (RUS)",Russian Championships,24 JUN 2021,2021,4.,B,National Championships,7168513,worldwide
women_3000sc,Tatsiana SHABANAVA,20 MAR 1998,10:26.90,,BLR,"Dinamo National Olympic Stadium, Minsk (BLR)",Belarus Championships,25 JUN 2021,2021,1.,B,National Championships,7168819,worldwide
women_3000sc,Yuno YAMANAKA,25 DEC 2000,9:41.84,,JPN,"Yanmar Stadium Nagai, Osaka (JPN)",105th Japan Championships,26 JUN 2021,2021,1.,B,National Championships,7168557,worldwide
women_3000sc,Reimi YOSHIMURA,22 APR 2000,9:45.52,,JPN,"Yanmar Stadium Nagai, Osaka (JPN)",105th Japan Championships,26 JUN 2021,2021,2.,B,National Championships,7168557,worldwide
women_3000sc,Yui YABUTA,04 MAR 1996,9:46.44,,JPN,"Yanmar Stadium Nagai, Osaka (JPN)",105th Japan Championships,26 JUN 2021,2021,3.,B,National Championships,7168557,worldwide
women_3000sc,Chikako MORI,25 NOV 1992,9:53.55,,JPN,"Yanmar Stadium Nagai, Osaka (JPN)",105th Japan Championships,26 JUN 2021,2021,4.,B,National Championships,7168557,worldwide
women_3000sc,Yukari ISHIZAWA,16 APR 1988,10:02.39,,JPN,"Yanmar Stadium Nagai, Osaka (JPN)",105th Japan Championships,26 JUN 2021,2021,5.,B,National Championships,7168557,worldwide
women_3000sc,Nana SATO,24 SEP 1989,10:03.98,,JPN,"Yanmar Stadium Nagai, Osaka (JPN)",105th Japan Championships,26 JUN 2021,2021,6.,B,National Championships,7168557,worldwide
women_3000sc,Yuki AKIYAMA,26 AUG 1998,10:05.33,,JPN,"Yanmar Stadium Nagai, Osaka (JPN)",105th Japan Championships,26 JUN 2021,2021,7.,B,National Championships,7168557,worldwide
women_3000sc,Yumi YOSHIKAWA,31 OCT 1990,10:07.69,,JPN,"Yanmar Stadium Nagai, Osaka (JPN)",105th Japan Championships,26 JUN 2021,2021,8.,B,National Championships,7168557,worldwide
women_3000sc,Manami NISHIYAMA,09 DEC 1999,10:08.51,,JPN,"Yanmar Stadium Nagai, Osaka (JPN)",105th Japan Championships,26 JUN 2021,2021,9.,B,National Championships,7168557,worldwide
women_3000sc,Yuzu NISHIDE,25 JAN 2000,10:13.79,,JPN,"Yanmar Stadium Nagai, Osaka (JPN)",105th Japan Championships,26 JUN 2021,2021,11.,B,National Championships,7168557,worldwide
women_3000sc,Mika OKIMURA,22 AUG 1997,10:18.35,,JPN,"Yanmar Stadium Nagai, Osaka (JPN)",105th Japan Championships,26 JUN 2021,2021,13.,B,National Championships,7168557,worldwide
women_3000sc,Soyoka SEGAWA,28 JUL 1994,10:31.49,,JPN,"Yanmar Stadium Nagai, Osaka (JPN)",105th Japan Championships,26 JUN 2021,2021,18.,B,National Championships,7168557,worldwide
women_3000sc,Aneta KONIECZEK,08 JUN 1997,9:25.98,,POL,"Golęcin Stadion, Poznan (POL)",Polish Championships,24 JUN 2021,2021,1.,B,National Championships,7168551,worldwide
women_3000sc,Alicja KONIECZEK,02 NOV 1994,9:27.79,,POL,"Golęcin Stadion, Poznan (POL)",Polish Championships,24 JUN 2021,2021,2.,B,National Championships,7168551,worldwide
women_3000sc,Kinga KRÓLIK,26 SEP 1999,9:41.80,,POL,"Golęcin Stadion, Poznan (POL)",Polish Championships,24 JUN 2021,2021,3.,B,National Championships,7168551,worldwide
women_3000sc,Matylda KOWAL,11 JAN 1989,9:58.02,,POL,"Golęcin Stadion, Poznan (POL)",Polish Championships,24 JUN 2021,2021,4.,B,National Championships,7168551,worldwide
women_3000sc,Patrycja KAPAŁA,26 MAR 1997,10:17.88,,POL,"Golęcin Stadion, Poznan (POL)",Polish Championships,24 JUN 2021,2021,5.,B,National Championships,7168551,worldwide
women_3000sc,Mariola ŚLUSARCZYK,04 JAN 1990,10:23.72,,POL,"Golęcin Stadion, Poznan (POL)",Polish Championships,24 JUN 2021,2021,7.,B,National Championships,7168551,worldwide
women_3000sc,Julia KORALEWSKA,17 FEB 2002,10:26.04,,POL,"Golęcin Stadion, Poznan (POL)",Polish Championships,24 JUN 2021,2021,8.,B,National Championships,7168551,worldwide
women_3000sc,Agnieszka CHORZĘPA,14 JAN 2001,10:41.05,,POL,"Golęcin Stadion, Poznan (POL)",Polish Championships,24 JUN 2021,2021,11.,B,National Championships,7168551,worldwide
women_3000sc,Flavie RENOUARD,10 SEP 2000,9:46.81,,FRA,"Stade Josette et Roger Mikulak, Angers (FRA)",French Championships,26 JUN 2021,2021,1.,B,National Championships,7168687,worldwide
women_3000sc,Alexa LEMITRE,10 APR 1998,9:49.18,,FRA,"Stade Josette et Roger Mikulak, Angers (FRA)",French Championships,26 JUN 2021,2021,2.,B,National Championships,7168687,worldwide
women_3000sc,Claire PALOU,26 DEC 2001,9:49.43,,FRA,"Stade Josette et Roger Mikulak, Angers (FRA)",French Championships,26 JUN 2021,2021,3.,B,National Championships,7168687,worldwide
women_3000sc,Aude CLAVIER,10 JAN 1999,10:04.42,,FRA,"Stade Josette et Roger Mikulak, Angers (FRA)",French Championships,26 JUN 2021,2021,4.,B,National Championships,7168687,worldwide
women_3000sc,Regan YEE,04 JUL 1995,9:31.46,,CAN,"Complexe Sportif Claude-Robillard, Montréal (CAN)",Canadian Olympic Trials,25 JUN 2021,2021,1.,B,National Championships,7168554,worldwide
women_3000sc,Alycia BUTTERWORTH,01 OCT 1992,9:32.40,,CAN,"Complexe Sportif Claude-Robillard, Montréal (CAN)",Canadian Olympic Trials,25 JUN 2021,2021,2.,B,National Championships,7168554,worldwide
women_3000sc,Geneviève LALONDE,05 SEP 1991,9:32.68,,CAN,"Complexe Sportif Claude-Robillard, Montréal (CAN)",Canadian Olympic Trials,25 JUN 2021,2021,3.,B,National Championships,7168554,worldwide
women_3000sc,Maria BERNARD-GALEA,06 APR 1993,9:39.78,,CAN,"Complexe Sportif Claude-Robillard, Montréal (CAN)",Canadian Olympic Trials,25 JUN 2021,2021,4.,B,National Championships,7168554,worldwide
women_3000sc,Jessy LACOURSE,05 FEB 1997,9:50.85,,CAN,"Complexe Sportif Claude-Robillard, Montréal (CAN)",Canadian Olympic Trials,25 JUN 2021,2021,5.,B,National Championships,7168554,worldwide
women_3000sc,Michelle FINN,16 DEC 1989,9:36.94,,IRL,"Morton Stadium, Santry, Dublin (IRL)",Irish Championships,26 JUN 2021,2021,1.,B,National Championships,7168520,worldwide
women_3000sc,Eilish FLANAGAN,02 MAY 1997,9:46.52,,IRL,"Morton Stadium, Santry, Dublin (IRL)",Irish Championships,26 JUN 2021,2021,2.,B,National Championships,7168520,worldwide
women_3000sc,Ikram OUAAZIZ,06 JUL 1999,9:55.76,,MAR,"Complexe Sportif Prince Moulay Abdellah, Rabat (MAR)",Moroccan Championships,25 JUN 2021,2021,1.,B,National Championships,7168914,worldwide
women_3000sc,Elizabeth BIRD,04 OCT 1994,9:35.56,,GBR,"Sportcity Regional Arena, Manchester (GBR)",British Championships,26 JUN 2021,2021,1.,B,National Championships,7168522,worldwide
women_3000sc,Aimee PRATT,03 OCT 1997,9:39.72,,GBR,"Sportcity Regional Arena, Manchester (GBR)",British Championships,26 JUN 2021,2021,2.,B,National Championships,7168522,worldwide
women_3000sc,Sarah TAIT,26 MAR 2001,10:03.58,,GBR,"Sportcity Regional Arena, Manchester (GBR)",British Championships,26 JUN 2021,2021,3.,B,National Championships,7168522,worldwide
women_3000sc,Parul CHAUDHARY,15 APR 1995,10:01.58,,IND,Patiala (IND),National Inter State Senior Athletics Championships,29 JUN 2021,2021,1.,B,National Championships,7168736,worldwide
women_3000sc,Nilani RATHNAYAKA,08 AUG 1990,10:12.02,,SRI,Patiala (IND),National Inter State Senior Athletics Championships,29 JUN 2021,2021,OC,B,National Championships,7168736,worldwide
women_3000sc,Irene VAN DER REIJKEN,13 AUG 1993,9:43.26,,NED,"Atletiekbaan Breda, Breda (NED)",Dutch Championships,25 JUN 2021,2021,1.,B,National Championships,7168518,worldwide
women_3000sc,Lotte KRAUSE,29 NOV 1992,9:57.77,,NED,"Atletiekbaan Breda, Breda (NED)",Dutch Championships,25 JUN 2021,2021,2.,B,National Championships,7168518,worldwide
women_3000sc,Veerle BAKKER,29 SEP 1997,9:59.94,,NED,"Atletiekbaan Breda, Breda (NED)",Dutch Championships,25 JUN 2021,2021,3.,B,National Championships,7168518,worldwide
women_3000sc,Anna Emilie MØLLER,28 JUL 1997,9:48.07,,DEN,"Odense Atletik Stadion, Odense (DEN)",Danish Championships,25 JUN 2021,2021,1.,B,National Championships,7168708,worldwide
women_3000sc,Irene SÁNCHEZ-ESCRIBANO,25 AUG 1992,9:33.62,,ESP,"Polideportivo Juan de la Cierva, Getafe (ESP)",Spanish Championships,25 JUN 2021,2021,1.,B,National Championships,7168680,worldwide
women_3000sc,Carolina ROBLES,04 DEC 1991,9:35.81,,ESP,"Polideportivo Juan de la Cierva, Getafe (ESP)",Spanish Championships,25 JUN 2021,2021,2.,B,National Championships,7168680,worldwide
women_3000sc,Blanca FERNÁNDEZ,01 APR 1992,9:50.55,,ESP,"Polideportivo Juan de la Cierva, Getafe (ESP)",Spanish Championships,25 JUN 2021,2021,3.,B,National Championships,7168680,worldwide
women_3000sc,Clara VIÑARAS,08 SEP 1993,10:00.19,,ESP,"Polideportivo Juan de la Cierva, Getafe (ESP)",Spanish Championships,25 JUN 2021,2021,4.,B,National Championships,7168680,worldwide
women_3000sc,Marta SERRANO,05 APR 2003,10:30.58,,ESP,"Polideportivo Juan de la Cierva, Getafe (ESP)",Spanish Championships,25 JUN 2021,2021,7.,B,National Championships,7168680,worldwide
women_3000sc,Carmen RIAÑO,08 NOV 2001,10:53.50,,ESP,"Polideportivo Juan de la Cierva, Getafe (ESP)",Spanish Championships,25 JUN 2021,2021,12.,B,National Championships,7168680,worldwide
women_3000sc,Martina MERLO,19 FEB 1993,10:00.01,,ITA,"Stadio Quercia, Rovereto (ITA)",Italian Championships,27 JUN 2021,2021,1.,B,National Championships,7168653,worldwide
women_3000sc,Lili Anna TÓTH,17 SEP 1998,9:40.81,,HUN,"Gyulai István Atlétika Stadion, Debrecen (HUN)",Hungarian Championships,27 JUN 2021,2021,1.,B,National Championships,7168753,worldwide
women_3000sc,Gréta VARGA,19 DEC 2003,9:50.63,,HUN,"Gyulai István Atlétika Stadion, Debrecen (HUN)",Hungarian Championships,27 JUN 2021,2021,2.,B,National Championships,7168753,worldwide
women_3000sc,Zita KÁCSER,02 OCT 1988,10:19.94,,HUN,"Gyulai István Atlétika Stadion, Debrecen (HUN)",Hungarian Championships,27 JUN 2021,2021,3.,B,National Championships,7168753,worldwide
women_3000sc,Laura MAASIK,05 OCT 1993,DQ,,EST,"Kadrioru staadion, Tallinn (EST)",Estonian Championships,26 JUN 2021,2021,,B,National Championships,7168655,worldwide
women_3000sc,Joana SOARES,08 SEP 1993,10:04.82,,POR,"Estádio José Vieira de Carvalho, Maia (POR)",Portuguese Championships,27 JUN 2021,2021,1.,B,National Championships,7168689,worldwide
women_3000sc,Tereza NOVOTNÁ,20 MAY 1992,10:18.68,,CZE,"Stadion Mládeže, Zlín (CZE)",Czech Championships,26 JUN 2021,2021,1.,B,National Championships,7168688,worldwide
women_3000sc,Elena Adelina PANAET,05 JUN 1993,9:44.27,,ROU,"Atletski stadion, Smederevo (SRB)",Balkan Championships,26 JUN 2021,2021,1.,B,Area Regional Champs,7168755,worldwide
women_3000sc,Nataliya STREBKOVA,06 MAR 1995,9:45.56,,UKR,"Atletski stadion, Smederevo (SRB)",Balkan Championships,26 JUN 2021,2021,2.,B,Area Regional Champs,7168755,worldwide
women_3000sc,Claudia PRISECARU,02 SEP 1997,9:46.66,,ROU,"Atletski stadion, Smederevo (SRB)",Balkan Championships,26 JUN 2021,2021,3.,B,Area Regional Champs,7168755,worldwide
women_3000sc,Özlem KAYA ALICI,20 APR 1990,10:04.40,,TUR,"Atletski stadion, Smederevo (SRB)",Balkan Championships,26 JUN 2021,2021,5.,B,Area Regional Champs,7168755,worldwide
women_3000sc,Janica RAUMA,24 JUN 1986,10:17.34,,FIN,"Kaarlen kenttä, Vaasa (FIN)",Finnish Championships,28 JUN 2021,2021,1.,B,National Championships,7168910,worldwide
women_3000sc,Chiara SCHERRER,24 JAN 1996,9:40.30,,SUI,"Stadion Allmend, Luzern (SUI)",Spitzen Leichtathletik,29 JUN 2021,2021,1.,B,Continental Tour,7155934,worldwide
women_3000sc,Eilish FLANAGAN,02 MAY 1997,9:42.71,,IRL,"Stadion Allmend, Luzern (SUI)",Spitzen Leichtathletik,29 JUN 2021,2021,2.,B,Continental Tour,7155934,worldwide
women_3000sc,Amina BETTICHE,14 DEC 1987,9:56.50,,ALG,"Stadion Allmend, Luzern (SUI)",Spitzen Leichtathletik,29 JUN 2021,2021,4.,B,Continental Tour,7155934,worldwide
women_3000sc,Charlotte PROUSE,09 FEB 1997,9:58.10,,CAN,"Stadion Allmend, Luzern (SUI)",Spitzen Leichtathletik,29 JUN 2021,2021,5.,B,Continental Tour,7155934,worldwide
women_3000sc,Agnes Thurid GERS,04 AUG 1997,10:04.51,,GER,"Stadion Allmend, Luzern (SUI)",Spitzen Leichtathletik,29 JUN 2021,2021,6.,B,Continental Tour,7155934,worldwide
women_3000sc,Lotte KRAUSE,29 NOV 1992,10:09.23,,NED,"Stadion Allmend, Luzern (SUI)",Spitzen Leichtathletik,29 JUN 2021,2021,7.,B,Continental Tour,7155934,worldwide
women_3000sc,Lili Anna TÓTH,17 SEP 1998,DNF,,HUN,"Stadion Allmend, Luzern (SUI)",Spitzen Leichtathletik,29 JUN 2021,2021,,B,Continental Tour,7155934,worldwide
women_3000sc,Fabienne SCHLUMPF,17 NOV 1990,DNF,,SUI,"Stadion Allmend, Luzern (SUI)",Spitzen Leichtathletik,29 JUN 2021,2021,,B,Continental Tour,7155934,worldwide
women_3000sc,Regan YEE,04 JUL 1995,9:27.54,,CAN,"Complexe Sportif Claude-Robillard, Montréal (CAN)",La Classique D'athlétisme De Montréal,29 JUN 2021,2021,1.,C,Continental Tour,7162786,worldwide
women_3000sc,Alycia BUTTERWORTH,01 OCT 1992,9:35.86,,CAN,"Complexe Sportif Claude-Robillard, Montréal (CAN)",La Classique D'athlétisme De Montréal,29 JUN 2021,2021,2.,C,Continental Tour,7162786,worldwide
women_3000sc,Maria BERNARD-GALEA,06 APR 1993,9:52.62,,CAN,"Complexe Sportif Claude-Robillard, Montréal (CAN)",La Classique D'athlétisme De Montréal,29 JUN 2021,2021,3.,C,Continental Tour,7162786,worldwide
women_3000sc,Anna TROPINA,03 NOV 1998,9:31.44,,ANA,"Lantos Mihály Sportközpont, Budapest (HUN)",Hungarian GP Series Budapest,24 AUG 2021,2021,1.,C,Continental Tour,7158250,worldwide
women_3000sc,Nataliya STREBKOVA,06 MAR 1995,9:32.05,,UKR,"Lantos Mihály Sportközpont, Budapest (HUN)",Hungarian GP Series Budapest,24 AUG 2021,2021,2.,C,Continental Tour,7158250,worldwide
women_3000sc,Lili Anna TÓTH,17 SEP 1998,9:38.59,,HUN,"Lantos Mihály Sportközpont, Budapest (HUN)",Hungarian GP Series Budapest,24 AUG 2021,2021,3.,C,Continental Tour,7158250,worldwide
women_3000sc,Lea MEYER,16 SEP 1997,9:43.02,,GER,"Lantos Mihály Sportközpont, Budapest (HUN)",Hungarian GP Series Budapest,24 AUG 2021,2021,4.,C,Continental Tour,7158250,worldwide
women_3000sc,Eilish FLANAGAN,02 MAY 1997,9:49.31,,IRL,"Lantos Mihály Sportközpont, Budapest (HUN)",Hungarian GP Series Budapest,24 AUG 2021,2021,5.,C,Continental Tour,7158250,worldwide
women_3000sc,Clara VIÑARAS,08 SEP 1993,9:50.69,,ESP,"Lantos Mihály Sportközpont, Budapest (HUN)",Hungarian GP Series Budapest,24 AUG 2021,2021,6.,C,Continental Tour,7158250,worldwide
women_3000sc,Tatiane Raquel DA SILVA,10 JUN 1990,9:54.70,,BRA,"Lantos Mihály Sportközpont, Budapest (HUN)",Hungarian GP Series Budapest,24 AUG 2021,2021,7.,C,Continental Tour,7158250,worldwide
women_3000sc,Laura MAASIK,05 OCT 1993,DNF,,EST,"Lantos Mihály Sportközpont, Budapest (HUN)",Hungarian GP Series Budapest,24 AUG 2021,2021,,C,Continental Tour,7158250,worldwide
women_3000sc,Linn SÖDERHOLM,05 MAY 1996,9:48.01,,SWE,"Ryavallen, Borås (SWE)",Swedish Championships,28 AUG 2021,2021,1.,B,National Championships,7171770,worldwide
women_3000sc,Emilia LILLEMO,05 JAN 2000,9:49.36,,SWE,"Ryavallen, Borås (SWE)",Swedish Championships,28 AUG 2021,2021,2.,B,National Championships,7171770,worldwide
women_3000sc,Emma DAHL,02 MAY 1991,10:20.05,,SWE,"Ryavallen, Borås (SWE)",Swedish Championships,28 AUG 2021,2021,4.,B,National Championships,7171770,worldwide
women_3000sc,Julia SAMUELSSON,22 MAR 1999,10:23.49,,SWE,"Ryavallen, Borås (SWE)",Swedish Championships,28 AUG 2021,2021,5.,B,National Championships,7171770,worldwide
women_3000sc,Amelie SVENSSON,28 AUG 1996,10:32.12,,SWE,"Ryavallen, Borås (SWE)",Swedish Championships,28 AUG 2021,2021,7.,B,National Championships,7171770,worldwide
women_3000sc,Gesa Felicitas KRAUSE,03 AUG 1992,9:26.00,,GER,"Olympiastadion, Berlin (GER)",ISTAF,12 SEP 2021,2021,1.,B,Continental Tour,7155937,worldwide
women_3000sc,Fancy CHERONO,02 AUG 2001,9:28.81,,KEN,"Olympiastadion, Berlin (GER)",ISTAF,12 SEP 2021,2021,2.,B,Continental Tour,7155937,worldwide
women_3000sc,Elena BURKARD,10 FEB 1992,9:28.98,,GER,"Olympiastadion, Berlin (GER)",ISTAF,12 SEP 2021,2021,3.,B,Continental Tour,7155937,worldwide
women_3000sc,Lea MEYER,16 SEP 1997,9:29.57,,GER,"Olympiastadion, Berlin (GER)",ISTAF,12 SEP 2021,2021,4.,B,Continental Tour,7155937,worldwide
women_3000sc,Purity KIRUI,13 AUG 1991,9:35.03,,KEN,"Olympiastadion, Berlin (GER)",ISTAF,12 SEP 2021,2021,5.,B,Continental Tour,7155937,worldwide
women_3000sc,Anna TROPINA,03 NOV 1998,9:36.30,,ANA,"Olympiastadion, Berlin (GER)",ISTAF,12 SEP 2021,2021,6.,B,Continental Tour,7155937,worldwide
women_3000sc,Chiara SCHERRER,24 JAN 1996,9:36.56,,SUI,"Olympiastadion, Berlin (GER)",ISTAF,12 SEP 2021,2021,7.,B,Continental Tour,7155937,worldwide
women_3000sc,Kinga KRÓLIK,26 SEP 1999,9:43.14,,POL,"Olympiastadion, Berlin (GER)",ISTAF,12 SEP 2021,2021,8.,B,Continental Tour,7155937,worldwide
women_3000sc,Agnes Thurid GERS,04 AUG 1997,9:52.20,,GER,"Olympiastadion, Berlin (GER)",ISTAF,12 SEP 2021,2021,9.,B,Continental Tour,7155937,worldwide
women_3000sc,Michelle FINN,16 DEC 1989,9:55.96,,IRL,"Olympiastadion, Berlin (GER)",ISTAF,12 SEP 2021,2021,10.,B,Continental Tour,7155937,worldwide
women_3000sc,Özlem KAYA ALICI,20 APR 1990,9:58.00,,TUR,"Olympiastadion, Berlin (GER)",ISTAF,12 SEP 2021,2021,11.,B,Continental Tour,7155937,worldwide
women_3000sc,Rosefline CHEPNGETICH,17 JUN 1997,DNF,,KEN,"Olympiastadion, Berlin (GER)",ISTAF,12 SEP 2021,2021,,B,Continental Tour,7155937,worldwide
women_3000sc,Lili Anna TÓTH,17 SEP 1998,DNF,,HUN,"Olympiastadion, Berlin (GER)",ISTAF,12 SEP 2021,2021,,B,Continental Tour,7155937,worldwide
women_3000sc,Celliphine Chepteek CHESPOL,23 MAR 1999,9:30.55,,KEN,"Moi International Sports Centre, Kasarani, Nairobi (KEN)",Kip Keino Classic,18 SEP 2021,2021,1.,A,Continental Tour,7147579,worldwide
women_3000sc,Fancy CHERONO,02 AUG 2001,9:32.50,,KEN,"Moi International Sports Centre, Kasarani, Nairobi (KEN)",Kip Keino Classic,18 SEP 2021,2021,2.,A,Continental Tour,7147579,worldwide
women_3000sc,Jackline CHEPKOECH,03 OCT 2003,9:33.64,,KEN,"Moi International Sports Centre, Kasarani, Nairobi (KEN)",Kip Keino Classic,18 SEP 2021,2021,3.,A,Continental Tour,7147579,worldwide
women_3000sc,Daisy JEPKEMEI,13 FEB 1996,9:38.74,,KEN,"Moi International Sports Centre, Kasarani, Nairobi (KEN)",Kip Keino Classic,18 SEP 2021,2021,4.,A,Continental Tour,7147579,worldwide
women_3000sc,Purity KIRUI,13 AUG 1991,9:52.88,,KEN,"Moi International Sports Centre, Kasarani, Nairobi (KEN)",Kip Keino Classic,18 SEP 2021,2021,5.,A,Continental Tour,7147579,worldwide
women_3000sc,Lomi MULETA,29 NOV 2001,9:53.10,,ETH,"Moi International Sports Centre, Kasarani, Nairobi (KEN)",Kip Keino Classic,18 SEP 2021,2021,6.,A,Continental Tour,7147579,worldwide
women_3000sc,Mercy CHEPKURUI,16 SEP 2000,10:00.14,,KEN,"Moi International Sports Centre, Kasarani, Nairobi (KEN)",Kip Keino Classic,18 SEP 2021,2021,7.,A,Continental Tour,7147579,worldwide
women_3000sc,Anna TROPINA,03 NOV 1998,10:00.53,,ANA,"Moi International Sports Centre, Kasarani, Nairobi (KEN)",Kip Keino Classic,18 SEP 2021,2021,8.,A,Continental Tour,7147579,worldwide
women_3000sc,Nataliya STREBKOVA,06 MAR 1995,10:13.32,,UKR,"Moi International Sports Centre, Kasarani, Nairobi (KEN)",Kip Keino Classic,18 SEP 2021,2021,9.,A,Continental Tour,7147579,worldwide
women_3000sc,Ikram OUAAZIZ,06 JUL 1999,11:23.52,,MAR,"Moi International Sports Centre, Kasarani, Nairobi (KEN)",Kip Keino Classic,18 SEP 2021,2021,10.,A,Continental Tour,7147579,worldwide
women_3000sc,Thi Oanh NGUYEN,15 AUG 1995,10:12.87,,VIE,Hanoi (VIE),Vietnamese Championships,12 DEC 2021,2021,1.,B,National Championships,7176863,worldwide
women_3000sc,Paige CAMPBELL,27 JUN 1996,9:49.68,,AUS,Sydney (AUS),Australian Championships,07 APR 2019,2019,1.,B,National Championships,7129309,worldwide
women_3000sc,Stella RADFORD,25 JUN 1995,10:06.13,,AUS,Sydney (AUS),Australian Championships,07 APR 2019,2019,2.,B,National Championships,7129309,worldwide
women_3000sc,Georgia WINKCUP,09 MAY 1997,10:25.69,,AUS,Sydney (AUS),Australian Championships,07 APR 2019,2019,3.,B,National Championships,7129309,worldwide
women_3000sc,Brielle ERBACHER,28 FEB 1999,10:35.81,,AUS,Sydney (AUS),Australian Championships,07 APR 2019,2019,4.,B,National Championships,7129309,worldwide
women_3000sc,Cara FEAIN-RYAN,05 FEB 1999,10:51.10,,AUS,Sydney (AUS),Australian Championships,07 APR 2019,2019,5.,B,National Championships,7129309,worldwide
women_3000sc,Yukari ISHIZAWA,16 APR 1988,10:01.03,,JPN,Sydney (AUS),Australian Championships,07 APR 2019,2019,OC,B,National Championships,7129309,worldwide
women_3000sc,Winfred YAVI,31 DEC 1999,9:46.18,,BRN,Doha (QAT),Asian Athletics Championships,23 APR 2019,2019,1.,GL,Area Champs,7129855,worldwide
women_3000sc,Shuangshuang XU,06 APR 1996,9:51.76,,CHN,Doha (QAT),Asian Athletics Championships,23 APR 2019,2019,2.,GL,Area Champs,7129855,worldwide
women_3000sc,Tigest Getent MEKONEN,07 JUL 1997,9:53.96,,BRN,Doha (QAT),Asian Athletics Championships,23 APR 2019,2019,3.,GL,Area Champs,7129855,worldwide
women_3000sc,Nilani RATHNAYAKA,08 AUG 1990,9:58.55,,SRI,Doha (QAT),Asian Athletics Championships,23 APR 2019,2019,4.,GL,Area Champs,7129855,worldwide
women_3000sc,Parul CHAUDHARY,15 APR 1995,10:03.43,,IND,Doha (QAT),Asian Athletics Championships,23 APR 2019,2019,5.,GL,Area Champs,7129855,worldwide
women_3000sc,Yukari ISHIZAWA,16 APR 1988,10:06.55,,JPN,Doha (QAT),Asian Athletics Championships,23 APR 2019,2019,6.,GL,Area Champs,7129855,worldwide
women_3000sc,Thi Oanh NGUYEN,15 AUG 1995,10:08.45,,VIE,Doha (QAT),Asian Athletics Championships,23 APR 2019,2019,8.,GL,Area Champs,7129855,worldwide
women_3000sc,Yui YABUTA,04 MAR 1996,10:14.00,,JPN,Doha (QAT),Asian Athletics Championships,23 APR 2019,2019,10.,GL,Area Champs,7129855,worldwide
women_3000sc,Xinyan ZHANG,09 FEB 1994,10:44.36,,CHN,Doha (QAT),Asian Athletics Championships,23 APR 2019,2019,12.,GL,Area Champs,7129855,worldwide
women_3000sc,Tania CHAVEZ MOSER,06 MAY 1990,10:39.08,,BOL,Lima (PER),Peruvian Championships,27 APR 2019,2019,OC,B,National Championships,7136790,worldwide
women_3000sc,Birtukan ADAMU,29 APR 1992,10:03.1h,,ETH,Addis Ababa (ETH),Ethiopian Championships,11 MAY 2019,2019,1.,B,National Championships,7138227,worldwide
women_3000sc,Mekides ABEBE,29 JAN 2001,10:04.4h,,ETH,Addis Ababa (ETH),Ethiopian Championships,11 MAY 2019,2019,2.,B,National Championships,7138227,worldwide
women_3000sc,Weynshet ANSA,09 APR 1996,10:08.7h,,ETH,Addis Ababa (ETH),Ethiopian Championships,11 MAY 2019,2019,3.,B,National Championships,7138227,worldwide
women_3000sc,Tatiane Raquel DA SILVA,10 JUN 1990,9:45.52,,BRA,Lima (PER),South American Championships,25 MAY 2019,2019,1.,GL,Area Champs,7131371,worldwide
women_3000sc,Belén CASETTA,26 SEP 1994,10:04.54,,ARG,Lima (PER),South American Championships,25 MAY 2019,2019,2.,GL,Area Champs,7131371,worldwide
women_3000sc,Simone FERRAZ,12 MAR 1990,10:05.88,,BRA,Lima (PER),South American Championships,25 MAY 2019,2019,3.,GL,Area Champs,7131371,worldwide
women_3000sc,Tania CHAVEZ MOSER,06 MAY 1990,10:15.83,,BOL,Lima (PER),South American Championships,25 MAY 2019,2019,6.,GL,Area Champs,7131371,worldwide
women_3000sc,Carolina LOZANO,27 FEB 1996,DNF,,ARG,Lima (PER),South American Championships,25 MAY 2019,2019,,GL,Area Champs,7131371,worldwide
women_3000sc,Paige CAMPBELL,27 JUN 1996,9:46.40,,AUS,Townsville (AUS),Oceania Championships,27 JUN 2019,2019,1.,GL,Area Champs,7132812,worldwide
women_3000sc,Georgia WINKCUP,09 MAY 1997,9:46.51,,AUS,Townsville (AUS),Oceania Championships,27 JUN 2019,2019,2.,GL,Area Champs,7132812,worldwide
women_3000sc,Stella RADFORD,25 JUN 1995,10:16.50,,AUS,Townsville (AUS),Oceania Championships,27 JUN 2019,2019,3.,GL,Area Champs,7132812,worldwide
women_3000sc,Reimi YOSHIMURA,22 APR 2000,9:50.44,,JPN,Fukuoka (JPN),103rd Japan Championships,29 JUN 2019,2019,1.,B,National Championships,7132877,worldwide
women_3000sc,Yukari ISHIZAWA,16 APR 1988,9:59.54,,JPN,Fukuoka (JPN),103rd Japan Championships,29 JUN 2019,2019,2.,B,National Championships,7132877,worldwide
women_3000sc,Yui YABUTA,04 MAR 1996,9:59.70,,JPN,Fukuoka (JPN),103rd Japan Championships,29 JUN 2019,2019,3.,B,National Championships,7132877,worldwide
women_3000sc,Nana SATO,24 SEP 1989,10:05.34,,JPN,Fukuoka (JPN),103rd Japan Championships,29 JUN 2019,2019,4.,B,National Championships,7132877,worldwide
women_3000sc,Yuno YAMANAKA,25 DEC 2000,10:08.38,,JPN,Fukuoka (JPN),103rd Japan Championships,29 JUN 2019,2019,5.,B,National Championships,7132877,worldwide
women_3000sc,Manami NISHIYAMA,09 DEC 1999,10:18.79,,JPN,Fukuoka (JPN),103rd Japan Championships,29 JUN 2019,2019,7.,B,National Championships,7132877,worldwide
women_3000sc,Chikako MORI,25 NOV 1992,10:20.11,,JPN,Fukuoka (JPN),103rd Japan Championships,29 JUN 2019,2019,8.,B,National Championships,7132877,worldwide
women_3000sc,Yuzu NISHIDE,25 JAN 2000,10:27.83,,JPN,Fukuoka (JPN),103rd Japan Championships,29 JUN 2019,2019,10.,B,National Championships,7132877,worldwide
women_3000sc,Yuki AKIYAMA,26 AUG 1998,10:31.33,,JPN,Fukuoka (JPN),103rd Japan Championships,29 JUN 2019,2019,11.,B,National Championships,7132877,worldwide
women_3000sc,Xinyan ZHANG,09 FEB 1994,9:52.68,,CHN,Shenyang (CHN),Chinese Championships,11 JUL 2019,2019,1.,B,National Championships,7133511,worldwide
women_3000sc,Li BAI,30 MAR 1996,9:53.89,,CHN,Shenyang (CHN),Chinese Championships,11 JUL 2019,2019,2.,B,National Championships,7133511,worldwide
women_3000sc,Alicja KONIECZEK,02 NOV 1994,9:41.46,,POL,Napoli (ITA),Universiade,11 JUL 2019,2019,1.,B,FISU,7133328,worldwide
women_3000sc,Belén CASETTA,26 SEP 1994,9:43.05,,ARG,Napoli (ITA),Universiade,11 JUL 2019,2019,2.,B,FISU,7133328,worldwide
women_3000sc,Meswat ASMARE,23 FEB 2001,9:45.48,,ETH,Napoli (ITA),Universiade,11 JUL 2019,2019,3.,B,FISU,7133328,worldwide
women_3000sc,Chiara SCHERRER,24 JAN 1996,9:47.38,,SUI,Napoli (ITA),Universiade,11 JUL 2019,2019,4.,B,FISU,7133328,worldwide
women_3000sc,Brianna ILARDA,19 FEB 1996,9:53.23,,AUS,Napoli (ITA),Universiade,11 JUL 2019,2019,5.,B,FISU,7133328,worldwide
women_3000sc,Jessy LACOURSE,05 FEB 1997,10:02.92,,CAN,Napoli (ITA),Universiade,11 JUL 2019,2019,6.,B,FISU,7133328,worldwide
women_3000sc,Paige CAMPBELL,27 JUN 1996,10:03.63,,AUS,Napoli (ITA),Universiade,11 JUL 2019,2019,7.,B,FISU,7133328,worldwide
women_3000sc,Tuğba GÜVENÇ,09 JUL 1994,10:08.19,,TUR,Napoli (ITA),Universiade,11 JUL 2019,2019,8.,B,FISU,7133328,worldwide
women_3000sc,Carolina LOZANO,27 FEB 1996,10:26.41,,ARG,Napoli (ITA),Universiade,11 JUL 2019,2019,13.,B,FISU,7133328,worldwide
women_3000sc,Amelie SVENSSON,28 AUG 1996,10:37.35,,SWE,Napoli (ITA),Universiade,11 JUL 2019,2019,14.,B,FISU,7133328,worldwide
women_3000sc,Joana SOARES,08 SEP 1993,9:58.94,,POR,Lisboa (POR),Portuguese Championships,20 JUL 2019,2019,1.,B,National Championships,7133840,worldwide
women_3000sc,Laura TABORDA,01 JAN 1999,10:40.48,,POR,Lisboa (POR),Portuguese Championships,20 JUL 2019,2019,4.,B,National Championships,7133840,worldwide
women_3000sc,Amina BETTICHE,14 DEC 1987,9:53.88,,ALG,Algiers (ALG),Algerian Championships,27 JUL 2019,2019,1.,B,National Championships,7134062,worldwide
women_3000sc,Anna TROPINA,03 NOV 1998,9:31.86,,RUS,Cheboksary (RUS),Russian Championships,25 JUL 2019,2019,1.,B,National Championships,7133966,worldwide
women_3000sc,Natalya KOLOSKOVA,19 JUL 1988,9:38.18,,RUS,Cheboksary (RUS),Russian Championships,25 JUL 2019,2019,2.,B,National Championships,7133966,worldwide
women_3000sc,Anna PETROVA,15 JUL 1994,9:47.84,,RUS,Cheboksary (RUS),Russian Championships,25 JUL 2019,2019,3.,B,National Championships,7133966,worldwide
women_3000sc,Yekaterina SOKOLENKO,13 SEP 1992,9:49.87,,RUS,Cheboksary (RUS),Russian Championships,25 JUL 2019,2019,4.,B,National Championships,7133966,worldwide
women_3000sc,Natalya LEONTYEVA,05 JUL 1987,9:57.10,,RUS,Cheboksary (RUS),Russian Championships,25 JUL 2019,2019,5.,B,National Championships,7133966,worldwide
women_3000sc,Natalya ARISTARKHOVA,31 OCT 1989,10:13.92,,RUS,Cheboksary (RUS),Russian Championships,25 JUL 2019,2019,6.,B,National Championships,7133966,worldwide
women_3000sc,Emma COBURN,19 OCT 1990,9:25.63,,USA,"Drake Stadium, Des Moines, IA (USA)",USA Championships,28 JUL 2019,2019,1.,B,National Championships,7133932,worldwide
women_3000sc,Courtney FRERICHS,18 JAN 1993,9:26.61,,USA,"Drake Stadium, Des Moines, IA (USA)",USA Championships,28 JUL 2019,2019,2.,B,National Championships,7133932,worldwide
women_3000sc,Colleen QUIGLEY,20 NOV 1992,9:30.97,,USA,"Drake Stadium, Des Moines, IA (USA)",USA Championships,28 JUL 2019,2019,3.,B,National Championships,7133932,worldwide
women_3000sc,Allie OSTRANDER,24 DEC 1996,9:38.52,,USA,"Drake Stadium, Des Moines, IA (USA)",USA Championships,28 JUL 2019,2019,4.,B,National Championships,7133932,worldwide
women_3000sc,Marisa HOWARD,10 AUG 1992,9:51.37,,USA,"Drake Stadium, Des Moines, IA (USA)",USA Championships,28 JUL 2019,2019,5.,B,National Championships,7133932,worldwide
women_3000sc,Mel LAWRENCE,29 AUG 1989,9:53.48,,USA,"Drake Stadium, Des Moines, IA (USA)",USA Championships,28 JUL 2019,2019,6.,B,National Championships,7133932,worldwide
women_3000sc,Paige STONER,31 JAN 1996,9:55.01,,USA,"Drake Stadium, Des Moines, IA (USA)",USA Championships,28 JUL 2019,2019,7.,B,National Championships,7133932,worldwide
women_3000sc,Cierra SIMMONS,23 MAR 1995,10:07.20,,USA,"Drake Stadium, Des Moines, IA (USA)",USA Championships,28 JUL 2019,2019,10.,B,National Championships,7133932,worldwide
women_3000sc,Alex WILSON,16 JUN 1993,10:17.80,,USA,"Drake Stadium, Des Moines, IA (USA)",USA Championships,28 JUL 2019,2019,13.,B,National Championships,7133932,worldwide
women_3000sc,Katy KUNC,18 OCT 1995,10:31.71,,USA,"Drake Stadium, Des Moines, IA (USA)",USA Championships,28 JUL 2019,2019,14.,B,National Championships,7133932,worldwide
women_3000sc,Irene VAN DER REIJKEN,13 AUG 1993,10:00.06,,NED,Den Haag (NED),Dutch Championships,26 JUL 2019,2019,1.,B,National Championships,7133985,worldwide
women_3000sc,Jasmijn BAKKER,11 OCT 1999,10:10.38,,NED,Den Haag (NED),Dutch Championships,26 JUL 2019,2019,2.,B,National Championships,7133985,worldwide
women_3000sc,Veerle BAKKER,29 SEP 1997,10:16.84,,NED,Den Haag (NED),Dutch Championships,26 JUL 2019,2019,3.,B,National Championships,7133985,worldwide
women_3000sc,Lotte KRAUSE,29 NOV 1992,10:33.33,,NED,Den Haag (NED),Dutch Championships,26 JUL 2019,2019,5.,B,National Championships,7133985,worldwide
women_3000sc,Geneviève LALONDE,05 SEP 1991,9:34.85,,CAN,Montréal (CAN),Canadian Championships,25 JUL 2019,2019,1.,B,National Championships,7133978,worldwide
women_3000sc,Regan YEE,04 JUL 1995,9:40.73,,CAN,Montréal (CAN),Canadian Championships,25 JUL 2019,2019,2.,B,National Championships,7133978,worldwide
women_3000sc,Charlotte PROUSE,09 FEB 1997,9:43.17,,CAN,Montréal (CAN),Canadian Championships,25 JUL 2019,2019,3.,B,National Championships,7133978,worldwide
women_3000sc,Maria BERNARD-GALEA,06 APR 1993,9:44.15,,CAN,Montréal (CAN),Canadian Championships,25 JUL 2019,2019,4.,B,National Championships,7133978,worldwide
women_3000sc,Alycia BUTTERWORTH,01 OCT 1992,9:48.70,,CAN,Montréal (CAN),Canadian Championships,25 JUL 2019,2019,5.,B,National Championships,7133978,worldwide
women_3000sc,Jessica FURLAN,15 MAR 1990,9:49.69,,CAN,Montréal (CAN),Canadian Championships,25 JUL 2019,2019,6.,B,National Championships,7133978,worldwide
women_3000sc,Jessy LACOURSE,05 FEB 1997,10:01.65,,CAN,Montréal (CAN),Canadian Championships,25 JUL 2019,2019,7.,B,National Championships,7133978,worldwide
women_3000sc,Tereza HROCHOVÁ,24 FEB 1996,10:33.12,,CZE,Brno (CZE),Czech Championships,27 JUL 2019,2019,2.,B,National Championships,7133998,worldwide
women_3000sc,Emma OUDIOU,02 OCT 1995,9:51.80,,FRA,St-Etienne (FRA),French Championships,27 JUL 2019,2019,1.,B,National Championships,7133999,worldwide
women_3000sc,Marie BOUCHARD,07 DEC 1993,9:57.16,,FRA,St-Etienne (FRA),French Championships,27 JUL 2019,2019,2.,B,National Championships,7133999,worldwide
women_3000sc,Ophélie CLAUDE-BOXBERGER,18 OCT 1988,10:06.15,,FRA,St-Etienne (FRA),French Championships,27 JUL 2019,2019,3.,B,National Championships,7133999,worldwide
women_3000sc,Alexa LEMITRE,10 APR 1998,10:07.74,,FRA,St-Etienne (FRA),French Championships,27 JUL 2019,2019,4.,B,National Championships,7133999,worldwide
women_3000sc,Manon PAREAU,15 JUN 1995,10:28.95,,FRA,St-Etienne (FRA),French Championships,27 JUL 2019,2019,6.,B,National Championships,7133999,worldwide
women_3000sc,Aude CLAVIER,10 JAN 1999,10:42.07,,FRA,St-Etienne (FRA),French Championships,27 JUL 2019,2019,7.,B,National Championships,7133999,worldwide
women_3000sc,Fatiha SÁNCHEZ,08 MAR 1983,10:03.15,,ALG,St-Etienne (FRA),French Championships,27 JUL 2019,2019,OC,B,National Championships,7133999,worldwide
women_3000sc,Michelle FINN,16 DEC 1989,9:45.57,,IRL,Santry (IRL),Irish Championships,27 JUL 2019,2019,1.,B,National Championships,7134011,worldwide
women_3000sc,Isabel MATTUZZI,23 APR 1995,10:10.66,,ITA,"Bressanone, Trentino-Alto Adige (ITA)",Italian Championships,28 JUL 2019,2019,1.,B,National Championships,7134000,worldwide
women_3000sc,Silvia OGGIONI,18 AUG 1995,10:15.26,,ITA,"Bressanone, Trentino-Alto Adige (ITA)",Italian Championships,28 JUL 2019,2019,3.,B,National Championships,7134000,worldwide
women_3000sc,Ikram OUAAZIZ,06 JUL 1999,10:19.11,,MAR,Sale (MAR),Moroccan Championships,27 JUL 2019,2019,1.,B,National Championships,7134077,worldwide
women_3000sc,Viktória WAGNER-GYÜRKÉS,15 OCT 1992,9:44.55,,HUN,Budapest (HUN),Hungarian Championships,27 JUL 2019,2019,1.,B,National Championships,7133993,worldwide
women_3000sc,Lili Anna TÓTH,17 SEP 1998,10:27.34,,HUN,Budapest (HUN),Hungarian Championships,27 JUL 2019,2019,2.,B,National Championships,7133993,worldwide
women_3000sc,Claudia PRISECARU,02 SEP 1997,10:28.01,,ROU,Pitesti (ROU),Romanian Championships,30 JUL 2019,2019,1.,B,National Championships,7134119,worldwide
women_3000sc,Camilla RICHARDSSON,14 SEP 1993,9:44.21,,FIN,Lappeenranta (FIN),Finnish Championships,03 AUG 2019,2019,1.,B,National Championships,7134200,worldwide
women_3000sc,Janica RAUMA,24 JUN 1986,10:08.43,,FIN,Lappeenranta (FIN),Finnish Championships,03 AUG 2019,2019,2.,B,National Championships,7134200,worldwide
women_3000sc,Karoline Bjerkeli GRØVDAL,14 JUN 1990,9:24.53,,NOR,Hamar (NOR),Norwegian Championships,03 AUG 2019,2019,1.,B,National Championships,7134201,worldwide
women_3000sc,Gesa Felicitas KRAUSE,03 AUG 1992,9:28.45,,GER,Berlin (GER),German Championships,04 AUG 2019,2019,1.,B,National Championships,7134202,worldwide
women_3000sc,Jana SUSSMANN,12 OCT 1990,9:54.72,,GER,Berlin (GER),German Championships,04 AUG 2019,2019,2.,B,National Championships,7134202,worldwide
women_3000sc,Agnes Thurid GERS,04 AUG 1997,9:55.39,,GER,Berlin (GER),German Championships,04 AUG 2019,2019,3.,B,National Championships,7134202,worldwide
women_3000sc,Lea MEYER,16 SEP 1997,9:59.38,,GER,Berlin (GER),German Championships,04 AUG 2019,2019,5.,B,National Championships,7134202,worldwide
women_3000sc,Paula SCHNEIDERS,20 FEB 2001,10:04.70,,GER,Berlin (GER),German Championships,04 AUG 2019,2019,8.,B,National Championships,7134202,worldwide
women_3000sc,Amelie SVENSSON,28 AUG 1996,10:14.59,,SWE,Berlin (GER),German Championships,04 AUG 2019,2019,OC,B,National Championships,7134202,worldwide
women_3000sc,Özlem KAYA ALICI,20 APR 1990,9:50.29,,TUR,Bursa (TUR),Turkish Championships,03 AUG 2019,2019,1.,B,National Championships,7134311,worldwide
women_3000sc,Semra KARASLAN,18 JAN 1998,10:19.11,,TUR,Bursa (TUR),Turkish Championships,03 AUG 2019,2019,5.,B,National Championships,7134311,worldwide
women_3000sc,Sümeyye EROL,15 JUN 1997,10:27.50,,TUR,Bursa (TUR),Turkish Championships,03 AUG 2019,2019,6.,B,National Championships,7134311,worldwide
women_3000sc,Nilani RATHNAYAKA,08 AUG 1990,9:50.74,,SRI,Colombo (SRI),Sri Lankan Championships,16 AUG 2019,2019,1.,B,National Championships,7134976,worldwide
women_3000sc,Fancy CHERONO,02 AUG 2001,9:42.05,,KEN,"Nyayo National Stadium, Nairobi (KEN)",Kenyan Championships,20 AUG 2019,2019,1.,B,National Championships,7135133,worldwide
women_3000sc,Mercy Wanjiru GITAHI,28 MAR 1993,9:43.96,,KEN,"Nyayo National Stadium, Nairobi (KEN)",Kenyan Championships,20 AUG 2019,2019,2.,B,National Championships,7135133,worldwide
women_3000sc,Caren CHEBET,24 MAY 2000,10:04.01,,KEN,"Nyayo National Stadium, Nairobi (KEN)",Kenyan Championships,20 AUG 2019,2019,5.,B,National Championships,7135133,worldwide
women_3000sc,Naomi CHEPKEMOI,08 JUN 1999,10:11.25,,KEN,"Nyayo National Stadium, Nairobi (KEN)",Kenyan Championships,20 AUG 2019,2019,7.,B,National Championships,7135133,worldwide
women_3000sc,Mariola ŚLUSARCZYK,04 JAN 1990,10:10.60,,POL,"Stadion im. Marszałka Józefa Piłsudskiego, Radom (POL)",Polish Championships,23 AUG 2019,2019,1.,B,National Championships,7134959,worldwide
women_3000sc,Alicja KONIECZEK,02 NOV 1994,10:11.37,,POL,"Stadion im. Marszałka Józefa Piłsudskiego, Radom (POL)",Polish Championships,23 AUG 2019,2019,2.,B,National Championships,7134959,worldwide
women_3000sc,Patrycja KAPAŁA,26 MAR 1997,10:27.23,,POL,"Stadion im. Marszałka Józefa Piłsudskiego, Radom (POL)",Polish Championships,23 AUG 2019,2019,3.,B,National Championships,7134959,worldwide
women_3000sc,Rosie CLARKE,17 NOV 1991,9:46.66,,GBR,"Alexander Stadium, Birmingham (GBR)",British Championships,24 AUG 2019,2019,1.,B,National Championships,7134841,worldwide
women_3000sc,Elizabeth BIRD,04 OCT 1994,9:46.95,,GBR,"Alexander Stadium, Birmingham (GBR)",British Championships,24 AUG 2019,2019,2.,B,National Championships,7134841,worldwide
women_3000sc,Aimee PRATT,03 OCT 1997,9:53.24,,GBR,"Alexander Stadium, Birmingham (GBR)",British Championships,24 AUG 2019,2019,3.,B,National Championships,7134841,worldwide
women_3000sc,Tatiane Raquel DA SILVA,10 JUN 1990,10:13.82,,BRA,"CNDA, Bragança Paulista (BRA)",Brazilian Championships,30 AUG 2019,2019,1.,B,National Championships,7135145,worldwide
women_3000sc,Simone FERRAZ,12 MAR 1990,10:30.18,,BRA,"CNDA, Bragança Paulista (BRA)",Brazilian Championships,30 AUG 2019,2019,2.,B,National Championships,7135145,worldwide
women_3000sc,Flavia Maria DE LIMA,01 JUL 1993,10:53.26,,BRA,"CNDA, Bragança Paulista (BRA)",Brazilian Championships,30 AUG 2019,2019,3.,B,National Championships,7135145,worldwide
women_3000sc,Tatsiana SHABANAVA,20 MAR 1998,10:15.31,,BLR,Minsk (BLR),Belarus Championships,30 AUG 2019,2019,1.,B,National Championships,7135210,worldwide
women_3000sc,Linn SÖDERHOLM,05 MAY 1996,10:21.94,,SWE,"Tingvalla IP, Karlstad (SWE)",Swedish Championships,31 AUG 2019,2019,1.,B,National Championships,7135338,worldwide
women_3000sc,Julia SAMUELSSON,22 MAR 1999,10:29.88,,SWE,"Tingvalla IP, Karlstad (SWE)",Swedish Championships,31 AUG 2019,2019,2.,B,National Championships,7135338,worldwide
women_3000sc,Irene SÁNCHEZ-ESCRIBANO,25 AUG 1992,9:43.70,,ESP,"Estadi Olímpic Camilo Cano, La Nucia (ESP)",Spanish Championships,31 AUG 2019,2019,1.,B,National Championships,7135362,worldwide
women_3000sc,Carolina ROBLES,04 DEC 1991,9:50.91,,ESP,"Estadi Olímpic Camilo Cano, La Nucia (ESP)",Spanish Championships,31 AUG 2019,2019,2.,B,National Championships,7135362,worldwide
women_3000sc,María José PÉREZ,12 JUN 1992,9:58.04,,ESP,"Estadi Olímpic Camilo Cano, La Nucia (ESP)",Spanish Championships,31 AUG 2019,2019,3.,B,National Championships,7135362,worldwide
women_3000sc,Clara VIÑARAS,08 SEP 1993,10:11.8h,,ESP,"Estadi Olímpic Camilo Cano, La Nucia (ESP)",Spanish Championships,31 AUG 2019,2019,4.,B,National Championships,7135362,worldwide
women_3000sc,Özlem KAYA ALICI,20 APR 1990,9:54.28,,TUR,Pravets (BUL),Balkan Championships,02 SEP 2019,2019,1.,B,Area Regional Champs,7135413,worldwide
women_3000sc,Thi Oanh NGUYEN,15 AUG 1995,10:20.32,,VIE,Ho Chi-Minh (VIE),Vietnamese Championships,16 SEP 2019,2019,1.,B,National Championships,7136012,worldwide
women_3000sc,Parul CHAUDHARY,15 APR 1995,10:11.77,,IND,Ranchi (IND),Indian Open Championships,13 OCT 2019,2019,2.,B,National Championships,7136618,worldwide
women_3000sc,Thi Oanh NGUYEN,15 AUG 1995,10:00.02,,VIE,New Clark City (PHI),South East Asian Games,10 DEC 2019,2019,1.,C,Area Regional Champs,7138240,worldwide
women_3000sc,Victoria MITCHELL,25 APR 1982,9:45.37,,AUS,Gold Coast (AUS),Australian Championships,18 FEB 2018,2018,1.,B,National Championships,7115993,worldwide
women_3000sc,Paige CAMPBELL,27 JUN 1996,9:49.00,,AUS,Gold Coast (AUS),Australian Championships,18 FEB 2018,2018,2.,B,National Championships,7115993,worldwide
women_3000sc,Rosie DONEGAN,01 JUL 1993,9:50.61,,AUS,Gold Coast (AUS),Australian Championships,18 FEB 2018,2018,3.,B,National Championships,7115993,worldwide
women_3000sc,Stella RADFORD,25 JUN 1995,10:03.25,,AUS,Gold Coast (AUS),Australian Championships,18 FEB 2018,2018,4.,B,National Championships,7115993,worldwide
women_3000sc,Brianna ILARDA,19 FEB 1996,10:07.57,,AUS,Gold Coast (AUS),Australian Championships,18 FEB 2018,2018,5.,B,National Championships,7115993,worldwide
women_3000sc,Brielle ERBACHER,28 FEB 1999,10:18.87,,AUS,Gold Coast (AUS),Australian Championships,18 FEB 2018,2018,7.,B,National Championships,7115993,worldwide
women_3000sc,Cara FEAIN-RYAN,05 FEB 1999,DNF,,AUS,Gold Coast (AUS),Australian Championships,18 FEB 2018,2018,,B,National Championships,7115993,worldwide
women_3000sc,Weynshet ANSA,09 APR 1996,10:04.1h,,ETH,Addis Ababa (ETH),Ethiopian Championships,21 APR 2018,2018,1.,B,National Championships,7118014,worldwide
women_3000sc,Mekides ABEBE,29 JAN 2001,10:05.9h,,ETH,Addis Ababa (ETH),Ethiopian Championships,21 APR 2018,2018,2.,B,National Championships,7118014,worldwide
women_3000sc,Jasmijn BAKKER,11 OCT 1999,10:27.19,,NED,Liège (BEL),"Liége Belgian 10,000m + 3000mSC Championships",05 MAY 2018,2018,1.,B,National Championships,7118440,worldwide
women_3000sc,Eline DALEMANS,25 FEB 1991,DNF,,BEL,Liège (BEL),"Liége Belgian 10,000m + 3000mSC Championships",05 MAY 2018,2018,,B,National Championships,7118440,worldwide
women_3000sc,Tania CHAVEZ MOSER,06 MAY 1990,10:31.89,,BOL,Monterrey (MEX),Mexican Championships,02 JUN 2018,2018,OC,B,National Championships,7119433,worldwide
women_3000sc,Beatrice CHEPKOECH,06 JUL 1991,9:23.73,,KEN,Nairobi (KEN),Kenyan Championships,22 JUN 2018,2018,1.,B,National Championships,7120350,worldwide
women_3000sc,Celliphine Chepteek CHESPOL,23 MAR 1999,9:28.36,,KEN,Nairobi (KEN),Kenyan Championships,22 JUN 2018,2018,2.,B,National Championships,7120350,worldwide
women_3000sc,Fancy CHERONO,02 AUG 2001,9:37.62,,KEN,Nairobi (KEN),Kenyan Championships,22 JUN 2018,2018,3.,B,National Championships,7120350,worldwide
women_3000sc,Joanne KIPKEMOI,27 NOV 1993,9:42.99,,KEN,Nairobi (KEN),Kenyan Championships,22 JUN 2018,2018,4.,B,National Championships,7120350,worldwide
women_3000sc,Mercy Wanjiru GITAHI,28 MAR 1993,9:45.62,,KEN,Nairobi (KEN),Kenyan Championships,22 JUN 2018,2018,5.,B,National Championships,7120350,worldwide
women_3000sc,Caroline TUIGONG,12 MAR 1990,9:55.61,,KEN,Nairobi (KEN),Kenyan Championships,22 JUN 2018,2018,6.,B,National Championships,7120350,worldwide
women_3000sc,Naomi CHEPKEMOI,08 JUN 1999,9:58.40,,KEN,Nairobi (KEN),Kenyan Championships,22 JUN 2018,2018,7.,B,National Championships,7120350,worldwide
women_3000sc,Elizabeth MUENI,28 DEC 1991,10:07.61,,KEN,Nairobi (KEN),Kenyan Championships,22 JUN 2018,2018,8.,B,National Championships,7120350,worldwide
women_3000sc,Emma COBURN,19 OCT 1990,9:17.70,,USA,"Drake Stadium, Des Moines, IA (USA)",Des Moines USA Championships,23 JUN 2018,2018,1.,B,National Championships,7120163,worldwide
women_3000sc,Courtney FRERICHS,18 JAN 1993,9:18.69,,USA,"Drake Stadium, Des Moines, IA (USA)",Des Moines USA Championships,23 JUN 2018,2018,2.,B,National Championships,7120163,worldwide
women_3000sc,Mel LAWRENCE,29 AUG 1989,9:33.30,,USA,"Drake Stadium, Des Moines, IA (USA)",Des Moines USA Championships,23 JUN 2018,2018,3.,B,National Championships,7120163,worldwide
women_3000sc,Shalaya KIPP,19 AUG 1990,9:41.24,,USA,"Drake Stadium, Des Moines, IA (USA)",Des Moines USA Championships,23 JUN 2018,2018,4.,B,National Championships,7120163,worldwide
women_3000sc,Emily OREN,20 SEP 1993,9:44.75,,USA,"Drake Stadium, Des Moines, IA (USA)",Des Moines USA Championships,23 JUN 2018,2018,5.,B,National Championships,7120163,worldwide
women_3000sc,Megan ROLLAND,30 AUG 1988,9:51.29,,USA,"Drake Stadium, Des Moines, IA (USA)",Des Moines USA Championships,23 JUN 2018,2018,6.,B,National Championships,7120163,worldwide
women_3000sc,Grayson MURPHY,28 JUN 1995,9:54.16,,USA,"Drake Stadium, Des Moines, IA (USA)",Des Moines USA Championships,23 JUN 2018,2018,7.,B,National Championships,7120163,worldwide
women_3000sc,Katy KUNC,18 OCT 1995,10:01.83,,USA,"Drake Stadium, Des Moines, IA (USA)",Des Moines USA Championships,23 JUN 2018,2018,9.,B,National Championships,7120163,worldwide
women_3000sc,Victoria GERLACH,02 JUN 1994,10:03.12,,USA,"Drake Stadium, Des Moines, IA (USA)",Des Moines USA Championships,23 JUN 2018,2018,10.,B,National Championships,7120163,worldwide
women_3000sc,Alex WILSON,16 JUN 1993,10:03.63,,USA,"Drake Stadium, Des Moines, IA (USA)",Des Moines USA Championships,23 JUN 2018,2018,11.,B,National Championships,7120163,worldwide
women_3000sc,Irene VAN DER REIJKEN,13 AUG 1993,10:11.84,,NED,Utrecht (NED),Dutch Championships,22 JUN 2018,2018,1.,B,National Championships,7120180,worldwide
women_3000sc,Veerle BAKKER,29 SEP 1997,10:24.94,,NED,Utrecht (NED),Dutch Championships,22 JUN 2018,2018,2.,B,National Championships,7120180,worldwide
women_3000sc,Jasmijn BAKKER,11 OCT 1999,10:26.25,,NED,Utrecht (NED),Dutch Championships,22 JUN 2018,2018,3.,B,National Championships,7120180,worldwide
women_3000sc,Lotte KRAUSE,29 NOV 1992,10:35.19,,NED,Utrecht (NED),Dutch Championships,22 JUN 2018,2018,5.,B,National Championships,7120180,worldwide
women_3000sc,Yukari ISHIZAWA,16 APR 1988,9:53.22,,JPN,Yamaguchi (JPN),Japan Championships,23 JUN 2018,2018,1.,B,National Championships,7120237,worldwide
women_3000sc,Nana SATO,24 SEP 1989,9:56.95,,JPN,Yamaguchi (JPN),Japan Championships,23 JUN 2018,2018,2.,B,National Championships,7120237,worldwide
women_3000sc,Yui YABUTA,04 MAR 1996,9:58.89,,JPN,Yamaguchi (JPN),Japan Championships,23 JUN 2018,2018,3.,B,National Championships,7120237,worldwide
women_3000sc,Soyoka SEGAWA,28 JUL 1994,9:59.73,,JPN,Yamaguchi (JPN),Japan Championships,23 JUN 2018,2018,4.,B,National Championships,7120237,worldwide
women_3000sc,Manami NISHIYAMA,09 DEC 1999,10:04.70,,JPN,Yamaguchi (JPN),Japan Championships,23 JUN 2018,2018,5.,B,National Championships,7120237,worldwide
women_3000sc,Chikako MORI,25 NOV 1992,10:05.37,,JPN,Yamaguchi (JPN),Japan Championships,23 JUN 2018,2018,6.,B,National Championships,7120237,worldwide
women_3000sc,Yumi YOSHIKAWA,31 OCT 1990,10:05.40,,JPN,Yamaguchi (JPN),Japan Championships,23 JUN 2018,2018,7.,B,National Championships,7120237,worldwide
women_3000sc,Reimi YOSHIMURA,22 APR 2000,10:07.48,,JPN,Yamaguchi (JPN),Japan Championships,23 JUN 2018,2018,8.,B,National Championships,7120237,worldwide
women_3000sc,Yuki AKIYAMA,26 AUG 1998,10:10.33,,JPN,Yamaguchi (JPN),Japan Championships,23 JUN 2018,2018,9.,B,National Championships,7120237,worldwide
women_3000sc,Mika OKIMURA,22 AUG 1997,10:14.26,,JPN,Yamaguchi (JPN),Japan Championships,23 JUN 2018,2018,12.,B,National Championships,7120237,worldwide
women_3000sc,Rina GOTO,07 DEC 1998,11:06.96,,JPN,Yamaguchi (JPN),Japan Championships,23 JUN 2018,2018,17.,B,National Championships,7120237,worldwide
women_3000sc,Viktória WAGNER-GYÜRKÉS,15 OCT 1992,10:04.38,,HUN,Székesfehérvár (HUN),Hungarian Championships,23 JUN 2018,2018,1.,B,National Championships,7120217,worldwide
women_3000sc,Zita KÁCSER,02 OCT 1988,10:14.36,,HUN,Székesfehérvár (HUN),Hungarian Championships,23 JUN 2018,2018,2.,B,National Championships,7120217,worldwide
women_3000sc,Lili Anna TÓTH,17 SEP 1998,10:19.04,,HUN,Székesfehérvár (HUN),Hungarian Championships,23 JUN 2018,2018,3.,B,National Championships,7120217,worldwide
women_3000sc,Luiza GEGA,05 NOV 1988,9:27.73,,ALB,Tarragona (ESP),Tarragona Mediterran Games,28 JUN 2018,2018,1.,C,Area Regional Champs,7120437,worldwide
women_3000sc,Habiba GHRIBI,09 APR 1984,9:34.62,,TUN,Tarragona (ESP),Tarragona Mediterran Games,28 JUN 2018,2018,2.,C,Area Regional Champs,7120437,worldwide
women_3000sc,Maruša MIŠMAŠ,24 OCT 1994,9:35.57,,SLO,Tarragona (ESP),Tarragona Mediterran Games,28 JUN 2018,2018,3.,C,Area Regional Champs,7120437,worldwide
women_3000sc,Irene SÁNCHEZ-ESCRIBANO,25 AUG 1992,9:37.86,,ESP,Tarragona (ESP),Tarragona Mediterran Games,28 JUN 2018,2018,4.,C,Area Regional Champs,7120437,worldwide
women_3000sc,Özlem KAYA ALICI,20 APR 1990,9:39.43,,TUR,Tarragona (ESP),Tarragona Mediterran Games,28 JUN 2018,2018,5.,C,Area Regional Champs,7120437,worldwide
women_3000sc,Fadwa SIDI MADANE,20 NOV 1994,9:46.67,,MAR,Tarragona (ESP),Tarragona Mediterran Games,28 JUN 2018,2018,6.,C,Area Regional Champs,7120437,worldwide
women_3000sc,Rima CHENAH,11 FEB 1996,9:53.24,,ALG,Tarragona (ESP),Tarragona Mediterran Games,28 JUN 2018,2018,7.,C,Area Regional Champs,7120437,worldwide
women_3000sc,Francesca BERTONI,29 DEC 1993,9:56.21,,ITA,Tarragona (ESP),Tarragona Mediterran Games,28 JUN 2018,2018,8.,C,Area Regional Champs,7120437,worldwide
women_3000sc,Emma OUDIOU,02 OCT 1995,9:58.08,,FRA,Tarragona (ESP),Tarragona Mediterran Games,28 JUN 2018,2018,10.,C,Area Regional Champs,7120437,worldwide
women_3000sc,María Teresa URBINA,20 MAR 1985,10:06.26,,ESP,Tarragona (ESP),Tarragona Mediterran Games,28 JUN 2018,2018,11.,C,Area Regional Champs,7120437,worldwide
women_3000sc,Rosie CLARKE,17 NOV 1991,9:45.83,,GBR,Birmingham (GBR),British Championships,01 JUL 2018,2018,1.,B,National Championships,7120496,worldwide
women_3000sc,Aimee PRATT,03 OCT 1997,DNF,,GBR,Birmingham (GBR),British Championships,01 JUL 2018,2018,,B,National Championships,7120496,worldwide
women_3000sc,Geneviève LALONDE,05 SEP 1991,9:49.07,,CAN,Ottawa (CAN),Canadian Championships,05 JUL 2018,2018,1.,B,National Championships,7120563,worldwide
women_3000sc,Regan YEE,04 JUL 1995,9:49.72,,CAN,Ottawa (CAN),Canadian Championships,05 JUL 2018,2018,2.,B,National Championships,7120563,worldwide
women_3000sc,Charlotte PROUSE,09 FEB 1997,9:54.88,,CAN,Ottawa (CAN),Canadian Championships,05 JUL 2018,2018,3.,B,National Championships,7120563,worldwide
women_3000sc,Jessy LACOURSE,05 FEB 1997,9:59.37,,CAN,Ottawa (CAN),Canadian Championships,05 JUL 2018,2018,4.,B,National Championships,7120563,worldwide
women_3000sc,Ophélie CLAUDE-BOXBERGER,18 OCT 1988,9:48.21,,FRA,Albi (FRA),French Championships,07 JUL 2018,2018,1.,B,National Championships,7120754,worldwide
women_3000sc,Emma OUDIOU,02 OCT 1995,9:59.22,,FRA,Albi (FRA),French Championships,07 JUL 2018,2018,2.,B,National Championships,7120754,worldwide
women_3000sc,Marie BOUCHARD,07 DEC 1993,10:10.63,,FRA,Albi (FRA),French Championships,07 JUL 2018,2018,3.,B,National Championships,7120754,worldwide
women_3000sc,Alexa LEMITRE,10 APR 1998,10:25.59,,FRA,Albi (FRA),French Championships,07 JUL 2018,2018,4.,B,National Championships,7120754,worldwide
women_3000sc,Fatiha SÁNCHEZ,08 MAR 1983,10:35.30,,ALG,Albi (FRA),French Championships,07 JUL 2018,2018,OC,B,National Championships,7120754,worldwide
women_3000sc,Sümeyye EROL,15 JUN 1997,10:18.17,,TUR,Bursa (TUR),Turkish Championships,07 JUL 2018,2018,1.,B,National Championships,7120859,worldwide
women_3000sc,Joana SOARES,08 SEP 1993,10:11.12,,POR,Leiria (POR),Portuguese Championships,07 JUL 2018,2018,2.,B,National Championships,7120818,worldwide
women_3000sc,Nataliya STREBKOVA,06 MAR 1995,10:05.16,,UKR,Lutsk (UKR),Ukrainian Championships,20 JUL 2018,2018,1.,B,National Championships,7121120,worldwide
women_3000sc,Camilla RICHARDSSON,14 SEP 1993,9:51.46,,FIN,Jyväskylä (FIN),Finnish Championships,21 JUL 2018,2018,1.,B,National Championships,7121160,worldwide
women_3000sc,Yekaterina IVONINA,14 JUN 1994,9:16.68,,RUS,Kazan (RUS),Russian Championships,20 JUL 2018,2018,1.,B,National Championships,7121221,worldwide
women_3000sc,Natalya KOLOSKOVA,19 JUL 1988,9:39.07,,RUS,Kazan (RUS),Russian Championships,20 JUL 2018,2018,2.,B,National Championships,7121221,worldwide
women_3000sc,Natalya LEONTYEVA,05 JUL 1987,9:50.19,,RUS,Kazan (RUS),Russian Championships,20 JUL 2018,2018,3.,B,National Championships,7121221,worldwide
women_3000sc,Anna TROPINA,03 NOV 1998,9:53.18,,RUS,Kazan (RUS),Russian Championships,20 JUL 2018,2018,4.,B,National Championships,7121221,worldwide
women_3000sc,Gesa Felicitas KRAUSE,03 AUG 1992,9:34.58,,GER,Nürnberg (GER),German Championships,22 JUL 2018,2018,1.,B,National Championships,7121177,worldwide
women_3000sc,Antje MÖLDNER-SCHMIDT,13 JUN 1984,9:45.82,,GER,Nürnberg (GER),German Championships,22 JUL 2018,2018,2.,B,National Championships,7121177,worldwide
women_3000sc,Jana SUSSMANN,12 OCT 1990,9:47.57,,GER,Nürnberg (GER),German Championships,22 JUL 2018,2018,3.,B,National Championships,7121177,worldwide
women_3000sc,Maya REHBERG,28 APR 1994,9:48.50,,GER,Nürnberg (GER),German Championships,22 JUL 2018,2018,4.,B,National Championships,7121177,worldwide
women_3000sc,Agnes Thurid GERS,04 AUG 1997,9:57.36,,GER,Nürnberg (GER),German Championships,22 JUL 2018,2018,6.,B,National Championships,7121177,worldwide
women_3000sc,Lea MEYER,16 SEP 1997,10:06.93,,GER,Nürnberg (GER),German Championships,22 JUL 2018,2018,8.,B,National Championships,7121177,worldwide
women_3000sc,Tania CHAVEZ MOSER,06 MAY 1990,10:12.44,,BOL,Nürnberg (GER),German Championships,22 JUL 2018,2018,11.,B,National Championships,7121177,worldwide
women_3000sc,Colett RAMPF,23 JUL 1991,10:27.32,,USA,Nürnberg (GER),German Championships,22 JUL 2018,2018,OC,B,National Championships,7121177,worldwide
women_3000sc,Amelie SVENSSON,28 AUG 1996,10:29.96,,SWE,Nürnberg (GER),German Championships,22 JUL 2018,2018,OC,B,National Championships,7121177,worldwide
women_3000sc,Tatsiana SHABANAVA,20 MAR 1998,10:11.74,,BLR,Minsk (BLR),Belarus Championships,20 JUL 2018,2018,1.,B,National Championships,7121217,worldwide
women_3000sc,Matylda KOWAL,11 JAN 1989,9:53.18,,POL,Lublin (POL),Polish Championships,20 JUL 2018,2018,1.,B,National Championships,7121185,worldwide
women_3000sc,Alicja KONIECZEK,02 NOV 1994,9:53.27,,POL,Lublin (POL),Polish Championships,20 JUL 2018,2018,2.,B,National Championships,7121185,worldwide
women_3000sc,Katarzyna KOWALSKA,07 APR 1985,10:12.10,,POL,Lublin (POL),Polish Championships,20 JUL 2018,2018,3.,B,National Championships,7121185,worldwide
women_3000sc,Mariola ŚLUSARCZYK,04 JAN 1990,10:15.69,,POL,Lublin (POL),Polish Championships,20 JUL 2018,2018,4.,B,National Championships,7121185,worldwide
women_3000sc,Patrycja KAPAŁA,26 MAR 1997,10:21.98,,POL,Lublin (POL),Polish Championships,20 JUL 2018,2018,6.,B,National Championships,7121185,worldwide
women_3000sc,Irene SÁNCHEZ-ESCRIBANO,25 AUG 1992,9:57.87,,ESP,Getafe (ESP),Spanish Championships,21 JUL 2018,2018,1.,B,National Championships,7121199,worldwide
women_3000sc,María José PÉREZ,12 JUN 1992,10:02.28,,ESP,Getafe (ESP),Spanish Championships,21 JUL 2018,2018,2.,B,National Championships,7121199,worldwide
women_3000sc,Clara VIÑARAS,08 SEP 1993,10:10.99,,ESP,Getafe (ESP),Spanish Championships,21 JUL 2018,2018,3.,B,National Championships,7121199,worldwide
women_3000sc,Blanca FERNÁNDEZ,01 APR 1992,10:14.84,,ESP,Getafe (ESP),Spanish Championships,21 JUL 2018,2018,4.,B,National Championships,7121199,worldwide
women_3000sc,Carolina ROBLES,04 DEC 1991,10:25.73,,ESP,Getafe (ESP),Spanish Championships,21 JUL 2018,2018,5.,B,National Championships,7121199,worldwide
women_3000sc,June ARBEO,04 FEB 1999,11:12.23,,ESP,Getafe (ESP),Spanish Championships,21 JUL 2018,2018,14.,B,National Championships,7121199,worldwide
women_3000sc,María Teresa URBINA,20 MAR 1985,DNF,,ESP,Getafe (ESP),Spanish Championships,21 JUL 2018,2018,,B,National Championships,7121199,worldwide
women_3000sc,Alice FINOT,09 FEB 1991,10:34.84,,FRA,Getafe (ESP),Spanish Championships,21 JUL 2018,2018,OC,B,National Championships,7121199,worldwide
women_3000sc,Claudia PRISECARU,02 SEP 1997,10:07.77,,ROU,Pitesti (ROU),Romanian Championships,26 JUL 2018,2018,1.,B,National Championships,7121337,worldwide
women_3000sc,Tereza HROCHOVÁ,24 FEB 1996,10:46.92,,CZE,Kladno (CZE),Czech Championships,29 JUL 2018,2018,3.,B,National Championships,7121347,worldwide
women_3000sc,Laura MAASIK,05 OCT 1993,10:50.27,,EST,Tallinn (EST),Estonian Championships,28 JUL 2018,2018,1.,B,National Championships,7121351,worldwide
women_3000sc,Michelle FINN,16 DEC 1989,9:46.19,,IRL,Dublin (IRL),Irish Championships,29 JUL 2018,2018,1.,B,National Championships,7121350,worldwide
women_3000sc,Alondra NEGRON,31 MAY 1998,10:58.47,,PUR,Barranquilla (COL),Barranquilla CAC Games,02 AUG 2018,2018,5.,C,Area Regional Champs,7121357,worldwide
women_3000sc,Beatrice CHEPKOECH,06 JUL 1991,8:59.88,,KEN,"Stephen Keshi Stadium, Asaba (NGR)",African Championships,05 AUG 2018,2018,1.,GL,Area Champs,7121417,worldwide
women_3000sc,Celliphine Chepteek CHESPOL,23 MAR 1999,9:09.61,,KEN,"Stephen Keshi Stadium, Asaba (NGR)",African Championships,05 AUG 2018,2018,2.,GL,Area Champs,7121417,worldwide
women_3000sc,Fancy CHERONO,02 AUG 2001,9:23.92,,KEN,"Stephen Keshi Stadium, Asaba (NGR)",African Championships,05 AUG 2018,2018,3.,GL,Area Champs,7121417,worldwide
women_3000sc,Weynshet ANSA,09 APR 1996,9:27.03,,ETH,"Stephen Keshi Stadium, Asaba (NGR)",African Championships,05 AUG 2018,2018,4.,GL,Area Champs,7121417,worldwide
women_3000sc,Peruth CHEMUTAI,10 JUL 1999,9:45.42,,UGA,"Stephen Keshi Stadium, Asaba (NGR)",African Championships,05 AUG 2018,2018,5.,GL,Area Champs,7121417,worldwide
women_3000sc,Agrie WOLE,20 JAN 1999,10:32.88,,ETH,"Stephen Keshi Stadium, Asaba (NGR)",African Championships,05 AUG 2018,2018,7.,GL,Area Champs,7121417,worldwide
women_3000sc,Nilani RATHNAYAKA,08 AUG 1990,9:46.76,,SRI,Colombo (SRI),Sri Lankan Championships,03 AUG 2018,2018,1.,B,National Championships,7121772,worldwide
women_3000sc,Gesa Felicitas KRAUSE,03 AUG 1992,9:19.80,,GER,"Olympiastadion, Berlin (GER)",European Athletics Championships,12 AUG 2018,2018,1.,GL,Area Champs,7105084,worldwide
women_3000sc,Fabienne SCHLUMPF,17 NOV 1990,9:22.29,,SUI,"Olympiastadion, Berlin (GER)",European Athletics Championships,12 AUG 2018,2018,2.,GL,Area Champs,7105084,worldwide
women_3000sc,Karoline Bjerkeli GRØVDAL,14 JUN 1990,9:24.46,,NOR,"Olympiastadion, Berlin (GER)",European Athletics Championships,12 AUG 2018,2018,3.,GL,Area Champs,7105084,worldwide
women_3000sc,Luiza GEGA,05 NOV 1988,9:24.78,,ALB,"Olympiastadion, Berlin (GER)",European Athletics Championships,12 AUG 2018,2018,4.,GL,Area Champs,7105084,worldwide
women_3000sc,Adva COHEN,24 MAR 1996,9:29.74,,ISR,"Olympiastadion, Berlin (GER)",European Athletics Championships,12 AUG 2018,2018,5.,GL,Area Champs,7105084,worldwide
women_3000sc,Elena BURKARD,10 FEB 1992,9:29.76,,GER,"Olympiastadion, Berlin (GER)",European Athletics Championships,12 AUG 2018,2018,6.,GL,Area Champs,7105084,worldwide
women_3000sc,Anna Emilie MØLLER,28 JUL 1997,9:31.66,,DEN,"Olympiastadion, Berlin (GER)",European Athletics Championships,12 AUG 2018,2018,7.,GL,Area Champs,7105084,worldwide
women_3000sc,Irene SÁNCHEZ-ESCRIBANO,25 AUG 1992,9:31.84,,ESP,"Olympiastadion, Berlin (GER)",European Athletics Championships,12 AUG 2018,2018,8.,GL,Area Champs,7105084,worldwide
women_3000sc,Ophélie CLAUDE-BOXBERGER,18 OCT 1988,9:31.84,,FRA,"Olympiastadion, Berlin (GER)",European Athletics Championships,12 AUG 2018,2018,9.,GL,Area Champs,7105084,worldwide
women_3000sc,Rosie CLARKE,17 NOV 1991,9:32.15,,GBR,"Olympiastadion, Berlin (GER)",European Athletics Championships,12 AUG 2018,2018,10.,GL,Area Champs,7105084,worldwide
women_3000sc,Maruša MIŠMAŠ,24 OCT 1994,9:34.50,,SLO,"Olympiastadion, Berlin (GER)",European Athletics Championships,12 AUG 2018,2018,11.,GL,Area Champs,7105084,worldwide
women_3000sc,Nataliya STREBKOVA,06 MAR 1995,9:40.03,,UKR,"Olympiastadion, Berlin (GER)",European Athletics Championships,12 AUG 2018,2018,12.,GL,Area Champs,7105084,worldwide
women_3000sc,Viktória WAGNER-GYÜRKÉS,15 OCT 1992,9:40.41,,HUN,"Olympiastadion, Berlin (GER)",European Athletics Championships,12 AUG 2018,2018,13.,GL,Area Champs,7105084,worldwide
women_3000sc,Emma OUDIOU,02 OCT 1995,9:43.26,,FRA,"Olympiastadion, Berlin (GER)",European Athletics Championships,12 AUG 2018,2018,14.,GL,Area Champs,7105084,worldwide
women_3000sc,Isabel MATTUZZI,23 APR 1995,9:43.90,,ITA,"Olympiastadion, Berlin (GER)",European Athletics Championships,12 AUG 2018,2018,15.,GL,Area Champs,7105084,worldwide
women_3000sc,Mel LAWRENCE,29 AUG 1989,9:45.36,,USA,Toronto (CAN),Toronto NACAC Championships,10 AUG 2018,2018,1.,GL,Area Champs,7121537,worldwide
women_3000sc,Emily OREN,20 SEP 1993,9:56.66,,USA,Toronto (CAN),Toronto NACAC Championships,10 AUG 2018,2018,2.,GL,Area Champs,7121537,worldwide
women_3000sc,Megan ROLLAND,30 AUG 1988,9:59.85,,USA,Toronto (CAN),Toronto NACAC Championships,10 AUG 2018,2018,3.,GL,Area Champs,7121537,worldwide
women_3000sc,Anna Emilie MØLLER,28 JUL 1997,9:34.85,,DEN,Odense (DEN),Danish Championships,25 AUG 2018,2018,1.,B,National Championships,7121806,worldwide
women_3000sc,Charlotta FOUGBERG,19 JUN 1985,9:42.14,,SWE,Eskilstuna (SWE),Swedish Championships,25 AUG 2018,2018,1.,B,National Championships,7121778,worldwide
women_3000sc,Emma DAHL,02 MAY 1991,10:11.19,,SWE,Eskilstuna (SWE),Swedish Championships,25 AUG 2018,2018,3.,B,National Championships,7121778,worldwide
women_3000sc,Emilia LILLEMO,05 JAN 2000,10:27.47,,SWE,Eskilstuna (SWE),Swedish Championships,25 AUG 2018,2018,5.,B,National Championships,7121778,worldwide
women_3000sc,Amelie SVENSSON,28 AUG 1996,10:34.05,,SWE,Eskilstuna (SWE),Swedish Championships,25 AUG 2018,2018,6.,B,National Championships,7121778,worldwide
women_3000sc,Isabel MATTUZZI,23 APR 1995,9:51.89,,ITA,Pescara (ITA),Italian Championships,09 SEP 2018,2018,1.,B,National Championships,7122096,worldwide
women_3000sc,Francesca BERTONI,29 DEC 1993,10:01.56,,ITA,Pescara (ITA),Italian Championships,09 SEP 2018,2018,3.,B,National Championships,7122096,worldwide
women_3000sc,Ludovica CAVALLI,20 DEC 2000,10:32.30,,ITA,Pescara (ITA),Italian Championships,09 SEP 2018,2018,4.,B,National Championships,7122096,worldwide
women_3000sc,Silvia OGGIONI,18 AUG 1995,10:38.19,,ITA,Pescara (ITA),Italian Championships,09 SEP 2018,2018,5.,B,National Championships,7122096,worldwide
women_3000sc,Martina MERLO,19 FEB 1993,DNF,,ITA,Pescara (ITA),Italian Championships,09 SEP 2018,2018,,B,National Championships,7122096,worldwide
women_3000sc,Eleonora CURTABBI,27 MAR 1997,DNF,,ITA,Pescara (ITA),Italian Championships,09 SEP 2018,2018,,B,National Championships,7122096,worldwide
women_3000sc,Tatiane Raquel DA SILVA,10 JUN 1990,10:10.40,,BRA,Bragança Paulista (BRA),Brazilian Championships,15 SEP 2018,2018,1.,B,National Championships,7122255,worldwide
women_3000sc,Simone FERRAZ,12 MAR 1990,10:19.04,,BRA,Bragança Paulista (BRA),Brazilian Championships,15 SEP 2018,2018,3.,B,National Championships,7122255,worldwide
women_3000sc,Shuangshuang XU,06 APR 1996,10:05.18,,CHN,Taiyuan (CHN),Chinese Championships,14 SEP 2018,2018,1.,B,National Championships,7122360,worldwide
women_3000sc,Li BAI,30 MAR 1996,10:29.04,,CHN,Taiyuan (CHN),Chinese Championships,14 SEP 2018,2018,5.,B,National Championships,7122360,worldwide
