Rank,Mark,WIND,Competitor,DOB,Nat,Pos,Nat.1,Venue,Date,Results Score,discipline,year,ProfileURL,source
1.0,14:21.75,,Hellen OBIRI,13 DEC 1989,KEN,1,,"Complexe Sportif Prince Moulay Abdellah, Rabat (MAR)",13 JUL 2018,1238.0,women_5000m,2018,https://worldathletics.org/athletes/athlete=14424921,toplist
2.0,14:22.34,,Sifan HASSAN,01 JAN 1993,NED,2,,"Complexe Sportif Prince Moulay Abdellah, Rabat (MAR)",13 JUL 2018,1237.0,women_5000m,2018,https://worldathletics.org/athletes/athlete=14489606,toplist
3.0,14:23.14,,Letesenbet GIDEY,20 MAR 1998,ETH,3,,"Complexe Sportif Prince Moulay Abdellah, Rabat (MAR)",13 JUL 2018,1236.0,women_5000m,2018,https://worldathletics.org/athletes/athlete=14654918,toplist
4.0,14:23.33,,Senbere TEFERI,03 MAY 1995,ETH,4,,"Complexe Sportif Prince Moulay Abdellah, Rabat (MAR)",13 JUL 2018,1235.0,women_5000m,2018,https://worldathletics.org/athletes/athlete=14477329,toplist
5.0,14:24.24,,Agnes Jebet TIROP,23 OCT 1995,KEN,5,,"Complexe Sportif Prince Moulay Abdellah, Rabat (MAR)",13 JUL 2018,1233.0,women_5000m,2018,https://worldathletics.org/athletes/athlete=14289007,toplist
6.0,14:26.89,,Genzebe DIBABA,08 FEB 1991,ETH,1,,"Hayward Field, Eugene, OR (USA)",26 MAY 2018,1228.0,women_5000m,2018,https://worldathletics.org/athletes/athlete=14259874,toplist
7.0,14:34.45,,Shelby HOULIHAN,08 FEB 1993,USA,1,,Heusden-Zolder (BEL),21 JUL 2018,1213.0,women_5000m,2018,https://worldathletics.org/athletes/athlete=14368938,toplist
8.0,14:43.96,,Caroline Chepkoech KIPKIRUI,26 MAY 1994,KEN,4,,"Letzigrund, Zürich (SUI)",30 AUG 2018,1194.0,women_5000m,2018,https://worldathletics.org/athletes/athlete=14423904,toplist
9.0,14:51.30,,Gudaf TSEGAY,23 JAN 1997,ETH,4,,"Hayward Field, Eugene, OR (USA)",26 MAY 2018,1180.0,women_5000m,2018,https://worldathletics.org/athletes/athlete=14595214,toplist
10.0,14:52.83,,Eilish MCCOLGAN,25 NOV 1990,GBR,7,,"Complexe Sportif Prince Moulay Abdellah, Rabat (MAR)",13 JUL 2018,1177.0,women_5000m,2018,https://worldathletics.org/athletes/athlete=14275729,toplist
11.0,14:53.14,,Loice CHEMNUNG,22 FEB 1997,KEN,2,,Bellinzona (SUI),18 JUL 2018,1176.0,women_5000m,2018,https://worldathletics.org/athletes/athlete=14590680,toplist
12.0,14:57.63,,Yasemin CAN,11 DEC 1996,TUR,3,,"Olympiastadion, Berlin (GER)",12 AUG 2018,1168.0,women_5000m,2018,https://worldathletics.org/athletes/athlete=14601536,toplist
13.0,15:01.15,,Lilian Kasait RENGERUK,03 MAY 1997,KEN,5,,"Hayward Field, Eugene, OR (USA)",26 MAY 2018,1161.0,women_5000m,2018,https://worldathletics.org/athletes/athlete=14590678,toplist
14.0,15:01.44,,Molly HUDDLE,31 AUG 1984,USA,2,,Heusden-Zolder (BEL),21 JUL 2018,1160.0,women_5000m,2018,https://worldathletics.org/athletes/athlete=14313054,toplist
15.0,15:01.98,,Margaret Chelimo KIPKEMBOI,09 FEB 1993,KEN,6,,"Hayward Field, Eugene, OR (USA)",26 MAY 2018,1159.0,women_5000m,2018,https://worldathletics.org/athletes/athlete=14375882,toplist
16.0,15:02.44,,Karissa SCHWEIZER,04 MAY 1996,USA,3,,Heusden-Zolder (BEL),21 JUL 2018,1158.0,women_5000m,2018,https://worldathletics.org/athletes/athlete=14470567,toplist
17.0,15:03.73,,Konstanze KLOSTERHALFEN,18 FEB 1997,GER,4,,"Olympiastadion, Berlin (GER)",12 AUG 2018,1156.0,women_5000m,2018,https://worldathletics.org/athletes/athlete=14496249,toplist
18.0,15:04.14,,Dominique SCOTT,24 JUN 1992,RSA,4,,Heusden-Zolder (BEL),21 JUL 2018,1155.0,women_5000m,2018,https://worldathletics.org/athletes/athlete=14941416,toplist
19.0,15:04.75,,Melissa COURTNEY-BRYANT,30 AUG 1993,GBR,5,,"Olympiastadion, Berlin (GER)",12 AUG 2018,1154.0,women_5000m,2018,https://worldathletics.org/athletes/athlete=14274781,toplist
20.0,15:05.21,,Meskerem MAMO,13 APR 1999,ETH,1,,"SV 03 Stadion, Tübingen (GER)",16 JUN 2018,1153.0,women_5000m,2018,https://worldathletics.org/athletes/athlete=14751324,toplist
21.0,15:06.19,,Madeleine HILLS,15 MAY 1987,AUS,5,,Heusden-Zolder (BEL),21 JUL 2018,1151.0,women_5000m,2018,https://worldathletics.org/athletes/athlete=14271970,toplist
22.0,15:06.84,,Gloria KITE,10 JAN 1998,KEN,2,,"SV 03 Stadion, Tübingen (GER)",16 JUN 2018,1150.0,women_5000m,2018,https://worldathletics.org/athletes/athlete=14472836,toplist
23.0,15:07.90,,Abersh MINSEWO,22 FEB 2001,ETH,3,,"SV 03 Stadion, Tübingen (GER)",16 JUN 2018,1148.0,women_5000m,2018,https://worldathletics.org/athletes/athlete=14805770,toplist
24.0,15:08.08,,Kalkidan GEZAHEGNE,08 MAY 1991,BRN,1,,Jakarta (INA),28 AUG 2018,1147.0,women_5000m,2018,https://worldathletics.org/athletes/athlete=14259836,toplist
25.0,15:08.20,,Marielle HALL,28 JAN 1992,USA,6,,Heusden-Zolder (BEL),21 JUL 2018,1147.0,women_5000m,2018,https://worldathletics.org/athletes/athlete=14366610,toplist
26.0,15:08.61,,Rosemary WANJIRU,09 DEC 1994,KEN,1f1,,Hiroshima (JPN),28 APR 2018,1146.0,women_5000m,2018,https://worldathletics.org/athletes/athlete=14483460,toplist
27.0,15:09.42,,Eva CHERONO,15 AUG 1996,KEN,4,,"SV 03 Stadion, Tübingen (GER)",16 JUN 2018,1145.0,women_5000m,2018,https://worldathletics.org/athletes/athlete=14472835,toplist
28.0,15:09.62,,Vanessa FRASER,27 JUL 1995,USA,7,,Heusden-Zolder (BEL),21 JUL 2018,1144.0,women_5000m,2018,https://worldathletics.org/athletes/athlete=14520041,toplist
29.0,15:09.65,,Susan KRUMINS,08 JUL 1986,NED,6,,"Olympiastadion, Berlin (GER)",12 AUG 2018,1144.0,women_5000m,2018,https://worldathletics.org/athletes/athlete=14291825,toplist
30.0,15:10.91,,Rina NABESHIMA,16 DEC 1993,JPN,8,,"Hayward Field, Eugene, OR (USA)",26 MAY 2018,1142.0,women_5000m,2018,https://worldathletics.org/athletes/athlete=14520154,toplist
31.0,15:11.00,,Alice Aprot NAWOWUNA,02 JAN 1994,KEN,9,,"Hayward Field, Eugene, OR (USA)",26 MAY 2018,1142.0,women_5000m,2018,https://worldathletics.org/athletes/athlete=14413307,toplist
32.0,15:11.27,,Sarah PAGANO,23 JUL 1991,USA,8,,Heusden-Zolder (BEL),21 JUL 2018,1141.0,women_5000m,2018,https://worldathletics.org/athletes/athlete=14366375,toplist
33.0,15:12.17,,Elena BURKARD,10 FEB 1992,GER,5,,"SV 03 Stadion, Tübingen (GER)",16 JUN 2018,1140.0,women_5000m,2018,https://worldathletics.org/athletes/athlete=14420240,toplist
34.0,15:13.66,,Emily SISSON,12 OCT 1991,USA,9,,Heusden-Zolder (BEL),21 JUL 2018,1137.0,women_5000m,2018,https://worldathletics.org/athletes/athlete=14321386,toplist
35.0,15:13.89,,Teresa MUSSO,2002,KEN,1f3,,Oita (JPN),20 OCT 2018,1136.0,women_5000m,2018,https://worldathletics.org/athletes/kenya/teresa-musso-14946344,toplist
36.0,15:14.78,,Ednah KURGAT,15 JUN 1991,USA,1f1,,"Boston, MA (USA) (i)",01 DEC 2018,1158.0,women_5000m,2018,https://worldathletics.org/athletes/athlete=14681942,toplist
37.0,15:15.23,,Lauren PAQUETTE,27 JUN 1986,USA,10,,"Hayward Field, Eugene, OR (USA)",26 MAY 2018,1134.0,women_5000m,2018,https://worldathletics.org/athletes/athlete=14311688,toplist
38.0,15:15.24,,Weini KELATI FREZGHI,01 DEC 1996,ERI,2f1,,"Boston, MA (USA) (i)",01 DEC 2018,1158.0,women_5000m,2018,https://worldathletics.org/athletes/athlete=14877184,toplist
39.0,15:15.33,,Meraf BAHTA,24 JUN 1989,SWE,1f2,,"Palo Alto, CA (USA)",03 MAY 2018,1133.0,women_5000m,2018,https://worldathletics.org/athletes/athlete=14262200,toplist
40.0,15:15.34,,Beatrice CHEPKOECH,06 JUL 1991,KEN,3,,Nairobi (KEN),23 JUN 2018,1133.0,women_5000m,2018,https://worldathletics.org/athletes/athlete=14383286,toplist
41.0,15:15.35,,Andrea SECCAFIEN,27 AUG 1990,CAN,6,,"SV 03 Stadion, Tübingen (GER)",16 JUN 2018,1133.0,women_5000m,2018,https://worldathletics.org/athletes/athlete=14267226,toplist
41.0,15:15.35,,Cynthia BAIRE,17 DEC 2002,KEN,2f3,,Oita (JPN),20 OCT 2018,1133.0,women_5000m,2018,https://worldathletics.org/athletes/athlete=14863185,toplist
43.0,15:15.47,,Sharon LOKEDI,10 MAR 1994,KEN,3f1,,"Boston, MA (USA) (i)",01 DEC 2018,1157.0,women_5000m,2018,https://worldathletics.org/athletes/athlete=14684778,toplist
44.0,15:15.52,,Emily INFELD,21 MAR 1990,USA,1f1,,"Seattle, WA (USA) (i)",09 FEB 2018,0.0,women_5000m,2018,https://worldathletics.org/athletes/athlete=14313263,toplist
45.0,15:15.64,,Gwen JORGENSEN,25 APR 1986,USA,2f1,,"Seattle, WA (USA) (i)",09 FEB 2018,0.0,women_5000m,2018,https://worldathletics.org/athletes/athlete=14314034,toplist
46.0,15:15.65,,Grace Mbuthye KIMANZI,01 MAR 1992,KEN,2f1,,Hiroshima (JPN),28 APR 2018,1133.0,women_5000m,2018,https://worldathletics.org/athletes/athlete=14330100,toplist
47.0,15:15.77,,Jip VASTENBURG,21 MAR 1994,NED,10,,Heusden-Zolder (BEL),21 JUL 2018,1133.0,women_5000m,2018,https://worldathletics.org/athletes/athlete=14423990,toplist
48.0,15:15.80,,Nozomi TANAKA,04 SEP 1999,JPN,1f2,,Niigata (JPN),14 OCT 2018,1133.0,women_5000m,2018,https://worldathletics.org/athletes/athlete=14632538,toplist
49.0,15:15.88,,Rachel SCHNEIDER,18 JUL 1991,USA,2f2,,"Palo Alto, CA (USA)",03 MAY 2018,1132.0,women_5000m,2018,https://worldathletics.org/athletes/athlete=14320785,toplist
50.0,15:16.13,,Ancuţa BOBOCEL,03 OCT 1987,ROU,7,,"Olympiastadion, Berlin (GER)",12 AUG 2018,1132.0,women_5000m,2018,https://worldathletics.org/athletes/athlete=14295440,toplist
51.0,15:16.34,,Kate VAN BUSKIRK,09 JUN 1987,CAN,3f2,,"Palo Alto, CA (USA)",03 MAY 2018,1132.0,women_5000m,2018,https://worldathletics.org/athletes/athlete=14267049,toplist
52.0,15:16.38,,Allie OSTRANDER,24 DEC 1996,USA,4f1,,"Boston, MA (USA) (i)",01 DEC 2018,1155.0,women_5000m,2018,https://worldathletics.org/athletes/athlete=14645999,toplist
53.0,15:16.53,,Hellen Ekalale LOBUN,18 MAR 1999,KEN,1f1,,Nobeoka (JPN),05 MAY 2018,1131.0,women_5000m,2018,https://worldathletics.org/athletes/athlete=14786743,toplist
54.0,15:17.47,,Hanna KLEIN,06 APR 1993,GER,1,,Nürnberg (GER),22 JUL 2018,1129.0,women_5000m,2018,https://worldathletics.org/athletes/athlete=14360692,toplist
55.0,15:17.81,,Lonah Chemtai SALPETER,12 DEC 1988,ISR,1,,Kortrijk (BEL),14 JUL 2018,1129.0,women_5000m,2018,https://worldathletics.org/athletes/athlete=14523502,toplist
56.0,15:17.83,,Joyline CHEROTICH,22 MAR 1998,KEN,3f1,,Nijmegen (NED),08 JUN 2018,1129.0,women_5000m,2018,https://worldathletics.org/athletes/athlete=14590700,toplist
57.0,15:18.14,,Linn NILSSON,15 OCT 1990,SWE,4f2,,"Palo Alto, CA (USA)",03 MAY 2018,1128.0,women_5000m,2018,https://worldathletics.org/athletes/athlete=14302255,toplist
58.0,15:18.36,,Jessica O'CONNELL,10 FEB 1989,CAN,2,,"Portland, OR (USA)",10 JUN 2018,1128.0,women_5000m,2018,https://worldathletics.org/athletes/athlete=14267438,toplist
59.0,15:18.43,,Melissa DUNCAN,30 JAN 1990,AUS,4f1,,Nijmegen (NED),08 JUN 2018,1128.0,women_5000m,2018,https://worldathletics.org/athletes/athlete=14272171,toplist
60.0,15:18.77,,Linden HALL,20 JUN 1991,AUS,1,,Glendale (AUS),20 JAN 2018,1127.0,women_5000m,2018,https://worldathletics.org/athletes/athlete=14272002,toplist
60.0,15:18.77,,Stephanie TWELL,17 AUG 1989,GBR,5f1,,Nijmegen (NED),08 JUN 2018,1127.0,women_5000m,2018,https://worldathletics.org/athletes/athlete=14276601,toplist
62.0,15:18.88,,Katie MACKEY,12 NOV 1987,USA,5f2,,"Palo Alto, CA (USA)",03 MAY 2018,1127.0,women_5000m,2018,https://worldathletics.org/athletes/athlete=14310264,toplist
63.0,15:19.11,,Yelena KOROBKINA,25 NOV 1990,RUS,1,,Kazan (RUS),19 JUL 2018,1126.0,women_5000m,2018,https://worldathletics.org/athletes/athlete=14298217,toplist
64.0,15:19.61,,Maureen KOSTER,03 JUL 1992,NED,6f2,,"Palo Alto, CA (USA)",03 MAY 2018,1125.0,women_5000m,2018,https://worldathletics.org/athletes/athlete=14372338,toplist
65.0,15:20.08,,Yui FUKUDA,01 JUN 1995,JPN,8f2,,"Palo Alto, CA (USA)",03 MAY 2018,1124.0,women_5000m,2018,https://worldathletics.org/athletes/athlete=14440510,toplist
66.0,15:20.14,,Naomi MUSSONI,06 DEC 1998,KEN,1f2,,Hiroshima (JPN),28 APR 2018,1124.0,women_5000m,2018,https://worldathletics.org/athletes/athlete=14819304,toplist
67.0,15:20.24,,Ann Karindi MWANGI,08 DEC 1988,KEN,3f1,,Hiroshima (JPN),28 APR 2018,1124.0,women_5000m,2018,https://worldathletics.org/athletes/athlete=14289075,toplist
68.0,15:20.27,,Martha MOKAYA,12 MAR 2001,KEN,1f7,,Yokohama (JPN),01 DEC 2018,1124.0,women_5000m,2018,https://worldathletics.org/athletes/athlete=14700557,toplist
69.0,15:20.56,,Harumi OKAMOTO,07 FEB 1998,JPN,2f7,,Yokohama (JPN),01 DEC 2018,1123.0,women_5000m,2018,https://worldathletics.org/athletes/athlete=14659421,toplist
70.0,15:20.66,,Rachel CLIFF,01 APR 1988,CAN,2,,"Los Angeles, CA (USA)",17 MAY 2018,1123.0,women_5000m,2018,https://worldathletics.org/athletes/athlete=14268196,toplist
71.0,15:21.31,,Minami YAMANOUCHI,21 DEC 1992,JPN,4f1,,Hiroshima (JPN),28 APR 2018,1122.0,women_5000m,2018,https://worldathletics.org/athletes/athlete=14460635,toplist
72.0,15:21.67,,Tabithanjeri KAMAU,03 JUL 2000,KEN,3f7,,Yokohama (JPN),01 DEC 2018,1121.0,women_5000m,2018,https://worldathletics.org/athletes/athlete=14767078,toplist
73.0,15:23.44,,Fabienne SCHLUMPF,17 NOV 1990,SUI,5,,Bellinzona (SUI),18 JUL 2018,1118.0,women_5000m,2018,https://worldathletics.org/athletes/athlete=14940420,toplist
74.0,15:23.65,,Sinead DIVER,17 FEB 1977,AUS,1,,Geelong (AUS),22 DEC 2018,1118.0,women_5000m,2018,https://worldathletics.org/athletes/athlete=14490253,toplist
75.0,15:23.71,,Stephanie GARCIA,03 MAY 1988,USA,12f2,,"Palo Alto, CA (USA)",03 MAY 2018,1117.0,women_5000m,2018,https://worldathletics.org/athletes/athlete=14310707,toplist
76.0,15:23.80,,Charlotta FOUGBERG,19 JUN 1985,SWE,12,,Heusden-Zolder (BEL),21 JUL 2018,1117.0,women_5000m,2018,https://worldathletics.org/athletes/athlete=14301870,toplist
77.0,15:24.01,,Hitomi NIIYA,26 FEB 1988,JPN,2f2,,Niigata (JPN),14 OCT 2018,1117.0,women_5000m,2018,https://worldathletics.org/athletes/athlete=14287407,toplist
78.0,15:24.09,,Yekaterina ISHOVA,17 JAN 1989,RUS,2,,Kazan (RUS),19 JUL 2018,1117.0,women_5000m,2018,https://worldathletics.org/athletes/athlete=14297822,toplist
79.0,15:24.16,,Amy-Eloise NEALE,05 AUG 1995,GBR,13f2,,"Palo Alto, CA (USA)",03 MAY 2018,1117.0,women_5000m,2018,https://worldathletics.org/athletes/athlete=14404580,toplist
80.0,15:24.32,,Elise CRANNY,09 MAY 1996,USA,5f1,,"Boston, MA (USA) (i)",01 DEC 2018,1140.0,women_5000m,2018,https://worldathletics.org/athletes/athlete=14531083,toplist
81.0,15:24.68,,Camille BUSCOMB,11 JUL 1990,NZL,7f1,,Nijmegen (NED),08 JUN 2018,1116.0,women_5000m,2018,https://worldathletics.org/athletes/athlete=14292910,toplist
82.0,15:24.70,,Keiko NOGAMI,06 DEC 1985,JPN,4f1,,Nobeoka (JPN),05 MAY 2018,1116.0,women_5000m,2018,https://worldathletics.org/athletes/athlete=14327813,toplist
83.0,15:25.30,,Alina REH,23 MAY 1997,GER,2,,Nürnberg (GER),22 JUL 2018,1114.0,women_5000m,2018,https://worldathletics.org/athletes/athlete=14507612,toplist
84.0,15:25.35,,Dorcas WASIKE,,KEN,6f1,,"Boston, MA (USA) (i)",01 DEC 2018,1138.0,women_5000m,2018,https://worldathletics.org/athletes/athlete=14826369,toplist
85.0,15:25.44,,Margherita MAGNANI,26 FEB 1987,ITA,14f2,,"Palo Alto, CA (USA)",03 MAY 2018,1114.0,women_5000m,2018,https://worldathletics.org/athletes/athlete=14284658,toplist
86.0,15:25.84,,Laura WEIGHTMAN,01 JUL 1991,GBR,3,,Gold Coast (AUS),14 APR 2018,1113.0,women_5000m,2018,https://worldathletics.org/athletes/athlete=14276688,toplist
87.0,15:26.01,,Charlotte PROUSE,09 FEB 1997,CAN,7f1,,"Boston, MA (USA) (i)",01 DEC 2018,1137.0,women_5000m,2018,https://worldathletics.org/athletes/athlete=14551180,toplist
88.0,15:26.58,,Denise KREBS,27 JUN 1987,GER,3,,Nürnberg (GER),22 JUL 2018,1112.0,women_5000m,2018,https://worldathletics.org/athletes/athlete=14278507,toplist
89.0,15:26.64,,Yelena SEDOVA,01 MAR 1990,RUS,3,,Kazan (RUS),19 JUL 2018,1112.0,women_5000m,2018,https://worldathletics.org/athletes/athlete=14941161,toplist
90.0,15:26.76,,Tomomi Musembi TAKAMATSU,23 FEB 2000,JPN,6f7,,Yokohama (JPN),01 DEC 2018,1112.0,women_5000m,2018,https://worldathletics.org/athletes/athlete=14671566,toplist
91.0,15:27.82,,Nicole SIFUENTES,30 JUN 1986,CAN,15f2,,"Palo Alto, CA (USA)",03 MAY 2018,1110.0,women_5000m,2018,https://worldathletics.org/athletes/athlete=14268054,toplist
92.0,15:28.07,,Jaci SMITH,05 JAN 1997,USA,8f1,,"Boston, MA (USA) (i)",01 DEC 2018,1133.0,women_5000m,2018,https://worldathletics.org/athletes/athlete=14594057,toplist
93.0,15:28.64,,Darya MASLOVA,06 MAY 1995,KGZ,1,,Bishkek (KGZ),17 JUN 2018,1108.0,women_5000m,2018,https://worldathletics.org/athletes/athlete=14583875,toplist
94.0,15:29.00,,Mariam WAITHIRA,23 DEC 1996,KEN,4f2,,Osaka (JPN),23 SEP 2018,1107.0,women_5000m,2018,https://worldathletics.org/athletes/athlete=14562715,toplist
95.0,15:29.25,,Sarah CHELANGAT,05 JUN 2001,UGA,8f1,,Nijmegen (NED),08 JUN 2018,1107.0,women_5000m,2018,https://worldathletics.org/athletes/athlete=14786748,toplist
96.0,15:29.44,,Natasha WODAK,17 DEC 1981,CAN,4,,"Portland, OR (USA)",10 JUN 2018,1107.0,women_5000m,2018,https://worldathletics.org/athletes/athlete=14266948,toplist
97.0,15:29.67,,Paulina KACZYŃSKA,24 JUL 1991,POL,7,,"SV 03 Stadion, Tübingen (GER)",16 JUN 2018,1106.0,women_5000m,2018,https://worldathletics.org/athletes/athlete=14335735,toplist
98.0,15:30.17,,Juliet CHEKWEL,25 MAY 1990,UGA,4,,Gold Coast (AUS),14 APR 2018,1105.0,women_5000m,2018,https://worldathletics.org/athletes/athlete=14940422,toplist
99.0,15:30.39,,Fantu WORKU,29 MAR 1999,ETH,1,,Marseille (FRA),16 JUN 2018,1105.0,women_5000m,2018,https://worldathletics.org/athletes/athlete=14751322,toplist
100.0,15:30.59,,Emelia GORECKA,29 JAN 1994,GBR,16f2,,"Palo Alto, CA (USA)",03 MAY 2018,1104.0,women_5000m,2018,https://worldathletics.org/athletes/athlete=14329408,toplist
1.0,14:20.36,,Hellen OBIRI,13 DEC 1989,KEN,1,,"Olympic Stadium, London (GBR)",21 JUL 2019,1241.0,women_5000m,2019,https://worldathletics.org/athletes/athlete=14424921,toplist
2.0,14:20.68,,Agnes Jebet TIROP,23 OCT 1995,KEN,2,,"Olympic Stadium, London (GBR)",21 JUL 2019,1241.0,women_5000m,2019,https://worldathletics.org/athletes/athlete=14289007,toplist
3.0,14:22.12,,Sifan HASSAN,01 JAN 1993,NED,3,,"Olympic Stadium, London (GBR)",21 JUL 2019,1238.0,women_5000m,2019,https://worldathletics.org/athletes/athlete=14489606,toplist
4.0,14:26.76,,Konstanze KLOSTERHALFEN,18 FEB 1997,GER,1,,Berlin (GER),03 AUG 2019,1228.0,women_5000m,2019,https://worldathletics.org/athletes/athlete=14496249,toplist
5.0,14:27.49,,Margaret Chelimo KIPKEMBOI,09 FEB 1993,KEN,2,,"Khalifa International Stadium, Doha (QAT)",05 OCT 2019,1227.0,women_5000m,2019,https://worldathletics.org/athletes/athlete=14375882,toplist
6.0,14:29.54,,Letesenbet GIDEY,20 MAR 1998,ETH,2,,"Boudewijnstadion, Bruxelles (BEL)",06 SEP 2019,1223.0,women_5000m,2019,https://worldathletics.org/athletes/athlete=14654918,toplist
7.0,14:29.60,,Tsehay GEMECHU,12 DEC 1998,ETH,4,,"Khalifa International Stadium, Doha (QAT)",05 OCT 2019,1223.0,women_5000m,2019,https://worldathletics.org/athletes/athlete=14790676,toplist
8.0,14:36.05,,Lilian Kasait RENGERUK,03 MAY 1997,KEN,5,,"Khalifa International Stadium, Doha (QAT)",05 OCT 2019,1210.0,women_5000m,2019,https://worldathletics.org/athletes/athlete=14590678,toplist
9.0,14:36.10,,Caroline Chepkoech KIPKIRUI,26 MAY 1994,KEN,5,,"Olympic Stadium, London (GBR)",21 JUL 2019,1210.0,women_5000m,2019,https://worldathletics.org/athletes/athlete=14423904,toplist
10.0,14:38.76,,Hawi FEYSA,01 FEB 1999,ETH,3,,"FBK Stadium, Hengelo (NED)",09 JUN 2019,1205.0,women_5000m,2019,https://worldathletics.org/athletes/athlete=14786742,toplist
11.0,14:40.25,,Eva CHERONO,15 AUG 1996,KEN,6,,"Olympic Stadium, London (GBR)",21 JUL 2019,1202.0,women_5000m,2019,https://worldathletics.org/athletes/athlete=14472835,toplist
12.0,14:40.47,,Fantu WORKU,29 MAR 1999,ETH,6,,"Khalifa International Stadium, Doha (QAT)",05 OCT 2019,1201.0,women_5000m,2019,https://worldathletics.org/athletes/athlete=14751322,toplist
13.0,14:44.12,,Gabriela DEBUES-STAFFORD,13 SEP 1995,CAN,7,,"Boudewijnstadion, Bruxelles (BEL)",06 SEP 2019,1194.0,women_5000m,2019,https://worldathletics.org/athletes/athlete=14501531,toplist
14.0,14:44.57,,Laura WEIGHTMAN,01 JUL 1991,GBR,7,,"Khalifa International Stadium, Doha (QAT)",05 OCT 2019,1193.0,women_5000m,2019,https://worldathletics.org/athletes/athlete=14276688,toplist
15.0,14:45.18,,Karissa SCHWEIZER,04 MAY 1996,USA,9,,"Khalifa International Stadium, Doha (QAT)",05 OCT 2019,1192.0,women_5000m,2019,https://worldathletics.org/athletes/athlete=14470567,toplist
16.0,14:46.12,,Beatrice CHEBET,05 MAR 2000,KEN,7,,"Olympic Stadium, London (GBR)",21 JUL 2019,1190.0,women_5000m,2019,https://worldathletics.org/athletes/athlete=14749924,toplist
17.0,14:46.17,,Eilish MCCOLGAN,25 NOV 1990,GBR,10,,"Khalifa International Stadium, Doha (QAT)",05 OCT 2019,1190.0,women_5000m,2019,https://worldathletics.org/athletes/athlete=14275729,toplist
18.0,14:46.58,,Beatrice CHEPKOECH,06 JUL 1991,KEN,9,,"Boudewijnstadion, Bruxelles (BEL)",06 SEP 2019,1189.0,women_5000m,2019,https://worldathletics.org/athletes/athlete=14383286,toplist
19.0,14:49.22,,Gloria KITE,10 JAN 1998,KEN,9,,"Olympic Stadium, London (GBR)",21 JUL 2019,1184.0,women_5000m,2019,https://worldathletics.org/athletes/athlete=14472836,toplist
20.0,14:51.66,,Karoline Bjerkeli GRØVDAL,14 JUN 1990,NOR,11,,"Olympic Stadium, London (GBR)",21 JUL 2019,1179.0,women_5000m,2019,https://worldathletics.org/athletes/athlete=14292573,toplist
21.0,14:51.72,,Daisy JEPKEMEI,13 FEB 1996,KEN,1,,"Olympiastadion, Berlin (GER)",01 SEP 2019,1179.0,women_5000m,2019,https://worldathletics.org/athletes/athlete=14530633,toplist
22.0,14:51.73,,Norah JERUTO,02 OCT 1995,KEN,2,,"Olympiastadion, Berlin (GER)",01 SEP 2019,1179.0,women_5000m,2019,https://worldathletics.org/athletes/athlete=14479154,toplist
23.0,14:52.02,,Laura MUIR,09 MAY 1993,GBR,1,,Glasgow (GBR) (i),04 JAN 2019,1203.0,women_5000m,2019,https://worldathletics.org/athletes/athlete=14422111,toplist
24.0,14:53.16,,Ejgayehu TAYE,10 FEB 2000,ETH,1,,Heusden-Zolder (BEL),20 JUL 2019,1176.0,women_5000m,2019,https://worldathletics.org/athletes/athlete=14848746,toplist
25.0,14:53.82,,Melissa COURTNEY-BRYANT,30 AUG 1993,GBR,8,,"Olympiastadion, Stockholm (SWE)",30 MAY 2019,1175.0,women_5000m,2019,https://worldathletics.org/athletes/athlete=14274781,toplist
26.0,14:53.92,,Yasemin CAN,11 DEC 1996,TUR,9,,"Olympiastadion, Stockholm (SWE)",30 MAY 2019,1175.0,women_5000m,2019,https://worldathletics.org/athletes/athlete=14601536,toplist
27.0,14:57.80,,Janet KISA,05 DEC 1992,KEN,6,,"FBK Stadium, Hengelo (NED)",09 JUN 2019,1167.0,women_5000m,2019,https://worldathletics.org/athletes/athlete=14423914,toplist
28.0,14:58.17,,Ellinor PURRIER,20 FEB 1995,USA,11,,"Khalifa International Stadium, Doha (QAT)",05 OCT 2019,1167.0,women_5000m,2019,https://worldathletics.org/athletes/athlete=14627694,toplist
29.0,14:58.59,,Camille BUSCOMB,11 JUL 1990,NZL,12,,"Khalifa International Stadium, Doha (QAT)",05 OCT 2019,1166.0,women_5000m,2019,https://worldathletics.org/athletes/athlete=14292910,toplist
30.0,14:59.02,,Lonah Chemtai SALPETER,12 DEC 1988,ISR,14,,"Olympic Stadium, London (GBR)",21 JUL 2019,1165.0,women_5000m,2019,https://worldathletics.org/athletes/athlete=14523502,toplist
31.0,14:59.08,,Dominique SCOTT,24 JUN 1992,RSA,15,,"Olympic Stadium, London (GBR)",21 JUL 2019,1165.0,women_5000m,2019,https://worldathletics.org/athletes/athlete=14941416,toplist
32.0,14:59.95,,Andrea SECCAFIEN,27 AUG 1990,CAN,13,,"Khalifa International Stadium, Doha (QAT)",05 OCT 2019,1163.0,women_5000m,2019,https://worldathletics.org/athletes/athlete=14267226,toplist
33.0,15:00.01,,Nozomi TANAKA,04 SEP 1999,JPN,14,,"Khalifa International Stadium, Doha (QAT)",05 OCT 2019,1163.0,women_5000m,2019,https://worldathletics.org/athletes/athlete=14632538,toplist
34.0,15:00.32,,Jessica HULL,22 OCT 1996,AUS,4,,"Olympiastadion, Berlin (GER)",01 SEP 2019,1162.0,women_5000m,2019,https://worldathletics.org/athletes/athlete=14464506,toplist
35.0,15:00.61,,Sarah CHELANGAT,05 JUN 2001,UGA,2,,Nijmegen (NED),15 JUN 2019,1162.0,women_5000m,2019,https://worldathletics.org/athletes/athlete=14786748,toplist
36.0,15:00.72,,Stella CHESANG,01 DEC 1996,UGA,8,,"FBK Stadium, Hengelo (NED)",09 JUN 2019,1162.0,women_5000m,2019,https://worldathletics.org/athletes/athlete=14464203,toplist
37.0,15:01.25,,Pauline KAMULU,30 DEC 1994,KEN,1f1,,Shibetsu (JPN),13 JUL 2019,1161.0,women_5000m,2019,https://worldathletics.org/athletes/athlete=14577978,toplist
38.0,15:02.27,,Marielle HALL,28 JAN 1992,USA,2,,"Azusa, CA (USA)",09 JUL 2019,1159.0,women_5000m,2019,https://worldathletics.org/athletes/athlete=14366610,toplist
39.0,15:02.69,,Sheila CHELANGAT,11 APR 1998,KEN,10,,"FBK Stadium, Hengelo (NED)",09 JUN 2019,1158.0,women_5000m,2019,https://worldathletics.org/athletes/athlete=14695577,toplist
40.0,15:04.10,,Alina REH,23 MAY 1997,GER,11,,"Olympiastadion, Stockholm (SWE)",30 MAY 2019,1155.0,women_5000m,2019,https://worldathletics.org/athletes/athlete=14507612,toplist
41.0,15:05.20,,Kim CONLEY,14 MAR 1986,USA,11,,"FBK Stadium, Hengelo (NED)",09 JUN 2019,1153.0,women_5000m,2019,https://worldathletics.org/athletes/athlete=14307978,toplist
42.0,15:05.22,,Mercy CHERONO,07 MAY 1991,KEN,1,,Kortrijk (BEL),13 JUL 2019,1153.0,women_5000m,2019,https://worldathletics.org/athletes/athlete=14288952,toplist
43.0,15:05.24,,Alemaz SAMUEL,05 JUL 1999,ETH,1,,Barcelona (ESP),17 JUL 2019,1153.0,women_5000m,2019,https://worldathletics.org/athletes/athlete=14716074,toplist
44.0,15:05.40,,Ririka HIRONAKA,24 NOV 2000,JPN,1f3,,"Ishin Me-Life Stadium, Yamaguchi (JPN)",07 DEC 2019,1153.0,women_5000m,2019,https://worldathletics.org/athletes/athlete=14766617,toplist
45.0,15:05.79,,Siham HILALI,02 MAY 1986,MAR,12,,"FBK Stadium, Hengelo (NED)",09 JUN 2019,1152.0,women_5000m,2019,https://worldathletics.org/athletes/athlete=14290679,toplist
46.0,15:05.99,,Shannon ROWBURY,19 SEP 1984,USA,5,,"Olympiastadion, Berlin (GER)",01 SEP 2019,1151.0,women_5000m,2019,https://worldathletics.org/athletes/athlete=14320310,toplist
47.0,15:06.47,,Meselu BERHE,29 MAY 2000,ETH,2,,Barcelona (ESP),17 JUL 2019,1151.0,women_5000m,2019,https://worldathletics.org/athletes/athlete=14804515,toplist
48.0,15:06.71,,Rachel SCHNEIDER,18 JUL 1991,USA,1,,"Los Angeles, CA (USA)",16 MAY 2019,1150.0,women_5000m,2019,https://worldathletics.org/athletes/athlete=14320785,toplist
49.0,15:06.92,,Mercy Wanjiru GITAHI,28 MAR 1993,KEN,2,,Kortrijk (BEL),13 JUL 2019,1150.0,women_5000m,2019,https://worldathletics.org/athletes/athlete=14749919,toplist
50.0,15:07.35,,Desta BURKA,17 APR 2001,ETH,1,,Goleniow (POL),26 JUN 2019,1149.0,women_5000m,2019,https://worldathletics.org/athletes/athlete=14841244,toplist
51.0,15:07.50,,Aisha PRAUGHT LEER,14 DEC 1989,JAM,2,,"Los Angeles, CA (USA)",16 MAY 2019,1149.0,women_5000m,2019,https://worldathletics.org/athletes/athlete=14361190,toplist
52.0,15:07.58,,Vanessa FRASER,27 JUL 1995,USA,3,,"Azusa, CA (USA)",09 JUL 2019,1148.0,women_5000m,2019,https://worldathletics.org/athletes/athlete=14520041,toplist
53.0,15:07.70,,Anna Emilie MØLLER,28 JUL 1997,DEN,1,,"Gunder Hägg Stadion, Gävle (SWE)",14 JUL 2019,1148.0,women_5000m,2019,https://worldathletics.org/athletes/athlete=14704046,toplist
54.0,15:08.39,,Selamawit TEFERI,24 MAR 1994,ISR,3,,Kortrijk (BEL),13 JUL 2019,1147.0,women_5000m,2019,https://worldathletics.org/athletes/athlete=14794741,toplist
55.0,15:08.67,,Molly HUDDLE,31 AUG 1984,USA,1,,"Bay Shore, NY (USA)",04 SEP 2019,1146.0,women_5000m,2019,https://worldathletics.org/athletes/athlete=14313054,toplist
56.0,15:08.77,,Tabithanjeri KAMAU,03 JUL 2000,KEN,1f1,,Kitami (JPN),17 JUL 2019,1146.0,women_5000m,2019,https://worldathletics.org/athletes/athlete=14767078,toplist
57.0,15:09.62,,Jackline Chepwogen ROTICH,03 JUL 2000,KEN,2,,Carquefou (FRA),21 JUN 2019,1144.0,women_5000m,2019,https://worldathletics.org/athletes/athlete=14847912,toplist
58.0,15:10.62,,Emily SISSON,12 OCT 1991,USA,2,,"Bay Shore, NY (USA)",04 SEP 2019,1143.0,women_5000m,2019,https://worldathletics.org/athletes/athlete=14321386,toplist
59.0,15:10.64,,Jessica O'CONNELL,10 FEB 1989,CAN,2,,"Concord, MA (USA)",13 JUN 2019,1142.0,women_5000m,2019,https://worldathletics.org/athletes/athlete=14267438,toplist
60.0,15:11.11,,Amy-Eloise NEALE,05 AUG 1995,GBR,3,,"Concord, MA (USA)",13 JUN 2019,1142.0,women_5000m,2019,https://worldathletics.org/athletes/athlete=14404580,toplist
61.0,15:11.19,,Taylor WERNER,01 MAY 1998,USA,1f1,,"Boston Univ. Track & Tennis Center, Boston, MA (USA) (i)",07 DEC 2019,1165.0,women_5000m,2019,https://worldathletics.org/athletes/athlete=14534526,toplist
62.0,15:12.37,,Tigist GASHAW,25 DEC 1996,BRN,3,,Barcelona (ESP),17 JUL 2019,1139.0,women_5000m,2019,https://worldathletics.org/athletes/athlete=14477333,toplist
63.0,15:12.55,,Courtney FRERICHS,18 JAN 1993,USA,3f1,,"Boston, MA (USA) (i)",24 FEB 2019,1163.0,women_5000m,2019,https://worldathletics.org/athletes/athlete=14507523,toplist
64.0,15:12.72,,Naomi MUSSONI,06 DEC 1998,KEN,1f7,,"NITTAIDAI Athletic Stadium, Yokohama (JPN)",30 NOV 2019,1138.0,women_5000m,2019,https://worldathletics.org/athletes/athlete=14819304,toplist
65.0,15:12.96,,Tsigie GEBRESELAMA,30 SEP 2000,ETH,1,,Sagunto (ESP),01 AUG 2019,1138.0,women_5000m,2019,https://worldathletics.org/athletes/athlete=14848732,toplist
66.0,15:13.07,,Martha MOKAYA,12 MAR 2001,KEN,2f3,,"Ishin Me-Life Stadium, Yamaguchi (JPN)",07 DEC 2019,1138.0,women_5000m,2019,https://worldathletics.org/athletes/athlete=14700557,toplist
67.0,15:13.09,,Katie IZZO,22 DEC 1996,USA,2f1,,"Boston Univ. Track & Tennis Center, Boston, MA (USA) (i)",07 DEC 2019,1162.0,women_5000m,2019,https://worldathletics.org/athletes/athlete=14614138,toplist
68.0,15:14.13,,Katrina COOGAN,15 NOV 1993,USA,4,,"Concord, MA (USA)",13 JUN 2019,1136.0,women_5000m,2019,https://worldathletics.org/athletes/athlete=14326518,toplist
69.0,15:14.21,,Hellen Ekalale LOBUN,18 MAR 1999,KEN,3f3,,"Ishin Me-Life Stadium, Yamaguchi (JPN)",07 DEC 2019,1136.0,women_5000m,2019,https://worldathletics.org/athletes/athlete=14786743,toplist
70.0,15:14.23,,Helalia JOHANNES,13 AUG 1980,NAM,1,,"Five Rings Sports Center, Wuhan (CHN)",24 OCT 2019,1136.0,women_5000m,2019,https://worldathletics.org/athletes/athlete=14291432,toplist
71.0,15:14.64,,Lauren PAQUETTE,27 JUN 1986,USA,3,,"Los Angeles, CA (USA)",16 MAY 2019,1135.0,women_5000m,2019,https://worldathletics.org/athletes/athlete=14311688,toplist
72.0,15:14.71,,Weini KELATI FREZGHI,01 DEC 1996,ERI,3f1,,"Boston Univ. Track & Tennis Center, Boston, MA (USA) (i)",07 DEC 2019,1159.0,women_5000m,2019,https://worldathletics.org/athletes/athlete=14877184,toplist
73.0,15:14.88,,Beyenu DEGEFA,12 JUL 1999,ETH,8,,"Olympiastadion, Berlin (GER)",01 SEP 2019,1134.0,women_5000m,2019,https://worldathletics.org/athletes/athlete=14760219,toplist
74.0,15:15.50,,Shelby HOULIHAN,08 FEB 1993,USA,1,,"Drake Stadium, Des Moines, IA (USA)",28 JUL 2019,1133.0,women_5000m,2019,https://worldathletics.org/athletes/athlete=14368938,toplist
75.0,15:15.79,,Loice CHEMNUNG,22 FEB 1997,KEN,13,,"FBK Stadium, Hengelo (NED)",09 JUN 2019,1133.0,women_5000m,2019,https://worldathletics.org/athletes/athlete=14590680,toplist
76.0,15:15.93,,Winfred YAVI,31 DEC 1999,BRN,2,,"Five Rings Sports Center, Wuhan (CHN)",24 OCT 2019,1132.0,women_5000m,2019,https://worldathletics.org/athletes/athlete=14695622,toplist
77.0,15:16.47,,Jess JUDD,07 JAN 1995,GBR,17,,"Olympic Stadium, London (GBR)",21 JUL 2019,1131.0,women_5000m,2019,https://worldathletics.org/athletes/athlete=14336301,toplist
78.0,15:16.80,,Dolphine Nyaboke OMARE,26 JUL 2001,KEN,2f1,,Shibetsu (JPN),13 JUL 2019,1131.0,women_5000m,2019,https://worldathletics.org/athletes/athlete=14758190,toplist
79.0,15:17.13,,Mary Sipuko SIPUKO,10 MAY 1999,KEN,2f1,,Kitami (JPN),17 JUL 2019,1130.0,women_5000m,2019,https://worldathletics.org/athletes/athlete=14719683,toplist
80.0,15:17.20,,Maureen KOSTER,03 JUL 1992,NED,4,,Heusden-Zolder (BEL),20 JUL 2019,1130.0,women_5000m,2019,https://worldathletics.org/athletes/athlete=14372338,toplist
81.0,15:17.76,,Stephanie BRUCE,14 JAN 1984,USA,4,,"Los Angeles, CA (USA)",16 MAY 2019,1129.0,women_5000m,2019,https://worldathletics.org/athletes/athlete=14320297,toplist
82.0,15:18.05,,Esther CHEBET,09 OCT 1997,UGA,5,,Heusden-Zolder (BEL),20 JUL 2019,1128.0,women_5000m,2019,https://worldathletics.org/athletes/athlete=14677914,toplist
83.0,15:18.20,,Chaltu DIDA,20 SEP 1992,ETH,3,,Carquefou (FRA),21 JUN 2019,1128.0,women_5000m,2019,https://worldathletics.org/athletes/athlete=14602394,toplist
84.0,15:19.03,,Rosemary WANJIRU,09 DEC 1994,KEN,1f2,,Kumagaya (JPN),19 MAY 2019,1126.0,women_5000m,2019,https://worldathletics.org/athletes/athlete=14483460,toplist
85.0,15:19.1h,,Joyciline JEPKOSGEI,28 DEC 1993,KEN,1,,"Moi International Sports Centre, Kasarani, Nairobi (KEN)",03 JUL 2019,1126.0,women_5000m,2019,https://worldathletics.org/athletes/athlete=14704913,toplist
86.0,15:19.23,,Kellyn TAYLOR,22 JUL 1986,USA,5,,"Concord, MA (USA)",13 JUN 2019,1126.0,women_5000m,2019,https://worldathletics.org/athletes/athlete=14313751,toplist
87.0,15:19.74,,Hanna KLEIN,06 APR 1993,GER,10,,"Olympiastadion, Berlin (GER)",01 SEP 2019,1125.0,women_5000m,2019,https://worldathletics.org/athletes/athlete=14360692,toplist
88.0,15:19.75,,Rosie CLARKE,17 NOV 1991,GBR,18,,"Olympic Stadium, London (GBR)",21 JUL 2019,1125.0,women_5000m,2019,https://worldathletics.org/athletes/athlete=14458239,toplist
89.0,15:19.99,,Tomoka KIMURA,12 NOV 1994,JPN,1f1,,Nobeoka (JPN),04 MAY 2019,1125.0,women_5000m,2019,https://worldathletics.org/athletes/athlete=14423325,toplist
90.0,15:20.03,,Hitomi NIIYA,26 FEB 1988,JPN,6,,Heusden-Zolder (BEL),20 JUL 2019,1125.0,women_5000m,2019,https://worldathletics.org/athletes/athlete=14287407,toplist
91.0,15:20.50,,Joanne KIPKEMOI,27 NOV 1993,KEN,3f1,,Kitami (JPN),17 JUL 2019,1124.0,women_5000m,2019,https://worldathletics.org/athletes/athlete=14425795,toplist
92.0,15:20.73,,Susan JEPTOOO,07 MAR 1987,KEN,4,,Carquefou (FRA),21 JUN 2019,1123.0,women_5000m,2019,https://worldathletics.org/athletes/athlete=14523812,toplist
93.0,15:20.88,,Melissa DUNCAN,30 JAN 1990,AUS,1f3,,Kumamoto (JPN),14 APR 2019,1123.0,women_5000m,2019,https://worldathletics.org/athletes/athlete=14272171,toplist
94.0,15:21.12,,Jenny SIMPSON,23 AUG 1986,USA,1f1,,"Palo Alto, CA (USA)",02 MAY 2019,1122.0,women_5000m,2019,https://worldathletics.org/athletes/athlete=14305392,toplist
94.0,15:21.12,,Rachel CLIFF,01 APR 1988,CAN,7,,Heusden-Zolder (BEL),20 JUL 2019,1122.0,women_5000m,2019,https://worldathletics.org/athletes/athlete=14268196,toplist
96.0,15:21.38,,Roselida JEPKETER,05 NOV 2000,BRN,14,,"FBK Stadium, Hengelo (NED)",09 JUN 2019,1122.0,women_5000m,2019,https://worldathletics.org/athletes/athlete=14708964,toplist
97.0,15:21.40,,Rina NABESHIMA,16 DEC 1993,JPN,1f1,,Abashiri (JPN),22 JUL 2019,1122.0,women_5000m,2019,https://worldathletics.org/athletes/athlete=14520154,toplist
98.0,15:21.48,,Cynthia BAIRE,17 DEC 2002,KEN,,,Fukuoka (JPN),30 JUN 2019,1122.0,women_5000m,2019,https://worldathletics.org/athletes/athlete=14863185,toplist
99.0,15:21.87,,Abbey COOPER,25 MAY 1992,USA,6,,"Concord, MA (USA)",13 JUN 2019,1121.0,women_5000m,2019,https://worldathletics.org/athletes/athlete=14451797,toplist
100.0,15:22.14,,Svetlana APLACHKINA,28 NOV 1992,RUS,1,,Cheboksary (RUS),24 JUL 2019,1120.0,women_5000m,2019,https://worldathletics.org/athletes/athlete=14442634,toplist
1.0,14:06.62,,Letesenbet GIDEY,20 MAR 1998,ETH,1,,"Estadio de Atletismo del Turia, Valencia (ESP)",07 OCT 2020,1269.0,women_5000m,2020,https://worldathletics.org/athletes/athlete=14654918,toplist
2.0,14:22.12,,Hellen OBIRI,13 DEC 1989,KEN,1,,"Stade Louis II, Monaco (MON)",14 AUG 2020,1238.0,women_5000m,2020,https://worldathletics.org/athletes/athlete=14424921,toplist
3.0,14:23.92,,Shelby HOULIHAN,08 FEB 1993,USA,1,,"Jesuit High School Track, Portland, OR (USA)",10 JUL 2020,1234.0,women_5000m,2020,https://worldathletics.org/athletes/athlete=14368938,toplist
4.0,14:26.34,,Karissa SCHWEIZER,04 MAY 1996,USA,2,,"Jesuit High School Track, Portland, OR (USA)",10 JUL 2020,1229.0,women_5000m,2020,https://worldathletics.org/athletes/athlete=14470567,toplist
5.0,14:30.79,,Konstanze KLOSTERHALFEN,18 FEB 1997,GER,1f1,,"Boston Univ. Track & Tennis Center, Boston, MA (USA) (i)",27 FEB 2020,1246.0,women_5000m,2020,https://worldathletics.org/athletes/athlete=14496249,toplist
6.0,14:35.44,,Laura WEIGHTMAN,01 JUL 1991,GBR,3,,"Stade Louis II, Monaco (MON)",14 AUG 2020,1211.0,women_5000m,2020,https://worldathletics.org/athletes/athlete=14276688,toplist
7.0,14:37.85,,Sifan HASSAN,01 JAN 1993,NED,1,,"Mestský Stadion, Ostrava (CZE)",08 SEP 2020,1206.0,women_5000m,2020,https://worldathletics.org/athletes/athlete=14489606,toplist
8.0,14:40.51,,Sheila CHELANGAT,11 APR 1998,KEN,2,,"Mestský Stadion, Ostrava (CZE)",08 SEP 2020,1201.0,women_5000m,2020,https://worldathletics.org/athletes/athlete=14695577,toplist
9.0,14:40.70,,Yasemin CAN,11 DEC 1996,TUR,3,,"Mestský Stadion, Ostrava (CZE)",08 SEP 2020,1201.0,women_5000m,2020,https://worldathletics.org/athletes/athlete=14601536,toplist
10.0,14:43.80,,Jessica HULL,22 OCT 1996,AUS,4,,"Stade Louis II, Monaco (MON)",14 AUG 2020,1195.0,women_5000m,2020,https://worldathletics.org/athletes/athlete=14464506,toplist
11.0,14:45.11,,Shannon ROWBURY,19 SEP 1984,USA,5,,"Stade Louis II, Monaco (MON)",14 AUG 2020,1192.0,women_5000m,2020,https://worldathletics.org/athletes/athlete=14320310,toplist
12.0,14:46.22,,Gudaf TSEGAY,23 JAN 1997,ETH,4,,"Mestský Stadion, Ostrava (CZE)",08 SEP 2020,1190.0,women_5000m,2020,https://worldathletics.org/athletes/athlete=14595214,toplist
13.0,14:48.02,,Elise CRANNY,09 MAY 1996,USA,1,,"Jesuit High School Track, Portland, OR (USA)",30 JUN 2020,1186.0,women_5000m,2020,https://worldathletics.org/athletes/athlete=14531083,toplist
14.0,14:48.51,,Vanessa FRASER,27 JUL 1995,USA,2f1,,"Boston Univ. Track & Tennis Center, Boston, MA (USA) (i)",27 FEB 2020,1210.0,women_5000m,2020,https://worldathletics.org/athletes/athlete=14520041,toplist
15.0,14:50.06,,Courtney FRERICHS,18 JAN 1993,USA,2,,"Jesuit High School Track, Portland, OR (USA)",30 JUN 2020,1182.0,women_5000m,2020,https://worldathletics.org/athletes/athlete=14507523,toplist
16.0,14:51.91,,Emily INFELD,21 MAR 1990,USA,3f1,,"Boston Univ. Track & Tennis Center, Boston, MA (USA) (i)",27 FEB 2020,1204.0,women_5000m,2020,https://worldathletics.org/athletes/athlete=14313263,toplist
17.0,14:55.01,,Beatrice CHEPKOECH,06 JUL 1991,KEN,6,,"Stade Louis II, Monaco (MON)",14 AUG 2020,1173.0,women_5000m,2020,https://worldathletics.org/athletes/athlete=14383286,toplist
18.0,14:55.32,,Rebecca MWANGI,15 JUN 2001,KEN,1f3,,"Prefectural Stadium, Kumagaya (JPN)",20 SEP 2020,1172.0,women_5000m,2020,https://worldathletics.org/athletes/athlete=14855594,toplist
19.0,14:55.83,,Hitomi NIIYA,26 FEB 1988,JPN,2f3,,"Prefectural Stadium, Kumagaya (JPN)",20 SEP 2020,1171.0,women_5000m,2020,https://worldathletics.org/athletes/athlete=14287407,toplist
20.0,14:57.37,,Eilish MCCOLGAN,25 NOV 1990,GBR,7,,"Stade Louis II, Monaco (MON)",14 AUG 2020,1168.0,women_5000m,2020,https://worldathletics.org/athletes/athlete=14275729,toplist
21.0,14:58.67,,Jenny SIMPSON,23 AUG 1986,USA,1f1,,"Boston Univ. Track & Tennis Center, Boston, MA (USA) (i)",14 FEB 2020,1190.0,women_5000m,2020,https://worldathletics.org/athletes/athlete=14305392,toplist
22.0,14:59.37,,Ririka HIRONAKA,24 NOV 2000,JPN,3f3,,"Prefectural Stadium, Kumagaya (JPN)",20 SEP 2020,1164.0,women_5000m,2020,https://worldathletics.org/athletes/athlete=14766617,toplist
23.0,15:02.62,,Nozomi TANAKA,04 SEP 1999,JPN,1f1,,"Athletic Track, Abashiri (JPN)",15 JUL 2020,1158.0,women_5000m,2020,https://worldathletics.org/athletes/athlete=14632538,toplist
24.0,15:03.09,,Hellen Ekalale LOBUN,18 MAR 1999,KEN,2f1,,"Athletic Track, Abashiri (JPN)",15 JUL 2020,1157.0,women_5000m,2020,https://worldathletics.org/athletes/athlete=14786743,toplist
25.0,15:03.49,,Rosemary WANJIRU,09 DEC 1994,KEN,1f1,,"Athletics Stadium, Fukagawa (JPN)",08 JUL 2020,1156.0,women_5000m,2020,https://worldathletics.org/athletes/athlete=14483460,toplist
26.0,15:04.32,,Joanne KIPKEMOI,27 NOV 1993,KEN,3f1,,"Athletic Track, Abashiri (JPN)",15 JUL 2020,1155.0,women_5000m,2020,https://worldathletics.org/athletes/athlete=14425795,toplist
27.0,15:05.78,,Kaede HAGITANI,10 OCT 2000,JPN,4f1,,"Athletic Track, Abashiri (JPN)",15 JUL 2020,1152.0,women_5000m,2020,https://worldathletics.org/athletes/athlete=14852027,toplist
28.0,15:06.66,,Mao ICHIYAMA,29 MAY 1997,JPN,1f1,,"Aoba Park Athletic Field, Chitose (JPN)",18 JUL 2020,1150.0,women_5000m,2020,https://worldathletics.org/athletes/athlete=14695498,toplist
29.0,15:06.71,,Agnes Jebet TIROP,23 OCT 1995,KEN,2,,"Nyayo National Stadium, Nairobi (KEN)",03 OCT 2020,1150.0,women_5000m,2020,https://worldathletics.org/athletes/athlete=14289007,toplist
30.0,15:07.13,,Cynthia BAIRE,17 DEC 2002,KEN,2f1,,"Aoba Park Athletic Field, Chitose (JPN)",18 JUL 2020,1149.0,women_5000m,2020,https://worldathletics.org/athletes/athlete=14863185,toplist
31.0,15:07.44,,Emily LIPARI,19 NOV 1992,USA,1,,"Boston Univ. Track & Tennis Center, Boston, MA (USA) (i)",01 FEB 2020,1173.0,women_5000m,2020,https://worldathletics.org/athletes/athlete=14315463,toplist
32.0,15:07.52,,Judy Jepngetich CHEPASKWONY,24 DEC 2002,KEN,1f2,,"Edion Stadium, Hiroshima (JPN)",29 NOV 2020,1148.0,women_5000m,2020,https://worldathletics.org/athletes/athlete=14933950,toplist
33.0,15:09.63,,Tabithanjeri KAMAU,03 JUL 2000,KEN,,,"Yanmar Stadium Nagai, Osaka (JPN)",04 DEC 2020,1144.0,women_5000m,2020,https://worldathletics.org/athletes/athlete=14767078,toplist
34.0,15:10.01,,Lauren PAQUETTE,27 JUN 1986,USA,1,,"Los Angeles, CA (USA)",22 AUG 2020,1144.0,women_5000m,2020,https://worldathletics.org/athletes/athlete=14311688,toplist
35.0,15:10.10,,Margaret AKIDOR,26 JUN 2002,KEN,1,,"Denka Big Swan Stadium, Niigata (JPN)",29 OCT 2020,1144.0,women_5000m,2020,https://worldathletics.org/athletes/athlete=14798242,toplist
36.0,15:10.42,,Colleen QUIGLEY,20 NOV 1992,USA,3,,"Jesuit High School Track, Portland, OR (USA)",30 JUN 2020,1143.0,women_5000m,2020,https://worldathletics.org/athletes/athlete=14437440,toplist
37.0,15:10.98,,Gwen JORGENSEN,25 APR 1986,USA,5f1,,"Boston Univ. Track & Tennis Center, Boston, MA (USA) (i)",27 FEB 2020,1166.0,women_5000m,2020,https://worldathletics.org/athletes/athlete=14314034,toplist
38.0,15:11.11,,Margaret Chelimo KIPKEMBOI,09 FEB 1993,KEN,3,,"Nyayo National Stadium, Nairobi (KEN)",03 OCT 2020,1142.0,women_5000m,2020,https://worldathletics.org/athletes/athlete=14375882,toplist
39.0,15:11.50,,Kellyn TAYLOR,22 JUL 1986,USA,2,,"Los Angeles, CA (USA)",22 AUG 2020,1141.0,women_5000m,2020,https://worldathletics.org/athletes/athlete=14313751,toplist
40.0,15:12.33,,Jessica TONN,15 FEB 1992,USA,6f1,,"Boston Univ. Track & Tennis Center, Boston, MA (USA) (i)",27 FEB 2020,1163.0,women_5000m,2020,https://worldathletics.org/athletes/athlete=14335825,toplist
41.0,15:13.04,,Sharon LOKEDI,10 MAR 1994,KEN,2,,"Boston Univ. Track & Tennis Center, Boston, MA (USA) (i)",01 FEB 2020,1162.0,women_5000m,2020,https://worldathletics.org/athletes/athlete=14684778,toplist
42.0,15:13.38,,Tsigie GEBRESELAMA,30 SEP 2000,ETH,4,,"Nyayo National Stadium, Nairobi (KEN)",03 OCT 2020,1137.0,women_5000m,2020,https://worldathletics.org/athletes/athlete=14848732,toplist
43.0,15:13.44,,Zeyituba HUSAN,12 JAN 1999,ETH,3f1,,"Aoba Park Athletic Field, Chitose (JPN)",18 JUL 2020,1137.0,women_5000m,2020,https://worldathletics.org/athletes/athlete=14839530,toplist
44.0,15:14.71,,Alicia MONSON,13 MAY 1998,USA,3,,"Los Angeles, CA (USA)",22 AUG 2020,1135.0,women_5000m,2020,https://worldathletics.org/athletes/athlete=14708276,toplist
45.0,15:14.76,,Erika KEMP,26 JAN 1995,USA,7f1,,"Boston Univ. Track & Tennis Center, Boston, MA (USA) (i)",27 FEB 2020,1158.0,women_5000m,2020,https://worldathletics.org/athletes/athlete=14647694,toplist
46.0,15:14.84,,Winnie JEROTICH,27 NOV 1999,KEN,5f1,,"Athletic Track, Abashiri (JPN)",15 JUL 2020,1134.0,women_5000m,2020,https://worldathletics.org/athletes/athlete=14899667,toplist
47.0,15:15.14,,Agnes Mwikali MUTUKU,15 DEC 2002,KEN,1f2,,"Municipal Stadium, Miyoshi (JPN)",26 SEP 2020,1134.0,women_5000m,2020,https://worldathletics.org/athletes/athlete=14915503,toplist
48.0,15:16.50,,Melissa COURTNEY-BRYANT,30 AUG 1993,GBR,5,,"Mestský Stadion, Ostrava (CZE)",08 SEP 2020,1131.0,women_5000m,2020,https://worldathletics.org/athletes/athlete=14274781,toplist
49.0,15:16.52,,Sayaka SATO,27 MAY 1994,JPN,5f3,,"Prefectural Stadium, Kumagaya (JPN)",20 SEP 2020,1131.0,women_5000m,2020,https://worldathletics.org/athletes/athlete=14594119,toplist
50.0,15:17.11,,Danielle JONES,21 AUG 1996,USA,2f1,,"Boston Univ. Track & Tennis Center, Boston, MA (USA) (i)",14 FEB 2020,1154.0,women_5000m,2020,https://worldathletics.org/athletes/athlete=14479600,toplist
51.0,15:18.06,,Dana GIORDANO,30 DEC 1993,USA,4f2,,"JSerra Catholic HS, San Juan Capistrano, CA (USA)",04 DEC 2020,1128.0,women_5000m,2020,https://worldathletics.org/athletes/athlete=14463984,toplist
52.0,15:18.82,,Stella RUTTO,1999,KEN,f1,,"Cluj Arena, Cluj-Napoca (ROU)",05 SEP 2020,1127.0,women_5000m,2020,https://worldathletics.org/athletes/athlete=14530634,toplist
53.0,15:19.21,,Stephanie BRUCE,14 JAN 1984,USA,5,,"Los Angeles, CA (USA)",22 AUG 2020,1126.0,women_5000m,2020,https://worldathletics.org/athletes/athlete=14320297,toplist
54.0,15:19.67,,Mikuni YADA,29 OCT 1999,JPN,4f1,,"Aoba Park Athletic Field, Chitose (JPN)",18 JUL 2020,1125.0,women_5000m,2020,https://worldathletics.org/athletes/athlete=14747887,toplist
55.0,15:19.71,,Allie OSTRANDER,24 DEC 1996,USA,8f1,,"Boston Univ. Track & Tennis Center, Boston, MA (USA) (i)",27 FEB 2020,1149.0,women_5000m,2020,https://worldathletics.org/athletes/athlete=14645999,toplist
56.0,15:19.79,,Joyce Chepkemoi TELE,03 MAY 1995,KEN,5,,"Nyayo National Stadium, Nairobi (KEN)",03 OCT 2020,1125.0,women_5000m,2020,https://worldathletics.org/athletes/athlete=14335575,toplist
57.0,15:20.02,,Pauline KAMULU,30 DEC 1994,KEN,1,,"Juntendo University Stadium, Inzai (JPN)",26 SEP 2020,1125.0,women_5000m,2020,https://worldathletics.org/athletes/athlete=14577978,toplist
58.0,15:20.60,,Genevieve GREGSON,04 AUG 1989,AUS,3,,"Lakeside Stadium, Melbourne (AUS)",06 FEB 2020,1123.0,women_5000m,2020,https://worldathletics.org/athletes/athlete=14271807,toplist
59.0,15:20.73,,Marielle HALL,28 JAN 1992,USA,9f1,,"Boston Univ. Track & Tennis Center, Boston, MA (USA) (i)",27 FEB 2020,1147.0,women_5000m,2020,https://worldathletics.org/athletes/athlete=14366610,toplist
60.0,15:20.80,,Molly HUDDLE,31 AUG 1984,USA,1,,"Newton North HS, Newton, MA (USA)",07 SEP 2020,1123.0,women_5000m,2020,https://worldathletics.org/athletes/athlete=14313054,toplist
61.0,15:20.84,,Dominique SCOTT,24 JUN 1992,RSA,3,,"Boston Univ. Track & Tennis Center, Boston, MA (USA) (i)",01 FEB 2020,1147.0,women_5000m,2020,https://worldathletics.org/athletes/athlete=14941416,toplist
62.0,15:20.93,,Maureen KOSTER,03 JUL 1992,NED,6,,"Mestský Stadion, Ostrava (CZE)",08 SEP 2020,1123.0,women_5000m,2020,https://worldathletics.org/athletes/athlete=14372338,toplist
63.0,15:21.44,,Laura Valgreen PETERSEN,28 DEC 2000,DEN,7,,"Mestský Stadion, Ostrava (CZE)",08 SEP 2020,1122.0,women_5000m,2020,https://worldathletics.org/athletes/athlete=14763258,toplist
64.0,15:22.14,,Jenny BLUNDELL,09 MAY 1994,AUS,4,,"Lakeside Stadium, Melbourne (AUS)",06 FEB 2020,1120.0,women_5000m,2020,https://worldathletics.org/athletes/athlete=14272435,toplist
65.0,15:23.88,,Kasumi NISHIHARA,01 MAR 1989,JPN,4,,"Yanmar Stadium Nagai, Osaka (JPN)",04 DEC 2020,1117.0,women_5000m,2020,https://worldathletics.org/athletes/athlete=14287422,toplist
66.0,15:24.24,,Momoka KAWAGUCHI,28 JUN 1998,JPN,5,,"Yanmar Stadium Nagai, Osaka (JPN)",04 DEC 2020,1116.0,women_5000m,2020,https://worldathletics.org/athletes/athlete=14668328,toplist
67.0,15:24.61,,Yuri TASAKI,13 FEB 2001,JPN,6,,"Yanmar Stadium Nagai, Osaka (JPN)",04 DEC 2020,1116.0,women_5000m,2020,https://worldathletics.org/athletes/athlete=14855571,toplist
68.0,15:25.11,,Nicole HUTCHINSON,17 JUN 1997,CAN,4,,"Boston Univ. Track & Tennis Center, Boston, MA (USA) (i)",01 FEB 2020,1138.0,women_5000m,2020,https://worldathletics.org/athletes/athlete=14593913,toplist
69.0,15:25.14,,Yuna WADA,07 AUG 1999,JPN,7,,"Yanmar Stadium Nagai, Osaka (JPN)",04 DEC 2020,1115.0,women_5000m,2020,https://worldathletics.org/athletes/athlete=14719661,toplist
70.0,15:25.22,,Linden HALL,20 JUN 1991,AUS,5,,"Lakeside Stadium, Melbourne (AUS)",06 FEB 2020,1115.0,women_5000m,2020,https://worldathletics.org/athletes/athlete=14272002,toplist
71.0,15:25.59,,Heidi SEE,09 AUG 1989,AUS,10f1,,"Boston Univ. Track & Tennis Center, Boston, MA (USA) (i)",27 FEB 2020,1137.0,women_5000m,2020,https://worldathletics.org/athletes/athlete=14272019,toplist
72.0,15:25.94,,Shiori YANO,11 FEB 1995,JPN,5f1,,"Aoba Park Athletic Field, Chitose (JPN)",18 JUL 2020,1113.0,women_5000m,2020,https://worldathletics.org/athletes/athlete=14439394,toplist
73.0,15:26.22,,Makena MORLEY,21 NOV 1996,USA,3f1,,"Boston Univ. Track & Tennis Center, Boston, MA (USA) (i)",14 FEB 2020,1136.0,women_5000m,2020,https://worldathletics.org/athletes/athlete=14584248,toplist
74.0,15:26.34,,Yuka ANDO,16 MAR 1994,JPN,7f3,,"Prefectural Stadium, Kumagaya (JPN)",20 SEP 2020,1113.0,women_5000m,2020,https://worldathletics.org/athletes/athlete=14419637,toplist
75.0,15:26.48,,Isobel BATT-DOYLE,14 SEP 1995,AUS,1,,"SA Athletic Stadium, Adelaide (AUS)",02 DEC 2020,1112.0,women_5000m,2020,https://worldathletics.org/athletes/athlete=14519260,toplist
76.0,15:27.46,,Elly HENES,13 OCT 1998,USA,2,,"Newton North HS, Newton, MA (USA)",07 SEP 2020,1110.0,women_5000m,2020,https://worldathletics.org/athletes/athlete=14666149,toplist
77.0,15:27.54,,Meraf BAHTA,24 JUN 1989,SWE,9,,"Mestský Stadion, Ostrava (CZE)",08 SEP 2020,1110.0,women_5000m,2020,https://worldathletics.org/athletes/athlete=14262200,toplist
78.0,15:27.89,,Elaina TABB,17 DEC 1991,USA,3,,"Newton North HS, Newton, MA (USA)",07 SEP 2020,1110.0,women_5000m,2020,https://worldathletics.org/athletes/athlete=14459404,toplist
79.0,15:29.03,,Rino GOSHIMA,29 OCT 1997,JPN,8,,"Yanmar Stadium Nagai, Osaka (JPN)",04 DEC 2020,1107.0,women_5000m,2020,https://worldathletics.org/athletes/athlete=14608144,toplist
80.0,15:29.14,,Laura GALVÁN,05 OCT 1991,MEX,5f2,,"JSerra Catholic HS, San Juan Capistrano, CA (USA)",04 DEC 2020,1107.0,women_5000m,2020,https://worldathletics.org/athletes/athlete=14329560,toplist
81.0,15:29.18,,Sara MIYAKE,26 JUL 1999,JPN,7f1,,"Aoba Park Athletic Field, Chitose (JPN)",18 JUL 2020,1107.0,women_5000m,2020,https://worldathletics.org/athletes/athlete=14766627,toplist
82.0,15:29.43,,Lonah Chemtai SALPETER,12 DEC 1988,ISR,1f1,,Tel Aviv (ISR),21 JUN 2020,1107.0,women_5000m,2020,https://worldathletics.org/athletes/athlete=14523502,toplist
83.0,15:29.65,,Emily BRICHACEK,07 JUL 1990,AUS,6,,"Lakeside Stadium, Melbourne (AUS)",06 FEB 2020,1106.0,women_5000m,2020,https://worldathletics.org/athletes/athlete=14271463,toplist
84.0,15:29.91,,Misuzu NAKAHARA,29 NOV 1994,JPN,9,,"Yanmar Stadium Nagai, Osaka (JPN)",04 DEC 2020,1106.0,women_5000m,2020,https://worldathletics.org/athletes/athlete=14462561,toplist
85.0,15:30.04,,Maho SHIMIZU,07 MAY 1995,JPN,7f1,,"Athletic Track, Abashiri (JPN)",15 JUL 2020,1105.0,women_5000m,2020,https://worldathletics.org/athletes/athlete=14739831,toplist
86.0,15:30.15,,Rose DAVIES,21 DEC 1999,AUS,7,,"Lakeside Stadium, Melbourne (AUS)",06 FEB 2020,1105.0,women_5000m,2020,https://worldathletics.org/athletes/athlete=14517594,toplist
87.0,15:31.34,,Svetlana APLACHKINA,28 NOV 1992,RUS,1,,"Yelena Yelesina Stadium, Chelyabinsk (RUS)",08 SEP 2020,1103.0,women_5000m,2020,https://worldathletics.org/athletes/athlete=14442634,toplist
88.0,15:31.49,,Rina NABESHIMA,16 DEC 1993,JPN,8f3,,"Prefectural Stadium, Kumagaya (JPN)",20 SEP 2020,1103.0,women_5000m,2020,https://worldathletics.org/athletes/athlete=14520154,toplist
89.0,15:31.51,,Honami MAEDA,17 JUL 1996,JPN,10f1,,"Aoba Park Athletic Field, Chitose (JPN)",18 JUL 2020,1103.0,women_5000m,2020,https://worldathletics.org/athletes/athlete=14643309,toplist
90.0,15:31.60,,Miyaka SUGATA,09 MAR 2001,JPN,9f3,,"Prefectural Stadium, Kumagaya (JPN)",20 SEP 2020,1103.0,women_5000m,2020,https://worldathletics.org/athletes/athlete=14793340,toplist
91.0,15:31.87,,Svetlana KARAMASHEVA,24 MAY 1988,RUS,2,,"Yelena Yelesina Stadium, Chelyabinsk (RUS)",08 SEP 2020,1102.0,women_5000m,2020,https://worldathletics.org/athletes/athlete=14298946,toplist
92.0,15:31.97,,Hannah EVERSON,21 APR 1994,USA,1,,"Lipscomb Academy, Nashville, TN (USA)",15 AUG 2020,1102.0,women_5000m,2020,https://worldathletics.org/athletes/athlete=14532463,toplist
93.0,15:32.17,,Caitlin ADAMS,07 JUL 1997,AUS,8,,"Lakeside Stadium, Melbourne (AUS)",06 FEB 2020,1101.0,women_5000m,2020,https://worldathletics.org/athletes/athlete=14554526,toplist
94.0,15:32.46,,Harumi OKAMOTO,07 FEB 1998,JPN,10,,"Yanmar Stadium Nagai, Osaka (JPN)",04 DEC 2020,1101.0,women_5000m,2020,https://worldathletics.org/athletes/athlete=14659421,toplist
95.0,15:32.72,,Amy-Eloise NEALE,05 AUG 1995,GBR,11f1,,"Boston Univ. Track & Tennis Center, Boston, MA (USA) (i)",27 FEB 2020,1124.0,women_5000m,2020,https://worldathletics.org/athletes/athlete=14404580,toplist
96.0,15:32.93,,Yekaterina ISHOVA,17 JAN 1989,RUS,3,,"Yelena Yelesina Stadium, Chelyabinsk (RUS)",08 SEP 2020,1100.0,women_5000m,2020,https://worldathletics.org/athletes/athlete=14297822,toplist
97.0,15:32.98,,Eleanor FULTON,17 MAY 1993,USA,6f2,,"JSerra Catholic HS, San Juan Capistrano, CA (USA)",04 DEC 2020,1100.0,women_5000m,2020,https://worldathletics.org/athletes/athlete=14375260,toplist
98.0,15:33.04,,Aude KOROTCHANSKY,12 SEP 1991,FRA,1,,"Stade Helitas, Caen (FRA)",19 JUL 2020,1100.0,women_5000m,2020,https://worldathletics.org/athletes/athlete=14379258,toplist
98.0,15:33.04,,Martha MOKAYA,12 MAR 2001,KEN,1f3,,"Ishin Me-Life Stadium, Yamaguchi (JPN)",05 DEC 2020,1100.0,women_5000m,2020,https://worldathletics.org/athletes/athlete=14700557,toplist
100.0,15:33.17,,Regan YEE,04 JUL 1995,CAN,1f4,,"Dempsey Indoor, Seattle, WA (USA) (i)",14 FEB 2020,0.0,women_5000m,2020,https://worldathletics.org/athletes/athlete=14501254,toplist
1.0,14:13.32,,Gudaf TSEGAY,23 JAN 1997,ETH,1,,"FBK Stadium, Hengelo (NED)",08 JUN 2021,1255.0,women_5000m,2021,https://worldathletics.org/athletes/athlete=14595214,toplist
2.0,14:14.09,,Ejgayehu TAYE,10 FEB 2000,ETH,2,,"FBK Stadium, Hengelo (NED)",08 JUN 2021,1254.0,women_5000m,2021,https://worldathletics.org/athletes/athlete=14848746,toplist
3.0,14:15.24,,Senbere TEFERI,03 MAY 1995,ETH,3,,"FBK Stadium, Hengelo (NED)",08 JUN 2021,1251.0,women_5000m,2021,https://worldathletics.org/athletes/athlete=14477329,toplist
4.0,14:25.34,,Francine NIYONSABA,05 MAY 1993,BDI,1,,"Boudewijnstadion, Bruxelles (BEL)",03 SEP 2021,1231.0,women_5000m,2021,https://worldathletics.org/athletes/athlete=14532686,toplist
5.0,14:26.23,,Hellen OBIRI,13 DEC 1989,KEN,3,,"Boudewijnstadion, Bruxelles (BEL)",03 SEP 2021,1229.0,women_5000m,2021,https://worldathletics.org/athletes/athlete=14424921,toplist
6.0,14:26.80,,Fantu WORKU,29 MAR 1999,ETH,2,,"Bislett Stadion, Oslo (NOR)",01 JUL 2021,1228.0,women_5000m,2021,https://worldathletics.org/athletes/athlete=14751322,toplist
7.0,14:27.12,,Margaret Chelimo KIPKEMBOI,09 FEB 1993,KEN,4,,"Boudewijnstadion, Bruxelles (BEL)",03 SEP 2021,1228.0,women_5000m,2021,https://worldathletics.org/athletes/athlete=14375882,toplist
8.0,14:27.89,,Sifan HASSAN,01 JAN 1993,NED,1,,"Hayward Field, Eugene, OR (USA)",20 AUG 2021,1226.0,women_5000m,2021,https://worldathletics.org/athletes/athlete=14489606,toplist
9.0,14:28.55,,Eilish MCCOLGAN,25 NOV 1990,GBR,4,,"Bislett Stadion, Oslo (NOR)",01 JUL 2021,1225.0,women_5000m,2021,https://worldathletics.org/athletes/athlete=14275729,toplist
10.0,14:30.32,,Lilian Kasait RENGERUK,03 MAY 1997,KEN,5,,"Boudewijnstadion, Bruxelles (BEL)",03 SEP 2021,1221.0,women_5000m,2021,https://worldathletics.org/athletes/athlete=14590678,toplist
11.0,14:30.77,,Eva CHERONO,15 AUG 1996,KEN,6,,"Boudewijnstadion, Bruxelles (BEL)",03 SEP 2021,1220.0,women_5000m,2021,https://worldathletics.org/athletes/athlete=14472835,toplist
12.0,14:34.55,,Beatrice CHEBET,05 MAR 2000,KEN,5,,"Bislett Stadion, Oslo (NOR)",01 JUL 2021,1213.0,women_5000m,2021,https://worldathletics.org/athletes/athlete=14749924,toplist
13.0,14:35.88,,Konstanze KLOSTERHALFEN,18 FEB 1997,GER,8,,"Boudewijnstadion, Bruxelles (BEL)",03 SEP 2021,1210.0,women_5000m,2021,https://worldathletics.org/athletes/athlete=14496249,toplist
14.0,14:36.89,,Meskerem MAMO,13 APR 1999,ETH,5,,"FBK Stadium, Hengelo (NED)",08 JUN 2021,1208.0,women_5000m,2021,https://worldathletics.org/athletes/athlete=14751324,toplist
15.0,14:39.62,,Agnes Jebet TIROP,23 OCT 1995,KEN,4,,"National Stadium, Tokyo (JPN)",02 AUG 2021,1203.0,women_5000m,2021,https://worldathletics.org/athletes/athlete=14289007,toplist
16.0,14:42.56,,Alicia MONSON,13 MAY 1998,USA,9,,"Boudewijnstadion, Bruxelles (BEL)",03 SEP 2021,1197.0,women_5000m,2021,https://worldathletics.org/athletes/athlete=14708276,toplist
17.0,14:43.26,,Karoline Bjerkeli GRØVDAL,14 JUN 1990,NOR,10,,"Boudewijnstadion, Bruxelles (BEL)",03 SEP 2021,1196.0,women_5000m,2021,https://worldathletics.org/athletes/athlete=14292573,toplist
18.0,14:43.65,,Loice CHEMNUNG,22 FEB 1997,KEN,4,,"Hayward Field, Eugene, OR (USA)",20 AUG 2021,1195.0,women_5000m,2021,https://worldathletics.org/athletes/athlete=14590680,toplist
19.0,14:44.51,,Fantaye BELAYNEH,11 SEP 2000,ETH,6,,"FBK Stadium, Hengelo (NED)",08 JUN 2021,1193.0,women_5000m,2021,https://worldathletics.org/athletes/athlete=14977672,toplist
20.0,14:45.19,,Hawi FEYSA,01 FEB 1999,ETH,7,,"FBK Stadium, Hengelo (NED)",08 JUN 2021,1192.0,women_5000m,2021,https://worldathletics.org/athletes/athlete=14786742,toplist
21.0,14:46.13,,Yasemin CAN,11 DEC 1996,TUR,6,,"Bislett Stadion, Oslo (NOR)",01 JUL 2021,1190.0,women_5000m,2021,https://worldathletics.org/athletes/athlete=14601536,toplist
22.0,14:46.20,,Mizan ALEM,22 JAN 2002,ETH,8,,"FBK Stadium, Hengelo (NED)",08 JUN 2021,1190.0,women_5000m,2021,https://worldathletics.org/athletes/athlete=14848748,toplist
23.0,14:46.29,,Nadia BATTOCLETTI,12 APR 2000,ITA,7,,"National Stadium, Tokyo (JPN)",02 AUG 2021,1190.0,women_5000m,2021,https://worldathletics.org/athletes/athlete=14700830,toplist
24.0,14:49.94,,Naomi MUSSONI,06 DEC 1998,KEN,1f8,,"NITTAIDAI Athletic Stadium, Yokohama (JPN)",04 DEC 2021,1183.0,women_5000m,2021,https://worldathletics.org/athletes/athlete=14819304,toplist
25.0,14:50.88,,Abersh MINSEWO,22 FEB 2001,ETH,12,,"Boudewijnstadion, Bruxelles (BEL)",03 SEP 2021,1181.0,women_5000m,2021,https://worldathletics.org/athletes/athlete=14805770,toplist
26.0,14:51.32,,Josette NORRIS,15 DEC 1995,USA,1,,"Cougar Athletic Stadium, Azusa, CA (USA)",25 JUL 2021,1180.0,women_5000m,2021,https://worldathletics.org/athletes/athlete=14574966,toplist
27.0,14:51.34,,Karissa SCHWEIZER,04 MAY 1996,USA,7h1,,"National Stadium, Tokyo (JPN)",30 JUL 2021,1180.0,women_5000m,2021,https://worldathletics.org/athletes/athlete=14470567,toplist
28.0,14:52.04,,Rachel SCHNEIDER,18 JUL 1991,USA,3f1,,"Irvine, CA (USA)",15 MAY 2021,1179.0,women_5000m,2021,https://worldathletics.org/athletes/athlete=14320785,toplist
29.0,14:52.37,,Abbey COOPER,25 MAY 1992,USA,6,,"Hayward Field, Eugene, OR (USA)",20 AUG 2021,1178.0,women_5000m,2021,https://worldathletics.org/athletes/athlete=14451797,toplist
30.0,14:52.66,,Sheila CHELANGAT,11 APR 1998,KEN,7,,"Hayward Field, Eugene, OR (USA)",20 AUG 2021,1177.0,women_5000m,2021,https://worldathletics.org/athletes/athlete=14695577,toplist
31.0,14:52.84,,Ririka HIRONAKA,24 NOV 2000,JPN,9,,"National Stadium, Tokyo (JPN)",02 AUG 2021,1177.0,women_5000m,2021,https://worldathletics.org/athletes/athlete=14766617,toplist
32.0,14:52.92,,Kalkidan GEZAHEGNE,08 MAY 1991,BRN,2,,"Stade des Grands Pêchers, Montreuil (FRA)",01 JUN 2021,1177.0,women_5000m,2021,https://worldathletics.org/athletes/athlete=14259836,toplist
33.0,14:53.43,,Selamawit TEFERI,24 MAR 1994,ISR,8h1,,"National Stadium, Tokyo (JPN)",30 JUL 2021,1176.0,women_5000m,2021,https://worldathletics.org/athletes/athlete=14794741,toplist
34.0,14:53.73,,Agnes Mwikali MUTUKU,15 DEC 2002,KEN,2f8,,"NITTAIDAI Athletic Stadium, Yokohama (JPN)",04 DEC 2021,1175.0,women_5000m,2021,https://worldathletics.org/athletes/athlete=14915503,toplist
35.0,14:53.77,,Yalemzerf YEHUALAW,03 AUG 1999,ETH,1,,"Parc des Sports C. Ehrmann, Nice (FRA)",12 JUN 2021,1175.0,women_5000m,2021,https://worldathletics.org/athletes/athlete=14893581,toplist
36.0,14:53.84,,Emily SISSON,12 OCT 1991,USA,4f1,,"Irvine, CA (USA)",15 MAY 2021,1175.0,women_5000m,2021,https://worldathletics.org/athletes/athlete=14321386,toplist
37.0,14:54.06,,Sheila CHEPKIRUI,27 DEC 1990,KEN,3,,"Stade des Grands Pêchers, Montreuil (FRA)",01 JUN 2021,1175.0,women_5000m,2021,https://worldathletics.org/athletes/athlete=14289156,toplist
38.0,14:54.09,,Emily INFELD,21 MAR 1990,USA,3,,"Cougar Athletic Stadium, Azusa, CA (USA)",25 JUL 2021,1175.0,women_5000m,2021,https://worldathletics.org/athletes/athlete=14313263,toplist
39.0,14:54.22,,Bosena MULATIE,21 NOV 2001,ETH,1,,"Stade Du Moulin Boisseau, Carquefou (FRA)",11 JUN 2021,1174.0,women_5000m,2021,https://worldathletics.org/athletes/athlete=14921807,toplist
40.0,14:54.25,,Tabithanjeri KAMAU,03 JUL 2000,KEN,3f8,,"NITTAIDAI Athletic Stadium, Yokohama (JPN)",04 DEC 2021,1174.0,women_5000m,2021,https://worldathletics.org/athletes/athlete=14767078,toplist
41.0,14:54.70,,Mercy CHERONO,07 MAY 1991,KEN,5,,"Stade des Grands Pêchers, Montreuil (FRA)",01 JUN 2021,1173.0,women_5000m,2021,https://worldathletics.org/athletes/athlete=14288952,toplist
42.0,14:55.43,,Margaret AKIDOR,26 JUN 2002,KEN,1f6,,"NITTAIDAI Athletic Stadium, Yokohama (JPN)",13 NOV 2021,1172.0,women_5000m,2021,https://worldathletics.org/athletes/athlete=14798242,toplist
43.0,14:55.56,,Rahel DANIEL,16 NOV 2001,ERI,9,,"FBK Stadium, Hengelo (NED)",08 JUN 2021,1172.0,women_5000m,2021,https://worldathletics.org/athletes/athlete=14857262,toplist
44.0,14:55.98,,Elise CRANNY,09 MAY 1996,USA,13,,"National Stadium, Tokyo (JPN)",02 AUG 2021,1171.0,women_5000m,2021,https://worldathletics.org/athletes/athlete=14531083,toplist
45.0,14:56.46,,Daisy CHEROTICH,30 MAY 1997,KEN,14,,"Boudewijnstadion, Bruxelles (BEL)",03 SEP 2021,1170.0,women_5000m,2021,https://worldathletics.org/athletes/athlete=14790677,toplist
46.0,14:56.7h,,Letesenbet GIDEY,20 MAR 1998,ETH,2,,Addis Ababa (ETH),11 APR 2021,1169.0,women_5000m,2021,https://worldathletics.org/athletes/athlete=14654918,toplist
47.0,14:57.00,,Jessica HULL,22 OCT 1996,AUS,1f1,,"Griswold Stadium, Portland, OR (USA)",29 MAY 2021,1169.0,women_5000m,2021,https://worldathletics.org/athletes/athlete=14464506,toplist
48.0,14:57.07,,Andrea SECCAFIEN,27 AUG 1990,CAN,2f1,,"Griswold Stadium, Portland, OR (USA)",29 MAY 2021,1169.0,women_5000m,2021,https://worldathletics.org/athletes/athlete=14267226,toplist
49.0,14:57.50,,Julie-Anne STAEHLI,21 DEC 1993,CAN,3f1,,"Griswold Stadium, Portland, OR (USA)",29 MAY 2021,1168.0,women_5000m,2021,https://worldathletics.org/athletes/athlete=14551238,toplist
50.0,14:57.54,,Allie BUCHALSKI,12 JAN 1995,USA,2,,"JSerra Catholic HS, San Juan Capistrano, CA (USA)",06 MAR 2021,1168.0,women_5000m,2021,https://worldathletics.org/athletes/athlete=14588599,toplist
51.0,14:57.55,,Judy Jepngetich CHEPASKWONY,24 DEC 2002,KEN,1f3,,"Yanmar Stadium Nagai, Osaka (JPN)",26 SEP 2021,1168.0,women_5000m,2021,https://worldathletics.org/athletes/athlete=14933950,toplist
52.0,14:57.90,,Rebecca MWANGI,15 JUN 2001,KEN,2f3,,"Yanmar Stadium Nagai, Osaka (JPN)",26 SEP 2021,1167.0,women_5000m,2021,https://worldathletics.org/athletes/athlete=14855594,toplist
53.0,14:58.24,,Weini KELATI FREZGHI,01 DEC 1996,USA,3,,"JSerra Catholic HS, San Juan Capistrano, CA (USA)",06 MAR 2021,1166.0,women_5000m,2021,https://worldathletics.org/athletes/athlete=14877184,toplist
54.0,14:58.53,,Lomi MULETA,29 NOV 2001,ETH,3,,"Parc des Sports C. Ehrmann, Nice (FRA)",12 JUN 2021,1166.0,women_5000m,2021,https://worldathletics.org/athletes/athlete=14893973,toplist
55.0,14:59.36,,Kaede HAGITANI,10 OCT 2000,JPN,4f3,,"Yanmar Stadium Nagai, Osaka (JPN)",26 SEP 2021,1164.0,women_5000m,2021,https://worldathletics.org/athletes/athlete=14852027,toplist
56.0,14:59.53,,Medina EISA,2002,ETH,10,,"FBK Stadium, Hengelo (NED)",08 JUN 2021,1164.0,women_5000m,2021,https://worldathletics.org/athletes/athlete=14985841,toplist
57.0,14:59.80,,Kate VAN BUSKIRK,09 JUN 1987,CAN,5f1,,"Irvine, CA (USA)",15 MAY 2021,1163.0,women_5000m,2021,https://worldathletics.org/athletes/athlete=14267049,toplist
58.0,14:59.93,,Nozomi TANAKA,04 SEP 1999,JPN,6h2,,"National Stadium, Tokyo (JPN)",30 JUL 2021,1163.0,women_5000m,2021,https://worldathletics.org/athletes/athlete=14632538,toplist
59.0,15:00.16,,Laura GALVÁN,05 OCT 1991,MEX,11h1,,"National Stadium, Tokyo (JPN)",30 JUL 2021,1163.0,women_5000m,2021,https://worldathletics.org/athletes/athlete=14329560,toplist
60.0,15:01.14,,Hellen Ekalale LOBUN,18 MAR 1999,KEN,5f3,,"Yanmar Stadium Nagai, Osaka (JPN)",26 SEP 2021,1161.0,women_5000m,2021,https://worldathletics.org/athletes/athlete=14786743,toplist
61.0,15:01.66,,Dominique SCOTT,24 JUN 1992,RSA,15,,"Boudewijnstadion, Bruxelles (BEL)",03 SEP 2021,1160.0,women_5000m,2021,https://worldathletics.org/athletes/athlete=14941416,toplist
62.0,15:01.99,,Hanna KLEIN,06 APR 1993,GER,7f1,,"Irvine, CA (USA)",15 MAY 2021,1159.0,women_5000m,2021,https://worldathletics.org/athletes/athlete=14360692,toplist
63.0,15:02.27,,Lemlem HAILU,25 MAY 2001,ETH,1,,"Polideportivo Municipal, Andújar (ESP)",22 MAY 2021,1159.0,women_5000m,2021,https://worldathletics.org/athletes/athlete=14806061,toplist
64.0,15:02.48,,Tomoka KIMURA,12 NOV 1994,JPN,2,,"Takebishi Stadium, Kyoto (JPN)",10 DEC 2021,1158.0,women_5000m,2021,https://worldathletics.org/athletes/athlete=14423325,toplist
65.0,15:03.22,,Amy-Eloise MARKOVC,05 AUG 1995,GBR,9h2,,"National Stadium, Tokyo (JPN)",30 JUL 2021,1157.0,women_5000m,2021,https://worldathletics.org/athletes/athlete=14404580,toplist
66.0,15:03.51,,Verity OCKENDEN,31 AUG 1991,GBR,8f1,,"Irvine, CA (USA)",15 MAY 2021,1156.0,women_5000m,2021,https://worldathletics.org/athletes/athlete=14471081,toplist
67.0,15:03.60,,Joan Chelimo MELLY,10 NOV 1990,ROU,6,,"Stade des Grands Pêchers, Montreuil (FRA)",01 JUN 2021,1156.0,women_5000m,2021,https://worldathletics.org/athletes/athlete=14426302,toplist
68.0,15:03.73,,Naomi CHEPNGENO,22 DEC 1994,KEN,7,,"Moi International Sports Centre, Kasarani, Nairobi (KEN)",17 JUN 2021,1156.0,women_5000m,2021,https://worldathletics.org/athletes/athlete=14425858,toplist
69.0,15:04.10,,Isobel BATT-DOYLE,14 SEP 1995,AUS,1,,"Atletiekbaan Brakkenstein, Nijmegen (NED)",29 MAY 2021,1155.0,women_5000m,2021,https://worldathletics.org/athletes/athlete=14519260,toplist
70.0,15:04.89,,Esther CHEBET,09 OCT 1997,UGA,2,,"Atletiekbaan Brakkenstein, Nijmegen (NED)",29 MAY 2021,1154.0,women_5000m,2021,https://worldathletics.org/athletes/athlete=14677914,toplist
71.0,15:04.95,,Natosha ROGERS,07 MAY 1991,USA,9f1,,"Irvine, CA (USA)",15 MAY 2021,1153.0,women_5000m,2021,https://worldathletics.org/athletes/athlete=14413831,toplist
72.0,15:05.39,,Prisca CHESANG,07 AUG 2003,UGA,11,,"FBK Stadium, Hengelo (NED)",08 JUN 2021,1153.0,women_5000m,2021,https://worldathletics.org/athletes/athlete=14980121,toplist
73.0,15:05.76,,Irine Chepet CHEPTAI,04 FEB 1992,KEN,2,,"Stade Naimette-Xhovémont, Liège (BEL)",30 JUN 2021,1152.0,women_5000m,2021,https://worldathletics.org/athletes/athlete=14288936,toplist
74.0,15:05.91,,Natalia HAWTHORN,12 JAN 1995,CAN,3,,"Hilmer Lodge Stadium, Walnut, CA (USA)",09 MAY 2021,1152.0,women_5000m,2021,https://worldathletics.org/athletes/athlete=14435989,toplist
75.0,15:06.02,,Jess JUDD,07 JAN 1995,GBR,4,,"Hilmer Lodge Stadium, Walnut, CA (USA)",09 MAY 2021,1151.0,women_5000m,2021,https://worldathletics.org/athletes/athlete=14336301,toplist
76.0,15:06.76,,Teresiah GATERI,05 JAN 2002,KEN,1f1,,"Municipal Stadium, Hiroshima (JPN)",29 APR 2021,1150.0,women_5000m,2021,https://worldathletics.org/athletes/athlete=14798246,toplist
77.0,15:07.34,,Agnes Jebet NGETICH,23 JAN 2001,KEN,8,,"Moi International Sports Centre, Kasarani, Nairobi (KEN)",17 JUN 2021,1149.0,women_5000m,2021,https://worldathletics.org/athletes/athlete=14758189,toplist
78.0,15:07.52,,Diane VAN ES,22 MAR 1999,NED,3,,"Atletiekbaan Brakkenstein, Nijmegen (NED)",29 MAY 2021,1148.0,women_5000m,2021,https://worldathletics.org/athletes/athlete=14625026,toplist
79.0,15:08.28,,Gwen JORGENSEN,25 APR 1986,USA,5,,"JSerra Catholic HS, San Juan Capistrano, CA (USA)",06 MAR 2021,1147.0,women_5000m,2021,https://worldathletics.org/athletes/athlete=14314034,toplist
80.0,15:08.48,,Rose DAVIES,21 DEC 1999,AUS,4,,"Atletiekbaan Brakkenstein, Nijmegen (NED)",29 MAY 2021,1147.0,women_5000m,2021,https://worldathletics.org/athletes/athlete=14517594,toplist
81.0,15:08.61,,Ellinor PURRIER,20 FEB 1995,USA,1,,"St. Michael's HS, Austin, TX (USA)",27 FEB 2021,1146.0,women_5000m,2021,https://worldathletics.org/athletes/athlete=14627694,toplist
82.0,15:08.67,,Jackline Chepwogen ROTICH,03 JUL 2000,KEN,7,,"Stade des Grands Pêchers, Montreuil (FRA)",01 JUN 2021,1146.0,women_5000m,2021,https://worldathletics.org/athletes/athlete=14847912,toplist
83.0,15:08.72,,Sayaka SATO,27 MAY 1994,JPN,7f3,,"Yanmar Stadium Nagai, Osaka (JPN)",26 SEP 2021,1146.0,women_5000m,2021,https://worldathletics.org/athletes/athlete=14594119,toplist
84.0,15:08.79,,Etagegn WOLDU,10 MAY 1996,ETH,12,,"FBK Stadium, Hengelo (NED)",08 JUN 2021,1146.0,women_5000m,2021,https://worldathletics.org/athletes/athlete=14593389,toplist
85.0,15:08.80,,Annie RODENFELS,24 JUL 1996,USA,1f1,,"Boston Univ. Track & Tennis Center, Boston, MA (USA) (i)",04 DEC 2021,1170.0,women_5000m,2021,https://worldathletics.org/athletes/athlete=14762729,toplist
86.0,15:08.92,,Meraf BAHTA,24 JUN 1989,SWE,5,,"Parc des Sports C. Ehrmann, Nice (FRA)",12 JUN 2021,1146.0,women_5000m,2021,https://worldathletics.org/athletes/athlete=14262200,toplist
87.0,15:09.47,,Whittni MORGAN,22 OCT 1997,USA,2f1,,"Boston Univ. Track & Tennis Center, Boston, MA (USA) (i)",04 DEC 2021,1169.0,women_5000m,2021,https://worldathletics.org/athletes/athlete=14770924,toplist
88.0,15:09.61,,Genzebe DIBABA,08 FEB 1991,ETH,2,,"Polideportivo Municipal, Andújar (ESP)",22 MAY 2021,1144.0,women_5000m,2021,https://worldathletics.org/athletes/athlete=14259874,toplist
89.0,15:10.10,,Erika KEMP,26 JAN 1995,USA,3,,"Bishop Feehan HS, Boston, MA (USA)",29 MAY 2021,1144.0,women_5000m,2021,https://worldathletics.org/athletes/athlete=14647694,toplist
90.0,15:10.24,,Sarah LAHTI,18 FEB 1995,SWE,9,,"Bislett Stadion, Oslo (NOR)",01 JUL 2021,1143.0,women_5000m,2021,https://worldathletics.org/athletes/athlete=14403185,toplist
91.0,15:10.27,,Jenny BLUNDELL,09 MAY 1994,AUS,1,,"The Crest Athletics Centre, Bankstown, Sydney (AUS)",29 JUN 2021,1143.0,women_5000m,2021,https://worldathletics.org/athletes/athlete=14272435,toplist
92.0,15:11.09,,Mercyline CHELANGAT,17 DEC 1997,UGA,6,,"Parc des Sports C. Ehrmann, Nice (FRA)",12 JUN 2021,1142.0,women_5000m,2021,https://worldathletics.org/athletes/athlete=14693567,toplist
93.0,15:12.17,,Grace BARNETT,29 JUN 1995,USA,1f2,,"Irvine, CA (USA)",15 MAY 2021,1140.0,women_5000m,2021,https://worldathletics.org/athletes/athlete=14615319,toplist
94.0,15:12.61,,Kellyn TAYLOR,22 JUL 1986,USA,6,,"JSerra Catholic HS, San Juan Capistrano, CA (USA)",06 MAR 2021,1139.0,women_5000m,2021,https://worldathletics.org/athletes/athlete=14313751,toplist
95.0,15:13.56,,Sarah LANCASTER,01 DEC 1987,USA,2f2,,"Irvine, CA (USA)",15 MAY 2021,1137.0,women_5000m,2021,https://worldathletics.org/athletes/athlete=14753099,toplist
96.0,15:13.73,,Hitomi NIIYA,26 FEB 1988,JPN,2,,"Yanmar Stadium Nagai, Osaka (JPN)",27 JUN 2021,1137.0,women_5000m,2021,https://worldathletics.org/athletes/athlete=14287407,toplist
97.0,15:13.84,,Cynthia BAIRE,17 DEC 2002,KEN,4f1,,"Municipal Stadium, Hiroshima (JPN)",29 APR 2021,1136.0,women_5000m,2021,https://worldathletics.org/athletes/athlete=14863185,toplist
98.0,15:14.20,,Violah CHEPTOO,01 MAR 1989,KEN,5f1,,"Griswold Stadium, Portland, OR (USA)",29 MAY 2021,1136.0,women_5000m,2021,https://worldathletics.org/athletes/athlete=14372181,toplist
99.0,15:14.41,,Millie PALADINO,18 OCT 1995,USA,3f2,,"Irvine, CA (USA)",15 MAY 2021,1135.0,women_5000m,2021,https://worldathletics.org/athletes/athlete=14530959,toplist
100.0,15:14.93,,Siham HILALI,02 MAY 1986,MAR,2,,"Stade Du Moulin Boisseau, Carquefou (FRA)",11 JUN 2021,1134.0,women_5000m,2021,https://worldathletics.org/athletes/athlete=14290679,toplist
1.0,14:12.98,,Ejgayehu TAYE,10 FEB 2000,ETH,1,,"Hayward Field, Eugene, OR (USA)",27 MAY 2022,1256.0,women_5000m,2022,https://worldathletics.org/athletes/athlete=14848746,toplist
2.0,14:24.59,,Letesenbet GIDEY,20 MAR 1998,ETH,2,,"Hayward Field, Eugene, OR (USA)",27 MAY 2022,1233.0,women_5000m,2022,https://worldathletics.org/athletes/athlete=14654918,toplist
3.0,14:25.84,,Dawit SEYAUM,27 JUL 1996,ETH,1,,"Bislett Stadion, Oslo (NOR)",16 JUN 2022,1230.0,women_5000m,2022,https://worldathletics.org/athletes/athlete=14578833,toplist
4.0,14:26.69,,Gudaf TSEGAY,23 JAN 1997,ETH,2,,"Bislett Stadion, Oslo (NOR)",16 JUN 2022,1229.0,women_5000m,2022,https://worldathletics.org/athletes/athlete=14595214,toplist
5.0,14:31.07,,Karoline Bjerkeli GRØVDAL,14 JUN 1990,NOR,4,,"Bislett Stadion, Oslo (NOR)",16 JUN 2022,1220.0,women_5000m,2022,https://worldathletics.org/athletes/athlete=14292573,toplist
6.0,14:31.11,,Alicia MONSON,13 MAY 1998,USA,5,,"Bislett Stadion, Oslo (NOR)",16 JUN 2022,1220.0,women_5000m,2022,https://worldathletics.org/athletes/athlete=14708276,toplist
7.0,14:31.38,,Gabriela DEBUES-STAFFORD,13 SEP 1995,CAN,1f1,,"Boston Univ. Track & Tennis Center, Boston, MA (USA) (i)",11 FEB 2022,1245.0,women_5000m,2022,https://worldathletics.org/athletes/athlete=14501531,toplist
8.0,14:32.17,,Almaz AYANA,21 NOV 1991,ETH,6,,"Bislett Stadion, Oslo (NOR)",16 JUN 2022,1218.0,women_5000m,2022,https://worldathletics.org/athletes/athlete=14259917,toplist
9.0,14:33.17,,Elise CRANNY,09 MAY 1996,USA,2f1,,"Boston Univ. Track & Tennis Center, Boston, MA (USA) (i)",11 FEB 2022,1241.0,women_5000m,2022,https://worldathletics.org/athletes/athlete=14531083,toplist
10.0,14:33.66,,Hawi FEYSA,01 FEB 1999,ETH,7,,"Bislett Stadion, Oslo (NOR)",16 JUN 2022,1215.0,women_5000m,2022,https://worldathletics.org/athletes/athlete=14786742,toplist
11.0,14:36.66,,Rahel DANIEL,16 NOV 2001,ERI,3,,"Hayward Field, Eugene, OR (USA)",27 MAY 2022,1209.0,women_5000m,2022,https://worldathletics.org/athletes/athlete=14857262,toplist
12.0,14:37.94,,Konstanze KLOSTERHALFEN,18 FEB 1997,GER,8,,"Bislett Stadion, Oslo (NOR)",16 JUN 2022,1206.0,women_5000m,2022,https://worldathletics.org/athletes/athlete=14496249,toplist
13.0,14:38.21,,Beatrice CHEBET,05 MAR 2000,KEN,1,,"Alexander Stadium, Birmingham (GBR)",07 AUG 2022,1206.0,women_5000m,2022,https://worldathletics.org/athletes/athlete=14749924,toplist
14.0,14:41.40,,Yasemin CAN,11 DEC 1996,TUR,9,,"Bislett Stadion, Oslo (NOR)",16 JUN 2022,1199.0,women_5000m,2022,https://worldathletics.org/athletes/athlete=14601536,toplist
15.0,14:42.14,,Eilish MCCOLGAN,25 NOV 1990,GBR,2,,"Alexander Stadium, Birmingham (GBR)",07 AUG 2022,1198.0,women_5000m,2022,https://worldathletics.org/athletes/athlete=14275729,toplist
16.0,14:43.90,,Tsigie GEBRESELAMA,30 SEP 2000,ETH,10,,"Bislett Stadion, Oslo (NOR)",16 JUN 2022,1194.0,women_5000m,2022,https://worldathletics.org/athletes/athlete=14848732,toplist
17.0,14:44.73,,Lemlem HAILU,25 MAY 2001,ETH,4,,"Hayward Field, Eugene, OR (USA)",27 MAY 2022,1193.0,women_5000m,2022,https://worldathletics.org/athletes/athlete=14806061,toplist
18.0,14:44.83,,Margaret AKIDOR,26 JUN 2002,KEN,1f4,,"NITTAIDAI Athletic Stadium, Yokohama (JPN)",12 NOV 2022,1193.0,women_5000m,2022,https://worldathletics.org/athletes/athlete=14798242,toplist
19.0,14:44.89,,Teresiah GATERI,05 JAN 2002,KEN,5,,"Hayward Field, Eugene, OR (USA)",27 MAY 2022,1193.0,women_5000m,2022,https://worldathletics.org/athletes/athlete=14798246,toplist
20.0,14:45.69,,Daisy JEPKEMEI,13 FEB 1996,KAZ,1,,"Stade des Grands Pêchers, Montreuil (FRA)",02 JUN 2022,1191.0,women_5000m,2022,https://worldathletics.org/athletes/athlete=14530633,toplist
21.0,14:47.37,,Fantu WORKU,29 MAR 1999,ETH,6,,"Hayward Field, Eugene, OR (USA)",27 MAY 2022,1188.0,women_5000m,2022,https://worldathletics.org/athletes/athlete=14751322,toplist
22.0,14:47.71,,Margaret Chelimo KIPKEMBOI,09 FEB 1993,KEN,4,,"Hayward Field, Eugene, OR (USA)",23 JUL 2022,1187.0,women_5000m,2022,https://worldathletics.org/athletes/athlete=14375882,toplist
23.0,14:47.98,,Abersh MINSEWO,22 FEB 2001,ETH,11,,"Bislett Stadion, Oslo (NOR)",16 JUN 2022,1186.0,women_5000m,2022,https://worldathletics.org/athletes/athlete=14805770,toplist
24.0,14:48.12,,Sifan HASSAN,01 JAN 1993,NED,6,,"Hayward Field, Eugene, OR (USA)",23 JUL 2022,1186.0,women_5000m,2022,https://worldathletics.org/athletes/athlete=14489606,toplist
25.0,14:48.24,,Selah BUSIENEI,27 DEC 1991,KEN,3,,"Alexander Stadium, Birmingham (GBR)",07 AUG 2022,1186.0,women_5000m,2022,https://worldathletics.org/athletes/athlete=14479236,toplist
26.0,14:48.26,,Tabithanjeri KAMAU,03 JUL 2000,KEN,2f4,,"NITTAIDAI Athletic Stadium, Yokohama (JPN)",12 NOV 2022,1186.0,women_5000m,2022,https://worldathletics.org/athletes/athlete=14767078,toplist
27.0,14:48.75,,Courtney FRERICHS,18 JAN 1993,USA,3f1,,"Boston Univ. Track & Tennis Center, Boston, MA (USA) (i)",11 FEB 2022,1210.0,women_5000m,2022,https://worldathletics.org/athletes/athlete=14507523,toplist
28.0,14:49.97,,Girmawit GEBRZIHAIR,21 NOV 2001,ETH,1,,"Moi International Sports Centre, Kasarani, Nairobi (KEN)",07 MAY 2022,1183.0,women_5000m,2022,https://worldathletics.org/athletes/athlete=14848733,toplist
29.0,14:50.20,,Judy Jepngetich CHEPASKWONY,24 DEC 2002,KEN,1f4,,"Takebishi Stadium, Kyoto (JPN)",10 DEC 2022,1182.0,women_5000m,2022,https://worldathletics.org/athletes/athlete=14933950,toplist
30.0,14:51.15,,Laura GALVÁN,05 OCT 1991,MEX,12,,"Bislett Stadion, Oslo (NOR)",16 JUN 2022,1180.0,women_5000m,2022,https://worldathletics.org/athletes/athlete=14329560,toplist
31.0,14:51.35,,Agnes Mwikali MUTUKU,15 DEC 2002,KEN,2f4,,"Takebishi Stadium, Kyoto (JPN)",10 DEC 2022,1180.0,women_5000m,2022,https://worldathletics.org/athletes/athlete=14915503,toplist
32.0,14:51.71,,Hanna KLEIN,06 APR 1993,GER,5,,"Alexander Stadium, Birmingham (GBR)",21 MAY 2022,1179.0,women_5000m,2022,https://worldathletics.org/athletes/athlete=14360692,toplist
33.0,14:52.54,,Caroline Chepkoech KIPKIRUI,26 MAY 1994,KAZ,2h2,,"Hayward Field, Eugene, OR (USA)",20 JUL 2022,1178.0,women_5000m,2022,https://worldathletics.org/athletes/athlete=14423904,toplist
34.0,14:52.87,,Elly HENES,13 OCT 1998,USA,2,,"Olympiastadion, Berlin (GER)",04 SEP 2022,1177.0,women_5000m,2022,https://worldathletics.org/athletes/athlete=14666149,toplist
35.0,14:53.69,,Karissa SCHWEIZER,04 MAY 1996,USA,5h1,,"Hayward Field, Eugene, OR (USA)",20 JUL 2022,1175.0,women_5000m,2022,https://worldathletics.org/athletes/athlete=14470567,toplist
36.0,14:54.19,,Pauline KAMULU,30 DEC 1994,KEN,3f4,,"Takebishi Stadium, Kyoto (JPN)",10 DEC 2022,1174.0,women_5000m,2022,https://worldathletics.org/athletes/athlete=14577978,toplist
37.0,14:56.60,,Amy-Eloise MARKOVC,05 AUG 1995,GBR,4,,"Alexander Stadium, Birmingham (GBR)",07 AUG 2022,1170.0,women_5000m,2022,https://worldathletics.org/athletes/athlete=14404580,toplist
38.0,14:57.07,,Weini KELATI FREZGHI,01 DEC 1996,USA,1f1,,"Griswold Stadium, Portland, OR (USA)",11 JUN 2022,1169.0,women_5000m,2022,https://worldathletics.org/athletes/athlete=14877184,toplist
39.0,14:57.19,,Jess JUDD,07 JAN 1995,GBR,6,,"Alexander Stadium, Birmingham (GBR)",21 MAY 2022,1168.0,women_5000m,2022,https://worldathletics.org/athletes/athlete=14336301,toplist
40.0,14:58.60,,Nozomi TANAKA,04 SEP 1999,JPN,2f3,,"Nagaragawa Stadium, Gifu (JPN)",25 SEP 2022,1166.0,women_5000m,2022,https://worldathletics.org/athletes/athlete=14632538,toplist
41.0,15:00.64,,Maureen KOSTER,03 JUL 1992,NED,14,,"Bislett Stadion, Oslo (NOR)",16 JUN 2022,1162.0,women_5000m,2022,https://worldathletics.org/athletes/athlete=14372338,toplist
42.0,15:00.98,,Emily INFELD,21 MAR 1990,USA,6h1,,"Hayward Field, Eugene, OR (USA)",20 JUL 2022,1161.0,women_5000m,2022,https://worldathletics.org/athletes/athlete=14313263,toplist
43.0,15:01.89,,Fantaye BELAYNEH,11 SEP 2000,ETH,2,,"Cote d'Or National Sports Complex, St Pierre (MRI)",09 JUN 2022,1159.0,women_5000m,2022,https://worldathletics.org/athletes/athlete=14977672,toplist
44.0,15:02.03,,Ririka HIRONAKA,24 NOV 2000,JPN,7h1,,"Hayward Field, Eugene, OR (USA)",20 JUL 2022,1159.0,women_5000m,2022,https://worldathletics.org/athletes/athlete=14766617,toplist
45.0,15:02.15,,Esther CHEBET,09 OCT 1997,UGA,3,,"x-bionic sphere, Šamorín (SVK)",09 JUN 2022,1159.0,women_5000m,2022,https://worldathletics.org/athletes/athlete=14677914,toplist
46.0,15:02.55,,Calli THACKERY,09 JAN 1993,GBR,1,,"Longford Stadium Trafford, Manchester (GBR)",23 JUL 2022,1158.0,women_5000m,2022,https://worldathletics.org/athletes/athlete=14276523,toplist
47.0,15:02.63,,Millie PALADINO,18 OCT 1995,USA,4f1,,"Boston Univ. Track & Tennis Center, Boston, MA (USA) (i)",11 FEB 2022,1182.0,women_5000m,2022,https://worldathletics.org/athletes/athlete=14530959,toplist
48.0,15:03.34,,Janeth Nyiva MUTUNGI,27 AUG 2003,KEN,1f1,,"Nishishina Athletic Stadium, Nobeoka (JPN)",04 MAY 2022,1157.0,women_5000m,2022,https://worldathletics.org/athletes/athlete=14849583,toplist
49.0,15:03.72,,Naomi MUSSONI,06 DEC 1998,KEN,3,,"Denka Big Swan Stadium, Niigata (JPN)",01 OCT 2022,1156.0,women_5000m,2022,https://worldathletics.org/athletes/athlete=14819304,toplist
50.0,15:03.94,,Hellen Ekalale LOBUN,18 MAR 1999,KEN,2f3,,"Egao Kenko Stadium, Kumamoto (JPN)",09 APR 2022,1155.0,women_5000m,2022,https://worldathletics.org/athletes/athlete=14786743,toplist
51.0,15:04.87,,Sarah LAHTI,18 FEB 1995,SWE,7,,"Alexander Stadium, Birmingham (GBR)",21 MAY 2022,1154.0,women_5000m,2022,https://worldathletics.org/athletes/athlete=14403185,toplist
52.0,15:05.04,,Vanessa FRASER,27 JUL 1995,USA,2f1,,"Griswold Stadium, Portland, OR (USA)",11 JUN 2022,1153.0,women_5000m,2022,https://worldathletics.org/athletes/athlete=14520041,toplist
53.0,15:05.22,,Natosha ROGERS,07 MAY 1991,USA,1f1,,"JSerra Catholic HS, San Juan Capistrano, CA (USA)",06 MAY 2022,1153.0,women_5000m,2022,https://worldathletics.org/athletes/athlete=14413831,toplist
54.0,15:05.34,,Caroline NYAGA,07 OCT 1993,KEN,3,,"Cote d'Or National Sports Complex, St Pierre (MRI)",09 JUN 2022,1153.0,women_5000m,2022,https://worldathletics.org/athletes/athlete=14814043,toplist
55.0,15:05.51,,Sarah INGLIS,28 AUG 1991,GBR,3f1,,"Griswold Stadium, Portland, OR (USA)",11 JUN 2022,1152.0,women_5000m,2022,https://worldathletics.org/athletes/athlete=14275418,toplist
56.0,15:05.56,,Fiona O'KEEFFE,24 MAY 1998,USA,4f1,,"Griswold Stadium, Portland, OR (USA)",11 JUN 2022,1152.0,women_5000m,2022,https://worldathletics.org/athletes/athlete=14639376,toplist
57.0,15:05.66,,Karabakarione WANIKU,2004,KEN,3f1,,"Nishishina Athletic Stadium, Nobeoka (JPN)",04 MAY 2022,1152.0,women_5000m,2022,https://worldathletics.org/athletes/kenya/karabakarione-waniku-15030890,toplist
58.0,15:05.94,,Taryn RAWLINGS,17 APR 1996,USA,2f1,,"JSerra Catholic HS, San Juan Capistrano, CA (USA)",06 MAY 2022,1152.0,women_5000m,2022,https://worldathletics.org/athletes/athlete=14531322,toplist
59.0,15:06.13,,Jessica HULL,22 OCT 1996,AUS,1,,"SOPAC, Sydney (AUS)",02 APR 2022,1151.0,women_5000m,2022,https://worldathletics.org/athletes/athlete=14464506,toplist
60.0,15:06.29,,Alina REH,23 MAY 1997,GER,15,,"Bislett Stadion, Oslo (NOR)",16 JUN 2022,1151.0,women_5000m,2022,https://worldathletics.org/athletes/athlete=14507612,toplist
61.0,15:06.48,,Meraf BAHTA,24 JUN 1989,SWE,2,,"Stade des Grands Pêchers, Montreuil (FRA)",02 JUN 2022,1150.0,women_5000m,2022,https://worldathletics.org/athletes/athlete=14262200,toplist
62.0,15:06.50,,Natalie RULE,08 AUG 1996,AUS,3f1,,"JSerra Catholic HS, San Juan Capistrano, CA (USA)",06 MAY 2022,1150.0,women_5000m,2022,https://worldathletics.org/athletes/athlete=14386626,toplist
63.0,15:06.93,,Stella RUTTO,1999,ROU,3,,"Stade des Grands Pêchers, Montreuil (FRA)",02 JUN 2022,1150.0,women_5000m,2022,https://worldathletics.org/athletes/athlete=14530634,toplist
64.0,15:07.22,,Emily LIPARI,19 NOV 1992,USA,6f1,,"JSerra Catholic HS, San Juan Capistrano, CA (USA)",06 MAY 2022,1149.0,women_5000m,2022,https://worldathletics.org/athletes/athlete=14315463,toplist
65.0,15:07.49,,Rose DAVIES,21 DEC 1999,AUS,2,,"SOPAC, Sydney (AUS)",02 APR 2022,1149.0,women_5000m,2022,https://worldathletics.org/athletes/athlete=14517594,toplist
65.0,15:07.49,,Joanne KIPKEMOI,27 NOV 1993,KEN,4f1,,"Nishishina Athletic Stadium, Nobeoka (JPN)",04 MAY 2022,1149.0,women_5000m,2022,https://worldathletics.org/athletes/athlete=14425795,toplist
67.0,15:07.50,,Dominique SCOTT,24 JUN 1992,RSA,5,,"Alexander Stadium, Birmingham (GBR)",07 AUG 2022,1149.0,women_5000m,2022,https://worldathletics.org/athletes/athlete=14941416,toplist
68.0,15:07.79,,Sarah CHELANGAT,05 JUN 2001,UGA,6,,"Alexander Stadium, Birmingham (GBR)",07 AUG 2022,1148.0,women_5000m,2022,https://worldathletics.org/athletes/athlete=14786748,toplist
69.0,15:08.22,,Annie RODENFELS,24 JUL 1996,USA,1f1,,"Boston Univ. Track & Tennis Center, Boston, MA (USA) (i)",03 DEC 2022,1171.0,women_5000m,2022,https://worldathletics.org/athletes/athlete=14762729,toplist
70.0,15:08.65,,Melknat WUDU,03 JAN 2005,ETH,4,,"Cote d'Or National Sports Complex, St Pierre (MRI)",09 JUN 2022,1146.0,women_5000m,2022,https://worldathletics.org/athletes/athlete=14923882,toplist
71.0,15:09.59,,Sarah LANCASTER,01 DEC 1987,USA,8f1,,"JSerra Catholic HS, San Juan Capistrano, CA (USA)",06 MAY 2022,1144.0,women_5000m,2022,https://worldathletics.org/athletes/athlete=14753099,toplist
72.0,15:10.20,,Whittni MORGAN,22 OCT 1997,USA,9f1,,"JSerra Catholic HS, San Juan Capistrano, CA (USA)",06 MAY 2022,1143.0,women_5000m,2022,https://worldathletics.org/athletes/athlete=14770924,toplist
73.0,15:10.62,,Carla GALLARDO,09 FEB 1999,ESP,8,,"Alexander Stadium, Birmingham (GBR)",21 MAY 2022,1143.0,women_5000m,2022,https://worldathletics.org/athletes/athlete=14688215,toplist
74.0,15:10.90,,Nadia BATTOCLETTI,12 APR 2000,ITA,7,,"Olympiastadion, München (GER)",18 AUG 2022,1142.0,women_5000m,2022,https://worldathletics.org/athletes/athlete=14700830,toplist
75.0,15:10.97,,Isobel BATT-DOYLE,14 SEP 1995,AUS,4,,"SOPAC, Sydney (AUS)",02 APR 2022,1142.0,women_5000m,2022,https://worldathletics.org/athletes/athlete=14519260,toplist
76.0,15:11.09,,Dolphine Nyaboke OMARE,26 JUL 2001,KEN,5f3,,"Egao Kenko Stadium, Kumamoto (JPN)",09 APR 2022,1142.0,women_5000m,2022,https://worldathletics.org/athletes/athlete=14758190,toplist
77.0,15:12.13,,Natalia HAWTHORN,12 JAN 1995,CAN,10f1,,"JSerra Catholic HS, San Juan Capistrano, CA (USA)",06 MAY 2022,1140.0,women_5000m,2022,https://worldathletics.org/athletes/athlete=14435989,toplist
78.0,15:12.59,,Zenah Jemutai YEGO,02 DEC 2002,KEN,3,,"Moi International Sports Centre, Kasarani, Nairobi (KEN)",07 MAY 2022,1139.0,women_5000m,2022,https://worldathletics.org/athletes/athlete=14798251,toplist
79.0,15:13.53,,Rino GOSHIMA,29 OCT 1997,JPN,3,,"Yanmar Stadium Nagai, Osaka (JPN)",12 JUN 2022,1137.0,women_5000m,2022,https://worldathletics.org/athletes/athlete=14608144,toplist
80.0,15:14.01,,Medina EISA,2002,ETH,1,,"Stade Naimette-Xhovémont, Liège (BEL)",29 JUN 2022,1136.0,women_5000m,2022,https://worldathletics.org/athletes/athlete=14985841,toplist
81.0,15:14.21,,Tomoka KIMURA,12 NOV 1994,JPN,3f1,,"Aoba Park Athletic Field, Chitose (JPN)",16 JUL 2022,1136.0,women_5000m,2022,https://worldathletics.org/athletes/athlete=14423325,toplist
82.0,15:14.36,,Selamawit TEFERI,24 MAR 1994,ISR,8,,"Olympiastadion, München (GER)",18 AUG 2022,1135.0,women_5000m,2022,https://worldathletics.org/athletes/athlete=14794741,toplist
83.0,15:14.56,,Esther MUTHONI,27 DEC 2001,KEN,1f3,,"Takebishi Stadium, Kyoto (JPN)",10 DEC 2022,1135.0,women_5000m,2022,https://worldathletics.org/athletes/kenya/esther-muthoni-14962711,toplist
84.0,15:14.61,,Katelyn TUOHY,18 MAR 2002,USA,1,,"UVA Lanningan Field, Charlottesville, VA (USA)",22 APR 2022,1135.0,women_5000m,2022,https://worldathletics.org/athletes/athlete=14679744,toplist
85.0,15:14.77,,Asayech AYICHEW,03 APR 2005,ETH,2,,"Stade Naimette-Xhovémont, Liège (BEL)",29 JUN 2022,1135.0,women_5000m,2022,https://worldathletics.org/athletes/ethiopia/asayech-ayichew-15041291,toplist
86.0,15:15.03,,Rika KASEDA,02 MAR 1999,JPN,4f1,,"Aoba Park Athletic Field, Chitose (JPN)",16 JUL 2022,1134.0,women_5000m,2022,https://worldathletics.org/athletes/athlete=14719677,toplist
87.0,15:15.39,,Mercy CHERONO,07 MAY 1991,KEN,4,,"Moi International Sports Centre, Kasarani, Nairobi (KEN)",07 MAY 2022,1133.0,women_5000m,2022,https://worldathletics.org/athletes/athlete=14288952,toplist
88.0,15:15.48,,Biruktayit DEGEFA,29 SEP 1990,ETH,1,,"Vanderbilt Track, Nashville, TN (USA)",04 JUN 2022,1133.0,women_5000m,2022,https://worldathletics.org/athletes/athlete=14383846,toplist
89.0,15:15.77,,Allie BUCHALSKI,12 JAN 1995,USA,11f1,,"JSerra Catholic HS, San Juan Capistrano, CA (USA)",06 MAY 2022,1133.0,women_5000m,2022,https://worldathletics.org/athletes/athlete=14588599,toplist
90.0,15:15.95,,Abby NICHOLS,31 JAN 1997,USA,5,,"Hilmer Lodge Stadium, Walnut, CA (USA)",15 APR 2022,1132.0,women_5000m,2022,https://worldathletics.org/athletes/athlete=14649782,toplist
91.0,15:16.10,,Rebecca MWANGI,15 JUN 2001,KEN,6,,"Moi International Sports Centre, Kasarani, Nairobi (KEN)",25 JUN 2022,1132.0,women_5000m,2022,https://worldathletics.org/athletes/athlete=14855594,toplist
92.0,15:16.11,,Viktória WAGNER-GYÜRKÉS,15 OCT 1992,HUN,9,,"Olympiastadion, München (GER)",18 AUG 2022,1132.0,women_5000m,2022,https://worldathletics.org/athletes/athlete=14281627,toplist
93.0,15:16.14,,Ednah KURGAT,15 JUN 1991,USA,12f1,,"JSerra Catholic HS, San Juan Capistrano, CA (USA)",06 MAY 2022,1132.0,women_5000m,2022,https://worldathletics.org/athletes/athlete=14681942,toplist
94.0,15:16.17,,Paige STONER,31 JAN 1996,USA,13f1,,"JSerra Catholic HS, San Juan Capistrano, CA (USA)",06 MAY 2022,1132.0,women_5000m,2022,https://worldathletics.org/athletes/athlete=14590877,toplist
95.0,15:16.33,,Lauren HURLEY,26 JAN 1988,USA,1,,"P3R Track & Field Complex, Pittsburgh, PA (USA)",04 JUN 2022,1132.0,women_5000m,2022,https://worldathletics.org/athletes/united-states/lauren-goss-14747968,toplist
96.0,15:16.44,,Katie IZZO,22 DEC 1996,USA,14f1,,"JSerra Catholic HS, San Juan Capistrano, CA (USA)",06 MAY 2022,1131.0,women_5000m,2022,https://worldathletics.org/athletes/athlete=14614138,toplist
97.0,15:16.47,,Luiza GEGA,05 NOV 1988,ALB,1,,"Stadionul de atletism ""Nicolae Mărășescu"", Craiova (ROU)",19 JUN 2022,1131.0,women_5000m,2022,https://worldathletics.org/athletes/athlete=14272917,toplist
98.0,15:16.63,,Desta BURKA,17 APR 2001,ETH,2f3,,"Takebishi Stadium, Kyoto (JPN)",10 DEC 2022,1131.0,women_5000m,2022,https://worldathletics.org/athletes/athlete=14841244,toplist
99.0,15:16.66,,Prisca CHESANG,07 AUG 2003,UGA,4,,"Stade des Grands Pêchers, Montreuil (FRA)",02 JUN 2022,1131.0,women_5000m,2022,https://worldathletics.org/athletes/athlete=14980121,toplist
100.0,15:16.71,,Camilla RICHARDSSON,14 SEP 1993,FIN,10,,"Olympiastadion, München (GER)",18 AUG 2022,1131.0,women_5000m,2022,https://worldathletics.org/athletes/athlete=14379678,toplist
1.0,14:00.21,,Gudaf TSEGAY,23 JAN 1997,ETH,1,,"Hayward Field, Eugene, OR (USA)",17 SEP 2023,1282.0,women_5000m,2023,https://worldathletics.org/athletes/athlete=14595214,toplist
2.0,14:05.20,,Faith KIPYEGON,10 JAN 1994,KEN,1,,"Stade Charléty, Paris (FRA)",09 JUN 2023,1272.0,women_5000m,2023,https://worldathletics.org/athletes/athlete=14413305,toplist
3.0,14:05.92,,Beatrice CHEBET,05 MAR 2000,KEN,2,,"Hayward Field, Eugene, OR (USA)",17 SEP 2023,1270.0,women_5000m,2023,https://worldathletics.org/athletes/athlete=14749924,toplist
4.0,14:07.94,,Letesenbet GIDEY,20 MAR 1998,ETH,2,,"Stade Charléty, Paris (FRA)",09 JUN 2023,1266.0,women_5000m,2023,https://worldathletics.org/athletes/athlete=14654918,toplist
5.0,14:13.31,,Ejgayehu TAYE,10 FEB 2000,ETH,3,,"Stade Charléty, Paris (FRA)",09 JUN 2023,1255.0,women_5000m,2023,https://worldathletics.org/athletes/athlete=14848746,toplist
6.0,14:13.42,,Sifan HASSAN,01 JAN 1993,NED,3,,"Olympic Stadium, London (GBR)",23 JUL 2023,1255.0,women_5000m,2023,https://worldathletics.org/athletes/athlete=14489606,toplist
7.0,14:16.54,,Medina EISA,2002,ETH,4,,"Olympic Stadium, London (GBR)",23 JUL 2023,1249.0,women_5000m,2023,https://worldathletics.org/athletes/athlete=14985841,toplist
8.0,14:19.45,,Alicia MONSON,13 MAY 1998,USA,5,,"Olympic Stadium, London (GBR)",23 JUL 2023,1243.0,women_5000m,2023,https://worldathletics.org/athletes/athlete=14708276,toplist
9.0,14:23.05,,Lilian Kasait RENGERUK,03 MAY 1997,KEN,4,,"Stade Charléty, Paris (FRA)",09 JUN 2023,1236.0,women_5000m,2023,https://worldathletics.org/athletes/athlete=14590678,toplist
10.0,14:23.45,,Freweyni HAILU,12 FEB 2001,ETH,5,,"Stade Charléty, Paris (FRA)",09 JUN 2023,1235.0,women_5000m,2023,https://worldathletics.org/athletes/athlete=14836656,toplist
11.0,14:23.67,,Margaret Chelimo KIPKEMBOI,09 FEB 1993,KEN,6,,"Stade Charléty, Paris (FRA)",09 JUN 2023,1235.0,women_5000m,2023,https://worldathletics.org/athletes/athlete=14375882,toplist
12.0,14:29.18,,Nozomi TANAKA,04 SEP 1999,JPN,3,,"Boudewijnstadion, Bruxelles (BEL)",08 SEP 2023,1224.0,women_5000m,2023,https://worldathletics.org/athletes/athlete=14632538,toplist
13.0,14:34.53,,Lemlem HAILU,25 MAY 2001,ETH,7,,"Stade Charléty, Paris (FRA)",09 JUN 2023,1213.0,women_5000m,2023,https://worldathletics.org/athletes/athlete=14806061,toplist
14.0,14:36.70,,Agnes Jebet NGETICH,23 JAN 2001,KEN,9,,"Stade Charléty, Paris (FRA)",09 JUN 2023,1209.0,women_5000m,2023,https://worldathletics.org/athletes/athlete=14758189,toplist
15.0,14:37.94,,Birke HAYLOM,06 JAN 2006,ETH,6,,"Olympic Stadium, London (GBR)",23 JUL 2023,1206.0,women_5000m,2023,https://worldathletics.org/athletes/athlete=15009582,toplist
16.0,14:39.05,,Winnie JEMUTAI,04 OCT 2003,KEN,4,,"Boudewijnstadion, Bruxelles (BEL)",08 SEP 2023,1204.0,women_5000m,2023,https://worldathletics.org/athletes/athlete=14989664,toplist
17.0,14:39.11,,Ayal DAGNACHEW,18 JAN 2002,ETH,5,,"Boudewijnstadion, Bruxelles (BEL)",08 SEP 2023,1204.0,women_5000m,2023,https://worldathletics.org/athletes/athlete=14910907,toplist
18.0,14:39.36,,Melknat WUDU,03 JAN 2005,ETH,7,,"Olympic Stadium, London (GBR)",23 JUL 2023,1203.0,women_5000m,2023,https://worldathletics.org/athletes/athlete=14923882,toplist
19.0,14:40.88,,Sarah CHELANGAT,05 JUN 2001,UGA,4,,"Olympiastadion, Stockholm (SWE)",02 JUL 2023,1200.0,women_5000m,2023,https://worldathletics.org/athletes/athlete=14786748,toplist
20.0,14:41.30,,Nadia BATTOCLETTI,12 APR 2000,ITA,8,,"Olympic Stadium, London (GBR)",23 JUL 2023,1200.0,women_5000m,2023,https://worldathletics.org/athletes/athlete=14700830,toplist
21.0,14:42.63,,Grace Loibach NAWOWUNA,10 NOV 2003,KEN,10,,"Stade Charléty, Paris (FRA)",09 JUN 2023,1197.0,women_5000m,2023,https://worldathletics.org/athletes/kenya/grace-loibach-nawowuna-14989694,toplist
22.0,14:43.36,,Josette ANDREWS,15 DEC 1995,USA,1,,"Hilmer Lodge Stadium, Walnut, CA (USA)",06 MAY 2023,1196.0,women_5000m,2023,https://worldathletics.org/athletes/athlete=14574966,toplist
23.0,14:43.94,,Laura GALVÁN,05 OCT 1991,MEX,8h2,,"Nemzeti Atlétikai Központ, Budapest (HUN)",23 AUG 2023,1194.0,women_5000m,2023,https://worldathletics.org/athletes/athlete=14329560,toplist
24.0,14:44.24,,Jessica HULL,22 OCT 1996,AUS,5,,"Olympiastadion, Stockholm (SWE)",02 JUL 2023,1194.0,women_5000m,2023,https://worldathletics.org/athletes/athlete=14464506,toplist
25.0,14:44.94,,Tsigie GEBRESELAMA,30 SEP 2000,ETH,6,,"Olympiastadion, Stockholm (SWE)",02 JUL 2023,1192.0,women_5000m,2023,https://worldathletics.org/athletes/athlete=14848732,toplist
26.0,14:45.13,,Mekedes ALEMESHETE,30 MAR 2006,ETH,6,,"Boudewijnstadion, Bruxelles (BEL)",08 SEP 2023,1192.0,women_5000m,2023,https://worldathletics.org/athletes/ethiopia/mekedes-alemeshete-15094415,toplist
27.0,14:45.24,,Karoline Bjerkeli GRØVDAL,14 JUN 1990,NOR,9,,"Olympic Stadium, London (GBR)",23 JUL 2023,1192.0,women_5000m,2023,https://worldathletics.org/athletes/athlete=14292573,toplist
28.0,14:45.70,,Aynadis MEBRATU,25 NOV 2004,ETH,1,,"Stade Naimette-Xhovémont, Liège (BEL)",12 JUL 2023,1191.0,women_5000m,2023,https://worldathletics.org/athletes/athlete=14923883,toplist
29.0,14:46.12,,Girmawit GEBRZIHAIR,21 NOV 2001,ETH,2,,"Stade Naimette-Xhovémont, Liège (BEL)",12 JUL 2023,1190.0,women_5000m,2023,https://worldathletics.org/athletes/athlete=14848733,toplist
30.0,14:46.25,,Senayet GETACHEW,01 OCT 2005,ETH,10,,"Olympic Stadium, London (GBR)",23 JUL 2023,1190.0,women_5000m,2023,https://worldathletics.org/athletes/ethiopia/senayet-getachew-15046190,toplist
31.0,14:47.15,,Elly HENES,13 OCT 1998,USA,11,,"Olympic Stadium, London (GBR)",23 JUL 2023,1188.0,women_5000m,2023,https://worldathletics.org/athletes/athlete=14666149,toplist
32.0,14:47.52,,Maureen KOSTER,03 JUL 1992,NED,12,,"Olympic Stadium, London (GBR)",23 JUL 2023,1187.0,women_5000m,2023,https://worldathletics.org/athletes/athlete=14372338,toplist
33.0,14:47.71,,Margaret AKIDOR,26 JUN 2002,KEN,1,,"NITTAIDAI Athletic Stadium, Yokohama (JPN)",11 NOV 2023,1187.0,women_5000m,2023,https://worldathletics.org/athletes/athlete=14798242,toplist
34.0,14:47.76,,Joselyn Daniely BREA,12 AUG 1994,VEN,2,,"Hilmer Lodge Stadium, Walnut, CA (USA)",06 MAY 2023,1187.0,women_5000m,2023,https://worldathletics.org/athletes/athlete=14748599,toplist
35.0,14:48.14,,Laura MUIR,09 MAY 1993,GBR,11,,"Stade Charléty, Paris (FRA)",09 JUN 2023,1186.0,women_5000m,2023,https://worldathletics.org/athletes/athlete=14422111,toplist
36.0,14:50.90,,Emily INFELD,21 MAR 1990,USA,4,,"Hilmer Lodge Stadium, Walnut, CA (USA)",06 MAY 2023,1181.0,women_5000m,2023,https://worldathletics.org/athletes/athlete=14313263,toplist
37.0,14:51.14,,Yalemget YAREGAL,23 OCT 2003,ETH,1f7,,"LAZ Wien, Wien (AUT)",17 JUN 2023,1180.0,women_5000m,2023,https://worldathletics.org/athletes/ethiopia/yalemget-yaregal-15016403,toplist
38.0,14:51.53,,Jessica WARNER-JUDD,07 JAN 1995,GBR,8,,"Boudewijnstadion, Bruxelles (BEL)",08 SEP 2023,1180.0,women_5000m,2023,https://worldathletics.org/athletes/athlete=14336301,toplist
39.0,14:51.69,,Selah BUSIENEI,27 DEC 1991,KEN,1,,"Stadio Zecchini, Grosseto (ITA)",27 MAY 2023,1179.0,women_5000m,2023,https://worldathletics.org/athletes/athlete=14479236,toplist
40.0,14:52.21,,Natosha ROGERS,07 MAY 1991,USA,1f1,,"Boston Univ. Track & Tennis Center, Boston, MA (USA) (i)",10 FEB 2023,1203.0,women_5000m,2023,https://worldathletics.org/athletes/athlete=14413831,toplist
41.0,14:52.28,,Edinah JEBITOK,10 NOV 2001,KEN,9,,"Boudewijnstadion, Bruxelles (BEL)",08 SEP 2023,1178.0,women_5000m,2023,https://worldathletics.org/athletes/athlete=14798230,toplist
42.0,14:52.66,,Elise CRANNY,09 MAY 1996,USA,1,,"Hayward Field, Eugene, OR (USA)",09 JUL 2023,1177.0,women_5000m,2023,https://worldathletics.org/athletes/athlete=14531083,toplist
43.0,14:53.02,,Francine NIYOMUKUNZI,01 AUG 1999,BDI,2f7,,"LAZ Wien, Wien (AUT)",17 JUN 2023,1177.0,women_5000m,2023,https://worldathletics.org/athletes/athlete=14786755,toplist
44.0,14:53.41,,Weini KELATI FREZGHI,01 DEC 1996,USA,4f1,,Montesson (FRA),10 JUN 2023,1176.0,women_5000m,2023,https://worldathletics.org/athletes/athlete=14877184,toplist
45.0,14:53.62,,Teresiah GATERI,05 JAN 2002,KEN,13,,"Olympic Stadium, London (GBR)",23 JUL 2023,1175.0,women_5000m,2023,https://worldathletics.org/athletes/athlete=14798246,toplist
46.0,14:56.00,,Lemlem NIBRET,01 JAN 2005,ETH,5f1,,Montesson (FRA),10 JUN 2023,1171.0,women_5000m,2023,https://worldathletics.org/athletes/ethiopia/lemlem-nibret-15024105,toplist
47.0,14:56.11,,Parker VALBY,27 SEP 2002,USA,1f1,,"Boston Univ. Track & Tennis Center, Boston, MA (USA) (i)",02 DEC 2023,1195.0,women_5000m,2023,https://worldathletics.org/athletes/athlete=14903214,toplist
48.0,14:56.98,,Megan KEITH,23 APR 2002,GBR,15,,"Olympic Stadium, London (GBR)",23 JUL 2023,1169.0,women_5000m,2023,https://worldathletics.org/athletes/athlete=14918707,toplist
49.0,14:57.63,,Judy Jepngetich CHEPASKWONY,24 DEC 2002,KEN,1f3,,"Nagaragawa Stadium, Gifu (JPN)",24 SEP 2023,1168.0,women_5000m,2023,https://worldathletics.org/athletes/athlete=14933950,toplist
50.0,14:58.03,,Esther MUTHONI,27 DEC 2001,KEN,2f3,,"Nagaragawa Stadium, Gifu (JPN)",24 SEP 2023,1167.0,women_5000m,2023,https://worldathletics.org/athletes/kenya/esther-muthoni-14962711,toplist
51.0,14:59.63,,Susan KAMOTHO,13 DEC 2004,KEN,1,,"NITTAIDAI Athletic Stadium, Yokohama (JPN)",02 DEC 2023,1164.0,women_5000m,2023,https://worldathletics.org/athletes/kenya/susan-kamotho-15008159,toplist
52.0,14:59.65,,Sarah INGLIS,28 AUG 1991,GBR,2f1,,"Boston Univ. Track & Tennis Center, Boston, MA (USA) (i)",10 FEB 2023,1188.0,women_5000m,2023,https://worldathletics.org/athletes/athlete=14275418,toplist
53.0,15:00.03,,Eva CHERONO,15 AUG 1996,KEN,3,,"NITTAIDAI Athletic Stadium, Yokohama (JPN)",11 JUN 2023,1163.0,women_5000m,2023,https://worldathletics.org/athletes/athlete=14472835,toplist
54.0,15:00.48,,Agate CAUNE,07 AUG 2004,LAT,4h1,,"Nemzeti Atlétikai Központ, Budapest (HUN)",23 AUG 2023,1162.0,women_5000m,2023,https://worldathletics.org/athletes/athlete=14852324,toplist
55.0,15:00.89,,Hanna KLEIN,06 APR 1993,GER,6f1,,Montesson (FRA),10 JUN 2023,1161.0,women_5000m,2023,https://worldathletics.org/athletes/athlete=14360692,toplist
56.0,15:01.22,,Naomi CHEPNGENO,22 DEC 1994,KEN,8f1,,Montesson (FRA),10 JUN 2023,1161.0,women_5000m,2023,https://worldathletics.org/athletes/athlete=14425858,toplist
57.0,15:01.34,,Fiona O'KEEFFE,24 MAY 1998,USA,3f1,,"Boston Univ. Track & Tennis Center, Boston, MA (USA) (i)",10 FEB 2023,1185.0,women_5000m,2023,https://worldathletics.org/athletes/athlete=14639376,toplist
58.0,15:01.37,,Klara LUKAN,08 SEP 2000,SLO,9f1,,Montesson (FRA),10 JUN 2023,1160.0,women_5000m,2023,https://worldathletics.org/athletes/athlete=14605811,toplist
59.0,15:01.78,,Beatrice CHEPKOECH,06 JUL 1991,KEN,2,,"Nyayo National Stadium, Nairobi (KEN)",24 JUN 2023,1160.0,women_5000m,2023,https://worldathletics.org/athletes/athlete=14383286,toplist
60.0,15:02.07,,Whittni MORGAN,22 OCT 1997,USA,1,,"Los Angeles, CA (USA)",22 JUL 2023,1159.0,women_5000m,2023,https://worldathletics.org/athletes/athlete=14770924,toplist
61.0,15:02.11,,Marta GARCÍA,01 JAN 1998,ESP,4,,"Olympiastadion, Berlin (GER)",03 SEP 2023,1159.0,women_5000m,2023,https://worldathletics.org/athletes/athlete=14635475,toplist
62.0,15:02.22,,Bontu Edao REBITU,12 DEC 1997,BRN,1,,"Complexe Olympique Mohamed Boudiaf, Algiers (ALG)",04 JUL 2023,1159.0,women_5000m,2023,https://worldathletics.org/athletes/athlete=14643415,toplist
63.0,15:02.62,,Karissa SCHWEIZER,04 MAY 1996,USA,5,,"Olympiastadion, Berlin (GER)",03 SEP 2023,1158.0,women_5000m,2023,https://worldathletics.org/athletes/athlete=14470567,toplist
64.0,15:02.93,,Melissa COURTNEY-BRYANT,30 AUG 1993,GBR,6,,"Hilmer Lodge Stadium, Walnut, CA (USA)",06 MAY 2023,1157.0,women_5000m,2023,https://worldathletics.org/athletes/athlete=14274781,toplist
65.0,15:03.12,,Katelyn TUOHY,18 MAR 2002,USA,7,,"Hilmer Lodge Stadium, Walnut, CA (USA)",06 MAY 2023,1157.0,women_5000m,2023,https://worldathletics.org/athletes/athlete=14679744,toplist
66.0,15:03.13,,Taylor WERNER,01 MAY 1998,USA,1,,"Mt. Hood Community College, Gresham, OR (USA)",04 JUN 2023,1157.0,women_5000m,2023,https://worldathletics.org/athletes/athlete=14534526,toplist
67.0,15:03.33,,Celestine Jepkosgei BIWOT,24 DEC 2003,KEN,6,,"Olympiastadion, Berlin (GER)",03 SEP 2023,1157.0,women_5000m,2023,https://worldathletics.org/athletes/kenya/celestine-jepkosgei-biwot-14989898,toplist
68.0,15:03.97,,Annie RODENFELS,24 JUL 1996,USA,2f1,,"Boston Univ. Track & Tennis Center, Boston, MA (USA) (i)",02 DEC 2023,1180.0,women_5000m,2023,https://worldathletics.org/athletes/athlete=14762729,toplist
69.0,15:04.41,,Axumawit EMBAYE,18 OCT 1994,ETH,8,,"Olympiastadion, Stockholm (SWE)",02 JUL 2023,1154.0,women_5000m,2023,https://worldathletics.org/athletes/athlete=14534819,toplist
70.0,15:06.22,,Judith KIYENG,10 DEC 1993,KEN,10f1,,Montesson (FRA),10 JUN 2023,1151.0,women_5000m,2023,https://worldathletics.org/athletes/athlete=14593551,toplist
71.0,15:06.35,,Asayech AYICHEW,03 APR 2005,ETH,11f1,,Montesson (FRA),10 JUN 2023,1151.0,women_5000m,2023,https://worldathletics.org/athletes/ethiopia/asayech-ayichew-15041291,toplist
72.0,15:06.39,,Lea MEYER,16 SEP 1997,GER,1,,"Hilmer Lodge Stadium, Walnut, CA (USA)",06 MAY 2023,1151.0,women_5000m,2023,https://worldathletics.org/athletes/athlete=14509240,toplist
73.0,15:06.46,,Mirriam CHEROP,25 JUN 1999,KEN,1f5,,"Yanmar Stadium Nagai, Osaka (JPN)",07 DEC 2023,1151.0,women_5000m,2023,https://worldathletics.org/athletes/athlete=14700573,toplist
74.0,15:06.80,,Sarah LAHTI,18 FEB 1995,SWE,10,,"Olympiastadion, Stockholm (SWE)",02 JUL 2023,1150.0,women_5000m,2023,https://worldathletics.org/athletes/athlete=14403185,toplist
75.0,15:06.96,,Agnes Mwikali MUTUKU,15 DEC 2002,KEN,2f5,,"Yanmar Stadium Nagai, Osaka (JPN)",07 DEC 2023,1150.0,women_5000m,2023,https://worldathletics.org/athletes/athlete=14915503,toplist
76.0,15:07.43,,Ririka HIRONAKA,24 NOV 2000,JPN,3,,"NITTAIDAI Athletic Stadium, Yokohama (JPN)",02 DEC 2023,1149.0,women_5000m,2023,https://worldathletics.org/athletes/athlete=14766617,toplist
77.0,15:07.45,,Tsiyon ABEBE,17 AUG 2006,ETH,12,,"Olympiastadion, Stockholm (SWE)",02 JUL 2023,1149.0,women_5000m,2023,https://worldathletics.org/athletes/athlete=15036005,toplist
78.0,15:07.55,,Janeth CHEPNGETICH,23 JUL 1998,KEN,3,,"Nyayo National Stadium, Nairobi (KEN)",24 JUN 2023,1148.0,women_5000m,2023,https://worldathletics.org/athletes/athlete=14689606,toplist
79.0,15:07.75,,Cintia CHEPNGENO,03 JUN 2000,KEN,4,,"Nyayo National Stadium, Nairobi (KEN)",24 JUN 2023,1148.0,women_5000m,2023,https://worldathletics.org/athletes/athlete=14758187,toplist
80.0,15:07.93,,Rose DAVIES,21 DEC 1999,AUS,10h1,,"Nemzeti Atlétikai Központ, Budapest (HUN)",23 AUG 2023,1148.0,women_5000m,2023,https://worldathletics.org/athletes/athlete=14517594,toplist
81.0,15:07.97,,Caroline Makandi GITONGA,12 MAY 1996,KEN,1,,"Arena Civica Gianni Brera, Milano (ITA)",29 APR 2023,1148.0,women_5000m,2023,https://worldathletics.org/athletes/athlete=14761963,toplist
82.0,15:08.12,,Maruša MIŠMAŠ ZRIMŠEK,24 OCT 1994,SLO,1f1,,"Carl-Kaufmann-Stadion, Karlsruhe (GER)",20 MAY 2023,1147.0,women_5000m,2023,https://worldathletics.org/athletes/athlete=14375060,toplist
83.0,15:08.87,,Emily LIPARI,19 NOV 1992,USA,1,,"Drake Stadium, Los Angeles, CA (USA)",26 MAY 2023,1146.0,women_5000m,2023,https://worldathletics.org/athletes/athlete=14315463,toplist
84.0,15:08.96,,Ludovica CAVALLI,20 DEC 2000,ITA,3f7,,"LAZ Wien, Wien (AUT)",17 JUN 2023,1146.0,women_5000m,2023,https://worldathletics.org/athletes/athlete=14752217,toplist
85.0,15:09.22,,Miriam Chepkech SEREM,08 JUL 2003,KEN,5,,"Nyayo National Stadium, Nairobi (KEN)",24 JUN 2023,1145.0,women_5000m,2023,https://worldathletics.org/athletes/kenya/miriam-chepkech-serem-15102096,toplist
86.0,15:09.27,,Hellen Ekalale LOBUN,18 MAR 1999,KEN,4,,"NITTAIDAI Athletic Stadium, Yokohama (JPN)",02 DEC 2023,1145.0,women_5000m,2023,https://worldathletics.org/athletes/athlete=14786743,toplist
87.0,15:09.28,,Purity Kajuju GITONGA,12 MAY 1996,KEN,13f1,,Montesson (FRA),10 JUN 2023,1145.0,women_5000m,2023,https://worldathletics.org/athletes/athlete=14892498,toplist
88.0,15:09.42,,Olga VOVK,13 FEB 1993,RUS,1,,"Kalininets Stadium, Yekaterinburg (RUS)",17 AUG 2023,1145.0,women_5000m,2023,https://worldathletics.org/athletes/athlete=14421057,toplist
89.0,15:09.60,,Abby NICHOLS,31 JAN 1997,USA,8,,"Hilmer Lodge Stadium, Walnut, CA (USA)",06 MAY 2023,1144.0,women_5000m,2023,https://worldathletics.org/athletes/athlete=14649782,toplist
90.0,15:09.83,,Janeth Nyiva MUTUNGI,27 AUG 2003,KEN,2f1,,"Nishishina Athletic Stadium, Nobeoka (JPN)",04 MAY 2023,1144.0,women_5000m,2023,https://worldathletics.org/athletes/athlete=14849583,toplist
91.0,15:10.13,,Abersh MINSEWO,22 FEB 2001,ETH,13,,"Olympiastadion, Stockholm (SWE)",02 JUL 2023,1143.0,women_5000m,2023,https://worldathletics.org/athletes/athlete=14805770,toplist
92.0,15:10.35,,Parul CHAUDHARY,15 APR 1995,IND,9,,"Hilmer Lodge Stadium, Walnut, CA (USA)",06 MAY 2023,1143.0,women_5000m,2023,https://worldathletics.org/athletes/athlete=14497992,toplist
93.0,15:10.45,,Svetlana APLACHKINA,28 NOV 1992,RUS,2,,"Kalininets Stadium, Yekaterinburg (RUS)",17 AUG 2023,1143.0,women_5000m,2023,https://worldathletics.org/athletes/athlete=14442634,toplist
94.0,15:10.59,,Alina REH,23 MAY 1997,GER,14f1,,Montesson (FRA),10 JUN 2023,1143.0,women_5000m,2023,https://worldathletics.org/athletes/athlete=14507612,toplist
95.0,15:11.10,,Wuga HE,28 JUL 1998,CHN,2f1,,"Cobb Track and Angell Field, Palo Alto, CA (USA)",21 APR 2023,1142.0,women_5000m,2023,https://worldathletics.org/athletes/athlete=14862415,toplist
96.0,15:11.15,,Dolphine Nyaboke OMARE,26 JUL 2001,KEN,3f1,,"Nishishina Athletic Stadium, Nobeoka (JPN)",04 MAY 2023,1141.0,women_5000m,2023,https://worldathletics.org/athletes/athlete=14758190,toplist
97.0,15:11.30,,Ednah KURGAT,15 JUN 1991,USA,10,,"Hilmer Lodge Stadium, Walnut, CA (USA)",06 MAY 2023,1141.0,women_5000m,2023,https://worldathletics.org/athletes/athlete=14681942,toplist
98.0,15:11.63,,Camilla RICHARDSSON,14 SEP 1993,FIN,2f1,,"Raatin Stadion, Oulu (FIN)",08 JUL 2023,1141.0,women_5000m,2023,https://worldathletics.org/athletes/athlete=14379678,toplist
99.0,15:11.84,,Lauren RYAN,15 MAR 1998,AUS,2,,"Drake Stadium, Los Angeles, CA (USA)",26 MAY 2023,1140.0,women_5000m,2023,https://worldathletics.org/athletes/athlete=14667446,toplist
100.0,15:12.90,,Rebecca MWANGI,15 JUN 2001,KEN,4f3,,"Nagaragawa Stadium, Gifu (JPN)",24 SEP 2023,1138.0,women_5000m,2023,https://worldathletics.org/athletes/athlete=14855594,toplist
1.0,14:09.52,,Beatrice CHEBET,05 MAR 2000,KEN,1,,"Letzigrund, Zürich (SUI)",05 SEP 2024,1263.0,women_5000m,2024,https://worldathletics.org/athletes/athlete=14749924,toplist
2.0,14:18.76,,Tsigie GEBRESELAMA,30 SEP 2000,ETH,1,,"Hayward Field, Eugene, OR (USA)",25 MAY 2024,1244.0,women_5000m,2024,https://worldathletics.org/athletes/athlete=14848732,toplist
3.0,14:18.92,,Ejgayehu TAYE,10 FEB 2000,ETH,2,,"Hayward Field, Eugene, OR (USA)",25 MAY 2024,1244.0,women_5000m,2024,https://worldathletics.org/athletes/athlete=14848746,toplist
4.0,14:20.61,,Freweyni HAILU,12 FEB 2001,ETH,3,,"Hayward Field, Eugene, OR (USA)",25 MAY 2024,1241.0,women_5000m,2024,https://worldathletics.org/athletes/athlete=14836656,toplist
5.0,14:21.89,,Medina EISA,2002,ETH,2,,"Boudewijnstadion, Bruxelles (BEL)",14 SEP 2024,1238.0,women_5000m,2024,https://worldathletics.org/athletes/athlete=14985841,toplist
6.0,14:22.76,,Aynadis MEBRATU,25 NOV 2004,ETH,4,,"Hayward Field, Eugene, OR (USA)",25 MAY 2024,1236.0,women_5000m,2024,https://worldathletics.org/athletes/athlete=14923883,toplist
7.0,14:23.71,,Birke HAYLOM,06 JAN 2006,ETH,5,,"Hayward Field, Eugene, OR (USA)",25 MAY 2024,1234.0,women_5000m,2024,https://worldathletics.org/athletes/athlete=15009582,toplist
8.0,14:28.53,,Fotyen TESFAY,17 FEB 1998,ETH,3,,"Boudewijnstadion, Bruxelles (BEL)",14 SEP 2024,1225.0,women_5000m,2024,https://worldathletics.org/athletes/athlete=14679812,toplist
9.0,14:29.60,,Faith KIPYEGON,10 JAN 1994,KEN,2,,"Stade de France, Paris (FRA)",05 AUG 2024,1223.0,women_5000m,2024,https://worldathletics.org/athletes/athlete=14413305,toplist
10.0,14:30.14,,Caroline NYAGA,07 OCT 1993,KEN,5,,"Boudewijnstadion, Bruxelles (BEL)",14 SEP 2024,1222.0,women_5000m,2024,https://worldathletics.org/athletes/athlete=14814043,toplist
11.0,14:30.61,,Sifan HASSAN,01 JAN 1993,NED,3,,"Stade de France, Paris (FRA)",05 AUG 2024,1221.0,women_5000m,2024,https://worldathletics.org/athletes/athlete=14489606,toplist
12.0,14:31.64,,Nadia BATTOCLETTI,12 APR 2000,ITA,4,,"Stade de France, Paris (FRA)",05 AUG 2024,1219.0,women_5000m,2024,https://worldathletics.org/athletes/athlete=14700830,toplist
13.0,14:31.88,,Nozomi TANAKA,04 SEP 1999,JPN,6,,"Boudewijnstadion, Bruxelles (BEL)",14 SEP 2024,1218.0,women_5000m,2024,https://worldathletics.org/athletes/athlete=14632538,toplist
14.0,14:32.23,,Margaret Chelimo KIPKEMBOI,09 FEB 1993,KEN,5,,"Stade de France, Paris (FRA)",05 AUG 2024,1217.0,women_5000m,2024,https://worldathletics.org/athletes/athlete=14375882,toplist
15.0,14:33.44,,Hirut MESHESHA,20 JAN 2001,ETH,6,,"Hayward Field, Eugene, OR (USA)",25 MAY 2024,1215.0,women_5000m,2024,https://worldathletics.org/athletes/athlete=14805826,toplist
16.0,14:34.12,,Elle ST. PIERRE,20 FEB 1995,USA,1,,"Drake Stadium, Los Angeles, CA (USA)",17 MAY 2024,1214.0,women_5000m,2024,https://worldathletics.org/athletes/athlete=14627694,toplist
17.0,14:35.27,,Fantaye BELAYNEH,11 SEP 2000,ETH,8,,"Hayward Field, Eugene, OR (USA)",25 MAY 2024,1211.0,women_5000m,2024,https://worldathletics.org/athletes/athlete=14977672,toplist
18.0,14:35.43,,Weini KELATI FREZGHI,01 DEC 1996,USA,9,,"Hayward Field, Eugene, OR (USA)",25 MAY 2024,1211.0,women_5000m,2024,https://worldathletics.org/athletes/athlete=14877184,toplist
19.0,14:35.64,,Edinah JEBITOK,10 NOV 2001,KEN,3,,"Le Grand Stade, Marrakech (MAR)",19 MAY 2024,1211.0,women_5000m,2024,https://worldathletics.org/athletes/athlete=14798230,toplist
20.0,14:36.59,,Joselyn Daniely BREA,12 AUG 1994,VEN,2,,"Drake Stadium, Los Angeles, CA (USA)",17 MAY 2024,1209.0,women_5000m,2024,https://worldathletics.org/athletes/athlete=14748599,toplist
21.0,14:36.65,,Melknat WUDU,03 JAN 2005,ETH,7,,"Boudewijnstadion, Bruxelles (BEL)",14 SEP 2024,1209.0,women_5000m,2024,https://worldathletics.org/athletes/athlete=14923882,toplist
22.0,14:36.70,,Mekedes ALEMESHETE,30 MAR 2006,ETH,1,,"Suzhou Olympic Sports Centre, Suzhou (CHN)",27 APR 2024,1209.0,women_5000m,2024,https://worldathletics.org/athletes/ethiopia/mekedes-alemeshete-15094415,toplist
23.0,14:36.86,,Ayal DAGNACHEW,18 JAN 2002,ETH,2,,"Suzhou Olympic Sports Centre, Suzhou (CHN)",27 APR 2024,1208.0,women_5000m,2024,https://worldathletics.org/athletes/athlete=14910907,toplist
24.0,14:36.88,,Karissa SCHWEIZER,04 MAY 1996,USA,8,,"Boudewijnstadion, Bruxelles (BEL)",14 SEP 2024,1208.0,women_5000m,2024,https://worldathletics.org/athletes/athlete=14470567,toplist
25.0,14:37.13,,Letesenbet GIDEY,20 MAR 1998,ETH,3,,"Suzhou Olympic Sports Centre, Suzhou (CHN)",27 APR 2024,1208.0,women_5000m,2024,https://worldathletics.org/athletes/athlete=14654918,toplist
26.0,14:37.28,,Wubrist ASCHAL,10 MAR 2005,ETH,4,,"Suzhou Olympic Sports Centre, Suzhou (CHN)",27 APR 2024,1207.0,women_5000m,2024,https://worldathletics.org/athletes/athlete=14997188,toplist
27.0,14:37.38,,Senayet GETACHEW,01 OCT 2005,ETH,10,,"Hayward Field, Eugene, OR (USA)",25 MAY 2024,1207.0,women_5000m,2024,https://worldathletics.org/athletes/ethiopia/senayet-getachew-15046190,toplist
28.0,14:38.62,,Karoline Bjerkeli GRØVDAL,14 JUN 1990,NOR,2,,"Stadio Olimpico, Roma (ITA)",07 JUN 2024,1205.0,women_5000m,2024,https://worldathletics.org/athletes/athlete=14292573,toplist
29.0,14:38.73,,Asayech AYICHEW,03 APR 2005,ETH,6,,"Suzhou Olympic Sports Centre, Suzhou (CHN)",27 APR 2024,1205.0,women_5000m,2024,https://worldathletics.org/athletes/ethiopia/asayech-ayichew-15041291,toplist
30.0,14:39.49,,Margaret AKIDOR,26 JUN 2002,KEN,1,,"Stade Louis II, Monaco (MON)",12 JUL 2024,1203.0,women_5000m,2024,https://worldathletics.org/athletes/athlete=14798242,toplist
31.0,14:39.61,,Marta ALEMAYO,08 APR 2008,ETH,1,,"Stade Naimette-Xhovémont, Liège (BEL)",19 JUN 2024,1203.0,women_5000m,2024,https://worldathletics.org/athletes/ethiopia/marta-alemayo-15131346,toplist
32.0,14:40.16,,Likina AMEBAW,30 NOV 1997,ETH,1f3,,"LAZ Wien, Wien (AUT)",22 JUN 2024,1202.0,women_5000m,2024,https://worldathletics.org/athletes/athlete=14877871,toplist
33.0,14:40.36,,Elise CRANNY,09 MAY 1996,USA,2,,"Hayward Field, Eugene, OR (USA)",24 JUN 2024,1201.0,women_5000m,2024,https://worldathletics.org/athletes/athlete=14531083,toplist
34.0,14:41.65,,Rose DAVIES,21 DEC 1999,AUS,1,,"National Stadium, Tokyo (JPN)",19 MAY 2024,1199.0,women_5000m,2024,https://worldathletics.org/athletes/athlete=14517594,toplist
35.0,14:41.99,,Winfred YAVI,31 DEC 1999,BRN,2,,"Stade Naimette-Xhovémont, Liège (BEL)",19 JUN 2024,1198.0,women_5000m,2024,https://worldathletics.org/athletes/athlete=14695622,toplist
36.0,14:42.77,,Francine NIYOMUKUNZI,01 AUG 1999,BDI,1f1,,"Parc des Sports, Maisons-Laffitte (FRA)",06 JUL 2024,1197.0,women_5000m,2024,https://worldathletics.org/athletes/athlete=14786755,toplist
37.0,14:43.24,,Megan KEITH,23 APR 2002,GBR,8,,"Suzhou Olympic Sports Centre, Suzhou (CHN)",27 APR 2024,1196.0,women_5000m,2024,https://worldathletics.org/athletes/athlete=14918707,toplist
38.0,14:44.04,,Marta GARCÍA,01 JAN 1998,ESP,3,,"Stadio Olimpico, Roma (ITA)",07 JUN 2024,1194.0,women_5000m,2024,https://worldathletics.org/athletes/athlete=14635475,toplist
39.0,14:44.46,,Maureen KOSTER,03 JUL 1992,NED,4,,"Stadio Olimpico, Roma (ITA)",07 JUN 2024,1193.0,women_5000m,2024,https://worldathletics.org/athletes/athlete=14372338,toplist
40.0,14:44.72,,Nathalie BLOMQVIST,20 APR 2001,FIN,5,,"Stadio Olimpico, Roma (ITA)",07 JUN 2024,1193.0,women_5000m,2024,https://worldathletics.org/athletes/athlete=14719529,toplist
41.0,14:45.21,,Gudaf TSEGAY,23 JAN 1997,ETH,9,,"Stade de France, Paris (FRA)",05 AUG 2024,1192.0,women_5000m,2024,https://worldathletics.org/athletes/athlete=14595214,toplist
42.0,14:45.51,,Janeth CHEPNGETICH,23 JUL 1998,KEN,2f1,,"Parc des Sports, Maisons-Laffitte (FRA)",06 JUL 2024,1191.0,women_5000m,2024,https://worldathletics.org/athletes/athlete=14689606,toplist
43.0,14:45.66,,Hellen Ekalale LOBUN,18 MAR 1999,KEN,1,,"NITTAIDAI Athletic Stadium, Yokohama (JPN)",01 DEC 2024,1191.0,women_5000m,2024,https://worldathletics.org/athletes/athlete=14786743,toplist
44.0,14:46.51,,Josette ANDREWS,15 DEC 1995,USA,5,,"Boston Univ. Track & Tennis Center, Boston, MA (USA) (i)",27 JAN 2024,1214.0,women_5000m,2024,https://worldathletics.org/athletes/athlete=14574966,toplist
45.0,14:46.77,,Girmawit GEBRZIHAIR,21 NOV 2001,ETH,3f1,,"Parc des Sports, Maisons-Laffitte (FRA)",06 JUL 2024,1189.0,women_5000m,2024,https://worldathletics.org/athletes/athlete=14848733,toplist
46.0,14:47.74,,Gela HAMBESE,25 SEP 2002,ETH,5,,"Suhaim bin Hamad Stadium, Doha (QAT)",10 MAY 2024,1187.0,women_5000m,2024,https://worldathletics.org/athletes/athlete=14987210,toplist
47.0,14:47.78,,Yenawa NBRET,18 MAY 2007,ETH,10,,"Suzhou Olympic Sports Centre, Suzhou (CHN)",27 APR 2024,1187.0,women_5000m,2024,https://worldathletics.org/athletes/ethiopia/yenawa-nbret-15090391,toplist
48.0,14:49.00,,Samiya HASSAN NOUR,05 DEC 1999,DJI,3,,"Stade Naimette-Xhovémont, Liège (BEL)",19 JUN 2024,1184.0,women_5000m,2024,https://worldathletics.org/athletes/athlete=14786622,toplist
49.0,14:49.21,,Agnes Mwikali MUTUKU,15 DEC 2002,KEN,1f1,,"Aoba Park Athletic Field, Chitose (JPN)",20 JUL 2024,1184.0,women_5000m,2024,https://worldathletics.org/athletes/athlete=14915503,toplist
50.0,14:49.75,,Isobel BATT-DOYLE,14 SEP 1995,AUS,4,,"Stade Naimette-Xhovémont, Liège (BEL)",19 JUN 2024,1183.0,women_5000m,2024,https://worldathletics.org/athletes/athlete=14519260,toplist
51.0,14:49.78,,Courtney WAYMENT,04 AUG 1998,USA,6,,"Boston Univ. Track & Tennis Center, Boston, MA (USA) (i)",27 JAN 2024,1208.0,women_5000m,2024,https://worldathletics.org/athletes/athlete=14617090,toplist
52.0,14:50.00,,Nelvin JEPKEMBOI,23 AUG 2001,KEN,1,,"Sportcomplex De Leidse Hout, Leiden (NED)",25 MAY 2024,1182.0,women_5000m,2024,https://worldathletics.org/athletes/kenya/nelvin-jepkemboi-15117582,toplist
53.0,14:51.44,,Parker VALBY,27 SEP 2002,USA,4,,"Hayward Field, Eugene, OR (USA)",24 JUN 2024,1180.0,women_5000m,2024,https://worldathletics.org/athletes/athlete=14903214,toplist
54.0,14:52.57,,Doris LEMNGOLE,05 FEB 2002,KEN,1f1,,"Boston Univ. Track & Tennis Center, Boston, MA (USA) (i)",07 DEC 2024,1202.0,women_5000m,2024,https://worldathletics.org/athletes/athlete=15128594,toplist
55.0,14:52.65,,Hannah NUTTALL,07 JUL 1997,GBR,2,,"Sportcomplex De Leidse Hout, Leiden (NED)",25 MAY 2024,1177.0,women_5000m,2024,https://worldathletics.org/athletes/athlete=14523341,toplist
56.0,14:52.84,,Hilda OLEMOMOI,02 DEC 2003,KEN,2f1,,"Boston Univ. Track & Tennis Center, Boston, MA (USA) (i)",07 DEC 2024,1202.0,women_5000m,2024,https://worldathletics.org/athletes/athlete=15014437,toplist
57.0,14:53.15,,Bosena MULATIE,21 NOV 2001,ETH,12,,"Hayward Field, Eugene, OR (USA)",25 MAY 2024,1176.0,women_5000m,2024,https://worldathletics.org/athletes/athlete=14921807,toplist
58.0,14:53.57,,Whittni MORGAN,22 OCT 1997,USA,14,,"Stade de France, Paris (FRA)",05 AUG 2024,1176.0,women_5000m,2024,https://worldathletics.org/athletes/athlete=14770924,toplist
59.0,14:54.15,,Sarah CHELANGAT,05 JUN 2001,UGA,12,,"Suzhou Olympic Sports Centre, Suzhou (CHN)",27 APR 2024,1174.0,women_5000m,2024,https://worldathletics.org/athletes/athlete=14786748,toplist
60.0,14:54.16,,Birtukan MOLLA,24 MAY 2005,ETH,3f3,,"LAZ Wien, Wien (AUT)",22 JUN 2024,1174.0,women_5000m,2024,https://worldathletics.org/athletes/ethiopia/birtukan-molla-15116034,toplist
61.0,14:55.35,,Susan Lokayo EJORE,09 NOV 1995,KEN,1f2,,"Dempsey Indoor, Seattle, WA (USA) (i)",23 FEB 2024,1172.0,women_5000m,2024,https://worldathletics.org/athletes/athlete=14700633,toplist
62.0,14:55.97,,Lilian Kasait RENGERUK,03 MAY 1997,KEN,11,,"Stade Louis II, Monaco (MON)",12 JUL 2024,1171.0,women_5000m,2024,https://worldathletics.org/athletes/athlete=14590678,toplist
63.0,14:56.12,,Tabithanjeri KAMAU,03 JUL 2000,KEN,2,,"NITTAIDAI Athletic Stadium, Yokohama (JPN)",01 DEC 2024,1171.0,women_5000m,2024,https://worldathletics.org/athletes/athlete=14767078,toplist
64.0,14:57.05,,Caroline KARIBA,22 APR 2004,KEN,2f1,,"Aoba Park Athletic Field, Chitose (JPN)",20 JUL 2024,1169.0,women_5000m,2024,https://worldathletics.org/athletes/kenya/caroline-kariba-14965231,toplist
65.0,14:57.17,,Gete ALEMAYEHU,27 AUG 1998,ETH,5,,"Stade Naimette-Xhovémont, Liège (BEL)",19 JUN 2024,1169.0,women_5000m,2024,https://worldathletics.org/athletes/athlete=14825080,toplist
66.0,14:57.67,,Lauren RYAN,15 MAR 1998,AUS,2f2,,"Dempsey Indoor, Seattle, WA (USA) (i)",23 FEB 2024,1168.0,women_5000m,2024,https://worldathletics.org/athletes/athlete=14667446,toplist
67.0,14:58.28,,Hanna KLEIN,06 APR 1993,GER,6,,"Stadio Olimpico, Roma (ITA)",07 JUN 2024,1166.0,women_5000m,2024,https://worldathletics.org/athletes/athlete=14360692,toplist
68.0,14:58.39,,Ella DONAGHU,13 APR 1998,USA,4,,"Drake Stadium, Los Angeles, CA (USA)",17 MAY 2024,1166.0,women_5000m,2024,https://worldathletics.org/athletes/athlete=14582269,toplist
69.0,14:58.46,,Lomi MULETA,29 NOV 2001,ETH,4f3,,"LAZ Wien, Wien (AUT)",22 JUN 2024,1166.0,women_5000m,2024,https://worldathletics.org/athletes/athlete=14893973,toplist
70.0,14:58.59,,Maurine Jepkoech CHEBOR,28 MAY 2004,KEN,5f3,,"LAZ Wien, Wien (AUT)",22 JUN 2024,1166.0,women_5000m,2024,https://worldathletics.org/athletes/kenya/maurine-jepkoech-chebor-14989691,toplist
71.0,14:59.19,,Robe DIDA,29 DEC 2006,ETH,7f3,,"LAZ Wien, Wien (AUT)",22 JUN 2024,1165.0,women_5000m,2024,https://worldathletics.org/athletes/ethiopia/robe-dida-15118092,toplist
72.0,14:59.63,,Izzy FRY,04 MAY 2000,GBR,8f3,,"LAZ Wien, Wien (AUT)",22 JUN 2024,1164.0,women_5000m,2024,https://worldathletics.org/athletes/athlete=14653034,toplist
73.0,14:59.84,,Jenny BLUNDELL,09 MAY 1994,AUS,9f3,,"LAZ Wien, Wien (AUT)",22 JUN 2024,1163.0,women_5000m,2024,https://worldathletics.org/athletes/athlete=14272435,toplist
74.0,15:00.05,,Federica DEL BUONO,12 DEC 1994,ITA,7,,"Stadio Olimpico, Roma (ITA)",07 JUN 2024,1163.0,women_5000m,2024,https://worldathletics.org/athletes/athlete=14480247,toplist
75.0,15:00.18,,Esther CHEBET,09 OCT 1997,UGA,1,,"Campo di Atletica, Asti (ITA)",23 MAY 2024,1163.0,women_5000m,2024,https://worldathletics.org/athletes/athlete=14677914,toplist
76.0,15:00.36,,Pamela KOSGEI,05 JUL 2004,KEN,3f1,,"Boston Univ. Track & Tennis Center, Boston, MA (USA) (i)",07 DEC 2024,1187.0,women_5000m,2024,https://worldathletics.org/athletes/athlete=15041996,toplist
77.0,15:00.68,,Sarah WANJIRU,12 APR 2004,KEN,4,,"NITTAIDAI Athletic Stadium, Yokohama (JPN)",01 DEC 2024,1162.0,women_5000m,2024,https://worldathletics.org/athletes/kenya/sarah-wanjiru-14957601,toplist
78.0,15:00.75,,Amy BUNNAGE,22 MAR 2005,AUS,4f1,,"Boston Univ. Track & Tennis Center, Boston, MA (USA) (i)",07 DEC 2024,1186.0,women_5000m,2024,https://worldathletics.org/athletes/athlete=14777781,toplist
79.0,15:01.06,,Courtney FRERICHS,18 JAN 1993,USA,1f1,,"Boston Univ. Track & Tennis Center, Boston, MA (USA) (i)",09 FEB 2024,1185.0,women_5000m,2024,https://worldathletics.org/athletes/athlete=14507523,toplist
80.0,15:01.10,,Grace Loibach NAWOWUNA,10 NOV 2003,KEN,9,,"Suhaim bin Hamad Stadium, Doha (QAT)",10 MAY 2024,1161.0,women_5000m,2024,https://worldathletics.org/athletes/kenya/grace-loibach-nawowuna-14989694,toplist
81.0,15:01.25,,Janeth Nyiva MUTUNGI,27 AUG 2003,KEN,2f1,,"Nishishina Athletic Stadium, Nobeoka (JPN)",04 MAY 2024,1161.0,women_5000m,2024,https://worldathletics.org/athletes/athlete=14849583,toplist
82.0,15:01.51,,Esther MUTHONI,27 DEC 2001,KEN,3f1,,"Nishishina Athletic Stadium, Nobeoka (JPN)",04 MAY 2024,1160.0,women_5000m,2024,https://worldathletics.org/athletes/kenya/esther-muthoni-14962711,toplist
83.0,15:01.75,,Allie BUCHALSKI,12 JAN 1995,USA,5,,"Drake Stadium, Los Angeles, CA (USA)",17 MAY 2024,1160.0,women_5000m,2024,https://worldathletics.org/athletes/athlete=14588599,toplist
84.0,15:01.80,,Diana CHEROTICH,24 DEC 2005,KEN,4f1,,"Nishishina Athletic Stadium, Nobeoka (JPN)",04 MAY 2024,1160.0,women_5000m,2024,https://worldathletics.org/athletes/kenya/diana-cherotich-15042029,toplist
85.0,15:01.84,,Regan YEE,04 JUL 1995,CAN,3f2,,"Dempsey Indoor, Seattle, WA (USA) (i)",23 FEB 2024,1159.0,women_5000m,2024,https://worldathletics.org/athletes/athlete=14501254,toplist
86.0,15:02.30,,Joy CHEPTOYEK,15 MAY 2002,UGA,5,,"Nyayo National Stadium, Nairobi (KEN)",14 JUN 2024,1159.0,women_5000m,2024,https://worldathletics.org/athletes/athlete=14818058,toplist
87.0,15:02.56,,Sarah MADELEINE,20 SEP 1998,FRA,8,,"Stadio Olimpico, Roma (ITA)",07 JUN 2024,1158.0,women_5000m,2024,https://worldathletics.org/athletes/athlete=14683883,toplist
88.0,15:02.89,,Lexy HALLADAY,23 JUL 2001,USA,5,,"Lincoln HS, Portland, OR (USA)",09 JUN 2024,1157.0,women_5000m,2024,https://worldathletics.org/athletes/athlete=14741102,toplist
89.0,15:03.14,,Elly HENES,13 OCT 1998,USA,3,,"Heinz-Steyer-Stadion, Dresden (GER)",30 AUG 2024,1157.0,women_5000m,2024,https://worldathletics.org/athletes/athlete=14666149,toplist
90.0,15:03.17,,Abby NICHOLS,31 JAN 1997,USA,6,,"Drake Stadium, Los Angeles, CA (USA)",17 MAY 2024,1157.0,women_5000m,2024,https://worldathletics.org/athletes/athlete=14649782,toplist
91.0,15:03.24,,Rachel SMITH,18 JUL 1991,USA,6,,"Lincoln HS, Portland, OR (USA)",09 JUN 2024,1157.0,women_5000m,2024,https://worldathletics.org/athletes/athlete=14320785,toplist
92.0,15:03.48,,Natalie RULE,08 AUG 1996,AUS,7,,"Lincoln HS, Portland, OR (USA)",09 JUN 2024,1156.0,women_5000m,2024,https://worldathletics.org/athletes/athlete=14386626,toplist
93.0,15:03.54,,Emily VENTERS,06 JUN 1999,USA,5f1,,"Boston Univ. Track & Tennis Center, Boston, MA (USA) (i)",07 DEC 2024,1181.0,women_5000m,2024,https://worldathletics.org/athletes/athlete=14649688,toplist
94.0,15:03.78,,Faith CHEROTICH,13 JUL 2004,KEN,14,,"Suzhou Olympic Sports Centre, Suzhou (CHN)",27 APR 2024,1156.0,women_5000m,2024,https://worldathletics.org/athletes/athlete=14989893,toplist
95.0,15:03.82,,Teresiah GATERI,05 JAN 2002,KEN,15,,"Suzhou Olympic Sports Centre, Suzhou (CHN)",27 APR 2024,1156.0,women_5000m,2024,https://worldathletics.org/athletes/athlete=14798246,toplist
96.0,15:03.85,,Klara LUKAN,08 SEP 2000,SLO,10f3,,"LAZ Wien, Wien (AUT)",22 JUN 2024,1156.0,women_5000m,2024,https://worldathletics.org/athletes/athlete=14605811,toplist
97.0,15:05.20,,Laura GALVÁN,05 OCT 1991,MEX,11h2,,"Stade de France, Paris (FRA)",02 AUG 2024,1153.0,women_5000m,2024,https://worldathletics.org/athletes/athlete=14329560,toplist
98.0,15:05.77,,Mariana MACHADO,12 NOV 2000,POR,7,,"Stade Naimette-Xhovémont, Liège (BEL)",19 JUN 2024,1152.0,women_5000m,2024,https://worldathletics.org/athletes/athlete=14737874,toplist
99.0,15:05.80,,Bethany HASZ,09 SEP 1997,USA,7,,"Drake Stadium, Los Angeles, CA (USA)",17 MAY 2024,1152.0,women_5000m,2024,https://worldathletics.org/athletes/athlete=14757130,toplist
100.0,15:05.96,,Kayley DELAY,07 JUN 1999,USA,5f2,,"Dempsey Indoor, Seattle, WA (USA) (i)",23 FEB 2024,1151.0,women_5000m,2024,https://worldathletics.org/athletes/athlete=14802030,toplist
1.0,13:58.06,,Beatrice CHEBET,05 MAR 2000,KEN,1,,"Hayward Field, Eugene, OR (USA)",05 JUL 2025,1286.0,women_5000m,2025,https://worldathletics.org/athletes/athlete=14749924,toplist
2.0,14:01.29,,Agnes Jebet NGETICH,23 JAN 2001,KEN,2,,"Hayward Field, Eugene, OR (USA)",05 JUL 2025,1280.0,women_5000m,2025,https://worldathletics.org/athletes/athlete=14758189,toplist
3.0,14:04.41,,Gudaf TSEGAY,23 JAN 1997,ETH,3,,"Hayward Field, Eugene, OR (USA)",05 JUL 2025,1273.0,women_5000m,2025,https://worldathletics.org/athletes/athlete=14595214,toplist
4.0,14:19.33,,Freweyni HAILU,12 FEB 2001,ETH,2,,"Stadio Olimpico, Roma (ITA)",06 JUN 2025,1243.0,women_5000m,2025,https://worldathletics.org/athletes/athlete=14836656,toplist
5.0,14:23.15,,Nadia BATTOCLETTI,12 APR 2000,ITA,3,,"Stadio Olimpico, Roma (ITA)",06 JUN 2025,1236.0,women_5000m,2025,https://worldathletics.org/athletes/athlete=14700830,toplist
6.0,14:24.20,,Birke HAYLOM,06 JAN 2006,ETH,4,,"Stadio Olimpico, Roma (ITA)",06 JUN 2025,1233.0,women_5000m,2025,https://worldathletics.org/athletes/athlete=15009582,toplist
7.0,14:25.37,,Josette ANDREWS,15 DEC 1995,USA,6,,"Stadio Olimpico, Roma (ITA)",06 JUN 2025,1231.0,women_5000m,2025,https://worldathletics.org/athletes/athlete=14574966,toplist
8.0,14:25.92,,Medina EISA,2002,ETH,2,,"Ansin Sports Complex, Miramar, FL (USA)",02 MAY 2025,1230.0,women_5000m,2025,https://worldathletics.org/athletes/athlete=14985841,toplist
9.0,14:27.11,,Chaltu DIDA,05 DEC 2006,ETH,7,,"Stadio Olimpico, Roma (ITA)",06 JUN 2025,1228.0,women_5000m,2025,https://worldathletics.org/athletes/ethiopia/chaltu-dida-15119269,toplist
10.0,14:27.33,,Aleshign BAWEKE,23 JAN 2006,ETH,8,,"Stadio Olimpico, Roma (ITA)",06 JUN 2025,1227.0,women_5000m,2025,https://worldathletics.org/athletes/ethiopia/aleshign-baweke-15172866,toplist
11.0,14:29.29,,Hirut MESHESHA,20 JAN 2001,ETH,4,,"Egret Stadium, Xiamen (CHN)",26 APR 2025,1223.0,women_5000m,2025,https://worldathletics.org/athletes/athlete=14805826,toplist
12.0,14:30.34,,Margaret AKIDOR,26 JUN 2002,KEN,4,,"Hayward Field, Eugene, OR (USA)",05 JUL 2025,1221.0,women_5000m,2025,https://worldathletics.org/athletes/athlete=14798242,toplist
13.0,14:30.45,,Caroline NYAGA,07 OCT 1993,KEN,5,,"Hayward Field, Eugene, OR (USA)",05 JUL 2025,1221.0,women_5000m,2025,https://worldathletics.org/athletes/athlete=14814043,toplist
14.0,14:30.54,,Likina AMEBAW,30 NOV 1997,ETH,5,,"Egret Stadium, Xiamen (CHN)",26 APR 2025,1221.0,women_5000m,2025,https://worldathletics.org/athletes/athlete=14877871,toplist
15.0,14:30.90,,Fantaye BELAYNEH,11 SEP 2000,ETH,2,,"Olympic Stadium, London (GBR)",19 JUL 2025,1220.0,women_5000m,2025,https://worldathletics.org/athletes/athlete=14977672,toplist
16.0,14:31.45,,Rose DAVIES,21 DEC 1999,AUS,3,,"Olympic Stadium, London (GBR)",19 JUL 2025,1219.0,women_5000m,2025,https://worldathletics.org/athletes/athlete=14517594,toplist
17.0,14:31.88,,Asayech AYICHEW,03 APR 2005,ETH,6,,"Egret Stadium, Xiamen (CHN)",26 APR 2025,1218.0,women_5000m,2025,https://worldathletics.org/athletes/ethiopia/asayech-ayichew-15041291,toplist
18.0,14:32.55,,Fotyen TESFAY,17 FEB 1998,ETH,4,,"Olympic Stadium, London (GBR)",19 JUL 2025,1217.0,women_5000m,2025,https://worldathletics.org/athletes/athlete=14679812,toplist
19.0,14:32.58,,Aynadis MEBRATU,25 NOV 2004,ETH,7,,"Egret Stadium, Xiamen (CHN)",26 APR 2025,1217.0,women_5000m,2025,https://worldathletics.org/athletes/athlete=14923883,toplist
20.0,14:32.82,,Georgia GRIFFITH,05 DEC 1996,AUS,5,,"Olympic Stadium, London (GBR)",19 JUL 2025,1216.0,women_5000m,2025,https://worldathletics.org/athletes/athlete=14549778,toplist
21.0,14:33.40,,Marta GARCÍA,01 JAN 1998,ESP,5,,"Boudewijnstadion, Bruxelles (BEL)",22 AUG 2025,1215.0,women_5000m,2025,https://worldathletics.org/athletes/athlete=14635475,toplist
22.0,14:33.97,,Maureen KOSTER,03 JUL 1992,NED,6,,"Boudewijnstadion, Bruxelles (BEL)",22 AUG 2025,1214.0,women_5000m,2025,https://worldathletics.org/athletes/athlete=14372338,toplist
23.0,14:34.10,,Nozomi TANAKA,04 SEP 1999,JPN,7,,"Olympic Stadium, London (GBR)",19 JUL 2025,1214.0,women_5000m,2025,https://worldathletics.org/athletes/athlete=14632538,toplist
24.0,14:34.46,,Marta ALEMAYO,08 APR 2008,ETH,8,,"Olympic Stadium, London (GBR)",19 JUL 2025,1213.0,women_5000m,2025,https://worldathletics.org/athletes/ethiopia/marta-alemayo-15131346,toplist
25.0,14:37.47,,Jana VAN LENT,22 APR 2001,BEL,10,,"Boudewijnstadion, Bruxelles (BEL)",22 AUG 2025,1207.0,women_5000m,2025,https://worldathletics.org/athletes/athlete=14704113,toplist
26.0,14:37.77,,Weini KELATI FREZGHI,01 DEC 1996,USA,11,,"Boudewijnstadion, Bruxelles (BEL)",22 AUG 2025,1207.0,women_5000m,2025,https://worldathletics.org/athletes/athlete=14877184,toplist
27.0,14:39.13,,Yenawa NBRET,18 MAY 2007,ETH,10,,"Olympic Stadium, London (GBR)",19 JUL 2025,1204.0,women_5000m,2025,https://worldathletics.org/athletes/ethiopia/yenawa-nbret-15090391,toplist
28.0,14:39.30,,Karissa SCHWEIZER,04 MAY 1996,USA,13,,"Boudewijnstadion, Bruxelles (BEL)",22 AUG 2025,1204.0,women_5000m,2025,https://worldathletics.org/athletes/athlete=14470567,toplist
29.0,14:39.48,,Hannah NUTTALL,07 JUL 1997,GBR,11,,"Olympic Stadium, London (GBR)",19 JUL 2025,1203.0,women_5000m,2025,https://worldathletics.org/athletes/athlete=14523341,toplist
30.0,14:39.56,,Innes FITZGERALD,06 APR 2006,GBR,12,,"Olympic Stadium, London (GBR)",19 JUL 2025,1203.0,women_5000m,2025,https://worldathletics.org/athletes/great-britain-ni/innes-fitzgerald-15033317,toplist
31.0,14:40.25,,Janeth CHEPNGETICH,23 JUL 1998,KEN,12,,"Hayward Field, Eugene, OR (USA)",05 JUL 2025,1202.0,women_5000m,2025,https://worldathletics.org/athletes/athlete=14689606,toplist
32.0,14:40.27,,Joy CHEPTOYEK,15 MAY 2002,UGA,1,,"Putbosstadion, Oordegem (BEL)",09 AUG 2025,1202.0,women_5000m,2025,https://worldathletics.org/athletes/athlete=14818058,toplist
33.0,14:40.39,,Lauren RYAN,15 MAR 1998,AUS,2,,"Putbosstadion, Oordegem (BEL)",09 AUG 2025,1201.0,women_5000m,2025,https://worldathletics.org/athletes/athlete=14667446,toplist
34.0,14:40.70,,Elise VANDERELST,27 JAN 1998,BEL,14,,"Boudewijnstadion, Bruxelles (BEL)",22 AUG 2025,1201.0,women_5000m,2025,https://worldathletics.org/athletes/athlete=14526691,toplist
35.0,14:41.75,,Sembo ALMAYEW,24 JAN 2005,ETH,10,,"Egret Stadium, Xiamen (CHN)",26 APR 2025,1199.0,women_5000m,2025,https://worldathletics.org/athletes/athlete=14968520,toplist
36.0,14:43.29,,Mekedes ALEMESHETE,30 MAR 2006,ETH,13,,"Hayward Field, Eugene, OR (USA)",05 JUL 2025,1196.0,women_5000m,2025,https://worldathletics.org/athletes/ethiopia/mekedes-alemeshete-15094415,toplist
37.0,14:43.61,,Linden HALL,20 JUN 1991,AUS,1,,"Jack Kemp Stadium - Occidental College, Los Angeles, CA (USA)",24 MAY 2025,1195.0,women_5000m,2025,https://worldathletics.org/athletes/athlete=14272002,toplist
38.0,14:43.80,,Diane VAN ES,22 MAR 1999,NED,15,,"Olympic Stadium, London (GBR)",19 JUL 2025,1195.0,women_5000m,2025,https://worldathletics.org/athletes/athlete=14625026,toplist
39.0,14:44.79,,Jane HEDENGREN,23 SEP 2006,USA,1,,"Boston Univ. Track & Tennis Center, Boston, MA (USA) (i)",06 DEC 2025,1218.0,women_5000m,2025,https://worldathletics.org/athletes/united-states/jane-hedengren-15090151,toplist
40.0,14:44.96,,Caroline KARIBA,22 APR 2004,KEN,14,,"Hayward Field, Eugene, OR (USA)",05 JUL 2025,1192.0,women_5000m,2025,https://worldathletics.org/athletes/kenya/caroline-kariba-14965231,toplist
41.0,14:45.29,,Shelby HOULIHAN,08 FEB 1993,USA,10,,"Stadio Olimpico, Roma (ITA)",06 JUN 2025,1192.0,women_5000m,2025,https://worldathletics.org/athletes/athlete=14368938,toplist
42.0,14:45.81,,Emily MACKAY,30 APR 1998,USA,2f1,,"Boston Univ. Track & Tennis Center, Boston, MA (USA) (i)",02 MAR 2025,1216.0,women_5000m,2025,https://worldathletics.org/athletes/athlete=14667572,toplist
43.0,14:45.93,,Samiya HASSAN NOUR,05 DEC 1999,DJI,1f1,,"Påskbergsvallen, Varberg (SWE)",22 JUL 2025,1190.0,women_5000m,2025,https://worldathletics.org/athletes/athlete=14786622,toplist
44.0,14:46.41,,Sarah CHELANGAT,05 JUN 2001,UGA,1f1,,"Parc des Sports, Maisons-Laffitte (FRA)",07 JUN 2025,1190.0,women_5000m,2025,https://worldathletics.org/athletes/athlete=14786748,toplist
45.0,14:47.34,,Megan KEITH,23 APR 2002,GBR,16,,"Olympic Stadium, London (GBR)",19 JUL 2025,1188.0,women_5000m,2025,https://worldathletics.org/athletes/athlete=14918707,toplist
46.0,14:47.41,,Caroline Makandi GITONGA,12 MAY 1996,KEN,1,,"Estádio José Vieira de Carvalho, Maia (POR)",21 JUN 2025,1188.0,women_5000m,2025,https://worldathletics.org/athletes/athlete=14761963,toplist
47.0,14:47.83,,Gabriela DEBUES-STAFFORD,13 SEP 1995,CAN,2f1,,"Parc des Sports, Maisons-Laffitte (FRA)",07 JUN 2025,1187.0,women_5000m,2025,https://worldathletics.org/athletes/athlete=14501531,toplist
48.0,14:48.20,,Melissa COURTNEY-BRYANT,30 AUG 1993,GBR,2,,"Jack Kemp Stadium - Occidental College, Los Angeles, CA (USA)",24 MAY 2025,1186.0,women_5000m,2025,https://worldathletics.org/athletes/athlete=14274781,toplist
49.0,14:48.41,,Whittni MORGAN,22 OCT 1997,USA,1f1,,"Boston Univ. Track & Tennis Center, Boston, MA (USA) (i)",31 JAN 2025,1211.0,women_5000m,2025,https://worldathletics.org/athletes/athlete=14770924,toplist
50.0,14:48.79,,Sarah MADELEINE,20 SEP 1998,FRA,13,,"Stadio Olimpico, Roma (ITA)",06 JUN 2025,1185.0,women_5000m,2025,https://worldathletics.org/athletes/athlete=14683883,toplist
51.0,14:48.91,,Bailey HERTENSTEIN,20 APR 2000,USA,1,,"Jack Kemp Stadium - Occidental College, Los Angeles, CA (USA)",12 JUL 2025,1185.0,women_5000m,2025,https://worldathletics.org/athletes/athlete=14798031,toplist
52.0,14:49.70,,Hawi ABERA,17 DEC 2006,ETH,1,,"Province Naimette Arena, Liège (BEL)",16 JUL 2025,1183.0,women_5000m,2025,https://worldathletics.org/athletes/ethiopia/hawi-abera-15058804,toplist
53.0,14:49.89,,Francine NIYOMUKUNZI,01 AUG 1999,BDI,14,,"Stadio Olimpico, Roma (ITA)",06 JUN 2025,1183.0,women_5000m,2025,https://worldathletics.org/athletes/athlete=14786755,toplist
54.0,14:49.91,,Taylor ROE,13 OCT 2000,USA,2,,"Jack Kemp Stadium - Occidental College, Los Angeles, CA (USA)",12 JUL 2025,1183.0,women_5000m,2025,https://worldathletics.org/athletes/athlete=14709234,toplist
54.0,14:49.91,,Lucy NDUTA,16 DEC 2005,KEN,2f2,,"NITTAIDAI Athletic Stadium, Yokohama (JPN)",29 NOV 2025,1183.0,women_5000m,2025,https://worldathletics.org/athletes/kenya/lucy-nduta-15018122,toplist
56.0,14:49.93,,Maudie SKYRING,09 APR 1997,AUS,2,,"Province Naimette Arena, Liège (BEL)",16 JUL 2025,1183.0,women_5000m,2025,https://worldathletics.org/athletes/athlete=14609597,toplist
57.0,14:50.40,,Klara LUKAN,08 SEP 2000,SLO,3,,"Province Naimette Arena, Liège (BEL)",16 JUL 2025,1182.0,women_5000m,2025,https://worldathletics.org/athletes/athlete=14605811,toplist
58.0,14:50.68,,Maurine Jepkoech CHEBOR,28 MAY 2004,KEN,15,,"Hayward Field, Eugene, OR (USA)",05 JUL 2025,1181.0,women_5000m,2025,https://worldathletics.org/athletes/kenya/maurine-jepkoech-chebor-14989691,toplist
59.0,14:50.89,,Ella DONAGHU,13 APR 1998,USA,2f1,,"Boston Univ. Track & Tennis Center, Boston, MA (USA) (i)",31 JAN 2025,1206.0,women_5000m,2025,https://worldathletics.org/athletes/athlete=14582269,toplist
60.0,14:52.23,,Dolphine Nyaboke OMARE,26 JUL 2001,KEN,2f1,,"Aoba Park Athletic Field, Chitose (JPN)",12 JUL 2025,1178.0,women_5000m,2025,https://worldathletics.org/athletes/athlete=14758190,toplist
61.0,14:52.45,,Pamela KOSGEI,05 JUL 2004,KEN,1f1,,"Cougar Athletic Stadium, Azusa, CA (USA)",17 APR 2025,1178.0,women_5000m,2025,https://worldathletics.org/athletes/athlete=15041996,toplist
62.0,14:52.69,,Sarah LAHTI,18 FEB 1995,SWE,5,,"Province Naimette Arena, Liège (BEL)",16 JUL 2025,1177.0,women_5000m,2025,https://worldathletics.org/athletes/athlete=14403185,toplist
63.0,14:52.86,,Tabithanjeri KAMAU,03 JUL 2000,KEN,3f2,,"NITTAIDAI Athletic Stadium, Yokohama (JPN)",29 NOV 2025,1177.0,women_5000m,2025,https://worldathletics.org/athletes/athlete=14767078,toplist
64.0,14:52.93,,Lexy HALLADAY,23 JUL 2001,USA,2f1,,"Cougar Athletic Stadium, Azusa, CA (USA)",17 APR 2025,1177.0,women_5000m,2025,https://worldathletics.org/athletes/athlete=14741102,toplist
65.0,14:53.82,,Isobel BATT-DOYLE,14 SEP 1995,AUS,6,,"Province Naimette Arena, Liège (BEL)",16 JUL 2025,1175.0,women_5000m,2025,https://worldathletics.org/athletes/athlete=14519260,toplist
66.0,14:53.91,,Mariana MACHADO,12 NOV 2000,POR,13,,"Egret Stadium, Xiamen (CHN)",26 APR 2025,1175.0,women_5000m,2025,https://worldathletics.org/athletes/athlete=14737874,toplist
67.0,14:54.88,,Ejgayehu TAYE,10 FEB 2000,ETH,1,,"National Stadium, Kingston (JAM)",06 APR 2025,1173.0,women_5000m,2025,https://worldathletics.org/athletes/athlete=14848746,toplist
68.0,14:55.07,,Faith KIPYEGON,10 JAN 1994,KEN,2,,"National Stadium, Tokyo (JPN)",20 SEP 2025,1173.0,women_5000m,2025,https://worldathletics.org/athletes/athlete=14413305,toplist
69.0,14:55.15,,Idaira PRIETO,17 AUG 1997,ESP,4,,"Putbosstadion, Oordegem (BEL)",09 AUG 2025,1172.0,women_5000m,2025,https://worldathletics.org/athletes/athlete=14592926,toplist
70.0,14:55.68,,Calli HAUGER-THACKERY,09 JAN 1993,GBR,2f1,,"Boston Univ. Track & Tennis Center, Boston, MA (USA) (i)",15 FEB 2025,1196.0,women_5000m,2025,https://worldathletics.org/athletes/athlete=14276523,toplist
71.0,14:56.87,,Elena BURKARD,10 FEB 1992,GER,2f3,,"LAZ Wien, Wien (AUT)",14 JUN 2025,1169.0,women_5000m,2025,https://worldathletics.org/athletes/athlete=14420240,toplist
72.0,14:57.87,,Elisa PALMERO,10 JUL 1999,ITA,5,,"Putbosstadion, Oordegem (BEL)",09 AUG 2025,1167.0,women_5000m,2025,https://worldathletics.org/athletes/athlete=14701876,toplist
73.0,14:58.11,,Grace HARTMAN,30 JAN 2004,USA,1f1,,"Morris Williams T&F Stadium, Durham, NC (USA)",04 MAY 2025,1167.0,women_5000m,2025,https://worldathletics.org/athletes/athlete=14719772,toplist
74.0,14:58.59,,Alessia ZARBO,11 SEP 2001,FRA,6,,"Putbosstadion, Oordegem (BEL)",09 AUG 2025,1166.0,women_5000m,2025,https://worldathletics.org/athletes/athlete=14761053,toplist
75.0,14:58.71,,Norah JERUTO,02 OCT 1995,KAZ,1,,"Gumi Civic Stadium, Gumi (KOR)",31 MAY 2025,1166.0,women_5000m,2025,https://worldathletics.org/athletes/athlete=14479154,toplist
76.0,14:58.77,,Emily VENTERS,06 JUN 1999,USA,4f1,,"Boston Univ. Track & Tennis Center, Boston, MA (USA) (i)",15 FEB 2025,1190.0,women_5000m,2025,https://worldathletics.org/athletes/athlete=14649688,toplist
77.0,14:58.85,,Lea MEYER,16 SEP 1997,GER,4,,"Jack Kemp Stadium - Occidental College, Los Angeles, CA (USA)",24 MAY 2025,1165.0,women_5000m,2025,https://worldathletics.org/athletes/athlete=14509240,toplist
78.0,14:58.97,,Riley CHAMBERLAIN,21 JUL 2004,USA,2,,"Boston Univ. Track & Tennis Center, Boston, MA (USA) (i)",06 DEC 2025,1190.0,women_5000m,2025,https://worldathletics.org/athletes/united-states/riley-chamberlain-14761322,toplist
79.0,14:59.23,,Agnes Mwikali MUTUKU,15 DEC 2002,KEN,4f2,,"NITTAIDAI Athletic Stadium, Yokohama (JPN)",29 NOV 2025,1165.0,women_5000m,2025,https://worldathletics.org/athletes/athlete=14915503,toplist
80.0,15:00.23,,Elise CRANNY,09 MAY 1996,USA,10h1,,"National Stadium, Tokyo (JPN)",18 SEP 2025,1163.0,women_5000m,2025,https://worldathletics.org/athletes/athlete=14531083,toplist
81.0,15:00.64,,Annie RODENFELS,24 JUL 1996,USA,5f1,,"Boston Univ. Track & Tennis Center, Boston, MA (USA) (i)",31 JAN 2025,1186.0,women_5000m,2025,https://worldathletics.org/athletes/athlete=14762729,toplist
82.0,15:00.79,,Allie BUCHALSKI,12 JAN 1995,USA,5,,"Jack Kemp Stadium - Occidental College, Los Angeles, CA (USA)",12 JUL 2025,1161.0,women_5000m,2025,https://worldathletics.org/athletes/athlete=14588599,toplist
83.0,15:00.92,,Janet Jepkoech CHEPKEMOI,29 NOV 2006,KEN,1f1,,"Egao Kenko Stadium, Kumamoto (JPN)",12 APR 2025,1161.0,women_5000m,2025,https://worldathletics.org/athletes/kenya/janet-jepkoech-chepkemoi-15018098,toplist
84.0,15:00.98,,Janeth Nyiva MUTUNGI,27 AUG 2003,KEN,2f1,,"Egao Kenko Stadium, Kumamoto (JPN)",12 APR 2025,1161.0,women_5000m,2025,https://worldathletics.org/athletes/athlete=14849583,toplist
85.0,15:01.21,,Simone PLOURDE,08 JUL 2000,CAN,6f1,,"Boston Univ. Track & Tennis Center, Boston, MA (USA) (i)",31 JAN 2025,1185.0,women_5000m,2025,https://worldathletics.org/athletes/athlete=14782097,toplist
86.0,15:01.22,,Amanda VESTRI,01 SEP 1999,USA,5,,"Jack Kemp Stadium - Occidental College, Los Angeles, CA (USA)",24 MAY 2025,1161.0,women_5000m,2025,https://worldathletics.org/athletes/athlete=14718893,toplist
87.0,15:01.59,,Esther CHEBET,09 OCT 1997,UGA,7,,"Putbosstadion, Oordegem (BEL)",09 AUG 2025,1160.0,women_5000m,2025,https://worldathletics.org/athletes/athlete=14677914,toplist
88.0,15:01.63,,Alicia MONSON,13 MAY 1998,USA,6,,"Jack Kemp Stadium - Occidental College, Los Angeles, CA (USA)",12 JUL 2025,1160.0,women_5000m,2025,https://worldathletics.org/athletes/athlete=14708276,toplist
89.0,15:01.92,,India WEIR,05 NOV 1999,GBR,8,,"Putbosstadion, Oordegem (BEL)",09 AUG 2025,1159.0,women_5000m,2025,https://worldathletics.org/athletes/athlete=14587874,toplist
90.0,15:02.64,,Alexandra MILLARD,31 DEC 2001,GBR,9,,"Putbosstadion, Oordegem (BEL)",09 AUG 2025,1158.0,women_5000m,2025,https://worldathletics.org/athletes/athlete=14715650,toplist
91.0,15:02.74,,Jessica HULL,22 OCT 1996,AUS,1,,"WA Athletics Stadium, Perth (AUS)",13 APR 2025,1158.0,women_5000m,2025,https://worldathletics.org/athletes/athlete=14464506,toplist
92.0,15:03.21,,Tsigie GEBRESELAMA,30 SEP 2000,ETH,6,,"Ansin Sports Complex, Miramar, FL (USA)",02 MAY 2025,1157.0,women_5000m,2025,https://worldathletics.org/athletes/athlete=14848732,toplist
93.0,15:03.37,,Georgie GRGEC,18 NOV 1993,NZL,10,,"Putbosstadion, Oordegem (BEL)",09 AUG 2025,1156.0,women_5000m,2025,https://worldathletics.org/athletes/athlete=14385176,toplist
94.0,15:03.88,,Maria FORERO,24 MAR 2003,ESP,3f3,,"LAZ Wien, Wien (AUT)",14 JUN 2025,1156.0,women_5000m,2025,https://worldathletics.org/athletes/athlete=14850944,toplist
95.0,15:03.89,,Purity Kajuju GITONGA,12 MAY 1996,KEN,1,,"Estádio 1o de Maio, Braga (POR)",14 JUN 2025,1155.0,women_5000m,2025,https://worldathletics.org/athletes/athlete=14892498,toplist
96.0,15:04.07,,Katelyn TUOHY,18 MAR 2002,USA,1,,"Griswold Stadium, Portland, OR (USA)",15 JUN 2025,1155.0,women_5000m,2025,https://worldathletics.org/athletes/athlete=14679744,toplist
97.0,15:04.11,,Ririka HIRONAKA,24 NOV 2000,JPN,5f1,,"Aoba Park Athletic Field, Chitose (JPN)",12 JUL 2025,1155.0,women_5000m,2025,https://worldathletics.org/athletes/athlete=14766617,toplist
98.0,15:04.32,,Micol MAJORI,04 JUN 1998,ITA,2,,"Giovanni Chiggiato Stadium, Caorle (ITA)",02 AUG 2025,1155.0,women_5000m,2025,https://worldathletics.org/athletes/athlete=14632353,toplist
99.0,15:04.65,,Hilda OLEMOMOI,02 DEC 2003,KEN,4f1,,"Cougar Athletic Stadium, Azusa, CA (USA)",17 APR 2025,1154.0,women_5000m,2025,https://worldathletics.org/athletes/athlete=15014437,toplist
100.0,15:05.05,,Cari HUGHES,15 MAR 1999,GBR,11,,"Putbosstadion, Oordegem (BEL)",09 AUG 2025,1153.0,women_5000m,2025,https://worldathletics.org/athletes/athlete=14478030,toplist
,14:26.89,,Genzebe DIBABA,08 FEB 1991,ETH,1.,,Eugene Prefontaine Classic,26 MAY 2018,,,2018,,dl_meeting
,14:30.29,,Letesenbet GIDEY,20 MAR 1998,ETH,2.,,Eugene Prefontaine Classic,26 MAY 2018,,,2018,,dl_meeting
,14:35.03,,Hellen OBIRI,13 DEC 1989,KEN,3.,,Eugene Prefontaine Classic,26 MAY 2018,,,2018,,dl_meeting
,14:51.30,,Gudaf TSEGAY,23 JAN 1997,ETH,4.,,Eugene Prefontaine Classic,26 MAY 2018,,,2018,,dl_meeting
,15:01.15,,Lilian Kasait RENGERUK,03 MAY 1997,KEN,5.,,Eugene Prefontaine Classic,26 MAY 2018,,,2018,,dl_meeting
,15:01.98,,Margaret Chelimo KIPKEMBOI,09 FEB 1993,KEN,6.,,Eugene Prefontaine Classic,26 MAY 2018,,,2018,,dl_meeting
,15:10.23,,Dominique SCOTT,24 JUN 1992,RSA,7.,,Eugene Prefontaine Classic,26 MAY 2018,,,2018,,dl_meeting
,15:10.91,,Rina NABESHIMA,16 DEC 1993,JPN,8.,,Eugene Prefontaine Classic,26 MAY 2018,,,2018,,dl_meeting
,15:11.00,,Alice Aprot NAWOWUNA,02 JAN 1994,KEN,9.,,Eugene Prefontaine Classic,26 MAY 2018,,,2018,,dl_meeting
,15:15.23,,Lauren PAQUETTE,27 JUN 1986,USA,10.,,Eugene Prefontaine Classic,26 MAY 2018,,,2018,,dl_meeting
,DNF,,Selah BUSIENEI,27 DEC 1991,KEN,,,Eugene Prefontaine Classic,26 MAY 2018,,,2018,,dl_meeting
,DNF,,Maureen KOSTER,03 JUL 1992,NED,,,Eugene Prefontaine Classic,26 MAY 2018,,,2018,,dl_meeting
,DNF,,Siham HILALI,02 MAY 1986,MAR,,,Eugene Prefontaine Classic,26 MAY 2018,,,2018,,dl_meeting
,DQ,,Meraf BAHTA,24 JUN 1989,SWE, - ,,Eugene Prefontaine Classic,26 MAY 2018,,,2018,,dl_meeting
,14:21.75,,Hellen OBIRI,13 DEC 1989,KEN,1.,,Meeting International Mohammed VI d'Athletisme de Rabat,13 JUL 2018,,,2018,,dl_meeting
,14:22.34,,Sifan HASSAN,01 JAN 1993,NED,2.,,Meeting International Mohammed VI d'Athletisme de Rabat,13 JUL 2018,,,2018,,dl_meeting
,14:23.14,,Letesenbet GIDEY,20 MAR 1998,ETH,3.,,Meeting International Mohammed VI d'Athletisme de Rabat,13 JUL 2018,,,2018,,dl_meeting
,14:23.33,,Senbere TEFERI,03 MAY 1995,ETH,4.,,Meeting International Mohammed VI d'Athletisme de Rabat,13 JUL 2018,,,2018,,dl_meeting
,14:24.24,,Agnes Jebet TIROP,23 OCT 1995,KEN,5.,,Meeting International Mohammed VI d'Athletisme de Rabat,13 JUL 2018,,,2018,,dl_meeting
,14:42.98,,Genzebe DIBABA,08 FEB 1991,ETH,6.,,Meeting International Mohammed VI d'Athletisme de Rabat,13 JUL 2018,,,2018,,dl_meeting
,14:52.83,,Eilish MCCOLGAN,25 NOV 1990,GBR,7.,,Meeting International Mohammed VI d'Athletisme de Rabat,13 JUL 2018,,,2018,,dl_meeting
,14:55.63,,Caroline Chepkoech KIPKIRUI,26 MAY 1994,KEN,8.,,Meeting International Mohammed VI d'Athletisme de Rabat,13 JUL 2018,,,2018,,dl_meeting
,15:11.65,,Dominique SCOTT,24 JUN 1992,RSA,9.,,Meeting International Mohammed VI d'Athletisme de Rabat,13 JUL 2018,,,2018,,dl_meeting
,15:21.24,,Molly HUDDLE,31 AUG 1984,USA,10.,,Meeting International Mohammed VI d'Athletisme de Rabat,13 JUL 2018,,,2018,,dl_meeting
,15:27.54,,Rina NABESHIMA,16 DEC 1993,JPN,11.,,Meeting International Mohammed VI d'Athletisme de Rabat,13 JUL 2018,,,2018,,dl_meeting
,15:36.45,,Stephanie TWELL,17 AUG 1989,GBR,12.,,Meeting International Mohammed VI d'Athletisme de Rabat,13 JUL 2018,,,2018,,dl_meeting
,DNF,,Eva CHERONO,15 AUG 1996,KEN,,,Meeting International Mohammed VI d'Athletisme de Rabat,13 JUL 2018,,,2018,,dl_meeting
,DNF,,Gloria KITE,10 JAN 1998,KEN,,,Meeting International Mohammed VI d'Athletisme de Rabat,13 JUL 2018,,,2018,,dl_meeting
,DQ,,Meraf BAHTA,24 JUN 1989,SWE, - ,,Meeting International Mohammed VI d'Athletisme de Rabat,13 JUL 2018,,,2018,,dl_meeting
,14:50.82,,Agnes Jebet TIROP,23 OCT 1995,KEN,1.,,BAUHAUS-galan,30 MAY 2019,,,2019,,dl_meeting
,14:51.31,,Fantu WORKU,29 MAR 1999,ETH,2.,,BAUHAUS-galan,30 MAY 2019,,,2019,,dl_meeting
,14:51.34,,Lilian Kasait RENGERUK,03 MAY 1997,KEN,3.,,BAUHAUS-galan,30 MAY 2019,,,2019,,dl_meeting
,14:51.59,,Gabriela DEBUES-STAFFORD,13 SEP 1995,CAN,4.,,BAUHAUS-galan,30 MAY 2019,,,2019,,dl_meeting
,14:52.05,,Caroline Chepkoech KIPKIRUI,26 MAY 1994,KEN,5.,,BAUHAUS-galan,30 MAY 2019,,,2019,,dl_meeting
,14:52.11,,Margaret Chelimo KIPKEMBOI,09 FEB 1993,KEN,6.,,BAUHAUS-galan,30 MAY 2019,,,2019,,dl_meeting
,14:52.40,,Eilish MCCOLGAN,25 NOV 1990,GBR,7.,,BAUHAUS-galan,30 MAY 2019,,,2019,,dl_meeting
,14:53.82,,Melissa COURTNEY-BRYANT,30 AUG 1993,GBR,8.,,BAUHAUS-galan,30 MAY 2019,,,2019,,dl_meeting
,14:53.92,,Yasemin CAN,11 DEC 1996,TUR,9.,,BAUHAUS-galan,30 MAY 2019,,,2019,,dl_meeting
,14:56.50,,Gloria KITE,10 JAN 1998,KEN,10.,,BAUHAUS-galan,30 MAY 2019,,,2019,,dl_meeting
,15:04.10,,Alina REH,23 MAY 1997,GER,11.,,BAUHAUS-galan,30 MAY 2019,,,2019,,dl_meeting
,15:07.70,,Hellen OBIRI,13 DEC 1989,KEN,12.,,BAUHAUS-galan,30 MAY 2019,,,2019,,dl_meeting
,15:22.69,,Anna Emilie MØLLER,28 JUL 1997,DEN,13.,,BAUHAUS-galan,30 MAY 2019,,,2019,,dl_meeting
,DNF,,Loice CHEMNUNG,22 FEB 1997,KEN,,,BAUHAUS-galan,30 MAY 2019,,,2019,,dl_meeting
,14:20.36,,Hellen OBIRI,13 DEC 1989,KEN,1.,,Müller Anniversary Games,21 JUL 2019,,,2019,,dl_meeting
,14:20.68,,Agnes Jebet TIROP,23 OCT 1995,KEN,2.,,Müller Anniversary Games,21 JUL 2019,,,2019,,dl_meeting
,14:22.12,,Sifan HASSAN,01 JAN 1993,NED,3.,,Müller Anniversary Games,21 JUL 2019,,,2019,,dl_meeting
,14:31.69,,Margaret Chelimo KIPKEMBOI,09 FEB 1993,KEN,4.,,Müller Anniversary Games,21 JUL 2019,,,2019,,dl_meeting
,14:36.10,,Caroline Chepkoech KIPKIRUI,26 MAY 1994,KEN,5.,,Müller Anniversary Games,21 JUL 2019,,,2019,,dl_meeting
,14:40.25,,Eva CHERONO,15 AUG 1996,KEN,6.,,Müller Anniversary Games,21 JUL 2019,,,2019,,dl_meeting
,14:46.12,,Beatrice CHEBET,05 MAR 2000,KEN,7.,,Müller Anniversary Games,21 JUL 2019,,,2019,,dl_meeting
,14:48.69,,Lilian Kasait RENGERUK,03 MAY 1997,KEN,8.,,Müller Anniversary Games,21 JUL 2019,,,2019,,dl_meeting
,14:49.22,,Gloria KITE,10 JAN 1998,KEN,9.,,Müller Anniversary Games,21 JUL 2019,,,2019,,dl_meeting
,14:51.46,,Letesenbet GIDEY,20 MAR 1998,ETH,10.,,Müller Anniversary Games,21 JUL 2019,,,2019,,dl_meeting
,14:51.66,,Karoline Bjerkeli GRØVDAL,14 JUN 1990,NOR,11.,,Müller Anniversary Games,21 JUL 2019,,,2019,,dl_meeting
,14:51.78,,Laura WEIGHTMAN,01 JUL 1991,GBR,12.,,Müller Anniversary Games,21 JUL 2019,,,2019,,dl_meeting
,14:51.89,,Eilish MCCOLGAN,25 NOV 1990,GBR,13.,,Müller Anniversary Games,21 JUL 2019,,,2019,,dl_meeting
,14:59.02,,Lonah Chemtai SALPETER,12 DEC 1988,ISR,14.,,Müller Anniversary Games,21 JUL 2019,,,2019,,dl_meeting
,14:59.08,,Dominique SCOTT,24 JUN 1992,RSA,15.,,Müller Anniversary Games,21 JUL 2019,,,2019,,dl_meeting
,15:12.93,,Andrea SECCAFIEN,27 AUG 1990,CAN,16.,,Müller Anniversary Games,21 JUL 2019,,,2019,,dl_meeting
,15:16.47,,Jess JUDD,07 JAN 1995,GBR,17.,,Müller Anniversary Games,21 JUL 2019,,,2019,,dl_meeting
,15:19.75,,Rosie CLARKE,17 NOV 1991,GBR,18.,,Müller Anniversary Games,21 JUL 2019,,,2019,,dl_meeting
,15:28.80,,Jessica O'CONNELL,10 FEB 1989,CAN,19.,,Müller Anniversary Games,21 JUL 2019,,,2019,,dl_meeting
,15:35.02,,Amy-Eloise NEALE,05 AUG 1995,GBR,20.,,Müller Anniversary Games,21 JUL 2019,,,2019,,dl_meeting
,DNF,,Melissa COURTNEY-BRYANT,30 AUG 1993,GBR,,,Müller Anniversary Games,21 JUL 2019,,,2019,,dl_meeting
,DNF,,Natalie RULE,08 AUG 1996,AUS,,,Müller Anniversary Games,21 JUL 2019,,,2019,,dl_meeting
,14:26.38,,Hellen OBIRI,13 DEC 1989,KEN,1.,,Oslo Bislett Games,01 JUL 2021,,,2021,,dl_meeting
,14:26.80,,Fantu WORKU,29 MAR 1999,ETH,2.,,Oslo Bislett Games,01 JUL 2021,,,2021,,dl_meeting
,14:28.24,,Margaret Chelimo KIPKEMBOI,09 FEB 1993,KEN,3.,,Oslo Bislett Games,01 JUL 2021,,,2021,,dl_meeting
,14:28.55,,Eilish MCCOLGAN,25 NOV 1990,GBR,4.,,Oslo Bislett Games,01 JUL 2021,,,2021,,dl_meeting
,14:34.55,,Beatrice CHEBET,05 MAR 2000,KEN,5.,,Oslo Bislett Games,01 JUL 2021,,,2021,,dl_meeting
,14:46.13,,Yasemin CAN,11 DEC 1996,TUR,6.,,Oslo Bislett Games,01 JUL 2021,,,2021,,dl_meeting
,14:47.67,,Karoline Bjerkeli GRØVDAL,14 JUN 1990,NOR,7.,,Oslo Bislett Games,01 JUL 2021,,,2021,,dl_meeting
,15:10.00,,Andrea SECCAFIEN,27 AUG 1990,CAN,8.,,Oslo Bislett Games,01 JUL 2021,,,2021,,dl_meeting
,15:10.24,,Sarah LAHTI,18 FEB 1995,SWE,9.,,Oslo Bislett Games,01 JUL 2021,,,2021,,dl_meeting
,15:23.90,,Camille BUSCOMB,11 JUL 1990,NZL,10.,,Oslo Bislett Games,01 JUL 2021,,,2021,,dl_meeting
,DNF,,Kate VAN BUSKIRK,09 JUN 1987,CAN,,,Oslo Bislett Games,01 JUL 2021,,,2021,,dl_meeting
,DQ,,Tsehay GEMECHU,12 DEC 1998,ETH, - ,,Oslo Bislett Games,01 JUL 2021,,,2021,,dl_meeting
,14:25.34,,Francine NIYONSABA,05 MAY 1993,BDI,1.,,Allianz Memorial Van Damme,03 SEP 2021,,,2021,,dl_meeting
,14:25.63,,Ejgayehu TAYE,10 FEB 2000,ETH,2.,,Allianz Memorial Van Damme,03 SEP 2021,,,2021,,dl_meeting
,14:26.23,,Hellen OBIRI,13 DEC 1989,KEN,3.,,Allianz Memorial Van Damme,03 SEP 2021,,,2021,,dl_meeting
,14:27.12,,Margaret Chelimo KIPKEMBOI,09 FEB 1993,KEN,4.,,Allianz Memorial Van Damme,03 SEP 2021,,,2021,,dl_meeting
,14:30.32,,Lilian Kasait RENGERUK,03 MAY 1997,KEN,5.,,Allianz Memorial Van Damme,03 SEP 2021,,,2021,,dl_meeting
,14:30.77,,Eva CHERONO,15 AUG 1996,KEN,6.,,Allianz Memorial Van Damme,03 SEP 2021,,,2021,,dl_meeting
,14:31.26,,Eilish MCCOLGAN,25 NOV 1990,GBR,7.,,Allianz Memorial Van Damme,03 SEP 2021,,,2021,,dl_meeting
,14:35.88,,Konstanze KLOSTERHALFEN,18 FEB 1997,GER,8.,,Allianz Memorial Van Damme,03 SEP 2021,,,2021,,dl_meeting
,14:42.56,,Alicia MONSON,13 MAY 1998,USA,9.,,Allianz Memorial Van Damme,03 SEP 2021,,,2021,,dl_meeting
,14:43.26,,Karoline Bjerkeli GRØVDAL,14 JUN 1990,NOR,10.,,Allianz Memorial Van Damme,03 SEP 2021,,,2021,,dl_meeting
,14:47.31,,Beatrice CHEBET,05 MAR 2000,KEN,11.,,Allianz Memorial Van Damme,03 SEP 2021,,,2021,,dl_meeting
,14:50.88,,Abersh MINSEWO,22 FEB 2001,ETH,12.,,Allianz Memorial Van Damme,03 SEP 2021,,,2021,,dl_meeting
,14:55.18,,Bosena MULATIE,21 NOV 2001,ETH,13.,,Allianz Memorial Van Damme,03 SEP 2021,,,2021,,dl_meeting
,14:56.46,,Daisy CHEROTICH,30 MAY 1997,KEN,14.,,Allianz Memorial Van Damme,03 SEP 2021,,,2021,,dl_meeting
,15:01.66,,Dominique SCOTT,24 JUN 1992,RSA,15.,,Allianz Memorial Van Damme,03 SEP 2021,,,2021,,dl_meeting
,DNF,,Kate VAN BUSKIRK,09 JUN 1987,CAN,,,Allianz Memorial Van Damme,03 SEP 2021,,,2021,,dl_meeting
,14:47.55,,Dawit SEYAUM,27 JUL 1996,ETH,1.,,Diamond League Meeting,21 MAY 2022,,,2022,,dl_meeting
,14:48.94,,Hawi FEYSA,01 FEB 1999,ETH,2.,,Diamond League Meeting,21 MAY 2022,,,2022,,dl_meeting
,14:49.64,,Fantu WORKU,29 MAR 1999,ETH,3.,,Diamond League Meeting,21 MAY 2022,,,2022,,dl_meeting
,14:51.38,,Karoline Bjerkeli GRØVDAL,14 JUN 1990,NOR,4.,,Diamond League Meeting,21 MAY 2022,,,2022,,dl_meeting
,14:51.71,,Hanna KLEIN,06 APR 1993,GER,5.,,Diamond League Meeting,21 MAY 2022,,,2022,,dl_meeting
,14:57.19,,Jess JUDD,07 JAN 1995,GBR,6.,,Diamond League Meeting,21 MAY 2022,,,2022,,dl_meeting
,15:04.87,,Sarah LAHTI,18 FEB 1995,SWE,7.,,Diamond League Meeting,21 MAY 2022,,,2022,,dl_meeting
,15:10.62,,Carla GALLARDO,09 FEB 1999,ESP,8.,,Diamond League Meeting,21 MAY 2022,,,2022,,dl_meeting
,15:28.47,,Rose DAVIES,21 DEC 1999,AUS,10.,,Diamond League Meeting,21 MAY 2022,,,2022,,dl_meeting
,15:28.55,,Marta GARCÍA,01 JAN 1998,ESP,11.,,Diamond League Meeting,21 MAY 2022,,,2022,,dl_meeting
,15:29.05,,Isobel BATT-DOYLE,14 SEP 1995,AUS,12.,,Diamond League Meeting,21 MAY 2022,,,2022,,dl_meeting
,15:32.17,,Viktória WAGNER-GYÜRKÉS,15 OCT 1992,HUN,13.,,Diamond League Meeting,21 MAY 2022,,,2022,,dl_meeting
,15:45.04,,Verity OCKENDEN,31 AUG 1991,GBR,15.,,Diamond League Meeting,21 MAY 2022,,,2022,,dl_meeting
,DNF,,Calli THACKERY,09 JAN 1993,GBR,,,Diamond League Meeting,21 MAY 2022,,,2022,,dl_meeting
,DNF,,Nadia BATTOCLETTI,12 APR 2000,ITA,,,Diamond League Meeting,21 MAY 2022,,,2022,,dl_meeting
,14:25.84,,Dawit SEYAUM,27 JUL 1996,ETH,1.,,Oslo Bislett Games,16 JUN 2022,,,2022,,dl_meeting
,14:26.69,,Gudaf TSEGAY,23 JAN 1997,ETH,2.,,Oslo Bislett Games,16 JUN 2022,,,2022,,dl_meeting
,14:26.92,,Letesenbet GIDEY,20 MAR 1998,ETH,3.,,Oslo Bislett Games,16 JUN 2022,,,2022,,dl_meeting
,14:31.07,,Karoline Bjerkeli GRØVDAL,14 JUN 1990,NOR,4.,,Oslo Bislett Games,16 JUN 2022,,,2022,,dl_meeting
,14:31.11,,Alicia MONSON,13 MAY 1998,USA,5.,,Oslo Bislett Games,16 JUN 2022,,,2022,,dl_meeting
,14:32.17,,Almaz AYANA,21 NOV 1991,ETH,6.,,Oslo Bislett Games,16 JUN 2022,,,2022,,dl_meeting
,14:33.66,,Hawi FEYSA,01 FEB 1999,ETH,7.,,Oslo Bislett Games,16 JUN 2022,,,2022,,dl_meeting
,14:37.94,,Konstanze KLOSTERHALFEN,18 FEB 1997,GER,8.,,Oslo Bislett Games,16 JUN 2022,,,2022,,dl_meeting
,14:41.40,,Yasemin CAN,11 DEC 1996,TUR,9.,,Oslo Bislett Games,16 JUN 2022,,,2022,,dl_meeting
,14:43.90,,Tsigie GEBRESELAMA,30 SEP 2000,ETH,10.,,Oslo Bislett Games,16 JUN 2022,,,2022,,dl_meeting
,14:47.98,,Abersh MINSEWO,22 FEB 2001,ETH,11.,,Oslo Bislett Games,16 JUN 2022,,,2022,,dl_meeting
,14:51.15,,Laura GALVÁN,05 OCT 1991,MEX,12.,,Oslo Bislett Games,16 JUN 2022,,,2022,,dl_meeting
,15:00.17,,Jess JUDD,07 JAN 1995,GBR,13.,,Oslo Bislett Games,16 JUN 2022,,,2022,,dl_meeting
,15:00.64,,Maureen KOSTER,03 JUL 1992,NED,14.,,Oslo Bislett Games,16 JUN 2022,,,2022,,dl_meeting
,15:06.29,,Alina REH,23 MAY 1997,GER,15.,,Oslo Bislett Games,16 JUN 2022,,,2022,,dl_meeting
,15:20.37,,Rose DAVIES,21 DEC 1999,AUS,16.,,Oslo Bislett Games,16 JUN 2022,,,2022,,dl_meeting
,DNF,,Eilish MCCOLGAN,25 NOV 1990,GBR,,,Oslo Bislett Games,16 JUN 2022,,,2022,,dl_meeting
,14:05.20,,Faith KIPYEGON,10 JAN 1994,KEN,1.,,Meeting de Paris,09 JUN 2023,,,2023,,dl_meeting
,14:07.94,,Letesenbet GIDEY,20 MAR 1998,ETH,2.,,Meeting de Paris,09 JUN 2023,,,2023,,dl_meeting
,14:13.31,,Ejgayehu TAYE,10 FEB 2000,ETH,3.,,Meeting de Paris,09 JUN 2023,,,2023,,dl_meeting
,14:23.05,,Lilian Kasait RENGERUK,03 MAY 1997,KEN,4.,,Meeting de Paris,09 JUN 2023,,,2023,,dl_meeting
,14:23.45,,Freweyni HAILU,12 FEB 2001,ETH,5.,,Meeting de Paris,09 JUN 2023,,,2023,,dl_meeting
,14:23.67,,Margaret Chelimo KIPKEMBOI,09 FEB 1993,KEN,6.,,Meeting de Paris,09 JUN 2023,,,2023,,dl_meeting
,14:34.53,,Lemlem HAILU,25 MAY 2001,ETH,7.,,Meeting de Paris,09 JUN 2023,,,2023,,dl_meeting
,14:34.88,,Alicia MONSON,13 MAY 1998,USA,8.,,Meeting de Paris,09 JUN 2023,,,2023,,dl_meeting
,14:36.70,,Agnes Jebet NGETICH,23 JAN 2001,KEN,9.,,Meeting de Paris,09 JUN 2023,,,2023,,dl_meeting
,14:42.63,,Grace Loibach NAWOWUNA,10 NOV 2003,KEN,10.,,Meeting de Paris,09 JUN 2023,,,2023,,dl_meeting
,14:48.14,,Laura MUIR,09 MAY 1993,GBR,11.,,Meeting de Paris,09 JUN 2023,,,2023,,dl_meeting
,15:04.54,,Elly HENES,13 OCT 1998,USA,12.,,Meeting de Paris,09 JUN 2023,,,2023,,dl_meeting
,15:20.59,,Whittni MORGAN,22 OCT 1997,USA,13.,,Meeting de Paris,09 JUN 2023,,,2023,,dl_meeting
,DNF,,Sarah LAHTI,18 FEB 1995,SWE,,,Meeting de Paris,09 JUN 2023,,,2023,,dl_meeting
,DNF,,Beatrice CHEPKOECH,06 JUL 1991,KEN,,,Meeting de Paris,09 JUN 2023,,,2023,,dl_meeting
,DNF,,Hanna KLEIN,06 APR 1993,GER,,,Meeting de Paris,09 JUN 2023,,,2023,,dl_meeting
,14:36.52,,Beatrice CHEBET,05 MAR 2000,KEN,1.,,BAUHAUS-Galan,02 JUL 2023,,,2023,,dl_meeting
,14:38.06,,Lemlem HAILU,25 MAY 2001,ETH,2.,,BAUHAUS-Galan,02 JUL 2023,,,2023,,dl_meeting
,14:40.02,,Medina EISA,2002,ETH,3.,,BAUHAUS-Galan,02 JUL 2023,,,2023,,dl_meeting
,14:40.88,,Sarah CHELANGAT,05 JUN 2001,UGA,4.,,BAUHAUS-Galan,02 JUL 2023,,,2023,,dl_meeting
,14:44.24,,Jessica HULL,22 OCT 1996,AUS,5.,,BAUHAUS-Galan,02 JUL 2023,,,2023,,dl_meeting
,14:44.94,,Tsigie GEBRESELAMA,30 SEP 2000,ETH,6.,,BAUHAUS-Galan,02 JUL 2023,,,2023,,dl_meeting
,14:47.48,,Melknat WUDU,03 JAN 2005,ETH,7.,,BAUHAUS-Galan,02 JUL 2023,,,2023,,dl_meeting
,15:04.41,,Axumawit EMBAYE,18 OCT 1994,ETH,8.,,BAUHAUS-Galan,02 JUL 2023,,,2023,,dl_meeting
,15:06.59,,Jessica WARNER-JUDD,07 JAN 1995,GBR,9.,,BAUHAUS-Galan,02 JUL 2023,,,2023,,dl_meeting
,15:06.80,,Sarah LAHTI,18 FEB 1995,SWE,10.,,BAUHAUS-Galan,02 JUL 2023,,,2023,,dl_meeting
,15:07.11,,Maureen KOSTER,03 JUL 1992,NED,11.,,BAUHAUS-Galan,02 JUL 2023,,,2023,,dl_meeting
,15:07.45,,Tsiyon ABEBE,17 AUG 2006,ETH,12.,,BAUHAUS-Galan,02 JUL 2023,,,2023,,dl_meeting
,15:10.13,,Abersh MINSEWO,22 FEB 2001,ETH,13.,,BAUHAUS-Galan,02 JUL 2023,,,2023,,dl_meeting
,15:13.06,,Konstanze KLOSTERHALFEN,18 FEB 1997,GER,14.,,BAUHAUS-Galan,02 JUL 2023,,,2023,,dl_meeting
,DNF,,Karoline Bjerkeli GRØVDAL,14 JUN 1990,NOR,,,BAUHAUS-Galan,02 JUL 2023,,,2023,,dl_meeting
,14:12.29,,Gudaf TSEGAY,23 JAN 1997,ETH,1.,,London Athletics Meet,23 JUL 2023,,,2023,,dl_meeting
,14:12.92,,Beatrice CHEBET,05 MAR 2000,KEN,2.,,London Athletics Meet,23 JUL 2023,,,2023,,dl_meeting
,14:13.42,,Sifan HASSAN,01 JAN 1993,NED,3.,,London Athletics Meet,23 JUL 2023,,,2023,,dl_meeting
,14:16.54,,Medina EISA,2002,ETH,4.,,London Athletics Meet,23 JUL 2023,,,2023,,dl_meeting
,14:19.45,,Alicia MONSON,13 MAY 1998,USA,5.,,London Athletics Meet,23 JUL 2023,,,2023,,dl_meeting
,14:37.94,,Birke HAYLOM,06 JAN 2006,ETH,6.,,London Athletics Meet,23 JUL 2023,,,2023,,dl_meeting
,14:39.36,,Melknat WUDU,03 JAN 2005,ETH,7.,,London Athletics Meet,23 JUL 2023,,,2023,,dl_meeting
,14:41.30,,Nadia BATTOCLETTI,12 APR 2000,ITA,8.,,London Athletics Meet,23 JUL 2023,,,2023,,dl_meeting
,14:45.24,,Karoline Bjerkeli GRØVDAL,14 JUN 1990,NOR,9.,,London Athletics Meet,23 JUL 2023,,,2023,,dl_meeting
,14:46.25,,Senayet GETACHEW,01 OCT 2005,ETH,10.,,London Athletics Meet,23 JUL 2023,,,2023,,dl_meeting
,14:47.15,,Elly HENES,13 OCT 1998,USA,11.,,London Athletics Meet,23 JUL 2023,,,2023,,dl_meeting
,14:47.52,,Maureen KOSTER,03 JUL 1992,NED,12.,,London Athletics Meet,23 JUL 2023,,,2023,,dl_meeting
,14:53.62,,Teresiah GATERI,05 JAN 2002,KEN,13.,,London Athletics Meet,23 JUL 2023,,,2023,,dl_meeting
,14:54.01,,Girmawit GEBRZIHAIR,21 NOV 2001,ETH,14.,,London Athletics Meet,23 JUL 2023,,,2023,,dl_meeting
,14:56.98,,Megan KEITH,23 APR 2002,GBR,15.,,London Athletics Meet,23 JUL 2023,,,2023,,dl_meeting
,15:04.39,,Josette ANDREWS,15 DEC 1995,USA,16.,,London Athletics Meet,23 JUL 2023,,,2023,,dl_meeting
,15:06.21,,Jessica WARNER-JUDD,07 JAN 1995,GBR,17.,,London Athletics Meet,23 JUL 2023,,,2023,,dl_meeting
,DNF,,Margaret AKIDOR,26 JUN 2002,KEN,,,London Athletics Meet,23 JUL 2023,,,2023,,dl_meeting
,DNF,,Mizan ALEM,22 JAN 2002,ETH,,,London Athletics Meet,23 JUL 2023,,,2023,,dl_meeting
,DNF,,Rose DAVIES,21 DEC 1999,AUS,,,London Athletics Meet,23 JUL 2023,,,2023,,dl_meeting
,14:26.46,,Lilian Kasait RENGERUK,03 MAY 1997,KEN,1.,,Memorial van Damme,08 SEP 2023,,,2023,,dl_meeting
,14:28.94,,Medina EISA,2002,ETH,2.,,Memorial van Damme,08 SEP 2023,,,2023,,dl_meeting
,14:29.18,,Nozomi TANAKA,04 SEP 1999,JPN,3.,,Memorial van Damme,08 SEP 2023,,,2023,,dl_meeting
,14:39.05,,Winnie JEMUTAI,04 OCT 2003,KEN,4.,,Memorial van Damme,08 SEP 2023,,,2023,,dl_meeting
,14:39.11,,Ayal DAGNACHEW,18 JAN 2002,ETH,5.,,Memorial van Damme,08 SEP 2023,,,2023,,dl_meeting
,14:45.13,,Mekedes ALEMESHETE,30 MAR 2006,ETH,6.,,Memorial van Damme,08 SEP 2023,,,2023,,dl_meeting
,14:47.84,,Karoline Bjerkeli GRØVDAL,14 JUN 1990,NOR,7.,,Memorial van Damme,08 SEP 2023,,,2023,,dl_meeting
,14:51.53,,Jessica WARNER-JUDD,07 JAN 1995,GBR,8.,,Memorial van Damme,08 SEP 2023,,,2023,,dl_meeting
,14:52.28,,Edinah JEBITOK,10 NOV 2001,KEN,9.,,Memorial van Damme,08 SEP 2023,,,2023,,dl_meeting
,14:52.90,,Maureen KOSTER,03 JUL 1992,NED,10.,,Memorial van Damme,08 SEP 2023,,,2023,,dl_meeting
,14:57.52,,Elise CRANNY,09 MAY 1996,USA,11.,,Memorial van Damme,08 SEP 2023,,,2023,,dl_meeting
,15:13.69,,Camilla RICHARDSSON,14 SEP 1993,FIN,12.,,Memorial van Damme,08 SEP 2023,,,2023,,dl_meeting
,DNF,,Caroline NYAGA,07 OCT 1993,KEN,,,Memorial van Damme,08 SEP 2023,,,2023,,dl_meeting
,14:36.70,,Mekedes ALEMESHETE,30 MAR 2006,ETH,1.,,Yangtze Delta Athletics Diamond Gala,27 APR 2024,,,2024,,dl_meeting
,14:36.86,,Ayal DAGNACHEW,18 JAN 2002,ETH,2.,,Yangtze Delta Athletics Diamond Gala,27 APR 2024,,,2024,,dl_meeting
,14:37.13,,Letesenbet GIDEY,20 MAR 1998,ETH,3.,,Yangtze Delta Athletics Diamond Gala,27 APR 2024,,,2024,,dl_meeting
,14:37.28,,Wubrist ASCHAL,10 MAR 2005,ETH,4.,,Yangtze Delta Athletics Diamond Gala,27 APR 2024,,,2024,,dl_meeting
,14:37.80,,Caroline NYAGA,07 OCT 1993,KEN,5.,,Yangtze Delta Athletics Diamond Gala,27 APR 2024,,,2024,,dl_meeting
,14:38.73,,Asayech AYICHEW,03 APR 2005,ETH,6.,,Yangtze Delta Athletics Diamond Gala,27 APR 2024,,,2024,,dl_meeting
,14:39.54,,Margaret AKIDOR,26 JUN 2002,KEN,7.,,Yangtze Delta Athletics Diamond Gala,27 APR 2024,,,2024,,dl_meeting
,14:43.24,,Megan KEITH,23 APR 2002,GBR,8.,,Yangtze Delta Athletics Diamond Gala,27 APR 2024,,,2024,,dl_meeting
,14:44.63,,Edinah JEBITOK,10 NOV 2001,KEN,9.,,Yangtze Delta Athletics Diamond Gala,27 APR 2024,,,2024,,dl_meeting
,14:47.78,,Yenawa NBRET,18 MAY 2007,ETH,10.,,Yangtze Delta Athletics Diamond Gala,27 APR 2024,,,2024,,dl_meeting
,14:47.86,,Rose DAVIES,21 DEC 1999,AUS,11.,,Yangtze Delta Athletics Diamond Gala,27 APR 2024,,,2024,,dl_meeting
,14:54.15,,Sarah CHELANGAT,05 JUN 2001,UGA,12.,,Yangtze Delta Athletics Diamond Gala,27 APR 2024,,,2024,,dl_meeting
,14:58.69,,Lauren RYAN,15 MAR 1998,AUS,13.,,Yangtze Delta Athletics Diamond Gala,27 APR 2024,,,2024,,dl_meeting
,15:03.78,,Faith CHEROTICH,13 JUL 2004,KEN,14.,,Yangtze Delta Athletics Diamond Gala,27 APR 2024,,,2024,,dl_meeting
,15:03.82,,Teresiah GATERI,05 JAN 2002,KEN,15.,,Yangtze Delta Athletics Diamond Gala,27 APR 2024,,,2024,,dl_meeting
,15:06.84,,Isobel BATT-DOYLE,14 SEP 1995,AUS,16.,,Yangtze Delta Athletics Diamond Gala,27 APR 2024,,,2024,,dl_meeting
,15:12.44,,Maudie SKYRING,09 APR 1997,AUS,17.,,Yangtze Delta Athletics Diamond Gala,27 APR 2024,,,2024,,dl_meeting
,15:12.89,,Francine NIYOMUKUNZI,01 AUG 1999,BDI,18.,,Yangtze Delta Athletics Diamond Gala,27 APR 2024,,,2024,,dl_meeting
,16:36.99,,Aisha PRAUGHT LEER,14 DEC 1989,JAM,21.,,Yangtze Delta Athletics Diamond Gala,27 APR 2024,,,2024,,dl_meeting
,14:26.98,,Beatrice CHEBET,05 MAR 2000,KEN,1.,,Seashore Group Doha Meeting,10 MAY 2024,,,2024,,dl_meeting
,14:29.26,,Ejgayehu TAYE,10 FEB 2000,ETH,2.,,Seashore Group Doha Meeting,10 MAY 2024,,,2024,,dl_meeting
,14:34.11,,Medina EISA,2002,ETH,3.,,Seashore Group Doha Meeting,10 MAY 2024,,,2024,,dl_meeting
,14:44.17,,Melknat WUDU,03 JAN 2005,ETH,4.,,Seashore Group Doha Meeting,10 MAY 2024,,,2024,,dl_meeting
,14:47.74,,Gela HAMBESE,25 SEP 2002,ETH,5.,,Seashore Group Doha Meeting,10 MAY 2024,,,2024,,dl_meeting
,14:52.97,,Senayet GETACHEW,01 OCT 2005,ETH,6.,,Seashore Group Doha Meeting,10 MAY 2024,,,2024,,dl_meeting
,14:53.55,,Aynadis MEBRATU,25 NOV 2004,ETH,7.,,Seashore Group Doha Meeting,10 MAY 2024,,,2024,,dl_meeting
,14:56.40,,Wubrist ASCHAL,10 MAR 2005,ETH,8.,,Seashore Group Doha Meeting,10 MAY 2024,,,2024,,dl_meeting
,15:01.10,,Grace Loibach NAWOWUNA,10 NOV 2003,KEN,9.,,Seashore Group Doha Meeting,10 MAY 2024,,,2024,,dl_meeting
,15:06.23,,Mekedes ALEMESHETE,30 MAR 2006,ETH,10.,,Seashore Group Doha Meeting,10 MAY 2024,,,2024,,dl_meeting
,15:11.21,,Nozomi TANAKA,04 SEP 1999,JPN,11.,,Seashore Group Doha Meeting,10 MAY 2024,,,2024,,dl_meeting
,15:20.07,,Asayech AYICHEW,03 APR 2005,ETH,12.,,Seashore Group Doha Meeting,10 MAY 2024,,,2024,,dl_meeting
,DNF,,Lemlem HAILU,25 MAY 2001,ETH,,,Seashore Group Doha Meeting,10 MAY 2024,,,2024,,dl_meeting
,14:34.16,,Medina EISA,2002,ETH,1.,,Meeting International Mohammed VI d’Athlétisme de Rabat/Marrakech,19 MAY 2024,,,2024,,dl_meeting
,14:34.21,,Fotyen TESFAY,17 FEB 1998,ETH,2.,,Meeting International Mohammed VI d’Athlétisme de Rabat/Marrakech,19 MAY 2024,,,2024,,dl_meeting
,14:35.64,,Edinah JEBITOK,10 NOV 2001,KEN,3.,,Meeting International Mohammed VI d’Athlétisme de Rabat/Marrakech,19 MAY 2024,,,2024,,dl_meeting
,14:39.79,,Melknat WUDU,03 JAN 2005,ETH,4.,,Meeting International Mohammed VI d’Athlétisme de Rabat/Marrakech,19 MAY 2024,,,2024,,dl_meeting
,14:44.06,,Likina AMEBAW,30 NOV 1997,ETH,5.,,Meeting International Mohammed VI d’Athlétisme de Rabat/Marrakech,19 MAY 2024,,,2024,,dl_meeting
,14:50.74,,Maureen KOSTER,03 JUL 1992,NED,6.,,Meeting International Mohammed VI d’Athlétisme de Rabat/Marrakech,19 MAY 2024,,,2024,,dl_meeting
,15:02.69,,Nadia BATTOCLETTI,12 APR 2000,ITA,7.,,Meeting International Mohammed VI d’Athlétisme de Rabat/Marrakech,19 MAY 2024,,,2024,,dl_meeting
,15:06.24,,Gela HAMBESE,25 SEP 2002,ETH,8.,,Meeting International Mohammed VI d’Athlétisme de Rabat/Marrakech,19 MAY 2024,,,2024,,dl_meeting
,15:09.48,,Esther CHEBET,09 OCT 1997,UGA,9.,,Meeting International Mohammed VI d’Athlétisme de Rabat/Marrakech,19 MAY 2024,,,2024,,dl_meeting
,15:49.07,,Bontu Edao REBITU,12 DEC 1997,BRN,11.,,Meeting International Mohammed VI d’Athlétisme de Rabat/Marrakech,19 MAY 2024,,,2024,,dl_meeting
,DNF,,Diane VAN ES,22 MAR 1999,NED,,,Meeting International Mohammed VI d’Athlétisme de Rabat/Marrakech,19 MAY 2024,,,2024,,dl_meeting
,14:18.76,,Tsigie GEBRESELAMA,30 SEP 2000,ETH,1.,,Prefontaine Classic,25 MAY 2024,,,2024,,dl_meeting
,14:18.92,,Ejgayehu TAYE,10 FEB 2000,ETH,2.,,Prefontaine Classic,25 MAY 2024,,,2024,,dl_meeting
,14:20.61,,Freweyni HAILU,12 FEB 2001,ETH,3.,,Prefontaine Classic,25 MAY 2024,,,2024,,dl_meeting
,14:22.76,,Aynadis MEBRATU,25 NOV 2004,ETH,4.,,Prefontaine Classic,25 MAY 2024,,,2024,,dl_meeting
,14:23.71,,Birke HAYLOM,06 JAN 2006,ETH,5.,,Prefontaine Classic,25 MAY 2024,,,2024,,dl_meeting
,14:33.44,,Hirut MESHESHA,20 JAN 2001,ETH,6.,,Prefontaine Classic,25 MAY 2024,,,2024,,dl_meeting
,14:34.38,,Sifan HASSAN,01 JAN 1993,NED,7.,,Prefontaine Classic,25 MAY 2024,,,2024,,dl_meeting
,14:35.27,,Fantaye BELAYNEH,11 SEP 2000,ETH,8.,,Prefontaine Classic,25 MAY 2024,,,2024,,dl_meeting
,14:35.43,,Weini KELATI FREZGHI,01 DEC 1996,USA,9.,,Prefontaine Classic,25 MAY 2024,,,2024,,dl_meeting
,14:37.38,,Senayet GETACHEW,01 OCT 2005,ETH,10.,,Prefontaine Classic,25 MAY 2024,,,2024,,dl_meeting
,14:47.69,,Nozomi TANAKA,04 SEP 1999,JPN,11.,,Prefontaine Classic,25 MAY 2024,,,2024,,dl_meeting
,14:53.15,,Bosena MULATIE,21 NOV 2001,ETH,12.,,Prefontaine Classic,25 MAY 2024,,,2024,,dl_meeting
,14:53.85,,Ayal DAGNACHEW,18 JAN 2002,ETH,13.,,Prefontaine Classic,25 MAY 2024,,,2024,,dl_meeting
,14:56.24,,Karoline Bjerkeli GRØVDAL,14 JUN 1990,NOR,14.,,Prefontaine Classic,25 MAY 2024,,,2024,,dl_meeting
,15:03.63,,Lauren RYAN,15 MAR 1998,AUS,15.,,Prefontaine Classic,25 MAY 2024,,,2024,,dl_meeting
,15:12.48,,Emily INFELD,21 MAR 1990,USA,16.,,Prefontaine Classic,25 MAY 2024,,,2024,,dl_meeting
,15:13.02,,Joselyn Daniely BREA,12 AUG 1994,VEN,17.,,Prefontaine Classic,25 MAY 2024,,,2024,,dl_meeting
,15:16.26,,Yenawa NBRET,18 MAY 2007,ETH,18.,,Prefontaine Classic,25 MAY 2024,,,2024,,dl_meeting
,15:30.87,,Teresiah GATERI,05 JAN 2002,KEN,19.,,Prefontaine Classic,25 MAY 2024,,,2024,,dl_meeting
,DNF,,Simone PLOURDE,08 JUL 2000,CAN,,,Prefontaine Classic,25 MAY 2024,,,2024,,dl_meeting
,DNF,,Lemlem HAILU,25 MAY 2001,ETH,,,Prefontaine Classic,25 MAY 2024,,,2024,,dl_meeting
,14:39.49,,Margaret AKIDOR,26 JUN 2002,KEN,1.,,Meeting International d’Athlétisme Herculis EBS,12 JUL 2024,,,2024,,dl_meeting
,14:40.44,,Likina AMEBAW,30 NOV 1997,ETH,2.,,Meeting International d’Athlétisme Herculis EBS,12 JUL 2024,,,2024,,dl_meeting
,14:40.86,,Nozomi TANAKA,04 SEP 1999,JPN,3.,,Meeting International d’Athlétisme Herculis EBS,12 JUL 2024,,,2024,,dl_meeting
,14:40.89,,Fantaye BELAYNEH,11 SEP 2000,ETH,4.,,Meeting International d’Athlétisme Herculis EBS,12 JUL 2024,,,2024,,dl_meeting
,14:41.06,,Nadia BATTOCLETTI,12 APR 2000,ITA,5.,,Meeting International d’Athlétisme Herculis EBS,12 JUL 2024,,,2024,,dl_meeting
,14:43.48,,Melknat WUDU,03 JAN 2005,ETH,6.,,Meeting International d’Athlétisme Herculis EBS,12 JUL 2024,,,2024,,dl_meeting
,14:43.84,,Marta ALEMAYO,08 APR 2008,ETH,7.,,Meeting International d’Athlétisme Herculis EBS,12 JUL 2024,,,2024,,dl_meeting
,14:44.20,,Senayet GETACHEW,01 OCT 2005,ETH,8.,,Meeting International d’Athlétisme Herculis EBS,12 JUL 2024,,,2024,,dl_meeting
,14:44.91,,Weini KELATI FREZGHI,01 DEC 1996,USA,9.,,Meeting International d’Athlétisme Herculis EBS,12 JUL 2024,,,2024,,dl_meeting
,14:50.54,,Mekedes ALEMESHETE,30 MAR 2006,ETH,10.,,Meeting International d’Athlétisme Herculis EBS,12 JUL 2024,,,2024,,dl_meeting
,14:55.97,,Lilian Kasait RENGERUK,03 MAY 1997,KEN,11.,,Meeting International d’Athlétisme Herculis EBS,12 JUL 2024,,,2024,,dl_meeting
,15:03.15,,Caroline NYAGA,07 OCT 1993,KEN,12.,,Meeting International d’Athlétisme Herculis EBS,12 JUL 2024,,,2024,,dl_meeting
,15:22.03,,Lauren RYAN,15 MAR 1998,AUS,13.,,Meeting International d’Athlétisme Herculis EBS,12 JUL 2024,,,2024,,dl_meeting
,15:37.21,,Hannah NUTTALL,07 JUL 1997,GBR,14.,,Meeting International d’Athlétisme Herculis EBS,12 JUL 2024,,,2024,,dl_meeting
,DNF,,Danielle JONES,21 AUG 1996,USA,,,Meeting International d’Athlétisme Herculis EBS,12 JUL 2024,,,2024,,dl_meeting
,DNF,,Maureen KOSTER,03 JUL 1992,NED,,,Meeting International d’Athlétisme Herculis EBS,12 JUL 2024,,,2024,,dl_meeting
,14:09.52,,Beatrice CHEBET,05 MAR 2000,KEN,1.,,Weltklasse Zürich,05 SEP 2024,,,2024,,dl_meeting
,14:28.76,,Ejgayehu TAYE,10 FEB 2000,ETH,2.,,Weltklasse Zürich,05 SEP 2024,,,2024,,dl_meeting
,14:39.05,,Tsigie GEBRESELAMA,30 SEP 2000,ETH,3.,,Weltklasse Zürich,05 SEP 2024,,,2024,,dl_meeting
,14:47.50,,Karissa SCHWEIZER,04 MAY 1996,USA,4.,,Weltklasse Zürich,05 SEP 2024,,,2024,,dl_meeting
,14:47.52,,Melknat WUDU,03 JAN 2005,ETH,5.,,Weltklasse Zürich,05 SEP 2024,,,2024,,dl_meeting
,14:47.53,,Fotyen TESFAY,17 FEB 1998,ETH,6.,,Weltklasse Zürich,05 SEP 2024,,,2024,,dl_meeting
,14:49.95,,Nozomi TANAKA,04 SEP 1999,JPN,7.,,Weltklasse Zürich,05 SEP 2024,,,2024,,dl_meeting
,14:54.33,,Elise CRANNY,09 MAY 1996,USA,8.,,Weltklasse Zürich,05 SEP 2024,,,2024,,dl_meeting
,14:54.89,,Whittni MORGAN,22 OCT 1997,USA,9.,,Weltklasse Zürich,05 SEP 2024,,,2024,,dl_meeting
,14:55.67,,Margaret AKIDOR,26 JUN 2002,KEN,10.,,Weltklasse Zürich,05 SEP 2024,,,2024,,dl_meeting
,15:07.13,,Francine NIYOMUKUNZI,01 AUG 1999,BDI,11.,,Weltklasse Zürich,05 SEP 2024,,,2024,,dl_meeting
,15:35.66,,Gela HAMBESE,25 SEP 2002,ETH,12.,,Weltklasse Zürich,05 SEP 2024,,,2024,,dl_meeting
,DNF,,Georgia GRIFFITH,05 DEC 1996,AUS,,,Weltklasse Zürich,05 SEP 2024,,,2024,,dl_meeting
,DNF,,Karoline Bjerkeli GRØVDAL,14 JUN 1990,NOR,,,Weltklasse Zürich,05 SEP 2024,,,2024,,dl_meeting
,14:27.12,,Beatrice CHEBET,05 MAR 2000,KEN,1.,,Wanda Diamond League Xiamen,26 APR 2025,,,2025,,dl_meeting
,14:28.18,,Gudaf TSEGAY,23 JAN 1997,ETH,2.,,Wanda Diamond League Xiamen,26 APR 2025,,,2025,,dl_meeting
,14:28.80,,Birke HAYLOM,06 JAN 2006,ETH,3.,,Wanda Diamond League Xiamen,26 APR 2025,,,2025,,dl_meeting
,14:29.29,,Hirut MESHESHA,20 JAN 2001,ETH,4.,,Wanda Diamond League Xiamen,26 APR 2025,,,2025,,dl_meeting
,14:30.54,,Likina AMEBAW,30 NOV 1997,ETH,5.,,Wanda Diamond League Xiamen,26 APR 2025,,,2025,,dl_meeting
,14:31.88,,Asayech AYICHEW,03 APR 2005,ETH,6.,,Wanda Diamond League Xiamen,26 APR 2025,,,2025,,dl_meeting
,14:32.58,,Aynadis MEBRATU,25 NOV 2004,ETH,7.,,Wanda Diamond League Xiamen,26 APR 2025,,,2025,,dl_meeting
,14:33.24,,Caroline NYAGA,07 OCT 1993,KEN,8.,,Wanda Diamond League Xiamen,26 APR 2025,,,2025,,dl_meeting
,14:40.83,,Rose DAVIES,21 DEC 1999,AUS,9.,,Wanda Diamond League Xiamen,26 APR 2025,,,2025,,dl_meeting
,14:41.75,,Sembo ALMAYEW,24 JAN 2005,ETH,10.,,Wanda Diamond League Xiamen,26 APR 2025,,,2025,,dl_meeting
,14:47.56,,Yenawa NBRET,18 MAY 2007,ETH,11.,,Wanda Diamond League Xiamen,26 APR 2025,,,2025,,dl_meeting
,14:53.44,,Francine NIYOMUKUNZI,01 AUG 1999,BDI,12.,,Wanda Diamond League Xiamen,26 APR 2025,,,2025,,dl_meeting
,14:53.91,,Mariana MACHADO,12 NOV 2000,POR,13.,,Wanda Diamond League Xiamen,26 APR 2025,,,2025,,dl_meeting
,14:55.93,,Maudie SKYRING,09 APR 1997,AUS,14.,,Wanda Diamond League Xiamen,26 APR 2025,,,2025,,dl_meeting
,14:58.36,,Mekedes ALEMESHETE,30 MAR 2006,ETH,15.,,Wanda Diamond League Xiamen,26 APR 2025,,,2025,,dl_meeting
,15:17.50,,Georgia GRIFFITH,05 DEC 1996,AUS,16.,,Wanda Diamond League Xiamen,26 APR 2025,,,2025,,dl_meeting
,14:03.69,,Beatrice CHEBET,05 MAR 2000,KEN,1.,,Golden Gala,06 JUN 2025,,,2025,,dl_meeting
,14:19.33,,Freweyni HAILU,12 FEB 2001,ETH,2.,,Golden Gala,06 JUN 2025,,,2025,,dl_meeting
,14:23.15,,Nadia BATTOCLETTI,12 APR 2000,ITA,3.,,Golden Gala,06 JUN 2025,,,2025,,dl_meeting
,14:24.20,,Birke HAYLOM,06 JAN 2006,ETH,4.,,Golden Gala,06 JUN 2025,,,2025,,dl_meeting
,14:24.86,,Gudaf TSEGAY,23 JAN 1997,ETH,5.,,Golden Gala,06 JUN 2025,,,2025,,dl_meeting
,14:25.37,,Josette ANDREWS,15 DEC 1995,USA,6.,,Golden Gala,06 JUN 2025,,,2025,,dl_meeting
,14:27.11,,Chaltu DIDA,05 DEC 2006,ETH,7.,,Golden Gala,06 JUN 2025,,,2025,,dl_meeting
,14:27.33,,Aleshign BAWEKE,23 JAN 2006,ETH,8.,,Golden Gala,06 JUN 2025,,,2025,,dl_meeting
,14:38.78,,Asayech AYICHEW,03 APR 2005,ETH,9.,,Golden Gala,06 JUN 2025,,,2025,,dl_meeting
,14:45.29,,Shelby HOULIHAN,08 FEB 1993,USA,10.,,Golden Gala,06 JUN 2025,,,2025,,dl_meeting
,14:47.18,,Marta GARCÍA,01 JAN 1998,ESP,11.,,Golden Gala,06 JUN 2025,,,2025,,dl_meeting
,14:47.31,,Maureen KOSTER,03 JUL 1992,NED,12.,,Golden Gala,06 JUN 2025,,,2025,,dl_meeting
,14:48.79,,Sarah MADELEINE,20 SEP 1998,FRA,13.,,Golden Gala,06 JUN 2025,,,2025,,dl_meeting
,14:49.89,,Francine NIYOMUKUNZI,01 AUG 1999,BDI,14.,,Golden Gala,06 JUN 2025,,,2025,,dl_meeting
,14:52.00,,Margaret AKIDOR,26 JUN 2002,KEN,15.,,Golden Gala,06 JUN 2025,,,2025,,dl_meeting
,14:56.38,,Karissa SCHWEIZER,04 MAY 1996,USA,16.,,Golden Gala,06 JUN 2025,,,2025,,dl_meeting
,15:16.91,,Megan KEITH,23 APR 2002,GBR,17.,,Golden Gala,06 JUN 2025,,,2025,,dl_meeting
,13:58.06,,Beatrice CHEBET,05 MAR 2000,KEN,1.,,Prefontaine Classic,05 JUL 2025,,,2025,,dl_meeting
,14:01.29,,Agnes Jebet NGETICH,23 JAN 2001,KEN,2.,,Prefontaine Classic,05 JUL 2025,,,2025,,dl_meeting
,14:04.41,,Gudaf TSEGAY,23 JAN 1997,ETH,3.,,Prefontaine Classic,05 JUL 2025,,,2025,,dl_meeting
,14:30.34,,Margaret AKIDOR,26 JUN 2002,KEN,4.,,Prefontaine Classic,05 JUL 2025,,,2025,,dl_meeting
,14:30.45,,Caroline NYAGA,07 OCT 1993,KEN,5.,,Prefontaine Classic,05 JUL 2025,,,2025,,dl_meeting
,14:31.15,,Medina EISA,2002,ETH,6.,,Prefontaine Classic,05 JUL 2025,,,2025,,dl_meeting
,14:31.94,,Aleshign BAWEKE,23 JAN 2006,ETH,7.,,Prefontaine Classic,05 JUL 2025,,,2025,,dl_meeting
,14:33.27,,Fantaye BELAYNEH,11 SEP 2000,ETH,8.,,Prefontaine Classic,05 JUL 2025,,,2025,,dl_meeting
,14:34.20,,Asayech AYICHEW,03 APR 2005,ETH,9.,,Prefontaine Classic,05 JUL 2025,,,2025,,dl_meeting
,14:38.15,,Weini KELATI FREZGHI,01 DEC 1996,USA,10.,,Prefontaine Classic,05 JUL 2025,,,2025,,dl_meeting
,14:40.01,,Hirut MESHESHA,20 JAN 2001,ETH,11.,,Prefontaine Classic,05 JUL 2025,,,2025,,dl_meeting
,14:40.25,,Janeth CHEPNGETICH,23 JUL 1998,KEN,12.,,Prefontaine Classic,05 JUL 2025,,,2025,,dl_meeting
,14:43.29,,Mekedes ALEMESHETE,30 MAR 2006,ETH,13.,,Prefontaine Classic,05 JUL 2025,,,2025,,dl_meeting
,14:44.96,,Caroline KARIBA,22 APR 2004,KEN,14.,,Prefontaine Classic,05 JUL 2025,,,2025,,dl_meeting
,14:50.68,,Maurine Jepkoech CHEBOR,28 MAY 2004,KEN,15.,,Prefontaine Classic,05 JUL 2025,,,2025,,dl_meeting
,14:51.37,,Aynadis MEBRATU,25 NOV 2004,ETH,16.,,Prefontaine Classic,05 JUL 2025,,,2025,,dl_meeting
,14:56.34,,Marta ALEMAYO,08 APR 2008,ETH,17.,,Prefontaine Classic,05 JUL 2025,,,2025,,dl_meeting
,15:04.83,,Fotyen TESFAY,17 FEB 1998,ETH,18.,,Prefontaine Classic,05 JUL 2025,,,2025,,dl_meeting
,15:10.30,,Hellen Ekalale LOBUN,18 MAR 1999,KEN,19.,,Prefontaine Classic,05 JUL 2025,,,2025,,dl_meeting
,15:11.02,,Yenawa NBRET,18 MAY 2007,ETH,20.,,Prefontaine Classic,05 JUL 2025,,,2025,,dl_meeting
,15:14.22,,Konstanze KLOSTERHALFEN,18 FEB 1997,GER,21.,,Prefontaine Classic,05 JUL 2025,,,2025,,dl_meeting
,DNF,,Birke HAYLOM,06 JAN 2006,ETH,,,Prefontaine Classic,05 JUL 2025,,,2025,,dl_meeting
,DNF,,Tsigie GEBRESELAMA,30 SEP 2000,ETH,,,Prefontaine Classic,05 JUL 2025,,,2025,,dl_meeting
,14:30.57,,Medina EISA,2002,ETH,1.,,London Athletics Meet,19 JUL 2025,,,2025,,dl_meeting
,14:30.90,,Fantaye BELAYNEH,11 SEP 2000,ETH,2.,,London Athletics Meet,19 JUL 2025,,,2025,,dl_meeting
,14:31.45,,Rose DAVIES,21 DEC 1999,AUS,3.,,London Athletics Meet,19 JUL 2025,,,2025,,dl_meeting
,14:32.55,,Fotyen TESFAY,17 FEB 1998,ETH,4.,,London Athletics Meet,19 JUL 2025,,,2025,,dl_meeting
,14:32.82,,Georgia GRIFFITH,05 DEC 1996,AUS,5.,,London Athletics Meet,19 JUL 2025,,,2025,,dl_meeting
,14:33.42,,Hirut MESHESHA,20 JAN 2001,ETH,6.,,London Athletics Meet,19 JUL 2025,,,2025,,dl_meeting
,14:34.10,,Nozomi TANAKA,04 SEP 1999,JPN,7.,,London Athletics Meet,19 JUL 2025,,,2025,,dl_meeting
,14:34.46,,Marta ALEMAYO,08 APR 2008,ETH,8.,,London Athletics Meet,19 JUL 2025,,,2025,,dl_meeting
,14:38.45,,Margaret AKIDOR,26 JUN 2002,KEN,9.,,London Athletics Meet,19 JUL 2025,,,2025,,dl_meeting
,14:39.13,,Yenawa NBRET,18 MAY 2007,ETH,10.,,London Athletics Meet,19 JUL 2025,,,2025,,dl_meeting
,14:39.48,,Hannah NUTTALL,07 JUL 1997,GBR,11.,,London Athletics Meet,19 JUL 2025,,,2025,,dl_meeting
,14:39.56,,Innes FITZGERALD,06 APR 2006,GBR,12.,,London Athletics Meet,19 JUL 2025,,,2025,,dl_meeting
,14:39.64,,Chaltu DIDA,05 DEC 2006,ETH,13.,,London Athletics Meet,19 JUL 2025,,,2025,,dl_meeting
,14:42.93,,Jana VAN LENT,22 APR 2001,BEL,14.,,London Athletics Meet,19 JUL 2025,,,2025,,dl_meeting
,14:43.80,,Diane VAN ES,22 MAR 1999,NED,15.,,London Athletics Meet,19 JUL 2025,,,2025,,dl_meeting
,14:47.34,,Megan KEITH,23 APR 2002,GBR,16.,,London Athletics Meet,19 JUL 2025,,,2025,,dl_meeting
,DNF,,Alexandra MILLARD,31 DEC 2001,GBR,,,London Athletics Meet,19 JUL 2025,,,2025,,dl_meeting
,DNF,,Calli HAUGER-THACKERY,09 JAN 1993,GBR,,,London Athletics Meet,19 JUL 2025,,,2025,,dl_meeting
,14:24.99,,Agnes Jebet NGETICH,23 JAN 2001,KEN,1.,,Memorial van Damme,22 AUG 2025,,,2025,,dl_meeting
,14:31.51,,Likina AMEBAW,30 NOV 1997,ETH,2.,,Memorial van Damme,22 AUG 2025,,,2025,,dl_meeting
,14:31.88,,Aleshign BAWEKE,23 JAN 2006,ETH,3.,,Memorial van Damme,22 AUG 2025,,,2025,,dl_meeting
,14:33.16,,Josette ANDREWS,15 DEC 1995,USA,4.,,Memorial van Damme,22 AUG 2025,,,2025,,dl_meeting
,14:33.40,,Marta GARCÍA,01 JAN 1998,ESP,5.,,Memorial van Damme,22 AUG 2025,,,2025,,dl_meeting
,14:33.97,,Maureen KOSTER,03 JUL 1992,NED,6.,,Memorial van Damme,22 AUG 2025,,,2025,,dl_meeting
,14:35.36,,Hirut MESHESHA,20 JAN 2001,ETH,7.,,Memorial van Damme,22 AUG 2025,,,2025,,dl_meeting
,14:36.90,,Caroline NYAGA,07 OCT 1993,KEN,8.,,Memorial van Damme,22 AUG 2025,,,2025,,dl_meeting
,14:37.19,,Nozomi TANAKA,04 SEP 1999,JPN,9.,,Memorial van Damme,22 AUG 2025,,,2025,,dl_meeting
,14:37.47,,Jana VAN LENT,22 APR 2001,BEL,10.,,Memorial van Damme,22 AUG 2025,,,2025,,dl_meeting
,14:37.77,,Weini KELATI FREZGHI,01 DEC 1996,USA,11.,,Memorial van Damme,22 AUG 2025,,,2025,,dl_meeting
,14:38.65,,Marta ALEMAYO,08 APR 2008,ETH,12.,,Memorial van Damme,22 AUG 2025,,,2025,,dl_meeting
,14:39.30,,Karissa SCHWEIZER,04 MAY 1996,USA,13.,,Memorial van Damme,22 AUG 2025,,,2025,,dl_meeting
,14:40.70,,Elise VANDERELST,27 JAN 1998,BEL,14.,,Memorial van Damme,22 AUG 2025,,,2025,,dl_meeting
,14:48.84,,Innes FITZGERALD,06 APR 2006,GBR,15.,,Memorial van Damme,22 AUG 2025,,,2025,,dl_meeting
,DNF,,Janeth CHEPNGETICH,23 JUL 1998,KEN,,,Memorial van Damme,22 AUG 2025,,,2025,,dl_meeting
,DNF,,Francine NIYOMUKUNZI,01 AUG 1999,BDI,,,Memorial van Damme,22 AUG 2025,,,2025,,dl_meeting
1.0,14:11.15,,Tirunesh DIBABA,01 JUN 1985,ETH,1,,"Bislett Stadion, Oslo (NOR)",06 JUN 2008,1260.0,women_5000m,2008,https://worldathletics.org/athletes/athlete=14259871,toplist
2.0,14:12.88,,Meseret DEFAR,19 NOV 1983,ETH,1,,Stockholm (SWE),22 JUL 2008,1256.0,women_5000m,2008,https://worldathletics.org/athletes/athlete=14259882,toplist
3.0,14:23.75,,Liliya SHOBUKHOVA,13 NOV 1977,RUS,1,,Kazan (RUS),19 JUL 2008,1234.0,women_5000m,2008,https://worldathletics.org/athletes/athlete=14299314,toplist
4.0,14:25.43,,Vivian Jepkemei CHERUIYOT,11 SEP 1983,KEN,1,,"Boudewijnstadion, Bruxelles (BEL)",05 SEP 2008,1231.0,women_5000m,2008,https://worldathletics.org/athletes/athlete=14288971,toplist
5.0,14:33.13,,Gulnara SAMITOVA-GALKINA,09 JUL 1978,RUS,2,,Kazan (RUS),19 JUL 2008,1216.0,women_5000m,2008,https://worldathletics.org/athletes/athlete=14299161,toplist
6.0,14:33.49,,Lucy Kabuu WANGUI,24 MAR 1984,KEN,2,,"Bislett Stadion, Oslo (NOR)",06 JUN 2008,1215.0,women_5000m,2008,https://worldathletics.org/athletes/athlete=14289505,toplist
7.0,14:36.78,,Ejegayehu DIBABA,21 MAR 1982,ETH,3,,"Bislett Stadion, Oslo (NOR)",06 JUN 2008,1208.0,women_5000m,2008,https://worldathletics.org/athletes/athlete=14259873,toplist
8.0,14:38.09,,Mariya KONOVALOVA,14 AUG 1974,RUS,3,,Kazan (RUS),19 JUL 2008,1206.0,women_5000m,2008,https://worldathletics.org/athletes/athlete=14298199,toplist
9.0,14:38.78,,Meselech MELKAMU,19 APR 1985,ETH,2,,"Stadio Olimpico, Roma (ITA)",11 JUL 2008,1205.0,women_5000m,2008,https://worldathletics.org/athletes/athlete=14259772,toplist
10.0,14:43.89,,Yelena ZADOROZHNAYA,03 DEC 1977,RUS,4,,Kazan (RUS),19 JUL 2008,1194.0,women_5000m,2008,https://worldathletics.org/athletes/athlete=14299842,toplist
11.0,14:44.20,,Philes ONGORI,19 JUL 1986,KEN,8f18,,Yokohama (JPN),26 OCT 2008,1194.0,women_5000m,2008,https://worldathletics.org/athletes/athlete=14289407,toplist
12.0,14:44.49,,Eveline Nganga WAMBUI,04 APR 1986,KEN,1,,Yokohama (JPN),28 SEP 2008,1193.0,women_5000m,2008,https://worldathletics.org/athletes/athlete=14289485,toplist
13.0,14:45.12,,Priscah Jepleting CHERONO,27 JUN 1980,KEN,3,,"Stadio Olimpico, Roma (ITA)",11 JUL 2008,1192.0,women_5000m,2008,https://worldathletics.org/athletes/athlete=14289351,toplist
14.0,14:45.84,,Gelete BURKA,23 JAN 1986,ETH,1,,"FBK Stadium, Hengelo (NED)",24 MAY 2008,1191.0,women_5000m,2008,https://worldathletics.org/athletes/athlete=14259909,toplist
15.0,14:45.93,,Kimberley SMITH,19 NOV 1981,NZL,4,,"Stadio Olimpico, Roma (ITA)",11 JUL 2008,1190.0,women_5000m,2008,https://worldathletics.org/athletes/athlete=14293171,toplist
16.0,14:46.84,,Belaynesh FIKADU,28 MAR 1987,ETH,3,,"FBK Stadium, Hengelo (NED)",24 MAY 2008,1189.0,women_5000m,2008,https://worldathletics.org/athletes/athlete=14259857,toplist
17.0,14:47.14,,Linet Chepkwemoi MASAI,05 DEC 1989,KEN,4,,"FBK Stadium, Hengelo (NED)",24 MAY 2008,1188.0,women_5000m,2008,https://worldathletics.org/athletes/athlete=14289264,toplist
18.0,14:51.59,,Viola Jelagat KIBIWOT,22 DEC 1983,KEN,6,,"FBK Stadium, Hengelo (NED)",24 MAY 2008,1179.0,women_5000m,2008,https://worldathletics.org/athletes/athlete=14289100,toplist
19.0,14:54.29,,Jennifer RHINES,01 JUL 1974,USA,5,,"Bislett Stadion, Oslo (NOR)",06 JUN 2008,1174.0,women_5000m,2008,https://worldathletics.org/athletes/athlete=14319792,toplist
20.0,14:55.0h,,Lineth CHEPKURUI,23 FEB 1987,KEN,1,,Nairobi (KEN),23 MAY 2008,1173.0,women_5000m,2008,https://worldathletics.org/athletes/athlete=14326271,toplist
21.0,14:55.55,,Viktoriya KLIMINA,01 MAR 1976,RUS,5,,Kazan (RUS),19 JUL 2008,1172.0,women_5000m,2008,https://worldathletics.org/athletes/athlete=14298137,toplist
22.0,14:55.71,,Dolores CHECA,27 DEC 1982,ESP,6,,"Bislett Stadion, Oslo (NOR)",06 JUN 2008,1171.0,women_5000m,2008,https://worldathletics.org/athletes/athlete=14261820,toplist
23.0,14:58.10,,Kara GOUCHER,09 JUL 1978,USA,3,,"Eugene, OR (USA)",08 JUN 2008,1167.0,women_5000m,2008,https://worldathletics.org/athletes/athlete=14311212,toplist
24.0,14:58.36,,Zakia Mrisho MOHAMED,19 FEB 1984,TAN,2,,Stockholm (SWE),22 JUL 2008,1166.0,women_5000m,2008,https://worldathletics.org/athletes/athlete=14302619,toplist
25.0,14:58.48,,Lauren FLESHMAN,26 SEP 1981,USA,1,,"Icahn Stadium, New York, NY (USA)",31 MAY 2008,1166.0,women_5000m,2008,https://worldathletics.org/athletes/athlete=14310192,toplist
26.0,14:58.62,,Joanne PAVEY,20 SEP 1973,GBR,3,,Stockholm (SWE),22 JUL 2008,1166.0,women_5000m,2008,https://worldathletics.org/athletes/athlete=14276037,toplist
27.0,14:59.69,,Shalane FLANAGAN,08 JUL 1981,USA,5h2,,"National Stadium, Beijing (CHN)",19 AUG 2008,1164.0,women_5000m,2008,https://worldathletics.org/athletes/athlete=14310164,toplist
28.0,15:00.03,,Sylvia Jebiwot KIBET,28 MAR 1984,KEN,6,,"Gottlieb-Daimler Stadion, Stuttgart (GER)",13 SEP 2008,1163.0,women_5000m,2008,https://worldathletics.org/athletes/athlete=14289098,toplist
29.0,15:00.26,,Peninah CHEPCHUMBA,14 JAN 1985,KEN,5,,"Stadio Olimpico, Roma (ITA)",11 JUL 2008,1163.0,women_5000m,2008,https://worldathletics.org/athletes/athlete=14288880,toplist
30.0,15:00.6h,,Elena BUHĂIANU-ANTOCI,16 JAN 1975,ROU,1,,Craiova (ROU),11 MAY 2008,1162.0,women_5000m,2008,https://worldathletics.org/athletes/athlete=14295463,toplist
31.0,15:02.10,,Grace MOMANYI,13 FEB 1981,KEN,8,,"Boudewijnstadion, Bruxelles (BEL)",05 SEP 2008,1159.0,women_5000m,2008,https://worldathletics.org/athletes/athlete=14289288,toplist
32.0,15:02.28,,Felista WANJUGU,18 FEB 1990,KEN,1f16,,Yokohama (JPN),22 NOV 2008,1159.0,women_5000m,2008,https://worldathletics.org/athletes/athlete=14289529,toplist
33.0,15:02.41,,Genzebe DIBABA,08 FEB 1991,ETH,6,,"Bislett Stadion, Oslo (NOR)",06 JUN 2008,1158.0,women_5000m,2008,https://worldathletics.org/athletes/athlete=14259874,toplist
34.0,15:03.80,,Jane Jepkosgei KIPTOO,08 AUG 1982,KEN,8,,"Gottlieb-Daimler Stadion, Stuttgart (GER)",13 SEP 2008,1156.0,women_5000m,2008,https://worldathletics.org/athletes/athlete=14289165,toplist
35.0,15:03.88,,Yelena ORLOVA,30 MAY 1980,RUS,6,,Kazan (RUS),19 JUL 2008,1156.0,women_5000m,2008,https://worldathletics.org/athletes/athlete=14299345,toplist
36.0,15:05.38,,Veronicah Nyaruai WANJIRU,29 OCT 1989,KEN,9,,"FBK Stadium, Hengelo (NED)",24 MAY 2008,1153.0,women_5000m,2008,https://worldathletics.org/athletes/athlete=14289384,toplist
37.0,15:05.85,,Alemitu BEKELE,17 SEP 1977,TUR,1,,Izmir (TUR),31 MAY 2008,1152.0,women_5000m,2008,https://worldathletics.org/athletes/athlete=14303217,toplist
38.0,15:06.07,,Yukiko AKABA,18 OCT 1979,JPN,1f1,,Kitakami (JPN),13 JUL 2008,1151.0,women_5000m,2008,https://worldathletics.org/athletes/athlete=14286054,toplist
39.0,15:06.37,,Sentayehu EJIGU,28 JUN 1985,ETH,3,,"Icahn Stadium, New York, NY (USA)",31 MAY 2008,1151.0,women_5000m,2008,https://worldathletics.org/athletes/athlete=14259868,toplist
40.0,15:07.15,,Yelizaveta GRECHISHNIKOVA,12 DEC 1983,RUS,7,,Kazan (RUS),19 JUL 2008,1149.0,women_5000m,2008,https://worldathletics.org/athletes/athlete=14297847,toplist
41.0,15:07.37,,Yuriko KOBAYASHI,12 DEC 1988,JPN,1f2,,Kumamoto (JPN),05 APR 2008,1149.0,women_5000m,2008,https://worldathletics.org/athletes/athlete=14286857,toplist
42.0,15:07.38,,Sule UTURA,08 FEB 1990,ETH,9,,"Bislett Stadion, Oslo (NOR)",06 JUN 2008,1149.0,women_5000m,2008,https://worldathletics.org/athletes/athlete=14259706,toplist
43.0,15:07.65,,Wude AYALEW,04 JUL 1987,ETH,2,,Rieti (ITA),07 SEP 2008,1148.0,women_5000m,2008,https://worldathletics.org/athletes/athlete=14259920,toplist
44.0,15:07.7h,,Cristina VASILOIU,04 MAR 1988,ROU,2,,Craiova (ROU),11 MAY 2008,1148.0,women_5000m,2008,https://worldathletics.org/athletes/athlete=14296012,toplist
45.0,15:08.1h,,Daniela DONISĂ,23 APR 1988,ROU,3,,Craiova (ROU),11 MAY 2008,1147.0,women_5000m,2008,https://worldathletics.org/athletes/athlete=14295574,toplist
46.0,15:08.26,,Bizunesh URGESA,18 JUN 1989,ETH,10,,"FBK Stadium, Hengelo (NED)",24 MAY 2008,1147.0,women_5000m,2008,https://worldathletics.org/athletes/athlete=14259759,toplist
47.0,15:08.49,,Esther CHEMTAI,04 JUN 1988,KEN,11,,"Bislett Stadion, Oslo (NOR)",06 JUN 2008,1147.0,women_5000m,2008,https://worldathletics.org/athletes/athlete=14288856,toplist
48.0,15:11.23,,Megan WRIGHT,27 JAN 1982,CAN,7h2,,"National Stadium, Beijing (CHN)",19 AUG 2008,1141.0,women_5000m,2008,https://worldathletics.org/athletes/athlete=14267519,toplist
49.0,15:11.88,,Sally KIPYEGO,19 DEC 1985,KEN,1,,"Walnut, CA (USA)",18 APR 2008,1140.0,women_5000m,2008,https://worldathletics.org/athletes/athlete=14289173,toplist
50.0,15:13.09,,Mary WANGARI,04 OCT 1986,KEN,3f2,,Kumamoto (JPN),05 APR 2008,1138.0,women_5000m,2008,https://worldathletics.org/athletes/athlete=14289498,toplist
51.0,15:13.25,,Fei XUE,08 AUG 1989,CHN,8h2,,"National Stadium, Beijing (CHN)",19 AUG 2008,1137.0,women_5000m,2008,https://worldathletics.org/athletes/athlete=14264755,toplist
52.0,15:13.35,,Aheza KIROS,16 OCT 1985,ETH,8,,"Stadio Olimpico, Roma (ITA)",11 JUL 2008,1137.0,women_5000m,2008,https://worldathletics.org/athletes/athlete=14259796,toplist
53.0,15:14.21,,Asselefech MEDESSA MERGIA,23 JAN 1985,ETH,9,,"Olympiastadion, Berlin (GER)",01 JUN 2008,1136.0,women_5000m,2008,https://worldathletics.org/athletes/athlete=14259925,toplist
54.0,15:14.57,,Marina IVANOVA,19 JAN 1982,RUS,8,,Kazan (RUS),19 JUL 2008,1135.0,women_5000m,2008,https://worldathletics.org/athletes/athlete=14297949,toplist
55.0,15:16.25,,Simret SULTAN,20 JUL 1984,ERI,8h1,,"National Stadium, Beijing (CHN)",19 AUG 2008,1132.0,women_5000m,2008,https://worldathletics.org/athletes/athlete=14262199,toplist
56.0,15:16.27,,Kayoko FUKUSHI,25 MAR 1982,JPN,3,,Kawasaki (JPN),29 JUN 2008,1132.0,women_5000m,2008,https://worldathletics.org/athletes/athlete=14286215,toplist
57.0,15:16.80,,Silvia WEISSTEINER,13 JUL 1979,ITA,9,,"Stadio Olimpico, Roma (ITA)",11 JUL 2008,1131.0,women_5000m,2008,https://worldathletics.org/athletes/athlete=14285471,toplist
58.0,15:17.74,,Tiki GELANA,22 OCT 1987,ETH,10,,"Olympiastadion, Berlin (GER)",01 JUN 2008,1129.0,women_5000m,2008,https://worldathletics.org/athletes/athlete=14259718,toplist
59.0,15:18.01,,Doris Chepkwemoi CHANGEYWO,12 DEC 1984,KEN,11,,"Olympiastadion, Berlin (GER)",01 JUN 2008,1128.0,women_5000m,2008,https://worldathletics.org/athletes/athlete=14288798,toplist
59.0,15:18.01,,Yelena SOKOLOVA,27 DEC 1979,RUS,9,,Kazan (RUS),19 JUL 2008,1128.0,women_5000m,2008,https://worldathletics.org/athletes/athlete=14299420,toplist
61.0,15:18.88,,Sara SLATTERY,02 OCT 1981,USA,4,,"Eugene, OR (USA)",04 JUL 2008,1127.0,women_5000m,2008,https://worldathletics.org/athletes/athlete=14321417,toplist
62.0,15:19.23,,Workitu AYANU,19 APR 1987,ETH,13,,"Bislett Stadion, Oslo (NOR)",06 JUN 2008,1126.0,women_5000m,2008,https://worldathletics.org/athletes/athlete=14259915,toplist
63.0,15:19.29,,Yoko SHIBUI,14 MAR 1979,JPN,4,,Kawasaki (JPN),29 JUN 2008,1126.0,women_5000m,2008,https://worldathletics.org/athletes/athlete=14287821,toplist
64.0,15:19.42,,Arianna LAMBIE,12 JUN 1985,USA,4,,"Icahn Stadium, New York, NY (USA)",31 MAY 2008,1126.0,women_5000m,2008,https://worldathletics.org/athletes/athlete=14314918,toplist
65.0,15:19.43,,Monica JEPKOECH,01 JAN 1983,KEN,3,,Naimette-Xhovémont (BEL),16 JUL 2008,1126.0,women_5000m,2008,https://worldathletics.org/athletes/athlete=14289027,toplist
66.0,15:19.57,,Emily BROWN,06 JUL 1984,USA,1f1,,"Palo Alto, CA (USA)",04 MAY 2008,1125.0,women_5000m,2008,https://worldathletics.org/athletes/athlete=14306571,toplist
67.0,15:19.67,,Jessica AUGUSTO,08 NOV 1981,POR,12,,"FBK Stadium, Hengelo (NED)",24 MAY 2008,1125.0,women_5000m,2008,https://worldathletics.org/athletes/athlete=14294784,toplist
68.0,15:19.96,,Olesya SYREVA,25 NOV 1983,RUS,1,,Jerez de la Frontera (ESP),24 JUN 2008,1125.0,women_5000m,2008,https://worldathletics.org/athletes/athlete=14299506,toplist
69.0,15:20.10,,Ines CHENONGE,01 FEB 1982,KEN,13,,"Boudewijnstadion, Bruxelles (BEL)",05 SEP 2008,1124.0,women_5000m,2008,https://worldathletics.org/athletes/athlete=14288867,toplist
70.0,15:20.87,,Judit PLA,02 MAY 1978,ESP,2,,Barcelona (ESP),19 JUL 2008,1123.0,women_5000m,2008,https://worldathletics.org/athletes/athlete=14260733,toplist
71.0,15:21.08,,Doricah OBARE,10 JAN 1990,KEN,1f24,,Yokohama (JPN),22 NOV 2008,1123.0,women_5000m,2008,https://worldathletics.org/athletes/athlete=14289389,toplist
72.0,15:21.12,,Kayo SUGIHARA,24 FEB 1983,JPN,5,,Kawasaki (JPN),29 JUN 2008,1122.0,women_5000m,2008,https://worldathletics.org/athletes/athlete=14287914,toplist
73.0,15:21.20,,Nataliya BERKUT,30 MAY 1975,UKR,1,,Yalta (UKR),07 JUN 2008,1122.0,women_5000m,2008,https://worldathletics.org/athletes/athlete=14303449,toplist
74.0,15:21.47,,Mariem ALAOUI SELSOULI,08 APR 1984,MAR,10h2,,"National Stadium, Beijing (CHN)",19 AUG 2008,1122.0,women_5000m,2008,https://worldathletics.org/athletes/athlete=14290568,toplist
75.0,15:21.85,,Olga KRAVTSOVA,25 JUL 1981,BLR,9h1,,"National Stadium, Beijing (CHN)",19 AUG 2008,1121.0,women_5000m,2008,https://worldathletics.org/athletes/athlete=14269803,toplist
76.0,15:21.92,,Krisztina PAPP,17 DEC 1982,HUN,2,,Jerez de la Frontera (ESP),24 JUN 2008,1121.0,women_5000m,2008,https://worldathletics.org/athletes/athlete=14282184,toplist
77.0,15:23.51,,Pauline Kiragu WANGURU,26 AUG 1980,KEN,1,,Hiroshima (JPN),29 APR 2008,1118.0,women_5000m,2008,https://worldathletics.org/athletes/athlete=14289512,toplist
78.0,15:23.78,,Alina PROKOPEVA,16 AUG 1985,RUS,12,,Kazan (RUS),19 JUL 2008,1117.0,women_5000m,2008,https://worldathletics.org/athletes/athlete=14297219,toplist
79.0,15:23.81,,Yingying ZHANG,04 JAN 1990,CHN,11h1,,"National Stadium, Beijing (CHN)",19 AUG 2008,1117.0,women_5000m,2008,https://worldathletics.org/athletes/athlete=14264358,toplist
80.0,15:24.03,,Georgie CLARKE,17 JUN 1984,AUS,1,,Sydney (AUS),16 FEB 2008,1117.0,women_5000m,2008,https://worldathletics.org/athletes/athlete=14272318,toplist
81.0,15:24.45,,Ann Karindi MWANGI,08 DEC 1988,KEN,2,,Yokohama (JPN),28 SEP 2008,1116.0,women_5000m,2008,https://worldathletics.org/athletes/athlete=14289075,toplist
82.0,15:25.26,,Bethelhem MOGES,03 MAY 1991,ETH,3,,Yokohama (JPN),28 SEP 2008,1115.0,women_5000m,2008,https://worldathletics.org/athletes/athlete=14259761,toplist
83.0,15:25.34,,Olivera JEVTIĆ,24 JUL 1977,SRB,1,,Novi Sad (SRB),08 JUN 2008,1114.0,women_5000m,2008,https://worldathletics.org/athletes/athlete=14300350,toplist
84.0,15:25.47,,Molly HUDDLE,31 AUG 1984,USA,4,,"Walnut, CA (USA)",18 APR 2008,1114.0,women_5000m,2008,https://worldathletics.org/athletes/athlete=14313054,toplist
85.0,15:25.57,,Souad KABOUCHIA,12 AUG 1982,MAR,4,,Barcelona (ESP),19 JUL 2008,1114.0,women_5000m,2008,https://worldathletics.org/athletes/athlete=14290690,toplist
86.0,15:25.69,,Konjit TILAHUN,22 SEP 1987,ETH,4,,Yokohama (JPN),28 SEP 2008,1114.0,women_5000m,2008,https://worldathletics.org/athletes/athlete=14259793,toplist
87.0,15:26.31,,Megumi SEIKE,26 FEB 1987,JPN,3f1,,Nobeoka (JPN),31 MAY 2008,1113.0,women_5000m,2008,https://worldathletics.org/athletes/athlete=14287797,toplist
88.0,15:26.57,,Isabel CHECA,27 DEC 1982,ESP,3,,Jerez de la Frontera (ESP),24 JUN 2008,1112.0,women_5000m,2008,https://worldathletics.org/athletes/athlete=14261821,toplist
89.0,15:26.96,,Laura WHITTLE,27 JUN 1985,GBR,4,,Jerez de la Frontera (ESP),24 JUN 2008,1111.0,women_5000m,2008,https://worldathletics.org/athletes/athlete=14275519,toplist
90.0,15:27.08,,Sabrina MOCKENHAUPT,06 DEC 1980,GER,14,,"Olympiastadion, Berlin (GER)",01 JUN 2008,1111.0,women_5000m,2008,https://worldathletics.org/athletes/athlete=14278922,toplist
91.0,15:27.27,,Philomena CHEYECH,05 JUL 1982,KEN,1,,Yokohama (JPN),20 APR 2008,1111.0,women_5000m,2008,https://worldathletics.org/athletes/athlete=14288983,toplist
92.0,15:28.04,,Christin WURTH-THOMAS,11 JUL 1980,USA,5,,"Walnut, CA (USA)",18 APR 2008,1109.0,women_5000m,2008,https://worldathletics.org/athletes/athlete=14324759,toplist
93.0,15:28.16,,Kseniya AGAFONOVA,04 MAR 1983,RUS,5,,Jerez de la Frontera (ESP),24 JUN 2008,1109.0,women_5000m,2008,https://worldathletics.org/athletes/athlete=14297198,toplist
94.0,15:28.48,,Inês MONTEIRO,18 MAY 1980,POR,7,,Stockholm (SWE),22 JUL 2008,1108.0,women_5000m,2008,https://worldathletics.org/athletes/athlete=14294984,toplist
95.0,15:28.76,,Aya MANOME,30 AUG 1982,JPN,4,,Hiroshima (JPN),29 APR 2008,1108.0,women_5000m,2008,https://worldathletics.org/athletes/athlete=14287021,toplist
96.0,15:29.05,,Mestawat TUFA,14 SEP 1983,ETH,14,,"FBK Stadium, Hengelo (NED)",24 MAY 2008,1107.0,women_5000m,2008,https://worldathletics.org/athletes/athlete=14259712,toplist
97.0,15:30.17,,Gladys WAIRIMU,15 JUL 1991,KEN,5,,Yokohama (JPN),28 SEP 2008,1105.0,women_5000m,2008,https://worldathletics.org/athletes/athlete=14941198,toplist
98.0,15:30.70,,Natalya POPKOVA,21 SEP 1988,RUS,1,,Chelyabinsk (RUS),27 JUN 2008,1104.0,women_5000m,2008,https://worldathletics.org/athletes/athlete=14298974,toplist
99.0,15:32.03,,Hiromi OMINAMI,15 NOV 1975,JPN,1,,Niigata (JPN),13 OCT 2008,1102.0,women_5000m,2008,https://worldathletics.org/athletes/athlete=14287589,toplist
100.0,15:32.25,,Xue BAI,13 DEC 1988,CHN,1f1,,Shijiazhuang (CHN),11 OCT 2008,1101.0,women_5000m,2008,https://worldathletics.org/athletes/athlete=14266777,toplist
1.0,14:24.37,,Meseret DEFAR,19 NOV 1983,ETH,1,,Stockholm (SWE) (i),18 FEB 2009,1259.0,women_5000m,2009,https://worldathletics.org/athletes/athlete=14259882,toplist
2.0,14:33.65,,Tirunesh DIBABA,01 JUN 1985,ETH,1,,"Crystal Palace, London (GBR)",25 JUL 2009,1215.0,women_5000m,2009,https://worldathletics.org/athletes/athlete=14259871,toplist
3.0,14:34.17,,Meselech MELKAMU,19 APR 1985,ETH,1,,Ostrava (CZE),17 JUN 2009,1214.0,women_5000m,2009,https://worldathletics.org/athletes/athlete=14259772,toplist
4.0,14:34.36,,Linet Chepkwemoi MASAI,05 DEC 1989,KEN,2,,Ostrava (CZE),17 JUN 2009,1213.0,women_5000m,2009,https://worldathletics.org/athletes/athlete=14289264,toplist
5.0,14:37.01,,Vivian Jepkemei CHERUIYOT,11 SEP 1983,KEN,2,,"Bislett Stadion, Oslo (NOR)",03 JUL 2009,1208.0,women_5000m,2009,https://worldathletics.org/athletes/athlete=14288971,toplist
6.0,14:37.77,,Sylvia Jebiwot KIBET,28 MAR 1984,KEN,4,,"Bislett Stadion, Oslo (NOR)",03 JUL 2009,1207.0,women_5000m,2009,https://worldathletics.org/athletes/athlete=14289098,toplist
7.0,14:38.44,,Wude AYALEW,04 JUL 1987,ETH,5,,"Bislett Stadion, Oslo (NOR)",03 JUL 2009,1205.0,women_5000m,2009,https://worldathletics.org/athletes/athlete=14259920,toplist
8.0,14:39.89,,Kimberley SMITH,19 NOV 1981,NZL,1f1,,"New York, NY (USA) (i)",27 FEB 2009,1228.0,women_5000m,2009,https://worldathletics.org/athletes/athlete=14293171,toplist
9.0,14:40.00,,Sentayehu EJIGU,28 JUN 1985,ETH,2,,"Crystal Palace, London (GBR)",25 JUL 2009,1202.0,women_5000m,2009,https://worldathletics.org/athletes/athlete=14259868,toplist
10.0,14:40.14,,Florence KIPLAGAT,27 FEB 1987,KEN,6,,"Bislett Stadion, Oslo (NOR)",03 JUL 2009,1202.0,women_5000m,2009,https://worldathletics.org/athletes/athlete=14289139,toplist
11.0,14:41.62,,Ines CHENONGE,01 FEB 1982,KEN,7,,"Bislett Stadion, Oslo (NOR)",03 JUL 2009,1199.0,women_5000m,2009,https://worldathletics.org/athletes/athlete=14288867,toplist
12.0,14:42.06,,Ejegayehu DIBABA,21 MAR 1982,ETH,8,,"Bislett Stadion, Oslo (NOR)",03 JUL 2009,1198.0,women_5000m,2009,https://worldathletics.org/athletes/athlete=14259873,toplist
12.0,14:42.06,,Mariya KONOVALOVA,14 AUG 1974,RUS,1,,Cheboksary (RUS),24 JUL 2009,1198.0,women_5000m,2009,https://worldathletics.org/athletes/athlete=14298199,toplist
14.0,14:44.26,,Belaynesh FIKADU,28 MAR 1987,ETH,9,,"Bislett Stadion, Oslo (NOR)",03 JUL 2009,1194.0,women_5000m,2009,https://worldathletics.org/athletes/athlete=14259857,toplist
15.0,14:47.62,,Shalane FLANAGAN,08 JUL 1981,USA,2f1,,"Boston, MA (USA) (i)",07 FEB 2009,1212.0,women_5000m,2009,https://worldathletics.org/athletes/athlete=14310164,toplist
16.0,14:50.08,,Pauline Chemning KORIKWIANG,01 MAR 1988,KEN,11,,"Bislett Stadion, Oslo (NOR)",03 JUL 2009,1182.0,women_5000m,2009,https://worldathletics.org/athletes/athlete=14289192,toplist
17.0,14:50.77,,Grace MOMANYI,13 FEB 1981,KEN,12,,"Bislett Stadion, Oslo (NOR)",03 JUL 2009,1181.0,women_5000m,2009,https://worldathletics.org/athletes/athlete=14289288,toplist
18.0,14:55.52,,Genzebe DIBABA,08 FEB 1991,ETH,13,,"Bislett Stadion, Oslo (NOR)",03 JUL 2009,1172.0,women_5000m,2009,https://worldathletics.org/athletes/athlete=14259874,toplist
19.0,14:56.33,,Aheza KIROS,16 OCT 1985,ETH,1,,"Carson, CA (USA)",16 MAY 2009,1170.0,women_5000m,2009,https://worldathletics.org/athletes/athlete=14259796,toplist
20.0,14:57.15,,Sule UTURA,08 FEB 1990,ETH,14,,"Bislett Stadion, Oslo (NOR)",03 JUL 2009,1169.0,women_5000m,2009,https://worldathletics.org/athletes/athlete=14259706,toplist
21.0,14:58.11,,Sara MOREIRA,17 OCT 1985,POR,15,,"Bislett Stadion, Oslo (NOR)",03 JUL 2009,1167.0,women_5000m,2009,https://worldathletics.org/athletes/athlete=14294989,toplist
22.0,14:59.88,,Sabrina MOCKENHAUPT,06 DEC 1980,GER,1f1,,Koblenz (GER),20 MAY 2009,1163.0,women_5000m,2009,https://worldathletics.org/athletes/athlete=14278922,toplist
23.0,15:01.06,,Inês MONTEIRO,18 MAY 1980,POR,16,,"Bislett Stadion, Oslo (NOR)",03 JUL 2009,1161.0,women_5000m,2009,https://worldathletics.org/athletes/athlete=14294984,toplist
24.0,15:01.70,,Jenny SIMPSON,23 AUG 1986,USA,1f2,,"Seattle, WA (USA) (i)",14 FEB 2009,0.0,women_5000m,2009,https://worldathletics.org/athletes/athlete=14305392,toplist
25.0,15:05.95,,Natalya POPKOVA,21 SEP 1988,RUS,2,,Stockholm (SWE),31 JUL 2009,1152.0,women_5000m,2009,https://worldathletics.org/athletes/athlete=14298974,toplist
26.0,15:06.98,,Kseniya AGAFONOVA,04 MAR 1983,RUS,2,,Cheboksary (RUS),24 JUL 2009,1150.0,women_5000m,2009,https://worldathletics.org/athletes/athlete=14297198,toplist
27.0,15:07.78,,Jennifer RHINES,01 JUL 1974,USA,4,,Stockholm (SWE),31 JUL 2009,1148.0,women_5000m,2009,https://worldathletics.org/athletes/athlete=14319792,toplist
28.0,15:08.02,,Dulce FÉLIX,23 OCT 1982,POR,5,,Stockholm (SWE),31 JUL 2009,1148.0,women_5000m,2009,https://worldathletics.org/athletes/athlete=14294876,toplist
29.0,15:08.27,,Dolores CHECA,27 DEC 1982,ESP,17,,"Bislett Stadion, Oslo (NOR)",03 JUL 2009,1147.0,women_5000m,2009,https://worldathletics.org/athletes/athlete=14261820,toplist
30.0,15:09.03,,Sally KIPYEGO,19 DEC 1985,KEN,3,,"Carson, CA (USA)",16 MAY 2009,1146.0,women_5000m,2009,https://worldathletics.org/athletes/athlete=14289173,toplist
31.0,15:09.74,,Silvia WEISSTEINER,13 JUL 1979,ITA,7,,"Olympiastadion, Berlin (GER)",22 AUG 2009,1144.0,women_5000m,2009,https://worldathletics.org/athletes/athlete=14285471,toplist
32.0,15:11.72,,Fei XUE,08 AUG 1989,CHN,1,,Jinan (CHN),21 OCT 2009,1140.0,women_5000m,2009,https://worldathletics.org/athletes/athlete=14264755,toplist
33.0,15:12.15,,Philes ONGORI,19 JUL 1986,KEN,1f1,,Tendo (JPN),17 MAY 2009,1140.0,women_5000m,2009,https://worldathletics.org/athletes/athlete=14289407,toplist
34.0,15:12.44,,Yuriko KOBAYASHI,12 DEC 1988,JPN,11,,"Olympiastadion, Berlin (GER)",22 AUG 2009,1139.0,women_5000m,2009,https://worldathletics.org/athletes/athlete=14286857,toplist
35.0,15:12.75,,Hanane OUHADDOU,01 JAN 1982,MAR,1,,Pescara (ITA),01 JUL 2009,1138.0,women_5000m,2009,https://worldathletics.org/athletes/athlete=14290753,toplist
36.0,15:12.95,,Shannon ROWBURY,19 SEP 1984,USA,1,,"Berkeley, CA (USA)",24 APR 2009,1138.0,women_5000m,2009,https://worldathletics.org/athletes/athlete=14320310,toplist
37.0,15:13.01,,Yurika NAKAMURA,01 APR 1986,JPN,12,,"Olympiastadion, Berlin (GER)",22 AUG 2009,1138.0,women_5000m,2009,https://worldathletics.org/athletes/athlete=14287339,toplist
38.0,15:13.19,,Elena ROMAGNOLO,05 OCT 1982,ITA,2,,Pescara (ITA),01 JUL 2009,1138.0,women_5000m,2009,https://worldathletics.org/athletes/athlete=14285145,toplist
39.0,15:13.30,,Xin ZHANG,08 JUN 1989,CHN,2,,Jinan (CHN),21 OCT 2009,1137.0,women_5000m,2009,https://worldathletics.org/athletes/athlete=14264374,toplist
40.0,15:16.57,,Yingying ZHU,18 AUG 1988,CHN,3,,Jinan (CHN),21 OCT 2009,1131.0,women_5000m,2009,https://worldathletics.org/athletes/athlete=14264203,toplist
41.0,15:16.88,,Yelizaveta GRECHISHNIKOVA,12 DEC 1983,RUS,3,,Cheboksary (RUS),24 JUL 2009,1131.0,women_5000m,2009,https://worldathletics.org/athletes/athlete=14297847,toplist
42.0,15:18.34,,Mary Teresa CULLEN,17 AUG 1982,IRL,3f1,,"Boston, MA (USA) (i)",07 FEB 2009,1151.0,women_5000m,2009,https://worldathletics.org/athletes/athlete=14283178,toplist
43.0,15:18.50,,Stephanie TWELL,17 AUG 1989,GBR,1,,Beograd (SRB),29 MAY 2009,1127.0,women_5000m,2009,https://worldathletics.org/athletes/athlete=14276601,toplist
44.0,15:18.61,,Belaynesh OLJIRA,26 JUN 1990,ETH,3,,Málaga (ESP),27 JUN 2009,1127.0,women_5000m,2009,https://worldathletics.org/athletes/athlete=14374540,toplist
45.0,15:19.47,,Philomena CHEYECH,05 JUL 1982,KEN,1,,Miyoshi (JPN),09 MAY 2009,1126.0,women_5000m,2009,https://worldathletics.org/athletes/athlete=14288983,toplist
46.0,15:19.90,,Krisztina PAPP,17 DEC 1982,HUN,4h1,,"Olympiastadion, Berlin (GER)",19 AUG 2009,1125.0,women_5000m,2009,https://worldathletics.org/athletes/athlete=14282184,toplist
47.0,15:20.30,,Mary Wacera NGUGI,17 DEC 1988,KEN,10,,Ostrava (CZE),17 JUN 2009,1124.0,women_5000m,2009,https://worldathletics.org/athletes/athlete=14289475,toplist
48.0,15:20.53,,Renee BAILLIE,25 DEC 1981,USA,1,,Liège (BEL),15 JUL 2009,1124.0,women_5000m,2009,https://worldathletics.org/athletes/athlete=14316908,toplist
49.0,15:20.94,,Kara GOUCHER,09 JUL 1978,USA,1,,"Eugene, OR (USA)",26 JUN 2009,1123.0,women_5000m,2009,https://worldathletics.org/athletes/athlete=14311212,toplist
50.0,15:21.12,,Doricah OBARE,10 JAN 1990,KEN,2f1,,Tendo (JPN),17 MAY 2009,1122.0,women_5000m,2009,https://worldathletics.org/athletes/athlete=14289389,toplist
51.0,15:21.44,,Ferhiwot GOSHU,28 JUN 1990,ETH,4,,Málaga (ESP),27 JUN 2009,1122.0,women_5000m,2009,https://worldathletics.org/athletes/athlete=14259825,toplist
52.0,15:21.87,,Julie CULLEY,10 SEP 1981,USA,2,,Liège (BEL),15 JUL 2009,1121.0,women_5000m,2009,https://worldathletics.org/athletes/athlete=14308390,toplist
53.0,15:23.27,,Hitomi NIIYA,26 FEB 1988,JPN,1,,Hiroshima (JPN),29 APR 2009,1118.0,women_5000m,2009,https://worldathletics.org/athletes/athlete=14287407,toplist
54.0,15:24.48,,Felista WANJUGU,18 FEB 1990,KEN,3,,Hiroshima (JPN),29 APR 2009,1116.0,women_5000m,2009,https://worldathletics.org/athletes/athlete=14289529,toplist
55.0,15:24.86,,Dudu KARAKAYA,11 NOV 1985,TUR,1,,"Fana Stadion, Bergen (NOR)",21 JUN 2009,1115.0,women_5000m,2009,https://worldathletics.org/athletes/athlete=14303281,toplist
56.0,15:25.09,,Zakia Mrisho MOHAMED,19 FEB 1984,TAN,8h2,,"Olympiastadion, Berlin (GER)",19 AUG 2009,1115.0,women_5000m,2009,https://worldathletics.org/athletes/athlete=14302619,toplist
57.0,15:25.49,,Kayoko FUKUSHI,25 MAR 1982,JPN,3,,Hiroshima (JPN),27 JUN 2009,1114.0,women_5000m,2009,https://worldathletics.org/athletes/athlete=14286215,toplist
58.0,15:25.60,,Jebichi YATOR,10 MAR 1988,KEN,2,,Beograd (SRB),29 MAY 2009,1114.0,women_5000m,2009,https://worldathletics.org/athletes/athlete=14289539,toplist
59.0,15:25.90,,Christelle DAUNAY,05 DEC 1974,FRA,3,,Beograd (SRB),29 MAY 2009,1113.0,women_5000m,2009,https://worldathletics.org/athletes/athlete=14257893,toplist
60.0,15:27.07,,Chaofeng JIA,16 NOV 1988,CHN,4,,Jinan (CHN),21 OCT 2009,1111.0,women_5000m,2009,https://worldathletics.org/athletes/athlete=14266236,toplist
61.0,15:28.40,,Olivera JEVTIĆ,24 JUL 1977,SRB,4,,Beograd (SRB),29 MAY 2009,1109.0,women_5000m,2009,https://worldathletics.org/athletes/athlete=14300350,toplist
62.0,15:29.03,,Netsanet ACHAMO,14 DEC 1987,ETH,8,,Stockholm (SWE),31 JUL 2009,1107.0,women_5000m,2009,https://worldathletics.org/athletes/athlete=14259947,toplist
63.0,15:29.06,,Anna INCERTI,19 JAN 1980,ITA,1,,Catania (ITA),08 MAY 2009,1107.0,women_5000m,2009,https://worldathletics.org/athletes/athlete=14284533,toplist
64.0,15:29.38,,Noriko MATSUOKA,02 MAY 1979,JPN,6,,Hiroshima (JPN),27 JUN 2009,1107.0,women_5000m,2009,https://worldathletics.org/athletes/athlete=14287083,toplist
65.0,15:29.62,,Yanmei ZHU,16 OCT 1986,CHN,5,,Jinan (CHN),21 OCT 2009,1106.0,women_5000m,2009,https://worldathletics.org/athletes/athlete=14264207,toplist
66.0,15:29.68,,Xiaofan HAO,09 DEC 1989,CHN,6,,Jinan (CHN),21 OCT 2009,1106.0,women_5000m,2009,https://worldathletics.org/athletes/athlete=14266361,toplist
67.0,15:29.76,,Jinxue CHANG,09 MAR 1988,CHN,7,,Jinan (CHN),21 OCT 2009,1106.0,women_5000m,2009,https://worldathletics.org/athletes/athlete=14266721,toplist
68.0,15:29.82,,Karoline Bjerkeli GRØVDAL,14 JUN 1990,NOR,3,,"Fana Stadion, Bergen (NOR)",21 JUN 2009,1106.0,women_5000m,2009,https://worldathletics.org/athletes/athlete=14292573,toplist
69.0,15:30.29,,Yuko SHIMIZU,13 JUL 1985,JPN,3,,Okayama (JPN),26 SEP 2009,1105.0,women_5000m,2009,https://worldathletics.org/athletes/athlete=14287852,toplist
70.0,15:30.73,,Mary WANGARI,04 OCT 1986,KEN,1f1,,Nobeoka (JPN),30 MAY 2009,1104.0,women_5000m,2009,https://worldathletics.org/athletes/athlete=14289498,toplist
71.0,15:31.24,,Keiko NOGAMI,06 DEC 1985,JPN,2f1,,Nobeoka (JPN),30 MAY 2009,1103.0,women_5000m,2009,https://worldathletics.org/athletes/athlete=14327813,toplist
72.0,15:31.68,,Judit PLA,02 MAY 1978,ESP,1,,Barcelona (ESP),01 AUG 2009,1102.0,women_5000m,2009,https://worldathletics.org/athletes/athlete=14260733,toplist
73.0,15:31.80,,Mari OZAKI,16 JUL 1975,JPN,7,,Hiroshima (JPN),27 JUN 2009,1102.0,women_5000m,2009,https://worldathletics.org/athletes/athlete=14287668,toplist
74.0,15:32.39,,Freya MURRAY,20 SEP 1983,GBR,6,,"Crystal Palace, London (GBR)",25 JUL 2009,1101.0,women_5000m,2009,https://worldathletics.org/athletes/athlete=14275864,toplist
75.0,15:32.89,,Kasumi NISHIHARA,01 MAR 1989,JPN,1,,Osaka (JPN),16 MAY 2009,1100.0,women_5000m,2009,https://worldathletics.org/athletes/athlete=14287422,toplist
76.0,15:33.02,,Angela BIZZARRI,15 FEB 1988,USA,3,,"Eugene, OR (USA)",26 JUN 2009,1100.0,women_5000m,2009,https://worldathletics.org/athletes/athlete=14305913,toplist
77.0,15:33.04,,Yelena SOKOLOVA,27 DEC 1979,RUS,4,,Cheboksary (RUS),24 JUL 2009,1100.0,women_5000m,2009,https://worldathletics.org/athletes/athlete=14299420,toplist
78.0,15:33.10,,Christine Kambua MUYANGA,21 MAR 1991,KEN,6,,Okayama (JPN),26 SEP 2009,1100.0,women_5000m,2009,https://worldathletics.org/athletes/athlete=14289269,toplist
79.0,15:33.41,,Yuan JIN,11 FEB 1988,CHN,8,,Jinan (CHN),21 OCT 2009,1099.0,women_5000m,2009,https://worldathletics.org/athletes/athlete=14266158,toplist
80.0,15:34.13,,Misaki KATSUMATA,26 DEC 1985,JPN,7,,Okayama (JPN),26 SEP 2009,1098.0,women_5000m,2009,https://worldathletics.org/athletes/athlete=14286716,toplist
81.0,15:34.17,,Christin WURTH-THOMAS,11 JUL 1980,USA,2,,"Walnut, CA (USA)",17 APR 2009,1098.0,women_5000m,2009,https://worldathletics.org/athletes/athlete=14324759,toplist
82.0,15:34.31,,Maureen MCCANDLESS,24 AUG 1983,USA,1f1,,"Palo Alto, CA (USA)",27 MAR 2009,1097.0,women_5000m,2009,https://worldathletics.org/athletes/athlete=14316356,toplist
83.0,15:34.68,,Sara HALL,15 APR 1983,USA,2,,"Berkeley, CA (USA)",24 APR 2009,1097.0,women_5000m,2009,https://worldathletics.org/athletes/athlete=14305595,toplist
84.0,15:34.85,,Rebecca DONAGHUE,24 FEB 1976,USA,3,,Liège (BEL),15 JUL 2009,1096.0,women_5000m,2009,https://worldathletics.org/athletes/athlete=14309155,toplist
85.0,15:35.05,,Yukiko AKABA,18 OCT 1979,JPN,8,,Hiroshima (JPN),27 JUN 2009,1096.0,women_5000m,2009,https://worldathletics.org/athletes/athlete=14286054,toplist
86.0,15:35.12,,Ryoko KIZAKI,21 JUN 1985,JPN,7,,Hiroshima (JPN),29 APR 2009,1096.0,women_5000m,2009,https://worldathletics.org/athletes/athlete=14286842,toplist
87.0,15:35.33,,Carrie TOLLEFSON,18 JAN 1977,USA,3,,"Berkeley, CA (USA)",24 APR 2009,1096.0,women_5000m,2009,https://worldathletics.org/athletes/athlete=14322879,toplist
88.0,15:35.57,,Bethelhem MOGES,03 MAY 1991,ETH,1,,Fugokawa (JPN),10 JUN 2009,1095.0,women_5000m,2009,https://worldathletics.org/athletes/athlete=14259761,toplist
89.0,15:35.76,,Laura WHITTLE,27 JUN 1985,GBR,5,,Málaga (ESP),27 JUN 2009,1095.0,women_5000m,2009,https://worldathletics.org/athletes/athlete=14275519,toplist
90.0,15:35.91,,Kayo SUGIHARA,24 FEB 1983,JPN,3f1,,Nobeoka (JPN),30 MAY 2009,1094.0,women_5000m,2009,https://worldathletics.org/athletes/athlete=14287914,toplist
91.0,15:37.07,,Xue BAI,13 DEC 1988,CHN,1f1,,Suzhou (CHN),23 MAY 2009,1092.0,women_5000m,2009,https://worldathletics.org/athletes/athlete=14266777,toplist
92.0,15:37.08,,Rachael MARCHAND,23 DEC 1985,USA,6,,"Eugene, OR (USA)",26 JUN 2009,1092.0,women_5000m,2009,https://worldathletics.org/athletes/athlete=14315999,toplist
93.0,15:37.14,,Furtuna ZEGERGISH,1989,ERI,6,,Málaga (ESP),27 JUN 2009,1092.0,women_5000m,2009,https://worldathletics.org/athletes/athlete=14262192,toplist
94.0,15:37.31,,Yuka KAKIMI,04 APR 1986,JPN,8,,Okayama (JPN),26 SEP 2009,1092.0,women_5000m,2009,https://worldathletics.org/athletes/athlete=14286630,toplist
95.0,15:37.32,,Emily BROWN,06 JUL 1984,USA,4,,"Berkeley, CA (USA)",24 APR 2009,1092.0,women_5000m,2009,https://worldathletics.org/athletes/athlete=14306571,toplist
96.0,15:38.22,,Seika NISHIKAWA,17 JUL 1987,JPN,1,,Sapporo (JPN),06 JUN 2009,1090.0,women_5000m,2009,https://worldathletics.org/athletes/athlete=14287428,toplist
97.0,15:38.27,,Shoko MORI,17 MAY 1984,JPN,8,,Hiroshima (JPN),29 APR 2009,1090.0,women_5000m,2009,https://worldathletics.org/athletes/athlete=14941274,toplist
98.0,15:38.33,,Alena SAMOKHVALOVA,21 NOV 1980,RUS,3,,Tula (RUS),02 AUG 2009,1090.0,women_5000m,2009,https://worldathletics.org/athletes/athlete=14299163,toplist
99.0,15:38.57,,Mahiro AKAMATSU,09 SEP 1992,JPN,1f2,,Nagasaki (JPN),28 NOV 2009,1089.0,women_5000m,2009,https://worldathletics.org/athletes/athlete=14335113,toplist
100.0,15:38.61,,Nicole BLOOD,25 APR 1988,USA,7,,"Eugene, OR (USA)",26 JUN 2009,1089.0,women_5000m,2009,https://worldathletics.org/athletes/athlete=14306016,toplist
1.0,14:24.79,,Meseret DEFAR,19 NOV 1983,ETH,1,,Stockholm (SWE) (i),10 FEB 2010,1258.0,women_5000m,2010,https://worldathletics.org/athletes/athlete=14259882,toplist
2.0,14:27.41,,Vivian Jepkemei CHERUIYOT,11 SEP 1983,KEN,1,,"Stade de France, Paris-St-Denis (FRA)",16 JUL 2010,1227.0,women_5000m,2010,https://worldathletics.org/athletes/athlete=14288971,toplist
3.0,14:28.39,,Sentayehu EJIGU,28 JUN 1985,ETH,2,,"Stade de France, Paris-St-Denis (FRA)",16 JUL 2010,1225.0,women_5000m,2010,https://worldathletics.org/athletes/athlete=14259868,toplist
4.0,14:31.14,,Linet Chepkwemoi MASAI,05 DEC 1989,KEN,2,,"Shanghai Stadium, Shanghai (CHN)",23 MAY 2010,1220.0,women_5000m,2010,https://worldathletics.org/athletes/athlete=14289264,toplist
5.0,14:31.52,,Elvan ABEYLEGESSE,11 SEP 1982,TUR,3,,"Stade de France, Paris-St-Denis (FRA)",16 JUL 2010,1219.0,women_5000m,2010,https://worldathletics.org/athletes/athlete=14303189,toplist
6.0,14:31.91,,Meselech MELKAMU,19 APR 1985,ETH,3,,"Shanghai Stadium, Shanghai (CHN)",23 MAY 2010,1218.0,women_5000m,2010,https://worldathletics.org/athletes/athlete=14259772,toplist
6.0,14:31.91,,Sylvia Jebiwot KIBET,28 MAR 1984,KEN,4,,"Shanghai Stadium, Shanghai (CHN)",23 MAY 2010,1218.0,women_5000m,2010,https://worldathletics.org/athletes/athlete=14289098,toplist
8.0,14:34.07,,Tirunesh DIBABA,01 JUN 1985,ETH,1,,"Hayward Field, Eugene, OR (USA)",03 JUL 2010,1214.0,women_5000m,2010,https://worldathletics.org/athletes/athlete=14259871,toplist
9.0,14:37.07,,Jessica AUGUSTO,08 NOV 1981,POR,5,,"Stade de France, Paris-St-Denis (FRA)",16 JUL 2010,1208.0,women_5000m,2010,https://worldathletics.org/athletes/athlete=14294784,toplist
10.0,14:38.64,,Sally KIPYEGO,19 DEC 1985,KEN,4,,"Boudewijnstadion, Bruxelles (BEL)",27 AUG 2010,1205.0,women_5000m,2010,https://worldathletics.org/athletes/athlete=14289173,toplist
11.0,14:39.19,,Ines CHENONGE,01 FEB 1982,KEN,6,,"Stade de France, Paris-St-Denis (FRA)",16 JUL 2010,1204.0,women_5000m,2010,https://worldathletics.org/athletes/athlete=14288867,toplist
12.0,14:44.21,,Sule UTURA,08 FEB 1990,ETH,5,,"Shanghai Stadium, Shanghai (CHN)",23 MAY 2010,1194.0,women_5000m,2010,https://worldathletics.org/athletes/athlete=14259706,toplist
13.0,14:44.76,,Molly HUDDLE,31 AUG 1984,USA,9,,"Boudewijnstadion, Bruxelles (BEL)",27 AUG 2010,1193.0,women_5000m,2010,https://worldathletics.org/athletes/athlete=14313054,toplist
14.0,14:44.90,,Emebet ANTENEH,13 JAN 1992,ETH,6,,"Shanghai Stadium, Shanghai (CHN)",23 MAY 2010,1192.0,women_5000m,2010,https://worldathletics.org/athletes/athlete=14366687,toplist
15.0,14:46.80,,Pauline Chemning KORIKWIANG,01 MAR 1988,KEN,6,,"Crystal Palace, London (GBR)",13 AUG 2010,1189.0,women_5000m,2010,https://worldathletics.org/athletes/athlete=14289192,toplist
16.0,14:47.13,,Mercy CHERONO,07 MAY 1991,KEN,7,,"Shanghai Stadium, Shanghai (CHN)",23 MAY 2010,1188.0,women_5000m,2010,https://worldathletics.org/athletes/athlete=14288952,toplist
17.0,14:48.57,,Viola Jelagat KIBIWOT,22 DEC 1983,KEN,8,,"Shanghai Stadium, Shanghai (CHN)",23 MAY 2010,1185.0,women_5000m,2010,https://worldathletics.org/athletes/athlete=14289100,toplist
18.0,14:48.94,,Margaret Wangari MURIUKI,21 MAR 1986,KEN,9,,"Shanghai Stadium, Shanghai (CHN)",23 MAY 2010,1185.0,women_5000m,2010,https://worldathletics.org/athletes/athlete=14289494,toplist
19.0,14:49.08,,Shalane FLANAGAN,08 JUL 1981,USA,2,,"Hayward Field, Eugene, OR (USA)",03 JUL 2010,1184.0,women_5000m,2010,https://worldathletics.org/athletes/athlete=14310164,toplist
20.0,14:52.64,,Florence KIPLAGAT,27 FEB 1987,KEN,9,,"Stade de France, Paris-St-Denis (FRA)",16 JUL 2010,1177.0,women_5000m,2010,https://worldathletics.org/athletes/athlete=14289139,toplist
21.0,14:54.08,,Stephanie TWELL,17 AUG 1989,GBR,10,,"Boudewijnstadion, Bruxelles (BEL)",27 AUG 2010,1175.0,women_5000m,2010,https://worldathletics.org/athletes/athlete=14276601,toplist
22.0,14:54.71,,Sara MOREIRA,17 OCT 1985,POR,2,,"Estadio Olímpico, Barcelona (ESP)",01 AUG 2010,1173.0,women_5000m,2010,https://worldathletics.org/athletes/athlete=14294989,toplist
23.0,14:55.74,,Lisa UHL,31 AUG 1987,USA,11,,"Stade de France, Paris-St-Denis (FRA)",16 JUL 2010,1171.0,women_5000m,2010,https://worldathletics.org/athletes/athlete=14314657,toplist
24.0,14:56.72,,Amy YODER BEGLEY,11 JAN 1978,USA,5,,"Hayward Field, Eugene, OR (USA)",03 JUL 2010,1169.0,women_5000m,2010,https://worldathletics.org/athletes/athlete=14324822,toplist
25.0,14:57.16,,Esther CHEMTAI,04 JUN 1988,KEN,3,,"FBK Stadium, Hengelo (NED)",30 MAY 2010,1169.0,women_5000m,2010,https://worldathletics.org/athletes/athlete=14288856,toplist
26.0,14:58.16,,Belaynesh OLJIRA,26 JUN 1990,ETH,12,,"Stade de France, Paris-St-Denis (FRA)",16 JUL 2010,1167.0,women_5000m,2010,https://worldathletics.org/athletes/athlete=14374540,toplist
27.0,15:00.51,,Shannon ROWBURY,19 SEP 1984,USA,1f1,,"Palo Alto, CA (USA)",01 MAY 2010,1162.0,women_5000m,2010,https://worldathletics.org/athletes/athlete=14320310,toplist
28.0,15:02.31,,Joanne PAVEY,20 SEP 1973,GBR,13,,"Stade de France, Paris-St-Denis (FRA)",16 JUL 2010,1159.0,women_5000m,2010,https://worldathletics.org/athletes/athlete=14276037,toplist
29.0,15:02.47,,Wude AYALEW,04 JUL 1987,ETH,6,,"Hayward Field, Eugene, OR (USA)",03 JUL 2010,1158.0,women_5000m,2010,https://worldathletics.org/athletes/athlete=14259920,toplist
30.0,15:03.49,,Meskerem ASSEFA,03 OCT 1991,ETH,3,,Stockholm (SWE) (i),10 FEB 2010,1181.0,women_5000m,2010,https://worldathletics.org/athletes/athlete=14259921,toplist
31.0,15:03.52,,Genet YALEW,31 DEC 1992,ETH,10,,"Shanghai Stadium, Shanghai (CHN)",23 MAY 2010,1156.0,women_5000m,2010,https://worldathletics.org/athletes/athlete=14259696,toplist
32.0,15:03.87,,Gladys CHEMWENO,04 JUL 1988,KEN,14,,"Stade de France, Paris-St-Denis (FRA)",16 JUL 2010,1156.0,women_5000m,2010,https://worldathletics.org/athletes/athlete=14288864,toplist
33.0,15:06.93,,Sabrina MOCKENHAUPT,06 DEC 1980,GER,5,,"FBK Stadium, Hengelo (NED)",30 MAY 2010,1150.0,women_5000m,2010,https://worldathletics.org/athletes/athlete=14278922,toplist
34.0,15:08.06,,Genzebe DIBABA,08 FEB 1991,ETH,1,,"Croix-Bleue Medavie Stadium, Moncton (CAN)",21 JUL 2010,1147.0,women_5000m,2010,https://worldathletics.org/athletes/athlete=14259874,toplist
35.0,15:13.08,,Lauren FLESHMAN,26 SEP 1981,USA,11,,"Crystal Palace, London (GBR)",13 AUG 2010,1138.0,women_5000m,2010,https://worldathletics.org/athletes/athlete=14310192,toplist
36.0,15:14.40,,Elena ROMAGNOLO,05 OCT 1982,ITA,4,,"Estadio Olímpico, Barcelona (ESP)",01 AUG 2010,1135.0,women_5000m,2010,https://worldathletics.org/athletes/athlete=14285145,toplist
37.0,15:15.19,,Ann Karindi MWANGI,08 DEC 1988,KEN,1,,Osaka (JPN),08 MAY 2010,1134.0,women_5000m,2010,https://worldathletics.org/athletes/athlete=14289075,toplist
38.0,15:15.27,,Felista WANJUGU,18 FEB 1990,KEN,1,,Sapporo (JPN),14 JUN 2010,1134.0,women_5000m,2010,https://worldathletics.org/athletes/athlete=14289529,toplist
39.0,15:15.59,,Mimi BELETE,09 JUN 1988,BRN,1,,Guangzhou (CHN),26 NOV 2010,1133.0,women_5000m,2010,https://worldathletics.org/athletes/athlete=14270503,toplist
40.0,15:15.89,,Preeja SREEDHARAN,13 MAR 1982,IND,2,,Guangzhou (CHN),26 NOV 2010,1132.0,women_5000m,2010,https://worldathletics.org/athletes/athlete=14283083,toplist
41.0,15:16.54,,Kavita TUNGAR,05 MAY 1985,IND,3,,Guangzhou (CHN),26 NOV 2010,1131.0,women_5000m,2010,https://worldathletics.org/athletes/athlete=14283028,toplist
42.0,15:16.74,,Alice Aprot NAWOWUNA,02 JAN 1994,KEN,5,,"Olympiastadion, Stockholm (SWE)",06 AUG 2010,1131.0,women_5000m,2010,https://worldathletics.org/athletes/athlete=14413307,toplist
43.0,15:16.87,,Eloise WELLINGS,09 NOV 1982,AUS,2,,Osaka (JPN),08 MAY 2010,1131.0,women_5000m,2010,https://worldathletics.org/athletes/athlete=14271451,toplist
44.0,15:16.95,,Olga KUNGINA,17 DEC 1986,RUS,1f2,,Saransk (RUS),14 JUL 2010,1130.0,women_5000m,2010,https://worldathletics.org/athletes/athlete=14297803,toplist
45.0,15:16.96,,Zakia Mrisho MOHAMED,19 FEB 1984,TAN,1,,Rovereto (ITA),16 MAY 2010,1130.0,women_5000m,2010,https://worldathletics.org/athletes/athlete=14302619,toplist
46.0,15:17.86,,Kayoko FUKUSHI,25 MAR 1982,JPN,3,,Osaka (JPN),08 MAY 2010,1129.0,women_5000m,2010,https://worldathletics.org/athletes/athlete=14286215,toplist
47.0,15:19.33,,Megan WRIGHT,27 JAN 1982,CAN,6,,"Icahn Stadium, New York, NY (USA)",12 JUN 2010,1126.0,women_5000m,2010,https://worldathletics.org/athletes/athlete=14267519,toplist
48.0,15:19.80,,Sabine FISCHER,29 JUN 1973,SUI,5,,"Estadio Olímpico, Barcelona (ESP)",01 AUG 2010,1125.0,women_5000m,2010,https://worldathletics.org/athletes/athlete=14300758,toplist
49.0,15:19.96,,Aheza KIROS,16 OCT 1985,ETH,9,,"FBK Stadium, Hengelo (NED)",30 MAY 2010,1125.0,women_5000m,2010,https://worldathletics.org/athletes/athlete=14259796,toplist
50.0,15:20.01,,Karima Saleh JASSEM,18 FEB 1988,BRN,4,,Guangzhou (CHN),26 NOV 2010,1125.0,women_5000m,2010,https://worldathletics.org/athletes/athlete=14268774,toplist
51.0,15:20.72,,Selly Chepyego KAPTICH,03 OCT 1985,KEN,1,,Saga (JPN),23 MAY 2010,1123.0,women_5000m,2010,https://worldathletics.org/athletes/athlete=14372447,toplist
52.0,15:22.05,,Jennifer RHINES,01 JUL 1974,USA,8,,"Hayward Field, Eugene, OR (USA)",03 JUL 2010,1121.0,women_5000m,2010,https://worldathletics.org/athletes/athlete=14319792,toplist
53.0,15:23.40,,Charlotte PURDUE,10 JUN 1991,GBR,1,,Cardiff (GBR),28 AUG 2010,1118.0,women_5000m,2010,https://worldathletics.org/athletes/athlete=14276123,toplist
54.0,15:24.48,,Christelle DAUNAY,05 DEC 1974,FRA,11,,"FBK Stadium, Hengelo (NED)",30 MAY 2010,1116.0,women_5000m,2010,https://worldathletics.org/athletes/athlete=14257893,toplist
55.0,15:24.53,,Bethelhem MOGES,03 MAY 1991,ETH,1,,Tokyo (JPN),24 NOV 2010,1116.0,women_5000m,2010,https://worldathletics.org/athletes/athlete=14259761,toplist
56.0,15:24.66,,Kayo SUGIHARA,24 FEB 1983,JPN,2,,Tokyo (JPN),24 NOV 2010,1116.0,women_5000m,2010,https://worldathletics.org/athletes/athlete=14287914,toplist
57.0,15:25.40,,Karoline Bjerkeli GRØVDAL,14 JUN 1990,NOR,3,,"Fana Stadion, Bergen (NOR)",20 JUN 2010,1114.0,women_5000m,2010,https://worldathletics.org/athletes/athlete=14292573,toplist
58.0,15:25.50,,Kasumi NISHIHARA,01 MAR 1989,JPN,1f24,,Yokohama (JPN),05 DEC 2010,1114.0,women_5000m,2010,https://worldathletics.org/athletes/athlete=14287422,toplist
59.0,15:25.67,,Shitaye ESHETE,21 MAY 1990,BRN,6,,"Olympiastadion, Stockholm (SWE)",06 AUG 2010,1114.0,women_5000m,2010,https://worldathletics.org/athletes/athlete=14383158,toplist
60.0,15:25.83,,Philomena CHEYECH,05 JUL 1982,KEN,2f2,,Kumamoto (JPN),10 APR 2010,1113.0,women_5000m,2010,https://worldathletics.org/athletes/athlete=14288983,toplist
61.0,15:26.07,,Doricah OBARE,10 JAN 1990,KEN,4,,Osaka (JPN),08 MAY 2010,1113.0,women_5000m,2010,https://worldathletics.org/athletes/athlete=14289389,toplist
62.0,15:26.50,,Freya MURRAY,20 SEP 1983,GBR,2,,Cardiff (GBR),28 AUG 2010,1112.0,women_5000m,2010,https://worldathletics.org/athletes/athlete=14275864,toplist
63.0,15:26.72,,Hikari YOSHIMOTO,14 JAN 1990,JPN,1,,Kyoto (JPN),18 APR 2010,1112.0,women_5000m,2010,https://worldathletics.org/athletes/athlete=14288549,toplist
64.0,15:26.97,,Karolina NADOLSKA,06 SEP 1981,POL,12,,"FBK Stadium, Hengelo (NED)",30 MAY 2010,1111.0,women_5000m,2010,https://worldathletics.org/athletes/athlete=14293773,toplist
65.0,15:27.57,,Natalya PUCHKOVA,28 JAN 1987,RUS,2f2,,Saransk (RUS),14 JUL 2010,1110.0,women_5000m,2010,https://worldathletics.org/athletes/athlete=14941290,toplist
66.0,15:27.75,,Mary Teresa CULLEN,17 AUG 1982,IRL,1,,"Olympic Park, Melbourne (AUS)",04 MAR 2010,1110.0,women_5000m,2010,https://worldathletics.org/athletes/athlete=14283178,toplist
67.0,15:28.44,,Mika YOSHIKAWA,16 SEP 1984,JPN,1,,Brasschaat (BEL),11 JUL 2010,1109.0,women_5000m,2010,https://worldathletics.org/athletes/athlete=14288541,toplist
68.0,15:28.70,,Lara TAMSETT,12 OCT 1988,AUS,2,,"Olympic Park, Melbourne (AUS)",04 MAR 2010,1108.0,women_5000m,2010,https://worldathletics.org/athletes/athlete=14271223,toplist
69.0,15:29.14,,Judit PLA,02 MAY 1978,ESP,4,,"Fana Stadion, Bergen (NOR)",20 JUN 2010,1107.0,women_5000m,2010,https://worldathletics.org/athletes/athlete=14260733,toplist
70.0,15:29.28,,Viktoriya POLYUDINA,29 JUN 1989,KGZ,6,,Guangzhou (CHN),26 NOV 2010,1107.0,women_5000m,2010,https://worldathletics.org/athletes/athlete=14289563,toplist
71.0,15:29.44,,Anikó KÁLOVICS,13 MAY 1977,HUN,6,,"Estadio Olímpico, Barcelona (ESP)",01 AUG 2010,1107.0,women_5000m,2010,https://worldathletics.org/athletes/athlete=14281775,toplist
72.0,15:29.56,,Tomoka INADOMI,16 JAN 1986,JPN,3,,Niigata (JPN),25 SEP 2010,1106.0,women_5000m,2010,https://worldathletics.org/athletes/athlete=14286498,toplist
73.0,15:29.58,,Yuko SHIMIZU,13 JUL 1985,JPN,4,,Niigata (JPN),25 SEP 2010,1106.0,women_5000m,2010,https://worldathletics.org/athletes/athlete=14287852,toplist
74.0,15:29.78,,Desiree DAVILA,26 JUL 1983,USA,9,,"Hayward Field, Eugene, OR (USA)",03 JUL 2010,1106.0,women_5000m,2010,https://worldathletics.org/athletes/athlete=14308638,toplist
74.0,15:29.78,,Tejitu DABA,20 AUG 1991,BRN,4,,"Croix-Bleue Medavie Stadium, Moncton (CAN)",21 JUL 2010,1106.0,women_5000m,2010,https://worldathletics.org/athletes/athlete=14383159,toplist
76.0,15:30.55,,Yelena ZADOROZHNAYA,03 DEC 1977,RUS,1,,Sochi (RUS),28 MAY 2010,1105.0,women_5000m,2010,https://worldathletics.org/athletes/athlete=14299842,toplist
77.0,15:31.01,,Natalya POPKOVA,21 SEP 1988,RUS,5,,"Fana Stadion, Bergen (NOR)",20 JUN 2010,1104.0,women_5000m,2010,https://worldathletics.org/athletes/athlete=14298974,toplist
78.0,15:31.12,,Risa TAKENAKA,06 JAN 1990,JPN,2,,Chiba (JPN),01 OCT 2010,1103.0,women_5000m,2010,https://worldathletics.org/athletes/athlete=14288074,toplist
79.0,15:31.47,,Kaori URATA,18 SEP 1985,JPN,5,,Niigata (JPN),25 SEP 2010,1103.0,women_5000m,2010,https://worldathletics.org/athletes/athlete=14288305,toplist
80.0,15:31.72,,Yuriko KOBAYASHI,12 DEC 1988,JPN,5,,Osaka (JPN),08 MAY 2010,1102.0,women_5000m,2010,https://worldathletics.org/athletes/athlete=14286857,toplist
81.0,15:32.27,,Emily PIDGEON,01 JUN 1989,GBR,2f1,,Watford (GBR),12 JUN 2010,1101.0,women_5000m,2010,https://worldathletics.org/athletes/athlete=14276076,toplist
82.0,15:33.12,,Roxana BÂRCĂ,22 JUN 1988,ROU,2,,"Puskás Ferenc Stadion, Budapest (HUN)",20 JUN 2010,1100.0,women_5000m,2010,https://worldathletics.org/athletes/athlete=14295434,toplist
83.0,15:33.33,,Jenny SIMPSON,23 AUG 1986,USA,3,,"Drake Stadium, Des Moines, IA (USA)",25 JUN 2010,1099.0,women_5000m,2010,https://worldathletics.org/athletes/athlete=14305392,toplist
84.0,15:33.51,,Nicole SIFUENTES,30 JUN 1986,CAN,5f1,,"Palo Alto, CA (USA)",01 MAY 2010,1099.0,women_5000m,2010,https://worldathletics.org/athletes/athlete=14268054,toplist
85.0,15:33.58,,Fernanda RIBEIRO,23 JUN 1969,POR,3,,"Puskás Ferenc Stadion, Budapest (HUN)",20 JUN 2010,1099.0,women_5000m,2010,https://worldathletics.org/athletes/athlete=14295050,toplist
86.0,15:34.37,,Adrienne HERZOG,30 SEP 1985,NED,13,,"FBK Stadium, Hengelo (NED)",30 MAY 2010,1097.0,women_5000m,2010,https://worldathletics.org/athletes/athlete=14291707,toplist
87.0,15:34.69,,Hitomi NIIYA,26 FEB 1988,JPN,1f5,,Yokohama (JPN),25 DEC 2010,1097.0,women_5000m,2010,https://worldathletics.org/athletes/athlete=14287407,toplist
88.0,15:34.77,,Noriko MATSUOKA,02 MAY 1979,JPN,3,,Chiba (JPN),01 OCT 2010,1097.0,women_5000m,2010,https://worldathletics.org/athletes/athlete=14287083,toplist
89.0,15:35.38,,Mai ISHIBASHI,02 JUL 1989,JPN,2f24,,Yokohama (JPN),05 DEC 2010,1095.0,women_5000m,2010,https://worldathletics.org/athletes/athlete=14286521,toplist
90.0,15:35.88,,Souad KABOUCHIA,12 AUG 1982,MAR,2,,Avilés (ESP),18 JUL 2010,1094.0,women_5000m,2010,https://worldathletics.org/athletes/athlete=14290690,toplist
91.0,15:35.95,,Yoshimi OZAKI,01 JUL 1981,JPN,4,,Chiba (JPN),01 OCT 2010,1094.0,women_5000m,2010,https://worldathletics.org/athletes/athlete=14287672,toplist
92.0,15:36.96,,Malindi ELMORE,13 MAR 1980,CAN,14,,"FBK Stadium, Hengelo (NED)",30 MAY 2010,1092.0,women_5000m,2010,https://worldathletics.org/athletes/athlete=14268042,toplist
93.0,15:37.21,,Angela BIZZARRI,15 FEB 1988,USA,6f1,,"Palo Alto, CA (USA)",01 MAY 2010,1092.0,women_5000m,2010,https://worldathletics.org/athletes/athlete=14305913,toplist
94.0,15:37.67,,Olivera JEVTIĆ,24 JUL 1977,SRB,1,,Beograd (SRB),20 JUN 2010,1091.0,women_5000m,2010,https://worldathletics.org/athletes/athlete=14300350,toplist
95.0,15:37.83,,Wioletta FRANKIEWICZ,09 JUN 1977,POL,6,,"Fana Stadion, Bergen (NOR)",20 JUN 2010,1091.0,women_5000m,2010,https://worldathletics.org/athletes/athlete=14293623,toplist
95.0,15:37.83,,Ayuko SUZUKI,08 OCT 1991,JPN,6,,Chiba (JPN),01 OCT 2010,1091.0,women_5000m,2010,https://worldathletics.org/athletes/athlete=14428635,toplist
97.0,15:38.50,,Remi NAKASATO,24 JUN 1988,JPN,1f19,,Yokohama (JPN),21 NOV 2010,1090.0,women_5000m,2010,https://worldathletics.org/athletes/athlete=14287376,toplist
98.0,15:38.60,,Ko-eun YOUM,18 OCT 1994,KOR,1,,Changwon (KOR),10 MAY 2010,1089.0,women_5000m,2010,https://worldathletics.org/athletes/athlete=14370300,toplist
99.0,15:38.87,,Nikki CHAPPLE,09 FEB 1981,AUS,3,,"Olympic Park, Melbourne (AUS)",04 MAR 2010,1089.0,women_5000m,2010,https://worldathletics.org/athletes/athlete=14272333,toplist
100.0,15:39.07,,Elizabeth MALOY,10 AUG 1985,USA,7f1,,"Palo Alto, CA (USA)",01 MAY 2010,1088.0,women_5000m,2010,https://worldathletics.org/athletes/athlete=14315930,toplist
1.0,14:20.87,,Vivian Jepkemei CHERUIYOT,11 SEP 1983,KEN,1,,"Olympiastadion, Stockholm (SWE)",29 JUL 2011,1240.0,women_5000m,2011,https://worldathletics.org/athletes/athlete=14288971,toplist
2.0,14:29.52,,Meseret DEFAR,19 NOV 1983,ETH,1,,"Stade de France, Paris-St-Denis (FRA)",08 JUL 2011,1223.0,women_5000m,2011,https://worldathletics.org/athletes/athlete=14259882,toplist
3.0,14:30.42,,Sally KIPYEGO,19 DEC 1985,KEN,2,,"Letzigrund, Zürich (SUI)",08 SEP 2011,1221.0,women_5000m,2011,https://worldathletics.org/athletes/athlete=14289173,toplist
4.0,14:31.66,,Sentayehu EJIGU,28 JUN 1985,ETH,2,,"Stade de France, Paris-St-Denis (FRA)",08 JUL 2011,1219.0,women_5000m,2011,https://worldathletics.org/athletes/athlete=14259868,toplist
5.0,14:32.95,,Linet Chepkwemoi MASAI,05 DEC 1989,KEN,3,,"Shanghai Stadium, Shanghai (CHN)",15 MAY 2011,1216.0,women_5000m,2011,https://worldathletics.org/athletes/athlete=14289264,toplist
6.0,14:34.86,,Viola Jelagat KIBIWOT,22 DEC 1983,KEN,4,,"Shanghai Stadium, Shanghai (CHN)",15 MAY 2011,1212.0,women_5000m,2011,https://worldathletics.org/athletes/athlete=14289100,toplist
7.0,14:35.13,,Mercy CHERONO,07 MAY 1991,KEN,3,,"Stade de France, Paris-St-Denis (FRA)",08 JUL 2011,1212.0,women_5000m,2011,https://worldathletics.org/athletes/athlete=14288952,toplist
8.0,14:35.43,,Sylvia Jebiwot KIBET,28 MAR 1984,KEN,4,,"Letzigrund, Zürich (SUI)",08 SEP 2011,1211.0,women_5000m,2011,https://worldathletics.org/athletes/athlete=14289098,toplist
9.0,14:37.56,,Genzebe DIBABA,08 FEB 1991,ETH,3,,"Bislett Stadion, Oslo (NOR)",09 JUN 2011,1207.0,women_5000m,2011,https://worldathletics.org/athletes/athlete=14259874,toplist
10.0,14:39.44,,Meselech MELKAMU,19 APR 1985,ETH,4,,"Bislett Stadion, Oslo (NOR)",09 JUN 2011,1203.0,women_5000m,2011,https://worldathletics.org/athletes/athlete=14259772,toplist
11.0,14:40.86,,Priscah Jepleting CHERONO,27 JUN 1980,KEN,6,,"Shanghai Stadium, Shanghai (CHN)",15 MAY 2011,1200.0,women_5000m,2011,https://worldathletics.org/athletes/athlete=14289351,toplist
12.0,14:41.28,,Pauline Chemning KORIKWIANG,01 MAR 1988,KEN,7,,"Shanghai Stadium, Shanghai (CHN)",15 MAY 2011,1200.0,women_5000m,2011,https://worldathletics.org/athletes/athlete=14289192,toplist
13.0,14:43.29,,Emebet ANTENEH,13 JAN 1992,ETH,5,,"Bislett Stadion, Oslo (NOR)",09 JUN 2011,1196.0,women_5000m,2011,https://worldathletics.org/athletes/athlete=14366687,toplist
14.0,14:45.20,,Shalane FLANAGAN,08 JUL 1981,USA,4,,"Stade de France, Paris-St-Denis (FRA)",08 JUL 2011,1192.0,women_5000m,2011,https://worldathletics.org/athletes/athlete=14310164,toplist
15.0,14:46.30,,Dolores CHECA,27 DEC 1982,ESP,7,,"Bislett Stadion, Oslo (NOR)",09 JUN 2011,1190.0,women_5000m,2011,https://worldathletics.org/athletes/athlete=14261820,toplist
16.0,14:46.32,,Sule UTURA,08 FEB 1990,ETH,8,,"Shanghai Stadium, Shanghai (CHN)",15 MAY 2011,1190.0,women_5000m,2011,https://worldathletics.org/athletes/athlete=14259706,toplist
17.0,14:49.36,,Hiwot AYALEW,06 MAR 1990,ETH,8,,"Bislett Stadion, Oslo (NOR)",09 JUN 2011,1184.0,women_5000m,2011,https://worldathletics.org/athletes/athlete=14446122,toplist
18.0,14:58.34,,Azmera GEBRU,31 OCT 1995,ETH,9,,"Stade de France, Paris-St-Denis (FRA)",08 JUL 2011,1166.0,women_5000m,2011,https://worldathletics.org/athletes/athlete=14428518,toplist
19.0,14:59.71,,Wude AYALEW,04 JUL 1987,ETH,7,,"Hayward Field, Eugene, OR (USA)",03 JUN 2011,1164.0,women_5000m,2011,https://worldathletics.org/athletes/athlete=14259920,toplist
20.0,15:00.08,,Esther CHEMTAI,04 JUN 1988,KEN,8,,"Hayward Field, Eugene, OR (USA)",03 JUN 2011,1163.0,women_5000m,2011,https://worldathletics.org/athletes/athlete=14288856,toplist
21.0,15:00.57,,Lauren FLESHMAN,26 SEP 1981,USA,1,,"Crystal Palace, London (GBR)",06 AUG 2011,1162.0,women_5000m,2011,https://worldathletics.org/athletes/athlete=14310192,toplist
22.0,15:03.63,,Almenesh BELETE,26 JUL 1989,ETH,1f1,,Kessel-Lo (BEL),13 AUG 2011,1156.0,women_5000m,2011,https://worldathletics.org/athletes/athlete=14259898,toplist
23.0,15:05.24,,Yelena ZADOROZHNAYA,03 DEC 1977,RUS,1,,Cheboksary (RUS),23 JUL 2011,1153.0,women_5000m,2011,https://worldathletics.org/athletes/athlete=14299842,toplist
24.0,15:06.75,,Helen CLITHEROE,02 JAN 1974,GBR,2,,"Crystal Palace, London (GBR)",06 AUG 2011,1150.0,women_5000m,2011,https://worldathletics.org/athletes/athlete=14276033,toplist
25.0,15:07.49,,Grace MOMANYI,13 FEB 1981,KEN,3,,"Crystal Palace, London (GBR)",06 AUG 2011,1149.0,women_5000m,2011,https://worldathletics.org/athletes/athlete=14289288,toplist
26.0,15:08.64,,Desiree DAVILA,26 JUL 1983,USA,4,,"Crystal Palace, London (GBR)",06 AUG 2011,1146.0,women_5000m,2011,https://worldathletics.org/athletes/athlete=14308638,toplist
27.0,15:09.96,,Megumi KINUKAWA,07 AUG 1989,JPN,1,,Kumagaya (JPN),12 JUN 2011,1144.0,women_5000m,2011,https://worldathletics.org/athletes/athlete=14286796,toplist
28.0,15:10.01,,Molly HUDDLE,31 AUG 1984,USA,1,,"Hayward Field, Eugene, OR (USA)",24 JUN 2011,1144.0,women_5000m,2011,https://worldathletics.org/athletes/athlete=14313054,toplist
29.0,15:10.44,,Jennifer RHINES,01 JUL 1974,USA,5,,"Crystal Palace, London (GBR)",06 AUG 2011,1143.0,women_5000m,2011,https://worldathletics.org/athletes/athlete=14319792,toplist
30.0,15:10.45,,Genet YALEW,31 DEC 1992,ETH,2,,Heusden-Zolder (BEL),16 JUL 2011,1143.0,women_5000m,2011,https://worldathletics.org/athletes/athlete=14259696,toplist
31.0,15:10.53,,Selly Chepyego KAPTICH,03 OCT 1985,KEN,1f1,,Shibetsu (JPN),29 JUN 2011,1143.0,women_5000m,2011,https://worldathletics.org/athletes/athlete=14372447,toplist
32.0,15:11.47,,Kara GOUCHER,09 JUL 1978,USA,9,,"Hayward Field, Eugene, OR (USA)",03 JUN 2011,1141.0,women_5000m,2011,https://worldathletics.org/athletes/athlete=14311212,toplist
33.0,15:11.49,,Jenny SIMPSON,23 AUG 1986,USA,2,,"Walnut, CA (USA)",15 APR 2011,1141.0,women_5000m,2011,https://worldathletics.org/athletes/athlete=14305392,toplist
34.0,15:11.50,,Waganesh MEKASHA,16 JAN 1992,ETH,3,,Heusden-Zolder (BEL),16 JUL 2011,1141.0,women_5000m,2011,https://worldathletics.org/athletes/athlete=14413308,toplist
35.0,15:11.97,,Sara MOREIRA,17 OCT 1985,POR,10,,"Bislett Stadion, Oslo (NOR)",09 JUN 2011,1140.0,women_5000m,2011,https://worldathletics.org/athletes/athlete=14294989,toplist
36.0,15:12.24,,Almaz AYANA,21 NOV 1991,ETH,1,,Belém (BRA),15 MAY 2011,1139.0,women_5000m,2011,https://worldathletics.org/athletes/athlete=14259917,toplist
37.0,15:13.12,,Hitomi NIIYA,26 FEB 1988,JPN,2f1,,Shibetsu (JPN),29 JUN 2011,1138.0,women_5000m,2011,https://worldathletics.org/athletes/athlete=14287407,toplist
38.0,15:14.02,,Kimberley SMITH,19 NOV 1981,NZL,4,,Heusden-Zolder (BEL),16 JUL 2011,1136.0,women_5000m,2011,https://worldathletics.org/athletes/athlete=14293171,toplist
39.0,15:14.25,,Magdalena LEWY-BOULET,01 AUG 1973,USA,10,,"Olympiastadion, Stockholm (SWE)",29 JUL 2011,1136.0,women_5000m,2011,https://worldathletics.org/athletes/athlete=14315381,toplist
40.0,15:14.31,,Amy CRAGG,21 JAN 1984,USA,2,,"Hayward Field, Eugene, OR (USA)",24 JUN 2011,1135.0,women_5000m,2011,https://worldathletics.org/athletes/athlete=14312171,toplist
41.0,15:14.62,,Tejitu DABA,20 AUG 1991,BRN,9,,"DS, Daegu (KOR)",02 SEP 2011,1135.0,women_5000m,2011,https://worldathletics.org/athletes/athlete=14383159,toplist
42.0,15:15.15,,Lineth CHEPKURUI,23 FEB 1987,KEN,10,,"Hayward Field, Eugene, OR (USA)",03 JUN 2011,1134.0,women_5000m,2011,https://worldathletics.org/athletes/athlete=14326271,toplist
43.0,15:15.33,,Megan WRIGHT,27 JAN 1982,CAN,11,,"Hayward Field, Eugene, OR (USA)",03 JUN 2011,1133.0,women_5000m,2011,https://worldathletics.org/athletes/athlete=14267519,toplist
44.0,15:15.34,,Elizabeth MALOY,10 AUG 1985,USA,1,,Lignano Sabbiadoro (ITA),19 JUL 2011,1133.0,women_5000m,2011,https://worldathletics.org/athletes/athlete=14315930,toplist
45.0,15:15.5h,,Anna INCERTI,19 JAN 1980,ITA,1,,Palermo (ITA),01 JUN 2011,1133.0,women_5000m,2011,https://worldathletics.org/athletes/athlete=14284533,toplist
46.0,15:15.89,,Ann Karindi MWANGI,08 DEC 1988,KEN,1f1,,Nobeoka (JPN),28 MAY 2011,1132.0,women_5000m,2011,https://worldathletics.org/athletes/athlete=14289075,toplist
47.0,15:16.04,,Angela BIZZARRI,15 FEB 1988,USA,3,,"Hayward Field, Eugene, OR (USA)",24 JUN 2011,1132.0,women_5000m,2011,https://worldathletics.org/athletes/athlete=14305913,toplist
48.0,15:17.03,,Mercy Wanjiku NJOROGE,10 JUN 1986,KEN,11,,"Shanghai Stadium, Shanghai (CHN)",15 MAY 2011,1130.0,women_5000m,2011,https://worldathletics.org/athletes/athlete=14289369,toplist
49.0,15:17.18,,Zakia Mrisho MOHAMED,19 FEB 1984,TAN,9,,"Letzigrund, Zürich (SUI)",08 SEP 2011,1130.0,women_5000m,2011,https://worldathletics.org/athletes/athlete=14302619,toplist
50.0,15:19.60,,Jessica AUGUSTO,08 NOV 1981,POR,8,,"Crystal Palace, London (GBR)",06 AUG 2011,1125.0,women_5000m,2011,https://worldathletics.org/athletes/athlete=14294784,toplist
51.0,15:19.89,,Margaret Wangari MURIUKI,21 MAR 1986,KEN,12,,"Shanghai Stadium, Shanghai (CHN)",15 MAY 2011,1125.0,women_5000m,2011,https://worldathletics.org/athletes/athlete=14289494,toplist
52.0,15:19.94,,Yekaterina ISHOVA,17 JAN 1989,RUS,1,,Yerino (RUS),24 JUN 2011,1125.0,women_5000m,2011,https://worldathletics.org/athletes/athlete=14297822,toplist
53.0,15:20.29,,Natalya POPKOVA,21 SEP 1988,RUS,2,,Cheboksary (RUS),23 JUL 2011,1124.0,women_5000m,2011,https://worldathletics.org/athletes/athlete=14298974,toplist
54.0,15:20.93,,Purity Cherotich RIONORIPO,10 JUN 1993,KEN,10,,"Letzigrund, Zürich (SUI)",08 SEP 2011,1123.0,women_5000m,2011,https://worldathletics.org/athletes/athlete=14288961,toplist
55.0,15:21.18,,Julie CULLEY,10 SEP 1981,USA,5,,"Hayward Field, Eugene, OR (USA)",24 JUN 2011,1122.0,women_5000m,2011,https://worldathletics.org/athletes/athlete=14308390,toplist
56.0,15:21.51,,Etenesh DIRO,10 MAY 1991,ETH,1,,Bilbao (ESP),18 JUN 2011,1122.0,women_5000m,2011,https://worldathletics.org/athletes/athlete=14377849,toplist
57.0,15:21.75,,Christin WURTH-THOMAS,11 JUL 1980,USA,4,,"Walnut, CA (USA)",15 APR 2011,1121.0,women_5000m,2011,https://worldathletics.org/athletes/athlete=14324759,toplist
58.0,15:22.14,,Yelena KOROBKINA,25 NOV 1990,RUS,2,,Yerino (RUS),24 JUN 2011,1120.0,women_5000m,2011,https://worldathletics.org/athletes/athlete=14298217,toplist
59.0,15:22.16,,Dulce FÉLIX,23 OCT 1982,POR,6,,Heusden-Zolder (BEL),16 JUL 2011,1120.0,women_5000m,2011,https://worldathletics.org/athletes/athlete=14294876,toplist
60.0,15:22.87,,Ryoko KIZAKI,21 JUN 1985,JPN,1,,Yokohama (JPN),25 SEP 2011,1119.0,women_5000m,2011,https://worldathletics.org/athletes/athlete=14286842,toplist
61.0,15:23.80,,Kasumi NISHIHARA,01 MAR 1989,JPN,1,,Yamaguchi (JPN),07 OCT 2011,1117.0,women_5000m,2011,https://worldathletics.org/athletes/athlete=14287422,toplist
62.0,15:24.30,,Sabrina MOCKENHAUPT,06 DEC 1980,GER,10,,"FBK Stadium, Hengelo (NED)",29 MAY 2011,1116.0,women_5000m,2011,https://worldathletics.org/athletes/athlete=14278922,toplist
63.0,15:24.66,,Caroline Chepkoech KIPKIRUI,26 MAY 1994,KEN,1,,Gaborone (BOT),14 MAY 2011,1116.0,women_5000m,2011,https://worldathletics.org/athletes/athlete=14423904,toplist
64.0,15:24.75,,Janet KISA,05 DEC 1992,KEN,2,,Gaborone (BOT),14 MAY 2011,1116.0,women_5000m,2011,https://worldathletics.org/athletes/athlete=14423914,toplist
65.0,15:25.58,,Jessica TEBO,08 APR 1988,USA,1f1,,"Palo Alto, CA (USA)",25 MAR 2011,1114.0,women_5000m,2011,https://worldathletics.org/athletes/athlete=14319056,toplist
66.0,15:26.31,,Alfiya MURYASOVA,03 OCT 1988,RUS,3,,Cheboksary (RUS),23 JUL 2011,1113.0,women_5000m,2011,https://worldathletics.org/athletes/athlete=14298079,toplist
67.0,15:27.03,,Barbara PARKER,08 NOV 1982,GBR,2,,Bilbao (ESP),18 JUN 2011,1111.0,women_5000m,2011,https://worldathletics.org/athletes/athlete=14276002,toplist
68.0,15:27.14,,Ferhiwot GOSHU,28 JUN 1990,ETH,1,,Mataró (ESP),05 JUN 2011,1111.0,women_5000m,2011,https://worldathletics.org/athletes/athlete=14259825,toplist
69.0,15:27.33,,Svetlana SIMAKOVA,12 JUN 1987,RUS,4,,Cheboksary (RUS),23 JUL 2011,1111.0,women_5000m,2011,https://worldathletics.org/athletes/athlete=14298106,toplist
70.0,15:27.46,,Fei XUE,08 AUG 1989,CHN,1,,Hefei (CHN),11 SEP 2011,1110.0,women_5000m,2011,https://worldathletics.org/athletes/athlete=14264755,toplist
71.0,15:27.71,,Sara HALL,15 APR 1983,USA,6,,"Walnut, CA (USA)",15 APR 2011,1110.0,women_5000m,2011,https://worldathletics.org/athletes/athlete=14305595,toplist
72.0,15:27.72,,Neely SPENCE GRACEY,16 APR 1990,USA,7,,"Hayward Field, Eugene, OR (USA)",24 JUN 2011,1110.0,women_5000m,2011,https://worldathletics.org/athletes/athlete=14321795,toplist
73.0,15:27.74,,Cruz Nonata DA SILVA,18 AUG 1974,BRA,1,,Fortaleza (BRA),11 MAY 2011,1110.0,women_5000m,2011,https://worldathletics.org/athletes/athlete=14269324,toplist
74.0,15:27.84,,Nicole SIFUENTES,30 JUN 1986,CAN,1f1,,"Palo Alto, CA (USA)",01 MAY 2011,1110.0,women_5000m,2011,https://worldathletics.org/athletes/athlete=14268054,toplist
75.0,15:27.94,,Marisol ROMERO ROSALES,26 JAN 1983,MEX,7,,"Walnut, CA (USA)",15 APR 2011,1109.0,women_5000m,2011,https://worldathletics.org/athletes/athlete=14291236,toplist
76.0,15:28.06,,Yelena NAGOVITSYNA,07 DEC 1982,RUS,2,,Sochi (RUS),25 MAY 2011,1109.0,women_5000m,2011,https://worldathletics.org/athletes/athlete=14299204,toplist
77.0,15:28.25,,Xiaofan HAO,09 DEC 1989,CHN,2,,Hefei (CHN),11 SEP 2011,1109.0,women_5000m,2011,https://worldathletics.org/athletes/athlete=14266361,toplist
78.0,15:28.30,,Alissa MCKAIG,21 FEB 1986,USA,8,,"Walnut, CA (USA)",15 APR 2011,1109.0,women_5000m,2011,https://worldathletics.org/athletes/athlete=14316612,toplist
79.0,15:28.70,,Nadia EJJAFINI,1977,ITA,7,,Heusden-Zolder (BEL),16 JUL 2011,1108.0,women_5000m,2011,https://worldathletics.org/athletes/athlete=14268776,toplist
80.0,15:28.71,,Sandra LÓPEZ,16 APR 1984,MEX,2f1,,"Palo Alto, CA (USA)",01 MAY 2011,1108.0,women_5000m,2011,https://worldathletics.org/athletes/athlete=14291130,toplist
81.0,15:28.75,,Xueqin WANG,01 JAN 1991,CHN,3,,Hefei (CHN),11 SEP 2011,1108.0,women_5000m,2011,https://worldathletics.org/athletes/athlete=14265022,toplist
82.0,15:29.12,,Megan HOGAN,10 FEB 1988,USA,9,,"Walnut, CA (USA)",15 APR 2011,1107.0,women_5000m,2011,https://worldathletics.org/athletes/athlete=14362556,toplist
83.0,15:29.42,,Lidia CHOJECKA,25 JAN 1977,POL,12,,"Letzigrund, Zürich (SUI)",08 SEP 2011,1107.0,women_5000m,2011,https://worldathletics.org/athletes/athlete=14293498,toplist
84.0,15:29.47,,Layes ABDULLAYEVA,29 MAY 1991,AZE,1,,"Mestský Stadion, Ostrava (CZE)",17 JUL 2011,1107.0,women_5000m,2011,https://worldathletics.org/athletes/athlete=14374053,toplist
85.0,15:29.69,,Hiroko SHOI,18 JUN 1980,JPN,2,,Yamaguchi (JPN),07 OCT 2011,1106.0,women_5000m,2011,https://worldathletics.org/athletes/athlete=14287884,toplist
86.0,15:29.96,,Frances KOONS,02 APR 1986,USA,5f1,,"Palo Alto, CA (USA)",01 MAY 2011,1106.0,women_5000m,2011,https://worldathletics.org/athletes/athlete=14314669,toplist
87.0,15:30.30,,Belainesh Zemedkun GEBRE,23 DEC 1987,ETH,1,,Mexicali (MEX),25 MAR 2011,1105.0,women_5000m,2011,https://worldathletics.org/athletes/athlete=14259851,toplist
88.0,15:30.94,,Hikari YOSHIMOTO,14 JAN 1990,JPN,3,,Yamaguchi (JPN),07 OCT 2011,1104.0,women_5000m,2011,https://worldathletics.org/athletes/athlete=14288549,toplist
89.0,15:31.21,,Alia SAEED MOHAMMED,18 MAY 1991,UAE,2,,Mataró (ESP),05 JUN 2011,1103.0,women_5000m,2011,https://worldathletics.org/athletes/athlete=14418938,toplist
90.0,15:31.26,,Fionnula BRITTON,24 SEP 1984,IRL,11,,"FBK Stadium, Hengelo (NED)",29 MAY 2011,1103.0,women_5000m,2011,https://worldathletics.org/athletes/athlete=14283143,toplist
91.0,15:31.47,,Fadime ÇELIK,25 OCT 1986,TUR,1,,Izmir (TUR),21 MAY 2011,1103.0,women_5000m,2011,https://worldathletics.org/athletes/athlete=14303333,toplist
92.0,15:31.70,,Daniela YORDANOVA,08 MAR 1976,BUL,4,,Rovereto (ITA),13 SEP 2011,1102.0,women_5000m,2011,https://worldathletics.org/athletes/athlete=14268523,toplist
93.0,15:32.96,,Silvia WEISSTEINER,13 JUL 1979,ITA,5,,Rovereto (ITA),13 SEP 2011,1100.0,women_5000m,2011,https://worldathletics.org/athletes/athlete=14285471,toplist
94.0,15:33.54,,Risa TAKENAKA,06 JAN 1990,JPN,5,,Yamaguchi (JPN),07 OCT 2011,1099.0,women_5000m,2011,https://worldathletics.org/athletes/athlete=14288074,toplist
95.0,15:33.77,,Kaila MCKNIGHT,05 MAY 1986,AUS,6,,Rovereto (ITA),13 SEP 2011,1098.0,women_5000m,2011,https://worldathletics.org/athletes/athlete=14271670,toplist
96.0,15:34.24,,Marta TIGABEA MEKONEN,04 OCT 1990,ETH,3,,Bilbao (ESP),18 JUN 2011,1098.0,women_5000m,2011,https://worldathletics.org/athletes/athlete=14372319,toplist
97.0,15:35.54,,Chinami MORI,05 MAY 1990,JPN,6,,Yamaguchi (JPN),07 OCT 2011,1095.0,women_5000m,2011,https://worldathletics.org/athletes/athlete=14335193,toplist
98.0,15:36.61,,Betlhem DESALEGN,13 NOV 1991,UAE,4,,Bilbao (ESP),18 JUN 2011,1093.0,women_5000m,2011,https://worldathletics.org/athletes/athlete=14418940,toplist
99.0,15:36.86,,Mary MUNANU,12 DEC 1994,KEN,1f24,,Yokohama (JPN),19 NOV 2011,1093.0,women_5000m,2011,https://worldathletics.org/athletes/athlete=14650753,toplist
100.0,15:37.29,,Jordan HASAY,21 SEP 1991,USA,11,,"Walnut, CA (USA)",15 APR 2011,1092.0,women_5000m,2011,https://worldathletics.org/athletes/athlete=14312156,toplist
1.0,14:35.62,,Vivian Jepkemei CHERUIYOT,11 SEP 1983,KEN,1,,"Stadio Olimpico, Roma (ITA)",31 MAY 2012,1211.0,women_5000m,2012,https://worldathletics.org/athletes/athlete=14288971,toplist
2.0,14:35.65,,Meseret DEFAR,19 NOV 1983,ETH,2,,"Stadio Olimpico, Roma (ITA)",31 MAY 2012,1211.0,women_5000m,2012,https://worldathletics.org/athletes/athlete=14259882,toplist
3.0,14:39.53,,Viola Jelagat KIBIWOT,22 DEC 1983,KEN,3,,"Stadio Olimpico, Roma (ITA)",31 MAY 2012,1203.0,women_5000m,2012,https://worldathletics.org/athletes/athlete=14289100,toplist
4.0,14:41.43,,Gelete BURKA,23 JAN 1986,ETH,4,,"Stadio Olimpico, Roma (ITA)",31 MAY 2012,1199.0,women_5000m,2012,https://worldathletics.org/athletes/athlete=14259909,toplist
5.0,14:43.11,,Sally KIPYEGO,19 DEC 1985,KEN,1f1,,"Palo Alto, CA (USA)",29 APR 2012,1196.0,women_5000m,2012,https://worldathletics.org/athletes/athlete=14289173,toplist
6.0,14:44.82,,Veronicah Nyaruai WANJIRU,29 OCT 1989,KEN,5,,"Stadio Olimpico, Roma (ITA)",31 MAY 2012,1193.0,women_5000m,2012,https://worldathletics.org/athletes/athlete=14289384,toplist
7.0,14:45.91,,Mariem ALAOUI SELSOULI,08 APR 1984,MAR,1,,Rabat (MAR),27 MAY 2012,1191.0,women_5000m,2012,https://worldathletics.org/athletes/athlete=14290568,toplist
8.0,14:46.73,,Sylvia Jebiwot KIBET,28 MAR 1984,KEN,6,,"Stadio Olimpico, Roma (ITA)",31 MAY 2012,1189.0,women_5000m,2012,https://worldathletics.org/athletes/athlete=14289098,toplist
9.0,14:47.18,,Mercy CHERONO,07 MAY 1991,KEN,2,,"Boudewijnstadion, Bruxelles (BEL)",07 SEP 2012,1188.0,women_5000m,2012,https://worldathletics.org/athletes/athlete=14288952,toplist
10.0,14:48.43,,Genet YALEW,31 DEC 1992,ETH,7,,"Stadio Olimpico, Roma (ITA)",31 MAY 2012,1186.0,women_5000m,2012,https://worldathletics.org/athletes/athlete=14259696,toplist
11.0,14:50.80,,Tirunesh DIBABA,01 JUN 1985,ETH,1,,"Icahn Stadium, New York, NY (USA)",09 JUN 2012,1181.0,women_5000m,2012,https://worldathletics.org/athletes/athlete=14259871,toplist
12.0,14:53.06,,Buze DIRIBA,09 FEB 1994,ETH,6,,"Boudewijnstadion, Bruxelles (BEL)",07 SEP 2012,1177.0,women_5000m,2012,https://worldathletics.org/athletes/athlete=14464196,toplist
13.0,14:53.93,,Linet Chepkwemoi MASAI,05 DEC 1989,KEN,3,,"Crystal Palace, London (GBR)",13 JUL 2012,1175.0,women_5000m,2012,https://worldathletics.org/athletes/athlete=14289264,toplist
14.0,14:57.68,,Janet KISA,05 DEC 1992,KEN,2,,Rabat (MAR),27 MAY 2012,1168.0,women_5000m,2012,https://worldathletics.org/athletes/athlete=14423914,toplist
15.0,14:57.97,,Almaz AYANA,21 NOV 1991,ETH,8,,"Boudewijnstadion, Bruxelles (BEL)",07 SEP 2012,1167.0,women_5000m,2012,https://worldathletics.org/athletes/athlete=14259917,toplist
16.0,14:58.23,,Azmera GEBRU,31 OCT 1995,ETH,8,,"Stadio Olimpico, Roma (ITA)",31 MAY 2012,1166.0,women_5000m,2012,https://worldathletics.org/athletes/athlete=14428518,toplist
17.0,14:59.53,,Priscah Jepleting CHERONO,27 JUN 1980,KEN,3,,Rabat (MAR),27 MAY 2012,1164.0,women_5000m,2012,https://worldathletics.org/athletes/athlete=14289351,toplist
18.0,15:01.20,,Afera GODFAY,25 SEP 1991,ETH,4,,Rabat (MAR),27 MAY 2012,1161.0,women_5000m,2012,https://worldathletics.org/athletes/athlete=14413306,toplist
19.0,15:01.32,,Molly HUDDLE,31 AUG 1984,USA,10,,"Boudewijnstadion, Bruxelles (BEL)",07 SEP 2012,1160.0,women_5000m,2012,https://worldathletics.org/athletes/athlete=14313054,toplist
20.0,15:02.00,,Julia BLEASDALE,09 SEP 1981,GBR,4h2,,"Olympic Stadium, London (GBR)",07 AUG 2012,1159.0,women_5000m,2012,https://worldathletics.org/athletes/athlete=14274511,toplist
21.0,15:02.51,,Emebet ANTENEH,13 JAN 1992,ETH,5,,"Crystal Palace, London (GBR)",13 JUL 2012,1158.0,women_5000m,2012,https://worldathletics.org/athletes/athlete=14366687,toplist
22.0,15:02.80,,Yelena NAGOVITSYNA,07 DEC 1982,RUS,6h2,,"Olympic Stadium, London (GBR)",07 AUG 2012,1158.0,women_5000m,2012,https://worldathletics.org/athletes/athlete=14299204,toplist
23.0,15:02.84,,Joanne PAVEY,20 SEP 1973,GBR,7h2,,"Olympic Stadium, London (GBR)",07 AUG 2012,1158.0,women_5000m,2012,https://worldathletics.org/athletes/athlete=14276037,toplist
24.0,15:04.65,,Werknesh KIDANE,21 NOV 1981,ETH,4,,"Icahn Stadium, New York, NY (USA)",09 JUN 2012,1154.0,women_5000m,2012,https://worldathletics.org/athletes/athlete=14259798,toplist
25.0,15:05.26,,Olga KUNGINA,17 DEC 1986,RUS,4h1,,"Olympic Stadium, London (GBR)",07 AUG 2012,1153.0,women_5000m,2012,https://worldathletics.org/athletes/athlete=14297803,toplist
26.0,15:05.38,,Julie CULLEY,10 SEP 1981,USA,5h1,,"Olympic Stadium, London (GBR)",07 AUG 2012,1153.0,women_5000m,2012,https://worldathletics.org/athletes/athlete=14308390,toplist
27.0,15:05.48,,Shitaye ESHETE,21 MAY 1990,BRN,8h2,,"Olympic Stadium, London (GBR)",07 AUG 2012,1152.0,women_5000m,2012,https://worldathletics.org/athletes/athlete=14383158,toplist
28.0,15:05.59,,Tejitu DABA,20 AUG 1991,BRN,6h1,,"Olympic Stadium, London (GBR)",07 AUG 2012,1152.0,women_5000m,2012,https://worldathletics.org/athletes/athlete=14383159,toplist
29.0,15:06.38,,Elena ROMAGNOLO,05 OCT 1982,ITA,9h2,,"Olympic Stadium, London (GBR)",07 AUG 2012,1151.0,women_5000m,2012,https://worldathletics.org/athletes/athlete=14285145,toplist
30.0,15:06.81,,Silvia WEISSTEINER,13 JUL 1979,ITA,7h1,,"Olympic Stadium, London (GBR)",07 AUG 2012,1150.0,women_5000m,2012,https://worldathletics.org/athletes/athlete=14285471,toplist
31.0,15:07.35,,Waganesh MEKASHA,16 JAN 1992,ETH,9,,"Stadio Olimpico, Roma (ITA)",31 MAY 2012,1149.0,women_5000m,2012,https://worldathletics.org/athletes/athlete=14413308,toplist
32.0,15:08.33,,Sara MOREIRA,17 OCT 1985,POR,1,,Watford (GBR),09 JUN 2012,1147.0,women_5000m,2012,https://worldathletics.org/athletes/athlete=14294989,toplist
33.0,15:08.36,,Svetlana SIMAKOVA,12 JUN 1987,RUS,1,,Sochi (RUS),27 MAY 2012,1147.0,women_5000m,2012,https://worldathletics.org/athletes/athlete=14298106,toplist
34.0,15:08.52,,Julia LUCAS,04 MAR 1984,USA,2f1,,"Palo Alto, CA (USA)",29 APR 2012,1147.0,women_5000m,2012,https://worldathletics.org/athletes/athlete=14315663,toplist
35.0,15:09.31,,Kayoko FUKUSHI,25 MAR 1982,JPN,8h1,,"Olympic Stadium, London (GBR)",07 AUG 2012,1145.0,women_5000m,2012,https://worldathletics.org/athletes/athlete=14286215,toplist
36.0,15:10.20,,Hitomi NIIYA,26 FEB 1988,JPN,10h2,,"Olympic Stadium, London (GBR)",07 AUG 2012,1143.0,women_5000m,2012,https://worldathletics.org/athletes/athlete=14287407,toplist
37.0,15:10.24,,Almenesh BELETE,26 JUL 1989,BEL,11h2,,"Olympic Stadium, London (GBR)",07 AUG 2012,1143.0,women_5000m,2012,https://worldathletics.org/athletes/athlete=14259898,toplist
38.0,15:10.28,,Lyudmila KOVALENKO,26 JUN 1989,UKR,1,,Yalta (UKR),28 MAY 2012,1143.0,women_5000m,2012,https://worldathletics.org/athletes/athlete=14303750,toplist
39.0,15:12.81,,Barbara PARKER,08 NOV 1982,GBR,9h1,,"Olympic Stadium, London (GBR)",07 AUG 2012,1138.0,women_5000m,2012,https://worldathletics.org/athletes/athlete=14276002,toplist
40.0,15:12.97,,Fionnula BRITTON,24 SEP 1984,IRL,10h1,,"Olympic Stadium, London (GBR)",07 AUG 2012,1138.0,women_5000m,2012,https://worldathletics.org/athletes/athlete=14283143,toplist
41.0,15:13.40,,Roxana BÂRCĂ,22 JUN 1988,ROU,4,,"Olympiastadion, Helsinki (FIN)",28 JUN 2012,1137.0,women_5000m,2012,https://worldathletics.org/athletes/athlete=14295434,toplist
42.0,15:14.31,,Jackie ARESON,31 MAR 1988,USA,1,,"Los Angeles, CA (USA)",18 MAY 2012,1135.0,women_5000m,2012,https://worldathletics.org/athletes/athlete=14304978,toplist
43.0,15:14.48,,Kim CONLEY,14 MAR 1986,USA,12h2,,"Olympic Stadium, London (GBR)",07 AUG 2012,1135.0,women_5000m,2012,https://worldathletics.org/athletes/athlete=14307978,toplist
44.0,15:15.22,,Lisa UHL,31 AUG 1987,USA,2,,"Los Angeles, CA (USA)",18 MAY 2012,1134.0,women_5000m,2012,https://worldathletics.org/athletes/athlete=14314657,toplist
45.0,15:15.24,,Stephanie TWELL,17 AUG 1989,GBR,5f1,,"Palo Alto, CA (USA)",29 APR 2012,1134.0,women_5000m,2012,https://worldathletics.org/athletes/athlete=14276601,toplist
46.0,15:16.50,,Nadia NOUJANI,03 SEP 1981,MAR,7,,Rabat (MAR),27 MAY 2012,1131.0,women_5000m,2012,https://worldathletics.org/athletes/athlete=14290744,toplist
47.0,15:16.54,,Nadia EJJAFINI,1977,ITA,5,,"Olympiastadion, Helsinki (FIN)",28 JUN 2012,1131.0,women_5000m,2012,https://worldathletics.org/athletes/athlete=14268776,toplist
48.0,15:16.77,,Mika YOSHIKAWA,16 SEP 1984,JPN,13h2,,"Olympic Stadium, London (GBR)",07 AUG 2012,1131.0,women_5000m,2012,https://worldathletics.org/athletes/athlete=14288541,toplist
49.0,15:17.05,,Ababel YESHANEH,22 JUL 1991,ETH,2,,Lillestrøm (NOR),03 JUL 2012,1130.0,women_5000m,2012,https://worldathletics.org/athletes/athlete=14465270,toplist
50.0,15:17.75,,Magdalyne MASAI,21 NOV 1993,KEN,4,,Reims (FRA),04 JUL 2012,1129.0,women_5000m,2012,https://worldathletics.org/athletes/athlete=14472843,toplist
51.0,15:18.01,,Selly Chepyego KAPTICH,03 OCT 1985,KEN,1f1,,Nobeoka (JPN),12 MAY 2012,1128.0,women_5000m,2012,https://worldathletics.org/athletes/athlete=14372447,toplist
52.0,15:18.73,,Yelena ZADOROZHNAYA,03 DEC 1977,RUS,3,,Sochi (RUS),27 MAY 2012,1127.0,women_5000m,2012,https://worldathletics.org/athletes/athlete=14299842,toplist
53.0,15:19.43,,Jessica TEBO,08 APR 1988,USA,6f1,,"Palo Alto, CA (USA)",29 APR 2012,1126.0,women_5000m,2012,https://worldathletics.org/athletes/athlete=14319056,toplist
54.0,15:19.77,,Etenesh DIRO,10 MAY 1991,ETH,1,,Carquefou (FRA),01 JUN 2012,1125.0,women_5000m,2012,https://worldathletics.org/athletes/athlete=14377849,toplist
55.0,15:19.98,,Abbey COOPER,25 MAY 1992,USA,5,,"Hayward Field, Eugene, OR (USA)",28 JUN 2012,1125.0,women_5000m,2012,https://worldathletics.org/athletes/athlete=14451797,toplist
56.0,15:20.00,,Dudu KARAKAYA,11 NOV 1985,TUR,2,,Istanbul (TUR),09 JUN 2012,1125.0,women_5000m,2012,https://worldathletics.org/athletes/athlete=14303281,toplist
57.0,15:20.17,,Olesya SHUKLINA,27 JUN 1984,RUS,4,,Sochi (RUS),27 MAY 2012,1124.0,women_5000m,2012,https://worldathletics.org/athletes/athlete=14450387,toplist
58.0,15:20.28,,Eloise WELLINGS,09 NOV 1982,AUS,7f1,,"Palo Alto, CA (USA)",29 APR 2012,1124.0,women_5000m,2012,https://worldathletics.org/athletes/athlete=14271451,toplist
59.0,15:20.39,,Judit PLA,02 MAY 1978,ESP,11h1,,"Olympic Stadium, London (GBR)",07 AUG 2012,1124.0,women_5000m,2012,https://worldathletics.org/athletes/athlete=14260733,toplist
60.0,15:20.41,,Yuliya VASILYEVA,23 MAR 1987,RUS,1,,Cheboksary (RUS),04 JUL 2012,1124.0,women_5000m,2012,https://worldathletics.org/athletes/athlete=14299683,toplist
61.0,15:21.75,,Megan WRIGHT,02 OCT 1990,USA,8f1,,"Palo Alto, CA (USA)",29 APR 2012,1121.0,women_5000m,2012,https://worldathletics.org/athletes/united-states/megan-wright-14401403,toplist
62.0,15:21.77,,Beatrice WAINAINA,23 NOV 1993,KEN,2f2,,Kumamoto (JPN),07 APR 2012,1121.0,women_5000m,2012,https://worldathletics.org/athletes/athlete=14419638,toplist
63.0,15:22.39,,Brianna FELNAGLE,09 DEC 1986,USA,3f1,,"Palo Alto, CA (USA)",06 APR 2012,1120.0,women_5000m,2012,https://worldathletics.org/athletes/athlete=14309986,toplist
64.0,15:22.82,,Mary MUNANU,12 DEC 1994,KEN,1f32,,Yokohama (JPN),23 SEP 2012,1119.0,women_5000m,2012,https://worldathletics.org/athletes/athlete=14650753,toplist
65.0,15:23.51,,Deena KASTOR,14 FEB 1973,USA,3,,"Los Angeles, CA (USA)",18 MAY 2012,1118.0,women_5000m,2012,https://worldathletics.org/athletes/athlete=14309297,toplist
66.0,15:23.54,,Lucy OLIVER,18 NOV 1988,NZL,4,,"Walnut, CA (USA)",20 APR 2012,1118.0,women_5000m,2012,https://worldathletics.org/athletes/athlete=14293189,toplist
67.0,15:23.64,,Sheila REID,02 AUG 1989,CAN,5,,"Walnut, CA (USA)",20 APR 2012,1118.0,women_5000m,2012,https://worldathletics.org/athletes/athlete=14267319,toplist
68.0,15:24.00,,Natalya PUCHKOVA,28 JAN 1987,RUS,3,,Cheboksary (RUS),04 JUL 2012,1117.0,women_5000m,2012,https://worldathletics.org/athletes/athlete=14941290,toplist
69.0,15:24.74,,Natalya POPKOVA,21 SEP 1988,RUS,4,,Cheboksary (RUS),04 JUL 2012,1116.0,women_5000m,2012,https://worldathletics.org/athletes/athlete=14298974,toplist
70.0,15:24.82,,Alisha WILLIAMS,05 FEB 1982,USA,4f1,,"Palo Alto, CA (USA)",06 APR 2012,1115.0,women_5000m,2012,https://worldathletics.org/athletes/athlete=14324214,toplist
71.0,15:24.85,,Elizabeth MALOY,10 AUG 1985,USA,7,,"Hayward Field, Eugene, OR (USA)",28 JUN 2012,1115.0,women_5000m,2012,https://worldathletics.org/athletes/athlete=14315930,toplist
72.0,15:24.86,,Karoline Bjerkeli GRØVDAL,14 JUN 1990,NOR,12h1,,"Olympic Stadium, London (GBR)",07 AUG 2012,1115.0,women_5000m,2012,https://worldathletics.org/athletes/athlete=14292573,toplist
73.0,15:24.96,,Alina PROKOPEVA,16 AUG 1985,RUS,5,,Cheboksary (RUS),04 JUL 2012,1115.0,women_5000m,2012,https://worldathletics.org/athletes/athlete=14297219,toplist
74.0,15:25.73,,Yelena KOROBKINA,25 NOV 1990,RUS,3,,Moskva (RUS),13 JUN 2012,1114.0,women_5000m,2012,https://worldathletics.org/athletes/athlete=14298217,toplist
75.0,15:26.07,,Aliphine Chepkerker TULIAMUK,05 APR 1989,KEN,7,,"Walnut, CA (USA)",20 APR 2012,1113.0,women_5000m,2012,https://worldathletics.org/athletes/athlete=14289472,toplist
76.0,15:27.65,,Maren ORTH,22 JUN 1990,GER,1,,Koblenz (GER),23 MAY 2012,1110.0,women_5000m,2012,https://worldathletics.org/athletes/athlete=14278412,toplist
77.0,15:27.97,,Barbara MAVEAU,16 FEB 1987,BEL,1f1,,Herentals (BEL),01 MAY 2012,1109.0,women_5000m,2012,https://worldathletics.org/athletes/athlete=14270292,toplist
78.0,15:28.27,,Tadelech BEKELE,11 APR 1991,ETH,2,,Dubai (UAE),27 APR 2012,1109.0,women_5000m,2012,https://worldathletics.org/athletes/athlete=14473680,toplist
79.0,15:28.56,,Renee BAILLIE,25 DEC 1981,USA,1,,"Portland, OR (USA)",09 JUN 2012,1108.0,women_5000m,2012,https://worldathletics.org/athletes/athlete=14316908,toplist
80.0,15:28.60,,Emily INFELD,21 MAR 1990,USA,8,,"Hayward Field, Eugene, OR (USA)",28 JUN 2012,1108.0,women_5000m,2012,https://worldathletics.org/athletes/athlete=14313263,toplist
81.0,15:29.24,,Deborah MAIER,17 AUG 1990,USA,2,,"Seattle, WA (USA) (i)",10 FEB 2012,0.0,women_5000m,2012,https://worldathletics.org/athletes/athlete=14364937,toplist
82.0,15:29.97,,Gulnara GALKINA,09 JUL 1978,RUS,6,,Cheboksary (RUS),04 JUL 2012,1106.0,women_5000m,2012,https://worldathletics.org/athletes/athlete=14299161,toplist
83.0,15:30.00,,Emily PLUCK,07 JUL 1990,AUS,10f1,,"Palo Alto, CA (USA)",29 APR 2012,1106.0,women_5000m,2012,https://worldathletics.org/athletes/athlete=14271463,toplist
84.0,15:30.95,,Yuriko KOBAYASHI,12 DEC 1988,JPN,1,,Shizuoka (JPN),03 MAY 2012,1104.0,women_5000m,2012,https://worldathletics.org/athletes/athlete=14286857,toplist
85.0,15:31.29,,Georgie CLARKE,17 JUN 1984,AUS,11f1,,"Palo Alto, CA (USA)",29 APR 2012,1103.0,women_5000m,2012,https://worldathletics.org/athletes/athlete=14272318,toplist
86.0,15:31.59,,Katie MACKEY,12 NOV 1987,USA,9,,"Walnut, CA (USA)",20 APR 2012,1103.0,women_5000m,2012,https://worldathletics.org/athletes/athlete=14310264,toplist
87.0,15:31.65,,Kumiko OTANI,23 MAR 1995,JPN,1f3,,Yokohama (JPN),01 DEC 2012,1102.0,women_5000m,2012,https://worldathletics.org/athletes/athlete=14512794,toplist
88.0,15:31.66,,Kellyn JOHNSON,22 JUL 1986,USA,2,,"Portland, OR (USA)",09 JUN 2012,1102.0,women_5000m,2012,https://worldathletics.org/athletes/athlete=14313751,toplist
89.0,15:31.72,,Ai IGARASHI,25 OCT 1988,JPN,2,,Shizuoka (JPN),03 MAY 2012,1102.0,women_5000m,2012,https://worldathletics.org/athletes/athlete=14286454,toplist
90.0,15:31.74,,Susan Wairimu MUKUNYA,11 OCT 1992,KEN,3,,Shizuoka (JPN),03 MAY 2012,1102.0,women_5000m,2012,https://worldathletics.org/athletes/athlete=14432975,toplist
91.0,15:31.98,,Lyudmila STEPANOVA,15 AUG 1983,RUS,7,,Cheboksary (RUS),04 JUL 2012,1102.0,women_5000m,2012,https://worldathletics.org/athletes/athlete=14299460,toplist
92.0,15:32.22,,Sairi MAEDA,07 NOV 1991,JPN,2f3,,Yokohama (JPN),01 DEC 2012,1101.0,women_5000m,2012,https://worldathletics.org/athletes/athlete=14335201,toplist
93.0,15:32.23,,Grace Mbuthye KIMANZI,01 MAR 1992,KEN,4,,Shizuoka (JPN),03 MAY 2012,1101.0,women_5000m,2012,https://worldathletics.org/athletes/athlete=14330100,toplist
94.0,15:32.48,,Natalya LEONTYEVA,05 JUL 1987,RUS,8,,Cheboksary (RUS),04 JUL 2012,1101.0,women_5000m,2012,https://worldathletics.org/athletes/athlete=14298440,toplist
95.0,15:32.88,,Misaki ONISHI,24 FEB 1985,JPN,2,,Fukuoka (JPN),22 SEP 2012,1100.0,women_5000m,2012,https://worldathletics.org/athletes/athlete=14287598,toplist
96.0,15:32.89,,Bouchra BENTHAMI-GHEZIELLE,19 MAY 1979,FRA,10,,Rabat (MAR),27 MAY 2012,1100.0,women_5000m,2012,https://worldathletics.org/athletes/athlete=14258534,toplist
97.0,15:32.95,,Ruti AGA,16 JAN 1994,ETH,2,,"Estadio Olímpico, Barcelona (ESP)",11 JUL 2012,1100.0,women_5000m,2012,https://worldathletics.org/athletes/athlete=14534530,toplist
98.0,15:33.38,,Katrina WOOTTON,02 SEP 1985,GBR,3,,Watford (GBR),09 JUN 2012,1099.0,women_5000m,2012,https://worldathletics.org/athletes/athlete=14276808,toplist
99.0,15:33.42,,Megan BROWN,30 APR 1985,CAN,1f2,,"Palo Alto, CA (USA)",29 APR 2012,1099.0,women_5000m,2012,https://worldathletics.org/athletes/athlete=14268281,toplist
100.0,15:33.49,,Christine BARDELLE,16 AUG 1974,FRA,10,,"Olympiastadion, Helsinki (FIN)",28 JUN 2012,1099.0,women_5000m,2012,https://worldathletics.org/athletes/athlete=14258642,toplist
1.0,14:23.68,,Tirunesh DIBABA,01 JUN 1985,ETH,1,,"Stade de France, Paris-St-Denis (FRA)",06 JUL 2013,1235.0,women_5000m,2013,https://worldathletics.org/athletes/athlete=14259871,toplist
2.0,14:25.84,,Almaz AYANA,21 NOV 1991,ETH,2,,"Stade de France, Paris-St-Denis (FRA)",06 JUL 2013,1230.0,women_5000m,2013,https://worldathletics.org/athletes/athlete=14259917,toplist
3.0,14:26.90,,Meseret DEFAR,19 NOV 1983,ETH,1,,"Bislett Stadion, Oslo (NOR)",13 JUN 2013,1228.0,women_5000m,2013,https://worldathletics.org/athletes/athlete=14259882,toplist
4.0,14:33.48,,Viola Jelagat KIBIWOT,22 DEC 1983,KEN,2,,"Bislett Stadion, Oslo (NOR)",13 JUN 2013,1215.0,women_5000m,2013,https://worldathletics.org/athletes/athlete=14289100,toplist
5.0,14:37.68,,Genzebe DIBABA,08 FEB 1991,ETH,3,,"Bislett Stadion, Oslo (NOR)",13 JUN 2013,1207.0,women_5000m,2013,https://worldathletics.org/athletes/athlete=14259874,toplist
6.0,14:40.33,,Mercy CHERONO,07 MAY 1991,KEN,3,,"Letzigrund, Zürich (SUI)",29 AUG 2013,1201.0,women_5000m,2013,https://worldathletics.org/athletes/athlete=14288952,toplist
7.0,14:40.48,,Margaret Wangari MURIUKI,21 MAR 1986,KEN,4,,"Bislett Stadion, Oslo (NOR)",13 JUN 2013,1201.0,women_5000m,2013,https://worldathletics.org/athletes/athlete=14289494,toplist
8.0,14:42.07,,Gelete BURKA,23 JAN 1986,ETH,3,,"Stade de France, Paris-St-Denis (FRA)",06 JUL 2013,1198.0,women_5000m,2013,https://worldathletics.org/athletes/athlete=14259909,toplist
9.0,14:46.89,,Emily CHEBET,18 FEB 1986,KEN,4,,"Letzigrund, Zürich (SUI)",29 AUG 2013,1189.0,women_5000m,2013,https://worldathletics.org/athletes/athlete=14288802,toplist
10.0,14:47.12,,Gladys CHERONO,12 MAY 1983,KEN,5,,"Letzigrund, Zürich (SUI)",29 AUG 2013,1188.0,women_5000m,2013,https://worldathletics.org/athletes/athlete=14288950,toplist
11.0,14:50.02,,Buze DIRIBA,09 FEB 1994,ETH,6,,"Bislett Stadion, Oslo (NOR)",13 JUN 2013,1182.0,women_5000m,2013,https://worldathletics.org/athletes/athlete=14464196,toplist
12.0,14:50.36,,Agnes Jebet TIROP,23 OCT 1995,KEN,7,,"Bislett Stadion, Oslo (NOR)",13 JUN 2013,1182.0,women_5000m,2013,https://worldathletics.org/athletes/athlete=14289007,toplist
13.0,14:50.99,,Irine Chepet CHEPTAI,04 FEB 1992,KEN,7,,"Shanghai Stadium, Shanghai (CHN)",18 MAY 2013,1181.0,women_5000m,2013,https://worldathletics.org/athletes/athlete=14288936,toplist
14.0,14:56.26,,Jenny SIMPSON,23 AUG 1986,USA,7,,"Letzigrund, Zürich (SUI)",29 AUG 2013,1170.0,women_5000m,2013,https://worldathletics.org/athletes/athlete=14305392,toplist
15.0,14:57.02,,Hiwot AYALEW,06 MAR 1990,ETH,6,,"Hayward Field, Eugene, OR (USA)",01 JUN 2013,1169.0,women_5000m,2013,https://worldathletics.org/athletes/athlete=14446122,toplist
16.0,14:58.15,,Molly HUDDLE,31 AUG 1984,USA,10,,"Letzigrund, Zürich (SUI)",29 AUG 2013,1167.0,women_5000m,2013,https://worldathletics.org/athletes/athlete=14313054,toplist
17.0,14:58.26,,Sylvia Jebiwot KIBET,28 MAR 1984,KEN,11,,"Letzigrund, Zürich (SUI)",29 AUG 2013,1166.0,women_5000m,2013,https://worldathletics.org/athletes/athlete=14289098,toplist
18.0,14:59.74,,Sule UTURA,08 FEB 1990,ETH,4,,"Stade de France, Paris-St-Denis (FRA)",06 JUL 2013,1164.0,women_5000m,2013,https://worldathletics.org/athletes/athlete=14259706,toplist
19.0,15:01.51,,Belaynesh OLJIRA,26 JUN 1990,ETH,7,,"Hayward Field, Eugene, OR (USA)",01 JUN 2013,1160.0,women_5000m,2013,https://worldathletics.org/athletes/athlete=14374540,toplist
20.0,15:02.56,,Kimberley SMITH,19 NOV 1981,NZL,1,,"Waltham, MA (USA)",11 MAY 2013,1158.0,women_5000m,2013,https://worldathletics.org/athletes/athlete=14293171,toplist
21.0,15:02.90,,Azmera GEBRU,31 OCT 1995,ETH,10,,"Shanghai Stadium, Shanghai (CHN)",18 MAY 2013,1157.0,women_5000m,2013,https://worldathletics.org/athletes/athlete=14428518,toplist
22.0,15:02.98,,Linet Chepkwemoi MASAI,05 DEC 1989,KEN,8,,"Hayward Field, Eugene, OR (USA)",01 JUN 2013,1157.0,women_5000m,2013,https://worldathletics.org/athletes/athlete=14289264,toplist
23.0,15:03.13,,Shitaye ESHETE,21 MAY 1990,BRN,6,,"FBK Stadium, Hengelo (NED)",08 JUN 2013,1157.0,women_5000m,2013,https://worldathletics.org/athletes/athlete=14383158,toplist
24.0,15:04.36,,Susan KUIJKEN,08 JUL 1986,NED,11,,"Bislett Stadion, Oslo (NOR)",13 JUN 2013,1155.0,women_5000m,2013,https://worldathletics.org/athletes/athlete=14291825,toplist
25.0,15:04.38,,Genet YALEW,31 DEC 1992,ETH,12,,"Bislett Stadion, Oslo (NOR)",13 JUN 2013,1155.0,women_5000m,2013,https://worldathletics.org/athletes/athlete=14259696,toplist
26.0,15:05.08,,Alemitu HAROYE,09 MAY 1995,ETH,7,,"FBK Stadium, Hengelo (NED)",08 JUN 2013,1153.0,women_5000m,2013,https://worldathletics.org/athletes/athlete=14471428,toplist
27.0,15:05.89,,Janet KISA,05 DEC 1992,KEN,11,,"Shanghai Stadium, Shanghai (CHN)",18 MAY 2013,1152.0,women_5000m,2013,https://worldathletics.org/athletes/athlete=14423914,toplist
28.0,15:06.10,,Shannon ROWBURY,19 SEP 1984,USA,7,,"Luzhniki Stadion, Moskva (RUS)",17 AUG 2013,1151.0,women_5000m,2013,https://worldathletics.org/athletes/athlete=14320310,toplist
29.0,15:08.11,,Tejitu DABA,20 AUG 1991,BRN,9,,"FBK Stadium, Hengelo (NED)",08 JUN 2013,1147.0,women_5000m,2013,https://worldathletics.org/athletes/athlete=14383159,toplist
30.0,15:09.57,,Kim CONLEY,14 MAR 1986,USA,9,,"Hayward Field, Eugene, OR (USA)",01 JUN 2013,1145.0,women_5000m,2013,https://worldathletics.org/athletes/athlete=14307978,toplist
31.0,15:09.73,,Alisha WILLIAMS,05 FEB 1982,USA,1f1,,"Palo Alto, CA (USA)",29 MAR 2013,1144.0,women_5000m,2013,https://worldathletics.org/athletes/athlete=14324214,toplist
32.0,15:10.14,,Chelsea SODARO,09 MAY 1989,USA,12,,"Letzigrund, Zürich (SUI)",29 AUG 2013,1143.0,women_5000m,2013,https://worldathletics.org/athletes/athlete=14941419,toplist
33.0,15:11.00,,Treniere MOSER,27 OCT 1981,USA,2,,"Los Angeles, CA (USA)",17 MAY 2013,1142.0,women_5000m,2013,https://worldathletics.org/athletes/athlete=14307753,toplist
34.0,15:11.12,,Gotytom GEBRESLASE,15 JAN 1995,ETH,13,,"Shanghai Stadium, Shanghai (CHN)",18 MAY 2013,1142.0,women_5000m,2013,https://worldathletics.org/athletes/athlete=14477379,toplist
35.0,15:11.35,,Abbey COOPER,25 MAY 1992,USA,1,,"Walnut, CA (USA)",19 APR 2013,1141.0,women_5000m,2013,https://worldathletics.org/athletes/athlete=14451797,toplist
36.0,15:12.05,,Betsy SAINA,30 JUN 1988,KEN,2f1,,"Palo Alto, CA (USA)",29 MAR 2013,1140.0,women_5000m,2013,https://worldathletics.org/athletes/athlete=14363050,toplist
37.0,15:12.09,,Jackie ARESON,31 MAR 1988,AUS,9,,"Stade de France, Paris-St-Denis (FRA)",06 JUL 2013,1140.0,women_5000m,2013,https://worldathletics.org/athletes/athlete=14304978,toplist
38.0,15:12.84,,Betlhem DESALEGN,13 NOV 1991,UAE,1,,Pune (IND),07 JUL 2013,1138.0,women_5000m,2013,https://worldathletics.org/athletes/athlete=14418940,toplist
39.0,15:13.48,,Ruti AGA,16 JAN 1994,ETH,14,,"Shanghai Stadium, Shanghai (CHN)",18 MAY 2013,1137.0,women_5000m,2013,https://worldathletics.org/athletes/athlete=14534530,toplist
40.0,15:14.33,,Brianna FELNAGLE,09 DEC 1986,USA,3,,"Los Angeles, CA (USA)",17 MAY 2013,1135.0,women_5000m,2013,https://worldathletics.org/athletes/athlete=14309986,toplist
41.0,15:14.57,,Sophie DUARTE,31 JUL 1981,FRA,10,,"Stade de France, Paris-St-Denis (FRA)",06 JUL 2013,1135.0,women_5000m,2013,https://worldathletics.org/athletes/athlete=14257693,toplist
42.0,15:16.11,,Dominika NOWAKOWSKA,25 JAN 1985,POL,1,,Watford (GBR),30 JUN 2013,1132.0,women_5000m,2013,https://worldathletics.org/athletes/athlete=14293651,toplist
43.0,15:17.35,,Amy CRAGG,21 JAN 1984,USA,4,,"Los Angeles, CA (USA)",17 MAY 2013,1130.0,women_5000m,2013,https://worldathletics.org/athletes/athlete=14312171,toplist
44.0,15:17.43,,Grace Mbuthye KIMANZI,01 MAR 1992,KEN,1,,Kumagaya (JPN),21 SEP 2013,1129.0,women_5000m,2013,https://worldathletics.org/athletes/athlete=14330100,toplist
45.0,15:17.47,,Selly Chepyego KAPTICH,03 OCT 1985,KEN,1,,Kitakyushu (JPN),19 MAY 2013,1129.0,women_5000m,2013,https://worldathletics.org/athletes/athlete=14372447,toplist
46.0,15:17.51,,Magdalyne MASAI,21 NOV 1993,KEN,15,,"Shanghai Stadium, Shanghai (CHN)",18 MAY 2013,1129.0,women_5000m,2013,https://worldathletics.org/athletes/athlete=14472843,toplist
47.0,15:17.72,,Dolores CHECA,27 DEC 1982,ESP,1,,Liège (BEL),10 JUL 2013,1129.0,women_5000m,2013,https://worldathletics.org/athletes/athlete=14261820,toplist
48.0,15:18.60,,Stephanie TWELL,17 AUG 1989,GBR,11,,"Stade de France, Paris-St-Denis (FRA)",06 JUL 2013,1127.0,women_5000m,2013,https://worldathletics.org/athletes/athlete=14276601,toplist
49.0,15:18.86,,Aliphine Chepkerker TULIAMUK,05 APR 1989,KEN,4f1,,"Palo Alto, CA (USA)",29 MAR 2013,1127.0,women_5000m,2013,https://worldathletics.org/athletes/athlete=14289472,toplist
50.0,15:20.38,,Afera GODFAY,25 SEP 1991,ETH,12,,"Stade de France, Paris-St-Denis (FRA)",06 JUL 2013,1124.0,women_5000m,2013,https://worldathletics.org/athletes/athlete=14413306,toplist
51.0,15:20.42,,Alfiya MURYASOVA,03 OCT 1988,RUS,1,,Yerino (RUS),16 JUN 2013,1124.0,women_5000m,2013,https://worldathletics.org/athletes/athlete=14298079,toplist
52.0,15:20.49,,Susan Wairimu MUKUNYA,11 OCT 1992,KEN,2,,Kumagaya (JPN),21 SEP 2013,1124.0,women_5000m,2013,https://worldathletics.org/athletes/athlete=14432975,toplist
53.0,15:21.08,,Lucy OLIVER,18 NOV 1988,NZL,2,,"Walnut, CA (USA)",19 APR 2013,1123.0,women_5000m,2013,https://worldathletics.org/athletes/athlete=14293189,toplist
54.0,15:21.41,,Marisol ROMERO ROSALES,26 JAN 1983,MEX,5,,"Los Angeles, CA (USA)",17 MAY 2013,1122.0,women_5000m,2013,https://worldathletics.org/athletes/athlete=14291236,toplist
55.0,15:21.57,,Felista WANJUGU,18 FEB 1990,KEN,1,,Tokyo (JPN),09 JUN 2013,1122.0,women_5000m,2013,https://worldathletics.org/athletes/athlete=14289529,toplist
56.0,15:21.73,,Misaki ONISHI,24 FEB 1985,JPN,2,,Tokyo (JPN),09 JUN 2013,1121.0,women_5000m,2013,https://worldathletics.org/athletes/athlete=14287598,toplist
57.0,15:22.23,,Yelena NAGOVITSYNA,07 DEC 1982,RUS,2,,Yerino (RUS),16 JUN 2013,1120.0,women_5000m,2013,https://worldathletics.org/athletes/athlete=14299204,toplist
58.0,15:22.79,,Haftamnesh TESFAYE,28 APR 1994,ETH,1,,Sollentuna (SWE),27 JUN 2013,1119.0,women_5000m,2013,https://worldathletics.org/athletes/athlete=14477373,toplist
59.0,15:23.12,,Mary Teresa CULLEN,17 AUG 1982,IRL,3,,"Walnut, CA (USA)",19 APR 2013,1119.0,women_5000m,2013,https://worldathletics.org/athletes/athlete=14283178,toplist
60.0,15:23.65,,Katie MACKEY,12 NOV 1987,USA,2f1,,"Palo Alto, CA (USA)",28 APR 2013,1118.0,women_5000m,2013,https://worldathletics.org/athletes/athlete=14310264,toplist
61.0,15:23.77,,Julia LUCAS,04 MAR 1984,USA,3f1,,"Palo Alto, CA (USA)",28 APR 2013,1117.0,women_5000m,2013,https://worldathletics.org/athletes/athlete=14315663,toplist
62.0,15:25.52,,Karolina NADOLSKA,06 SEP 1981,POL,1,,"Portland, OR (USA)",08 JUN 2013,1114.0,women_5000m,2013,https://worldathletics.org/athletes/athlete=14293773,toplist
63.0,15:26.05,,Riko MATSUZAKI,24 DEC 1992,JPN,3,,Tokyo (JPN),09 JUN 2013,1113.0,women_5000m,2013,https://worldathletics.org/athletes/athlete=14375867,toplist
64.0,15:26.51,,Neely SPENCE GRACEY,16 APR 1990,USA,4,,"Walnut, CA (USA)",19 APR 2013,1112.0,women_5000m,2013,https://worldathletics.org/athletes/athlete=14321795,toplist
65.0,15:26.61,,Kasumi NISHIHARA,01 MAR 1989,JPN,1f5,,Yokohama (JPN),30 NOV 2013,1112.0,women_5000m,2013,https://worldathletics.org/athletes/athlete=14287422,toplist
66.0,15:26.80,,Yuika MORI,25 JAN 1988,JPN,2f5,,Yokohama (JPN),30 NOV 2013,1112.0,women_5000m,2013,https://worldathletics.org/athletes/athlete=14287201,toplist
67.0,15:27.31,,Karoline Bjerkeli GRØVDAL,14 JUN 1990,NOR,14,,"Bislett Stadion, Oslo (NOR)",13 JUN 2013,1111.0,women_5000m,2013,https://worldathletics.org/athletes/athlete=14292573,toplist
68.0,15:27.39,,Iris María FUENTES-PILA,10 AUG 1980,ESP,2,,Liège (BEL),10 JUL 2013,1111.0,women_5000m,2013,https://worldathletics.org/athletes/athlete=14261554,toplist
69.0,15:27.58,,Nicole SIFUENTES,30 JUN 1986,CAN,5f1,,"Palo Alto, CA (USA)",28 APR 2013,1110.0,women_5000m,2013,https://worldathletics.org/athletes/athlete=14268054,toplist
70.0,15:28.34,,Caroline Chepkoech KIPKIRUI,26 MAY 1994,KEN,13,,"FBK Stadium, Hengelo (NED)",08 JUN 2013,1109.0,women_5000m,2013,https://worldathletics.org/athletes/athlete=14423904,toplist
71.0,15:28.35,,Viktoriya POHORYELSKA,04 AUG 1990,UKR,1,,Yalta (UKR),05 JUN 2013,1109.0,women_5000m,2013,https://worldathletics.org/athletes/athlete=14304036,toplist
72.0,15:28.51,,Almenesh BELETE,26 JUL 1989,BEL,2,,Sollentuna (SWE),27 JUN 2013,1108.0,women_5000m,2013,https://worldathletics.org/athletes/athlete=14259898,toplist
73.0,15:29.64,,Lisa UHL,31 AUG 1987,USA,5f1,,"Palo Alto, CA (USA)",29 MAR 2013,1106.0,women_5000m,2013,https://worldathletics.org/athletes/athlete=14314657,toplist
74.0,15:29.72,,Kate VAN BUSKIRK,09 JUN 1987,CAN,6,,"Walnut, CA (USA)",19 APR 2013,1106.0,women_5000m,2013,https://worldathletics.org/athletes/athlete=14267049,toplist
75.0,15:29.85,,Shiho TAKECHI,18 AUG 1990,JPN,4,,Tokyo (JPN),09 JUN 2013,1106.0,women_5000m,2013,https://worldathletics.org/athletes/athlete=14327830,toplist
76.0,15:30.41,,Rosemary WANJIRU,09 DEC 1994,KEN,3f5,,Yokohama (JPN),30 NOV 2013,1105.0,women_5000m,2013,https://worldathletics.org/athletes/athlete=14483460,toplist
77.0,15:30.46,,Pauline KAMULU,30 DEC 1994,KEN,1f3,,Yokohama (JPN),29 SEP 2013,1105.0,women_5000m,2013,https://worldathletics.org/athletes/athlete=14577978,toplist
78.0,15:30.61,,Xiaojie WEI,20 NOV 1989,CHN,1,,Suzhou (CHN),01 JUN 2013,1104.0,women_5000m,2013,https://worldathletics.org/athletes/athlete=14523285,toplist
79.0,15:30.63,,Inés MELCHOR,30 AUG 1986,PER,1,,Trujillo (PER),28 NOV 2013,1104.0,women_5000m,2013,https://worldathletics.org/athletes/athlete=14293292,toplist
80.0,15:30.82,,Katrina WOOTTON,02 SEP 1985,GBR,1,,Solihull (GBR),18 MAY 2013,1104.0,women_5000m,2013,https://worldathletics.org/athletes/athlete=14276808,toplist
80.0,15:30.82,,Akari OTA,26 JAN 1994,JPN,2f3,,Yokohama (JPN),29 SEP 2013,1104.0,women_5000m,2013,https://worldathletics.org/athletes/athlete=14527915,toplist
82.0,15:30.99,,Judit PLA,02 MAY 1978,ESP,5,,Liège (BEL),10 JUL 2013,1104.0,women_5000m,2013,https://worldathletics.org/athletes/athlete=14260733,toplist
83.0,15:31.45,,Ayuko SUZUKI,08 OCT 1991,JPN,5,,Tokyo (JPN),09 JUN 2013,1103.0,women_5000m,2013,https://worldathletics.org/athletes/athlete=14428635,toplist
84.0,15:32.45,,Olga KUNGINA,17 DEC 1986,RUS,1,,"International Stadium, Gateshead (GBR)",23 JUN 2013,1101.0,women_5000m,2013,https://worldathletics.org/athletes/athlete=14297803,toplist
85.0,15:32.73,,Sabrina MOCKENHAUPT,06 DEC 1980,GER,1,,Ulm (GER),06 JUL 2013,1100.0,women_5000m,2013,https://worldathletics.org/athletes/athlete=14278922,toplist
86.0,15:33.21,,Miyuki UEHARA,22 NOV 1995,JPN,2f1,,Nobeoka (JPN),11 MAY 2013,1100.0,women_5000m,2013,https://worldathletics.org/athletes/athlete=14483458,toplist
87.0,15:33.25,,Yukari ABE,29 NOV 1991,JPN,3f1,,Nobeoka (JPN),11 MAY 2013,1099.0,women_5000m,2013,https://worldathletics.org/athletes/athlete=14336048,toplist
88.0,15:33.47,,Mary MUNANU,12 DEC 1994,KEN,1f4,,Yokohama (JPN),16 NOV 2013,1099.0,women_5000m,2013,https://worldathletics.org/athletes/athlete=14650753,toplist
89.0,15:33.63,,Megan GOETHALS,08 JUL 1992,USA,7,,"Walnut, CA (USA)",19 APR 2013,1099.0,women_5000m,2013,https://worldathletics.org/athletes/athlete=14374272,toplist
90.0,15:34.34,,Natalya PENDYUKHOVA,09 OCT 1988,RUS,1,,Sochi (RUS),26 MAY 2013,1097.0,women_5000m,2013,https://worldathletics.org/athletes/athlete=14298765,toplist
91.0,15:34.85,,Natsuko GOTO,04 AUG 1987,JPN,4f5,,Yokohama (JPN),30 NOV 2013,1096.0,women_5000m,2013,https://worldathletics.org/athletes/athlete=14286249,toplist
92.0,15:35.24,,Laura WHITTLE,27 JUN 1985,GBR,3,,Watford (GBR),30 JUN 2013,1096.0,women_5000m,2013,https://worldathletics.org/athletes/athlete=14275519,toplist
93.0,15:35.30,,Carolina TABARES,18 JUN 1986,COL,2,,Trujillo (PER),28 NOV 2013,1096.0,women_5000m,2013,https://worldathletics.org/athletes/athlete=14327458,toplist
94.0,15:35.55,,Nadia NOUJANI,03 SEP 1981,MAR,2,,Huelva (ESP),12 JUN 2013,1095.0,women_5000m,2013,https://worldathletics.org/athletes/athlete=14290744,toplist
95.0,15:35.65,,Brenda MARTINEZ,08 SEP 1987,USA,1f4,,"Fullerton, CA (USA)",09 MAR 2013,1095.0,women_5000m,2013,https://worldathletics.org/athletes/athlete=14316143,toplist
96.0,15:35.74,,Kaoru NAGAO,26 SEP 1989,JPN,1f4,,Yokohama (JPN),21 DEC 2013,1095.0,women_5000m,2013,https://worldathletics.org/athletes/athlete=14287280,toplist
97.0,15:35.82,,Emelia GORECKA,29 JAN 1994,GBR,1,,Manchester (GBR),01 JUN 2013,1095.0,women_5000m,2013,https://worldathletics.org/athletes/athlete=14329408,toplist
98.0,15:35.96,,Trihas GEBRE,29 APR 1990,ETH,3,,Huelva (ESP),12 JUN 2013,1094.0,women_5000m,2013,https://worldathletics.org/athletes/athlete=14259852,toplist
99.0,15:36.22,,Misuzu NAKAHARA,29 NOV 1994,JPN,5f5,,Yokohama (JPN),30 NOV 2013,1094.0,women_5000m,2013,https://worldathletics.org/athletes/athlete=14462561,toplist
100.0,15:36.28,,Risa KIKUCHI,05 FEB 1990,JPN,4,,Kumagaya (JPN),21 SEP 2013,1094.0,women_5000m,2013,https://worldathletics.org/athletes/athlete=14334106,toplist
1.0,14:28.88,,Genzebe DIBABA,08 FEB 1991,ETH,1,,"Stade Louis II, Monaco (MON)",18 JUL 2014,1224.0,women_5000m,2014,https://worldathletics.org/athletes/athlete=14259874,toplist
2.0,14:29.19,,Almaz AYANA,21 NOV 1991,ETH,2,,"Stade Louis II, Monaco (MON)",18 JUL 2014,1224.0,women_5000m,2014,https://worldathletics.org/athletes/athlete=14259917,toplist
3.0,14:33.73,,Viola Jelagat KIBIWOT,22 DEC 1983,KEN,3,,"Stade Louis II, Monaco (MON)",18 JUL 2014,1215.0,women_5000m,2014,https://worldathletics.org/athletes/athlete=14289100,toplist
4.0,14:37.18,,Sally KIPYEGO,19 DEC 1985,KEN,4,,"Stade Louis II, Monaco (MON)",18 JUL 2014,1208.0,women_5000m,2014,https://worldathletics.org/athletes/athlete=14289173,toplist
5.0,14:39.49,,Betsy SAINA,30 JUN 1988,KEN,5,,"Stade Louis II, Monaco (MON)",18 JUL 2014,1203.0,women_5000m,2014,https://worldathletics.org/athletes/athlete=14363050,toplist
6.0,14:42.64,,Molly HUDDLE,31 AUG 1984,USA,6,,"Stade Louis II, Monaco (MON)",18 JUL 2014,1197.0,women_5000m,2014,https://worldathletics.org/athletes/athlete=14313054,toplist
7.0,14:43.11,,Mercy CHERONO,07 MAY 1991,KEN,4,,"Stadio Olimpico, Roma (ITA)",05 JUN 2014,1196.0,women_5000m,2014,https://worldathletics.org/athletes/athlete=14288952,toplist
8.0,14:48.68,,Shannon ROWBURY,19 SEP 1984,USA,8,,"Stade Louis II, Monaco (MON)",18 JUL 2014,1185.0,women_5000m,2014,https://worldathletics.org/athletes/athlete=14320310,toplist
9.0,14:52.59,,Janet KISA,05 DEC 1992,KEN,5,,"Stadio Olimpico, Roma (ITA)",05 JUN 2014,1177.0,women_5000m,2014,https://worldathletics.org/athletes/athlete=14423914,toplist
10.0,14:52.67,,Alemitu HAROYE,09 MAY 1995,ETH,6,,"Stadio Olimpico, Roma (ITA)",05 JUN 2014,1177.0,women_5000m,2014,https://worldathletics.org/athletes/athlete=14471428,toplist
11.0,14:59.23,,Sifan HASSAN,01 JAN 1993,NED,1f1,,"Palo Alto, CA (USA)",04 MAY 2014,1165.0,women_5000m,2014,https://worldathletics.org/athletes/athlete=14489606,toplist
12.0,14:59.49,,Meraf BAHTA,24 JUN 1989,SWE,2f1,,"Palo Alto, CA (USA)",04 MAY 2014,1164.0,women_5000m,2014,https://worldathletics.org/athletes/athlete=14262200,toplist
13.0,14:59.69,,Maryam Yusuf JAMAL,16 SEP 1984,BRN,1,,Incheon (KOR),02 OCT 2014,1164.0,women_5000m,2014,https://worldathletics.org/athletes/athlete=14268773,toplist
14.0,15:00.19,,Agnes Jebet TIROP,23 OCT 1995,KEN,8,,"Stadio Olimpico, Roma (ITA)",05 JUN 2014,1163.0,women_5000m,2014,https://worldathletics.org/athletes/athlete=14289007,toplist
15.0,15:00.87,,Mimi BELETE,09 JUN 1988,BRN,2,,Incheon (KOR),02 OCT 2014,1161.0,women_5000m,2014,https://worldathletics.org/athletes/athlete=14270503,toplist
16.0,15:01.73,,Irene JELAGAT,10 DEC 1988,KEN,9,,"Stadio Olimpico, Roma (ITA)",05 JUN 2014,1160.0,women_5000m,2014,https://worldathletics.org/athletes/athlete=14289013,toplist
17.0,15:04.74,,Katie MACKEY,12 NOV 1987,USA,3f1,,"Palo Alto, CA (USA)",04 MAY 2014,1154.0,women_5000m,2014,https://worldathletics.org/athletes/athlete=14310264,toplist
18.0,15:04.87,,Joanne PAVEY,20 SEP 1973,GBR,10,,"Stadio Olimpico, Roma (ITA)",05 JUN 2014,1154.0,women_5000m,2014,https://worldathletics.org/athletes/athlete=14276037,toplist
19.0,15:04.98,,Laura THWEATT,17 DEC 1988,USA,4f1,,"Palo Alto, CA (USA)",04 MAY 2014,1153.0,women_5000m,2014,https://worldathletics.org/athletes/athlete=14326779,toplist
20.0,15:07.45,,Emelia GORECKA,29 JAN 1994,GBR,5f1,,"Palo Alto, CA (USA)",04 MAY 2014,1149.0,women_5000m,2014,https://worldathletics.org/athletes/athlete=14329408,toplist
21.0,15:07.58,,Clémence CALVIN,17 MAY 1990,FRA,,,Le Mans (FRA),23 MAY 2014,1148.0,women_5000m,2014,https://worldathletics.org/athletes/athlete=14258216,toplist
22.0,15:08.31,,Selly Chepyego KAPTICH,03 OCT 1985,KEN,1f2,,Nagasaki (JPN),29 NOV 2014,1147.0,women_5000m,2014,https://worldathletics.org/athletes/athlete=14372447,toplist
23.0,15:08.61,,Kim CONLEY,14 MAR 1986,USA,11,,"Stadio Olimpico, Roma (ITA)",05 JUN 2014,1146.0,women_5000m,2014,https://worldathletics.org/athletes/athlete=14307978,toplist
24.0,15:09.64,,Hiwot AYALEW,06 MAR 1990,ETH,12,,"Stadio Olimpico, Roma (ITA)",05 JUN 2014,1144.0,women_5000m,2014,https://worldathletics.org/athletes/athlete=14446122,toplist
25.0,15:10.38,,Margaret Wangari MURIUKI,21 MAR 1986,KEN,4,,"Hampden Park, Glasgow (GBR)",02 AUG 2014,1143.0,women_5000m,2014,https://worldathletics.org/athletes/athlete=14289494,toplist
26.0,15:10.46,,Alemitu HAWI,14 NOV 1996,ETH,2,,"Hayward Field, Eugene, OR (USA)",23 JUL 2014,1143.0,women_5000m,2014,https://worldathletics.org/athletes/athlete=14730995,toplist
27.0,15:11.13,,Aisling CUFFE,12 SEP 1993,USA,6f1,,"Palo Alto, CA (USA)",04 MAY 2014,1142.0,women_5000m,2014,https://worldathletics.org/athletes/athlete=14362841,toplist
28.0,15:11.42,,Etagegn WOLDU,10 MAY 1996,ETH,13,,"Stadio Olimpico, Roma (ITA)",05 JUN 2014,1141.0,women_5000m,2014,https://worldathletics.org/athletes/athlete=14593389,toplist
29.0,15:11.68,,Julia BLEASDALE,09 SEP 1981,GBR,14,,"Stadio Olimpico, Roma (ITA)",05 JUN 2014,1140.0,women_5000m,2014,https://worldathletics.org/athletes/athlete=14274511,toplist
30.0,15:12.51,,Changqin DING,27 NOV 1991,CHN,3,,Incheon (KOR),02 OCT 2014,1139.0,women_5000m,2014,https://worldathletics.org/athletes/athlete=14334270,toplist
31.0,15:12.79,,Marielle HALL,28 JAN 1992,USA,3,,"Sacramento, CA (USA)",27 JUN 2014,1138.0,women_5000m,2014,https://worldathletics.org/athletes/athlete=14366610,toplist
32.0,15:13.21,,Jessica O'CONNELL,10 FEB 1989,CAN,7f1,,"Palo Alto, CA (USA)",04 MAY 2014,1138.0,women_5000m,2014,https://worldathletics.org/athletes/athlete=14267438,toplist
33.0,15:14.96,,Ayuko SUZUKI,08 OCT 1991,JPN,2f2,,Yamaguchi (JPN),12 OCT 2014,1134.0,women_5000m,2014,https://worldathletics.org/athletes/athlete=14428635,toplist
34.0,15:14.99,,Eloise WELLINGS,09 NOV 1982,AUS,5,,"Hampden Park, Glasgow (GBR)",02 AUG 2014,1134.0,women_5000m,2014,https://worldathletics.org/athletes/athlete=14271451,toplist
35.0,15:15.14,,Stacey Chepkemboi NDIWA,06 DEC 1992,KEN,1,,Luzern (SUI),15 JUL 2014,1134.0,women_5000m,2014,https://worldathletics.org/athletes/athlete=14330221,toplist
36.0,15:15.74,,Tejitu DABA,20 AUG 1991,BRN,1,,Nijmegen (NED),11 JUN 2014,1133.0,women_5000m,2014,https://worldathletics.org/athletes/athlete=14383159,toplist
37.0,15:16.50,,Perine NENGAMPI,1989,KEN,1,,Liège (BEL),16 JUL 2014,1131.0,women_5000m,2014,https://worldathletics.org/athletes/athlete=14477600,toplist
38.0,15:16.83,,Buze DIRIBA,09 FEB 1994,ETH,2,,Liège (BEL),16 JUL 2014,1131.0,women_5000m,2014,https://worldathletics.org/athletes/athlete=14464196,toplist
39.0,15:17.76,,Irine Chepet CHEPTAI,04 FEB 1992,KEN,4,,Liège (BEL),16 JUL 2014,1129.0,women_5000m,2014,https://worldathletics.org/athletes/athlete=14288936,toplist
40.0,15:18.17,,Jessica TEBO,08 APR 1988,USA,8f1,,"Palo Alto, CA (USA)",04 MAY 2014,1128.0,women_5000m,2014,https://worldathletics.org/athletes/athlete=14319056,toplist
41.0,15:18.30,,Jaisha ORCHATTERI,23 MAY 1983,IND,4,,Incheon (KOR),02 OCT 2014,1128.0,women_5000m,2014,https://worldathletics.org/athletes/athlete=14282858,toplist
42.0,15:18.53,,Sabrina MOCKENHAUPT,06 DEC 1980,GER,1f1,,Koblenz (GER),28 MAY 2014,1127.0,women_5000m,2014,https://worldathletics.org/athletes/athlete=14278922,toplist
43.0,15:18.75,,Renata PLIŚ,05 FEB 1985,POL,5,,Liège (BEL),16 JUL 2014,1127.0,women_5000m,2014,https://worldathletics.org/athletes/athlete=14294279,toplist
44.0,15:18.95,,Riko MATSUZAKI,24 DEC 1992,JPN,5,,Incheon (KOR),02 OCT 2014,1127.0,women_5000m,2014,https://worldathletics.org/athletes/athlete=14375867,toplist
45.0,15:19.00,,Rosemary WANJIRU,09 DEC 1994,KEN,,,Fukushima (JPN),08 JUN 2014,1126.0,women_5000m,2014,https://worldathletics.org/athletes/athlete=14483460,toplist
46.0,15:19.79,,Alisha WILLIAMS,05 FEB 1982,USA,2f1,,"Palo Alto, CA (USA)",04 APR 2014,1125.0,women_5000m,2014,https://worldathletics.org/athletes/athlete=14324214,toplist
47.0,15:19.93,,Gladys CHESIR,20 FEB 1993,KEN,2,,Nijmegen (NED),11 JUN 2014,1125.0,women_5000m,2014,https://worldathletics.org/athletes/athlete=14431129,toplist
48.0,15:20.01,,Sara MOREIRA,17 OCT 1985,POR,2,,Huelva (ESP),12 JUN 2014,1125.0,women_5000m,2014,https://worldathletics.org/athletes/athlete=14294989,toplist
49.0,15:20.57,,Sarah DISANZA,22 AUG 1995,USA,1,,"Boston, MA (USA) (i)",06 DEC 2014,1147.0,women_5000m,2014,https://worldathletics.org/athletes/athlete=14565055,toplist
50.0,15:20.92,,Laura WHITTLE,27 JUN 1985,GBR,2,,Luzern (SUI),15 JUL 2014,1123.0,women_5000m,2014,https://worldathletics.org/athletes/athlete=14275519,toplist
51.0,15:20.93,,Dolores CHECA,27 DEC 1982,ESP,3,,Huelva (ESP),12 JUN 2014,1123.0,women_5000m,2014,https://worldathletics.org/athletes/athlete=14261820,toplist
52.0,15:21.32,,Dulce FÉLIX,23 OCT 1982,POR,1,,"Kadrioru staadion, Tallinn (EST)",22 JUN 2014,1122.0,women_5000m,2014,https://worldathletics.org/athletes/athlete=14294876,toplist
53.0,15:21.84,,Emily SISSON,12 OCT 1991,USA,2,,"Boston, MA (USA) (i)",06 DEC 2014,1145.0,women_5000m,2014,https://worldathletics.org/athletes/athlete=14321386,toplist
54.0,15:21.93,,Kellyn JOHNSON,22 JUL 1986,USA,9f1,,"Palo Alto, CA (USA)",04 MAY 2014,1121.0,women_5000m,2014,https://worldathletics.org/athletes/athlete=14313751,toplist
55.0,15:22.75,,Maren ORTH,22 JUN 1990,GER,2f1,,Koblenz (GER),28 MAY 2014,1119.0,women_5000m,2014,https://worldathletics.org/athletes/athlete=14278412,toplist
56.0,15:22.95,,Lucy OLIVER,18 NOV 1988,NZL,11f1,,"Palo Alto, CA (USA)",04 MAY 2014,1119.0,women_5000m,2014,https://worldathletics.org/athletes/athlete=14293189,toplist
57.0,15:22.98,,Amy VAN ALSTINE,11 NOV 1987,USA,12f1,,"Palo Alto, CA (USA)",04 MAY 2014,1119.0,women_5000m,2014,https://worldathletics.org/athletes/athlete=14323242,toplist
58.0,15:23.37,,Fionnula BRITTON,24 SEP 1984,IRL,2,,"Kadrioru staadion, Tallinn (EST)",22 JUN 2014,1118.0,women_5000m,2014,https://worldathletics.org/athletes/athlete=14283143,toplist
59.0,15:24.40,,Helen CLITHEROE,02 JAN 1974,GBR,1,,Manchester (GBR),31 MAY 2014,1116.0,women_5000m,2014,https://worldathletics.org/athletes/athlete=14276033,toplist
60.0,15:24.56,,Ayumi HAGIWARA,01 JUN 1992,JPN,3f2,,Yamaguchi (JPN),12 OCT 2014,1116.0,women_5000m,2014,https://worldathletics.org/athletes/athlete=14439683,toplist
61.0,15:24.94,,Alia SAEED MOHAMMED,18 MAY 1991,UAE,6,,Liège (BEL),16 JUL 2014,1115.0,women_5000m,2014,https://worldathletics.org/athletes/athlete=14418938,toplist
62.0,15:24.96,,Misaki ONISHI,24 FEB 1985,JPN,4f2,,Yamaguchi (JPN),12 OCT 2014,1115.0,women_5000m,2014,https://worldathletics.org/athletes/athlete=14287598,toplist
63.0,15:25.58,,Yuika MORI,25 JAN 1988,JPN,3,,Luzern (SUI),15 JUL 2014,1114.0,women_5000m,2014,https://worldathletics.org/athletes/athlete=14287201,toplist
64.0,15:25.85,,Rochelle KANUHO,04 JUL 1990,USA,6,,"Sacramento, CA (USA)",27 JUN 2014,1113.0,women_5000m,2014,https://worldathletics.org/athletes/athlete=14459325,toplist
65.0,15:25.88,,Gemma BARRACHINA FERNANDEZ,10 APR 1986,ESP,7,,Liège (BEL),16 JUL 2014,1113.0,women_5000m,2014,https://worldathletics.org/athletes/athlete=14262003,toplist
66.0,15:25.94,,Amy CRAGG,21 JAN 1984,USA,1,,"Concord, MA (USA)",05 JUN 2014,1113.0,women_5000m,2014,https://worldathletics.org/athletes/athlete=14312171,toplist
67.0,15:26.08,,Erin FINN,19 NOV 1994,USA,13f1,,"Palo Alto, CA (USA)",04 MAY 2014,1113.0,women_5000m,2014,https://worldathletics.org/athletes/athlete=14462727,toplist
68.0,15:26.71,,Grace Mbuthye KIMANZI,01 MAR 1992,KEN,5f2,,Yamaguchi (JPN),12 OCT 2014,1112.0,women_5000m,2014,https://worldathletics.org/athletes/athlete=14330100,toplist
69.0,15:27.26,,Alla KULYATINA,09 JUN 1990,RUS,1,,Sochi (RUS),30 MAY 2014,1111.0,women_5000m,2014,https://worldathletics.org/athletes/athlete=14408065,toplist
70.0,15:27.30,,Jip VASTENBURG,21 MAR 1994,NED,3,,Nijmegen (NED),11 JUN 2014,1111.0,women_5000m,2014,https://worldathletics.org/athletes/athlete=14423990,toplist
70.0,15:27.30,,Christine BARDELLE,16 AUG 1974,FRA,1,,Carquefou (FRA),20 JUN 2014,1111.0,women_5000m,2014,https://worldathletics.org/athletes/athlete=14258642,toplist
72.0,15:27.49,,Yuka MIYAZAKI,21 AUG 1992,JPN,6f2,,Yamaguchi (JPN),12 OCT 2014,1110.0,women_5000m,2014,https://worldathletics.org/athletes/athlete=14504804,toplist
73.0,15:27.75,,Madeleine HEINER,15 MAY 1987,AUS,2,,Sydney (AUS),15 MAR 2014,1110.0,women_5000m,2014,https://worldathletics.org/athletes/athlete=14271970,toplist
74.0,15:27.90,,Kate AVERY,10 OCT 1991,GBR,4f1,,"Palo Alto, CA (USA)",04 APR 2014,1110.0,women_5000m,2014,https://worldathletics.org/athletes/athlete=14274416,toplist
75.0,15:28.38,,Alexi PAPPAS,28 MAR 1990,USA,7,,"Sacramento, CA (USA)",27 JUN 2014,1109.0,women_5000m,2014,https://worldathletics.org/athletes/athlete=14419225,toplist
76.0,15:28.56,,Jordan HASAY,21 SEP 1991,USA,1f1,,"Portland, OR (USA)",15 JUN 2014,1108.0,women_5000m,2014,https://worldathletics.org/athletes/athlete=14312156,toplist
77.0,15:29.02,,Kasumi NISHIHARA,01 MAR 1989,JPN,1,,Nagasaki (JPN),18 OCT 2014,1107.0,women_5000m,2014,https://worldathletics.org/athletes/athlete=14287422,toplist
78.0,15:29.55,,Pauline KAMULU,30 DEC 1994,KEN,1f1,,Nobeoka (JPN),10 MAY 2014,1106.0,women_5000m,2014,https://worldathletics.org/athletes/athlete=14577978,toplist
79.0,15:29.94,,Katie BROUGH,27 APR 1982,GBR,5f1,,"Palo Alto, CA (USA)",04 APR 2014,1106.0,women_5000m,2014,https://worldathletics.org/athletes/athlete=14540500,toplist
80.0,15:30.33,,Lauren PENNEY,27 MAY 1990,USA,15f1,,"Palo Alto, CA (USA)",04 MAY 2014,1105.0,women_5000m,2014,https://worldathletics.org/athletes/athlete=14373448,toplist
81.0,15:30.50,,Nicole SIFUENTES,30 JUN 1986,CAN,6f1,,"Palo Alto, CA (USA)",04 APR 2014,1105.0,women_5000m,2014,https://worldathletics.org/athletes/athlete=14268054,toplist
82.0,15:30.61,,Purity Cherotich RIONORIPO,10 JUN 1993,KEN,4,,Nairobi (KEN),07 JUN 2014,1104.0,women_5000m,2014,https://worldathletics.org/athletes/athlete=14288961,toplist
83.0,15:30.87,,Brenda FLORES,04 SEP 1991,MEX,2,,"Walnut, CA (USA)",18 APR 2014,1104.0,women_5000m,2014,https://worldathletics.org/athletes/athlete=14414965,toplist
84.0,15:30.93,,Abbey COOPER,25 MAY 1992,USA,3,,"Walnut, CA (USA)",18 APR 2014,1104.0,women_5000m,2014,https://worldathletics.org/athletes/athlete=14451797,toplist
85.0,15:31.02,,Nuria FERNÁNDEZ,16 AUG 1976,ESP,4,,Huelva (ESP),12 JUN 2014,1104.0,women_5000m,2014,https://worldathletics.org/athletes/athlete=14261624,toplist
86.0,15:31.03,,Sarah COLLINS,15 SEP 1994,IRL,7f1,,"Palo Alto, CA (USA)",04 APR 2014,1104.0,women_5000m,2014,https://worldathletics.org/athletes/athlete=14486477,toplist
87.0,15:31.27,,Natalya POPKOVA,21 SEP 1988,RUS,1,,Kazan (RUS),25 JUL 2014,1103.0,women_5000m,2014,https://worldathletics.org/athletes/athlete=14298974,toplist
88.0,15:31.43,,Nicole BUSH,04 APR 1986,USA,16f1,,"Palo Alto, CA (USA)",04 MAY 2014,1103.0,women_5000m,2014,https://worldathletics.org/athletes/athlete=14306935,toplist
89.0,15:31.49,,Emily PLUCK,07 JUL 1990,AUS,3,,Sydney (AUS),15 MAR 2014,1103.0,women_5000m,2014,https://worldathletics.org/athletes/athlete=14271463,toplist
90.0,15:31.62,,Liv WESTPHAL,22 DEC 1993,FRA,3,,"Boston, MA (USA) (i)",06 DEC 2014,1126.0,women_5000m,2014,https://worldathletics.org/athletes/athlete=14424702,toplist
91.0,15:31.66,,Yuka TAKASHIMA,12 MAY 1988,JPN,1f1,,Yokohama (JPN),15 NOV 2014,1102.0,women_5000m,2014,https://worldathletics.org/athletes/athlete=14288055,toplist
92.0,15:31.85,,Rina NABESHIMA,16 DEC 1993,JPN,1,,Oita (JPN),18 OCT 2014,1102.0,women_5000m,2014,https://worldathletics.org/athletes/athlete=14520154,toplist
93.0,15:31.97,,Karolina NADOLSKA,06 SEP 1981,POL,5,,Huelva (ESP),12 JUN 2014,1102.0,women_5000m,2014,https://worldathletics.org/athletes/athlete=14293773,toplist
94.0,15:32.07,,Gulshat FAZLITDINOVA,28 AUG 1992,RUS,2,,Sochi (RUS),30 MAY 2014,1102.0,women_5000m,2014,https://worldathletics.org/athletes/athlete=14376856,toplist
95.0,15:32.20,,Shiho TAKECHI,18 AUG 1990,JPN,2,,Nagasaki (JPN),18 OCT 2014,1101.0,women_5000m,2014,https://worldathletics.org/athletes/athlete=14327830,toplist
96.0,15:32.26,,Jessica TONN,15 FEB 1992,USA,18f1,,"Palo Alto, CA (USA)",04 MAY 2014,1101.0,women_5000m,2014,https://worldathletics.org/athletes/athlete=14335825,toplist
97.0,15:32.29,,Kate SPENCER,23 JUN 1995,AUS,4,,Sydney (AUS),15 MAR 2014,1101.0,women_5000m,2014,https://worldathletics.org/athletes/athlete=14411161,toplist
98.0,15:32.41,,Michi NUMATA,06 MAY 1989,JPN,1f3,,Yokohama (JPN),27 SEP 2014,1101.0,women_5000m,2014,https://worldathletics.org/athletes/athlete=14287498,toplist
99.0,15:32.82,,Susan KUIJKEN,08 JUL 1986,NED,3,,"Letzigrund, Zürich (SUI)",16 AUG 2014,1100.0,women_5000m,2014,https://worldathletics.org/athletes/athlete=14291825,toplist
100.0,15:33.21,,Felista WANJUGU,18 FEB 1990,KEN,2f2,,Fukushima (JPN),18 MAY 2014,1100.0,women_5000m,2014,https://worldathletics.org/athletes/athlete=14289529,toplist
1.0,14:14.32,,Almaz AYANA,21 NOV 1991,ETH,1,,"Shanghai Stadium, Shanghai (CHN)",17 MAY 2015,1253.0,women_5000m,2015,https://worldathletics.org/athletes/athlete=14259917,toplist
2.0,14:15.41,,Genzebe DIBABA,08 FEB 1991,ETH,1,,"Stade de France, Paris-St-Denis (FRA)",04 JUL 2015,1251.0,women_5000m,2015,https://worldathletics.org/athletes/athlete=14259874,toplist
3.0,14:31.95,,Faith KIPYEGON,10 JAN 1994,KEN,2,,"Hayward Field, Eugene, OR (USA)",30 MAY 2015,1218.0,women_5000m,2015,https://worldathletics.org/athletes/athlete=14413305,toplist
4.0,14:34.10,,Mercy CHERONO,07 MAY 1991,KEN,3,,"Stade de France, Paris-St-Denis (FRA)",04 JUL 2015,1214.0,women_5000m,2015,https://worldathletics.org/athletes/athlete=14288952,toplist
5.0,14:34.22,,Viola Jelagat KIBIWOT,22 DEC 1983,KEN,4,,"Stade de France, Paris-St-Denis (FRA)",04 JUL 2015,1214.0,women_5000m,2015,https://worldathletics.org/athletes/athlete=14289100,toplist
6.0,14:36.44,,Senbere TEFERI,03 MAY 1995,ETH,5,,"Stade de France, Paris-St-Denis (FRA)",04 JUL 2015,1209.0,women_5000m,2015,https://worldathletics.org/athletes/athlete=14477329,toplist
7.0,14:40.50,,Gelete BURKA,23 JAN 1986,ETH,6,,"Stade de France, Paris-St-Denis (FRA)",04 JUL 2015,1201.0,women_5000m,2015,https://worldathletics.org/athletes/athlete=14259909,toplist
8.0,14:43.28,,Alemitu HAROYE,09 MAY 1995,ETH,4,,"Shanghai Stadium, Shanghai (CHN)",17 MAY 2015,1196.0,women_5000m,2015,https://worldathletics.org/athletes/athlete=14471428,toplist
9.0,14:46.69,,Vivian Jepkemei CHERUIYOT,11 SEP 1983,KEN,3,,"Hayward Field, Eugene, OR (USA)",30 MAY 2015,1189.0,women_5000m,2015,https://worldathletics.org/athletes/athlete=14288971,toplist
10.0,14:47.75,,Sally KIPYEGO,19 DEC 1985,KEN,4,,"Hayward Field, Eugene, OR (USA)",30 MAY 2015,1187.0,women_5000m,2015,https://worldathletics.org/athletes/athlete=14289173,toplist
11.0,14:53.32,,Irine Chepet CHEPTAI,04 FEB 1992,KEN,6,,"Hayward Field, Eugene, OR (USA)",30 MAY 2015,1176.0,women_5000m,2015,https://worldathletics.org/athletes/athlete=14288936,toplist
12.0,14:54.71,,Mimi BELETE,09 JUN 1988,BRN,1,,Heusden-Zolder (BEL),18 JUL 2015,1173.0,women_5000m,2015,https://worldathletics.org/athletes/athlete=14270503,toplist
13.0,14:55.49,,Irene JELAGAT,10 DEC 1988,KEN,5,,"Shanghai Stadium, Shanghai (CHN)",17 MAY 2015,1172.0,women_5000m,2015,https://worldathletics.org/athletes/athlete=14289013,toplist
14.0,14:57.23,,Molly HUDDLE,31 AUG 1984,USA,1f2,,"Waltham, MA (USA)",13 JUN 2015,1168.0,women_5000m,2015,https://worldathletics.org/athletes/athlete=14313054,toplist
15.0,14:57.33,,Gotytom GEBRESLASE,15 JAN 1995,ETH,2,,Heusden-Zolder (BEL),18 JUL 2015,1168.0,women_5000m,2015,https://worldathletics.org/athletes/athlete=14477379,toplist
16.0,14:58.54,,Magdalyne MASAI,21 NOV 1993,KEN,7,,"Shanghai Stadium, Shanghai (CHN)",17 MAY 2015,1166.0,women_5000m,2015,https://worldathletics.org/athletes/athlete=14472843,toplist
17.0,15:00.48,,Betsy SAINA,30 JUN 1988,KEN,2f1,,"Palo Alto, CA (USA)",02 MAY 2015,1162.0,women_5000m,2015,https://worldathletics.org/athletes/athlete=14363050,toplist
18.0,15:02.68,,Janet KISA,05 DEC 1992,KEN,6,,"National Stadium, Beijing (CHN)",30 AUG 2015,1158.0,women_5000m,2015,https://worldathletics.org/athletes/athlete=14423914,toplist
19.0,15:03.85,,Abbey COOPER,25 MAY 1992,USA,3,,Heusden-Zolder (BEL),18 JUL 2015,1156.0,women_5000m,2015,https://worldathletics.org/athletes/athlete=14451797,toplist
20.0,15:05.19,,Belaynesh OLJIRA,26 JUN 1990,ETH,9,,"Stade de France, Paris-St-Denis (FRA)",04 JUL 2015,1153.0,women_5000m,2015,https://worldathletics.org/athletes/athlete=14374540,toplist
21.0,15:05.58,,Nicole TULLY,30 OCT 1986,USA,3f1,,"Palo Alto, CA (USA)",02 MAY 2015,1152.0,women_5000m,2015,https://worldathletics.org/athletes/athlete=14320686,toplist
22.0,15:06.44,,Jessica O'CONNELL,10 FEB 1989,CAN,4f1,,"Palo Alto, CA (USA)",02 MAY 2015,1151.0,women_5000m,2015,https://worldathletics.org/athletes/athlete=14267438,toplist
23.0,15:06.45,,Marielle HALL,28 JAN 1992,USA,2,,"Hayward Field, Eugene, OR (USA)",28 JUN 2015,1151.0,women_5000m,2015,https://worldathletics.org/athletes/athlete=14366610,toplist
24.0,15:07.18,,Emily INFELD,21 MAR 1990,USA,4,,"Hayward Field, Eugene, OR (USA)",28 JUN 2015,1149.0,women_5000m,2015,https://worldathletics.org/athletes/athlete=14313263,toplist
25.0,15:07.38,,Susan KUIJKEN,08 JUL 1986,NED,6,,"Bislett Stadion, Oslo (NOR)",11 JUN 2015,1149.0,women_5000m,2015,https://worldathletics.org/athletes/athlete=14291825,toplist
26.0,15:07.73,,Maureen KOSTER,03 JUL 1992,NED,5f1,,"Palo Alto, CA (USA)",02 MAY 2015,1148.0,women_5000m,2015,https://worldathletics.org/athletes/athlete=14372338,toplist
27.0,15:08.29,,Ayuko SUZUKI,08 OCT 1991,JPN,9,,"National Stadium, Beijing (CHN)",30 AUG 2015,1147.0,women_5000m,2015,https://worldathletics.org/athletes/athlete=14428635,toplist
28.0,15:08.39,,Perine NENGAMPI,1989,KEN,8,,"Shanghai Stadium, Shanghai (CHN)",17 MAY 2015,1147.0,women_5000m,2015,https://worldathletics.org/athletes/athlete=14477600,toplist
29.0,15:09.62,,Eloise WELLINGS,09 NOV 1982,AUS,10,,"National Stadium, Beijing (CHN)",30 AUG 2015,1144.0,women_5000m,2015,https://worldathletics.org/athletes/athlete=14271451,toplist
30.0,15:10.02,,Shalane FLANAGAN,08 JUL 1981,USA,5,,"Hayward Field, Eugene, OR (USA)",28 JUN 2015,1144.0,women_5000m,2015,https://worldathletics.org/athletes/athlete=14310164,toplist
31.0,15:11.17,,Madeleine HEINER,15 MAY 1987,AUS,7f1,,"Palo Alto, CA (USA)",02 MAY 2015,1141.0,women_5000m,2015,https://worldathletics.org/athletes/athlete=14271970,toplist
32.0,15:12.22,,Emily SISSON,12 OCT 1991,USA,1,,"New York, NY (USA) (i)",28 FEB 2015,1163.0,women_5000m,2015,https://worldathletics.org/athletes/athlete=14321386,toplist
33.0,15:13.16,,Alemitu HAWI,14 NOV 1996,ETH,1,,Huelva (ESP),10 JUN 2015,1138.0,women_5000m,2015,https://worldathletics.org/athletes/athlete=14730995,toplist
34.0,15:13.73,,Selly Chepyego KAPTICH,03 OCT 1985,KEN,1,,Kitakyushu (JPN),29 NOV 2015,1137.0,women_5000m,2015,https://worldathletics.org/athletes/athlete=14372447,toplist
35.0,15:13.82,,Stephanie TWELL,17 AUG 1989,GBR,8f1,,"Palo Alto, CA (USA)",02 MAY 2015,1136.0,women_5000m,2015,https://worldathletics.org/athletes/athlete=14276601,toplist
36.0,15:15.18,,Karoline Bjerkeli GRØVDAL,14 JUN 1990,NOR,7,,"Bislett Stadion, Oslo (NOR)",11 JUN 2015,1134.0,women_5000m,2015,https://worldathletics.org/athletes/athlete=14292573,toplist
37.0,15:15.42,,Rosemary WANJIRU,09 DEC 1994,KEN,1f1,,Gifu (JPN),27 SEP 2015,1133.0,women_5000m,2015,https://worldathletics.org/athletes/athlete=14483460,toplist
38.0,15:15.77,,Azmera GEBRU,31 OCT 1995,ETH,12,,"Stade de France, Paris-St-Denis (FRA)",04 JUL 2015,1133.0,women_5000m,2015,https://worldathletics.org/athletes/athlete=14428518,toplist
39.0,15:16.12,,Jennifer WENTH,24 JUL 1991,AUT,5,,Heusden-Zolder (BEL),18 JUL 2015,1132.0,women_5000m,2015,https://worldathletics.org/athletes/athlete=14270706,toplist
40.0,15:16.43,,Yuka MIYAZAKI,21 AUG 1992,JPN,2,,Kitakyushu (JPN),29 NOV 2015,1131.0,women_5000m,2015,https://worldathletics.org/athletes/athlete=14504804,toplist
41.0,15:16.60,,Katie MACKEY,12 NOV 1987,USA,9f1,,"Palo Alto, CA (USA)",02 MAY 2015,1131.0,women_5000m,2015,https://worldathletics.org/athletes/athlete=14310264,toplist
42.0,15:16.69,,Birtukan Fente ALEMU,18 JUN 1989,ETH,10,,"Shanghai Stadium, Shanghai (CHN)",17 MAY 2015,1131.0,women_5000m,2015,https://worldathletics.org/athletes/athlete=14259942,toplist
43.0,15:16.82,,Misaki ONISHI,24 FEB 1985,JPN,10f1,,"Palo Alto, CA (USA)",02 MAY 2015,1131.0,women_5000m,2015,https://worldathletics.org/athletes/athlete=14287598,toplist
44.0,15:17.62,,Azusa SUMI,12 AUG 1996,JPN,1f1,,Kitami (JPN),12 JUL 2015,1129.0,women_5000m,2015,https://worldathletics.org/athletes/athlete=14524081,toplist
45.0,15:18.02,,Nikki HAMBLIN,20 MAY 1988,NZL,11f1,,"Palo Alto, CA (USA)",02 MAY 2015,1128.0,women_5000m,2015,https://worldathletics.org/athletes/athlete=14275215,toplist
46.0,15:18.53,,Ashley HIGGINSON,17 MAR 1989,USA,12f1,,"Palo Alto, CA (USA)",02 MAY 2015,1127.0,women_5000m,2015,https://worldathletics.org/athletes/athlete=14312552,toplist
47.0,15:18.85,,Jessica TONN,15 FEB 1992,USA,13f1,,"Palo Alto, CA (USA)",02 MAY 2015,1127.0,women_5000m,2015,https://worldathletics.org/athletes/athlete=14335825,toplist
48.0,15:18.88,,Gulshat FAZLITDINOVA,28 AUG 1992,RUS,1,,Sochi (RUS),28 MAY 2015,1127.0,women_5000m,2015,https://worldathletics.org/athletes/athlete=14376856,toplist
49.0,15:19.01,,Gabriele GRUNEWALD,25 JUN 1986,USA,1f1,,"Palo Alto, CA (USA)",03 APR 2015,1126.0,women_5000m,2015,https://worldathletics.org/athletes/athlete=14304816,toplist
50.0,15:19.06,,Emily PLUCK,07 JUL 1990,AUS,14f1,,"Palo Alto, CA (USA)",02 MAY 2015,1126.0,women_5000m,2015,https://worldathletics.org/athletes/athlete=14271463,toplist
51.0,15:19.15,,Nicole SIFUENTES,30 JUN 1986,CAN,2f1,,"Palo Alto, CA (USA)",03 APR 2015,1126.0,women_5000m,2015,https://worldathletics.org/athletes/athlete=14268054,toplist
52.0,15:19.30,,Buzuayehu MOHAMED,04 JAN 1996,ETH,2,,Huelva (ESP),10 JUN 2015,1126.0,women_5000m,2015,https://worldathletics.org/athletes/athlete=14595095,toplist
53.0,15:19.42,,Alisha WILLIAMS,05 FEB 1982,USA,3f1,,"Palo Alto, CA (USA)",03 APR 2015,1126.0,women_5000m,2015,https://worldathletics.org/athletes/athlete=14324214,toplist
54.0,15:19.50,,Stephanie GARCIA,03 MAY 1988,USA,15f1,,"Palo Alto, CA (USA)",02 MAY 2015,1126.0,women_5000m,2015,https://worldathletics.org/athletes/athlete=14310707,toplist
55.0,15:20.20,,Kasumi NISHIHARA,01 MAR 1989,JPN,6,,Heusden-Zolder (BEL),18 JUL 2015,1124.0,women_5000m,2015,https://worldathletics.org/athletes/athlete=14287422,toplist
56.0,15:20.21,,Yuika MORI,25 JAN 1988,JPN,16f1,,"Palo Alto, CA (USA)",02 MAY 2015,1124.0,women_5000m,2015,https://worldathletics.org/athletes/athlete=14287201,toplist
57.0,15:20.52,,Haftamnesh TESFAYE,28 APR 1994,ETH,5,,"Olympic Stadium, London (GBR)",25 JUL 2015,1124.0,women_5000m,2015,https://worldathletics.org/athletes/athlete=14477373,toplist
58.0,15:21.10,,Veronicah Nyaruai WANJIRU,29 OCT 1989,KEN,1,,Carquefou (FRA),19 JUN 2015,1122.0,women_5000m,2015,https://worldathletics.org/athletes/athlete=14289384,toplist
59.0,15:21.40,,Miyuki UEHARA,22 NOV 1995,JPN,2f1,,Kitami (JPN),12 JUL 2015,1122.0,women_5000m,2015,https://worldathletics.org/athletes/athlete=14483458,toplist
60.0,15:22.00,,Laura WHITTLE,27 JUN 1985,GBR,7,,Heusden-Zolder (BEL),18 JUL 2015,1121.0,women_5000m,2015,https://worldathletics.org/athletes/athlete=14275519,toplist
61.0,15:23.82,,Louise CARTON,16 APR 1994,BEL,8,,Heusden-Zolder (BEL),18 JUL 2015,1117.0,women_5000m,2015,https://worldathletics.org/athletes/athlete=14404517,toplist
62.0,15:23.85,,Pauline Chemning KORIKWIANG,01 MAR 1988,KEN,1,,Mungyeong (KOR),05 OCT 2015,1117.0,women_5000m,2015,https://worldathletics.org/athletes/athlete=14289192,toplist
63.0,15:24.25,,Lidia RODRÍGUEZ,26 MAY 1986,ESP,9,,Heusden-Zolder (BEL),18 JUL 2015,1116.0,women_5000m,2015,https://worldathletics.org/athletes/athlete=14260600,toplist
64.0,15:24.58,,Yelena NAGOVITSYNA,07 DEC 1982,RUS,2,,Sochi (RUS),28 MAY 2015,1116.0,women_5000m,2015,https://worldathletics.org/athletes/athlete=14299204,toplist
65.0,15:25.01,,Stella CHESANG,01 DEC 1996,UGA,12,,"Shanghai Stadium, Shanghai (CHN)",17 MAY 2015,1115.0,women_5000m,2015,https://worldathletics.org/athletes/athlete=14464203,toplist
66.0,15:25.20,,Buzunesh GETACHEW,18 APR 1997,ETH,3,,Carquefou (FRA),19 JUN 2015,1115.0,women_5000m,2015,https://worldathletics.org/athletes/athlete=14672912,toplist
67.0,15:25.34,,Neely SPENCE GRACEY,16 APR 1990,USA,5f1,,"Palo Alto, CA (USA)",03 APR 2015,1114.0,women_5000m,2015,https://worldathletics.org/athletes/athlete=14321795,toplist
68.0,15:25.54,,Riko MATSUZAKI,24 DEC 1992,JPN,4,,Nagoya (JPN),28 JUN 2015,1114.0,women_5000m,2015,https://worldathletics.org/athletes/athlete=14375867,toplist
69.0,15:25.63,,Kate AVERY,10 OCT 1991,GBR,6f1,,"Palo Alto, CA (USA)",03 APR 2015,1114.0,women_5000m,2015,https://worldathletics.org/athletes/athlete=14274416,toplist
70.0,15:25.78,,Sentayehu LEWETEGN,09 MAY 1996,ETH,3,,Huelva (ESP),10 JUN 2015,1114.0,women_5000m,2015,https://worldathletics.org/athletes/athlete=14672195,toplist
71.0,15:26.46,,Mary Teresa CULLEN,17 AUG 1982,IRL,12,,Heusden-Zolder (BEL),18 JUL 2015,1112.0,women_5000m,2015,https://worldathletics.org/athletes/athlete=14283178,toplist
72.0,15:27.13,,Desiree DAVILA,26 JUL 1983,USA,2,,"Concord, MA (USA)",04 JUN 2015,1111.0,women_5000m,2015,https://worldathletics.org/athletes/athlete=14308638,toplist
73.0,15:27.60,,Rhona AUCKLAND,11 MAY 1993,GBR,7,,"Olympic Stadium, London (GBR)",25 JUL 2015,1110.0,women_5000m,2015,https://worldathletics.org/athletes/athlete=14416574,toplist
74.0,15:27.94,,Trihas GEBRE,29 APR 1990,ESP,4,,Huelva (ESP),10 JUN 2015,1109.0,women_5000m,2015,https://worldathletics.org/athletes/athlete=14259852,toplist
75.0,15:28.32,,Natsuki OMORI,22 JUN 1994,JPN,6,,Nagoya (JPN),28 JUN 2015,1109.0,women_5000m,2015,https://worldathletics.org/athletes/athlete=14441904,toplist
76.0,15:28.6h,,Margaret Chelimo KIPKEMBOI,09 FEB 1993,KEN,2,,Nairobi (KEN),11 JUL 2015,1108.0,women_5000m,2015,https://worldathletics.org/athletes/athlete=14375882,toplist
77.0,15:28.71,,Liv WESTPHAL,22 DEC 1993,FRA,9,,"Olympic Stadium, London (GBR)",25 JUL 2015,1108.0,women_5000m,2015,https://worldathletics.org/athletes/athlete=14424702,toplist
78.0,15:28.74,,Alia SAEED MOHAMMED,18 MAY 1991,UAE,1,,Wuhan (CHN),04 JUN 2015,1108.0,women_5000m,2015,https://worldathletics.org/athletes/athlete=14418938,toplist
79.0,15:28.78,,Camille BUSCOMB,11 JUL 1990,NZL,1,,Auckland (NZL),15 DEC 2015,1108.0,women_5000m,2015,https://worldathletics.org/athletes/athlete=14292910,toplist
80.0,15:28.81,,Dera DIDA,26 OCT 1996,ETH,5,,Huelva (ESP),10 JUN 2015,1108.0,women_5000m,2015,https://worldathletics.org/athletes/athlete=14672196,toplist
81.0,15:29.26,,Dominika NOWAKOWSKA,25 JAN 1985,POL,1,,Watford (GBR),27 JUN 2015,1107.0,women_5000m,2015,https://worldathletics.org/athletes/athlete=14293651,toplist
82.0,15:29.50,,Jessica COULSON,18 APR 1990,GBR,10,,"Olympic Stadium, London (GBR)",25 JUL 2015,1107.0,women_5000m,2015,https://worldathletics.org/athletes/athlete=14274778,toplist
83.0,15:30.00,,Angela BIZZARRI,15 FEB 1988,USA,17f1,,"Palo Alto, CA (USA)",02 MAY 2015,1106.0,women_5000m,2015,https://worldathletics.org/athletes/athlete=14305913,toplist
84.0,15:30.43,,Amy CRAGG,21 JAN 1984,USA,2f2,,"Waltham, MA (USA)",13 JUN 2015,1105.0,women_5000m,2015,https://worldathletics.org/athletes/athlete=14312171,toplist
85.0,15:31.25,,Netsanet GUDETA,15 APR 1996,ETH,13,,"Stade de France, Paris-St-Denis (FRA)",04 JUL 2015,1103.0,women_5000m,2015,https://worldathletics.org/athletes/athlete=14602692,toplist
86.0,15:31.37,,Jaisha ORCHATTERI,23 MAY 1983,IND,1,,Thiruvanthapuram (IND),09 FEB 2015,1103.0,women_5000m,2015,https://worldathletics.org/athletes/athlete=14282858,toplist
87.0,15:31.62,,Courtney FRERICHS,18 JAN 1993,USA,1,,"Boston, MA (USA) (i)",05 DEC 2015,1126.0,women_5000m,2015,https://worldathletics.org/athletes/athlete=14507523,toplist
88.0,15:31.69,,Felista WANJUGU,18 FEB 1990,KEN,1f1,,Abashiri (JPN),16 JUL 2015,1102.0,women_5000m,2015,https://worldathletics.org/athletes/athlete=14289529,toplist
89.0,15:31.82,,Brenda FLORES,04 SEP 1991,MEX,2f1,,"Walnut, CA (USA)",17 APR 2015,1102.0,women_5000m,2015,https://worldathletics.org/athletes/athlete=14414965,toplist
89.0,15:31.82,,Alice Aprot NAWOWUNA,02 JAN 1994,KEN,3,,Brazzaville (CGO),13 SEP 2015,1102.0,women_5000m,2015,https://worldathletics.org/athletes/athlete=14413307,toplist
91.0,15:31.92,,Yuka MUKAI,10 DEC 1998,JPN,1f2,,Oita (JPN),17 OCT 2015,1102.0,women_5000m,2015,https://worldathletics.org/athletes/athlete=14702246,toplist
92.0,15:32.04,,Kellyn TAYLOR,22 JUL 1986,USA,7,,"Hayward Field, Eugene, OR (USA)",28 JUN 2015,1102.0,women_5000m,2015,https://worldathletics.org/athletes/athlete=14313751,toplist
93.0,15:32.44,,Kaltoum BOUAASAYRIYA,23 AUG 1982,MAR,1,,Rabat (MAR),07 JUN 2015,1101.0,women_5000m,2015,https://worldathletics.org/athletes/athlete=14438367,toplist
94.0,15:32.46,,Emma BATES,08 JUL 1992,USA,7f1,,"Palo Alto, CA (USA)",03 APR 2015,1101.0,women_5000m,2015,https://worldathletics.org/athletes/athlete=14453636,toplist
95.0,15:32.53,,Mariam WAITHIRA,23 DEC 1996,KEN,2f1,,Hiroshima (JPN),18 APR 2015,1101.0,women_5000m,2015,https://worldathletics.org/athletes/athlete=14562715,toplist
96.0,15:32.55,,Dominique SCOTT,24 JUN 1992,RSA,18f1,,"Palo Alto, CA (USA)",02 MAY 2015,1101.0,women_5000m,2015,https://worldathletics.org/athletes/athlete=14941416,toplist
97.0,15:32.67,,Yuka ANDO,16 MAR 1994,JPN,2,,Tajimi (JPN),12 OCT 2015,1101.0,women_5000m,2015,https://worldathletics.org/athletes/athlete=14419637,toplist
98.0,15:32.88,,Erin FINN,19 NOV 1994,USA,19f1,,"Palo Alto, CA (USA)",02 MAY 2015,1100.0,women_5000m,2015,https://worldathletics.org/athletes/athlete=14462727,toplist
99.0,15:32.89,,Katie MATTHEWS,19 NOV 1990,USA,4,,"Concord, MA (USA)",04 JUN 2015,1100.0,women_5000m,2015,https://worldathletics.org/athletes/athlete=14326383,toplist
100.0,15:33.15,,Rachel CLIFF,01 APR 1988,CAN,8f1,,"Palo Alto, CA (USA)",03 APR 2015,1100.0,women_5000m,2015,https://worldathletics.org/athletes/athlete=14268196,toplist
1.0,14:12.59,,Almaz AYANA,21 NOV 1991,ETH,1,,"Stadio Olimpico, Roma (ITA)",02 JUN 2016,1257.0,women_5000m,2016,https://worldathletics.org/athletes/athlete=14259917,toplist
2.0,14:25.78,,Hellen OBIRI,13 DEC 1989,KEN,2,,"Boudewijnstadion, Bruxelles (BEL)",09 SEP 2016,1230.0,women_5000m,2016,https://worldathletics.org/athletes/athlete=14424921,toplist
3.0,14:26.17,,Vivian Jepkemei CHERUIYOT,11 SEP 1983,KEN,1,,"Estádio Olímpico, Rio de Janeiro (BRA)",19 AUG 2016,1230.0,women_5000m,2016,https://worldathletics.org/athletes/athlete=14288971,toplist
4.0,14:29.50,,Viola Jelagat KIBIWOT,22 DEC 1983,KEN,2,,"Complexe Sportif Prince Moulay Abdellah, Rabat (MAR)",22 MAY 2016,1223.0,women_5000m,2016,https://worldathletics.org/athletes/athlete=14289100,toplist
5.0,14:29.82,,Senbere TEFERI,03 MAY 1995,ETH,3,,"Boudewijnstadion, Bruxelles (BEL)",09 SEP 2016,1222.0,women_5000m,2016,https://worldathletics.org/athletes/athlete=14477329,toplist
6.0,14:33.30,,Etenesh DIRO,10 MAY 1991,ETH,4,,"Boudewijnstadion, Bruxelles (BEL)",09 SEP 2016,1215.0,women_5000m,2016,https://worldathletics.org/athletes/athlete=14377849,toplist
7.0,14:33.95,,Mercy CHERONO,07 MAY 1991,KEN,2,,"Stadio Olimpico, Roma (ITA)",02 JUN 2016,1214.0,women_5000m,2016,https://worldathletics.org/athletes/athlete=14288952,toplist
8.0,14:37.61,,Yasemin CAN,11 DEC 1996,TUR,6,,"Stadio Olimpico, Roma (ITA)",02 JUN 2016,1207.0,women_5000m,2016,https://worldathletics.org/athletes/athlete=14601536,toplist
9.0,14:38.70,,Janet KISA,05 DEC 1992,KEN,4,,"Complexe Sportif Prince Moulay Abdellah, Rabat (MAR)",22 MAY 2016,1205.0,women_5000m,2016,https://worldathletics.org/athletes/athlete=14423914,toplist
10.0,14:38.92,,Shannon ROWBURY,19 SEP 1984,USA,5,,"Boudewijnstadion, Bruxelles (BEL)",09 SEP 2016,1204.0,women_5000m,2016,https://worldathletics.org/athletes/athlete=14320310,toplist
11.0,14:39.56,,Alice Aprot NAWOWUNA,02 JAN 1994,KEN,6,,"Boudewijnstadion, Bruxelles (BEL)",09 SEP 2016,1203.0,women_5000m,2016,https://worldathletics.org/athletes/athlete=14413307,toplist
12.0,14:41.58,,Ababel YESHANEH,22 JUL 1991,ETH,5,,"Complexe Sportif Prince Moulay Abdellah, Rabat (MAR)",22 MAY 2016,1199.0,women_5000m,2016,https://worldathletics.org/athletes/athlete=14465270,toplist
13.0,14:41.73,,Tirunesh DIBABA,01 JUN 1985,ETH,1,,Kortrijk (BEL),09 JUL 2016,1199.0,women_5000m,2016,https://worldathletics.org/athletes/athlete=14259871,toplist
14.0,14:42.57,,Belaynesh OLJIRA,26 JUN 1990,ETH,5,,"Hayward Field, Eugene, OR (USA)",27 MAY 2016,1197.0,women_5000m,2016,https://worldathletics.org/athletes/athlete=14374540,toplist
15.0,14:42.84,,Dera DIDA,26 OCT 1996,ETH,8,,"Stadio Olimpico, Roma (ITA)",02 JUN 2016,1197.0,women_5000m,2016,https://worldathletics.org/athletes/athlete=14672196,toplist
16.0,14:43.42,,Irine Chepet CHEPTAI,04 FEB 1992,KEN,6,,"Hayward Field, Eugene, OR (USA)",27 MAY 2016,1195.0,women_5000m,2016,https://worldathletics.org/athletes/athlete=14288936,toplist
17.0,14:43.58,,Alemitu HAROYE,09 MAY 1995,ETH,6,,"Complexe Sportif Prince Moulay Abdellah, Rabat (MAR)",22 MAY 2016,1195.0,women_5000m,2016,https://worldathletics.org/athletes/athlete=14471428,toplist
18.0,14:43.98,,Sally KIPYEGO,19 DEC 1985,KEN,7,,"Hayward Field, Eugene, OR (USA)",27 MAY 2016,1194.0,women_5000m,2016,https://worldathletics.org/athletes/athlete=14289173,toplist
19.0,14:44.67,,Betsy SAINA,30 JUN 1988,KEN,8,,"Hayward Field, Eugene, OR (USA)",27 MAY 2016,1193.0,women_5000m,2016,https://worldathletics.org/athletes/athlete=14363050,toplist
20.0,14:45.63,,Letesenbet GIDEY,20 MAR 1998,ETH,1,,Barcelona (ESP),30 JUN 2016,1191.0,women_5000m,2016,https://worldathletics.org/athletes/athlete=14654918,toplist
21.0,14:47.24,,Margaret Chelimo KIPKEMBOI,09 FEB 1993,KEN,8,,"Boudewijnstadion, Bruxelles (BEL)",09 SEP 2016,1188.0,women_5000m,2016,https://worldathletics.org/athletes/athlete=14375882,toplist
22.0,14:48.14,,Molly HUDDLE,31 AUG 1984,USA,11,,"Hayward Field, Eugene, OR (USA)",27 MAY 2016,1186.0,women_5000m,2016,https://worldathletics.org/athletes/athlete=14313054,toplist
23.0,14:49.95,,Meraf BAHTA,24 JUN 1989,SWE,7,,"Complexe Sportif Prince Moulay Abdellah, Rabat (MAR)",22 MAY 2016,1183.0,women_5000m,2016,https://worldathletics.org/athletes/athlete=14262200,toplist
24.0,14:51.04,,Genet YALEW,31 DEC 1992,ETH,9,,"Stadio Olimpico, Roma (ITA)",02 JUN 2016,1180.0,women_5000m,2016,https://worldathletics.org/athletes/athlete=14259696,toplist
25.0,14:57.53,,Karoline Bjerkeli GRØVDAL,14 JUN 1990,NOR,7,,"Estádio Olímpico, Rio de Janeiro (BRA)",19 AUG 2016,1168.0,women_5000m,2016,https://worldathletics.org/athletes/athlete=14292573,toplist
26.0,14:59.00,,Stephanie TWELL,17 AUG 1989,GBR,11,,"Stadio Olimpico, Roma (ITA)",02 JUN 2016,1165.0,women_5000m,2016,https://worldathletics.org/athletes/athlete=14276601,toplist
27.0,14:59.78,,Gelete BURKA,23 JAN 1986,ETH,12,,"Stadio Olimpico, Roma (ITA)",02 JUN 2016,1163.0,women_5000m,2016,https://worldathletics.org/athletes/athlete=14259909,toplist
28.0,15:00.21,,Gotytom GEBRESLASE,15 JAN 1995,ETH,13,,"Stadio Olimpico, Roma (ITA)",02 JUN 2016,1163.0,women_5000m,2016,https://worldathletics.org/athletes/athlete=14477379,toplist
29.0,15:00.69,,Susan KUIJKEN,08 JUL 1986,NED,8,,"Estádio Olímpico, Rio de Janeiro (BRA)",19 AUG 2016,1162.0,women_5000m,2016,https://worldathletics.org/athletes/athlete=14291825,toplist
30.0,15:00.91,,Emily INFELD,21 MAR 1990,USA,3,,"New York, NY (USA) (i)",20 FEB 2016,1186.0,women_5000m,2016,https://worldathletics.org/athletes/athlete=14313263,toplist
31.0,15:01.59,,Eloise WELLINGS,09 NOV 1982,AUS,9,,"Estádio Olímpico, Rio de Janeiro (BRA)",19 AUG 2016,1160.0,women_5000m,2016,https://worldathletics.org/athletes/athlete=14271451,toplist
32.0,15:02.67,,Agnes Jebet TIROP,23 OCT 1995,KEN,9,,"Boudewijnstadion, Bruxelles (BEL)",09 SEP 2016,1158.0,women_5000m,2016,https://worldathletics.org/athletes/athlete=14289007,toplist
33.0,15:04.05,,Madeleine HILLS,15 MAY 1987,AUS,10,,"Estádio Olímpico, Rio de Janeiro (BRA)",19 AUG 2016,1155.0,women_5000m,2016,https://worldathletics.org/athletes/athlete=14271970,toplist
34.0,15:04.08,,Nicole TULLY,30 OCT 1986,USA,2f1,,"Palo Alto, CA (USA)",01 MAY 2016,1155.0,women_5000m,2016,https://worldathletics.org/athletes/athlete=14320686,toplist
35.0,15:05.00,,Eilish MCCOLGAN,25 NOV 1990,GBR,13,,"Boudewijnstadion, Bruxelles (BEL)",09 SEP 2016,1153.0,women_5000m,2016,https://worldathletics.org/athletes/athlete=14275729,toplist
36.0,15:05.45,,Sheila CHEPKIRUI,27 DEC 1990,KEN,1,,Durban (RSA),23 JUN 2016,1152.0,women_5000m,2016,https://worldathletics.org/athletes/athlete=14289156,toplist
37.0,15:06.05,,Marielle HALL,28 JAN 1992,USA,4,,"New York, NY (USA) (i)",20 FEB 2016,1176.0,women_5000m,2016,https://worldathletics.org/athletes/athlete=14366610,toplist
38.0,15:06.14,,Shelby HOULIHAN,08 FEB 1993,USA,2,,"Hayward Field, Eugene, OR (USA)",10 JUL 2016,1151.0,women_5000m,2016,https://worldathletics.org/athletes/athlete=14368938,toplist
39.0,15:06.49,,Sentayehu LEWETEGN,09 MAY 1996,ETH,8,,"Complexe Sportif Prince Moulay Abdellah, Rabat (MAR)",22 MAY 2016,1150.0,women_5000m,2016,https://worldathletics.org/athletes/athlete=14672195,toplist
40.0,15:06.67,,Genevieve LACAZE,04 AUG 1989,AUS,15,,"Boudewijnstadion, Bruxelles (BEL)",09 SEP 2016,1150.0,women_5000m,2016,https://worldathletics.org/athletes/athlete=14271807,toplist
41.0,15:06.96,,Meseret DEFAR,19 NOV 1983,ETH,1,,"Somerville, MA (USA)",17 JUN 2016,1150.0,women_5000m,2016,https://worldathletics.org/athletes/athlete=14259882,toplist
42.0,15:07.20,,Maureen KOSTER,03 JUL 1992,NED,3f1,,"Palo Alto, CA (USA)",01 MAY 2016,1149.0,women_5000m,2016,https://worldathletics.org/athletes/athlete=14372338,toplist
43.0,15:07.72,,Jessica O'CONNELL,10 FEB 1989,CAN,16,,"Boudewijnstadion, Bruxelles (BEL)",09 SEP 2016,1148.0,women_5000m,2016,https://worldathletics.org/athletes/athlete=14267438,toplist
44.0,15:08.58,,Laura WHITTLE,27 JUN 1985,GBR,4f1,,"Palo Alto, CA (USA)",01 MAY 2016,1146.0,women_5000m,2016,https://worldathletics.org/athletes/athlete=14275519,toplist
45.0,15:09.31,,Kim CONLEY,14 MAR 1986,USA,1f1,,"Seattle, WA (USA) (i)",29 JAN 2016,0.0,women_5000m,2016,https://worldathletics.org/athletes/athlete=14307978,toplist
46.0,15:10.13,,Alemitu HAWI,14 NOV 1996,ETH,1,,Huelva (ESP),03 JUN 2016,1143.0,women_5000m,2016,https://worldathletics.org/athletes/athlete=14730995,toplist
47.0,15:10.30,,Stella CHESANG,01 DEC 1996,UGA,3,,"FBK Stadium, Hengelo (NED)",22 MAY 2016,1143.0,women_5000m,2016,https://worldathletics.org/athletes/athlete=14464203,toplist
48.0,15:10.76,,Sarah LAHTI,18 FEB 1995,SWE,4,,"FBK Stadium, Hengelo (NED)",22 MAY 2016,1142.0,women_5000m,2016,https://worldathletics.org/athletes/athlete=14403185,toplist
49.0,15:10.79,,Dalila ABDULKADIR,27 JUN 1998,BRN,3,,Barcelona (ESP),30 JUN 2016,1142.0,women_5000m,2016,https://worldathletics.org/athletes/athlete=14643416,toplist
50.0,15:10.85,,Haftamnesh TESFAYE,28 APR 1994,ETH,5,,"FBK Stadium, Hengelo (NED)",22 MAY 2016,1142.0,women_5000m,2016,https://worldathletics.org/athletes/athlete=14477373,toplist
51.0,15:12.89,,Hellen Ekalale LOBUN,18 MAR 1999,KEN,1f6,,Yokohama (JPN),03 DEC 2016,1138.0,women_5000m,2016,https://worldathletics.org/athletes/athlete=14786743,toplist
52.0,15:13.07,,Shuru BULO,27 JUN 1998,ETH,1f1,,Kitami (JPN),14 JUL 2016,1138.0,women_5000m,2016,https://worldathletics.org/athletes/athlete=14689946,toplist
53.0,15:14.04,,Abbey COOPER,25 MAY 1992,USA,5,,"Hayward Field, Eugene, OR (USA)",10 JUL 2016,1136.0,women_5000m,2016,https://worldathletics.org/athletes/athlete=14451797,toplist
54.0,15:14.45,,Lauren PAQUETTE,27 JUN 1986,USA,7f1,,"Palo Alto, CA (USA)",01 MAY 2016,1135.0,women_5000m,2016,https://worldathletics.org/athletes/athlete=14311688,toplist
55.0,15:15.14,,Rosemary WANJIRU,09 DEC 1994,KEN,1,,Hiroshima (JPN),29 APR 2016,1134.0,women_5000m,2016,https://worldathletics.org/athletes/athlete=14483460,toplist
56.0,15:15.21,,Molly SEIDEL,12 JUL 1994,USA,1,,"Birmingham, AL (USA) (i)",11 MAR 2016,1158.0,women_5000m,2016,https://worldathletics.org/athletes/athlete=14437057,toplist
57.0,15:16.44,,Grace Mbuthye KIMANZI,01 MAR 1992,KEN,2,,Hiroshima (JPN),29 APR 2016,1131.0,women_5000m,2016,https://worldathletics.org/athletes/athlete=14330100,toplist
58.0,15:16.56,,Stephanie GARCIA,03 MAY 1988,USA,8f1,,"Palo Alto, CA (USA)",01 MAY 2016,1131.0,women_5000m,2016,https://worldathletics.org/athletes/athlete=14310707,toplist
59.0,15:16.98,,Buzunesh GETACHEW,18 APR 1997,ETH,2,,Huelva (ESP),03 JUN 2016,1130.0,women_5000m,2016,https://worldathletics.org/athletes/athlete=14672912,toplist
59.0,15:16.98,,Konstanze KLOSTERHALFEN,18 FEB 1997,GER,1,,Bergisch Gladbach (GER),25 AUG 2016,1130.0,women_5000m,2016,https://worldathletics.org/athletes/athlete=14496249,toplist
61.0,15:17.43,,Ann Karindi MWANGI,08 DEC 1988,KEN,1f2,,Osaka (JPN),25 SEP 2016,1129.0,women_5000m,2016,https://worldathletics.org/athletes/athlete=14289075,toplist
62.0,15:17.81,,Andrea SECCAFIEN,27 AUG 1990,CAN,1,,"Los Angeles, CA (USA)",20 MAY 2016,1129.0,women_5000m,2016,https://worldathletics.org/athletes/athlete=14267226,toplist
63.0,15:18.06,,Meskerem MAMO,13 APR 1999,ETH,4,,Durban (RSA),23 JUN 2016,1128.0,women_5000m,2016,https://worldathletics.org/athletes/athlete=14751324,toplist
64.0,15:18.08,,Tomoka KIMURA,12 NOV 1994,JPN,2f6,,Yokohama (JPN),03 DEC 2016,1128.0,women_5000m,2016,https://worldathletics.org/athletes/athlete=14423325,toplist
65.0,15:18.11,,Risa YOKOE,12 OCT 1994,JPN,1f1,,Abashiri (JPN),11 JUL 2016,1128.0,women_5000m,2016,https://worldathletics.org/athletes/athlete=14388954,toplist
66.0,15:18.60,,Katie MACKEY,12 NOV 1987,USA,6,,"Hayward Field, Eugene, OR (USA)",10 JUL 2016,1127.0,women_5000m,2016,https://worldathletics.org/athletes/athlete=14310264,toplist
67.0,15:19.27,,Meryem AKDAĞ,05 AUG 1992,TUR,2,,Istanbul (TUR) (i),20 FEB 2016,1150.0,women_5000m,2016,https://worldathletics.org/athletes/athlete=14520745,toplist
68.0,15:19.37,,Misaki ONISHI,24 FEB 1985,JPN,1,,Nagoya (JPN),26 JUN 2016,1126.0,women_5000m,2016,https://worldathletics.org/athletes/athlete=14287598,toplist
69.0,15:19.47,,Felista WANJUGU,18 FEB 1990,KEN,3,,Hiroshima (JPN),29 APR 2016,1126.0,women_5000m,2016,https://worldathletics.org/athletes/athlete=14289529,toplist
70.0,15:19.50,,Gabriele GRUNEWALD,25 JUN 1986,USA,2f1,,"Portland, OR (USA)",12 JUN 2016,1126.0,women_5000m,2016,https://worldathletics.org/athletes/athlete=14304816,toplist
71.0,15:20.13,,Lucy OLIVER,17 SEP 1987,NZL,3f1,,"Portland, OR (USA)",12 JUN 2016,1124.0,women_5000m,2016,https://worldathletics.org/athletes/new-zealand/lucy-oliver-14293120,toplist
72.0,15:20.15,,Juliet CHEKWEL,25 MAY 1990,UGA,15,,"Stadio Olimpico, Roma (ITA)",02 JUN 2016,1124.0,women_5000m,2016,https://worldathletics.org/athletes/athlete=14940422,toplist
73.0,15:20.94,,Mariam WAITHIRA,23 DEC 1996,KEN,3f2,,Osaka (JPN),25 SEP 2016,1123.0,women_5000m,2016,https://worldathletics.org/athletes/athlete=14562715,toplist
74.0,15:21.31,,Kaori MORITA,19 SEP 1995,JPN,3f6,,Yokohama (JPN),03 DEC 2016,1122.0,women_5000m,2016,https://worldathletics.org/athletes/athlete=14521619,toplist
75.0,15:21.85,,Allie OSTRANDER,24 DEC 1996,USA,2f1,,"Seattle, WA (USA) (i)",29 JAN 2016,0.0,women_5000m,2016,https://worldathletics.org/athletes/athlete=14645999,toplist
76.0,15:21.88,,Jessica TEBO,08 APR 1988,USA,2,,"Los Angeles, CA (USA)",20 MAY 2016,1121.0,women_5000m,2016,https://worldathletics.org/athletes/athlete=14319056,toplist
77.0,15:22.10,,Kellyn TAYLOR,22 JUL 1986,USA,3,,"Los Angeles, CA (USA)",20 MAY 2016,1121.0,women_5000m,2016,https://worldathletics.org/athletes/athlete=14313751,toplist
78.0,15:22.29,,Yukari ABE,21 AUG 1989,JPN,4f6,,Yokohama (JPN),03 DEC 2016,1120.0,women_5000m,2016,https://worldathletics.org/athletes/athlete=14608080,toplist
79.0,15:22.34,,Rina NABESHIMA,16 DEC 1993,JPN,5f6,,Yokohama (JPN),03 DEC 2016,1120.0,women_5000m,2016,https://worldathletics.org/athletes/athlete=14520154,toplist
80.0,15:22.45,,Veronica INGLESE,22 NOV 1990,ITA,1,,Rieti (ITA),25 JUN 2016,1120.0,women_5000m,2016,https://worldathletics.org/athletes/athlete=14284536,toplist
81.0,15:22.56,,Enatnesh Alamrew TIRUSEW,04 OCT 1995,ETH,7,,"FBK Stadium, Hengelo (NED)",22 MAY 2016,1120.0,women_5000m,2016,https://worldathletics.org/athletes/athlete=14648206,toplist
82.0,15:23.11,,Alisha WILLIAMS,05 FEB 1982,USA,4f1,,"Portland, OR (USA)",12 JUN 2016,1119.0,women_5000m,2016,https://worldathletics.org/athletes/athlete=14324214,toplist
83.0,15:23.16,,Erin FINN,19 NOV 1994,USA,2,,"Birmingham, AL (USA) (i)",11 MAR 2016,1142.0,women_5000m,2016,https://worldathletics.org/athletes/athlete=14462727,toplist
84.0,15:23.19,,Renata PLIŚ,05 FEB 1985,POL,1,,Heusden-Zolder (BEL),16 JUL 2016,1118.0,women_5000m,2016,https://worldathletics.org/athletes/athlete=14294279,toplist
85.0,15:23.41,,Miyuki UEHARA,22 NOV 1995,JPN,7h1,,"Estádio Olímpico, Rio de Janeiro (BRA)",16 AUG 2016,1118.0,women_5000m,2016,https://worldathletics.org/athletes/athlete=14483458,toplist
86.0,15:23.53,,Yuka HORI,13 JUN 1996,JPN,6f6,,Yokohama (JPN),03 DEC 2016,1118.0,women_5000m,2016,https://worldathletics.org/athletes/athlete=14548269,toplist
87.0,15:23.94,,Rachel CLIFF,01 APR 1988,CAN,1,,Surrey (CAN),28 JUN 2016,1117.0,women_5000m,2016,https://worldathletics.org/athletes/athlete=14268196,toplist
88.0,15:23.98,,Misaki KATO,15 JUN 1991,JPN,4f2,,Osaka (JPN),25 SEP 2016,1117.0,women_5000m,2016,https://worldathletics.org/athletes/athlete=14334523,toplist
89.0,15:24.02,,Jessica MARTIN,01 OCT 1992,GBR,2,,Heusden-Zolder (BEL),16 JUL 2016,1117.0,women_5000m,2016,https://worldathletics.org/athletes/athlete=14422104,toplist
90.0,15:24.17,,Nuria FERNÁNDEZ,16 AUG 1976,ESP,3,,Huelva (ESP),03 JUN 2016,1117.0,women_5000m,2016,https://worldathletics.org/athletes/athlete=14261624,toplist
91.0,15:24.27,,Azmera GEBRU,31 OCT 1995,ETH,4,,"Somerville, MA (USA)",17 JUN 2016,1116.0,women_5000m,2016,https://worldathletics.org/athletes/athlete=14428518,toplist
92.0,15:24.47,,Ayuko SUZUKI,08 OCT 1991,JPN,2,,Nagoya (JPN),26 JUN 2016,1116.0,women_5000m,2016,https://worldathletics.org/athletes/athlete=14428635,toplist
93.0,15:24.73,,Maren ORTH,22 JUN 1990,GER,10f1,,"Palo Alto, CA (USA)",01 MAY 2016,1116.0,women_5000m,2016,https://worldathletics.org/athletes/athlete=14278412,toplist
94.0,15:24.74,,Joanne PAVEY,20 SEP 1973,GBR,5,,"Somerville, MA (USA)",17 JUN 2016,1116.0,women_5000m,2016,https://worldathletics.org/athletes/athlete=14276037,toplist
94.0,15:24.74,,Hanami SEKINE,26 FEB 1996,JPN,3,,Nagoya (JPN),26 JUN 2016,1116.0,women_5000m,2016,https://worldathletics.org/athletes/athlete=14499981,toplist
96.0,15:24.83,,Emily SISSON,12 OCT 1991,USA,6,,"Somerville, MA (USA)",17 JUN 2016,1115.0,women_5000m,2016,https://worldathletics.org/athletes/athlete=14321386,toplist
97.0,15:25.10,,Dominique SCOTT,24 JUN 1992,RSA,1f1,,"Palo Alto, CA (USA)",01 APR 2016,1115.0,women_5000m,2016,https://worldathletics.org/athletes/athlete=14941416,toplist
98.0,15:25.12,,Bontu Edao REBITU,12 DEC 1997,BRN,1,,Bilbao (ESP),25 JUN 2016,1115.0,women_5000m,2016,https://worldathletics.org/athletes/athlete=14643415,toplist
99.0,15:25.37,,Gulshat GAYNETDINOVA,28 AUG 1992,RUS,1,,Sochi (RUS),26 MAY 2016,1114.0,women_5000m,2016,https://worldathletics.org/athletes/athlete=14376856,toplist
100.0,15:25.87,,Mikuni YADA,29 OCT 1999,JPN,7f6,,Yokohama (JPN),03 DEC 2016,1113.0,women_5000m,2016,https://worldathletics.org/athletes/athlete=14747887,toplist
1.0,14:18.37,,Hellen OBIRI,13 DEC 1989,KEN,1,,"Stadio Olimpico, Roma (ITA)",08 JUN 2017,1245.0,women_5000m,2017,https://worldathletics.org/athletes/athlete=14424921,toplist
2.0,14:25.22,,Genzebe DIBABA,08 FEB 1991,ETH,1,,"Hayward Field, Eugene, OR (USA)",26 MAY 2017,1231.0,women_5000m,2017,https://worldathletics.org/athletes/athlete=14259874,toplist
3.0,14:27.55,,Caroline Chepkoech KIPKIRUI,26 MAY 1994,KEN,2,,"Boudewijnstadion, Bruxelles (BEL)",01 SEP 2017,1227.0,women_5000m,2017,https://worldathletics.org/athletes/athlete=14423904,toplist
4.0,14:31.76,,Senbere TEFERI,03 MAY 1995,ETH,2,,"Shanghai Stadium, Shanghai (CHN)",13 MAY 2017,1218.0,women_5000m,2017,https://worldathletics.org/athletes/athlete=14477329,toplist
5.0,14:32.82,,Margaret Chelimo KIPKEMBOI,09 FEB 1993,KEN,4,,"Boudewijnstadion, Bruxelles (BEL)",01 SEP 2017,1216.0,women_5000m,2017,https://worldathletics.org/athletes/athlete=14375882,toplist
6.0,14:33.09,,Agnes Jebet TIROP,23 OCT 1995,KEN,2,,"Stadio Olimpico, Roma (ITA)",08 JUN 2017,1216.0,women_5000m,2017,https://worldathletics.org/athletes/athlete=14289007,toplist
7.0,14:33.32,,Letesenbet GIDEY,20 MAR 1998,ETH,3,,"Stadio Olimpico, Roma (ITA)",08 JUN 2017,1215.0,women_5000m,2017,https://worldathletics.org/athletes/athlete=14654918,toplist
8.0,14:36.80,,Lilian Kasait RENGERUK,03 MAY 1997,KEN,2,,"Hayward Field, Eugene, OR (USA)",26 MAY 2017,1208.0,women_5000m,2017,https://worldathletics.org/athletes/athlete=14590678,toplist
9.0,14:36.82,,Yasemin CAN,11 DEC 1996,TUR,4,,"Stadio Olimpico, Roma (ITA)",08 JUN 2017,1208.0,women_5000m,2017,https://worldathletics.org/athletes/athlete=14601536,toplist
10.0,14:39.33,,Beatrice CHEPKOECH,06 JUL 1991,KEN,5,,"Boudewijnstadion, Bruxelles (BEL)",01 SEP 2017,1203.0,women_5000m,2017,https://worldathletics.org/athletes/athlete=14383286,toplist
11.0,14:40.29,,Etenesh DIRO,10 MAY 1991,ETH,5,,"Stadio Olimpico, Roma (ITA)",08 JUN 2017,1202.0,women_5000m,2017,https://worldathletics.org/athletes/athlete=14377849,toplist
12.0,14:40.35,,Almaz AYANA,21 NOV 1991,ETH,2,,"Olympic Stadium, London (GBR)",13 AUG 2017,1201.0,women_5000m,2017,https://worldathletics.org/athletes/athlete=14259917,toplist
13.0,14:41.24,,Sifan HASSAN,01 JAN 1993,NED,3,,"Hayward Field, Eugene, OR (USA)",26 MAY 2017,1200.0,women_5000m,2017,https://worldathletics.org/athletes/athlete=14489606,toplist
14.0,14:47.11,,Irine Chepet CHEPTAI,04 FEB 1992,KEN,8,,"Stadio Olimpico, Roma (ITA)",08 JUN 2017,1188.0,women_5000m,2017,https://worldathletics.org/athletes/athlete=14288936,toplist
15.0,14:48.49,,Eilish MCCOLGAN,25 NOV 1990,GBR,8,,"Boudewijnstadion, Bruxelles (BEL)",01 SEP 2017,1185.0,women_5000m,2017,https://worldathletics.org/athletes/athlete=14275729,toplist
16.0,14:49.12,,Laura MUIR,09 MAY 1993,GBR,1,,Glasgow (GBR) (i),04 JAN 2017,1209.0,women_5000m,2017,https://worldathletics.org/athletes/athlete=14422111,toplist
17.0,14:51.25,,Susan KRUMINS,08 JUL 1986,NED,9,,"Boudewijnstadion, Bruxelles (BEL)",01 SEP 2017,1180.0,women_5000m,2017,https://worldathletics.org/athletes/athlete=14291825,toplist
18.0,14:51.38,,Konstanze KLOSTERHALFEN,18 FEB 1997,GER,1,,Karlsruhe (GER),19 MAY 2017,1180.0,women_5000m,2017,https://worldathletics.org/athletes/athlete=14496249,toplist
19.0,14:53.41,,Ruth JEBET,17 NOV 1996,BRN,1,,Baku (AZE),18 MAY 2017,1176.0,women_5000m,2017,https://worldathletics.org/athletes/athlete=14588310,toplist
20.0,14:53.44,,Sentayehu LEWETEGN,09 MAY 1996,ETH,2,,Kortrijk (BEL),08 JUL 2017,1176.0,women_5000m,2017,https://worldathletics.org/athletes/athlete=14672195,toplist
21.0,14:54.05,,Sheila CHEPKIRUI,27 DEC 1990,KEN,7,,"Olympic Stadium, London (GBR)",13 AUG 2017,1175.0,women_5000m,2017,https://worldathletics.org/athletes/athlete=14289156,toplist
22.0,14:54.66,,Sheila CHELANGAT,11 APR 1998,KEN,3,,Kortrijk (BEL),08 JUL 2017,1173.0,women_5000m,2017,https://worldathletics.org/athletes/athlete=14695577,toplist
23.0,14:56.33,,Emily INFELD,21 MAR 1990,USA,2,,Heusden-Zolder (BEL),22 JUL 2017,1170.0,women_5000m,2017,https://worldathletics.org/athletes/athlete=14313263,toplist
24.0,14:56.37,,Sofia ASSEFA,14 NOV 1987,ETH,6,,"Shanghai Stadium, Shanghai (CHN)",13 MAY 2017,1170.0,women_5000m,2017,https://worldathletics.org/athletes/athlete=14259922,toplist
25.0,14:57.38,,Azmera GEBRU,31 OCT 1995,ETH,4,,Kortrijk (BEL),08 JUL 2017,1168.0,women_5000m,2017,https://worldathletics.org/athletes/athlete=14428518,toplist
26.0,14:57.55,,Shannon ROWBURY,19 SEP 1984,USA,5h1,,"Olympic Stadium, London (GBR)",10 AUG 2017,1168.0,women_5000m,2017,https://worldathletics.org/athletes/athlete=14320310,toplist
27.0,14:58.20,,Shuru BULO,27 JUN 1998,ETH,1f1,,Abashiri (JPN),13 JUL 2017,1167.0,women_5000m,2017,https://worldathletics.org/athletes/athlete=14689946,toplist
28.0,14:58.82,,Pauline KAMULU,30 DEC 1994,KEN,2f1,,Abashiri (JPN),13 JUL 2017,1165.0,women_5000m,2017,https://worldathletics.org/athletes/athlete=14577978,toplist
29.0,14:58.99,,Shalane FLANAGAN,08 JUL 1981,USA,3,,Heusden-Zolder (BEL),22 JUL 2017,1165.0,women_5000m,2017,https://worldathletics.org/athletes/athlete=14310164,toplist
30.0,15:00.37,,Shelby HOULIHAN,08 FEB 1993,USA,3h2,,"Olympic Stadium, London (GBR)",10 AUG 2017,1162.0,women_5000m,2017,https://worldathletics.org/athletes/athlete=14368938,toplist
31.0,15:00.42,,Darya MASLOVA,06 MAY 1995,KGZ,3,,Baku (AZE),18 MAY 2017,1162.0,women_5000m,2017,https://worldathletics.org/athletes/athlete=14583875,toplist
32.0,15:00.44,,Karoline Bjerkeli GRØVDAL,14 JUN 1990,NOR,6h2,,"Olympic Stadium, London (GBR)",10 AUG 2017,1162.0,women_5000m,2017,https://worldathletics.org/athletes/athlete=14292573,toplist
33.0,15:00.45,,Alia SAEED MOHAMMED,18 MAY 1991,UAE,4,,Baku (AZE),18 MAY 2017,1162.0,women_5000m,2017,https://worldathletics.org/athletes/athlete=14418938,toplist
34.0,15:01.64,,Molly HUDDLE,31 AUG 1984,USA,1,,"Boston, MA (USA) (i)",26 FEB 2017,1184.0,women_5000m,2017,https://worldathletics.org/athletes/athlete=14313054,toplist
35.0,15:02.10,,Emily SISSON,12 OCT 1991,USA,2,,"Boston, MA (USA) (i)",26 FEB 2017,1183.0,women_5000m,2017,https://worldathletics.org/athletes/athlete=14321386,toplist
36.0,15:03.27,,Kidsan ALEMA,29 JUL 1995,ETH,4,,Heusden-Zolder (BEL),22 JUL 2017,1157.0,women_5000m,2017,https://worldathletics.org/athletes/athlete=14526495,toplist
37.0,15:06.01,,Gelete BURKA,23 JAN 1986,ETH,4,,"Hayward Field, Eugene, OR (USA)",26 MAY 2017,1151.0,women_5000m,2017,https://worldathletics.org/athletes/athlete=14259909,toplist
38.0,15:07.19,,Kalkidan GEZAHEGNE,08 MAY 1991,BRN,8h2,,"Olympic Stadium, London (GBR)",10 AUG 2017,1149.0,women_5000m,2017,https://worldathletics.org/athletes/athlete=14259836,toplist
39.0,15:07.27,,Dera DIDA,26 OCT 1996,ETH,5,,"Hayward Field, Eugene, OR (USA)",26 MAY 2017,1149.0,women_5000m,2017,https://worldathletics.org/athletes/athlete=14672196,toplist
40.0,15:08.05,,Belaynesh OLJIRA,26 JUN 1990,ETH,7,,"Hayward Field, Eugene, OR (USA)",26 MAY 2017,1147.0,women_5000m,2017,https://worldathletics.org/athletes/athlete=14374540,toplist
41.0,15:08.24,,Laura WEIGHTMAN,01 JUL 1991,GBR,1,,"Los Angeles, CA (USA)",18 MAY 2017,1147.0,women_5000m,2017,https://worldathletics.org/athletes/athlete=14276688,toplist
42.0,15:08.29,,Natosha ROGERS,07 MAY 1991,USA,2,,"Los Angeles, CA (USA)",18 MAY 2017,1147.0,women_5000m,2017,https://worldathletics.org/athletes/athlete=14413831,toplist
43.0,15:08.59,,Andrea SECCAFIEN,27 AUG 1990,CAN,6,,Heusden-Zolder (BEL),22 JUL 2017,1146.0,women_5000m,2017,https://worldathletics.org/athletes/athlete=14267226,toplist
44.0,15:09.45,,Mercyline CHELANGAT,17 DEC 1997,UGA,8,,"Shanghai Stadium, Shanghai (CHN)",13 MAY 2017,1145.0,women_5000m,2017,https://worldathletics.org/athletes/athlete=14693567,toplist
45.0,15:09.68,,Rosemary WANJIRU,09 DEC 1994,KEN,1f2,,Osaka (JPN),24 SEP 2017,1144.0,women_5000m,2017,https://worldathletics.org/athletes/athlete=14483460,toplist
46.0,15:10.01,,Alina REH,23 MAY 1997,GER,9h1,,"Olympic Stadium, London (GBR)",10 AUG 2017,1144.0,women_5000m,2017,https://worldathletics.org/athletes/athlete=14507612,toplist
47.0,15:11.02,,Marielle HALL,28 JAN 1992,USA,11,,"Hayward Field, Eugene, OR (USA)",26 MAY 2017,1142.0,women_5000m,2017,https://worldathletics.org/athletes/athlete=14366610,toplist
48.0,15:11.83,,Rina NABESHIMA,16 DEC 1993,JPN,9h2,,"Olympic Stadium, London (GBR)",10 AUG 2017,1140.0,women_5000m,2017,https://worldathletics.org/athletes/athlete=14520154,toplist
49.0,15:12.06,,Fotyen TESFAY,17 FEB 1998,ETH,8,,Heusden-Zolder (BEL),22 JUL 2017,1140.0,women_5000m,2017,https://worldathletics.org/athletes/athlete=14679812,toplist
50.0,15:12.47,,Tomoka KIMURA,12 NOV 1994,JPN,1f6,,Yokohama (JPN),02 DEC 2017,1139.0,women_5000m,2017,https://worldathletics.org/athletes/athlete=14423325,toplist
51.0,15:12.63,,Madeleine HILLS,15 MAY 1987,AUS,9,,Heusden-Zolder (BEL),22 JUL 2017,1139.0,women_5000m,2017,https://worldathletics.org/athletes/athlete=14271970,toplist
52.0,15:13.81,,Martha MOKAYA,12 MAR 2001,KEN,2f1,,Nobeoka (JPN),06 MAY 2017,1136.0,women_5000m,2017,https://worldathletics.org/athletes/athlete=14700557,toplist
53.0,15:14.17,,Sarah LAHTI,18 FEB 1995,SWE,3,,"Zdzisław Krzyszkowiak Stadium, Bydgoszcz (POL)",16 JUL 2017,1136.0,women_5000m,2017,https://worldathletics.org/athletes/athlete=14403185,toplist
54.0,15:14.23,,Ana LOZANO,22 FEB 1991,ESP,10h1,,"Olympic Stadium, London (GBR)",10 AUG 2017,1136.0,women_5000m,2017,https://worldathletics.org/athletes/athlete=14588437,toplist
55.0,15:14.54,,Eloise WELLINGS,09 NOV 1982,AUS,10,,Heusden-Zolder (BEL),22 JUL 2017,1135.0,women_5000m,2017,https://worldathletics.org/athletes/athlete=14271451,toplist
56.0,15:14.57,,Kim CONLEY,14 MAR 1986,USA,12,,"Hayward Field, Eugene, OR (USA)",26 MAY 2017,1135.0,women_5000m,2017,https://worldathletics.org/athletes/athlete=14307978,toplist
57.0,15:14.79,,Hellen Ekalale LOBUN,18 MAR 1999,KEN,1f3,,Yokohama (JPN),11 NOV 2017,1135.0,women_5000m,2017,https://worldathletics.org/athletes/athlete=14786743,toplist
58.0,15:14.99,,Jessica O'CONNELL,10 FEB 1989,CAN,11,,Heusden-Zolder (BEL),22 JUL 2017,1134.0,women_5000m,2017,https://worldathletics.org/athletes/athlete=14267438,toplist
59.0,15:15.82,,Gotytom GEBRESLASE,15 JAN 1995,ETH,14,,"Hayward Field, Eugene, OR (USA)",26 MAY 2017,1133.0,women_5000m,2017,https://worldathletics.org/athletes/athlete=14477379,toplist
60.0,15:16.65,,Stephanie TWELL,17 AUG 1989,GBR,1,,Watford (GBR),24 JUN 2017,1131.0,women_5000m,2017,https://worldathletics.org/athletes/athlete=14276601,toplist
61.0,15:16.70,,Bontu Edao REBITU,12 DEC 1997,BRN,11h1,,"Olympic Stadium, London (GBR)",10 AUG 2017,1131.0,women_5000m,2017,https://worldathletics.org/athletes/athlete=14643415,toplist
62.0,15:17.14,,Hanna KLEIN,06 APR 1993,GER,2,,Karlsruhe (GER),19 MAY 2017,1130.0,women_5000m,2017,https://worldathletics.org/athletes/athlete=14360692,toplist
63.0,15:17.31,,Karissa SCHWEIZER,04 MAY 1996,USA,1f1,,"Boston, MA (USA) (i)",02 DEC 2017,1153.0,women_5000m,2017,https://worldathletics.org/athletes/athlete=14470567,toplist
64.0,15:17.91,,Stella CHESANG,01 DEC 1996,UGA,1,,Nijmegen (NED),02 JUN 2017,1129.0,women_5000m,2017,https://worldathletics.org/athletes/athlete=14464203,toplist
65.0,15:18.32,,Tsige HAILESLASE,21 SEP 2000,ETH,10,,"Shanghai Stadium, Shanghai (CHN)",13 MAY 2017,1128.0,women_5000m,2017,https://worldathletics.org/athletes/athlete=14792225,toplist
66.0,15:18.57,,Sarah PAGANO,23 JUL 1991,USA,4,,"Los Angeles, CA (USA)",18 MAY 2017,1127.0,women_5000m,2017,https://worldathletics.org/athletes/athlete=14366375,toplist
67.0,15:19.03,,Ednah KURGAT,15 JUN 1991,USA,2f1,,"Boston, MA (USA) (i)",02 DEC 2017,1150.0,women_5000m,2017,https://worldathletics.org/athletes/athlete=14681942,toplist
68.0,15:19.49,,Beyenu DEGEFA,12 JUL 1999,ETH,12,,"Stadio Olimpico, Roma (ITA)",08 JUN 2017,1126.0,women_5000m,2017,https://worldathletics.org/athletes/athlete=14760219,toplist
69.0,15:19.62,,Ann Karindi MWANGI,08 DEC 1988,KEN,,,Osaka (JPN),25 JUN 2017,1125.0,women_5000m,2017,https://worldathletics.org/athletes/athlete=14289075,toplist
70.0,15:19.73,,Lauren PAQUETTE,27 JUN 1986,USA,5,,"Los Angeles, CA (USA)",18 MAY 2017,1125.0,women_5000m,2017,https://worldathletics.org/athletes/athlete=14311688,toplist
71.0,15:19.81,,Camille BUSCOMB,11 JUL 1990,NZL,3,,Nijmegen (NED),02 JUN 2017,1125.0,women_5000m,2017,https://worldathletics.org/athletes/athlete=14292910,toplist
72.0,15:19.91,,Riko MATSUZAKI,24 DEC 1992,JPN,2f1,,"Palo Alto, CA (USA)",05 MAY 2017,1125.0,women_5000m,2017,https://worldathletics.org/athletes/athlete=14375867,toplist
73.0,15:19.96,,Grace Mbuthye KIMANZI,01 MAR 1992,KEN,3f1,,Abashiri (JPN),13 JUL 2017,1125.0,women_5000m,2017,https://worldathletics.org/athletes/athlete=14330100,toplist
74.0,15:20.10,,Dominique SCOTT,24 JUN 1992,RSA,13,,"Stadio Olimpico, Roma (ITA)",08 JUN 2017,1124.0,women_5000m,2017,https://worldathletics.org/athletes/athlete=14941416,toplist
74.0,15:20.10,,Haftamnesh TESFAYE,28 APR 1994,ETH,14,,"Stadio Olimpico, Roma (ITA)",08 JUN 2017,1124.0,women_5000m,2017,https://worldathletics.org/athletes/athlete=14477373,toplist
76.0,15:20.11,,Yui FUKUDA,01 JUN 1995,JPN,3f2,,Osaka (JPN),24 SEP 2017,1124.0,women_5000m,2017,https://worldathletics.org/athletes/athlete=14440510,toplist
77.0,15:20.50,,Ayuko SUZUKI,08 OCT 1991,JPN,2,,Osaka (JPN),25 JUN 2017,1124.0,women_5000m,2017,https://worldathletics.org/athletes/athlete=14428635,toplist
78.0,15:22.17,,Kate VAN BUSKIRK,09 JUN 1987,CAN,6f1,,"Palo Alto, CA (USA)",05 MAY 2017,1120.0,women_5000m,2017,https://worldathletics.org/athletes/athlete=14267049,toplist
79.0,15:22.36,,Heidi SEE,09 AUG 1989,AUS,1f2,,"Palo Alto, CA (USA)",05 MAY 2017,1120.0,women_5000m,2017,https://worldathletics.org/athletes/athlete=14272019,toplist
80.0,15:22.85,,Yuliya SHMATENKO,10 OCT 1991,UKR,1,,Kropyvnytskiy (UKR),08 JUL 2017,1119.0,women_5000m,2017,https://worldathletics.org/athletes/athlete=14473398,toplist
81.0,15:23.56,,Shuri OGASAWARA,03 OCT 2000,JPN,3,,Osaka (JPN),25 JUN 2017,1118.0,women_5000m,2017,https://worldathletics.org/athletes/athlete=14728058,toplist
82.0,15:24.12,,Sasha GOLLISH,27 DEC 1981,CAN,1,,"Portland, OR (USA)",16 JUN 2017,1117.0,women_5000m,2017,https://worldathletics.org/athletes/athlete=14267941,toplist
83.0,15:24.17,,Mao ICHIYAMA,29 MAY 1997,JPN,5f2,,Osaka (JPN),24 SEP 2017,1117.0,women_5000m,2017,https://worldathletics.org/athletes/athlete=14695498,toplist
84.0,15:24.53,,Gesa Felicitas KRAUSE,03 AUG 1992,GER,12,,"Shanghai Stadium, Shanghai (CHN)",13 MAY 2017,1116.0,women_5000m,2017,https://worldathletics.org/athletes/athlete=14329341,toplist
85.0,15:25.0h,,Netsanet GUDETA,15 APR 1996,ETH,3,,Addis Ababa (ETH),21 MAY 2017,1115.0,women_5000m,2017,https://worldathletics.org/athletes/athlete=14602692,toplist
86.0,15:25.48,,Vanessa FRASER,27 JUL 1995,USA,7,,"Sacramento, CA (USA)",23 JUN 2017,1114.0,women_5000m,2017,https://worldathletics.org/athletes/athlete=14520041,toplist
87.0,15:26.18,,Muriel CONEO PAREDES,15 MAR 1987,COL,13h2,,"Olympic Stadium, London (GBR)",10 AUG 2017,1113.0,women_5000m,2017,https://worldathletics.org/athletes/athlete=14264036,toplist
88.0,15:26.49,,Mimi BELETE,09 JUN 1988,BRN,14,,Heusden-Zolder (BEL),22 JUL 2017,1112.0,women_5000m,2017,https://worldathletics.org/athletes/athlete=14270503,toplist
89.0,15:26.56,,Amanda ECCLESTON,18 JUN 1990,USA,6,,"Los Angeles, CA (USA)",18 MAY 2017,1112.0,women_5000m,2017,https://worldathletics.org/athletes/athlete=14569199,toplist
90.0,15:26.59,,Sara SUTHERLAND,31 JAN 1992,USA,10f1,,"Palo Alto, CA (USA)",05 MAY 2017,1112.0,women_5000m,2017,https://worldathletics.org/athletes/athlete=14455444,toplist
91.0,15:27.14,,Nicole TULLY,30 OCT 1986,USA,9,,"Sacramento, CA (USA)",23 JUN 2017,1111.0,women_5000m,2017,https://worldathletics.org/athletes/athlete=14320686,toplist
92.0,15:27.36,,Erin FINN,19 NOV 1994,USA,2,,"College Station, TX (USA) (i)",10 MAR 2017,1134.0,women_5000m,2017,https://worldathletics.org/athletes/athlete=14462727,toplist
93.0,15:27.62,,Yukari ABE,21 AUG 1989,JPN,11f1,,"Palo Alto, CA (USA)",05 MAY 2017,1110.0,women_5000m,2017,https://worldathletics.org/athletes/athlete=14608080,toplist
94.0,15:28.22,,Giulia VIOLA,24 APR 1991,ITA,3f2,,"Palo Alto, CA (USA)",05 MAY 2017,1109.0,women_5000m,2017,https://worldathletics.org/athletes/athlete=14360794,toplist
95.0,15:28.38,,Esther MUTHONI,28 JUN 1996,KEN,3f6,,Yokohama (JPN),02 DEC 2017,1109.0,women_5000m,2017,https://worldathletics.org/athletes/athlete=14590707,toplist
96.0,15:28.64,,Yuka HORI,13 JUN 1996,JPN,7f2,,Osaka (JPN),24 SEP 2017,1108.0,women_5000m,2017,https://worldathletics.org/athletes/athlete=14548269,toplist
97.0,15:28.89,,Katherine RECEVEUR,19 JAN 1996,USA,1f1,,"Geneva, OH (USA) (i)",25 FEB 2017,0.0,women_5000m,2017,https://worldathletics.org/athletes/athlete=14546128,toplist
98.0,15:28.95,,Melissa COURTNEY-BRYANT,30 AUG 1993,GBR,4f2,,"Palo Alto, CA (USA)",05 MAY 2017,1108.0,women_5000m,2017,https://worldathletics.org/athletes/athlete=14274781,toplist
99.0,15:28.99,,Tess BARRETT,09 FEB 1996,USA,2f1,,"Geneva, OH (USA) (i)",25 FEB 2017,0.0,women_5000m,2017,https://worldathletics.org/athletes/athlete=14531947,toplist
100.0,15:29.07,,Charlotte TAYLOR,17 JAN 1994,GBR,13f1,,"Palo Alto, CA (USA)",05 MAY 2017,1107.0,women_5000m,2017,https://worldathletics.org/athletes/athlete=14373073,toplist
,14:57.97,,Vivian Jepkemei CHERUIYOT,11 SEP 1983,KEN,1.,,IAAF World Championships,22 AUG 2009,,,2009,,major_meet
,14:58.33,,Sylvia Jebiwot KIBET,28 MAR 1984,KEN,2.,,IAAF World Championships,22 AUG 2009,,,2009,,major_meet
,14:58.41,,Meseret DEFAR,19 NOV 1983,ETH,3.,,IAAF World Championships,22 AUG 2009,,,2009,,major_meet
,15:03.38,,Sentayehu EJIGU,28 JUN 1985,ETH,4.,,IAAF World Championships,22 AUG 2009,,,2009,,major_meet
,15:03.72,,Meselech MELKAMU,19 APR 1985,ETH,5.,,IAAF World Championships,22 AUG 2009,,,2009,,major_meet
,15:06.06,,Ines CHENONGE,01 FEB 1982,KEN,6.,,IAAF World Championships,22 AUG 2009,,,2009,,major_meet
,15:09.74,,Silvia WEISSTEINER,13 JUL 1979,ITA,7.,,IAAF World Championships,22 AUG 2009,,,2009,,major_meet
,15:11.12,,Genzebe DIBABA,08 FEB 1991,ETH,8.,,IAAF World Championships,22 AUG 2009,,,2009,,major_meet
,15:11.63,,Jennifer RHINES,01 JUL 1974,USA,9.,,IAAF World Championships,22 AUG 2009,,,2009,,major_meet
,15:12.22,,Sara MOREIRA,17 OCT 1985,POR,10.,,IAAF World Championships,22 AUG 2009,,,2009,,major_meet
,15:12.44,,Yuriko KOBAYASHI,12 DEC 1988,JPN,11.,,IAAF World Championships,22 AUG 2009,,,2009,,major_meet
,15:13.01,,Yurika NAKAMURA,01 APR 1986,JPN,12.,,IAAF World Championships,22 AUG 2009,,,2009,,major_meet
,15:20.36,,Krisztina PAPP,17 DEC 1982,HUN,13.,,IAAF World Championships,22 AUG 2009,,,2009,,major_meet
,15:31.73,,Zakia Mrisho MOHAMED,19 FEB 1984,TAN,14.,,IAAF World Championships,22 AUG 2009,,,2009,,major_meet
,DQ,,Alemitu BEKELE,17 SEP 1977,TUR, - ,,IAAF World Championships,22 AUG 2009,,,2009,,major_meet
,14:54.44,,Elvan ABEYLEGESSE,11 SEP 1982,TUR,1.,,Barcelona European Championships,01 AUG 2010,,,2010,,major_meet
,14:54.71,,Sara MOREIRA,17 OCT 1985,POR,2.,,Barcelona European Championships,01 AUG 2010,,,2010,,major_meet
,14:58.47,,Jessica AUGUSTO,08 NOV 1981,POR,3.,,Barcelona European Championships,01 AUG 2010,,,2010,,major_meet
,15:14.40,,Elena ROMAGNOLO,05 OCT 1982,ITA,4.,,Barcelona European Championships,01 AUG 2010,,,2010,,major_meet
,15:19.80,,Sabine FISCHER,29 JUN 1973,SUI,5.,,Barcelona European Championships,01 AUG 2010,,,2010,,major_meet
,15:29.44,,Anikó KÁLOVICS,13 MAY 1977,HUN,6.,,Barcelona European Championships,01 AUG 2010,,,2010,,major_meet
,15:31.11,,Olga KUNGINA,17 DEC 1986,RUS,7.,,Barcelona European Championships,01 AUG 2010,,,2010,,major_meet
,15:35.01,,Judit PLA,02 MAY 1978,ESP,8.,,Barcelona European Championships,01 AUG 2010,,,2010,,major_meet
,15:41.42,,Karoline Bjerkeli GRØVDAL,14 JUN 1990,NOR,9.,,Barcelona European Championships,01 AUG 2010,,,2010,,major_meet
,15:52.83,,Krisztina PAPP,17 DEC 1982,HUN,10.,,Barcelona European Championships,01 AUG 2010,,,2010,,major_meet
,16:00.51,,Gemma BARRACHINA FERNANDEZ,10 APR 1986,ESP,12.,,Barcelona European Championships,01 AUG 2010,,,2010,,major_meet
,16:06.10,,Roxana BÂRCĂ,22 JUN 1988,ROU,13.,,Barcelona European Championships,01 AUG 2010,,,2010,,major_meet
,DNF,,Lidia CHOJECKA,25 JAN 1977,POL,,,Barcelona European Championships,01 AUG 2010,,,2010,,major_meet
,DNF,,Olga KRAVTSOVA,25 JUL 1981,BLR,,,Barcelona European Championships,01 AUG 2010,,,2010,,major_meet
,DQ,,Alemitu BEKELE,17 SEP 1977,TUR, - ,,Barcelona European Championships,01 AUG 2010,,,2010,,major_meet
,DQ,,Mariya KONOVALOVA,14 AUG 1974,RUS, - ,,Barcelona European Championships,01 AUG 2010,,,2010,,major_meet
,DQ,,Yelizaveta GRECHISHNIKOVA,12 DEC 1983,RUS, - ,,Barcelona European Championships,01 AUG 2010,,,2010,,major_meet
,14:55.36,,Vivian Jepkemei CHERUIYOT,11 SEP 1983,KEN,1.,,IAAF World Championships,02 SEP 2011,,,2011,,major_meet
,14:56.21,,Sylvia Jebiwot KIBET,28 MAR 1984,KEN,2.,,IAAF World Championships,02 SEP 2011,,,2011,,major_meet
,14:56.94,,Meseret DEFAR,19 NOV 1983,ETH,3.,,IAAF World Championships,02 SEP 2011,,,2011,,major_meet
,14:59.99,,Sentayehu EJIGU,28 JUN 1985,ETH,4.,,IAAF World Championships,02 SEP 2011,,,2011,,major_meet
,15:00.23,,Mercy CHERONO,07 MAY 1991,KEN,5.,,IAAF World Championships,02 SEP 2011,,,2011,,major_meet
,15:01.01,,Linet Chepkwemoi MASAI,05 DEC 1989,KEN,6.,,IAAF World Championships,02 SEP 2011,,,2011,,major_meet
,15:09.25,,Lauren FLESHMAN,26 SEP 1981,USA,7.,,IAAF World Championships,02 SEP 2011,,,2011,,major_meet
,15:09.35,,Genzebe DIBABA,08 FEB 1991,ETH,8.,,IAAF World Championships,02 SEP 2011,,,2011,,major_meet
,15:14.62,,Tejitu DABA,20 AUG 1991,BRN,9.,,IAAF World Championships,02 SEP 2011,,,2011,,major_meet
,15:15.48,,Yelena ZADOROZHNAYA,03 DEC 1977,RUS,10.,,IAAF World Championships,02 SEP 2011,,,2011,,major_meet
,15:18.81,,Zakia Mrisho MOHAMED,19 FEB 1984,TAN,11.,,IAAF World Championships,02 SEP 2011,,,2011,,major_meet
,15:21.22,,Helen CLITHEROE,02 JAN 1974,GBR,12.,,IAAF World Championships,02 SEP 2011,,,2011,,major_meet
,15:41.67,,Hitomi NIIYA,26 FEB 1988,JPN,13.,,IAAF World Championships,02 SEP 2011,,,2011,,major_meet
,15:56.06,,Amy CRAGG,21 JAN 1984,USA,14.,,IAAF World Championships,02 SEP 2011,,,2011,,major_meet
,DQ,,Yelizaveta GRECHISHNIKOVA,12 DEC 1983,RUS, - ,,IAAF World Championships,02 SEP 2011,,,2011,,major_meet
,15:04.25,,Meseret DEFAR,19 NOV 1983,ETH,1.,,The XXX Olympic Games,10 AUG 2012,,,2012,,major_meet
,15:04.73,,Vivian Jepkemei CHERUIYOT,11 SEP 1983,KEN,2.,,The XXX Olympic Games,10 AUG 2012,,,2012,,major_meet
,15:05.15,,Tirunesh DIBABA,01 JUN 1985,ETH,3.,,The XXX Olympic Games,10 AUG 2012,,,2012,,major_meet
,15:05.79,,Sally KIPYEGO,19 DEC 1985,KEN,4.,,The XXX Olympic Games,10 AUG 2012,,,2012,,major_meet
,15:10.66,,Gelete BURKA,23 JAN 1986,ETH,5.,,The XXX Olympic Games,10 AUG 2012,,,2012,,major_meet
,15:11.59,,Viola Jelagat KIBIWOT,22 DEC 1983,KEN,6.,,The XXX Olympic Games,10 AUG 2012,,,2012,,major_meet
,15:12.72,,Joanne PAVEY,20 SEP 1973,GBR,7.,,The XXX Olympic Games,10 AUG 2012,,,2012,,major_meet
,15:14.55,,Julia BLEASDALE,09 SEP 1981,GBR,8.,,The XXX Olympic Games,10 AUG 2012,,,2012,,major_meet
,15:17.88,,Olga KUNGINA,17 DEC 1986,RUS,9.,,The XXX Olympic Games,10 AUG 2012,,,2012,,major_meet
,15:19.13,,Shitaye ESHETE,21 MAY 1990,BRN,10.,,The XXX Olympic Games,10 AUG 2012,,,2012,,major_meet
,15:20.29,,Molly HUDDLE,31 AUG 1984,USA,11.,,The XXX Olympic Games,10 AUG 2012,,,2012,,major_meet
,15:21.34,,Tejitu DABA,20 AUG 1991,BRN,12.,,The XXX Olympic Games,10 AUG 2012,,,2012,,major_meet
,15:21.38,,Yelena NAGOVITSYNA,07 DEC 1982,RUS,13.,,The XXX Olympic Games,10 AUG 2012,,,2012,,major_meet
,15:28.22,,Julie CULLEY,10 SEP 1981,USA,14.,,The XXX Olympic Games,10 AUG 2012,,,2012,,major_meet
,15:35.69,,Elena ROMAGNOLO,05 OCT 1982,ITA,15.,,The XXX Olympic Games,10 AUG 2012,,,2012,,major_meet
,15:11.70,,Olga KUNGINA,17 DEC 1986,RUS,1.,,Helsinki European Championships,28 JUN 2012,,,2012,,major_meet
,15:12.05,,Sara MOREIRA,17 OCT 1985,POR,2.,,Helsinki European Championships,28 JUN 2012,,,2012,,major_meet
,15:12.77,,Julia BLEASDALE,09 SEP 1981,GBR,3.,,Helsinki European Championships,28 JUN 2012,,,2012,,major_meet
,15:13.40,,Roxana BÂRCĂ,22 JUN 1988,ROU,4.,,Helsinki European Championships,28 JUN 2012,,,2012,,major_meet
,15:16.54,,Nadia EJJAFINI,1977,ITA,5.,,Helsinki European Championships,28 JUN 2012,,,2012,,major_meet
,15:22.15,,Almenesh BELETE,26 JUL 1989,BEL,6.,,Helsinki European Championships,28 JUN 2012,,,2012,,major_meet
,15:24.38,,Elena ROMAGNOLO,05 OCT 1982,ITA,7.,,Helsinki European Championships,28 JUN 2012,,,2012,,major_meet
,15:27.62,,Judit PLA,02 MAY 1978,ESP,8.,,Helsinki European Championships,28 JUN 2012,,,2012,,major_meet
,15:29.71,,Dudu KARAKAYA,11 NOV 1985,TUR,9.,,Helsinki European Championships,28 JUN 2012,,,2012,,major_meet
,15:33.49,,Christine BARDELLE,16 AUG 1974,FRA,10.,,Helsinki European Championships,28 JUN 2012,,,2012,,major_meet
,15:33.68,,Barbara MAVEAU,16 FEB 1987,BEL,11.,,Helsinki European Championships,28 JUN 2012,,,2012,,major_meet
,15:33.88,,Layes ABDULLAYEVA,29 MAY 1991,AZE,12.,,Helsinki European Championships,28 JUN 2012,,,2012,,major_meet
,15:39.23,,Silvia WEISSTEINER,13 JUL 1979,ITA,13.,,Helsinki European Championships,28 JUN 2012,,,2012,,major_meet
,15:49.13,,Helen CLITHEROE,02 JAN 1974,GBR,14.,,Helsinki European Championships,28 JUN 2012,,,2012,,major_meet
,15:52.74,,Maren ORTH,22 JUN 1990,GER,15.,,Helsinki European Championships,28 JUN 2012,,,2012,,major_meet
,16:07.73,,Lidia RODRÍGUEZ,26 MAY 1986,ESP,16.,,Helsinki European Championships,28 JUN 2012,,,2012,,major_meet
,DNF,,Fadime ÇELIK,25 OCT 1986,TUR,,,Helsinki European Championships,28 JUN 2012,,,2012,,major_meet
,DNF,,Sabine FISCHER,29 JUN 1973,SUI,,,Helsinki European Championships,28 JUN 2012,,,2012,,major_meet
,DQ,,Svetlana SIMAKOVA,12 JUN 1987,RUS, - ,,Helsinki European Championships,28 JUN 2012,,,2012,,major_meet
,DQ,,Lyudmila KOVALENKO,26 JUN 1989,UKR, - ,,Helsinki European Championships,28 JUN 2012,,,2012,,major_meet
,14:50.19,,Meseret DEFAR,19 NOV 1983,ETH,1.,,IAAF World Championships,17 AUG 2013,,,2013,,major_meet
,14:51.22,,Mercy CHERONO,07 MAY 1991,KEN,2.,,IAAF World Championships,17 AUG 2013,,,2013,,major_meet
,14:51.33,,Almaz AYANA,21 NOV 1991,ETH,3.,,IAAF World Championships,17 AUG 2013,,,2013,,major_meet
,15:01.67,,Viola Jelagat KIBIWOT,22 DEC 1983,KEN,4.,,IAAF World Championships,17 AUG 2013,,,2013,,major_meet
,15:05.38,,Buze DIRIBA,09 FEB 1994,ETH,5.,,IAAF World Championships,17 AUG 2013,,,2013,,major_meet
,15:05.73,,Molly HUDDLE,31 AUG 1984,USA,6.,,IAAF World Championships,17 AUG 2013,,,2013,,major_meet
,15:06.10,,Shannon ROWBURY,19 SEP 1984,USA,7.,,IAAF World Championships,17 AUG 2013,,,2013,,major_meet
,15:14.70,,Susan KUIJKEN,08 JUL 1986,NED,8.,,IAAF World Championships,17 AUG 2013,,,2013,,major_meet
,15:24.83,,Yelena NAGOVITSYNA,07 DEC 1982,RUS,9.,,IAAF World Championships,17 AUG 2013,,,2013,,major_meet
,15:30.42,,Dolores CHECA,27 DEC 1982,ESP,10.,,IAAF World Championships,17 AUG 2013,,,2013,,major_meet
,15:33.89,,Tejitu DABA,20 AUG 1991,BRN,11.,,IAAF World Championships,17 AUG 2013,,,2013,,major_meet
,15:36.58,,Kim CONLEY,14 MAR 1986,USA,12.,,IAAF World Championships,17 AUG 2013,,,2013,,major_meet
,15:48.87,,Karoline Bjerkeli GRØVDAL,14 JUN 1990,NOR,13.,,IAAF World Championships,17 AUG 2013,,,2013,,major_meet
,15:58.26,,Dominika NOWAKOWSKA,25 JAN 1985,POL,14.,,IAAF World Championships,17 AUG 2013,,,2013,,major_meet
,16:08.32,,Jackie ARESON,31 MAR 1988,AUS,15.,,IAAF World Championships,17 AUG 2013,,,2013,,major_meet
,15:31.39,,Meraf BAHTA,24 JUN 1989,SWE,1.,,Zürich European Championships,16 AUG 2014,,,2014,,major_meet
,15:31.79,,Sifan HASSAN,01 JAN 1993,NED,2.,,Zürich European Championships,16 AUG 2014,,,2014,,major_meet
,15:32.82,,Susan KUIJKEN,08 JUL 1986,NED,3.,,Zürich European Championships,16 AUG 2014,,,2014,,major_meet
,15:35.59,,Nuria FERNÁNDEZ,16 AUG 1976,ESP,4.,,Zürich European Championships,16 AUG 2014,,,2014,,major_meet
,15:38.13,,Sara MOREIRA,17 OCT 1985,POR,5.,,Zürich European Championships,16 AUG 2014,,,2014,,major_meet
,15:38.41,,Joanne PAVEY,20 SEP 1973,GBR,6.,,Zürich European Championships,16 AUG 2014,,,2014,,major_meet
,15:38.76,,Giulia VIOLA,24 APR 1991,ITA,7.,,Zürich European Championships,16 AUG 2014,,,2014,,major_meet
,15:42.98,,Emelia GORECKA,29 JAN 1994,GBR,8.,,Zürich European Championships,16 AUG 2014,,,2014,,major_meet
,15:47.61,,Jennifer WENTH,24 JUL 1991,AUT,9.,,Zürich European Championships,16 AUG 2014,,,2014,,major_meet
,15:48.58,,Renata PLIŚ,05 FEB 1985,POL,10.,,Zürich European Championships,16 AUG 2014,,,2014,,major_meet
,15:52.78,,Karoline Bjerkeli GRØVDAL,14 JUN 1990,NOR,11.,,Zürich European Championships,16 AUG 2014,,,2014,,major_meet
,16:04.60,,Maren ORTH,22 JUN 1990,GER,13.,,Zürich European Championships,16 AUG 2014,,,2014,,major_meet
,DQ,,Yelena KOROBKINA,25 NOV 1990,RUS, - ,,Zürich European Championships,16 AUG 2014,,,2014,,major_meet
,14:26.83,,Almaz AYANA,21 NOV 1991,ETH,1.,,IAAF World Championships,30 AUG 2015,,,2015,,major_meet
,14:44.07,,Senbere TEFERI,03 MAY 1995,ETH,2.,,IAAF World Championships,30 AUG 2015,,,2015,,major_meet
,14:44.14,,Genzebe DIBABA,08 FEB 1991,ETH,3.,,IAAF World Championships,30 AUG 2015,,,2015,,major_meet
,14:46.16,,Viola Jelagat KIBIWOT,22 DEC 1983,KEN,4.,,IAAF World Championships,30 AUG 2015,,,2015,,major_meet
,15:01.36,,Mercy CHERONO,07 MAY 1991,KEN,5.,,IAAF World Championships,30 AUG 2015,,,2015,,major_meet
,15:02.68,,Janet KISA,05 DEC 1992,KEN,6.,,IAAF World Championships,30 AUG 2015,,,2015,,major_meet
,15:03.41,,Irine Chepet CHEPTAI,04 FEB 1992,KEN,7.,,IAAF World Championships,30 AUG 2015,,,2015,,major_meet
,15:08.00,,Susan KUIJKEN,08 JUL 1986,NED,8.,,IAAF World Championships,30 AUG 2015,,,2015,,major_meet
,15:08.29,,Ayuko SUZUKI,08 OCT 1991,JPN,9.,,IAAF World Championships,30 AUG 2015,,,2015,,major_meet
,15:09.62,,Eloise WELLINGS,09 NOV 1982,AUS,10.,,IAAF World Championships,30 AUG 2015,,,2015,,major_meet
,15:17.01,,Mimi BELETE,09 JUN 1988,BRN,11.,,IAAF World Championships,30 AUG 2015,,,2015,,major_meet
,15:26.24,,Stephanie TWELL,17 AUG 1989,GBR,12.,,IAAF World Championships,30 AUG 2015,,,2015,,major_meet
,15:27.42,,Nicole TULLY,30 OCT 1986,USA,13.,,IAAF World Championships,30 AUG 2015,,,2015,,major_meet
,15:29.63,,Misaki ONISHI,24 FEB 1985,JPN,14.,,IAAF World Championships,30 AUG 2015,,,2015,,major_meet
,15:35.46,,Jennifer WENTH,24 JUL 1991,AUT,15.,,IAAF World Championships,30 AUG 2015,,,2015,,major_meet
,14:26.17,,Vivian Jepkemei CHERUIYOT,11 SEP 1983,KEN,1.,,The XXXI Olympic Games,19 AUG 2016,,,2016,,major_meet
,14:29.77,,Hellen OBIRI,13 DEC 1989,KEN,2.,,The XXXI Olympic Games,19 AUG 2016,,,2016,,major_meet
,14:33.59,,Almaz AYANA,21 NOV 1991,ETH,3.,,The XXXI Olympic Games,19 AUG 2016,,,2016,,major_meet
,14:42.89,,Mercy CHERONO,07 MAY 1991,KEN,4.,,The XXXI Olympic Games,19 AUG 2016,,,2016,,major_meet
,14:43.75,,Senbere TEFERI,03 MAY 1995,ETH,5.,,The XXXI Olympic Games,19 AUG 2016,,,2016,,major_meet
,14:56.96,,Yasemin CAN,11 DEC 1996,TUR,6.,,The XXXI Olympic Games,19 AUG 2016,,,2016,,major_meet
,14:57.53,,Karoline Bjerkeli GRØVDAL,14 JUN 1990,NOR,7.,,The XXXI Olympic Games,19 AUG 2016,,,2016,,major_meet
,15:00.69,,Susan KUIJKEN,08 JUL 1986,NED,8.,,The XXXI Olympic Games,19 AUG 2016,,,2016,,major_meet
,15:01.59,,Eloise WELLINGS,09 NOV 1982,AUS,9.,,The XXXI Olympic Games,19 AUG 2016,,,2016,,major_meet
,15:04.05,,Madeleine HILLS,15 MAY 1987,AUS,10.,,The XXXI Olympic Games,19 AUG 2016,,,2016,,major_meet
,15:08.89,,Shelby HOULIHAN,08 FEB 1993,USA,11.,,The XXXI Olympic Games,19 AUG 2016,,,2016,,major_meet
,15:10.35,,Genevieve LACAZE,04 AUG 1989,AUS,12.,,The XXXI Olympic Games,19 AUG 2016,,,2016,,major_meet
,15:12.09,,Eilish MCCOLGAN,25 NOV 1990,GBR,13.,,The XXXI Olympic Games,19 AUG 2016,,,2016,,major_meet
,15:18.26,,Ababel YESHANEH,22 JUL 1991,ETH,14.,,The XXXI Olympic Games,19 AUG 2016,,,2016,,major_meet
,15:34.97,,Miyuki UEHARA,22 NOV 1995,JPN,15.,,The XXXI Olympic Games,19 AUG 2016,,,2016,,major_meet
,15:56.11,,Jennifer WENTH,24 JUL 1991,AUT,16.,,The XXXI Olympic Games,19 AUG 2016,,,2016,,major_meet
,16:14.24,,Nikki HAMBLIN,20 MAY 1988,NZL,17.,,The XXXI Olympic Games,19 AUG 2016,,,2016,,major_meet
,DNS,,Abbey COOPER,25 MAY 1992,USA,,,The XXXI Olympic Games,19 AUG 2016,,,2016,,major_meet
,15:18.15,,Yasemin CAN,11 DEC 1996,TUR,1.,,European Athletics Championships,09 JUL 2016,,,2016,,major_meet
,15:20.54,,Meraf BAHTA,24 JUN 1989,SWE,2.,,European Athletics Championships,09 JUL 2016,,,2016,,major_meet
,15:20.70,,Stephanie TWELL,17 AUG 1989,GBR,3.,,European Athletics Championships,09 JUL 2016,,,2016,,major_meet
,15:23.87,,Susan KUIJKEN,08 JUL 1986,NED,4.,,European Athletics Championships,09 JUL 2016,,,2016,,major_meet
,15:24.18,,Laura WHITTLE,27 JUN 1985,GBR,5.,,European Athletics Championships,09 JUL 2016,,,2016,,major_meet
,15:28.53,,Eilish MCCOLGAN,25 NOV 1990,GBR,6.,,European Athletics Championships,09 JUL 2016,,,2016,,major_meet
,15:42.79,,Louise CARTON,16 APR 1994,BEL,7.,,European Athletics Championships,09 JUL 2016,,,2016,,major_meet
,15:56.75,,Alexi PAPPAS,28 MAR 1990,GRE,11.,,European Athletics Championships,09 JUL 2016,,,2016,,major_meet
,DNF,,Maren ORTH,22 JUN 1990,GER,,,European Athletics Championships,09 JUL 2016,,,2016,,major_meet
,14:34.86,,Hellen OBIRI,13 DEC 1989,KEN,1.,,IAAF World Championships in Athletics,13 AUG 2017,,,2017,,major_meet
,14:40.35,,Almaz AYANA,21 NOV 1991,ETH,2.,,IAAF World Championships in Athletics,13 AUG 2017,,,2017,,major_meet
,14:42.73,,Sifan HASSAN,01 JAN 1993,NED,3.,,IAAF World Championships in Athletics,13 AUG 2017,,,2017,,major_meet
,14:47.45,,Senbere TEFERI,03 MAY 1995,ETH,4.,,IAAF World Championships in Athletics,13 AUG 2017,,,2017,,major_meet
,14:48.74,,Margaret Chelimo KIPKEMBOI,09 FEB 1993,KEN,5.,,IAAF World Championships in Athletics,13 AUG 2017,,,2017,,major_meet
,14:52.07,,Laura MUIR,09 MAY 1993,GBR,6.,,IAAF World Championships in Athletics,13 AUG 2017,,,2017,,major_meet
,14:54.05,,Sheila CHEPKIRUI,27 DEC 1990,KEN,7.,,IAAF World Championships in Athletics,13 AUG 2017,,,2017,,major_meet
,14:58.33,,Susan KRUMINS,08 JUL 1986,NED,8.,,IAAF World Championships in Athletics,13 AUG 2017,,,2017,,major_meet
,14:59.92,,Shannon ROWBURY,19 SEP 1984,USA,9.,,IAAF World Championships in Athletics,13 AUG 2017,,,2017,,major_meet
,15:00.43,,Eilish MCCOLGAN,25 NOV 1990,GBR,10.,,IAAF World Championships in Athletics,13 AUG 2017,,,2017,,major_meet
,15:04.99,,Letesenbet GIDEY,20 MAR 1998,ETH,11.,,IAAF World Championships in Athletics,13 AUG 2017,,,2017,,major_meet
,15:05.28,,Molly HUDDLE,31 AUG 1984,USA,12.,,IAAF World Championships in Athletics,13 AUG 2017,,,2017,,major_meet
,15:06.40,,Shelby HOULIHAN,08 FEB 1993,USA,13.,,IAAF World Championships in Athletics,13 AUG 2017,,,2017,,major_meet
,15:28.21,,Kalkidan GEZAHEGNE,08 MAY 1991,BRN,14.,,IAAF World Championships in Athletics,13 AUG 2017,,,2017,,major_meet
,DNF,,Karoline Bjerkeli GRØVDAL,14 JUN 1990,NOR,,,IAAF World Championships in Athletics,13 AUG 2017,,,2017,,major_meet
,14:46.12,,Sifan HASSAN,01 JAN 1993,NED,1.,,European Athletics Championships,12 AUG 2018,,,2018,,major_meet
,14:53.05,,Eilish MCCOLGAN,25 NOV 1990,GBR,2.,,European Athletics Championships,12 AUG 2018,,,2018,,major_meet
,14:57.63,,Yasemin CAN,11 DEC 1996,TUR,3.,,European Athletics Championships,12 AUG 2018,,,2018,,major_meet
,15:03.73,,Konstanze KLOSTERHALFEN,18 FEB 1997,GER,4.,,European Athletics Championships,12 AUG 2018,,,2018,,major_meet
,15:04.75,,Melissa COURTNEY-BRYANT,30 AUG 1993,GBR,5.,,European Athletics Championships,12 AUG 2018,,,2018,,major_meet
,15:09.65,,Susan KRUMINS,08 JUL 1986,NED,6.,,European Athletics Championships,12 AUG 2018,,,2018,,major_meet
,15:16.13,,Ancuţa BOBOCEL,03 OCT 1987,ROU,7.,,European Athletics Championships,12 AUG 2018,,,2018,,major_meet
,15:21.64,,Maureen KOSTER,03 JUL 1992,NED,8.,,European Athletics Championships,12 AUG 2018,,,2018,,major_meet
,15:24.36,,Charlotta FOUGBERG,19 JUN 1985,SWE,9.,,European Athletics Championships,12 AUG 2018,,,2018,,major_meet
,15:41.10,,Stephanie TWELL,17 AUG 1989,GBR,10.,,European Athletics Championships,12 AUG 2018,,,2018,,major_meet
,15:49.21,,Paulina KACZYŃSKA,24 JUL 1991,POL,12.,,European Athletics Championships,12 AUG 2018,,,2018,,major_meet
,15:53.27,,Louise CARTON,16 APR 1994,BEL,13.,,European Athletics Championships,12 AUG 2018,,,2018,,major_meet
,16:07.98,,Denise KREBS,27 JUN 1987,GER,14.,,European Athletics Championships,12 AUG 2018,,,2018,,major_meet
,16:41.37,,Yuliya SHMATENKO,10 OCT 1991,UKR,15.,,European Athletics Championships,12 AUG 2018,,,2018,,major_meet
,DNF,,Linn NILSSON,15 OCT 1990,SWE,,,European Athletics Championships,12 AUG 2018,,,2018,,major_meet
,DNF,,Hanna KLEIN,06 APR 1993,GER,,,European Athletics Championships,12 AUG 2018,,,2018,,major_meet
,DQ,,Lonah Chemtai SALPETER,12 DEC 1988,ISR,,,European Athletics Championships,12 AUG 2018,,,2018,,major_meet
,14:26.72,,Hellen OBIRI,13 DEC 1989,KEN,1.,,IAAF World Championships in Athletics,05 OCT 2019,,,2019,,major_meet
,14:27.49,,Margaret Chelimo KIPKEMBOI,09 FEB 1993,KEN,2.,,IAAF World Championships in Athletics,05 OCT 2019,,,2019,,major_meet
,14:28.43,,Konstanze KLOSTERHALFEN,18 FEB 1997,GER,3.,,IAAF World Championships in Athletics,05 OCT 2019,,,2019,,major_meet
,14:29.60,,Tsehay GEMECHU,12 DEC 1998,ETH,4.,,IAAF World Championships in Athletics,05 OCT 2019,,,2019,,major_meet
,14:36.05,,Lilian Kasait RENGERUK,03 MAY 1997,KEN,5.,,IAAF World Championships in Athletics,05 OCT 2019,,,2019,,major_meet
,14:40.47,,Fantu WORKU,29 MAR 1999,ETH,6.,,IAAF World Championships in Athletics,05 OCT 2019,,,2019,,major_meet
,14:44.57,,Laura WEIGHTMAN,01 JUL 1991,GBR,7.,,IAAF World Championships in Athletics,05 OCT 2019,,,2019,,major_meet
,14:44.92,,Hawi FEYSA,01 FEB 1999,ETH,8.,,IAAF World Championships in Athletics,05 OCT 2019,,,2019,,major_meet
,14:45.18,,Karissa SCHWEIZER,04 MAY 1996,USA,9.,,IAAF World Championships in Athletics,05 OCT 2019,,,2019,,major_meet
,14:46.17,,Eilish MCCOLGAN,25 NOV 1990,GBR,10.,,IAAF World Championships in Athletics,05 OCT 2019,,,2019,,major_meet
,14:58.17,,Ellinor PURRIER,20 FEB 1995,USA,11.,,IAAF World Championships in Athletics,05 OCT 2019,,,2019,,major_meet
,14:58.59,,Camille BUSCOMB,11 JUL 1990,NZL,12.,,IAAF World Championships in Athletics,05 OCT 2019,,,2019,,major_meet
,14:59.95,,Andrea SECCAFIEN,27 AUG 1990,CAN,13.,,IAAF World Championships in Athletics,05 OCT 2019,,,2019,,major_meet
,15:00.01,,Nozomi TANAKA,04 SEP 1999,JPN,14.,,IAAF World Championships in Athletics,05 OCT 2019,,,2019,,major_meet
,15:24.47,,Dominique SCOTT,24 JUN 1992,RSA,15.,,IAAF World Championships in Athletics,05 OCT 2019,,,2019,,major_meet
,14:36.79,,Sifan HASSAN,01 JAN 1993,NED,1.,,The XXXII Olympic Games,02 AUG 2021,,,2021,,major_meet
,14:38.36,,Hellen OBIRI,13 DEC 1989,KEN,2.,,The XXXII Olympic Games,02 AUG 2021,,,2021,,major_meet
,14:38.87,,Gudaf TSEGAY,23 JAN 1997,ETH,3.,,The XXXII Olympic Games,02 AUG 2021,,,2021,,major_meet
,14:39.62,,Agnes Jebet TIROP,23 OCT 1995,KEN,4.,,The XXXII Olympic Games,02 AUG 2021,,,2021,,major_meet
,14:41.24,,Ejgayehu TAYE,10 FEB 2000,ETH,5.,,The XXXII Olympic Games,02 AUG 2021,,,2021,,major_meet
,14:45.11,,Senbere TEFERI,03 MAY 1995,ETH,6.,,The XXXII Olympic Games,02 AUG 2021,,,2021,,major_meet
,14:46.29,,Nadia BATTOCLETTI,12 APR 2000,ITA,7.,,The XXXII Olympic Games,02 AUG 2021,,,2021,,major_meet
,14:46.49,,Yasemin CAN,11 DEC 1996,TUR,8.,,The XXXII Olympic Games,02 AUG 2021,,,2021,,major_meet
,14:52.84,,Ririka HIRONAKA,24 NOV 2000,JPN,9.,,The XXXII Olympic Games,02 AUG 2021,,,2021,,major_meet
,14:54.39,,Selamawit TEFERI,24 MAR 1994,ISR,10.,,The XXXII Olympic Games,02 AUG 2021,,,2021,,major_meet
,14:55.80,,Karissa SCHWEIZER,04 MAY 1996,USA,11.,,The XXXII Olympic Games,02 AUG 2021,,,2021,,major_meet
,14:55.85,,Lilian Kasait RENGERUK,03 MAY 1997,KEN,12.,,The XXXII Olympic Games,02 AUG 2021,,,2021,,major_meet
,14:55.98,,Elise CRANNY,09 MAY 1996,USA,13.,,The XXXII Olympic Games,02 AUG 2021,,,2021,,major_meet
,15:09.37,,Karoline Bjerkeli GRØVDAL,14 JUN 1990,NOR,14.,,The XXXII Olympic Games,02 AUG 2021,,,2021,,major_meet
,15:12.09,,Andrea SECCAFIEN,27 AUG 1990,CAN,15.,,The XXXII Olympic Games,02 AUG 2021,,,2021,,major_meet
,14:55.27,,Margaret Chelimo KIPKEMBOI,09 FEB 1993,KEN,1.,,Kip Keino Classic,18 SEP 2021,,,2021,,major_meet
,15:12.16,,Eva CHERONO,15 AUG 1996,KEN,2.,,Kip Keino Classic,18 SEP 2021,,,2021,,major_meet
,15:17.71,,Lilian Kasait RENGERUK,03 MAY 1997,KEN,3.,,Kip Keino Classic,18 SEP 2021,,,2021,,major_meet
,15:28.27,,Loice CHEMNUNG,22 FEB 1997,KEN,4.,,Kip Keino Classic,18 SEP 2021,,,2021,,major_meet
,15:37.48,,Meskerem MAMO,13 APR 1999,ETH,5.,,Kip Keino Classic,18 SEP 2021,,,2021,,major_meet
,16:06.50,,Alemaz SAMUEL,05 JUL 1999,ETH,6.,,Kip Keino Classic,18 SEP 2021,,,2021,,major_meet
,16:19.24,,Rahel DANIEL,16 NOV 2001,ERI,7.,,Kip Keino Classic,18 SEP 2021,,,2021,,major_meet
,16:40.35,,Meselu BERHE,29 MAY 2000,ETH,8.,,Kip Keino Classic,18 SEP 2021,,,2021,,major_meet
,16:55.01,,Jackline Chepwogen ROTICH,03 JUL 2000,KEN,9.,,Kip Keino Classic,18 SEP 2021,,,2021,,major_meet
,17:33.20,,Prisca CHESANG,07 AUG 2003,UGA,10.,,Kip Keino Classic,18 SEP 2021,,,2021,,major_meet
,15:02.34,,Julie-Anne STAEHLI,21 DEC 1993,CAN,1.,,USATF Golden Games,09 MAY 2021,,,2021,,major_meet
,15:02.48,,Laura GALVÁN,05 OCT 1991,MEX,2.,,USATF Golden Games,09 MAY 2021,,,2021,,major_meet
,15:05.91,,Natalia HAWTHORN,12 JAN 1995,CAN,3.,,USATF Golden Games,09 MAY 2021,,,2021,,major_meet
,15:06.02,,Jess JUDD,07 JAN 1995,GBR,4.,,USATF Golden Games,09 MAY 2021,,,2021,,major_meet
,15:23.24,,Molly HUDDLE,31 AUG 1984,USA,5.,,USATF Golden Games,09 MAY 2021,,,2021,,major_meet
,15:36.07,,Stephanie TWELL,17 AUG 1989,GBR,7.,,USATF Golden Games,09 MAY 2021,,,2021,,major_meet
,15:40.83,,Sarah PAGANO,23 JUL 1991,USA,8.,,USATF Golden Games,09 MAY 2021,,,2021,,major_meet
,DNS,,Katrina COOGAN,15 NOV 1993,USA,,,USATF Golden Games,09 MAY 2021,,,2021,,major_meet
,15:10.91,,Teresiah GATERI,05 JAN 2002,KEN,1.,,"""READY STEADY TOKYO - Athletics""",09 MAY 2021,,,2021,,major_meet
,15:11.52,,Judy Jepngetich CHEPASKWONY,24 DEC 2002,KEN,2.,,"""READY STEADY TOKYO - Athletics""",09 MAY 2021,,,2021,,major_meet
,15:11.84,,Kaede HAGITANI,10 OCT 2000,JPN,3.,,"""READY STEADY TOKYO - Athletics""",09 MAY 2021,,,2021,,major_meet
,15:12.86,,Ririka HIRONAKA,24 NOV 2000,JPN,4.,,"""READY STEADY TOKYO - Athletics""",09 MAY 2021,,,2021,,major_meet
,15:18.21,,Hitomi NIIYA,26 FEB 1988,JPN,5.,,"""READY STEADY TOKYO - Athletics""",09 MAY 2021,,,2021,,major_meet
,15:34.76,,Mikuni YADA,29 OCT 1999,JPN,6.,,"""READY STEADY TOKYO - Athletics""",09 MAY 2021,,,2021,,major_meet
,15:34.97,,Momoka KAWAGUCHI,28 JUN 1998,JPN,7.,,"""READY STEADY TOKYO - Athletics""",09 MAY 2021,,,2021,,major_meet
,15:39.38,,Agnes Mwikali MUTUKU,15 DEC 2002,KEN,8.,,"""READY STEADY TOKYO - Athletics""",09 MAY 2021,,,2021,,major_meet
,15:44.92,,Yuna WADA,07 AUG 1999,JPN,9.,,"""READY STEADY TOKYO - Athletics""",09 MAY 2021,,,2021,,major_meet
,15:55.56,,Shiori YANO,11 FEB 1995,JPN,11.,,"""READY STEADY TOKYO - Athletics""",09 MAY 2021,,,2021,,major_meet
,15:56.02,,Kasumi NISHIHARA,01 MAR 1989,JPN,12.,,"""READY STEADY TOKYO - Athletics""",09 MAY 2021,,,2021,,major_meet
,16:02.06,,Miyaka SUGATA,09 MAR 2001,JPN,15.,,"""READY STEADY TOKYO - Athletics""",09 MAY 2021,,,2021,,major_meet
,14:52.44,,Eilish MCCOLGAN,25 NOV 1990,GBR,1.,,USATF Grand Prix,24 APR 2021,,,2021,,major_meet
,15:13.27,,Abbey COOPER,25 MAY 1992,USA,2.,,USATF Grand Prix,24 APR 2021,,,2021,,major_meet
,15:17.13,,Amy-Eloise MARKOVC,05 AUG 1995,GBR,3.,,USATF Grand Prix,24 APR 2021,,,2021,,major_meet
,15:18.35,,Ednah KURGAT,15 JUN 1991,USA,4.,,USATF Grand Prix,24 APR 2021,,,2021,,major_meet
,15:18.67,,Natalia HAWTHORN,12 JAN 1995,CAN,5.,,USATF Grand Prix,24 APR 2021,,,2021,,major_meet
,15:22.55,,Sara HALL,15 APR 1983,USA,6.,,USATF Grand Prix,24 APR 2021,,,2021,,major_meet
,DNF,,Jessica HULL,22 OCT 1996,AUS,,,USATF Grand Prix,24 APR 2021,,,2021,,major_meet
,14:46.29,,Gudaf TSEGAY,23 JAN 1997,ETH,1.,,"World Athletics Championships, Oregon 2022",23 JUL 2022,,,2022,,major_meet
,14:46.75,,Beatrice CHEBET,05 MAR 2000,KEN,2.,,"World Athletics Championships, Oregon 2022",23 JUL 2022,,,2022,,major_meet
,14:47.36,,Dawit SEYAUM,27 JUL 1996,ETH,3.,,"World Athletics Championships, Oregon 2022",23 JUL 2022,,,2022,,major_meet
,14:47.71,,Margaret Chelimo KIPKEMBOI,09 FEB 1993,KEN,4.,,"World Athletics Championships, Oregon 2022",23 JUL 2022,,,2022,,major_meet
,14:47.98,,Letesenbet GIDEY,20 MAR 1998,ETH,5.,,"World Athletics Championships, Oregon 2022",23 JUL 2022,,,2022,,major_meet
,14:48.12,,Sifan HASSAN,01 JAN 1993,NED,6.,,"World Athletics Championships, Oregon 2022",23 JUL 2022,,,2022,,major_meet
,14:54.80,,Caroline Chepkoech KIPKIRUI,26 MAY 1994,KAZ,7.,,"World Athletics Championships, Oregon 2022",23 JUL 2022,,,2022,,major_meet
,14:57.62,,Karoline Bjerkeli GRØVDAL,14 JUN 1990,NOR,8.,,"World Athletics Championships, Oregon 2022",23 JUL 2022,,,2022,,major_meet
,14:59.99,,Elise CRANNY,09 MAY 1996,USA,9.,,"World Athletics Championships, Oregon 2022",23 JUL 2022,,,2022,,major_meet
,15:03.03,,Eilish MCCOLGAN,25 NOV 1990,GBR,10.,,"World Athletics Championships, Oregon 2022",23 JUL 2022,,,2022,,major_meet
,15:19.35,,Nozomi TANAKA,04 SEP 1999,JPN,11.,,"World Athletics Championships, Oregon 2022",23 JUL 2022,,,2022,,major_meet
,15:19.88,,Jess JUDD,07 JAN 1995,GBR,12.,,"World Athletics Championships, Oregon 2022",23 JUL 2022,,,2022,,major_meet
,15:29.03,,Emily INFELD,21 MAR 1990,USA,13.,,"World Athletics Championships, Oregon 2022",23 JUL 2022,,,2022,,major_meet
,DNF,,Karissa SCHWEIZER,04 MAY 1996,USA,,,"World Athletics Championships, Oregon 2022",23 JUL 2022,,,2022,,major_meet
,DQ,,Gloria KITE,10 JAN 1998,KEN, - ,,"World Athletics Championships, Oregon 2022",23 JUL 2022,,,2022,,major_meet
,14:50.47,,Konstanze KLOSTERHALFEN,18 FEB 1997,GER,1.,,European Athletics Championships,18 AUG 2022,,,2022,,major_meet
,14:56.91,,Yasemin CAN,11 DEC 1996,TUR,2.,,European Athletics Championships,18 AUG 2022,,,2022,,major_meet
,14:59.34,,Eilish MCCOLGAN,25 NOV 1990,GBR,3.,,European Athletics Championships,18 AUG 2022,,,2022,,major_meet
,15:03.29,,Maureen KOSTER,03 JUL 1992,NED,4.,,European Athletics Championships,18 AUG 2022,,,2022,,major_meet
,15:08.75,,Amy-Eloise MARKOVC,05 AUG 1995,GBR,5.,,European Athletics Championships,18 AUG 2022,,,2022,,major_meet
,15:08.79,,Calli THACKERY,09 JAN 1993,GBR,6.,,European Athletics Championships,18 AUG 2022,,,2022,,major_meet
,15:10.90,,Nadia BATTOCLETTI,12 APR 2000,ITA,7.,,European Athletics Championships,18 AUG 2022,,,2022,,major_meet
,15:14.36,,Selamawit TEFERI,24 MAR 1994,ISR,8.,,European Athletics Championships,18 AUG 2022,,,2022,,major_meet
,15:16.11,,Viktória WAGNER-GYÜRKÉS,15 OCT 1992,HUN,9.,,European Athletics Championships,18 AUG 2022,,,2022,,major_meet
,15:16.71,,Camilla RICHARDSSON,14 SEP 1993,FIN,10.,,European Athletics Championships,18 AUG 2022,,,2022,,major_meet
,15:23.36,,Marta GARCÍA,01 JAN 1998,ESP,12.,,European Athletics Championships,18 AUG 2022,,,2022,,major_meet
,15:26.44,,Diane VAN ES,22 MAR 1999,NED,13.,,European Athletics Championships,18 AUG 2022,,,2022,,major_meet
,15:52.64,,Carla GALLARDO,09 FEB 1999,ESP,16.,,European Athletics Championships,18 AUG 2022,,,2022,,major_meet
,DNS,,Sarah LAHTI,18 FEB 1995,SWE,,,European Athletics Championships,18 AUG 2022,,,2022,,major_meet
,DNF,,Karoline Bjerkeli GRØVDAL,14 JUN 1990,NOR,,,European Athletics Championships,18 AUG 2022,,,2022,,major_meet
,DNF,,Alina REH,23 MAY 1997,GER,,,European Athletics Championships,18 AUG 2022,,,2022,,major_meet
,14:53.88,,Faith KIPYEGON,10 JAN 1994,KEN,1.,,"World Athletics Championships, Budapest 2023",26 AUG 2023,,,2023,,major_meet
,14:54.11,,Sifan HASSAN,01 JAN 1993,NED,2.,,"World Athletics Championships, Budapest 2023",26 AUG 2023,,,2023,,major_meet
,14:54.33,,Beatrice CHEBET,05 MAR 2000,KEN,3.,,"World Athletics Championships, Budapest 2023",26 AUG 2023,,,2023,,major_meet
,14:56.62,,Margaret Chelimo KIPKEMBOI,09 FEB 1993,KEN,4.,,"World Athletics Championships, Budapest 2023",26 AUG 2023,,,2023,,major_meet
,14:56.85,,Ejgayehu TAYE,10 FEB 2000,ETH,5.,,"World Athletics Championships, Budapest 2023",26 AUG 2023,,,2023,,major_meet
,14:58.23,,Medina EISA,2002,ETH,6.,,"World Athletics Championships, Budapest 2023",26 AUG 2023,,,2023,,major_meet
,14:58.31,,Freweyni HAILU,12 FEB 2001,ETH,7.,,"World Athletics Championships, Budapest 2023",26 AUG 2023,,,2023,,major_meet
,14:58.99,,Nozomi TANAKA,04 SEP 1999,JPN,8.,,"World Athletics Championships, Budapest 2023",26 AUG 2023,,,2023,,major_meet
,14:59.22,,Elise CRANNY,09 MAY 1996,USA,9.,,"World Athletics Championships, Budapest 2023",26 AUG 2023,,,2023,,major_meet
,14:59.32,,Laura GALVÁN,05 OCT 1991,MEX,10.,,"World Athletics Championships, Budapest 2023",26 AUG 2023,,,2023,,major_meet
,14:59.32,,Lilian Kasait RENGERUK,03 MAY 1997,KEN,10.,,"World Athletics Championships, Budapest 2023",26 AUG 2023,,,2023,,major_meet
,15:00.78,,Maureen KOSTER,03 JUL 1992,NED,12.,,"World Athletics Championships, Budapest 2023",26 AUG 2023,,,2023,,major_meet
,15:01.13,,Gudaf TSEGAY,23 JAN 1997,ETH,13.,,"World Athletics Championships, Budapest 2023",26 AUG 2023,,,2023,,major_meet
,15:04.08,,Alicia MONSON,13 MAY 1998,USA,14.,,"World Athletics Championships, Budapest 2023",26 AUG 2023,,,2023,,major_meet
,15:15.01,,Francine NIYOMUKUNZI,01 AUG 1999,BDI,15.,,"World Athletics Championships, Budapest 2023",26 AUG 2023,,,2023,,major_meet
,15:27.86,,Nadia BATTOCLETTI,12 APR 2000,ITA,16.,,"World Athletics Championships, Budapest 2023",26 AUG 2023,,,2023,,major_meet
,14:28.56,,Beatrice CHEBET,05 MAR 2000,KEN,1.,,The XXXIII Olympic Games,05 AUG 2024,,,2024,,major_meet
,14:29.60,,Faith KIPYEGON,10 JAN 1994,KEN,2.,,The XXXIII Olympic Games,05 AUG 2024,,,2024,,major_meet
,14:30.61,,Sifan HASSAN,01 JAN 1993,NED,3.,,The XXXIII Olympic Games,05 AUG 2024,,,2024,,major_meet
,14:31.64,,Nadia BATTOCLETTI,12 APR 2000,ITA,4.,,The XXXIII Olympic Games,05 AUG 2024,,,2024,,major_meet
,14:32.23,,Margaret Chelimo KIPKEMBOI,09 FEB 1993,KEN,5.,,The XXXIII Olympic Games,05 AUG 2024,,,2024,,major_meet
,14:32.98,,Ejgayehu TAYE,10 FEB 2000,ETH,6.,,The XXXIII Olympic Games,05 AUG 2024,,,2024,,major_meet
,14:35.43,,Medina EISA,2002,ETH,7.,,The XXXIII Olympic Games,05 AUG 2024,,,2024,,major_meet
,14:43.21,,Karoline Bjerkeli GRØVDAL,14 JUN 1990,NOR,8.,,The XXXIII Olympic Games,05 AUG 2024,,,2024,,major_meet
,14:45.21,,Gudaf TSEGAY,23 JAN 1997,ETH,9.,,The XXXIII Olympic Games,05 AUG 2024,,,2024,,major_meet
,14:45.57,,Karissa SCHWEIZER,04 MAY 1996,USA,10.,,The XXXIII Olympic Games,05 AUG 2024,,,2024,,major_meet
,14:48.06,,Elise CRANNY,09 MAY 1996,USA,11.,,The XXXIII Olympic Games,05 AUG 2024,,,2024,,major_meet
,14:49.67,,Rose DAVIES,21 DEC 1999,AUS,12.,,The XXXIII Olympic Games,05 AUG 2024,,,2024,,major_meet
,14:53.10,,Nathalie BLOMQVIST,20 APR 2001,FIN,13.,,The XXXIII Olympic Games,05 AUG 2024,,,2024,,major_meet
,14:53.57,,Whittni MORGAN,22 OCT 1997,USA,14.,,The XXXIII Olympic Games,05 AUG 2024,,,2024,,major_meet
,15:17.04,,Joselyn Daniely BREA,12 AUG 1994,VEN,15.,,The XXXIII Olympic Games,05 AUG 2024,,,2024,,major_meet
,15:22.40,,Francine NIYOMUKUNZI,01 AUG 1999,BDI,16.,,The XXXIII Olympic Games,05 AUG 2024,,,2024,,major_meet
,14:35.29,,Nadia BATTOCLETTI,12 APR 2000,ITA,1.,,European Athletics Championships,07 JUN 2024,,,2024,,major_meet
,14:38.62,,Karoline Bjerkeli GRØVDAL,14 JUN 1990,NOR,2.,,European Athletics Championships,07 JUN 2024,,,2024,,major_meet
,14:44.04,,Marta GARCÍA,01 JAN 1998,ESP,3.,,European Athletics Championships,07 JUN 2024,,,2024,,major_meet
,14:44.46,,Maureen KOSTER,03 JUL 1992,NED,4.,,European Athletics Championships,07 JUN 2024,,,2024,,major_meet
,14:44.72,,Nathalie BLOMQVIST,20 APR 2001,FIN,5.,,European Athletics Championships,07 JUN 2024,,,2024,,major_meet
,14:58.28,,Hanna KLEIN,06 APR 1993,GER,6.,,European Athletics Championships,07 JUN 2024,,,2024,,major_meet
,15:00.05,,Federica DEL BUONO,12 DEC 1994,ITA,7.,,European Athletics Championships,07 JUN 2024,,,2024,,major_meet
,15:02.56,,Sarah MADELEINE,20 SEP 1998,FRA,8.,,European Athletics Championships,07 JUN 2024,,,2024,,major_meet
,15:05.66,,Izzy FRY,04 MAY 2000,GBR,9.,,European Athletics Championships,07 JUN 2024,,,2024,,major_meet
,15:10.65,,Hannah NUTTALL,07 JUL 1997,GBR,10.,,European Athletics Championships,07 JUN 2024,,,2024,,major_meet
,15:17.45,,Viktória WAGNER-GYÜRKÉS,15 OCT 1992,HUN,12.,,European Athletics Championships,07 JUN 2024,,,2024,,major_meet
,15:19.69,,Maria FORERO,24 MAR 2003,ESP,13.,,European Athletics Championships,07 JUN 2024,,,2024,,major_meet
,15:20.89,,Micol MAJORI,04 JUN 1998,ITA,15.,,European Athletics Championships,07 JUN 2024,,,2024,,major_meet
,15:28.04,,Agate CAUNE,07 AUG 2004,LAT,16.,,European Athletics Championships,07 JUN 2024,,,2024,,major_meet
,15:33.45,,Amy-Eloise NEALE,05 AUG 1995,GBR,19.,,European Athletics Championships,07 JUN 2024,,,2024,,major_meet
,DNF,,Mariana MACHADO,12 NOV 2000,POR,,,European Athletics Championships,07 JUN 2024,,,2024,,major_meet
,14:54.36,,Beatrice CHEBET,05 MAR 2000,KEN,1.,,"World Athletics Championships, Tokyo 2025",20 SEP 2025,,,2025,,major_meet
,14:55.07,,Faith KIPYEGON,10 JAN 1994,KEN,2.,,"World Athletics Championships, Tokyo 2025",20 SEP 2025,,,2025,,major_meet
,14:55.42,,Nadia BATTOCLETTI,12 APR 2000,ITA,3.,,"World Athletics Championships, Tokyo 2025",20 SEP 2025,,,2025,,major_meet
,14:57.42,,Shelby HOULIHAN,08 FEB 1993,USA,4.,,"World Athletics Championships, Tokyo 2025",20 SEP 2025,,,2025,,major_meet
,14:57.82,,Gudaf TSEGAY,23 JAN 1997,ETH,5.,,"World Athletics Championships, Tokyo 2025",20 SEP 2025,,,2025,,major_meet
,15:00.25,,Josette ANDREWS,15 DEC 1995,USA,6.,,"World Athletics Championships, Tokyo 2025",20 SEP 2025,,,2025,,major_meet
,15:01.02,,Marta GARCÍA,01 JAN 1998,ESP,7.,,"World Athletics Championships, Tokyo 2025",20 SEP 2025,,,2025,,major_meet
,15:01.25,,Hannah NUTTALL,07 JUL 1997,GBR,8.,,"World Athletics Championships, Tokyo 2025",20 SEP 2025,,,2025,,major_meet
,15:02.05,,Fantaye BELAYNEH,11 SEP 2000,ETH,9.,,"World Athletics Championships, Tokyo 2025",20 SEP 2025,,,2025,,major_meet
,15:03.61,,Rose DAVIES,21 DEC 1999,AUS,10.,,"World Athletics Championships, Tokyo 2025",20 SEP 2025,,,2025,,major_meet
,15:04.03,,Linden HALL,20 JUN 1991,AUS,11.,,"World Athletics Championships, Tokyo 2025",20 SEP 2025,,,2025,,major_meet
,15:07.34,,Nozomi TANAKA,04 SEP 1999,JPN,12.,,"World Athletics Championships, Tokyo 2025",20 SEP 2025,,,2025,,major_meet
,15:07.47,,Medina EISA,2002,ETH,13.,,"World Athletics Championships, Tokyo 2025",20 SEP 2025,,,2025,,major_meet
,15:07.58,,Maureen KOSTER,03 JUL 1992,NED,14.,,"World Athletics Championships, Tokyo 2025",20 SEP 2025,,,2025,,major_meet
,15:13.78,,Agnes Jebet NGETICH,23 JAN 2001,KEN,15.,,"World Athletics Championships, Tokyo 2025",20 SEP 2025,,,2025,,major_meet
,15:18.98,,Joy CHEPTOYEK,15 MAY 2002,UGA,16.,,"World Athletics Championships, Tokyo 2025",20 SEP 2025,,,2025,,major_meet
