Rank,Mark,WIND,Competitor,DOB,Nat,Pos,Unnamed: 7,Venue,Date,Results Score,discipline,year,ProfileURL,source
1.0,21.89,0.2,Dina ASHER-SMITH,04 DEC 1995,GBR,1,,"Olympiastadion, Berlin (GER)",11 AUG 2018,1249.0,women_200m,2018,https://worldathletics.org/athletes/athlete=14378282,toplist
2.0,22.04,0.5,Blessing OKAGBARE,09 OCT 1988,NGR,1f1,,"Abilene, TX (USA)",24 MAR 2018,1233.0,women_200m,2018,https://worldathletics.org/athletes/athlete=14292330,toplist
3.0,22.05,1.1,Shericka JACKSON,16 JUL 1994,JAM,1,,"Stade Charléty, Paris (FRA)",30 JUN 2018,1232.0,women_200m,2018,https://worldathletics.org/athletes/athlete=14325599,toplist
4.0,22.06,-0.4,Shaunae MILLER-UIBO,15 APR 1994,BAH,1,,"Shanghai Stadium, Shanghai (CHN)",12 MAY 2018,1233.0,women_200m,2018,https://worldathletics.org/athletes/athlete=14368116,toplist
5.0,22.14,0.2,Dafne SCHIPPERS,15 JUN 1992,NED,2,,"Olympiastadion, Berlin (GER)",11 AUG 2018,1223.0,women_200m,2018,https://worldathletics.org/athletes/athlete=14291986,toplist
6.0,22.16,0.9,Jenna PRANDINI,20 NOV 1992,USA,1,,"Olympic Stadium, London (GBR)",22 JUL 2018,1221.0,women_200m,2018,https://worldathletics.org/athletes/athlete=14329068,toplist
7.0,22.19,0.9,Gabrielle THOMAS,07 DEC 1996,USA,2,,"Olympic Stadium, London (GBR)",22 JUL 2018,1218.0,women_200m,2018,https://worldathletics.org/athletes/athlete=14733520,toplist
8.0,22.25,0.6,Lynna IRBY,06 DEC 1998,USA,1,,"Knoxville, TN (USA)",13 MAY 2018,1211.0,women_200m,2018,https://worldathletics.org/athletes/athlete=14486888,toplist
9.0,22.3,0.9,Elaine THOMPSON,28 JUN 1992,JAM,4,,Gold Coast (AUS),12 APR 2018,1206.0,women_200m,2018,https://worldathletics.org/athletes/athlete=14285956,toplist
10.0,22.34,1.7,Shakima WIMBLEY,23 APR 1995,USA,1f1,,"Clermont, FL (USA)",28 APR 2018,1202.0,women_200m,2018,https://worldathletics.org/athletes/athlete=14467626,toplist
10.0,22.34,0.9,Marie-Josée TA LOU,18 NOV 1988,CIV,5,,"Olympic Stadium, London (GBR)",22 JUL 2018,1202.0,women_200m,2018,https://worldathletics.org/athletes/athlete=14415994,toplist
12.0,22.37,0.9,Jamile SAMUEL,24 APR 1992,NED,6,,"Olympic Stadium, London (GBR)",22 JUL 2018,1199.0,women_200m,2018,https://worldathletics.org/athletes/athlete=14291975,toplist
13.0,22.39,1.5,Sydney MCLAUGHLIN,07 AUG 1999,USA,1f1,,"Gainesville, FL (USA)",29 MAR 2018,1197.0,women_200m,2018,https://worldathletics.org/athletes/athlete=14624749,toplist
14.0,22.41,,Ashley HENDERSON,04 DEC 1995,USA,1f1,,"College Station, TX (USA) (i)",10 MAR 2018,1235.0,women_200m,2018,https://worldathletics.org/athletes/athlete=14436992,toplist
15.0,22.42,2.0,Brittany BROWN,18 APR 1995,USA,1sf1,,"Drake Stadium, Des Moines, IA (USA)",24 JUN 2018,1194.0,women_200m,2018,https://worldathletics.org/athletes/athlete=14437218,toplist
15.0,22.42,2.0,Phyllis FRANCIS,04 MAY 1992,USA,2sf1,,"Drake Stadium, Des Moines, IA (USA)",24 JUN 2018,1194.0,women_200m,2018,https://worldathletics.org/athletes/athlete=14310414,toplist
17.0,22.45,0.2,Mujinga KAMBUNDJI,17 JUN 1992,SUI,4,,"Olympiastadion, Berlin (GER)",11 AUG 2018,1191.0,women_200m,2018,https://worldathletics.org/athletes/athlete=14300897,toplist
18.0,22.46,2.0,Jeneba TARMOH,27 SEP 1989,USA,3sf1,,"Drake Stadium, Des Moines, IA (USA)",24 JUN 2018,1190.0,women_200m,2018,https://worldathletics.org/athletes/athlete=14322457,toplist
19.0,22.47,0.6,Shania COLLINS,14 NOV 1996,USA,2,,"Knoxville, TN (USA)",13 MAY 2018,1189.0,women_200m,2018,https://worldathletics.org/athletes/athlete=14477995,toplist
20.0,22.48,1.9,Tamari DAVIS,15 FEB 2003,USA,1,,"Jacksonville, FL (USA)",05 MAY 2018,1188.0,women_200m,2018,https://worldathletics.org/athletes/athlete=14716794,toplist
20.0,22.48,-0.2,Kyra JEFFERSON,23 SEP 1994,USA,2sf2,,"Drake Stadium, Des Moines, IA (USA)",24 JUN 2018,1189.0,women_200m,2018,https://worldathletics.org/athletes/athlete=14411312,toplist
22.0,22.5,-0.1,Briana WILLIAMS,21 MAR 2002,JAM,1,,"Ratinan Stadion, Tampere (FIN)",14 JUL 2018,1186.0,women_200m,2018,https://worldathletics.org/athletes/athlete=14790666,toplist
23.0,22.51,1.9,Lauren Rain WILLIAMS,25 JUL 1999,USA,1f1,,"Tucson, AZ (USA)",28 APR 2018,1184.0,women_200m,2018,https://worldathletics.org/athletes/athlete=14636153,toplist
24.0,22.53,1.4,Makenzie DUNMORE,07 OCT 1997,USA,1h2,,"Palo Alto, CA (USA)",12 MAY 2018,1182.0,women_200m,2018,https://worldathletics.org/athletes/athlete=14536492,toplist
24.0,22.53,0.9,Tamara CLARK,09 JAN 1999,USA,1h1,,"Tampa, FL (USA)",25 MAY 2018,1182.0,women_200m,2018,https://worldathletics.org/athletes/athlete=14596381,toplist
26.0,22.54,2.0,Arianna WASHINGTON,04 SEP 1996,USA,4sf1,,"Drake Stadium, Des Moines, IA (USA)",24 JUN 2018,1181.0,women_200m,2018,https://worldathletics.org/athletes/athlete=14468500,toplist
27.0,22.55,0.9,Natalliah WHYTE,09 AUG 1997,JAM,1f1,,"Auburn, AL (USA)",21 APR 2018,1180.0,women_200m,2018,https://worldathletics.org/athletes/athlete=14413448,toplist
28.0,22.56,0.5,Kortnei JOHNSON,11 AUG 1997,USA,1qf3,,"Tampa, FL (USA)",26 MAY 2018,1179.0,women_200m,2018,https://worldathletics.org/athletes/athlete=14519052,toplist
29.0,22.59,0.5,Mikiah BRISCO,14 JUL 1996,USA,2qf2,,"Tampa, FL (USA)",26 MAY 2018,1176.0,women_200m,2018,https://worldathletics.org/athletes/athlete=14465133,toplist
29.0,22.59,-1.3,Beth DOBBIN,07 JUN 1994,GBR,1,,Birmingham (GBR),01 JUL 2018,1183.0,women_200m,2018,https://worldathletics.org/athletes/athlete=14515204,toplist
31.0,22.6,-0.8,Murielle AHOURÉ,23 AUG 1987,CIV,2f1,,"Mestský Stadion, Ostrava (CZE)",13 JUN 2018,1179.0,women_200m,2018,https://worldathletics.org/athletes/athlete=14304569,toplist
31.0,22.6,-1.3,Bianca WILLIAMS,18 DEC 1993,GBR,2,,Birmingham (GBR),01 JUL 2018,1182.0,women_200m,2018,https://worldathletics.org/athletes/athlete=14401125,toplist
33.0,22.62,1.7,Joanna ATKINS,31 JAN 1989,USA,2f1,,"Clermont, FL (USA)",28 APR 2018,1173.0,women_200m,2018,https://worldathletics.org/athletes/athlete=14305059,toplist
33.0,22.62,0.1,Edidiong ODIONG,13 MAR 1997,BRN,5,,Ostrava (CZE),09 SEP 2018,1173.0,women_200m,2018,https://worldathletics.org/athletes/athlete=14541241,toplist
35.0,22.63,-0.2,Ivet LALOVA-COLLIO,18 MAY 1984,BUL,1,,"Olympiastadion, Stockholm (SWE)",10 JUN 2018,1173.0,women_200m,2018,https://worldathletics.org/athletes/athlete=14268643,toplist
35.0,22.63,-0.2,Kimberlyn DUNCAN,02 AUG 1991,USA,4sf2,,"Drake Stadium, Des Moines, IA (USA)",24 JUN 2018,1173.0,women_200m,2018,https://worldathletics.org/athletes/athlete=14309365,toplist
37.0,22.64,1.4,Anglerne ANNELUS,10 JAN 1997,USA,2h2,,"Palo Alto, CA (USA)",12 MAY 2018,1171.0,women_200m,2018,https://worldathletics.org/athletes/athlete=14522144,toplist
37.0,22.64,1.7,Semoy HACKETT,27 NOV 1988,TTO,1f2,,Port-of-Spain (TTO),24 JUN 2018,1171.0,women_200m,2018,https://worldathletics.org/athletes/athlete=14303004,toplist
39.0,22.67,0.9,Janet AMPONSAH,12 APR 1993,GHA,2f1,,"Auburn, AL (USA)",21 APR 2018,1168.0,women_200m,2018,https://worldathletics.org/athletes/athlete=14334452,toplist
39.0,22.67,1.1,Deanna HILL,13 APR 1996,USA,1qf2,,"Sacramento, CA (USA)",26 MAY 2018,1168.0,women_200m,2018,https://worldathletics.org/athletes/athlete=14430848,toplist
39.0,22.67,-0.3,Crystal EMMANUEL,27 NOV 1991,CAN,2,,Toronto (CAN),12 AUG 2018,1169.0,women_200m,2018,https://worldathletics.org/athletes/athlete=14270576,toplist
42.0,22.69,1.6,Jasmine CAMACHO-QUINN,21 AUG 1996,PUR,2f6,,"Fayetteville, AR (USA)",27 APR 2018,1166.0,women_200m,2018,https://worldathletics.org/athletes/athlete=14494234,toplist
43.0,22.71,1.4,Kendall ELLIS,08 MAR 1996,USA,3h2,,"Palo Alto, CA (USA)",12 MAY 2018,1164.0,women_200m,2018,https://worldathletics.org/athletes/athlete=14443893,toplist
44.0,22.72,0.8,Kevona DAVIS,20 DEC 2001,JAM,1,,Kingston (JAM),24 MAR 2018,1163.0,women_200m,2018,https://worldathletics.org/athletes/athlete=14630588,toplist
45.0,22.73,0.3,Abby STEINER,24 NOV 1999,USA,1,,"Columbus, OH (USA)",02 JUN 2018,1162.0,women_200m,2018,https://worldathletics.org/athletes/athlete=14691380,toplist
45.0,22.73,1.5,Viktoriya ZYABKINA,04 SEP 1992,KAZ,1,,Almaty (KAZ),30 JUN 2018,1162.0,women_200m,2018,https://worldathletics.org/athletes/athlete=14375464,toplist
45.0,22.73,1.9,Vitoria Cristina ROSA,12 JAN 1996,BRA,1h1,,Bragança Paulista (BRA),15 SEP 2018,1162.0,women_200m,2018,https://worldathletics.org/athletes/athlete=14481687,toplist
48.0,22.74,0.6,Jessica BEARD,08 JAN 1989,USA,2f1,,"Coral Gables, FL (USA)",07 APR 2018,1161.0,women_200m,2018,https://worldathletics.org/athletes/athlete=14305526,toplist
48.0,22.74,-0.1,Brianne BETHEL,05 JUL 1998,BAH,1,,"Cincinnati, OH (USA)",13 MAY 2018,1161.0,women_200m,2018,https://worldathletics.org/athletes/athlete=14578484,toplist
48.0,22.74,1.4,Twanisha TERRY,24 JAN 1999,USA,1qf1,,"Sacramento, CA (USA)",26 MAY 2018,1161.0,women_200m,2018,https://worldathletics.org/athletes/athlete=14553598,toplist
48.0,22.74,-0.3,Ka'Tia SEYMOUR,03 OCT 1997,USA,3sf3,,"Eugene, OR (USA)",07 JUN 2018,1162.0,women_200m,2018,https://worldathletics.org/athletes/athlete=14658637,toplist
48.0,22.74,1.7,Kayelle CLARKE,28 FEB 1996,TTO,2f2,,Port-of-Spain (TTO),24 JUN 2018,1161.0,women_200m,2018,https://worldathletics.org/athletes/athlete=14434525,toplist
53.0,22.75,0.1,Tori BOWIE,27 AUG 1990,USA,1,,St. George's (GRN),21 APR 2018,1160.0,women_200m,2018,https://worldathletics.org/athletes/athlete=14360382,toplist
53.0,22.75,2.0,Jodie WILLIAMS,28 SEP 1993,GBR,1f1,,Genève (SUI),09 JUN 2018,1160.0,women_200m,2018,https://worldathletics.org/athletes/athlete=14276757,toplist
55.0,22.76,0.6,Aiyanna STIVERNE,20 FEB 1995,CAN,3f1,,"Coral Gables, FL (USA)",07 APR 2018,1159.0,women_200m,2018,https://worldathletics.org/athletes/athlete=14464726,toplist
56.0,22.77,-0.1,LaTessa JOHNSON,13 APR 1997,USA,2,,"Cincinnati, OH (USA)",13 MAY 2018,1158.0,women_200m,2018,https://worldathletics.org/athletes/athlete=14492786,toplist
57.0,22.78,-1.3,Shannon HYLTON,19 DEC 1996,GBR,4,,Birmingham (GBR),01 JUL 2018,1164.0,women_200m,2018,https://worldathletics.org/athletes/athlete=14482422,toplist
58.0,22.8,1.6,Jaide STEPTER BAYNES,25 SEP 1994,USA,1,,"Prairie View, TX (USA)",24 MAR 2018,1155.0,women_200m,2018,https://worldathletics.org/athletes/athlete=14378193,toplist
58.0,22.8,0.4,Sarah ATCHO,01 JUN 1995,SUI,1f1,,La Chaux-de-Fonds (SUI),01 JUL 2018,1155.0,women_200m,2018,https://worldathletics.org/athletes/athlete=14450880,toplist
58.0,22.8,0.6,Shashalee FORBES,10 MAY 1996,JAM,1,,Barranquilla (COL),01 AUG 2018,1155.0,women_200m,2018,https://worldathletics.org/athletes/athlete=14574709,toplist
61.0,22.81,1.5,Kendra HARRISON,18 SEP 1992,USA,2f1,,"Gainesville, FL (USA)",29 MAR 2018,1154.0,women_200m,2018,https://worldathletics.org/athletes/athlete=14425415,toplist
61.0,22.81,-0.8,Deajah STEVENS,19 MAY 1995,USA,2h2,,"Drake Stadium, Des Moines, IA (USA)",23 JUN 2018,1158.0,women_200m,2018,https://worldathletics.org/athletes/athlete=14378231,toplist
63.0,22.82,1.1,Ashton PURVIS,12 JUL 1992,USA,3f1,,"Pomona, CA (USA)",02 JUN 2018,1153.0,women_200m,2018,https://worldathletics.org/athletes/athlete=14319383,toplist
64.0,22.83,0.9,Justine PALFRAMAN,04 NOV 1993,RSA,1,,Sasolburg (RSA),29 APR 2018,1152.0,women_200m,2018,https://worldathletics.org/athletes/athlete=14360057,toplist
65.0,22.84,0.1,Tatjana PINTO,02 JUL 1992,GER,1f1,,Weinheim (GER),26 MAY 2018,1151.0,women_200m,2018,https://worldathletics.org/athletes/athlete=14279214,toplist
66.0,22.85,1.1,Felicia BROWN,27 OCT 1993,USA,1f1,,"Clermont, FL (USA)",12 MAY 2018,1150.0,women_200m,2018,https://worldathletics.org/athletes/athlete=14366314,toplist
67.0,22.87,0.3,Marileidy PAULINO,25 OCT 1996,DOM,1h3,,Barranquilla (COL),31 JUL 2018,1148.0,women_200m,2018,https://worldathletics.org/athletes/athlete=14749613,toplist
67.0,22.87,1.1,Laura MÜLLER,11 DEC 1995,GER,4sf1,,"Olympiastadion, Berlin (GER)",10 AUG 2018,1148.0,women_200m,2018,https://worldathletics.org/athletes/athlete=14402867,toplist
69.0,22.88,,Lea SPRUNGER,05 MAR 1990,SUI,1f1,,Magglingen (SUI) (i),18 FEB 2018,1189.0,women_200m,2018,https://worldathletics.org/athletes/athlete=14301240,toplist
69.0,22.88,0.5,Khianna GRAY,30 DEC 1996,USA,3qf3,,"Tampa, FL (USA)",26 MAY 2018,1147.0,women_200m,2018,https://worldathletics.org/athletes/athlete=14597005,toplist
69.0,22.88,0.0,Jodean WILLIAMS,11 NOV 1993,JAM,1sf1,,Barranquilla (COL),31 JUL 2018,1147.0,women_200m,2018,https://worldathletics.org/athletes/athlete=14435095,toplist
69.0,22.88,1.5,Katarina JOHNSON-THOMPSON,09 JAN 1993,GBR,1ce4,,"Olympiastadion, Berlin (GER)",09 AUG 2018,1147.0,women_200m,2018,https://worldathletics.org/athletes/athlete=14276543,toplist
73.0,22.89,1.9,Arria MINOR,09 FEB 2001,USA,1h2,,"Lakewood, PA (USA)",17 MAY 2018,1146.0,women_200m,2018,https://worldathletics.org/athletes/athlete=14716718,toplist
73.0,22.89,-0.6,Jessica-Bianca WESSOLLY,11 DEC 1996,GER,1,,Nürnberg (GER),22 JUL 2018,1149.0,women_200m,2018,https://worldathletics.org/athletes/athlete=14507608,toplist
75.0,22.9,1.4,Jasmin REED,20 FEB 1999,USA,2qf1,,"Sacramento, CA (USA)",26 MAY 2018,1145.0,women_200m,2018,https://worldathletics.org/athletes/athlete=14588205,toplist
76.0,22.92,0.7,Diamond SPAULDING,29 SEP 1996,USA,1f1,,"Westwood, CA (USA)",14 APR 2018,1143.0,women_200m,2018,https://worldathletics.org/athletes/athlete=14439760,toplist
76.0,22.92,-0.2,Lingwei KONG,28 JUL 1995,CHN,1h4,,Huai'an (CHN),17 MAY 2018,1144.0,women_200m,2018,https://worldathletics.org/athletes/athlete=14502061,toplist
76.0,22.92,0.5,Krystsina TSIMANOUSKAYA,19 NOV 1996,BLR,1,,"Wieslaw Maniak Municipal Athletic Stadium, Szczecin (POL)",15 AUG 2018,1143.0,women_200m,2018,https://worldathletics.org/athletes/athlete=14571586,toplist
79.0,22.93,-1.7,Riley DAY,30 MAR 2000,AUS,1,,Gold Coast (AUS),18 FEB 2018,1152.0,women_200m,2018,https://worldathletics.org/athletes/athlete=14613323,toplist
79.0,22.93,-0.4,Dezerea BRYANT,27 APR 1993,USA,3f1,,"Gainesville, FL (USA)",13 APR 2018,1144.0,women_200m,2018,https://worldathletics.org/athletes/athlete=14375109,toplist
79.0,22.93,0.8,Aleia HOBBS,24 FEB 1996,USA,1f2,,"Coral Gables, FL (USA)",14 APR 2018,1142.0,women_200m,2018,https://worldathletics.org/athletes/athlete=14430847,toplist
79.0,22.93,1.7,Ángela Gabriela TENORIO,27 JAN 1996,ECU,4f1,,"Clermont, FL (USA)",28 APR 2018,1142.0,women_200m,2018,https://worldathletics.org/athletes/athlete=14496119,toplist
79.0,22.93,1.5,Kaylin WHITNEY,09 MAR 1998,USA,1f2,,"Clermont, FL (USA)",12 MAY 2018,1142.0,women_200m,2018,https://worldathletics.org/athletes/athlete=14524719,toplist
79.0,22.93,0.7,Jayla KIRKLAND,13 FEB 1999,USA,1h2,,"Bloomington, IN (USA)",16 JUN 2018,1142.0,women_200m,2018,https://worldathletics.org/athletes/athlete=14596375,toplist
85.0,22.94,0.5,Brianna ROLLINS-MCNEAL,18 AUG 1991,USA,1f1,,"Long Beach, CA (USA)",19 APR 2018,1141.0,women_200m,2018,https://worldathletics.org/athletes/athlete=14320208,toplist
85.0,22.94,-0.5,Anavia BATTLE,28 MAR 1999,USA,2,,"Bloomington, IN (USA)",13 MAY 2018,1144.0,women_200m,2018,https://worldathletics.org/athletes/athlete=14715397,toplist
85.0,22.94,0.5,Ashleigh NELSON,20 FEB 1991,GBR,1f2,,Genève (SUI),09 JUN 2018,1141.0,women_200m,2018,https://worldathletics.org/athletes/athlete=14275890,toplist
85.0,22.94,1.2,Gunta VAIČULE,09 MAR 1995,LAT,1f2,,Ogre (LAT),16 JUN 2018,1141.0,women_200m,2018,https://worldathletics.org/athletes/athlete=14475580,toplist
89.0,22.95,1.7,Tramesha HARDY,24 MAR 1996,USA,1,,"San Marcos, TX (USA)",13 MAY 2018,1140.0,women_200m,2018,https://worldathletics.org/athletes/athlete=14585875,toplist
89.0,22.95,-1.3,Finette AGYAPONG,01 FEB 1997,GBR,5,,Birmingham (GBR),01 JUL 2018,1147.0,women_200m,2018,https://worldathletics.org/athletes/athlete=14551632,toplist
91.0,22.96,1.8,Zakiya DENOON,23 NOV 1995,TTO,3h3,,"Tampa, FL (USA)",25 MAY 2018,1139.0,women_200m,2018,https://worldathletics.org/athletes/athlete=14434515,toplist
92.0,22.97,1.7,Shauna HELPS,23 OCT 1996,JAM,2f1,,"Tallahassee, FL (USA)",23 MAR 2018,1138.0,women_200m,2018,https://worldathletics.org/athletes/athlete=14413449,toplist
92.0,22.97,1.6,Yongli WEI,11 OCT 1991,CHN,1f2,,"Moratalaz, Madrid (ESP)",22 JUN 2018,1138.0,women_200m,2018,https://worldathletics.org/athletes/athlete=14423021,toplist
94.0,22.98,0.8,Taylor BENNETT,15 JAN 1997,USA,1h4,,"Waco, TX (USA)",12 MAY 2018,1137.0,women_200m,2018,https://worldathletics.org/athletes/athlete=14486589,toplist
94.0,22.98,-0.1,Maria BELIMPASAKI,19 JUN 1991,GRE,1f2,,Patra (GRE),15 JUL 2018,1137.0,women_200m,2018,https://worldathletics.org/athletes/athlete=14280530,toplist
96.0,22.99,,Payton STUMBAUGH,29 NOV 1995,USA,1f10,,"Fayetteville, AR (USA) (i)",26 JAN 2018,1178.0,women_200m,2018,https://worldathletics.org/athletes/athlete=14519041,toplist
96.0,22.99,0.6,Taylor WASHINGTON,06 MAY 1993,USA,4f1,,"Coral Gables, FL (USA)",07 APR 2018,1136.0,women_200m,2018,https://worldathletics.org/athletes/athlete=14335321,toplist
96.0,22.99,-0.5,Brionna THOMAS,21 MAR 1996,USA,3,,"Bloomington, IN (USA)",13 MAY 2018,1139.0,women_200m,2018,https://worldathletics.org/athletes/athlete=14443840,toplist
96.0,22.99,1.3,Agnė ŠERKŠNIENĖ,18 FEB 1988,LTU,,,Zofingen (SUI),14 JUL 2018,1136.0,women_200m,2018,https://worldathletics.org/athletes/athlete=14290336,toplist
96.0,22.99,0.0,Phil HEALY,19 NOV 1994,IRL,3f1,,Cork (IRL),16 JUL 2018,1136.0,women_200m,2018,https://worldathletics.org/athletes/athlete=14483101,toplist
1.0,21.74,-0.4,Shaunae MILLER-UIBO,15 APR 1994,BAH,1,,"Letzigrund, Zürich (SUI)",29 AUG 2019,1267.0,women_200m,2019,https://worldathletics.org/athletes/athlete=14368116,toplist
2.0,21.88,0.9,Dina ASHER-SMITH,04 DEC 1995,GBR,1,,"Khalifa International Stadium, Doha (QAT)",02 OCT 2019,1250.0,women_200m,2019,https://worldathletics.org/athletes/athlete=14378282,toplist
3.0,22.0,-0.2,Elaine THOMPSON,28 JUN 1992,JAM,1,,Kingston (JAM),23 JUN 2019,1239.0,women_200m,2019,https://worldathletics.org/athletes/athlete=14285956,toplist
4.0,22.05,1.9,Blessing OKAGBARE,09 OCT 1988,NGR,1,,"Cobb Track and Angell Field, Palo Alto, CA (USA)",30 JUN 2019,1232.0,women_200m,2019,https://worldathletics.org/athletes/athlete=14292330,toplist
5.0,22.16,1.3,Anglerne ANNELUS,10 JAN 1997,USA,1,,"Austin, TX (USA)",08 JUN 2019,1221.0,women_200m,2019,https://worldathletics.org/athletes/athlete=14522144,toplist
6.0,22.17,1.3,Sha'Carri RICHARDSON,25 MAR 2000,USA,2,,"Austin, TX (USA)",08 JUN 2019,1220.0,women_200m,2019,https://worldathletics.org/athletes/athlete=14717691,toplist
7.0,22.22,-0.2,Shelly-Ann FRASER-PRYCE,27 DEC 1986,JAM,2,,Kingston (JAM),23 JUN 2019,1216.0,women_200m,2019,https://worldathletics.org/athletes/athlete=14285680,toplist
7.0,22.22,0.9,Brittany BROWN,18 APR 1995,USA,2,,"Khalifa International Stadium, Doha (QAT)",02 OCT 2019,1215.0,women_200m,2019,https://worldathletics.org/athletes/athlete=14437218,toplist
9.0,22.26,1.2,Mujinga KAMBUNDJI,17 JUN 1992,SUI,1,,"Stadion Schützenmatte, Basel (SUI)",24 AUG 2019,1210.0,women_200m,2019,https://worldathletics.org/athletes/athlete=14300897,toplist
10.0,22.36,1.1,Marie-Josée TA LOU,18 NOV 1988,CIV,2,,"Olympic Stadium, London (GBR)",20 JUL 2019,1200.0,women_200m,2019,https://worldathletics.org/athletes/athlete=14415994,toplist
11.0,22.4,1.3,Cambrea STURGIS,27 MAR 1999,USA,3,,"Austin, TX (USA)",08 JUN 2019,1196.0,women_200m,2019,https://worldathletics.org/athletes/athlete=14674111,toplist
11.0,22.4,1.3,Janeek BROWN,14 MAY 1998,JAM,4,,"Austin, TX (USA)",08 JUN 2019,1196.0,women_200m,2019,https://worldathletics.org/athletes/athlete=14574691,toplist
13.0,22.42,1.7,Amy HUNT,15 MAY 2002,GBR,1f1,,Mannheim (GER),30 JUN 2019,1194.0,women_200m,2019,https://worldathletics.org/athletes/athlete=14685108,toplist
14.0,22.45,0.1,Dafne SCHIPPERS,15 JUN 1992,NED,3,,"Stade Louis II, Monaco (MON)",12 JUL 2019,1191.0,women_200m,2019,https://worldathletics.org/athletes/athlete=14291986,toplist
14.0,22.45,1.2,Ivet LALOVA-COLLIO,18 MAY 1984,BUL,1f3,,Pravets (BUL),03 SEP 2019,1191.0,women_200m,2019,https://worldathletics.org/athletes/athlete=14268643,toplist
16.0,22.47,-1.2,Dezerea BRYANT,27 APR 1993,USA,1,,"Drake Stadium, Des Moines, IA (USA)",28 JUL 2019,1196.0,women_200m,2019,https://worldathletics.org/athletes/athlete=14375109,toplist
17.0,22.5,1.1,Beth DOBBIN,07 JUN 1994,GBR,3,,"Olympic Stadium, London (GBR)",20 JUL 2019,1186.0,women_200m,2019,https://worldathletics.org/athletes/athlete=14515204,toplist
18.0,22.51,1.8,Teahna DANIELS,25 MAR 1997,USA,2qf1,,"Sacramento, CA (USA)",25 MAY 2019,1184.0,women_200m,2019,https://worldathletics.org/athletes/athlete=14443924,toplist
18.0,22.51,1.9,Salwa Eid NASER,23 MAY 1998,BRN,4,,"Cobb Track and Angell Field, Palo Alto, CA (USA)",30 JUN 2019,1184.0,women_200m,2019,https://worldathletics.org/athletes/athlete=14643442,toplist
20.0,22.52,-1.0,Kayla WHITE,14 SEP 1996,USA,1,,"Greensboro, NC (USA)",04 MAY 2019,1189.0,women_200m,2019,https://worldathletics.org/athletes/athlete=14642681,toplist
21.0,22.53,1.4,Jenna PRANDINI,20 NOV 1992,USA,1f5,,"Fayetteville, AR (USA)",26 APR 2019,1182.0,women_200m,2019,https://worldathletics.org/athletes/athlete=14329068,toplist
22.0,22.54,-1.2,Anavia BATTLE,28 MAR 1999,USA,1f1,,"Gainesville, FL (USA)",29 MAR 2019,1188.0,women_200m,2019,https://worldathletics.org/athletes/athlete=14715397,toplist
23.0,22.55,1.3,Ka'Tia SEYMOUR,03 OCT 1997,USA,2sf3,,"Austin, TX (USA)",06 JUN 2019,1180.0,women_200m,2019,https://worldathletics.org/athletes/athlete=14658637,toplist
24.0,22.57,0.4,TyNia GAITHER,16 MAR 1993,BAH,3h4,,"Khalifa International Stadium, Doha (QAT)",30 SEP 2019,1178.0,women_200m,2019,https://worldathletics.org/athletes/athlete=14362366,toplist
25.0,22.58,1.8,Gina BASS,03 MAY 1995,GAM,1,,"Complexe Sportif Prince Moulay Abdellah, Rabat (MAR)",30 AUG 2019,1177.0,women_200m,2019,https://worldathletics.org/athletes/athlete=14479741,toplist
25.0,22.58,0.8,Aminatou SEYNI,24 OCT 1996,NIG,1h5,,"Khalifa International Stadium, Doha (QAT)",30 SEP 2019,1177.0,women_200m,2019,https://worldathletics.org/athletes/athlete=14819214,toplist
27.0,22.59,1.8,Abby STEINER,24 NOV 1999,USA,2,,"Fayetteville, AR (USA)",11 MAY 2019,1176.0,women_200m,2019,https://worldathletics.org/athletes/athlete=14691380,toplist
28.0,22.62,-0.1,Vitoria Cristina ROSA,12 JAN 1996,BRA,2,,"Estadio Atlético de la VIDENA, Lima (PER)",09 AUG 2019,1173.0,women_200m,2019,https://worldathletics.org/athletes/athlete=14481687,toplist
29.0,22.63,0.8,Tatjana PINTO,02 JUL 1992,GER,2h5,,"Khalifa International Stadium, Doha (QAT)",30 SEP 2019,1172.0,women_200m,2019,https://worldathletics.org/athletes/athlete=14279214,toplist
30.0,22.65,1.3,Lanae-Tava THOMAS,28 JAN 2001,USA,3sf3,,"Austin, TX (USA)",06 JUN 2019,1170.0,women_200m,2019,https://worldathletics.org/athletes/athlete=14648896,toplist
30.0,22.65,0.0,Phyllis FRANCIS,04 MAY 1992,USA,1f1,,"Houston, TX (USA)",27 JUN 2019,1170.0,women_200m,2019,https://worldathletics.org/athletes/athlete=14310414,toplist
30.0,22.65,0.4,Crystal EMMANUEL,27 NOV 1991,CAN,3sf1,,"Khalifa International Stadium, Doha (QAT)",01 OCT 2019,1170.0,women_200m,2019,https://worldathletics.org/athletes/athlete=14270576,toplist
33.0,22.69,1.0,Gabrielle THOMAS,07 DEC 1996,USA,1,,"Stade Olympique de la Pontaise, Lausanne (SUI)",05 JUL 2019,1166.0,women_200m,2019,https://worldathletics.org/athletes/athlete=14733520,toplist
34.0,22.71,1.2,Kynnedy FLANNEL,12 JUL 2000,USA,2,,"Norman, OK (USA)",12 MAY 2019,1164.0,women_200m,2019,https://worldathletics.org/athletes/athlete=14692188,toplist
35.0,22.74,0.6,Bri'Anna BRANCH,16 SEP 1996,USA,2qf3,,"Sacramento, CA (USA)",25 MAY 2019,1161.0,women_200m,2019,https://worldathletics.org/athletes/athlete=14786736,toplist
36.0,22.75,0.6,Caitland SMITH,24 MAR 1996,USA,3qf3,,"Sacramento, CA (USA)",25 MAY 2019,1160.0,women_200m,2019,https://worldathletics.org/athletes/athlete=14500983,toplist
36.0,22.75,1.0,Jodie WILLIAMS,28 SEP 1993,GBR,2,,"Stade Olympique de la Pontaise, Lausanne (SUI)",05 JUL 2019,1160.0,women_200m,2019,https://worldathletics.org/athletes/athlete=14276757,toplist
38.0,22.77,0.7,Lisa Marie KWAYIE,27 OCT 1996,GER,3h3,,"Khalifa International Stadium, Doha (QAT)",30 SEP 2019,1158.0,women_200m,2019,https://worldathletics.org/athletes/athlete=14454037,toplist
39.0,22.78,1.6,Tamara CLARK,09 JAN 1999,USA,2qf2,,"Jacksonville, FL (USA)",25 MAY 2019,1157.0,women_200m,2019,https://worldathletics.org/athletes/athlete=14596381,toplist
39.0,22.78,-1.2,Krystsina TSIMANOUSKAYA,19 NOV 1996,BLR,1,,Minsk (BLR),31 AUG 2019,1164.0,women_200m,2019,https://worldathletics.org/athletes/athlete=14571586,toplist
39.0,22.78,0.7,Maja MIHALINEC,17 DEC 1989,SLO,4h3,,"Khalifa International Stadium, Doha (QAT)",30 SEP 2019,1157.0,women_200m,2019,https://worldathletics.org/athletes/athlete=14300190,toplist
42.0,22.79,1.8,Danyel WHITE,10 FEB 1998,USA,3,,"Fayetteville, AR (USA)",11 MAY 2019,1156.0,women_200m,2019,https://worldathletics.org/athletes/athlete=14486596,toplist
43.0,22.81,1.0,Anthonique STRACHAN,22 AUG 1993,BAH,3,,"Stade Olympique de la Pontaise, Lausanne (SUI)",05 JUL 2019,1154.0,women_200m,2019,https://worldathletics.org/athletes/athlete=14368117,toplist
44.0,22.83,0.2,Shashalee FORBES,10 MAY 1996,JAM,2,,Kingston (JAM),08 JUN 2019,1152.0,women_200m,2019,https://worldathletics.org/athletes/athlete=14574709,toplist
44.0,22.83,-0.1,Bassant HEMIDA,28 SEP 1996,EGY,2sf2,,"Complexe Sportif Prince Moulay Abdellah, Rabat (MAR)",29 AUG 2019,1152.0,women_200m,2019,https://worldathletics.org/athletes/athlete=14755412,toplist
46.0,22.84,0.6,Twanisha TERRY,24 JAN 1999,USA,4qf3,,"Sacramento, CA (USA)",25 MAY 2019,1151.0,women_200m,2019,https://worldathletics.org/athletes/athlete=14553598,toplist
47.0,22.85,1.0,Ashleigh NELSON,20 FEB 1991,GBR,4,,"Stade Olympique de la Pontaise, Lausanne (SUI)",05 JUL 2019,1150.0,women_200m,2019,https://worldathletics.org/athletes/athlete=14275890,toplist
47.0,22.85,0.8,Carolle ZAHI,12 JUN 1994,FRA,1f1,,Ninove (BEL),03 AUG 2019,1150.0,women_200m,2019,https://worldathletics.org/athletes/athlete=14477479,toplist
49.0,22.87,1.2,Olga SAFRONOVA,05 NOV 1991,KAZ,2,,Doha (QAT),24 APR 2019,1148.0,women_200m,2019,https://worldathletics.org/athletes/athlete=14288586,toplist
50.0,22.88,-1.6,Briana WILLIAMS,21 MAR 2002,JAM,1,,"Albuquerque, NM (USA)",08 JUN 2019,1156.0,women_200m,2019,https://worldathletics.org/athletes/athlete=14790666,toplist
51.0,22.9,1.4,Kethlin CAMPBELL,29 APR 1999,USA,4f5,,"Fayetteville, AR (USA)",26 APR 2019,1145.0,women_200m,2019,https://worldathletics.org/athletes/athlete=14773687,toplist
51.0,22.9,1.1,Jamile SAMUEL,24 APR 1992,NED,2,,"Khalifa International Stadium, Doha (QAT)",03 MAY 2019,1145.0,women_200m,2019,https://worldathletics.org/athletes/athlete=14291975,toplist
51.0,22.9,1.2,Julien ALFRED,10 JUN 2001,LCA,3,,"Norman, OK (USA)",12 MAY 2019,1145.0,women_200m,2019,https://worldathletics.org/athletes/athlete=14646562,toplist
54.0,22.92,2.0,Khianna GRAY,30 DEC 1996,USA,1h4,,"Fayetteville, AR (USA)",09 MAY 2019,1143.0,women_200m,2019,https://worldathletics.org/athletes/athlete=14597005,toplist
54.0,22.92,-0.2,Schillonie CALVERT-POWELL,27 JUL 1988,JAM,3,,Kingston (JAM),23 JUN 2019,1144.0,women_200m,2019,https://worldathletics.org/athletes/athlete=14285586,toplist
56.0,22.93,,Lauren Rain WILLIAMS,25 JUL 1999,USA,2f2,,"Lubbock, TX (USA) (i)",15 FEB 2019,1184.0,women_200m,2019,https://worldathletics.org/athletes/athlete=14636153,toplist
56.0,22.93,-0.7,Asaine HALL,29 MAR 1995,JAM,1,,Ponce (PUR),27 APR 2019,1146.0,women_200m,2019,https://worldathletics.org/athletes/athlete=14421475,toplist
56.0,22.93,-1.1,Kyra JEFFERSON,23 SEP 1994,USA,4sf2,,"Drake Stadium, Des Moines, IA (USA)",28 JUL 2019,1148.0,women_200m,2019,https://worldathletics.org/athletes/athlete=14411312,toplist
56.0,22.93,0.2,Xiaojing LIANG,07 APR 1997,CHN,1,,Shenyang (CHN),03 AUG 2019,1142.0,women_200m,2019,https://worldathletics.org/athletes/athlete=14583567,toplist
60.0,22.94,1.6,Morolake AKINOSUN,17 MAY 1994,USA,1f1,,Kortrijk (BEL),13 JUL 2019,1141.0,women_200m,2019,https://worldathletics.org/athletes/athlete=14430813,toplist
61.0,22.95,1.7,Daija LAMPKIN,11 JUL 1999,USA,1f1,,"Tuscaloosa, AL (USA)",12 APR 2019,1140.0,women_200m,2019,https://worldathletics.org/athletes/athlete=14596555,toplist
61.0,22.95,1.7,Charminique HACKNEY,20 JAN 1998,USA,1f2,,"Columbia, SC (USA)",13 APR 2019,1140.0,women_200m,2019,https://worldathletics.org/athletes/athlete=14596577,toplist
61.0,22.95,1.6,Mariya HUDSON,1998,USA,1,,"Hobbs, NM (USA)",18 MAY 2019,1140.0,women_200m,2019,https://worldathletics.org/athletes/athlete=14594027,toplist
61.0,22.95,0.6,Shilah BEDINGFIELD,,USA,5qf3,,"Sacramento, CA (USA)",25 MAY 2019,1140.0,women_200m,2019,https://worldathletics.org/athletes/athlete=14789805,toplist
61.0,22.95,-1.8,Lynna IRBY,06 DEC 1998,USA,4sf1,,"Drake Stadium, Des Moines, IA (USA)",28 JUL 2019,1150.0,women_200m,2019,https://worldathletics.org/athletes/athlete=14486888,toplist
66.0,22.96,-0.4,Tamari DAVIS,15 FEB 2003,USA,1,,"Atlanta, GA (USA)",26 MAY 2019,1141.0,women_200m,2019,https://worldathletics.org/athletes/athlete=14716794,toplist
66.0,22.96,1.5,Kamaria DURANT,24 FEB 1991,TTO,1f2,,Port-of-Spain (TTO),28 JUL 2019,1139.0,women_200m,2019,https://worldathletics.org/athletes/athlete=14302992,toplist
68.0,22.97,,Payton CHADWICK,29 NOV 1995,USA,1f2,,"Fayetteville, AR (USA) (i)",25 JAN 2019,1180.0,women_200m,2019,https://worldathletics.org/athletes/athlete=14519041,toplist
68.0,22.97,-0.4,Kaelin ROBERTS,06 JAN 1999,USA,1f1,,"Coral Gables, FL (USA)",23 MAR 2019,1140.0,women_200m,2019,https://worldathletics.org/athletes/athlete=14486773,toplist
68.0,22.97,1.5,Jaide STEPTER BAYNES,25 SEP 1994,USA,1f1,,"Long Beach, CA (USA)",20 APR 2019,1138.0,women_200m,2019,https://worldathletics.org/athletes/athlete=14378193,toplist
68.0,22.97,1.0,Caisja CHANDLER,18 JUN 2000,USA,3qf1,,"Jacksonville, FL (USA)",25 MAY 2019,1138.0,women_200m,2019,https://worldathletics.org/athletes/athlete=14731976,toplist
68.0,22.97,1.2,Eleni ARTYMATA,16 MAY 1986,CYP,2f3,,Pravets (BUL),03 SEP 2019,1138.0,women_200m,2019,https://worldathletics.org/athletes/athlete=14263333,toplist
73.0,22.98,0.6,Jayda ECKFORD,07 AUG 2000,USA,1h2,,"Miramar, FL (USA)",23 JUN 2019,1137.0,women_200m,2019,https://worldathletics.org/athletes/athlete=14771125,toplist
74.0,22.99,1.6,Mauricia PRIETO,20 NOV 1995,TTO,3qf2,,"Jacksonville, FL (USA)",25 MAY 2019,1136.0,women_200m,2019,https://worldathletics.org/athletes/athlete=14578109,toplist
75.0,23.0,,Jayla KIRKLAND,13 FEB 1999,USA,2f1,,"Lubbock, TX (USA) (i)",15 FEB 2019,1177.0,women_200m,2019,https://worldathletics.org/athletes/athlete=14596375,toplist
75.0,23.0,0.9,Josephine ANOKYE,31 MAY 1992,GHA,1f1,,"Tucson, AZ (USA)",27 APR 2019,1135.0,women_200m,2019,https://worldathletics.org/athletes/athlete=14757781,toplist
75.0,23.0,-2.0,Ashley HENDERSON,04 DEC 1995,USA,2h3,,"Drake Stadium, Des Moines, IA (USA)",27 JUL 2019,1147.0,women_200m,2019,https://worldathletics.org/athletes/athlete=14436992,toplist
78.0,23.01,1.7,Stephanie DAVIS,07 FEB 1999,USA,2f2,,"Columbia, SC (USA)",13 APR 2019,1134.0,women_200m,2019,https://worldathletics.org/athletes/athlete=14536990,toplist
78.0,23.01,0.5,Kori CARTER,03 JUN 1992,USA,1f1,,"Azusa, CA (USA)",19 APR 2019,1134.0,women_200m,2019,https://worldathletics.org/athletes/athlete=14307315,toplist
78.0,23.01,0.0,Kristina Marie KNOTT,25 SEP 1995,PHI,1,,New Clark City (PHI),07 DEC 2019,1134.0,women_200m,2019,https://worldathletics.org/athletes/athlete=14478251,toplist
81.0,23.02,,Brenessa THOMPSON,22 JUL 1996,GUY,1f1,,"Lubbock, TX (USA) (i)",26 JAN 2019,1175.0,women_200m,2019,https://worldathletics.org/athletes/athlete=14474359,toplist
81.0,23.02,1.8,Dai'lyn MERRIWEATHER,,USA,3qf1,,"Sacramento, CA (USA)",25 MAY 2019,1132.0,women_200m,2019,https://worldathletics.org/athletes/athlete=14648128,toplist
83.0,23.03,,Maia MCCOY,09 DEC 1996,USA,1h3,,"Fayetteville, AR (USA) (i)",22 FEB 2019,1174.0,women_200m,2019,https://worldathletics.org/athletes/athlete=14532017,toplist
83.0,23.03,,Kiana HORTON,29 JAN 1997,USA,1h2,,"Lubbock, TX (USA) (i)",22 FEB 2019,1174.0,women_200m,2019,https://worldathletics.org/athletes/athlete=14586150,toplist
83.0,23.03,-1.1,Shania COLLINS,14 NOV 1996,USA,5sf2,,"Drake Stadium, Des Moines, IA (USA)",28 JUL 2019,1137.0,women_200m,2019,https://worldathletics.org/athletes/athlete=14477995,toplist
83.0,23.03,0.5,Marileidy PAULINO,25 OCT 1996,DOM,6sf3,,"Khalifa International Stadium, Doha (QAT)",01 OCT 2019,1131.0,women_200m,2019,https://worldathletics.org/athletes/athlete=14749613,toplist
87.0,23.04,,Rebekka HAASE,02 JAN 1993,GER,1,,Leipzig (GER) (i),17 FEB 2019,1173.0,women_200m,2019,https://worldathletics.org/athletes/athlete=14360165,toplist
87.0,23.04,,Kortnei JOHNSON,11 AUG 1997,USA,2h4,,"Birmingham, AL (USA) (i)",08 MAR 2019,1173.0,women_200m,2019,https://worldathletics.org/athletes/athlete=14519052,toplist
87.0,23.04,0.0,Phil HEALY,19 NOV 1994,IRL,1,,Athlone (IRL),06 APR 2019,1130.0,women_200m,2019,https://worldathletics.org/athletes/athlete=14483101,toplist
87.0,23.04,1.0,Natacha NGOYE,15 AUG 1993,CGO,1,,Yaoundé (CMR),20 JUL 2019,1130.0,women_200m,2019,https://worldathletics.org/athletes/athlete=14429097,toplist
91.0,23.05,0.9,Courtne DAVIS,19 JUN 1996,USA,1,,"Azusa, CA (USA)",09 JUL 2019,1129.0,women_200m,2019,https://worldathletics.org/athletes/athlete=14596307,toplist
91.0,23.05,1.0,Jessica-Bianca WESSOLLY,11 DEC 1996,GER,2,,Napoli (ITA),11 JUL 2019,1129.0,women_200m,2019,https://worldathletics.org/athletes/athlete=14507608,toplist
93.0,23.06,1.3,Chelsea FRANCIS,DEC 1997,USA,1,,"Wichita, KS (USA)",12 MAY 2019,1128.0,women_200m,2019,https://worldathletics.org/athletes/united-states/chelsea-francis-014795817,toplist
93.0,23.06,0.9,Jasmine BLOCKER,09 JUN 1992,USA,2,,"Azusa, CA (USA)",09 JUL 2019,1128.0,women_200m,2019,https://worldathletics.org/athletes/athlete=14457215,toplist
93.0,23.06,1.4,Lorraine MARTINS,04 APR 2000,BRA,3,,San José (CRC),20 JUL 2019,1128.0,women_200m,2019,https://worldathletics.org/athletes/athlete=14717849,toplist
96.0,23.07,1.4,Shamier LITTLE,20 MAR 1995,USA,5f5,,"Fayetteville, AR (USA)",26 APR 2019,1127.0,women_200m,2019,https://worldathletics.org/athletes/athlete=14443767,toplist
96.0,23.07,1.6,Candace HILL,11 FEB 1999,USA,1f1,,Cork City (IRL),14 AUG 2019,1127.0,women_200m,2019,https://worldathletics.org/athletes/athlete=14596374,toplist
98.0,23.08,1.0,Gunta VAIČULE,09 MAR 1995,LAT,5,,"Stade Olympique de la Pontaise, Lausanne (SUI)",05 JUL 2019,1126.0,women_200m,2019,https://worldathletics.org/athletes/athlete=14475580,toplist
98.0,23.08,1.2,Aiyanna STIVERNE,20 FEB 1995,CAN,1f1,,"Fort Lauderdale, FL (USA)",12 JUL 2019,1126.0,women_200m,2019,https://worldathletics.org/athletes/athlete=14464726,toplist
98.0,23.08,-0.1,Ángela Gabriela TENORIO,27 JAN 1996,ECU,6,,"Estadio Atlético de la VIDENA, Lima (PER)",09 AUG 2019,1126.0,women_200m,2019,https://worldathletics.org/athletes/athlete=14496119,toplist
1.0,21.98,2.0,Shaunae MILLER-UIBO,15 APR 1994,BAH,1f1,,"National Training Center, Clermont, FL (USA)",25 JUL 2020,1240.0,women_200m,2020,https://worldathletics.org/athletes/athlete=14368116,toplist
2.0,22.0,1.3,Sha'Carri RICHARDSON,25 MAR 2000,USA,1,,"Montverde Academy, Montverde, FL (USA)",10 AUG 2020,1238.0,women_200m,2020,https://worldathletics.org/athletes/athlete=14717691,toplist
3.0,22.19,0.7,Elaine THOMPSON-HERAH,28 JUN 1992,JAM,1f3,,"National Stadium, Kingston (JAM)",09 AUG 2020,1218.0,women_200m,2020,https://worldathletics.org/athletes/athlete=14285956,toplist
4.0,22.45,2.0,Jasmine CAMACHO-QUINN,21 AUG 1996,PUR,2f1,,"National Training Center, Clermont, FL (USA)",25 JUL 2020,1191.0,women_200m,2020,https://worldathletics.org/athletes/athlete=14494234,toplist
5.0,22.47,2.0,Lynna IRBY,06 DEC 1998,USA,3f1,,"National Training Center, Clermont, FL (USA)",25 JUL 2020,1189.0,women_200m,2020,https://worldathletics.org/athletes/athlete=14486888,toplist
6.0,22.57,,Abby STEINER,24 NOV 1999,USA,1f2,,"Gilliam Indoor Track, College Station, TX (USA) (i)",29 FEB 2020,1219.0,women_200m,2020,https://worldathletics.org/athletes/athlete=14691380,toplist
6.0,22.57,0.9,Shelly-Ann FRASER-PRYCE,27 DEC 1986,JAM,1f2,,"National Stadium, Kingston (JAM)",09 AUG 2020,1178.0,women_200m,2020,https://worldathletics.org/athletes/athlete=14285680,toplist
8.0,22.63,-0.1,Gabrielle THOMAS,07 DEC 1996,USA,1f1,,"Life University Track & Field Stadium, Marietta, GA (USA)",29 JUL 2020,1172.0,women_200m,2020,https://worldathletics.org/athletes/athlete=14733520,toplist
9.0,22.66,,Anavia BATTLE,28 MAR 1999,USA,1f1,,"Clemson Indoor Track & Field Complex, Clemson, SC (USA) (i)",15 FEB 2020,1210.0,women_200m,2020,https://worldathletics.org/athletes/athlete=14715397,toplist
9.0,22.66,1.3,Lieke KLAVER,20 AUG 1998,NED,1f7,,"Stade de La Charrière, La Chaux-de-Fonds (SUI)",15 AUG 2020,1169.0,women_200m,2020,https://worldathletics.org/athletes/athlete=14560483,toplist
11.0,22.67,0.7,Anthonique STRACHAN,22 AUG 1993,BAH,2f3,,"National Stadium, Kingston (JAM)",09 AUG 2020,1168.0,women_200m,2020,https://worldathletics.org/athletes/athlete=14368117,toplist
12.0,22.69,,Tamara CLARK,09 JAN 1999,USA,2f2,,"Gilliam Indoor Track, College Station, TX (USA) (i)",29 FEB 2020,1207.0,women_200m,2020,https://worldathletics.org/athletes/athlete=14596381,toplist
12.0,22.69,1.8,Manqi GE,13 OCT 1997,CHN,1,,Fuzhou (CHN),24 MAY 2020,1166.0,women_200m,2020,https://worldathletics.org/athletes/athlete=14576460,toplist
14.0,22.7,0.7,Shericka JACKSON,16 JUL 1994,JAM,3f3,,"National Stadium, Kingston (JAM)",09 AUG 2020,1165.0,women_200m,2020,https://worldathletics.org/athletes/athlete=14325599,toplist
15.0,22.76,,Symone MASON,31 AUG 1999,USA,1f1,,"Gilliam Indoor Track, College Station, TX (USA) (i)",29 FEB 2020,1200.0,women_200m,2020,https://worldathletics.org/athletes/athlete=14498940,toplist
16.0,22.8,,Thelma DAVIES,08 MAY 2000,USA,1f4,,"Randal Tyson Indoor Center, Fayetteville, AR (USA) (i)",15 FEB 2020,1196.0,women_200m,2020,https://worldathletics.org/athletes/athlete=14745790,toplist
16.0,22.8,1.5,Quanera HAYES,07 MAR 1992,USA,1f2,,"National Training Center, Clermont, FL (USA)",25 JUL 2020,1155.0,women_200m,2020,https://worldathletics.org/athletes/athlete=14509544,toplist
18.0,22.82,,Ka'Tia SEYMOUR,03 OCT 1997,USA,1f2,,"Loftus Sports Center, Notre Dame, IN (USA) (i)",29 FEB 2020,0.0,women_200m,2020,https://worldathletics.org/athletes/athlete=14658637,toplist
19.0,22.86,1.0,Kevona DAVIS,20 DEC 2001,JAM,1f1,,"STETHS, Santa Cruz (JAM)",25 JAN 2020,1149.0,women_200m,2020,https://worldathletics.org/athletes/athlete=14630588,toplist
20.0,22.87,0.6,Kyra JEFFERSON,23 SEP 1994,USA,1,,"Life University Track & Field Stadium, Marietta, GA (USA)",22 AUG 2020,1148.0,women_200m,2020,https://worldathletics.org/athletes/athlete=14411312,toplist
21.0,22.88,1.3,Shakima WIMBLEY,23 APR 1995,USA,2,,"Montverde Academy, Montverde, FL (USA)",10 AUG 2020,1147.0,women_200m,2020,https://worldathletics.org/athletes/athlete=14467626,toplist
22.0,22.91,0.8,Marije VAN HUNENSTIJN,02 MAR 1995,NED,1f1,,"Sportcentrum Papendal, Arnhem (NED)",18 JUL 2020,1144.0,women_200m,2020,https://worldathletics.org/athletes/athlete=14451250,toplist
22.0,22.91,0.7,Bassant HEMIDA,28 SEP 1996,EGY,1f1,,"Mestský Stadion Sletište, Kladno (CZE)",16 SEP 2020,1144.0,women_200m,2020,https://worldathletics.org/athletes/athlete=14755412,toplist
24.0,22.93,,Kynnedy FLANNEL,12 JUL 2000,USA,1f4,,"Clemson Indoor Track & Field Complex, Clemson, SC (USA) (i)",15 FEB 2020,1184.0,women_200m,2020,https://worldathletics.org/athletes/athlete=14692188,toplist
25.0,22.94,0.7,Dafne SCHIPPERS,15 JUN 1992,NED,2,,"Bregyó Athletic Center, Székesfehérvár (HUN)",19 AUG 2020,1141.0,women_200m,2020,https://worldathletics.org/athletes/athlete=14291986,toplist
25.0,22.94,1.8,Beatrice MASILINGI,10 APR 2003,NAM,1,,"Bestmed Tuks Stadium, Pretoria (RSA)",09 DEC 2020,1141.0,women_200m,2020,https://worldathletics.org/athletes/athlete=14873311,toplist
27.0,22.98,0.7,Carolle ZAHI,12 JUN 1994,FRA,1f1,,"Stadium Municipal, Albi (FRA)",13 SEP 2020,1137.0,women_200m,2020,https://worldathletics.org/athletes/athlete=14477479,toplist
28.0,22.99,,Julien ALFRED,10 JUN 2001,LCA,3f1,,"Clemson Indoor Track & Field Complex, Clemson, SC (USA) (i)",15 FEB 2020,1178.0,women_200m,2020,https://worldathletics.org/athletes/athlete=14646562,toplist
29.0,23.01,1.3,Kourtni JOHNSON,,USA,3,,"Montverde Academy, Montverde, FL (USA)",10 AUG 2020,1134.0,women_200m,2020,https://worldathletics.org/athletes/united-states/kourtni-johnson-014659698,toplist
29.0,23.01,0.0,Ana AZEVEDO,19 MAY 1998,BRA,1,,"COTP Stadium, São Paulo (BRA)",13 DEC 2020,1134.0,women_200m,2020,https://worldathletics.org/athletes/athlete=14579558,toplist
31.0,23.02,,Cambrea STURGIS,27 MAR 1999,USA,2f4,,"Randal Tyson Indoor Center, Fayetteville, AR (USA) (i)",15 FEB 2020,1175.0,women_200m,2020,https://worldathletics.org/athletes/athlete=14674111,toplist
31.0,23.02,,Lanae-Tava THOMAS,28 JAN 2001,USA,1f1,,"Sports Performance Center, Lubbock, TX (USA) (i)",21 FEB 2020,1175.0,women_200m,2020,https://worldathletics.org/athletes/athlete=14648896,toplist
31.0,23.02,0.8,Ajla DEL PONTE,15 JUL 1996,SUI,2f1,,"Sportcentrum Papendal, Arnhem (NED)",18 JUL 2020,1132.0,women_200m,2020,https://worldathletics.org/athletes/athlete=14487463,toplist
34.0,23.04,0.7,Shashalee FORBES,10 MAY 1996,JAM,4f3,,"National Stadium, Kingston (JAM)",09 AUG 2020,1130.0,women_200m,2020,https://worldathletics.org/athletes/athlete=14574709,toplist
35.0,23.05,-0.7,Kristal AMA-AWUAH,07 AUG 1999,GBR,1,,"Nyayo National Stadium, Nairobi (KEN)",03 OCT 2020,1133.0,women_200m,2020,https://worldathletics.org/athletes/athlete=14688925,toplist
36.0,23.06,0.0,Vitoria Cristina ROSA,12 JAN 1996,BRA,2,,"COTP Stadium, São Paulo (BRA)",13 DEC 2020,1128.0,women_200m,2020,https://worldathletics.org/athletes/athlete=14481687,toplist
37.0,23.07,-0.7,Jessica-Bianca WESSOLLY,11 DEC 1996,GER,1,,"Eintracht-Stadion, Braunschweig (GER)",09 AUG 2020,1131.0,women_200m,2020,https://worldathletics.org/athletes/athlete=14507608,toplist
37.0,23.07,0.9,Rhoda NJOBVU,29 JAN 1994,ZAM,1f1,,"National Heroes Stadium, Lusaka (ZAM)",06 DEC 2020,1127.0,women_200m,2020,https://worldathletics.org/athletes/athlete=14657867,toplist
39.0,23.08,1.4,Lea SPRUNGER,05 MAR 1990,SUI,1,,"Stadion Schützenmatte, Basel (SUI)",12 SEP 2020,1126.0,women_200m,2020,https://worldathletics.org/athletes/athlete=14301240,toplist
40.0,23.1,,Phil HEALY,19 NOV 1994,IRL,1,,"AIT International Arena, Athlone (IRL) (i)",12 FEB 2020,1168.0,women_200m,2020,https://worldathletics.org/athletes/athlete=14483101,toplist
41.0,23.11,,Kendra HARRISON,18 SEP 1992,USA,4f1,,"Clemson Indoor Track & Field Complex, Clemson, SC (USA) (i)",15 FEB 2020,1167.0,women_200m,2020,https://worldathletics.org/athletes/athlete=14425415,toplist
42.0,23.12,,Danielle WILLIAMS,14 SEP 1992,JAM,1f1,,"Clemson Indoor Track & Field Complex, Clemson, SC (USA) (i)",18 JAN 2020,1166.0,women_200m,2020,https://worldathletics.org/athletes/athlete=14450995,toplist
42.0,23.12,0.7,Wided ATATOU,15 JUL 1999,FRA,2f1,,"Stadium Municipal, Albi (FRA)",13 SEP 2020,1122.0,women_200m,2020,https://worldathletics.org/athletes/athlete=14709644,toplist
44.0,23.13,1.9,Ivet LALOVA-COLLIO,18 MAY 1984,BUL,1,,"Centro Sportivo Fontanassa, Savona (ITA)",16 JUL 2020,1121.0,women_200m,2020,https://worldathletics.org/athletes/athlete=14268643,toplist
45.0,23.14,-0.7,Laura MÜLLER,11 DEC 1995,GER,2,,"Eintracht-Stadion, Braunschweig (GER)",09 AUG 2020,1124.0,women_200m,2020,https://worldathletics.org/athletes/athlete=14402867,toplist
45.0,23.14,-0.7,Lisa Marie KWAYIE,27 OCT 1996,GER,3,,"Eintracht-Stadion, Braunschweig (GER)",09 AUG 2020,1124.0,women_200m,2020,https://worldathletics.org/athletes/athlete=14454037,toplist
47.0,23.15,-0.5,Rebekka HAASE,02 JAN 1993,GER,1h1,,"Eintracht-Stadion, Braunschweig (GER)",09 AUG 2020,1122.0,women_200m,2020,https://worldathletics.org/athletes/athlete=14360165,toplist
48.0,23.16,,Tristan EVELYN,25 JAN 1998,BAR,1f2,,"CrossPlex Athletic Facility, Birmingham, AL (USA) (i)",29 FEB 2020,1162.0,women_200m,2020,https://worldathletics.org/athletes/athlete=14469933,toplist
48.0,23.16,0.7,Nikola BENDOVÁ,04 NOV 1999,CZE,2f1,,"Mestský Stadion Sletište, Kladno (CZE)",16 SEP 2020,1118.0,women_200m,2020,https://worldathletics.org/athletes/athlete=14605402,toplist
50.0,23.17,1.5,Jessica BEARD,08 JAN 1989,USA,2f2,,"National Training Center, Clermont, FL (USA)",25 JUL 2020,1117.0,women_200m,2020,https://worldathletics.org/athletes/athlete=14305526,toplist
50.0,23.17,-0.1,Remi TSURUTA,18 APR 1997,JPN,1,,"Denka Big Swan Stadium, Niigata (JPN)",03 OCT 2020,1117.0,women_200m,2020,https://worldathletics.org/athletes/athlete=14727994,toplist
52.0,23.18,,Jayda ECKFORD,07 AUG 2000,USA,3f2,,"Gilliam Indoor Track, College Station, TX (USA) (i)",29 FEB 2020,1160.0,women_200m,2020,https://worldathletics.org/athletes/athlete=14771125,toplist
52.0,23.18,0.1,Yana KACHUR,13 JAN 1997,UKR,1f5,,"Avangard Stadium, Lutsk (UKR)",16 AUG 2020,1116.0,women_200m,2020,https://worldathletics.org/athletes/athlete=14538788,toplist
52.0,23.18,-0.2,Maja MIHALINEC,17 DEC 1989,SLO,1,,"Stadion Portoval, Novo Mesto (SLO)",02 SEP 2020,1117.0,women_200m,2020,https://worldathletics.org/athletes/athlete=14300190,toplist
55.0,23.19,,Twanisha TERRY,24 JAN 1999,USA,2f1,,"Sports Performance Center, Lubbock, TX (USA) (i)",21 FEB 2020,1159.0,women_200m,2020,https://worldathletics.org/athletes/athlete=14553598,toplist
56.0,23.2,1.6,Rafailia SPANOUDAKI-CHATZIRIGA,07 JUN 1994,GRE,1f2,,Patra (GRE),09 AUG 2020,1114.0,women_200m,2020,https://worldathletics.org/athletes/athlete=14686534,toplist
57.0,23.22,,Caisja CHANDLER,18 JUN 2000,USA,2f2,,"CrossPlex Athletic Facility, Birmingham, AL (USA) (i)",29 FEB 2020,1156.0,women_200m,2020,https://worldathletics.org/athletes/athlete=14731976,toplist
58.0,23.23,,Savyon TOOMBS,02 JUN 1998,USA,1f1,,"Boston Univ. Track & Tennis Center, Boston, MA (USA) (i)",01 FEB 2020,1155.0,women_200m,2020,https://worldathletics.org/athletes/athlete=14548492,toplist
58.0,23.23,,Ama PIPI,26 NOV 1995,GBR,1,,"Emirates Arena, Glasgow (GBR) (i)",23 FEB 2020,1155.0,women_200m,2020,https://worldathletics.org/athletes/athlete=14479776,toplist
58.0,23.23,-1.0,Corinna SCHWAB,05 APR 1999,GER,1f7,,"Sportanlage am Weinweg, Regensburg (GER)",25 JUL 2020,1117.0,women_200m,2020,https://worldathletics.org/athletes/athlete=14584915,toplist
58.0,23.23,0.3,Dalia KADDARI,23 MAR 2001,ITA,3,,"Stadio Comunale, Bellinzona (SUI)",15 SEP 2020,1111.0,women_200m,2020,https://worldathletics.org/athletes/athlete=14775977,toplist
62.0,23.24,,Devine PARKER,02 SEP 2000,BAH,1f1,,"SPIRE Institute Indoor Track & Field Facility, Geneva, OH (USA) (i)",29 FEB 2020,0.0,women_200m,2020,https://worldathletics.org/athletes/athlete=14578720,toplist
62.0,23.24,1.0,Krystsina TSIMANOUSKAYA,19 NOV 1996,BLR,1,,"RTSOP, Minsk (BLR)",26 JUN 2020,1110.0,women_200m,2020,https://worldathletics.org/athletes/athlete=14571586,toplist
64.0,23.25,,Kiara GRANT,08 OCT 2000,JAM,1f1,,"Ocean Breeze Athl. Complex, New York, NY (USA) (i)",11 JAN 2020,1153.0,women_200m,2020,https://worldathletics.org/athletes/athlete=14576789,toplist
64.0,23.25,0.7,Mujinga KAMBUNDJI,17 JUN 1992,SUI,3,,"Bregyó Athletic Center, Székesfehérvár (HUN)",19 AUG 2020,1109.0,women_200m,2020,https://worldathletics.org/athletes/athlete=14300897,toplist
66.0,23.26,,Janeek BROWN,14 MAY 1998,JAM,1f9,,"Randal Tyson Indoor Center, Fayetteville, AR (USA) (i)",21 FEB 2020,1152.0,women_200m,2020,https://worldathletics.org/athletes/athlete=14574691,toplist
66.0,23.26,-1.6,Jacinta BEECHER,31 JAN 1998,AUS,1h1,,"QSAC State Athletics Facility, Nathan, Brisbane (AUS)",08 MAR 2020,1117.0,women_200m,2020,https://worldathletics.org/athletes/athlete=14496696,toplist
66.0,23.26,0.6,Yunisleidy GARCÍA ABREU,11 AUG 1999,CUB,1,,"Estadio Panamericano, La Habana (CUB)",21 MAR 2020,1108.0,women_200m,2020,https://worldathletics.org/athletes/athlete=14636498,toplist
69.0,23.27,0.8,Gloria HOOPER,03 MAR 1992,ITA,2f1,,"Stadio Guidobaldi, Rieti (ITA)",23 JUL 2020,1107.0,women_200m,2020,https://worldathletics.org/athletes/athlete=14381808,toplist
70.0,23.28,,Celera BARNES,02 DEC 1998,USA,2f4,,"Clemson Indoor Track & Field Complex, Clemson, SC (USA) (i)",15 FEB 2020,1150.0,women_200m,2020,https://worldathletics.org/athletes/athlete=14533574,toplist
70.0,23.28,,Ashley SPENCER,08 JUN 1993,USA,1f6,,"Gilliam Indoor Track, College Station, TX (USA) (i)",22 FEB 2020,1150.0,women_200m,2020,https://worldathletics.org/athletes/athlete=14476234,toplist
72.0,23.31,1.3,Riley DAY,30 MAR 2000,AUS,1,,"WA Athletics Stadium, Perth (AUS)",01 FEB 2020,1103.0,women_200m,2020,https://worldathletics.org/athletes/athlete=14613323,toplist
72.0,23.31,,Felicia BROWN,27 OCT 1993,USA,1f7,,"Clemson Indoor Track & Field Complex, Clemson, SC (USA) (i)",15 FEB 2020,1148.0,women_200m,2020,https://worldathletics.org/athletes/athlete=14366314,toplist
72.0,23.31,0.8,Anna BONGIORNI,15 SEP 1993,ITA,3f1,,"Stadio Guidobaldi, Rieti (ITA)",23 JUL 2020,1103.0,women_200m,2020,https://worldathletics.org/athletes/athlete=14361484,toplist
75.0,23.33,,Paula SEVILLA,28 JUN 1997,ESP,1sf1,,"Pista de atletismo Cuberta de Ourense, Ourense (ESP) (i)",29 FEB 2020,1146.0,women_200m,2020,https://worldathletics.org/athletes/athlete=14595639,toplist
75.0,23.33,1.0,Elvira HERMAN,09 JAN 1997,BLR,2,,"RTSOP, Minsk (BLR)",26 JUN 2020,1101.0,women_200m,2020,https://worldathletics.org/athletes/athlete=14579406,toplist
75.0,23.33,1.3,Agnė ŠERKŠNIENĖ,18 FEB 1988,LTU,3f7,,"Stade de La Charrière, La Chaux-de-Fonds (SUI)",15 AUG 2020,1101.0,women_200m,2020,https://worldathletics.org/athletes/athlete=14290336,toplist
75.0,23.33,0.7,Marie-Josée TA LOU,18 NOV 1988,CIV,4,,"Bregyó Athletic Center, Székesfehérvár (HUN)",19 AUG 2020,1101.0,women_200m,2020,https://worldathletics.org/athletes/athlete=14415994,toplist
79.0,23.34,,Takyera ROBERSON,07 MAY 1998,USA,2h7,,"Gilliam Indoor Track, College Station, TX (USA) (i)",28 FEB 2020,1145.0,women_200m,2020,https://worldathletics.org/athletes/athlete=14527955,toplist
79.0,23.34,1.5,Shenese WALKER,23 JAN 2003,JAM,1,,"National Stadium, Kingston (JAM)",08 MAR 2020,1100.0,women_200m,2020,https://worldathletics.org/athletes/athlete=14777658,toplist
81.0,23.35,1.7,Bree MASTERS,24 JUN 1995,AUS,1,,"AIS Athletics Track, Canberra (AUS)",27 JAN 2020,1099.0,women_200m,2020,https://worldathletics.org/athletes/athlete=14924344,toplist
81.0,23.35,,Na'Asha ROBINSON,23 JAN 1997,USA,1f2,,"South Carolina Indoor T&F Complex, Columbia, SC (USA) (i)",08 FEB 2020,1144.0,women_200m,2020,https://worldathletics.org/athletes/athlete=14689825,toplist
81.0,23.35,0.2,Natasha EADY,20 MAY 1998,NZL,1f1,,"Mt Smart Stadium, Auckland (NZL)",14 NOV 2020,1099.0,women_200m,2020,https://worldathletics.org/athletes/athlete=14558978,toplist
84.0,23.37,,Shian HYDE,30 DEC 1996,JAM,1f2,,"Clemson Indoor Track & Field Complex, Clemson, SC (USA) (i)",11 JAN 2020,1142.0,women_200m,2020,https://worldathletics.org/athletes/athlete=14576538,toplist
84.0,23.37,1.5,Brandy HALL,04 SEP 2002,JAM,2,,"National Stadium, Kingston (JAM)",08 MAR 2020,1097.0,women_200m,2020,https://worldathletics.org/athletes/athlete=14736233,toplist
84.0,23.37,0.7,Irene SIRAGUSA,23 JUN 1993,ITA,3f1,,"Mestský Stadion Sletište, Kladno (CZE)",16 SEP 2020,1097.0,women_200m,2020,https://worldathletics.org/athletes/athlete=14361469,toplist
87.0,23.38,,Jayla KIRKLAND,13 FEB 1999,USA,1f2,,"Sports Performance Center, Lubbock, TX (USA) (i)",01 FEB 2020,1141.0,women_200m,2020,https://worldathletics.org/athletes/athlete=14596375,toplist
87.0,23.38,,Dajour MILES,25 JUL 2001,USA,1h2,,"Gilliam Indoor Track, College Station, TX (USA) (i)",28 FEB 2020,1141.0,women_200m,2020,https://worldathletics.org/athletes/athlete=14713232,toplist
87.0,23.38,,Caitlan TATE,16 SEP 1998,USA,2f2,,"Loftus Sports Center, Notre Dame, IN (USA) (i)",29 FEB 2020,0.0,women_200m,2020,https://worldathletics.org/athletes/athlete=14487404,toplist
87.0,23.38,0.4,Nadine VISSER,09 FEB 1995,NED,1f2,,"Sportcentrum Papendal, Arnhem (NED)",18 JUL 2020,1096.0,women_200m,2020,https://worldathletics.org/athletes/athlete=14451249,toplist
87.0,23.38,0.3,Jamile SAMUEL,24 APR 1992,NED,4,,"Stadio Comunale, Bellinzona (SUI)",15 SEP 2020,1096.0,women_200m,2020,https://worldathletics.org/athletes/athlete=14291975,toplist
92.0,23.39,-0.7,Talea PREPENS,28 DEC 2001,GER,5,,"Eintracht-Stadion, Braunschweig (GER)",09 AUG 2020,1100.0,women_200m,2020,https://worldathletics.org/athletes/athlete=14735546,toplist
93.0,23.4,,Ashley HENDERSON,04 DEC 1995,USA,2f6,,"Gilliam Indoor Track, College Station, TX (USA) (i)",22 FEB 2020,1139.0,women_200m,2020,https://worldathletics.org/athletes/athlete=14436992,toplist
93.0,23.4,0.5,Lada VONDROVÁ,06 SEP 1999,CZE,1f1,,"Mestský Stadion Sletište, Kladno (CZE)",18 JUL 2020,1095.0,women_200m,2020,https://worldathletics.org/athletes/athlete=14684777,toplist
93.0,23.4,1.8,Femke BOL,23 FEB 2000,NED,3,,"Atletiekbaan Maarschalkerweerd, Utrecht (NED)",30 AUG 2020,1095.0,women_200m,2020,https://worldathletics.org/athletes/athlete=14707010,toplist
96.0,23.41,0.5,Morolake AKINOSUN,17 MAY 1994,USA,3f2,,"Life University Track & Field Stadium, Marietta, GA (USA)",01 AUG 2020,1094.0,women_200m,2020,https://worldathletics.org/athletes/athlete=14430813,toplist
97.0,23.42,,Crystal EMMANUEL,27 NOV 1991,CAN,1f1,,"Ocean Breeze Athl. Complex, New York, NY (USA) (i)",14 FEB 2020,1137.0,women_200m,2020,https://worldathletics.org/athletes/athlete=14270576,toplist
97.0,23.42,,Jacious SEARS,14 AUG 2001,USA,1f14,,"Clemson Indoor Track & Field Complex, Clemson, SC (USA) (i)",15 FEB 2020,1137.0,women_200m,2020,https://worldathletics.org/athletes/athlete=14757192,toplist
97.0,23.42,,Lucie FERAUGE,21 APR 2000,BEL,1f1,,"Topsporthal Vlaanderen, Gent (BEL) (i)",22 FEB 2020,1137.0,women_200m,2020,https://worldathletics.org/athletes/athlete=14676354,toplist
97.0,23.42,,Mette GRAVERSGAARD,05 OCT 1995,DEN,1,,"Ulsteinhallen, Ulsteinvik (NOR) (i)",28 FEB 2020,1137.0,women_200m,2020,https://worldathletics.org/athletes/athlete=14459996,toplist
1.0,21.53,0.8,Elaine THOMPSON-HERAH,28 JUN 1992,JAM,1,,"National Stadium, Tokyo (JPN)",03 AUG 2021,1288.0,women_200m,2021,https://worldathletics.org/athletes/athlete=14285956,toplist
2.0,21.61,1.3,Gabrielle THOMAS,07 DEC 1996,USA,1,,"Hayward Field, Eugene, OR (USA)",26 JUN 2021,1279.0,women_200m,2021,https://worldathletics.org/athletes/athlete=14733520,toplist
3.0,21.78,0.6,Christine MBOMA,22 MAY 2003,NAM,1,,"Letzigrund, Zürich (SUI)",09 SEP 2021,1261.0,women_200m,2021,https://worldathletics.org/athletes/athlete=14913394,toplist
4.0,21.79,0.8,Shelly-Ann FRASER-PRYCE,27 DEC 1986,JAM,1,,"National Stadium, Kingston (JAM)",27 JUN 2021,1260.0,women_200m,2021,https://worldathletics.org/athletes/athlete=14285680,toplist
5.0,21.81,0.6,Shericka JACKSON,16 JUL 1994,JAM,2,,"Letzigrund, Zürich (SUI)",09 SEP 2021,1258.0,women_200m,2021,https://worldathletics.org/athletes/athlete=14325599,toplist
6.0,21.89,1.3,Jenna PRANDINI,20 NOV 1992,USA,2,,"Hayward Field, Eugene, OR (USA)",26 JUN 2021,1249.0,women_200m,2021,https://worldathletics.org/athletes/athlete=14329068,toplist
7.0,21.95,1.3,Anavia BATTLE,28 MAR 1999,USA,3,,"Hayward Field, Eugene, OR (USA)",26 JUN 2021,1243.0,women_200m,2021,https://worldathletics.org/athletes/athlete=14715397,toplist
8.0,21.98,1.3,Tamara CLARK,09 JAN 1999,USA,4,,"Hayward Field, Eugene, OR (USA)",26 JUN 2021,1240.0,women_200m,2021,https://worldathletics.org/athletes/athlete=14596381,toplist
9.0,22.03,1.5,Shaunae MILLER-UIBO,15 APR 1994,BAH,1f1,,"National Training Center, Clermont, FL (USA)",04 APR 2021,1234.0,women_200m,2021,https://worldathletics.org/athletes/athlete=14368116,toplist
10.0,22.04,0.4,Dina ASHER-SMITH,04 DEC 1995,GBR,3,,"Boudewijnstadion, Bruxelles (BEL)",03 SEP 2021,1233.0,women_200m,2021,https://worldathletics.org/athletes/athlete=14378282,toplist
11.0,22.11,1.0,Sha'Carri RICHARDSON,25 MAR 2000,USA,1f1,,"Percy Beard Track, Gainesville, FL (USA)",16 APR 2021,1226.0,women_200m,2021,https://worldathletics.org/athletes/athlete=14717691,toplist
11.0,22.11,1.3,Allyson FELIX,18 NOV 1985,USA,5,,"Hayward Field, Eugene, OR (USA)",26 JUN 2021,1226.0,women_200m,2021,https://worldathletics.org/athletes/athlete=14309983,toplist
11.0,22.11,0.1,Marie-Josée TA LOU,18 NOV 1988,CIV,1sf3,,"National Stadium, Tokyo (JPN)",02 AUG 2021,1226.0,women_200m,2021,https://worldathletics.org/athletes/athlete=14415994,toplist
14.0,22.12,0.2,Cambrea STURGIS,27 MAR 1999,USA,1,,"Hayward Field, Eugene, OR (USA)",12 JUN 2021,1225.0,women_200m,2021,https://worldathletics.org/athletes/athlete=14674111,toplist
15.0,22.18,1.1,Beatrice MASILINGI,10 APR 2003,NAM,2,,"Moi International Sports Centre, Kasarani, Nairobi (KEN)",21 AUG 2021,1219.0,women_200m,2021,https://worldathletics.org/athletes/athlete=14873311,toplist
16.0,22.23,1.1,Favour OFILI,31 DEC 2002,NGR,3,,"Moi International Sports Centre, Kasarani, Nairobi (KEN)",21 AUG 2021,1214.0,women_200m,2021,https://worldathletics.org/athletes/athlete=14756075,toplist
17.0,22.24,1.3,Dezerea BRYANT,27 APR 1993,USA,6,,"Hayward Field, Eugene, OR (USA)",26 JUN 2021,1212.0,women_200m,2021,https://worldathletics.org/athletes/athlete=14375109,toplist
18.0,22.26,-0.2,Mujinga KAMBUNDJI,17 JUN 1992,SUI,1h3,,"National Stadium, Tokyo (JPN)",02 AUG 2021,1211.0,women_200m,2021,https://worldathletics.org/athletes/athlete=14300897,toplist
19.0,22.31,0.7,Kynnedy FLANNEL,12 JUL 2000,USA,2h4,,"Hayward Field, Eugene, OR (USA)",24 JUN 2021,1205.0,women_200m,2021,https://worldathletics.org/athletes/athlete=14692188,toplist
20.0,22.38,,Abby STEINER,24 NOV 1999,USA,1f2,,"Randal Tyson Indoor Center, Fayetteville, AR (USA) (i)",13 MAR 2021,1238.0,women_200m,2021,https://worldathletics.org/athletes/athlete=14691380,toplist
20.0,22.38,1.9,Ajla DEL PONTE,15 JUL 1996,SUI,1f1,,"Stade de La Charrière, La Chaux-de-Fonds (SUI)",14 AUG 2021,1198.0,women_200m,2021,https://worldathletics.org/athletes/athlete=14487463,toplist
22.0,22.43,1.0,Brittany BROWN,18 APR 1995,USA,1f1,,"University of North Florda Jax Track at Hodges Stadium, Jacksonville, FL (USA)",31 MAY 2021,1193.0,women_200m,2021,https://worldathletics.org/athletes/athlete=14437218,toplist
23.0,22.44,-0.3,Morolake AKINOSUN,17 MAY 1994,USA,4sf1,,"Hayward Field, Eugene, OR (USA)",25 JUN 2021,1193.0,women_200m,2021,https://worldathletics.org/athletes/athlete=14430813,toplist
24.0,22.45,-0.3,Lynna IRBY,06 DEC 1998,USA,5sf1,,"Hayward Field, Eugene, OR (USA)",25 JUN 2021,1192.0,women_200m,2021,https://worldathletics.org/athletes/athlete=14486888,toplist
25.0,22.47,0.3,Nzubechi Grace NWOKOCHA,07 APR 2001,NGR,3h1,,"National Stadium, Tokyo (JPN)",02 AUG 2021,1189.0,women_200m,2021,https://worldathletics.org/athletes/athlete=14886275,toplist
26.0,22.49,1.9,Symone MASON,31 AUG 1999,USA,2h1,,"University of North Florda Jax Track at Hodges Stadium, Jacksonville, FL (USA)",29 MAY 2021,1187.0,women_200m,2021,https://worldathletics.org/athletes/athlete=14498940,toplist
27.0,22.54,2.0,Brianne BETHEL,05 JUL 1998,BAH,1,,"University of South Florida Track & Field Stadium, Tampa, FL (USA)",16 MAY 2021,1181.0,women_200m,2021,https://worldathletics.org/athletes/athlete=14578484,toplist
27.0,22.54,0.1,Twanisha TERRY,24 JAN 1999,USA,1h3,,"Cushing Stadium, College Station, TX (USA)",29 MAY 2021,1181.0,women_200m,2021,https://worldathletics.org/athletes/athlete=14553598,toplist
27.0,22.54,1.7,Teahna DANIELS,25 MAR 1997,USA,2h1,,"Hayward Field, Eugene, OR (USA)",24 JUN 2021,1181.0,women_200m,2021,https://worldathletics.org/athletes/athlete=14443924,toplist
27.0,22.54,0.1,Aminatou SEYNI,24 OCT 1996,NIG,5sf3,,"National Stadium, Tokyo (JPN)",02 AUG 2021,1181.0,women_200m,2021,https://worldathletics.org/athletes/athlete=14819214,toplist
31.0,22.56,0.3,Anthonique STRACHAN,22 AUG 1993,BAH,3sf1,,"National Stadium, Tokyo (JPN)",02 AUG 2021,1179.0,women_200m,2021,https://worldathletics.org/athletes/athlete=14368117,toplist
31.0,22.56,0.3,Riley DAY,30 MAR 2000,AUS,4sf1,,"National Stadium, Tokyo (JPN)",02 AUG 2021,1179.0,women_200m,2021,https://worldathletics.org/athletes/athlete=14613323,toplist
33.0,22.57,0.7,Kyra JEFFERSON,23 SEP 1994,USA,3h4,,"Hayward Field, Eugene, OR (USA)",24 JUN 2021,1178.0,women_200m,2021,https://worldathletics.org/athletes/athlete=14411312,toplist
34.0,22.58,1.9,Quanera HAYES,07 MAR 1992,USA,3h3,,"Hayward Field, Eugene, OR (USA)",24 JUN 2021,1177.0,women_200m,2021,https://worldathletics.org/athletes/athlete=14509544,toplist
35.0,22.59,-1.1,Blessing OKAGBARE,09 OCT 1988,NGR,2,,"Mestský Stadion, Ostrava (CZE)",19 MAY 2021,1182.0,women_200m,2021,https://worldathletics.org/athletes/athlete=14292330,toplist
36.0,22.6,1.3,Jasmine CAMACHO-QUINN,21 AUG 1996,PUR,1f1,,"Ansin Sports Complex, Miramar, FL (USA)",27 MAR 2021,1175.0,women_200m,2021,https://worldathletics.org/athletes/athlete=14494234,toplist
36.0,22.6,0.2,Jodie WILLIAMS,28 SEP 1993,GBR,2,,"International Stadium, Gateshead (GBR)",13 JUL 2021,1175.0,women_200m,2021,https://worldathletics.org/athletes/athlete=14276757,toplist
38.0,22.62,1.9,Gina BASS,03 MAY 1995,GAM,1f1,,"Stade Senghor, Dakar (SEN)",09 MAY 2021,1173.0,women_200m,2021,https://worldathletics.org/athletes/athlete=14479741,toplist
39.0,22.64,1.0,Tamari DAVIS,15 FEB 2003,USA,1f1,,Carolina (PUR),19 MAR 2021,1171.0,women_200m,2021,https://worldathletics.org/athletes/athlete=14716794,toplist
39.0,22.64,-0.4,Dalia KADDARI,23 MAR 2001,ITA,1,,"Kadrioru staadion, Tallinn (EST)",10 JUL 2021,1173.0,women_200m,2021,https://worldathletics.org/athletes/athlete=14775977,toplist
39.0,22.64,1.9,Lorène Dorcas BAZOLO,04 MAY 1983,POR,2f1,,"Stade de La Charrière, La Chaux-de-Fonds (SUI)",14 AUG 2021,1171.0,women_200m,2021,https://worldathletics.org/athletes/athlete=14375638,toplist
42.0,22.69,-0.2,Rhoda NJOBVU,29 JAN 1994,ZAM,1f1,,"National Heroes Stadium, Lusaka (ZAM)",10 APR 2021,1167.0,women_200m,2021,https://worldathletics.org/athletes/athlete=14657867,toplist
42.0,22.69,1.1,Corinna SCHWAB,05 APR 1999,GER,1f1,,"Enwag-Stadion, Wetzlar (GER)",10 JUL 2021,1166.0,women_200m,2021,https://worldathletics.org/athletes/athlete=14584915,toplist
44.0,22.7,0.9,Anglerne ANNELUS,10 JAN 1997,USA,2sf1,,"Hayward Field, Eugene, OR (USA)",10 JUN 2021,1165.0,women_200m,2021,https://worldathletics.org/athletes/athlete=14522144,toplist
44.0,22.7,-0.3,Dafne SCHIPPERS,15 JUN 1992,NED,3,,"Bregyó Athletic Center, Székesfehérvár (HUN)",06 JUL 2021,1166.0,women_200m,2021,https://worldathletics.org/athletes/athlete=14291986,toplist
46.0,22.72,-0.6,Gulsumbi SHARIFOVA,02 DEC 1997,TJK,1,,Tashkent (UZB),15 MAY 2021,1166.0,women_200m,2021,https://worldathletics.org/athletes/athlete=14849528,toplist
47.0,22.74,0.8,Natasha MORRISON,17 NOV 1992,JAM,4,,"National Stadium, Kingston (JAM)",27 JUN 2021,1161.0,women_200m,2021,https://worldathletics.org/athletes/athlete=14285826,toplist
47.0,22.74,0.4,Crystal EMMANUEL,27 NOV 1991,CAN,1h6,,"National Stadium, Tokyo (JPN)",02 AUG 2021,1161.0,women_200m,2021,https://worldathletics.org/athletes/athlete=14270576,toplist
49.0,22.76,1.9,Anna KIEŁBASIŃSKA,26 JUN 1990,POL,3f1,,"Stade de La Charrière, La Chaux-de-Fonds (SUI)",14 AUG 2021,1159.0,women_200m,2021,https://worldathletics.org/athletes/athlete=14293852,toplist
50.0,22.77,0.6,Alfreda STEELE,19 DEC 1997,USA,1,,"Paul Derr TF Facility, Raleigh, NC (USA)",15 MAY 2021,1158.0,women_200m,2021,https://worldathletics.org/athletes/athlete=14577712,toplist
50.0,22.77,0.4,Gémima JOSEPH,17 OCT 2001,FRA,2f1,,"Stade des Maradas, Cergy-Pontoise (FRA)",16 JUN 2021,1158.0,women_200m,2021,https://worldathletics.org/athletes/athlete=14738969,toplist
52.0,22.78,0.6,Jayla KIRKLAND,13 FEB 1999,USA,2,,"Paul Derr TF Facility, Raleigh, NC (USA)",15 MAY 2021,1157.0,women_200m,2021,https://worldathletics.org/athletes/athlete=14596375,toplist
52.0,22.78,0.6,Beth DOBBIN,07 JUN 1994,GBR,1,,"Stadion Śląski, Chorzów (POL)",30 MAY 2021,1157.0,women_200m,2021,https://worldathletics.org/athletes/athlete=14515204,toplist
52.0,22.78,0.2,Kevona DAVIS,20 DEC 2001,JAM,8,,"Hayward Field, Eugene, OR (USA)",12 JUN 2021,1157.0,women_200m,2021,https://worldathletics.org/athletes/athlete=14630588,toplist
55.0,22.79,0.5,Caisja CHANDLER,18 JUN 2000,USA,2h3,,"University of North Florda Jax Track at Hodges Stadium, Jacksonville, FL (USA)",29 MAY 2021,1156.0,women_200m,2021,https://worldathletics.org/athletes/athlete=14731976,toplist
55.0,22.79,1.0,Kristina MAKARENKO,28 FEB 1997,RUS,1,,"Stadium Desna, Bryansk (RUS)",11 JUN 2021,1156.0,women_200m,2021,https://worldathletics.org/athletes/athlete=14560320,toplist
55.0,22.79,1.2,Cynthia BOLINGO,12 JAN 1993,BEL,1f1,,"Stade du Parc de la Dodaine, Nivelles (BEL)",19 JUN 2021,1156.0,women_200m,2021,https://worldathletics.org/athletes/athlete=14360768,toplist
55.0,22.79,0.4,Olga SAFRONOVA,05 NOV 1991,KAZ,f,,Almaty (KAZ),29 JUN 2021,1156.0,women_200m,2021,https://worldathletics.org/athletes/athlete=14288586,toplist
55.0,22.79,-0.2,Bassant HEMIDA,28 SEP 1996,EGY,1f1,,Brno (CZE),04 JUL 2021,1157.0,women_200m,2021,https://worldathletics.org/athletes/athlete=14755412,toplist
60.0,22.8,0.4,Candace HILL,11 FEB 1999,USA,1f2,,"University of North Florda Jax Track at Hodges Stadium, Jacksonville, FL (USA)",31 MAY 2021,1155.0,women_200m,2021,https://worldathletics.org/athletes/athlete=14596374,toplist
61.0,22.81,0.6,Daryll NEITA,29 AUG 1996,GBR,5,,"Letzigrund, Zürich (SUI)",09 SEP 2021,1154.0,women_200m,2021,https://worldathletics.org/athletes/athlete=14476603,toplist
62.0,22.82,1.9,Cassondra HALL,23 SEP 1997,USA,1pr6,,"Cushing Stadium, College Station, TX (USA)",27 MAY 2021,1153.0,women_200m,2021,https://worldathletics.org/athletes/athlete=14489365,toplist
63.0,22.83,,Rebekka HAASE,02 JAN 1993,GER,1h1,,"Quarterback Immobilien Arena, Leipzig (GER) (i)",12 FEB 2021,1194.0,women_200m,2021,https://worldathletics.org/athletes/athlete=14360165,toplist
63.0,22.83,0.3,Lieke KLAVER,20 AUG 1998,NED,1f1,,"Putbosstadion, Oordegem (BEL)",29 MAY 2021,1152.0,women_200m,2021,https://worldathletics.org/athletes/athlete=14560483,toplist
63.0,22.83,0.2,Kortnei JOHNSON,11 AUG 1997,USA,2f2,,"Marietta HS, Marietta, GA (USA)",09 JUL 2021,1152.0,women_200m,2021,https://worldathletics.org/athletes/athlete=14519052,toplist
66.0,22.86,2.0,Lanae-Tava THOMAS,28 JAN 2001,USA,2pr3,,"Cushing Stadium, College Station, TX (USA)",27 MAY 2021,1149.0,women_200m,2021,https://worldathletics.org/athletes/athlete=14648896,toplist
66.0,22.86,0.1,Jada BAYLARK,17 OCT 1997,USA,3h3,,"Cushing Stadium, College Station, TX (USA)",29 MAY 2021,1149.0,women_200m,2021,https://worldathletics.org/athletes/athlete=14596937,toplist
66.0,22.86,-0.2,Marileidy PAULINO,25 OCT 1996,DOM,1,,Santo Domingo (DOM),12 JUN 2021,1150.0,women_200m,2021,https://worldathletics.org/athletes/athlete=14749613,toplist
66.0,22.86,0.5,Ashanti MOORE,07 NOV 2000,JAM,2h2,,"National Stadium, Kingston (JAM)",26 JUN 2021,1149.0,women_200m,2021,https://worldathletics.org/athletes/athlete=14630579,toplist
70.0,22.87,0.0,Jonah ROSS,01 MAY 2002,USA,4h2,,"University of North Florda Jax Track at Hodges Stadium, Jacksonville, FL (USA)",29 MAY 2021,1148.0,women_200m,2021,https://worldathletics.org/athletes/athlete=14761328,toplist
70.0,22.87,-0.4,Sophia JUNK,01 MAR 1999,GER,2,,"Kadrioru staadion, Tallinn (EST)",10 JUL 2021,1150.0,women_200m,2021,https://worldathletics.org/athletes/athlete=14593203,toplist
72.0,22.88,1.8,Natalliah WHYTE,09 AUG 1997,JAM,1f1,,"Tropical Park Track, Miami, FL (USA)",20 MAR 2021,1147.0,women_200m,2021,https://worldathletics.org/athletes/athlete=14413448,toplist
72.0,22.88,0.0,Hima DAS,09 JAN 2000,IND,1,,Patiala (IND),21 JUN 2021,1147.0,women_200m,2021,https://worldathletics.org/athletes/athlete=14796164,toplist
74.0,22.89,0.8,Thelma DAVIES,08 MAY 2000,USA,2,,"Mike A. Myers Stadium, Austin, TX (USA)",27 MAR 2021,1146.0,women_200m,2021,https://worldathletics.org/athletes/athlete=14745790,toplist
74.0,22.89,1.6,Marije VAN HUNENSTIJN,02 MAR 1995,NED,1f2,,"Stade de La Charrière, La Chaux-de-Fonds (SUI)",14 AUG 2021,1146.0,women_200m,2021,https://worldathletics.org/athletes/athlete=14451250,toplist
76.0,22.9,-0.2,Stephenie Ann MCPHERSON,25 NOV 1988,JAM,2f2,,"National Stadium, Kingston (JAM)",17 APR 2021,1146.0,women_200m,2021,https://worldathletics.org/athletes/athlete=14285809,toplist
76.0,22.9,0.1,Rhasidat ADELEKE,29 AUG 2002,IRL,1,,"Kadrioru staadion, Tallinn (EST)",17 JUL 2021,1145.0,women_200m,2021,https://worldathletics.org/athletes/athlete=14745252,toplist
78.0,22.91,0.0,Wadeline JONATHAS,19 FEB 1998,USA,1f1,,"Cregger Track, Columbia, SC (USA)",27 MAR 2021,1144.0,women_200m,2021,https://worldathletics.org/athletes/athlete=14756963,toplist
78.0,22.91,0.0,Kamaya DUBOSE-EPPS,1999,USA,5h2,,"University of North Florda Jax Track at Hodges Stadium, Jacksonville, FL (USA)",29 MAY 2021,1144.0,women_200m,2021,https://worldathletics.org/athletes/athlete=14797076,toplist
80.0,22.93,0.2,Tiana WILSON,19 JUL 2000,USA,2h3,,"Cushing Stadium, College Station, TX (USA)",13 MAY 2021,1142.0,women_200m,2021,https://worldathletics.org/athletes/athlete=14658808,toplist
80.0,22.93,1.0,TyNia GAITHER,16 MAR 1993,BAH,5f1,,"University of North Florda Jax Track at Hodges Stadium, Jacksonville, FL (USA)",31 MAY 2021,1142.0,women_200m,2021,https://worldathletics.org/athletes/athlete=14362366,toplist
80.0,22.93,0.5,Jamile SAMUEL,24 APR 1992,NED,1,,"Atletiekbaan Breda, Breda (NED)",27 JUN 2021,1142.0,women_200m,2021,https://worldathletics.org/athletes/athlete=14291975,toplist
83.0,22.94,,Talitha DIGGS,22 AUG 2002,USA,1f9,,"Randal Tyson Indoor Center, Fayetteville, AR (USA) (i)",13 FEB 2021,1183.0,women_200m,2021,https://worldathletics.org/athletes/athlete=14773307,toplist
83.0,22.94,,Delecia MCDUFFIE,,USA,3h1,,"Randal Tyson Indoor Center, Fayetteville, AR (USA) (i)",12 MAR 2021,1183.0,women_200m,2021,https://worldathletics.org/athletes/athlete=14703787,toplist
85.0,22.95,0.5,Melissa JEFFERSON,21 FEB 2001,USA,3h3,,"University of North Florda Jax Track at Hodges Stadium, Jacksonville, FL (USA)",29 MAY 2021,1140.0,women_200m,2021,https://worldathletics.org/athletes/athlete=14756997,toplist
86.0,22.96,0.6,Ella CONNOLLY,13 JUL 2000,AUS,1f1,,"QSAC State Athletics Facility, Nathan, Brisbane (AUS)",30 JAN 2021,1139.0,women_200m,2021,https://worldathletics.org/athletes/athlete=14517121,toplist
86.0,22.96,1.1,Brittany AVENI,18 JAN 1998,USA,1f1,,"UVA Lanningan Field, Charlottesville, VA (USA)",03 APR 2021,1139.0,women_200m,2021,https://worldathletics.org/athletes/athlete=14649666,toplist
86.0,22.96,1.6,Kayla WHITE,14 SEP 1996,USA,1f1,,"Irwin Belk Track, Greensboro, NC (USA)",10 APR 2021,1139.0,women_200m,2021,https://worldathletics.org/athletes/athlete=14642681,toplist
86.0,22.96,0.4,Shae ANDERSON,07 APR 1999,USA,1f1,,"Univ. of Arizona Roy P. Drachman Stadium, Tucson, AZ (USA)",17 APR 2021,1139.0,women_200m,2021,https://worldathletics.org/athletes/athlete=14691338,toplist
86.0,22.96,0.1,Alexa ROSSUM,06 JAN 2001,USA,5h3,,"Cushing Stadium, College Station, TX (USA)",29 MAY 2021,1139.0,women_200m,2021,https://worldathletics.org/athletes/athlete=14715726,toplist
86.0,22.96,0.1,Lisa Marie KWAYIE,27 OCT 1996,GER,1f4,,"Sportanlage am Weinweg, Regensburg (GER)",20 JUN 2021,1139.0,women_200m,2021,https://worldathletics.org/athletes/athlete=14454037,toplist
86.0,22.96,1.0,Jessica-Bianca WESSOLLY,11 DEC 1996,GER,2,,"Michael-Hoffmann-Stadion, Mannheim (GER)",25 JUN 2021,1139.0,women_200m,2021,https://worldathletics.org/athletes/athlete=14507608,toplist
86.0,22.96,0.0,Gabriela Anahi SUAREZ,02 FEB 2001,ECU,1,,"Pascual Guerrero Stadium, Cali (COL)",03 DEC 2021,1139.0,women_200m,2021,https://worldathletics.org/athletes/athlete=14701514,toplist
94.0,22.97,1.3,Danah HUSSEIN,03 JAN 1986,IRQ,f1,,"Atıcılar Atletizm Sahası, Bursa (TUR)",06 JUN 2021,1138.0,women_200m,2021,https://worldathletics.org/athletes/athlete=14283410,toplist
95.0,22.98,1.9,Vitoria Cristina ROSA,12 JAN 1996,BRA,1,,"Cougar Athletic Stadium, Azusa, CA (USA)",17 APR 2021,1137.0,women_200m,2021,https://worldathletics.org/athletes/athlete=14481687,toplist
95.0,22.98,-0.2,Manqi GE,13 OCT 1997,CHN,1,,Chongqing (CHN),27 JUN 2021,1138.0,women_200m,2021,https://worldathletics.org/athletes/athlete=14576460,toplist
97.0,22.99,0.7,Roneisha MCGREGOR,09 OCT 1997,JAM,1,,"National Stadium, Kingston (JAM)",22 MAY 2021,1136.0,women_200m,2021,https://worldathletics.org/athletes/athlete=14574702,toplist
97.0,22.99,1.1,Irene SIRAGUSA,23 JUN 1993,ITA,1f1,,"Mestský Stadion Sletište, Kladno (CZE)",15 JUN 2021,1136.0,women_200m,2021,https://worldathletics.org/athletes/athlete=14361469,toplist
99.0,23.0,0.4,Josephine ANOKYE,31 MAY 1992,GHA,1f1,,"Univ. of Arizona Roy P. Drachman Stadium, Tucson, AZ (USA)",10 APR 2021,1135.0,women_200m,2021,https://worldathletics.org/athletes/athlete=14757781,toplist
99.0,23.0,1.0,Alexandra BURGHARDT,28 APR 1994,GER,2f1,,"Michael-Hoffmann-Stadion, Mannheim (GER)",15 MAY 2021,1135.0,women_200m,2021,https://worldathletics.org/athletes/athlete=14390368,toplist
1.0,21.45,0.6,Shericka JACKSON,16 JUL 1994,JAM,1,,"Hayward Field, Eugene, OR (USA)",21 JUL 2022,1296.0,women_200m,2022,https://worldathletics.org/athletes/athlete=14325599,toplist
2.0,21.77,-0.3,Abby STEINER,24 NOV 1999,USA,1,,"Hayward Field, Eugene, OR (USA)",26 JUN 2022,1263.0,women_200m,2022,https://worldathletics.org/athletes/athlete=14691380,toplist
3.0,21.81,0.6,Shelly-Ann FRASER-PRYCE,27 DEC 1986,JAM,2,,"Hayward Field, Eugene, OR (USA)",21 JUL 2022,1258.0,women_200m,2022,https://worldathletics.org/athletes/athlete=14285680,toplist
4.0,21.87,0.6,Christine MBOMA,22 MAY 2003,NAM,1,,"National Stadium, Gaborone (BOT)",30 APR 2022,1251.0,women_200m,2022,https://worldathletics.org/athletes/athlete=14913394,toplist
5.0,21.92,-0.3,Tamara CLARK,09 JAN 1999,USA,2,,"Hayward Field, Eugene, OR (USA)",26 JUN 2022,1247.0,women_200m,2022,https://worldathletics.org/athletes/athlete=14596381,toplist
6.0,21.96,1.3,Favour OFILI,31 DEC 2002,NGR,1f1,,"Percy Beard Track, Gainesville, FL (USA)",15 APR 2022,1242.0,women_200m,2022,https://worldathletics.org/athletes/athlete=14756075,toplist
6.0,21.96,1.4,Dina ASHER-SMITH,04 DEC 1995,GBR,2sf2,,"Hayward Field, Eugene, OR (USA)",19 JUL 2022,1242.0,women_200m,2022,https://worldathletics.org/athletes/athlete=14378282,toplist
8.0,21.97,1.4,Elaine THOMPSON-HERAH,28 JUN 1992,JAM,3sf2,,"Hayward Field, Eugene, OR (USA)",19 JUL 2022,1241.0,women_200m,2022,https://worldathletics.org/athletes/athlete=14285956,toplist
9.0,21.98,1.3,Gabrielle THOMAS,07 DEC 1996,USA,1,,"Suhaim bin Hamad Stadium, Doha (QAT)",13 MAY 2022,1240.0,women_200m,2022,https://worldathletics.org/athletes/athlete=14733520,toplist
9.0,21.98,1.1,Aminatou SEYNI,24 OCT 1996,NIG,1h3,,"Hayward Field, Eugene, OR (USA)",18 JUL 2022,1240.0,women_200m,2022,https://worldathletics.org/athletes/athlete=14819214,toplist
11.0,21.99,0.5,Brittany BROWN,18 APR 1995,USA,1f1,,"Vanderbilt Track, Nashville, TN (USA)",05 JUN 2022,1239.0,women_200m,2022,https://worldathletics.org/athletes/athlete=14437218,toplist
12.0,22.01,-0.3,Jenna PRANDINI,20 NOV 1992,USA,3,,"Hayward Field, Eugene, OR (USA)",26 JUN 2022,1238.0,women_200m,2022,https://worldathletics.org/athletes/athlete=14329068,toplist
13.0,22.05,2.0,Mujinga KAMBUNDJI,17 JUN 1992,SUI,3sf1,,"Hayward Field, Eugene, OR (USA)",19 JUL 2022,1232.0,women_200m,2022,https://worldathletics.org/athletes/athlete=14300897,toplist
14.0,22.11,0.9,Cambrea STURGIS,27 MAR 1999,USA,2sf1,,"Hayward Field, Eugene, OR (USA)",26 JUN 2022,1226.0,women_200m,2022,https://worldathletics.org/athletes/athlete=14674111,toplist
15.0,22.18,1.0,Kayla WHITE,14 SEP 1996,USA,3sf2,,"Hayward Field, Eugene, OR (USA)",26 JUN 2022,1219.0,women_200m,2022,https://worldathletics.org/athletes/athlete=14642681,toplist
16.0,22.23,2.0,Kynnedy FLANNEL,12 JUL 2000,USA,1,,"Terry & Linda Fuller T&F Complex, Lubbock, TX (USA)",15 MAY 2022,1214.0,women_200m,2022,https://worldathletics.org/athletes/athlete=14692188,toplist
17.0,22.26,2.0,Kevona DAVIS,20 DEC 2001,JAM,2,,"Terry & Linda Fuller T&F Complex, Lubbock, TX (USA)",15 MAY 2022,1210.0,women_200m,2022,https://worldathletics.org/athletes/athlete=14630588,toplist
17.0,22.26,0.9,Anavia BATTLE,28 MAR 1999,USA,2sf1,,"Hayward Field, Eugene, OR (USA)",09 JUN 2022,1210.0,women_200m,2022,https://worldathletics.org/athletes/athlete=14715397,toplist
19.0,22.27,1.2,Jasmine CAMACHO-QUINN,21 AUG 1996,PUR,1f1,,Carolina (PUR),18 MAR 2022,1209.0,women_200m,2022,https://worldathletics.org/athletes/athlete=14494234,toplist
19.0,22.27,-0.2,Beatrice MASILINGI,10 APR 2003,NAM,1h2,,"Hayward Field, Eugene, OR (USA)",18 JUL 2022,1210.0,women_200m,2022,https://worldathletics.org/athletes/athlete=14873311,toplist
21.0,22.32,-0.2,Shaunae MILLER-UIBO,15 APR 1994,BAH,1,,"T. Robinson Stadium, Nassau (BAH)",25 JUN 2022,1205.0,women_200m,2022,https://worldathletics.org/athletes/athlete=14368116,toplist
22.0,22.33,2.0,Rosemary CHUKWUMA,05 DEC 2001,NGR,3,,"Terry & Linda Fuller T&F Complex, Lubbock, TX (USA)",15 MAY 2022,1203.0,women_200m,2022,https://worldathletics.org/athletes/athlete=14800571,toplist
23.0,22.36,1.0,Marileidy PAULINO,25 OCT 1996,DOM,1,,"Estadio Olimpico Juan Pablo Duarte, Santo Domingo (DOM)",25 JUN 2022,1200.0,women_200m,2022,https://worldathletics.org/athletes/athlete=14749613,toplist
24.0,22.38,1.7,Sha'Carri RICHARDSON,25 MAR 2000,USA,1,,"Icahn Stadium, New York, NY (USA)",12 JUN 2022,1198.0,women_200m,2022,https://worldathletics.org/athletes/athlete=14717691,toplist
25.0,22.39,-0.3,A'Keyla MITCHELL,25 OCT 1995,USA,6,,"Hayward Field, Eugene, OR (USA)",26 JUN 2022,1198.0,women_200m,2022,https://worldathletics.org/athletes/athlete=14491414,toplist
26.0,22.4,1.8,Allyson FELIX,18 NOV 1985,USA,1f1,,"Cregger Track, Columbia, SC (USA)",23 APR 2022,1196.0,women_200m,2022,https://worldathletics.org/athletes/athlete=14309983,toplist
27.0,22.41,2.0,TyNia GAITHER,16 MAR 1993,BAH,5sf1,,"Hayward Field, Eugene, OR (USA)",19 JUL 2022,1195.0,women_200m,2022,https://worldathletics.org/athletes/athlete=14362366,toplist
28.0,22.43,0.9,Edidiong ODIONG,13 MAR 1997,BRN,3sf1,,"Hayward Field, Eugene, OR (USA)",09 JUN 2022,1193.0,women_200m,2022,https://worldathletics.org/athletes/athlete=14541241,toplist
29.0,22.44,0.5,Nzubechi Grace NWOKOCHA,07 APR 2001,NGR,3sf3,,"Hayward Field, Eugene, OR (USA)",09 JUN 2022,1192.0,women_200m,2022,https://worldathletics.org/athletes/athlete=14886275,toplist
30.0,22.45,0.9,Shania COLLINS,14 NOV 1996,USA,5sf1,,"Hayward Field, Eugene, OR (USA)",26 JUN 2022,1191.0,women_200m,2022,https://worldathletics.org/athletes/athlete=14477995,toplist
31.0,22.46,1.8,Melissa JEFFERSON,21 FEB 2001,USA,2f1,,"Cregger Track, Columbia, SC (USA)",23 APR 2022,1190.0,women_200m,2022,https://worldathletics.org/athletes/athlete=14756997,toplist
31.0,22.46,1.2,Julien ALFRED,10 JUN 2001,LCA,1h5,,"Terry & Linda Fuller T&F Complex, Lubbock, TX (USA)",14 MAY 2022,1190.0,women_200m,2022,https://worldathletics.org/athletes/athlete=14646562,toplist
33.0,22.47,0.9,Bassant HEMIDA,28 SEP 1996,EGY,1,,"Stade Complexe Olympique, Oran (ALG)",03 JUL 2022,1189.0,women_200m,2022,https://worldathletics.org/athletes/athlete=14755412,toplist
33.0,22.47,1.4,Vitoria Cristina ROSA,12 JAN 1996,BRA,4sf2,,"Hayward Field, Eugene, OR (USA)",19 JUL 2022,1189.0,women_200m,2022,https://worldathletics.org/athletes/athlete=14481687,toplist
35.0,22.5,0.9,Candace HILL,11 FEB 1999,USA,6sf1,,"Hayward Field, Eugene, OR (USA)",26 JUN 2022,1186.0,women_200m,2022,https://worldathletics.org/athletes/athlete=14596374,toplist
36.0,22.51,0.7,Corinna SCHWAB,05 APR 1999,GER,1f1,,"Enwag-Stadion, Wetzlar (GER)",11 JUN 2022,1184.0,women_200m,2022,https://worldathletics.org/athletes/athlete=14584915,toplist
37.0,22.53,-2.2,Brianna LYSTON,24 MAY 2004,JAM,1,,"National Stadium, Kingston (JAM)",09 APR 2022,1195.0,women_200m,2022,https://worldathletics.org/athletes/athlete=14776881,toplist
38.0,22.55,1.3,Anthonique STRACHAN,22 AUG 1993,BAH,1,,"National Stadium, Kingston (JAM)",23 APR 2022,1180.0,women_200m,2022,https://worldathletics.org/athletes/athlete=14368117,toplist
38.0,22.55,2.0,Mariah AYERS,08 SEP 2000,USA,2h2,,"John McDonnell Field, Fayetteville, AR (USA)",28 MAY 2022,1180.0,women_200m,2022,https://worldathletics.org/athletes/athlete=14716252,toplist
40.0,22.57,2.0,Laila OWENS,2002,USA,1f2,,"Cushing Stadium, College Station, TX (USA)",02 APR 2022,1178.0,women_200m,2022,https://worldathletics.org/athletes/athlete=14796458,toplist
40.0,22.57,0.6,Natalliah WHYTE,09 AUG 1997,JAM,3f1,,"Percy Beard Track, Gainesville, FL (USA)",15 APR 2022,1178.0,women_200m,2022,https://worldathletics.org/athletes/athlete=14413448,toplist
42.0,22.59,2.0,Rhasidat ADELEKE,29 AUG 2002,IRL,2f2,,"Cushing Stadium, College Station, TX (USA)",02 APR 2022,1176.0,women_200m,2022,https://worldathletics.org/athletes/athlete=14745252,toplist
43.0,22.61,1.1,Daryll NEITA,29 AUG 1996,GBR,3,,"Stadio Comunale, Bellinzona (SUI)",12 SEP 2022,1174.0,women_200m,2022,https://worldathletics.org/athletes/athlete=14476603,toplist
44.0,22.62,0.6,Tamari DAVIS,15 FEB 2003,USA,4f1,,"Percy Beard Track, Gainesville, FL (USA)",15 APR 2022,1173.0,women_200m,2022,https://worldathletics.org/athletes/athlete=14716794,toplist
45.0,22.64,1.9,Marie-Josée TA LOU,18 NOV 1988,CIV,4,,"Hilmer Lodge Stadium, Walnut, CA (USA)",16 APR 2022,1171.0,women_200m,2022,https://worldathletics.org/athletes/athlete=14415994,toplist
45.0,22.64,0.2,Talitha DIGGS,22 AUG 2002,USA,3,,"Ole Miss T&F Complex, Oxford, MS (USA)",14 MAY 2022,1171.0,women_200m,2022,https://worldathletics.org/athletes/athlete=14773307,toplist
45.0,22.64,0.7,Yanique DAYLE,31 DEC 1998,JAM,2h1,,"Billy Hayes T& F Complex, Bloomington, IN (USA)",28 MAY 2022,1171.0,women_200m,2022,https://worldathletics.org/athletes/athlete=14570319,toplist
48.0,22.66,-1.1,Tobi AMUSAN,23 APR 1997,NGR,1,,"Albuquerque, NM (USA)",21 APR 2022,1175.0,women_200m,2022,https://worldathletics.org/athletes/athlete=14579526,toplist
48.0,22.66,-0.2,Joella LLOYD,12 APR 2002,ANT,2sf2,,"Hayward Field, Eugene, OR (USA)",09 JUN 2022,1170.0,women_200m,2022,https://worldathletics.org/athletes/athlete=14746897,toplist
50.0,22.67,-0.5,Ida KARSTOFT,29 OCT 1995,DEN,1,,"Estadio Vallehermoso, Madrid (ESP)",18 JUN 2022,1171.0,women_200m,2022,https://worldathletics.org/athletes/athlete=14775308,toplist
51.0,22.68,1.0,Anglerne ANNELUS,10 JAN 1997,USA,6sf2,,"Hayward Field, Eugene, OR (USA)",26 JUN 2022,1167.0,women_200m,2022,https://worldathletics.org/athletes/athlete=14522144,toplist
52.0,22.7,-0.2,Jacinta BEECHER,31 JAN 1998,AUS,1f1,,"Prefectural Shizuoka Stadium, Fukuroi (JPN)",03 MAY 2022,1166.0,women_200m,2022,https://worldathletics.org/athletes/athlete=14496696,toplist
53.0,22.71,2.0,Iman BROWN,2002,USA,3h2,,"John McDonnell Field, Fayetteville, AR (USA)",28 MAY 2022,1164.0,women_200m,2022,https://worldathletics.org/athletes/athlete=14899061,toplist
53.0,22.71,0.1,Lieke KLAVER,20 AUG 1998,NED,1sf1,,"Sportpark Orderbos, Apeldoorn (NED)",25 JUN 2022,1164.0,women_200m,2022,https://worldathletics.org/athletes/athlete=14560483,toplist
53.0,22.71,2.0,Gina BASS,03 MAY 1995,GAM,6sf1,,"Hayward Field, Eugene, OR (USA)",19 JUL 2022,1164.0,women_200m,2022,https://worldathletics.org/athletes/athlete=14479741,toplist
56.0,22.72,-0.2,LaSarah HARGROVE,,USA,3sf2,,"Hayward Field, Eugene, OR (USA)",09 JUN 2022,1164.0,women_200m,2022,https://worldathletics.org/athletes/athlete=14769473,toplist
57.0,22.73,0.6,Mikiah BRISCO,14 JUL 1996,USA,1f1,,"LSU Bernie Moore Stadium, Baton Rouge, LA (USA)",02 APR 2022,1162.0,women_200m,2022,https://worldathletics.org/athletes/athlete=14465133,toplist
57.0,22.73,0.5,Kortnei JOHNSON,11 AUG 1997,USA,3f1,,"Vanderbilt Track, Nashville, TN (USA)",05 JUN 2022,1162.0,women_200m,2022,https://worldathletics.org/athletes/athlete=14519052,toplist
59.0,22.74,0.1,Kemba NELSON,23 FEB 2000,JAM,1,,"Hayward Field, Eugene, OR (USA)",15 MAY 2022,1161.0,women_200m,2022,https://worldathletics.org/athletes/athlete=14576790,toplist
59.0,22.74,-0.1,Gabriela Anahi SUAREZ,02 FEB 2001,ECU,4sf3,,"Hayward Field, Eugene, OR (USA)",19 JUL 2022,1161.0,women_200m,2022,https://worldathletics.org/athletes/athlete=14701514,toplist
61.0,22.76,1.3,Ashley HENDERSON,04 DEC 1995,USA,2f7,,"Clyde Hart Track & Field Stadium, Waco, TX (USA)",02 APR 2022,1159.0,women_200m,2022,https://worldathletics.org/athletes/athlete=14436992,toplist
61.0,22.76,1.9,Anna KIEŁBASIŃSKA,26 JUN 1990,POL,2f1,,"Stade de La Charrière, La Chaux-de-Fonds (SUI)",03 JUL 2022,1159.0,women_200m,2022,https://worldathletics.org/athletes/athlete=14293852,toplist
63.0,22.77,2.0,Adriana TATUM,02 NOV 2002,USA,4h2,,"John McDonnell Field, Fayetteville, AR (USA)",28 MAY 2022,1158.0,women_200m,2022,https://worldathletics.org/athletes/athlete=14846400,toplist
63.0,22.77,0.0,Jayla JAMISON,06 SEP 2003,USA,2,,"Pascual Guerrero Stadium, Cali (COL)",05 AUG 2022,1158.0,women_200m,2022,https://worldathletics.org/athletes/athlete=14789479,toplist
65.0,22.78,0.6,Symone DARIUS,04 JUL 1998,USA,2,,"Dick Vert Stadium, High Point, NC (USA)",11 MAY 2022,1157.0,women_200m,2022,https://worldathletics.org/athletes/athlete=14563249,toplist
65.0,22.78,1.9,Mekenze KELLEY,18 DEC 2003,USA,2,,"Cajuns Track and Soccer Facility, University of Louisiana, Lafayette, LA (USA)",14 MAY 2022,1157.0,women_200m,2022,https://worldathletics.org/athletes/athlete=14716002,toplist
65.0,22.78,2.0,Iyana GRAY,27 FEB 2003,USA,5h2,,"John McDonnell Field, Fayetteville, AR (USA)",28 MAY 2022,1157.0,women_200m,2022,https://worldathletics.org/athletes/athlete=14836591,toplist
68.0,22.79,,Karimah DAVIS,23 NOV 1998,USA,3f2,,"Gilliam Indoor Track, College Station, TX (USA) (i)",26 FEB 2022,1197.0,women_200m,2022,https://worldathletics.org/athletes/athlete=14636336,toplist
68.0,22.79,2.0,Jessika GBAI,29 DEC 1998,USA,2pr1,,"Billy Hayes T& F Complex, Bloomington, IN (USA)",26 MAY 2022,1156.0,women_200m,2022,https://worldathletics.org/athletes/athlete=14823620,toplist
70.0,22.8,1.9,Jadyn MAYS,02 APR 2002,USA,1f1,,"Aztrack Sports Deck, San Diego, CA (USA)",26 MAR 2022,1155.0,women_200m,2022,https://worldathletics.org/athletes/athlete=14761324,toplist
71.0,22.81,1.3,Kamaya DUBOSE-EPPS,1999,USA,2f1,,"Percy Beard Track, Gainesville, FL (USA)",15 APR 2022,1154.0,women_200m,2022,https://worldathletics.org/athletes/athlete=14797076,toplist
72.0,22.82,0.2,Briana WILLIAMS,21 MAR 2002,JAM,1,,"Percy Beard Track, Gainesville, FL (USA)",01 APR 2022,1153.0,women_200m,2022,https://worldathletics.org/athletes/athlete=14790666,toplist
72.0,22.82,1.0,Lauren GALE,01 JAN 2000,CAN,1h1,,"Veterans Memorial Stadium, Clovis, CA (USA)",13 MAY 2022,1153.0,women_200m,2022,https://worldathletics.org/athletes/athlete=14571874,toplist
72.0,22.82,1.7,Morolake AKINOSUN,17 MAY 1994,USA,4,,"Icahn Stadium, New York, NY (USA)",12 JUN 2022,1153.0,women_200m,2022,https://worldathletics.org/athletes/athlete=14430813,toplist
75.0,22.83,2.0,Dalia KADDARI,23 MAR 2001,ITA,3,,"Centro Sportivo Fontanassa, Savona (ITA)",18 MAY 2022,1152.0,women_200m,2022,https://worldathletics.org/athletes/athlete=14775977,toplist
75.0,22.83,1.5,Anna Jade KEEFER,26 DEC 1998,USA,3pr4,,"Billy Hayes T& F Complex, Bloomington, IN (USA)",26 MAY 2022,1152.0,women_200m,2022,https://worldathletics.org/athletes/athlete=14701559,toplist
77.0,22.84,-1.0,Shannon RAY,23 DEC 1995,USA,2,,"Moi International Sports Centre, Kasarani, Nairobi (KEN)",07 MAY 2022,1157.0,women_200m,2022,https://worldathletics.org/athletes/athlete=14490383,toplist
78.0,22.85,-0.7,Sada WILLIAMS,01 DEC 1997,BAR,2f2,,"National Stadium, Kingston (JAM)",21 MAY 2022,1154.0,women_200m,2022,https://worldathletics.org/athletes/athlete=14592846,toplist
78.0,22.85,0.5,Ezinne ABBA,01 NOV 2000,NGR,2pr4,,"John McDonnell Field, Fayetteville, AR (USA)",26 MAY 2022,1150.0,women_200m,2022,https://worldathletics.org/athletes/athlete=14839079,toplist
78.0,22.85,1.2,Caisja CHANDLER,18 JUN 2000,USA,2pr6,,"Billy Hayes T& F Complex, Bloomington, IN (USA)",26 MAY 2022,1150.0,women_200m,2022,https://worldathletics.org/athletes/athlete=14731976,toplist
78.0,22.85,0.4,Jodie WILLIAMS,28 SEP 1993,GBR,4,,"Olympiastadion, München (GER)",19 AUG 2022,1150.0,women_200m,2022,https://worldathletics.org/athletes/athlete=14276757,toplist
82.0,22.86,-0.5,Paula SEVILLA,28 JUN 1997,ESP,2,,"Estadio Vallehermoso, Madrid (ESP)",18 JUN 2022,1152.0,women_200m,2022,https://worldathletics.org/athletes/athlete=14595639,toplist
83.0,22.87,1.0,Fiordaliza COFIL,27 OCT 2000,DOM,2,,"Estadio Olimpico Juan Pablo Duarte, Santo Domingo (DOM)",25 JUN 2022,1148.0,women_200m,2022,https://worldathletics.org/athletes/athlete=14839902,toplist
83.0,22.87,0.1,Georgina ADAM,24 MAR 2000,GBR,1f1,,"Stratford Community Track, London (GBR)",14 AUG 2022,1148.0,women_200m,2022,https://worldathletics.org/athletes/athlete=14652811,toplist
85.0,22.89,,Jada BAYLARK,17 OCT 1997,USA,1h4,,"Gilliam Indoor Track, College Station, TX (USA) (i)",25 FEB 2022,1188.0,women_200m,2022,https://worldathletics.org/athletes/athlete=14596937,toplist
85.0,22.89,1.2,Delecia MCDUFFIE,,USA,1f1,,"Marcus T. Johnson Track, Greensboro, NC (USA)",22 APR 2022,1146.0,women_200m,2022,https://worldathletics.org/athletes/athlete=14703787,toplist
87.0,22.9,-2.3,Britany ANDERSON,03 JAN 2001,JAM,2f1,,"University of North Florda Jax Track at Hodges Stadium, Jacksonville, FL (USA)",29 APR 2022,1158.0,women_200m,2022,https://worldathletics.org/athletes/athlete=14630593,toplist
87.0,22.9,2.0,Wurrie NJADOE,14 AUG 1997,GAM,6h2,,"John McDonnell Field, Fayetteville, AR (USA)",28 MAY 2022,1145.0,women_200m,2022,https://worldathletics.org/athletes/athlete=14608329,toplist
89.0,22.91,1.3,Jonah ROSS,01 MAY 2002,USA,3f1,,"Percy Beard Track, Gainesville, FL (USA)",15 APR 2022,1144.0,women_200m,2022,https://worldathletics.org/athletes/athlete=14761328,toplist
89.0,22.91,-0.7,Felicia BROWN-EDWARDS,27 OCT 1993,USA,1f1,,"Hutsell-Rosen Track, Auburn, AL (USA)",16 APR 2022,1148.0,women_200m,2022,https://worldathletics.org/athletes/athlete=14366314,toplist
89.0,22.91,2.0,Kennedy BLACKMON,02 OCT 1999,USA,6,,"Terry & Linda Fuller T&F Complex, Lubbock, TX (USA)",15 MAY 2022,1144.0,women_200m,2022,https://worldathletics.org/athletes/athlete=14715337,toplist
89.0,22.91,2.0,Kavia FRANCIS,19 JUL 2001,JAM,7,,"Terry & Linda Fuller T&F Complex, Lubbock, TX (USA)",15 MAY 2022,1144.0,women_200m,2022,https://worldathletics.org/athletes/athlete=14685242,toplist
89.0,22.91,0.6,Alfreda STEELE,19 DEC 1997,USA,3pr2,,"Billy Hayes T& F Complex, Bloomington, IN (USA)",26 MAY 2022,1144.0,women_200m,2022,https://worldathletics.org/athletes/athlete=14577712,toplist
89.0,22.91,0.8,Dezerea BRYANT,27 APR 1993,USA,8,,"Hayward Field, Eugene, OR (USA)",28 MAY 2022,1144.0,women_200m,2022,https://worldathletics.org/athletes/athlete=14375109,toplist
95.0,22.92,1.5,Vera FILATOVA,24 NOV 1995,RUS,1,,"Stadium Desna, Bryansk (RUS)",02 JUL 2022,1143.0,women_200m,2022,https://worldathletics.org/athletes/athlete=14738359,toplist
96.0,22.93,,Kennedy SIMON,12 FEB 2000,USA,1f2,,"Convention Center, Albuquerque, NM (USA) (i)",04 FEB 2022,1184.0,women_200m,2022,https://worldathletics.org/athletes/athlete=14708112,toplist
96.0,22.93,1.4,Imani LANSIQUOT,17 DEC 1997,GBR,2,,"Golęcin Stadion, Poznan (POL)",27 MAY 2022,1142.0,women_200m,2022,https://worldathletics.org/athletes/athlete=14506362,toplist
96.0,22.93,-0.1,Rebekka HAASE,02 JAN 1993,GER,1f1,,"Mestský Stadion Sletište, Kladno (CZE)",14 JUN 2022,1142.0,women_200m,2022,https://worldathletics.org/athletes/athlete=14360165,toplist
99.0,22.95,0.6,Ella CONNOLLY,13 JUL 2000,AUS,1,,"QSAC State Athletics Facility, Nathan, Brisbane (AUS)",06 MAR 2022,1140.0,women_200m,2022,https://worldathletics.org/athletes/athlete=14517121,toplist
99.0,22.95,0.2,Mia BRAHE-PEDERSEN,28 NOV 2005,USA,2sf2,,"Pascual Guerrero Stadium, Cali (COL)",04 AUG 2022,1140.0,women_200m,2022,https://worldathletics.org/athletes/athlete=14878402,toplist
1.0,21.41,0.1,Shericka JACKSON,16 JUL 1994,JAM,1,,"Nemzeti Atlétikai Központ, Budapest (HUN)",25 AUG 2023,1301.0,women_200m,2023,https://worldathletics.org/athletes/athlete=14325599,toplist
2.0,21.6,-0.4,Gabrielle THOMAS,07 DEC 1996,USA,1,,"Hayward Field, Eugene, OR (USA)",09 JUL 2023,1282.0,women_200m,2023,https://worldathletics.org/athletes/athlete=14733520,toplist
3.0,21.91,1.8,Julien ALFRED,10 JUN 2001,LCA,1f1,,"Percy Beard Track, Gainesville, FL (USA)",14 APR 2023,1247.0,women_200m,2023,https://worldathletics.org/athletes/athlete=14646562,toplist
4.0,21.92,0.1,Sha'Carri RICHARDSON,25 MAR 2000,USA,3,,"Nemzeti Atlétikai Központ, Budapest (HUN)",25 AUG 2023,1246.0,women_200m,2023,https://worldathletics.org/athletes/athlete=14717691,toplist
5.0,22.01,-0.4,Kayla WHITE,14 SEP 1996,USA,3,,"Hayward Field, Eugene, OR (USA)",09 JUL 2023,1239.0,women_200m,2023,https://worldathletics.org/athletes/athlete=14642681,toplist
6.0,22.02,0.9,Tamara CLARK,09 JAN 1999,USA,2sf2,,"Hayward Field, Eugene, OR (USA)",09 JUL 2023,1236.0,women_200m,2023,https://worldathletics.org/athletes/athlete=14596381,toplist
7.0,22.05,-0.6,Brittany BROWN,18 APR 1995,USA,1f2,,"Stadion Allmend, Luzern (SUI)",20 JUL 2023,1235.0,women_200m,2023,https://worldathletics.org/athletes/athlete=14437218,toplist
8.0,22.07,-0.4,Abby STEINER,24 NOV 1999,USA,4,,"Hayward Field, Eugene, OR (USA)",09 JUL 2023,1232.0,women_200m,2023,https://worldathletics.org/athletes/athlete=14691380,toplist
9.0,22.09,1.4,Latasha SMITH,13 JAN 2001,USA,1,,"University of South Florida Track & Field Stadium, Tampa, FL (USA)",14 MAY 2023,1228.0,women_200m,2023,https://worldathletics.org/athletes/athlete=14757010,toplist
10.0,22.1,0.3,Marie-Josée TA LOU,18 NOV 1988,CIV,2,,"Hayward Field, Eugene, OR (USA)",17 SEP 2023,1227.0,women_200m,2023,https://worldathletics.org/athletes/athlete=14415994,toplist
11.0,22.11,,Favour OFILI,31 DEC 2002,NGR,1h2,,"Convention Center, Albuquerque, NM (USA) (i)",10 MAR 2023,1264.0,women_200m,2023,https://worldathletics.org/athletes/athlete=14756075,toplist
12.0,22.15,0.8,Anthonique STRACHAN,22 AUG 1993,BAH,2,,"Complexe Sportif Prince Moulay Abdellah, Rabat (MAR)",28 MAY 2023,1222.0,women_200m,2023,https://worldathletics.org/athletes/athlete=14368117,toplist
13.0,22.16,0.1,Daryll NEITA,29 AUG 1996,GBR,5,,"Nemzeti Atlétikai Központ, Budapest (HUN)",25 AUG 2023,1221.0,women_200m,2023,https://worldathletics.org/athletes/athlete=14476603,toplist
14.0,22.17,-0.4,Twanisha TERRY,24 JAN 1999,USA,5,,"Hayward Field, Eugene, OR (USA)",09 JUL 2023,1222.0,women_200m,2023,https://worldathletics.org/athletes/athlete=14553598,toplist
15.0,22.23,0.2,Dina ASHER-SMITH,04 DEC 1995,GBR,3,,"Stade Louis II, Monaco (MON)",21 JUL 2023,1214.0,women_200m,2023,https://worldathletics.org/athletes/athlete=14378282,toplist
16.0,22.26,-0.5,Shelly-Ann FRASER-PRYCE,27 DEC 1986,JAM,2,,"National Stadium, Kingston (JAM)",09 JUL 2023,1213.0,women_200m,2023,https://worldathletics.org/athletes/athlete=14285680,toplist
17.0,22.3,0.8,Tamari DAVIS,15 FEB 2003,USA,3,,"Complexe Sportif Prince Moulay Abdellah, Rabat (MAR)",28 MAY 2023,1206.0,women_200m,2023,https://worldathletics.org/athletes/athlete=14716794,toplist
18.0,22.31,1.8,Mckenzie LONG,11 JUL 2000,USA,2f1,,"Percy Beard Track, Gainesville, FL (USA)",14 APR 2023,1205.0,women_200m,2023,https://worldathletics.org/athletes/athlete=14723890,toplist
19.0,22.33,,Adaejah HODGE,21 MAR 2006,IVB,1f2,,"The Track at New Balance, Boston, MA (USA) (i)",12 MAR 2023,1242.0,women_200m,2023,https://worldathletics.org/athletes/athlete=14845422,toplist
19.0,22.33,1.8,Kevona DAVIS,20 DEC 2001,JAM,1h2,,"Hornet Stadium - Sac St., Sacramento, CA (USA)",27 MAY 2023,1203.0,women_200m,2023,https://worldathletics.org/athletes/athlete=14630588,toplist
21.0,22.34,1.8,Rhasidat ADELEKE,29 AUG 2002,IRL,3f1,,"Percy Beard Track, Gainesville, FL (USA)",14 APR 2023,1202.0,women_200m,2023,https://worldathletics.org/athletes/athlete=14745252,toplist
21.0,22.34,0.5,Jenna PRANDINI,20 NOV 1992,USA,1,,"Drake Stadium, Los Angeles, CA (USA)",27 MAY 2023,1202.0,women_200m,2023,https://worldathletics.org/athletes/athlete=14329068,toplist
23.0,22.35,1.6,Shawnti JACKSON,02 MAY 2005,USA,1,,"Estadio Jose A. Figueroa Freyre, Mayagüez (PUR)",06 AUG 2023,1201.0,women_200m,2023,https://worldathletics.org/athletes/athlete=14761302,toplist
24.0,22.37,0.8,Caisja CHANDLER,18 JUN 2000,USA,1sf3,,"Mike A. Myers Stadium, Austin, TX (USA)",08 JUN 2023,1199.0,women_200m,2023,https://worldathletics.org/athletes/athlete=14731976,toplist
25.0,22.38,1.2,Lanae-Tava THOMAS,28 JAN 2001,USA,2f1,,"Mike A. Myers Stadium, Austin, TX (USA)",28 APR 2023,1198.0,women_200m,2023,https://worldathletics.org/athletes/athlete=14648896,toplist
26.0,22.39,1.2,Natalliah WHYTE,09 AUG 1997,JAM,1f1,,"Vanderbilt Track, Nashville, TN (USA)",03 JUN 2023,1197.0,women_200m,2023,https://worldathletics.org/athletes/athlete=14413448,toplist
27.0,22.41,1.4,Bassant HEMIDA,28 SEP 1996,EGY,1,,"FBK Stadium, Hengelo (NED)",04 JUN 2023,1195.0,women_200m,2023,https://worldathletics.org/athletes/athlete=14755412,toplist
28.0,22.42,,Autumn WILSON,16 DEC 2003,USA,1h1,,"Convention Center, Albuquerque, NM (USA) (i)",10 MAR 2023,1234.0,women_200m,2023,https://worldathletics.org/athletes/athlete=14808087,toplist
28.0,22.42,1.9,Jadyn MAYS,02 APR 2002,USA,2,,"Hilmer Lodge Stadium, Walnut, CA (USA)",14 MAY 2023,1194.0,women_200m,2023,https://worldathletics.org/athletes/athlete=14761324,toplist
30.0,22.43,-0.7,Jessika GBAI,29 DEC 1998,CIV,1,,"Stade des Martyrs, Kinshasa (COD)",04 AUG 2023,1197.0,women_200m,2023,https://worldathletics.org/athletes/athlete=14823620,toplist
31.0,22.45,0.0,Jacious SEARS,14 AUG 2001,USA,2,,"LSU Bernie Moore Stadium, Baton Rouge, LA (USA)",13 MAY 2023,1191.0,women_200m,2023,https://worldathletics.org/athletes/athlete=14757192,toplist
31.0,22.45,1.4,Cecilia TAMAYO-GARZA,04 MAR 1997,MEX,2,,"University of South Florida Track & Field Stadium, Tampa, FL (USA)",14 MAY 2023,1191.0,women_200m,2023,https://worldathletics.org/athletes/athlete=14594910,toplist
31.0,22.45,0.8,Talitha DIGGS,22 AUG 2002,USA,3sf3,,"Mike A. Myers Stadium, Austin, TX (USA)",08 JUN 2023,1191.0,women_200m,2023,https://worldathletics.org/athletes/athlete=14773307,toplist
31.0,22.45,-0.2,Bianca WILLIAMS,18 DEC 1993,GBR,4sf3,,"Nemzeti Atlétikai Központ, Budapest (HUN)",24 AUG 2023,1192.0,women_200m,2023,https://worldathletics.org/athletes/athlete=14401125,toplist
35.0,22.46,1.9,Adriana TATUM,02 NOV 2002,USA,3,,"Hilmer Lodge Stadium, Walnut, CA (USA)",14 MAY 2023,1190.0,women_200m,2023,https://worldathletics.org/athletes/athlete=14846400,toplist
35.0,22.46,1.2,Lieke KLAVER,20 AUG 1998,NED,1f1,,"Stadion Śląski, Chorzów (POL)",25 JUN 2023,1190.0,women_200m,2023,https://worldathletics.org/athletes/athlete=14560483,toplist
35.0,22.46,-0.8,Mujinga KAMBUNDJI,17 JUN 1992,SUI,4,,"Letzigrund, Zürich (SUI)",31 AUG 2023,1194.0,women_200m,2023,https://worldathletics.org/athletes/athlete=14300897,toplist
38.0,22.47,1.1,Ezinne ABBA,01 NOV 2000,USA,1h1,,"John Jacobs Track Complex, Norman, OK (USA)",13 MAY 2023,1189.0,women_200m,2023,https://worldathletics.org/athletes/athlete=14839079,toplist
38.0,22.47,0.8,Anavia BATTLE,28 MAR 1999,USA,2,,"Zdzisław Krzyszkowiak Stadium, Bydgoszcz (POL)",06 JUN 2023,1189.0,women_200m,2023,https://worldathletics.org/athletes/athlete=14715397,toplist
40.0,22.49,1.2,Ashanti MOORE,07 NOV 2000,JAM,4f1,,"Mike A. Myers Stadium, Austin, TX (USA)",28 APR 2023,1187.0,women_200m,2023,https://worldathletics.org/athletes/athlete=14630579,toplist
41.0,22.5,1.9,Samirah MOODY,08 NOV 2002,USA,4,,"Hilmer Lodge Stadium, Walnut, CA (USA)",14 MAY 2023,1186.0,women_200m,2023,https://worldathletics.org/athletes/athlete=14823835,toplist
42.0,22.52,1.1,Kennedy BLACKMON,02 OCT 1999,USA,2h1,,"John Jacobs Track Complex, Norman, OK (USA)",13 MAY 2023,1183.0,women_200m,2023,https://worldathletics.org/athletes/athlete=14715337,toplist
43.0,22.53,-0.7,Maboundou KONÉ,16 MAY 1997,CIV,2,,"Stade des Martyrs, Kinshasa (COD)",04 AUG 2023,1186.0,women_200m,2023,https://worldathletics.org/athletes/athlete=14636900,toplist
44.0,22.54,1.7,Jaël BESTUÉ,24 SEP 2000,ESP,1f1,,"Pistes d'atletisme Gaetà Huguet, Castellón (ESP)",14 JUN 2023,1181.0,women_200m,2023,https://worldathletics.org/athletes/athlete=14648428,toplist
45.0,22.57,1.2,Candace HILL,11 FEB 1999,USA,2f1,,"Vanderbilt Track, Nashville, TN (USA)",03 JUN 2023,1178.0,women_200m,2023,https://worldathletics.org/athletes/athlete=14596374,toplist
45.0,22.57,-0.4,Veronica Shanti PEREIRA,20 SEP 1996,SGP,2h3,,"Nemzeti Atlétikai Központ, Budapest (HUN)",23 AUG 2023,1180.0,women_200m,2023,https://worldathletics.org/athletes/athlete=14472153,toplist
47.0,22.58,-0.2,Mia BRAHE-PEDERSEN,28 NOV 2005,USA,4sf1,,"Hayward Field, Eugene, OR (USA)",09 JUL 2023,1178.0,women_200m,2023,https://worldathletics.org/athletes/athlete=14878402,toplist
48.0,22.59,0.1,Kendall ELLIS,08 MAR 1996,USA,2f1,,"Jack Kemp Stadium - Occidental College, Los Angeles, CA (USA)",06 MAY 2023,1176.0,women_200m,2023,https://worldathletics.org/athletes/athlete=14443893,toplist
48.0,22.59,1.8,Lorraine MARTINS,04 APR 2000,BRA,1,,"Pista de Atletismo da Universidade Federal do Mato Grosso, Cuiaba (BRA)",09 JUL 2023,1176.0,women_200m,2023,https://worldathletics.org/athletes/athlete=14717849,toplist
50.0,22.61,0.9,Mariah AYERS,08 SEP 2000,USA,6sf2,,"Hayward Field, Eugene, OR (USA)",09 JUL 2023,1174.0,women_200m,2023,https://worldathletics.org/athletes/athlete=14716252,toplist
51.0,22.62,0.8,Karimah DAVIS,23 NOV 1998,USA,4sf3,,"Mike A. Myers Stadium, Austin, TX (USA)",08 JUN 2023,1173.0,women_200m,2023,https://worldathletics.org/athletes/athlete=14636336,toplist
52.0,22.64,1.1,Thelma DAVIES,08 MAY 2000,USA,1f3,,"Percy Beard Track, Gainesville, FL (USA)",14 APR 2023,1171.0,women_200m,2023,https://worldathletics.org/athletes/athlete=14745790,toplist
52.0,22.64,1.4,Rayniah JONES,28 SEP 2001,USA,3,,"University of South Florida Track & Field Stadium, Tampa, FL (USA)",14 MAY 2023,1171.0,women_200m,2023,https://worldathletics.org/athletes/athlete=14794344,toplist
54.0,22.65,1.6,Lynna IRBY,06 DEC 1998,USA,1f1,,"Mike A. Myers Stadium, Austin, TX (USA)",04 MAR 2023,1170.0,women_200m,2023,https://worldathletics.org/athletes/athlete=14486888,toplist
54.0,22.65,0.0,Kaila JACKSON,30 JUN 2004,USA,3,,"LSU Bernie Moore Stadium, Baton Rouge, LA (USA)",13 MAY 2023,1170.0,women_200m,2023,https://worldathletics.org/athletes/athlete=14906985,toplist
54.0,22.65,-0.7,Olivia FOTOPOULOU,20 DEC 1996,CYP,3h2,,"Nemzeti Atlétikai Központ, Budapest (HUN)",23 AUG 2023,1174.0,women_200m,2023,https://worldathletics.org/athletes/athlete=14595920,toplist
57.0,22.67,0.4,Dajaz DEFRAND,16 OCT 2003,USA,1,,"Paul Derr TF Facility, Raleigh, NC (USA)",13 MAY 2023,1168.0,women_200m,2023,https://worldathletics.org/athletes/athlete=14761327,toplist
57.0,22.67,-0.3,Dalia KADDARI,23 MAR 2001,ITA,4h6,,"Nemzeti Atlétikai Központ, Budapest (HUN)",23 AUG 2023,1169.0,women_200m,2023,https://worldathletics.org/athletes/athlete=14775977,toplist
57.0,22.67,-0.1,Tasa JIYA,16 SEP 1997,NED,4sf1,,"Nemzeti Atlétikai Központ, Budapest (HUN)",24 AUG 2023,1168.0,women_200m,2023,https://worldathletics.org/athletes/athlete=14560472,toplist
60.0,22.68,,Rosemary CHUKWUMA,05 DEC 2001,NGR,1f2,,"Sports Performance Center, Lubbock, TX (USA) (i)",25 FEB 2023,1208.0,women_200m,2023,https://worldathletics.org/athletes/athlete=14800571,toplist
60.0,22.68,0.8,Makenzie DUNMORE,07 OCT 1997,USA,1f2,,"Percy Beard Track, Gainesville, FL (USA)",31 MAR 2023,1167.0,women_200m,2023,https://worldathletics.org/athletes/athlete=14536492,toplist
60.0,22.68,1.4,Vera FILATOVA,24 NOV 1995,RUS,1,,"Yelena Yelesina Stadium, Chelyabinsk (RUS)",06 AUG 2023,1167.0,women_200m,2023,https://worldathletics.org/athletes/athlete=14738359,toplist
63.0,22.69,,Aminatou SEYNI,24 OCT 1996,NIG,1f1,,"Halle Stéphane Diagana, Lyon (FRA) (i)",05 FEB 2023,1207.0,women_200m,2023,https://worldathletics.org/athletes/athlete=14819214,toplist
63.0,22.69,1.3,Finette AGYAPONG,01 FEB 1997,GBR,3,,"Manchester Regional Arena, Manchester (GBR)",09 JUL 2023,1166.0,women_200m,2023,https://worldathletics.org/athletes/athlete=14551632,toplist
65.0,22.71,1.4,Marileidy PAULINO,25 OCT 1996,DOM,1,,"La Vicentina, Quito (ECU)",05 MAR 2023,1164.0,women_200m,2023,https://worldathletics.org/athletes/athlete=14749613,toplist
66.0,22.72,2.0,Cambrea STURGIS,27 MAR 1999,USA,1,,"John McDonnell Field, Fayetteville, AR (USA)",23 JUN 2023,1163.0,women_200m,2023,https://worldathletics.org/athletes/athlete=14674111,toplist
67.0,22.74,0.0,Miranda Charlene COETZEE,14 NOV 1997,RSA,1,,"McArthur Stadium, Potchefstroom (RSA)",01 APR 2023,1161.0,women_200m,2023,https://worldathletics.org/athletes/athlete=14930222,toplist
67.0,22.74,0.2,Shashalee FORBES,10 MAY 1996,JAM,2,,"Stadio Comunale, Bellinzona (SUI)",04 SEP 2023,1161.0,women_200m,2023,https://worldathletics.org/athletes/athlete=14574709,toplist
69.0,22.75,1.0,Gina BASS,03 MAY 1995,GAM,1f1,,"Stade de La Charrière, La Chaux-de-Fonds (SUI)",02 JUL 2023,1160.0,women_200m,2023,https://worldathletics.org/athletes/athlete=14479741,toplist
69.0,22.75,1.0,Krystsina TSIMANOUSKAYA,19 NOV 1996,BLR,1f1,,"Stadion Zygmunta Szelesta, Warszawa (POL)",09 JUL 2023,1160.0,women_200m,2023,https://worldathletics.org/athletes/athlete=14571586,toplist
71.0,22.77,1.7,Kyra JEFFERSON,23 SEP 1994,USA,2,,"Moi International Sports Centre, Kasarani, Nairobi (KEN)",13 MAY 2023,1158.0,women_200m,2023,https://worldathletics.org/athletes/athlete=14411312,toplist
71.0,22.77,0.8,Jassani CARTER,04 NOV 2003,USA,6sf3,,"Mike A. Myers Stadium, Austin, TX (USA)",08 JUN 2023,1158.0,women_200m,2023,https://worldathletics.org/athletes/athlete=14808086,toplist
71.0,22.77,0.4,Boglárka TAKÁCS,28 AUG 2001,HUN,1,,"Lantos Mihály Sportközpont, Budapest (HUN)",08 JUN 2023,1158.0,women_200m,2023,https://worldathletics.org/athletes/athlete=14706915,toplist
74.0,22.78,1.4,Ulyana BAZHENOVA,30 NOV 2002,RUS,2,,"Yelena Yelesina Stadium, Chelyabinsk (RUS)",06 AUG 2023,1157.0,women_200m,2023,https://worldathletics.org/athletes/athlete=14928377,toplist
75.0,22.79,0.7,Jayla JAMISON,06 SEP 2003,USA,1f4,,"Percy Beard Track, Gainesville, FL (USA)",14 APR 2023,1156.0,women_200m,2023,https://worldathletics.org/athletes/athlete=14789479,toplist
75.0,22.79,0.5,Yanique DAYLE,31 DEC 1998,JAM,3sf1,,"Mike A. Myers Stadium, Austin, TX (USA)",08 JUN 2023,1156.0,women_200m,2023,https://worldathletics.org/athletes/athlete=14570319,toplist
75.0,22.79,1.3,Cassie-Ann PEMBERTON,24 JUL 2001,GBR,4,,"Manchester Regional Arena, Manchester (GBR)",09 JUL 2023,1156.0,women_200m,2023,https://worldathletics.org/athletes/athlete=14685107,toplist
78.0,22.8,1.6,Elise COOPER,07 FEB 2007,USA,2,,"Estadio Jose A. Figueroa Freyre, Mayagüez (PUR)",06 AUG 2023,1155.0,women_200m,2023,https://worldathletics.org/athletes/athlete=14852192,toplist
79.0,22.81,,Kennedy SIMON,12 FEB 2000,USA,1f4,,"Convention Center, Albuquerque, NM (USA) (i)",03 FEB 2023,1196.0,women_200m,2023,https://worldathletics.org/athletes/athlete=14708112,toplist
79.0,22.81,1.8,Rosie ELLIOTT,06 NOV 1997,NZL,1,,"Nga Puna Wai Sports Hub, Christchurch (NZL)",19 FEB 2023,1154.0,women_200m,2023,https://worldathletics.org/athletes/athlete=14518908,toplist
79.0,22.81,1.4,Beyonce DEFREITAS,09 MAR 2001,IVB,4,,"University of South Florida Track & Field Stadium, Tampa, FL (USA)",14 MAY 2023,1154.0,women_200m,2023,https://worldathletics.org/athletes/athlete=14695519,toplist
79.0,22.81,2.0,Nicole CAICEDO,02 SEP 2000,ECU,1,,"COTP Stadium, São Paulo (BRA)",30 JUL 2023,1154.0,women_200m,2023,https://worldathletics.org/athletes/athlete=14762639,toplist
83.0,22.82,1.6,Aaliyah BUTLER,05 NOV 2003,USA,2f1,,"Spec Towns Track, Athens, GA (USA)",07 APR 2023,1153.0,women_200m,2023,https://worldathletics.org/athletes/athlete=14715880,toplist
83.0,22.82,1.7,Shannon RAY,23 DEC 1995,USA,3,,"Moi International Sports Centre, Kasarani, Nairobi (KEN)",13 MAY 2023,1153.0,women_200m,2023,https://worldathletics.org/athletes/athlete=14490383,toplist
85.0,22.83,1.2,Ashley HENDERSON,04 DEC 1995,USA,4f1,,"Vanderbilt Track, Nashville, TN (USA)",03 JUN 2023,1152.0,women_200m,2023,https://worldathletics.org/athletes/athlete=14436992,toplist
86.0,22.84,1.8,Georgia HULLS,27 AUG 1999,NZL,2,,"Nga Puna Wai Sports Hub, Christchurch (NZL)",19 FEB 2023,1151.0,women_200m,2023,https://worldathletics.org/athletes/athlete=14567453,toplist
86.0,22.84,0.1,Kynnedy FLANNEL,12 JUL 2000,USA,1f2,,"Percy Beard Track, Gainesville, FL (USA)",31 MAR 2023,1151.0,women_200m,2023,https://worldathletics.org/athletes/athlete=14692188,toplist
86.0,22.84,1.8,Amira YOUNG,15 JUN 2000,USA,4h2,,"Hornet Stadium - Sac St., Sacramento, CA (USA)",27 MAY 2023,1151.0,women_200m,2023,https://worldathletics.org/athletes/athlete=14728747,toplist
89.0,22.85,1.7,Rosey EFFIONG,08 MAY 2001,USA,3h7,,"LSU Bernie Moore Stadium, Baton Rouge, LA (USA)",11 MAY 2023,1150.0,women_200m,2023,https://worldathletics.org/athletes/athlete=14746488,toplist
89.0,22.85,1.2,Polyniki EMMANOUILIDOU,30 JUN 2003,GRE,3f1,,"Stadion Śląski, Chorzów (POL)",25 JUN 2023,1150.0,women_200m,2023,https://worldathletics.org/athletes/athlete=14838227,toplist
89.0,22.85,0.0,Camryn DICKSON,19 JUN 2004,USA,3,,"Hayward Field, Eugene, OR (USA)",09 JUL 2023,1150.0,women_200m,2023,https://worldathletics.org/athletes/athlete=14808020,toplist
89.0,22.85,0.1,Paula SEVILLA,28 JUN 1997,ESP,2,,"Pista Parc Central, Torrent (ESP)",30 JUL 2023,1150.0,women_200m,2023,https://worldathletics.org/athletes/athlete=14595639,toplist
93.0,22.86,0.7,Natasha MORRISON,17 NOV 1992,JAM,3h2,,"National Stadium, Kingston (JAM)",08 JUL 2023,1149.0,women_200m,2023,https://worldathletics.org/athletes/athlete=14285826,toplist
93.0,22.86,1.4,Natalia KACZMAREK,17 JAN 1998,POL,1,,"Stadion im.Lubuskich Olimpijczyków, Gorzów Wielkopolski (POL)",29 JUL 2023,1149.0,women_200m,2023,https://worldathletics.org/athletes/athlete=14642563,toplist
95.0,22.87,,Femke BOL,23 FEB 2000,NED,1f1,,"L'Anneau-Halle d'athlétisme de Metz, Metz (FRA) (i)",11 FEB 2023,1190.0,women_200m,2023,https://worldathletics.org/athletes/athlete=14707010,toplist
95.0,22.87,1.4,Anastasiya SHAKULO,25 SEP 1999,RUS,3,,"Yelena Yelesina Stadium, Chelyabinsk (RUS)",06 AUG 2023,1148.0,women_200m,2023,https://worldathletics.org/athletes/russia/anastasiya-shakulo-14804406,toplist
97.0,22.88,0.3,Lina Esther LICONA TORRES,01 OCT 1998,COL,1h1,,"Estadio de Atletismo - Unidad Deportiva el Salitre, Bogotá (COL)",01 APR 2023,1147.0,women_200m,2023,https://worldathletics.org/athletes/athlete=14750796,toplist
97.0,22.88,0.1,Anna HALL,23 MAR 2001,USA,1ce6,,"Mösle-Stadium, Götzis (AUT)",27 MAY 2023,1147.0,women_200m,2023,https://worldathletics.org/athletes/athlete=14713272,toplist
99.0,22.89,1.5,Kenondra DAVIS,15 FEB 2003,USA,2f2,,"LSU Bernie Moore Stadium, Baton Rouge, LA (USA)",29 APR 2023,1146.0,women_200m,2023,https://worldathletics.org/athletes/athlete=14807005,toplist
100.0,22.9,1.8,Niesha BURGHER,08 AUG 2002,JAM,1h3,,"Soccer Stadium - North Texas University, Denton, TX (USA)",13 MAY 2023,1145.0,women_200m,2023,https://worldathletics.org/athletes/athlete=14685513,toplist
1.0,21.78,1.4,Gabrielle THOMAS,07 DEC 1996,USA,1sf3,,"Hayward Field, Eugene, OR (USA)",28 JUN 2024,1261.0,women_200m,2024,https://worldathletics.org/athletes/athlete=14733520,toplist
2.0,21.83,1.0,Mckenzie LONG,11 JUL 2000,USA,1,,"Hayward Field, Eugene, OR (USA)",08 JUN 2024,1256.0,women_200m,2024,https://worldathletics.org/athletes/athlete=14723890,toplist
3.0,21.86,-0.9,Julien ALFRED,10 JUN 2001,LCA,2,,"Olympic Stadium, London (GBR)",20 JUL 2024,1257.0,women_200m,2024,https://worldathletics.org/athletes/athlete=14646562,toplist
4.0,21.9,0.6,Brittany BROWN,18 APR 1995,USA,2,,"Hayward Field, Eugene, OR (USA)",29 JUN 2024,1248.0,women_200m,2024,https://worldathletics.org/athletes/athlete=14437218,toplist
5.0,21.92,1.8,Sha'Carri RICHARDSON,25 MAR 2000,USA,1sf1,,"Hayward Field, Eugene, OR (USA)",28 JUN 2024,1246.0,women_200m,2024,https://worldathletics.org/athletes/athlete=14717691,toplist
6.0,22.03,1.4,Abby STEINER,24 NOV 1999,USA,2sf3,,"Hayward Field, Eugene, OR (USA)",28 JUN 2024,1234.0,women_200m,2024,https://worldathletics.org/athletes/athlete=14691380,toplist
7.0,22.05,0.0,Favour OFILI,31 DEC 2002,NGR,2sf1,,"Stade de France, Paris (FRA)",05 AUG 2024,1232.0,women_200m,2024,https://worldathletics.org/athletes/athlete=14756075,toplist
8.0,22.07,-0.3,Sydney MCLAUGHLIN-LEVRONE,07 AUG 1999,USA,1,,"Drake Stadium, Los Angeles, CA (USA)",18 MAY 2024,1231.0,women_200m,2024,https://worldathletics.org/athletes/athlete=14624749,toplist
8.0,22.07,-0.9,Dina ASHER-SMITH,04 DEC 1995,GBR,3,,"Olympic Stadium, London (GBR)",20 JUL 2024,1235.0,women_200m,2024,https://worldathletics.org/athletes/athlete=14378282,toplist
10.0,22.08,1.0,JaMeesia FORD,26 JAN 2005,USA,2,,"Hayward Field, Eugene, OR (USA)",08 JUN 2024,1229.0,women_200m,2024,https://worldathletics.org/athletes/athlete=14761304,toplist
11.0,22.1,0.6,Tamari DAVIS,15 FEB 2003,USA,3sf2,,"Hayward Field, Eugene, OR (USA)",28 JUN 2024,1227.0,women_200m,2024,https://worldathletics.org/athletes/athlete=14716794,toplist
12.0,22.12,1.4,Tamara CLARK,09 JAN 1999,USA,3sf3,,"Hayward Field, Eugene, OR (USA)",28 JUN 2024,1225.0,women_200m,2024,https://worldathletics.org/athletes/athlete=14596381,toplist
13.0,22.17,0.6,Thelma DAVIES,08 MAY 2000,USA,3,,"Percy Beard Track, Gainesville, FL (USA)",11 MAY 2024,1220.0,women_200m,2024,https://worldathletics.org/athletes/athlete=14745790,toplist
14.0,22.19,1.0,Jadyn MAYS,02 APR 2002,USA,3,,"Hayward Field, Eugene, OR (USA)",08 JUN 2024,1218.0,women_200m,2024,https://worldathletics.org/athletes/athlete=14761324,toplist
15.0,22.2,-0.9,Daryll NEITA,29 AUG 1996,GBR,4,,"Olympic Stadium, London (GBR)",20 JUL 2024,1222.0,women_200m,2024,https://worldathletics.org/athletes/athlete=14476603,toplist
16.0,22.26,1.0,Jayla JAMISON,06 SEP 2003,USA,4,,"Hayward Field, Eugene, OR (USA)",08 JUN 2024,1210.0,women_200m,2024,https://worldathletics.org/athletes/athlete=14789479,toplist
16.0,22.26,1.8,Jenna PRANDINI,20 NOV 1992,USA,2sf1,,"Hayward Field, Eugene, OR (USA)",28 JUN 2024,1210.0,women_200m,2024,https://worldathletics.org/athletes/athlete=14329068,toplist
18.0,22.27,0.4,Anavia BATTLE,28 MAR 1999,USA,2,,"Stadio Olimpico, Roma (ITA)",30 AUG 2024,1209.0,women_200m,2024,https://worldathletics.org/athletes/athlete=14715397,toplist
19.0,22.28,0.1,Kaila JACKSON,30 JUN 2004,USA,1pr6,,"Un. of Kentucky Outdoor Track Facility, Lexington, KY (USA)",23 MAY 2024,1208.0,women_200m,2024,https://worldathletics.org/athletes/athlete=14906985,toplist
20.0,22.29,1.6,Shericka JACKSON,16 JUL 1994,JAM,1,,"National Stadium, Kingston (JAM)",30 JUN 2024,1207.0,women_200m,2024,https://worldathletics.org/athletes/athlete=14325599,toplist
21.0,22.31,-1.0,Brianna LYSTON,24 MAY 2004,JAM,1h2,,"Percy Beard Track, Gainesville, FL (USA)",09 MAY 2024,1211.0,women_200m,2024,https://worldathletics.org/athletes/athlete=14776881,toplist
22.0,22.34,0.5,Dajaz DEFRAND,16 OCT 2003,USA,2h2,,"Un. of Kentucky Outdoor Track Facility, Lexington, KY (USA)",25 MAY 2024,1202.0,women_200m,2024,https://worldathletics.org/athletes/athlete=14761327,toplist
22.0,22.34,1.6,Lanae-Tava THOMAS,28 JAN 2001,JAM,2,,"National Stadium, Kingston (JAM)",30 JUN 2024,1202.0,women_200m,2024,https://worldathletics.org/athletes/athlete=14648896,toplist
24.0,22.35,-0.9,Rhasidat ADELEKE,29 AUG 2002,IRL,5,,"Olympic Stadium, London (GBR)",20 JUL 2024,1206.0,women_200m,2024,https://worldathletics.org/athletes/athlete=14745252,toplist
25.0,22.36,-0.2,Marie-Josée TA LOU-SMITH,18 NOV 1988,CIV,2,,"Bislett Stadion, Oslo (NOR)",30 MAY 2024,1201.0,women_200m,2024,https://worldathletics.org/athletes/athlete=14415994,toplist
25.0,22.36,1.1,Audrey LEDUC,09 MAR 1999,CAN,1,,"Edwin Moses Track, Atlanta, GA (USA)",31 MAY 2024,1200.0,women_200m,2024,https://worldathletics.org/athletes/athlete=14579721,toplist
25.0,22.36,0.1,Jessika GBAI,29 DEC 1998,CIV,3sf3,,"Stade de France, Paris (FRA)",05 AUG 2024,1200.0,women_200m,2024,https://worldathletics.org/athletes/athlete=14823620,toplist
28.0,22.39,0.6,Dennisha PAGE,,USA,6,,"Percy Beard Track, Gainesville, FL (USA)",11 MAY 2024,1197.0,women_200m,2024,https://worldathletics.org/athletes/athlete=14799678,toplist
28.0,22.39,1.6,Niesha BURGHER,08 AUG 2002,JAM,3,,"National Stadium, Kingston (JAM)",30 JUN 2024,1197.0,women_200m,2024,https://worldathletics.org/athletes/athlete=14685513,toplist
30.0,22.42,0.7,Mujinga KAMBUNDJI,17 JUN 1992,SUI,1,,"Stadion Deutweg, Winterthur (SUI)",29 JUN 2024,1194.0,women_200m,2024,https://worldathletics.org/athletes/athlete=14300897,toplist
31.0,22.46,0.3,Jassani CARTER,04 NOV 2003,USA,2sf3,,"Hayward Field, Eugene, OR (USA)",06 JUN 2024,1190.0,women_200m,2024,https://worldathletics.org/athletes/athlete=14808086,toplist
32.0,22.5,1.0,Jessica-Bianca WESSOLLY,11 DEC 1996,GER,1f2,,"Stade de La Charrière, La Chaux-de-Fonds (SUI)",14 JUL 2024,1186.0,women_200m,2024,https://worldathletics.org/athletes/athlete=14507608,toplist
33.0,22.51,,Rosey EFFIONG,08 MAY 2001,USA,2f2,,"Randal Tyson Indoor Center, Fayetteville, AR (USA) (i)",24 FEB 2024,1225.0,women_200m,2024,https://worldathletics.org/athletes/athlete=14746488,toplist
34.0,22.55,0.5,Joyasia SMITH,04 AUG 2004,USA,3h2,,"Un. of Kentucky Outdoor Track Facility, Lexington, KY (USA)",25 MAY 2024,1180.0,women_200m,2024,https://worldathletics.org/athletes/united-states/joyasia-smith-15056298,toplist
34.0,22.55,0.2,Helene PARISOT,17 DEC 1992,FRA,3sf2,,"Stade de France, Paris (FRA)",05 AUG 2024,1180.0,women_200m,2024,https://worldathletics.org/athletes/athlete=14389358,toplist
36.0,22.56,1.2,Tima GODBLESS,14 JUL 2004,NGR,3sf2,,"Hayward Field, Eugene, OR (USA)",06 JUN 2024,1179.0,women_200m,2024,https://worldathletics.org/athletes/athlete=14909612,toplist
37.0,22.57,,Jacious SEARS,14 AUG 2001,USA,1f2,,"Convention Center, Albuquerque, NM (USA) (i)",02 FEB 2024,1219.0,women_200m,2024,https://worldathletics.org/athletes/athlete=14757192,toplist
37.0,22.57,0.9,Gémima JOSEPH,17 OCT 2001,FRA,1,,"Stade Edmard Lama, Remire-Montjoly (FRA)",13 APR 2024,1178.0,women_200m,2024,https://worldathletics.org/athletes/athlete=14738969,toplist
39.0,22.58,1.8,Henriette JÆGER,30 JUN 2003,NOR,1f1,,"Malmö Stadion, Malmö (SWE)",19 MAY 2024,1177.0,women_200m,2024,https://worldathletics.org/athletes/athlete=14780807,toplist
39.0,22.58,0.0,Bianca WILLIAMS,18 DEC 1993,GBR,4sf1,,"Stade de France, Paris (FRA)",05 AUG 2024,1177.0,women_200m,2024,https://worldathletics.org/athletes/athlete=14401125,toplist
39.0,22.58,0.6,Jacqueline MADOGO,14 APR 2000,CAN,1rr1,,"Stade de France, Paris (FRA)",05 AUG 2024,1177.0,women_200m,2024,https://worldathletics.org/athletes/athlete=14804999,toplist
42.0,22.59,1.5,Sada WILLIAMS,01 DEC 1997,BAR,1f1,,"GC Foster College, Spanish Town (JAM)",09 MAR 2024,1176.0,women_200m,2024,https://worldathletics.org/athletes/athlete=14592846,toplist
42.0,22.59,0.4,Shanoya Mikalia DOUGLAS,11 SEP 2007,JAM,1,,"National Stadium, Kingston (JAM)",30 JUN 2024,1176.0,women_200m,2024,https://worldathletics.org/athletes/jamaica/shanoya-mikalia-douglas-15063835,toplist
44.0,22.6,,Amber ANNING,18 NOV 2000,GBR,2,,"Randal Tyson Indoor Center, Fayetteville, AR (USA) (i)",26 JAN 2024,1216.0,women_200m,2024,https://worldathletics.org/athletes/athlete=14632781,toplist
44.0,22.6,1.4,Ida KARSTOFT,29 OCT 1995,DEN,3f1,,"Percy Beard Track, Gainesville, FL (USA)",12 APR 2024,1175.0,women_200m,2024,https://worldathletics.org/athletes/athlete=14775308,toplist
44.0,22.6,-0.2,Dejanea OAKLEY,04 JUL 2004,JAM,1,,"Clyde Hart Track & Field Stadium, Waco, TX (USA)",11 MAY 2024,1176.0,women_200m,2024,https://worldathletics.org/athletes/athlete=14836164,toplist
47.0,22.61,1.4,Candace HILL,11 FEB 1999,USA,5sf3,,"Hayward Field, Eugene, OR (USA)",28 JUN 2024,1174.0,women_200m,2024,https://worldathletics.org/athletes/athlete=14596374,toplist
48.0,22.62,,Nickisha PRYCE,07 MAR 2001,JAM,2f1,,"Randal Tyson Indoor Center, Fayetteville, AR (USA) (i)",24 FEB 2024,1214.0,women_200m,2024,https://worldathletics.org/athletes/athlete=14685519,toplist
48.0,22.62,1.8,Twanisha TERRY,24 JAN 1999,USA,4sf1,,"Hayward Field, Eugene, OR (USA)",28 JUN 2024,1173.0,women_200m,2024,https://worldathletics.org/athletes/athlete=14553598,toplist
48.0,22.62,1.9,Tasa JIYA,16 SEP 1997,NED,1,,"FBK Stadium, Hengelo (NED)",30 JUN 2024,1173.0,women_200m,2024,https://worldathletics.org/athletes/athlete=14560472,toplist
51.0,22.64,,Femke BOL,23 FEB 2000,NED,1f2,,"L'Anneau-Halle d'athlétisme de Metz, Metz (FRA) (i)",03 FEB 2024,1212.0,women_200m,2024,https://worldathletics.org/athletes/athlete=14707010,toplist
52.0,22.65,1.4,Amy HUNT,15 MAY 2002,GBR,1f1,,"Stade de La Charrière, La Chaux-de-Fonds (SUI)",14 JUL 2024,1170.0,women_200m,2024,https://worldathletics.org/athletes/athlete=14685108,toplist
52.0,22.65,0.0,Maboundou KONÉ,16 MAY 1997,CIV,5sf1,,"Stade de France, Paris (FRA)",05 AUG 2024,1170.0,women_200m,2024,https://worldathletics.org/athletes/athlete=14636900,toplist
54.0,22.66,1.7,Camryn DICKSON,19 JUN 2004,USA,2pr3,,"John McDonnell Field, Fayetteville, AR (USA)",23 MAY 2024,1169.0,women_200m,2024,https://worldathletics.org/athletes/athlete=14808020,toplist
54.0,22.66,1.4,Success EDUAN,27 SEP 2004,GBR,2f1,,"Stade de La Charrière, La Chaux-de-Fonds (SUI)",14 JUL 2024,1169.0,women_200m,2024,https://worldathletics.org/athletes/athlete=14836740,toplist
54.0,22.66,-0.2,Adaejah HODGE,21 MAR 2006,IVB,3,,"Percy Beard Track, Gainesville, FL (USA)",19 JUL 2024,1170.0,women_200m,2024,https://worldathletics.org/athletes/athlete=14845422,toplist
54.0,22.66,0.1,Gina Mariam BASS BITTAYE,03 MAY 1995,GAM,4sf3,,"Stade de France, Paris (FRA)",05 AUG 2024,1169.0,women_200m,2024,https://worldathletics.org/athletes/athlete=14479741,toplist
58.0,22.69,0.9,Madison WHYTE,17 OCT 2004,USA,3,,"Potts Field, Boulder, CO (USA)",12 MAY 2024,1166.0,women_200m,2024,https://worldathletics.org/athletes/athlete=14852568,toplist
58.0,22.69,1.0,Jodean WILLIAMS,11 NOV 1993,JAM,1f2,,"Sportcentrum Wembley, Kortrijk (BEL)",13 JUL 2024,1166.0,women_200m,2024,https://worldathletics.org/athletes/athlete=14435095,toplist
58.0,22.69,1.6,Julia HENRIKSSON,11 JUL 2000,SWE,1,,"Sollentunavallen, Sollentuna (SWE)",17 AUG 2024,1166.0,women_200m,2024,https://worldathletics.org/athletes/athlete=14654845,toplist
61.0,22.7,1.2,Lynna IRBY-JACKSON,06 DEC 1998,USA,3f2,,"Mike A. Myers Stadium, Austin, TX (USA)",30 MAR 2024,1165.0,women_200m,2024,https://worldathletics.org/athletes/athlete=14486888,toplist
61.0,22.7,-0.4,Lina Esther LICONA TORRES,01 OCT 1998,COL,1f2,,"Gobierno Autónomo Municipal de Cochabamba, Cochabamba (BOL)",09 JUN 2024,1167.0,women_200m,2024,https://worldathletics.org/athletes/athlete=14750796,toplist
61.0,22.7,1.5,Aminatou SEYNI,24 OCT 1996,NIG,1h4,,"Stade de Vabre, Rodez (FRA)",15 JUN 2024,1165.0,women_200m,2024,https://worldathletics.org/athletes/athlete=14819214,toplist
61.0,22.7,2.0,Natalia KACZMAREK,17 JAN 1998,POL,1,,"Golęcin Stadion, Poznan (POL)",23 JUN 2024,1165.0,women_200m,2024,https://worldathletics.org/athletes/athlete=14642563,toplist
65.0,22.71,,Iyana GRAY,27 FEB 2003,USA,1f1,,"Sports Performance Center, Lubbock, TX (USA) (i)",24 FEB 2024,1205.0,women_200m,2024,https://worldathletics.org/athletes/athlete=14836591,toplist
65.0,22.71,0.9,Adriana TATUM,02 NOV 2002,USA,4,,"Potts Field, Boulder, CO (USA)",12 MAY 2024,1164.0,women_200m,2024,https://worldathletics.org/athletes/athlete=14846400,toplist
65.0,22.71,0.8,Boglárka TAKÁCS,28 AUG 2001,HUN,1,,"Lantos Mihály Sportközpont, Budapest (HUN)",26 MAY 2024,1164.0,women_200m,2024,https://worldathletics.org/athletes/athlete=14706915,toplist
65.0,22.71,1.8,Elise COOPER,07 FEB 2007,USA,5sf1,,"Hayward Field, Eugene, OR (USA)",28 JUN 2024,1164.0,women_200m,2024,https://worldathletics.org/athletes/athlete=14852192,toplist
69.0,22.72,0.7,Léonie POINTET,17 FEB 2001,SUI,2,,"Stadion Deutweg, Winterthur (SUI)",29 JUN 2024,1163.0,women_200m,2024,https://worldathletics.org/athletes/athlete=14679006,toplist
69.0,22.72,1.9,Lieke KLAVER,20 AUG 1998,NED,2,,"FBK Stadium, Hengelo (NED)",30 JUN 2024,1163.0,women_200m,2024,https://worldathletics.org/athletes/athlete=14560483,toplist
71.0,22.73,-0.3,Jaël BESTUÉ,24 SEP 2000,ESP,1,,"Estadi Olímpic Camilo Cano, La Nucia (ESP)",30 JUN 2024,1163.0,women_200m,2024,https://worldathletics.org/athletes/athlete=14648428,toplist
72.0,22.74,1.8,Kenondra DAVIS,15 FEB 2003,USA,1pr5,,"John McDonnell Field, Fayetteville, AR (USA)",23 MAY 2024,1161.0,women_200m,2024,https://worldathletics.org/athletes/athlete=14807005,toplist
72.0,22.74,1.8,Ashanti MOORE,07 NOV 2000,JAM,2,,"National Stadium, Kingston (JAM)",01 JUN 2024,1161.0,women_200m,2024,https://worldathletics.org/athletes/athlete=14630579,toplist
74.0,22.77,,Shawnti JACKSON,02 MAY 2005,USA,3,,"Randal Tyson Indoor Center, Fayetteville, AR (USA) (i)",26 JAN 2024,1199.0,women_200m,2024,https://worldathletics.org/athletes/athlete=14761302,toplist
74.0,22.77,-1.8,Kaylyn BROWN,31 DEC 2004,USA,2f2,,"Percy Beard Track, Gainesville, FL (USA)",12 APR 2024,1168.0,women_200m,2024,https://worldathletics.org/athletes/athlete=14773669,toplist
74.0,22.77,-0.3,Kendall ELLIS,08 MAR 1996,USA,7,,"Drake Stadium, Los Angeles, CA (USA)",18 MAY 2024,1159.0,women_200m,2024,https://worldathletics.org/athletes/athlete=14443893,toplist
74.0,22.77,0.5,Lisa RAYE,19 JAN 2008,TTO,1,,"Franklin Field, Philadelphia, PA (USA)",16 JUN 2024,1158.0,women_200m,2024,https://worldathletics.org/athletes/trinidad-and-tobago/lisa-raye-15077774,toplist
74.0,22.77,1.5,Gabriela Anahi SUAREZ,02 FEB 2001,ECU,1,,"Padre Carolo, Quito (ECU)",20 JUN 2024,1158.0,women_200m,2024,https://worldathletics.org/athletes/athlete=14701514,toplist
79.0,22.78,0.3,Cambrea STURGIS,27 MAR 1999,USA,1f1,,"Emory Woodruff Physical Education Center, Atlanta, GA (USA)",08 JUN 2024,1157.0,women_200m,2024,https://worldathletics.org/athletes/athlete=14674111,toplist
80.0,22.79,0.3,Miranda Charlene COETZEE,14 NOV 1997,RSA,1f5,,"Pilditch Stadium, Pretoria (RSA)",15 JUN 2024,1156.0,women_200m,2024,https://worldathletics.org/athletes/athlete=14930222,toplist
80.0,22.79,0.0,Cecilia TAMAYO-GARZA,04 MAR 1997,MEX,1,,"Centro Deportivo Olímpico Mexicano, Ciudad de México (MEX)",30 JUN 2024,1156.0,women_200m,2024,https://worldathletics.org/athletes/athlete=14594910,toplist
82.0,22.8,,Aaliyah BUTLER,05 NOV 2003,USA,1f2,,"Clemson Indoor Track & Field Complex, Clemson, SC (USA) (i)",10 FEB 2024,1196.0,women_200m,2024,https://worldathletics.org/athletes/athlete=14715880,toplist
83.0,22.81,0.8,Praise IDAMADUDU,18 DEC 1998,NGR,1h3,,"Wildcat Track, Marion, IN (USA)",22 MAY 2024,1154.0,women_200m,2024,https://worldathletics.org/athletes/athlete=14636816,toplist
83.0,22.81,1.3,Mia GROSS,18 APR 2001,AUS,1,,"Pista Atletica, Sestriere (ITA)",22 JUN 2024,1154.0,women_200m,2024,https://worldathletics.org/athletes/athlete=14671065,toplist
85.0,22.82,0.3,India MAYBERRY,2005,USA,1,,"Mike A. Myers Stadium, Austin, TX (USA)",05 MAY 2024,1153.0,women_200m,2024,https://worldathletics.org/athletes/united-states/india-mayberry-14993485,toplist
85.0,22.82,1.5,Celeste ROBINSON,,USA,1,,"Hayward Field, Eugene, OR (USA)",15 JUN 2024,1153.0,women_200m,2024,https://worldathletics.org/athletes/united-states/celeste-robinson-15082589,toplist
87.0,22.83,0.6,Brianna WHITE,09 JUN 2002,USA,3h3,,"Percy Beard Track, Gainesville, FL (USA)",09 MAY 2024,1152.0,women_200m,2024,https://worldathletics.org/athletes/athlete=14869270,toplist
87.0,22.83,-0.1,Talea PREPENS,28 DEC 2001,GER,1h1,,"Stadio Olimpico, Roma (ITA)",10 JUN 2024,1152.0,women_200m,2024,https://worldathletics.org/athletes/athlete=14735546,toplist
87.0,22.83,-0.7,Finette AGYAPONG,01 FEB 1997,GBR,4,,"Manchester Regional Arena, Manchester (GBR)",30 JUN 2024,1156.0,women_200m,2024,https://worldathletics.org/athletes/athlete=14551632,toplist
90.0,22.84,-0.2,Kevona DAVIS,20 DEC 2001,JAM,4,,"Clyde Hart Track & Field Stadium, Waco, TX (USA)",11 MAY 2024,1152.0,women_200m,2024,https://worldathletics.org/athletes/athlete=14630588,toplist
90.0,22.84,0.5,Polyniki EMMANOUILIDOU,30 JUN 2003,GRE,4sf1,,"Stadio Olimpico, Roma (ITA)",10 JUN 2024,1151.0,women_200m,2024,https://worldathletics.org/athletes/athlete=14838227,toplist
90.0,22.84,0.3,Shirley NEKHUBUI,31 JUL 2000,RSA,2f5,,"Pilditch Stadium, Pretoria (RSA)",15 JUN 2024,1151.0,women_200m,2024,https://worldathletics.org/athletes/athlete=14932729,toplist
90.0,22.84,0.1,Tsaone Bakani SEBELE,27 OCT 1993,BOT,1h6,,"Stade Omnisport de JAPOMA, Douala (CMR)",25 JUN 2024,1151.0,women_200m,2024,https://worldathletics.org/athletes/athlete=14541122,toplist
94.0,22.85,0.8,Lauren GALE,01 JAN 2000,CAN,1,,"Alumni Stadium, Guelph (CAN)",04 JUN 2024,1150.0,women_200m,2024,https://worldathletics.org/athletes/athlete=14571874,toplist
95.0,22.86,-0.2,Tiriah KELLEY,16 JUN 2004,USA,5,,"Clyde Hart Track & Field Stadium, Waco, TX (USA)",11 MAY 2024,1150.0,women_200m,2024,https://worldathletics.org/athletes/athlete=14873744,toplist
95.0,22.86,1.4,Marije VAN HUNENSTIJN,02 MAR 1995,NED,3f1,,"Stade de La Charrière, La Chaux-de-Fonds (SUI)",14 JUL 2024,1149.0,women_200m,2024,https://worldathletics.org/athletes/athlete=14451250,toplist
97.0,22.87,1.7,Brianna HOWARD,,USA,3pr3,,"John McDonnell Field, Fayetteville, AR (USA)",23 MAY 2024,1148.0,women_200m,2024,https://worldathletics.org/athletes/united-states/brianna-howard-15011037,toplist
98.0,22.88,0.0,Torrie LEWIS,08 JAN 2005,AUS,2,,"Estadio Atlético de la VIDENA, Lima (PER)",30 AUG 2024,1147.0,women_200m,2024,https://worldathletics.org/athletes/athlete=14778459,toplist
98.0,22.88,0.5,Nora LINDAHL,10 SEP 2004,SWE,2,,"Olympiastadion, Helsinki (FIN)",31 AUG 2024,1147.0,women_200m,2024,https://worldathletics.org/athletes/athlete=14835523,toplist
100.0,22.89,0.9,Jada BAYLARK,17 OCT 1997,USA,2f7,,"John McDonnell Field, Fayetteville, AR (USA)",19 APR 2024,1146.0,women_200m,2024,https://worldathletics.org/athletes/athlete=14596937,toplist
1.0,21.68,-0.1,Melissa JEFFERSON-WOODEN,21 FEB 2001,USA,1,,"National Stadium, Tokyo (JPN)",19 SEP 2025,1272.0,women_200m,2025,https://worldathletics.org/athletes/athlete=14756997,toplist
2.0,21.71,-0.6,Julien ALFRED,10 JUN 2001,LCA,1,,"Olympic Stadium, London (GBR)",19 JUL 2025,1271.0,women_200m,2025,https://worldathletics.org/athletes/athlete=14646562,toplist
3.0,21.89,1.9,Brittany BROWN,18 APR 1995,USA,1,,"Icahn Stadium, New York, NY (USA)",10 OCT 2025,1249.0,women_200m,2025,https://worldathletics.org/athletes/athlete=14437218,toplist
4.0,21.93,1.2,Mckenzie LONG,11 JUL 2000,USA,1,,"Billy J. Murphy Track and Field Complex, Memphis, TN (USA)",12 JUL 2025,1245.0,women_200m,2025,https://worldathletics.org/athletes/athlete=14723890,toplist
5.0,21.95,1.1,Gabrielle THOMAS,07 DEC 1996,USA,1f1,,"Ansin Sports Complex, Miramar, FL (USA)",03 MAY 2025,1243.0,women_200m,2025,https://worldathletics.org/athletes/athlete=14733520,toplist
6.0,21.98,0.9,JaMeesia FORD,26 JAN 2005,USA,1sf3,,"Hayward Field, Eugene, OR (USA)",12 JUN 2025,1240.0,women_200m,2025,https://worldathletics.org/athletes/athlete=14761304,toplist
7.0,21.99,-0.1,Shericka JACKSON,16 JUL 1994,JAM,1sf1,,"National Stadium, Tokyo (JPN)",18 SEP 2025,1239.0,women_200m,2025,https://worldathletics.org/athletes/athlete=14325599,toplist
8.0,22.0,1.2,Favour OFILI,31 DEC 2002,NGR,2,,"Billy J. Murphy Track and Field Complex, Memphis, TN (USA)",12 JUL 2025,1238.0,women_200m,2025,https://worldathletics.org/athletes/athlete=14756075,toplist
9.0,22.05,1.1,Tamari DAVIS,15 FEB 2003,USA,2f1,,"Ansin Sports Complex, Miramar, FL (USA)",03 MAY 2025,1232.0,women_200m,2025,https://worldathletics.org/athletes/athlete=14716794,toplist
10.0,22.07,0.1,Anavia BATTLE,28 MAR 1999,USA,1h1,,"National Stadium, Tokyo (JPN)",17 SEP 2025,1230.0,women_200m,2025,https://worldathletics.org/athletes/athlete=14715397,toplist
11.0,22.08,-0.1,Amy HUNT,15 MAY 2002,GBR,2sf1,,"National Stadium, Tokyo (JPN)",18 SEP 2025,1229.0,women_200m,2025,https://worldathletics.org/athletes/athlete=14685108,toplist
12.0,22.14,1.9,Dina ASHER-SMITH,04 DEC 1995,GBR,1,,"Alexander Stadium, Birmingham (GBR)",03 AUG 2025,1223.0,women_200m,2025,https://worldathletics.org/athletes/athlete=14378282,toplist
13.0,22.16,0.9,Madison WHYTE,17 OCT 2004,USA,1h3,,"Cushing Stadium, College Station, TX (USA)",31 MAY 2025,1221.0,women_200m,2025,https://worldathletics.org/athletes/athlete=14852568,toplist
14.0,22.17,-0.3,Marie-Josée TA LOU-SMITH,18 NOV 1988,CIV,2sf3,,"National Stadium, Tokyo (JPN)",18 SEP 2025,1221.0,women_200m,2025,https://worldathletics.org/athletes/athlete=14415994,toplist
15.0,22.18,1.0,Deajah STEVENS,19 MAY 1995,USA,1f2,,"Horizon HS, Winter Garden, FL (USA)",14 JUN 2025,1219.0,women_200m,2025,https://worldathletics.org/athletes/athlete=14378231,toplist
16.0,22.19,0.8,Jaël BESTUÉ,24 SEP 2000,ESP,1f2,,"Estadio Vallehermoso, Madrid (ESP)",29 JUN 2025,1218.0,women_200m,2025,https://worldathletics.org/athletes/athlete=14648428,toplist
17.0,22.2,0.9,Dajaz DEFRAND,16 OCT 2003,USA,2sf3,,"Hayward Field, Eugene, OR (USA)",12 JUN 2025,1217.0,women_200m,2025,https://worldathletics.org/athletes/athlete=14761327,toplist
18.0,22.23,0.0,Kayla WHITE,14 SEP 1996,USA,3h3,,"Hayward Field, Eugene, OR (USA)",03 AUG 2025,1214.0,women_200m,2025,https://worldathletics.org/athletes/athlete=14642681,toplist
19.0,22.26,0.8,Jasmine MONTGOMERY,2002,USA,1h1,,"Cushing Stadium, College Station, TX (USA)",31 MAY 2025,1210.0,women_200m,2025,https://worldathletics.org/athletes/athlete=14781666,toplist
20.0,22.3,,India MAYBERRY,2005,USA,1f2,,"Virginia Beach Sports Center, Virginia Beach, VA (USA) (i)",15 MAR 2025,1245.0,women_200m,2025,https://worldathletics.org/athletes/united-states/india-mayberry-14993485,toplist
20.0,22.3,1.0,Marileidy PAULINO,25 OCT 1996,DOM,1f2,,"Ansin Sports Complex, Miramar, FL (USA)",04 MAY 2025,1206.0,women_200m,2025,https://worldathletics.org/athletes/athlete=14749613,toplist
20.0,22.3,1.9,Daryll NEITA,29 AUG 1996,GBR,3,,"Alexander Stadium, Birmingham (GBR)",03 AUG 2025,1206.0,women_200m,2025,https://worldathletics.org/athletes/athlete=14476603,toplist
23.0,22.31,1.2,Jadyn MAYS,02 APR 2002,USA,4,,"Billy J. Murphy Track and Field Complex, Memphis, TN (USA)",12 JUL 2025,1205.0,women_200m,2025,https://worldathletics.org/athletes/athlete=14761324,toplist
23.0,22.31,-0.3,Ashanti MOORE,07 NOV 2000,JAM,1,,"Nemzeti Atlétikai Központ, Budapest (HUN)",12 AUG 2025,1206.0,women_200m,2025,https://worldathletics.org/athletes/athlete=14630579,toplist
25.0,22.35,1.8,Alexis BROWN,16 JUL 2004,USA,1h2,,"CSU - Neta and Eddie DeRose Thunderbowl, Pueblo, CO (USA)",23 MAY 2025,1201.0,women_200m,2025,https://worldathletics.org/athletes/united-states/alexis-brown-15056206,toplist
26.0,22.39,,Niesha BURGHER,08 AUG 2002,JAM,1f1,,"Convention Center, Albuquerque, NM (USA) (i)",14 FEB 2025,1237.0,women_200m,2025,https://worldathletics.org/athletes/athlete=14685513,toplist
26.0,22.39,1.1,Minke BISSCHOPS,02 SEP 2002,NED,1f2,,"Konstantinos Baglatzis Municipal Stadium, Vari (GRE)",05 JUL 2025,1197.0,women_200m,2025,https://worldathletics.org/athletes/athlete=14773921,toplist
28.0,22.42,0.8,Helene PARISOT,17 DEC 1992,FRA,2f2,,"Estadio Vallehermoso, Madrid (ESP)",29 JUN 2025,1194.0,women_200m,2025,https://worldathletics.org/athletes/athlete=14389358,toplist
29.0,22.43,1.7,Dejanea OAKLEY,04 JUL 2004,JAM,1f1,,"Percy Beard Track, Gainesville, FL (USA)",04 APR 2025,1193.0,women_200m,2025,https://worldathletics.org/athletes/athlete=14836164,toplist
30.0,22.44,0.4,Elise COOPER,07 FEB 2007,USA,1,,"Franklin Field, Philadelphia, PA (USA)",22 JUN 2025,1192.0,women_200m,2025,https://worldathletics.org/athletes/athlete=14852192,toplist
31.0,22.45,0.0,Salwa Eid NASER,23 MAY 1998,BRN,1,,"Estadio Luguelín Santos, Bayaguana (DOM)",29 MAR 2025,1191.0,women_200m,2025,https://worldathletics.org/athletes/athlete=14643442,toplist
31.0,22.45,0.8,Dana WILSON,22 SEP 2006,USA,1f1,,"Percy Beard Track, Gainesville, FL (USA)",04 APR 2025,1191.0,women_200m,2025,https://worldathletics.org/athletes/united-states/dana-wilson-14970212,toplist
31.0,22.45,0.7,Kenondra DAVIS,15 FEB 2003,USA,2sf2,,"Hayward Field, Eugene, OR (USA)",12 JUN 2025,1191.0,women_200m,2025,https://worldathletics.org/athletes/athlete=14807005,toplist
34.0,22.46,1.7,Thelma DAVIES,08 MAY 2000,LBR,1f1,,"LSU Bernie Moore Stadium, Baton Rouge, LA (USA)",28 MAR 2025,1190.0,women_200m,2025,https://worldathletics.org/athletes/athlete=14745790,toplist
34.0,22.46,1.3,Caisja CHANDLER,18 JUN 2000,USA,1f1,,"Myron Partridge Stadium & Sheila Tarr-Smith Field, Las Vegas, NV (USA)",05 APR 2025,1190.0,women_200m,2025,https://worldathletics.org/athletes/athlete=14731976,toplist
36.0,22.48,1.7,Camryn DICKSON,19 JUN 2004,USA,2f1,,"Percy Beard Track, Gainesville, FL (USA)",04 APR 2025,1188.0,women_200m,2025,https://worldathletics.org/athletes/athlete=14808020,toplist
36.0,22.48,-0.1,Anthonique STRACHAN,22 AUG 1993,BAH,4sf1,,"National Stadium, Tokyo (JPN)",18 SEP 2025,1188.0,women_200m,2025,https://worldathletics.org/athletes/athlete=14368117,toplist
38.0,22.52,0.9,Jassani CARTER,04 NOV 2003,USA,3h3,,"Cushing Stadium, College Station, TX (USA)",31 MAY 2025,1183.0,women_200m,2025,https://worldathletics.org/athletes/athlete=14808086,toplist
38.0,22.52,-0.6,Rhasidat ADELEKE,29 AUG 2002,IRL,4,,"Olympic Stadium, London (GBR)",19 JUL 2025,1186.0,women_200m,2025,https://worldathletics.org/athletes/athlete=14745252,toplist
40.0,22.53,0.8,Sophia JUNK,01 MAR 1999,GER,3f2,,"Estadio Vallehermoso, Madrid (ESP)",29 JUN 2025,1182.0,women_200m,2025,https://worldathletics.org/athletes/athlete=14593203,toplist
40.0,22.53,1.9,Success EDUAN,27 SEP 2004,GBR,4,,"Alexander Stadium, Birmingham (GBR)",03 AUG 2025,1182.0,women_200m,2025,https://worldathletics.org/athletes/athlete=14836740,toplist
42.0,22.54,0.4,Kelly UFODIAMA,09 JUN 2006,NGR,1h1,,"University of North Florda Jax Track at Hodges Stadium, Jacksonville, FL (USA)",31 MAY 2025,1181.0,women_200m,2025,https://worldathletics.org/athletes/nigeria/kelly-ufodiama-15093814,toplist
42.0,22.54,-0.5,Jayla JAMISON,06 SEP 2003,USA,2sf1,,"Hayward Field, Eugene, OR (USA)",12 JUN 2025,1184.0,women_200m,2025,https://worldathletics.org/athletes/athlete=14789479,toplist
42.0,22.54,0.7,Leah BERTRAND,26 JUL 2002,TTO,3sf2,,"Hayward Field, Eugene, OR (USA)",12 JUN 2025,1181.0,women_200m,2025,https://worldathletics.org/athletes/athlete=14793519,toplist
45.0,22.55,-0.3,Tima GODBLESS,14 JUL 2004,NGR,1f1,,"Percy Beard Track, Gainesville, FL (USA)",18 APR 2025,1181.0,women_200m,2025,https://worldathletics.org/athletes/athlete=14909612,toplist
45.0,22.55,-0.1,Maia MCCOY,09 DEC 1996,LBR,1f3,,"Percy Beard Track, Gainesville, FL (USA)",18 APR 2025,1180.0,women_200m,2025,https://worldathletics.org/athletes/athlete=14532017,toplist
45.0,22.55,0.7,Samirah MOODY,08 NOV 2002,USA,4sf2,,"Hayward Field, Eugene, OR (USA)",12 JUN 2025,1180.0,women_200m,2025,https://worldathletics.org/athletes/athlete=14823835,toplist
48.0,22.56,0.1,Sha'Carri RICHARDSON,25 MAR 2000,USA,4h1,,"Hayward Field, Eugene, OR (USA)",03 AUG 2025,1179.0,women_200m,2025,https://worldathletics.org/athletes/athlete=14717691,toplist
48.0,22.56,0.0,Torrie LEWIS,08 JAN 2005,AUS,2h6,,"National Stadium, Tokyo (JPN)",17 SEP 2025,1179.0,women_200m,2025,https://worldathletics.org/athletes/athlete=14778459,toplist
48.0,22.56,-0.1,Jessika GBAI,29 DEC 1998,CIV,5sf1,,"National Stadium, Tokyo (JPN)",18 SEP 2025,1179.0,women_200m,2025,https://worldathletics.org/athletes/athlete=14823620,toplist
51.0,22.58,1.4,Tiriah KELLEY,16 JUN 2004,USA,2h2,,"Cushing Stadium, College Station, TX (USA)",31 MAY 2025,1177.0,women_200m,2025,https://worldathletics.org/athletes/athlete=14873744,toplist
52.0,22.59,0.7,Gabrielle MATTHEWS,14 OCT 2002,JAM,5sf2,,"Hayward Field, Eugene, OR (USA)",12 JUN 2025,1176.0,women_200m,2025,https://worldathletics.org/athletes/athlete=14693873,toplist
52.0,22.59,0.8,Lieke KLAVER,20 AUG 1998,NED,4f2,,"Estadio Vallehermoso, Madrid (ESP)",29 JUN 2025,1176.0,women_200m,2025,https://worldathletics.org/athletes/athlete=14560483,toplist
54.0,22.6,0.0,Miriam SÁNCHEZ,28 AUG 2004,MEX,1,,"Centro Deportivo Olímpico Mexicano, Ciudad de México (MEX)",03 AUG 2025,1175.0,women_200m,2025,https://worldathletics.org/athletes/mexico/miriam-sanchez-14990156,toplist
55.0,22.61,0.8,Lorène Dorcas BAZOLO,04 MAY 1983,POR,5f2,,"Estadio Vallehermoso, Madrid (ESP)",29 JUN 2025,1174.0,women_200m,2025,https://worldathletics.org/athletes/athlete=14375638,toplist
56.0,22.63,1.2,Aaliyah BUTLER,05 NOV 2003,USA,2f2,,"Percy Beard Track, Gainesville, FL (USA)",04 APR 2025,1172.0,women_200m,2025,https://worldathletics.org/athletes/athlete=14715880,toplist
56.0,22.63,1.1,Imke VERVAET,11 APR 1993,BEL,1,,"Boudewijnstadion, Bruxelles (BEL)",03 AUG 2025,1172.0,women_200m,2025,https://worldathletics.org/athletes/athlete=14270101,toplist
58.0,22.64,0.8,Taylor SNAER,22 FEB 2005,USA,3h1,,"Cushing Stadium, College Station, TX (USA)",31 MAY 2025,1171.0,women_200m,2025,https://worldathletics.org/athletes/athlete=14913028,toplist
59.0,22.65,-0.3,Boglárka TAKÁCS,28 AUG 2001,HUN,1f1,,"Estadio Vallehermoso, Madrid (ESP)",29 JUN 2025,1171.0,women_200m,2025,https://worldathletics.org/athletes/athlete=14706915,toplist
60.0,22.66,1.9,Kaila JACKSON,30 JUN 2004,USA,3,,"Un. of Kentucky Outdoor Track Facility, Lexington, KY (USA)",17 MAY 2025,1169.0,women_200m,2025,https://worldathletics.org/athletes/athlete=14906985,toplist
60.0,22.66,1.6,Cambrea STURGIS,27 MAR 1999,USA,3h2,,"Hayward Field, Eugene, OR (USA)",03 AUG 2025,1169.0,women_200m,2025,https://worldathletics.org/athletes/athlete=14674111,toplist
60.0,22.66,0.9,Talitha DIGGS,22 AUG 2002,USA,1f1,,"Raatin Stadion, Oulu (FIN)",13 AUG 2025,1169.0,women_200m,2025,https://worldathletics.org/athletes/athlete=14773307,toplist
63.0,22.67,,Brianna HOWARD,,USA,1f1,,"Sports Performance Center, Lubbock, TX (USA) (i)",01 MAR 2025,1209.0,women_200m,2025,https://worldathletics.org/athletes/athlete=14841734,toplist
63.0,22.67,1.3,Renee REGIS,02 SEP 2005,GBR,1f1,,"London Marathon Community Track, London (GBR)",17 AUG 2025,1168.0,women_200m,2025,https://worldathletics.org/athletes/athlete=14853272,toplist
65.0,22.68,-0.3,Dalia KADDARI,23 MAR 2001,ITA,2f1,,"Estadio Vallehermoso, Madrid (ESP)",29 JUN 2025,1168.0,women_200m,2025,https://worldathletics.org/athletes/athlete=14775977,toplist
65.0,22.68,1.6,Jenna PRANDINI,20 NOV 1992,USA,4h2,,"Hayward Field, Eugene, OR (USA)",03 AUG 2025,1167.0,women_200m,2025,https://worldathletics.org/athletes/athlete=14329068,toplist
67.0,22.69,,Adriana TATUM,02 NOV 2002,USA,1h2,,"Sports Performance Center, Lubbock, TX (USA) (i)",28 FEB 2025,1207.0,women_200m,2025,https://worldathletics.org/athletes/athlete=14846400,toplist
67.0,22.69,1.3,Naj WATSON,24 FEB 2004,USA,1f2,,"Randy Marion Track & Field Facility, Boone, NC (USA)",18 MAY 2025,1166.0,women_200m,2025,https://worldathletics.org/athletes/athlete=14854525,toplist
67.0,22.69,1.4,Briana WILLIAMS,21 MAR 2002,JAM,1f1,,"Notre Dame HS, Sherman Oaks, CA (USA)",13 JUN 2025,1166.0,women_200m,2025,https://worldathletics.org/athletes/athlete=14790666,toplist
67.0,22.69,0.8,Liranyi ALONSO,28 DEC 2005,DOM,1,,"Parque Olímpico Pista De Atletismo, Luque, Asunción (PAR)",21 AUG 2025,1166.0,women_200m,2025,https://worldathletics.org/athletes/dominican-republic/liranyi-alonso-15040816,toplist
71.0,22.7,0.8,Sydney SUTTON,11 NOV 2006,USA,2f1,,"Percy Beard Track, Gainesville, FL (USA)",04 APR 2025,1165.0,women_200m,2025,https://worldathletics.org/athletes/united-states/sydney-sutton-15040409,toplist
72.0,22.72,0.4,Cynteria JAMES,07 SEP 2005,USA,3h1,,"University of North Florda Jax Track at Hodges Stadium, Jacksonville, FL (USA)",31 MAY 2025,1163.0,women_200m,2025,https://worldathletics.org/athletes/athlete=14806745,toplist
73.0,22.73,1.8,Mia GROSS,18 APR 2001,AUS,1,,"Prefectural Shizuoka Stadium, Fukuroi (JPN)",03 MAY 2025,1162.0,women_200m,2025,https://worldathletics.org/athletes/athlete=14671065,toplist
73.0,22.73,1.8,Emily NEWNHAM,19 MAY 2004,GBR,1f2,,"London Marathon Community Track, London (GBR)",17 AUG 2025,1162.0,women_200m,2025,https://worldathletics.org/athletes/athlete=14899734,toplist
75.0,22.74,0.8,Julia HENRIKSSON,11 JUL 2000,SWE,6f2,,"Estadio Vallehermoso, Madrid (ESP)",29 JUN 2025,1161.0,women_200m,2025,https://worldathletics.org/athletes/athlete=14654845,toplist
76.0,22.75,1.2,Jessica MILAT,01 JAN 2005,AUS,1,,"WA Athletics Stadium, Perth (AUS)",13 APR 2025,1160.0,women_200m,2025,https://worldathletics.org/athletes/athlete=14831958,toplist
77.0,22.76,0.3,Sharmelle HOLMES,18 MAY 2006,USA,1f1,,"Un. of Kentucky Outdoor Track Facility, Lexington, KY (USA)",03 MAY 2025,1159.0,women_200m,2025,https://worldathletics.org/athletes/united-states/sharmelle-holmes-14994015,toplist
77.0,22.76,1.0,Isabella WHITTAKER,15 FEB 2002,USA,3f2,,"Ansin Sports Complex, Miramar, FL (USA)",04 MAY 2025,1159.0,women_200m,2025,https://worldathletics.org/athletes/athlete=14846088,toplist
77.0,22.76,0.1,Bassant HEMIDA,28 SEP 1996,EGY,1f1,,"Paul-Greifzu-Stadion, Dessau (GER)",21 JUN 2025,1159.0,women_200m,2025,https://worldathletics.org/athletes/athlete=14755412,toplist
77.0,22.76,1.3,Faith AKINBILEJE,21 SEP 2005,GBR,2f1,,"London Marathon Community Track, London (GBR)",17 AUG 2025,1159.0,women_200m,2025,https://worldathletics.org/athletes/athlete=14937030,toplist
81.0,22.77,1.4,Gina LÜCKENKEMPER,21 NOV 1996,GER,1f1,,"National Training Center, Clermont, FL (USA)",26 APR 2025,1158.0,women_200m,2025,https://worldathletics.org/athletes/athlete=14450088,toplist
81.0,22.77,1.0,Nickisha PRYCE,07 MAR 2001,JAM,4f2,,"Ansin Sports Complex, Miramar, FL (USA)",04 MAY 2025,1158.0,women_200m,2025,https://worldathletics.org/athletes/athlete=14685519,toplist
83.0,22.78,0.7,Fatouma CONDE,02 OCT 2003,USA,2h2,,"University of North Florda Jax Track at Hodges Stadium, Jacksonville, FL (USA)",31 MAY 2025,1157.0,women_200m,2025,https://worldathletics.org/athletes/athlete=14936720,toplist
83.0,22.78,-0.7,Henriette JÆGER,30 JUN 2003,NOR,2,,"Fana Stadion, Bergen (NOR)",19 JUL 2025,1161.0,women_200m,2025,https://worldathletics.org/athletes/athlete=14780807,toplist
85.0,22.79,1.2,Esperança CLADERA,14 MAY 2002,ESP,1f1,,"Polideportivo Rey Juan Carlos, Ciudad Real (ESP)",12 JUL 2025,1156.0,women_200m,2025,https://worldathletics.org/athletes/athlete=14812578,toplist
85.0,22.79,0.1,Vittoria FONTANA,23 JUL 2000,ITA,1,,"Lohrheidestadion, Wattenscheid, Bochum (GER)",24 JUL 2025,1156.0,women_200m,2025,https://worldathletics.org/athletes/athlete=14736254,toplist
85.0,22.79,1.0,Abigeirufuka IDO,15 JUN 2001,JPN,1,,"Hokuroku Park Athletic Field, Fujiyoshida (JPN)",03 AUG 2025,1156.0,women_200m,2025,https://worldathletics.org/athletes/athlete=14817771,toplist
88.0,22.8,1.0,Audrey LEDUC,09 MAR 1999,CAN,2,,"National Stadium, Kingston (JAM)",07 JUN 2025,1155.0,women_200m,2025,https://worldathletics.org/athletes/athlete=14579721,toplist
88.0,22.8,1.0,Karimah DAVIS,23 NOV 1998,USA,2f2,,"Horizon HS, Winter Garden, FL (USA)",14 JUN 2025,1155.0,women_200m,2025,https://worldathletics.org/athletes/athlete=14636336,toplist
88.0,22.8,1.9,Lucia CARRILLO,04 JAN 2002,ESP,3,,"Estadi Natalia Rodríguez, Tarragona (ESP)",03 AUG 2025,1155.0,women_200m,2025,https://worldathletics.org/athletes/athlete=14812480,toplist
91.0,22.81,1.2,Kristie EDWARDS,24 FEB 2000,AUS,2,,"WA Athletics Stadium, Perth (AUS)",13 APR 2025,1154.0,women_200m,2025,https://worldathletics.org/athletes/athlete=14575462,toplist
91.0,22.81,1.8,Veronica Shanti PEREIRA,20 SEP 1996,SGP,2,,"Prefectural Shizuoka Stadium, Fukuroi (JPN)",03 MAY 2025,1154.0,women_200m,2025,https://worldathletics.org/athletes/athlete=14472153,toplist
91.0,22.81,1.1,Maboundou KONÉ,16 MAY 1997,CIV,1f1,,"Stade de Vongy, Thonon-les-Bains (FRA)",13 JUL 2025,1154.0,women_200m,2025,https://worldathletics.org/athletes/athlete=14636900,toplist
91.0,22.81,0.1,Léonie POINTET,17 FEB 2001,SUI,2,,"Lohrheidestadion, Wattenscheid, Bochum (GER)",24 JUL 2025,1154.0,women_200m,2025,https://worldathletics.org/athletes/athlete=14679006,toplist
95.0,22.82,0.4,Kya EPPS,,USA,4h1,,"University of North Florda Jax Track at Hodges Stadium, Jacksonville, FL (USA)",31 MAY 2025,1153.0,women_200m,2025,https://worldathletics.org/athletes/athlete=14939029,toplist
95.0,22.82,1.1,Martina WEIL,12 JUL 1999,CHI,,,"Boudewijnstadion, Bruxelles (BEL)",03 AUG 2025,1153.0,women_200m,2025,https://worldathletics.org/athletes/athlete=14748703,toplist
97.0,22.83,1.0,Alexis HOLMES,28 JAN 2000,USA,5f2,,"Ansin Sports Complex, Miramar, FL (USA)",04 MAY 2025,1152.0,women_200m,2025,https://worldathletics.org/athletes/athlete=14761424,toplist
97.0,22.83,1.0,Piper JONS,2001,USA,3f2,,"Horizon HS, Winter Garden, FL (USA)",14 JUN 2025,1152.0,women_200m,2025,https://worldathletics.org/athletes/athlete=14936601,toplist
97.0,22.83,0.2,Natalia BUKOWIECKA,17 JAN 1998,POL,2,,"Golęcin Stadion, Poznan (POL)",05 JUL 2025,1152.0,women_200m,2025,https://worldathletics.org/athletes/athlete=14642563,toplist
97.0,22.83,2.0,Yuliya KARAVAYEVA,23 NOV 2000,RUS,1,,"Kalininets Stadium, Yekaterinburg (RUS)",24 AUG 2025,1152.0,women_200m,2025,https://worldathletics.org/athletes/athlete=14817766,toplist
,22.06,,Shaunae MILLER-UIBO,15 APR 1994,BAH,1.,,Shanghai IAAF Diamond League,12 MAY 2018,,,2018,,dl_meeting
,22.34,,Dafne SCHIPPERS,15 JUN 1992,NED,2.,,Shanghai IAAF Diamond League,12 MAY 2018,,,2018,,dl_meeting
,22.36,,Shericka JACKSON,16 JUL 1994,JAM,3.,,Shanghai IAAF Diamond League,12 MAY 2018,,,2018,,dl_meeting
,22.58,,Marie-Josée TA LOU,18 NOV 1988,CIV,4.,,Shanghai IAAF Diamond League,12 MAY 2018,,,2018,,dl_meeting
,22.72,,Mujinga KAMBUNDJI,17 JUN 1992,SUI,5.,,Shanghai IAAF Diamond League,12 MAY 2018,,,2018,,dl_meeting
,23.02,,Jenna PRANDINI,20 NOV 1992,USA,6.,,Shanghai IAAF Diamond League,12 MAY 2018,,,2018,,dl_meeting
,23.05,,Kyra JEFFERSON,23 SEP 1994,USA,7.,,Shanghai IAAF Diamond League,12 MAY 2018,,,2018,,dl_meeting
,23.05,,Deajah STEVENS,19 MAY 1995,USA,8.,,Shanghai IAAF Diamond League,12 MAY 2018,,,2018,,dl_meeting
,23.56,,Yongli WEI,11 OCT 1991,CHN,9.,,Shanghai IAAF Diamond League,12 MAY 2018,,,2018,,dl_meeting
,22.49,,Marie-Josée TA LOU,18 NOV 1988,CIV,1.,,Roma Golden Gala - Pietro Mennea,31 MAY 2018,,,2018,,dl_meeting
,22.64,,Ivet LALOVA-COLLIO,18 MAY 1984,BUL,2.,,Roma Golden Gala - Pietro Mennea,31 MAY 2018,,,2018,,dl_meeting
,22.76,,Mujinga KAMBUNDJI,17 JUN 1992,SUI,3.,,Roma Golden Gala - Pietro Mennea,31 MAY 2018,,,2018,,dl_meeting
,22.91,,Kyra JEFFERSON,23 SEP 1994,USA,4.,,Roma Golden Gala - Pietro Mennea,31 MAY 2018,,,2018,,dl_meeting
,23.08,,Crystal EMMANUEL,27 NOV 1991,CAN,5.,,Roma Golden Gala - Pietro Mennea,31 MAY 2018,,,2018,,dl_meeting
,23.14,,Shericka JACKSON,16 JUL 1994,JAM,6.,,Roma Golden Gala - Pietro Mennea,31 MAY 2018,,,2018,,dl_meeting
,23.19,,Felicia BROWN,27 OCT 1993,USA,7.,,Roma Golden Gala - Pietro Mennea,31 MAY 2018,,,2018,,dl_meeting
,23.29,,Joanna ATKINS,31 JAN 1989,USA,8.,,Roma Golden Gala - Pietro Mennea,31 MAY 2018,,,2018,,dl_meeting
,23.64,,Irene SIRAGUSA,23 JUN 1993,ITA,9.,,Roma Golden Gala - Pietro Mennea,31 MAY 2018,,,2018,,dl_meeting
,22.05,,Shericka JACKSON,16 JUL 1994,JAM,1.,,Meeting de Paris,30 JUN 2018,,,2018,,dl_meeting
,22.30,,Jenna PRANDINI,20 NOV 1992,USA,2.,,Meeting de Paris,30 JUN 2018,,,2018,,dl_meeting
,22.50,,Marie-Josée TA LOU,18 NOV 1988,CIV,3.,,Meeting de Paris,30 JUN 2018,,,2018,,dl_meeting
,22.63,,Jamile SAMUEL,24 APR 1992,NED,4.,,Meeting de Paris,30 JUN 2018,,,2018,,dl_meeting
,22.69,,Kyra JEFFERSON,23 SEP 1994,USA,5.,,Meeting de Paris,30 JUN 2018,,,2018,,dl_meeting
,22.95,,Kimberlyn DUNCAN,02 AUG 1991,USA,6.,,Meeting de Paris,30 JUN 2018,,,2018,,dl_meeting
,23.35,,Tatjana PINTO,02 JUL 1992,GER,7.,,Meeting de Paris,30 JUN 2018,,,2018,,dl_meeting
,22.29,,Shaunae MILLER-UIBO,15 APR 1994,BAH,1.,,Meeting International Mohammed VI d'Athletisme de Rabat,13 JUL 2018,,,2018,,dl_meeting
,22.40,,Dina ASHER-SMITH,04 DEC 1995,GBR,2.,,Meeting International Mohammed VI d'Athletisme de Rabat,13 JUL 2018,,,2018,,dl_meeting
,22.60,,Jenna PRANDINI,20 NOV 1992,USA,3.,,Meeting International Mohammed VI d'Athletisme de Rabat,13 JUL 2018,,,2018,,dl_meeting
,22.70,,Gabrielle THOMAS,07 DEC 1996,USA,4.,,Meeting International Mohammed VI d'Athletisme de Rabat,13 JUL 2018,,,2018,,dl_meeting
,22.70,,Murielle AHOURÉ,23 AUG 1987,CIV,5.,,Meeting International Mohammed VI d'Athletisme de Rabat,13 JUL 2018,,,2018,,dl_meeting
,23.26,,Jodie WILLIAMS,28 SEP 1993,GBR,6.,,Meeting International Mohammed VI d'Athletisme de Rabat,13 JUL 2018,,,2018,,dl_meeting
,23.42,,Blessing OKAGBARE,09 OCT 1988,NGR,7.,,Meeting International Mohammed VI d'Athletisme de Rabat,13 JUL 2018,,,2018,,dl_meeting
,23.51,,Shashalee FORBES,10 MAY 1996,JAM,8.,,Meeting International Mohammed VI d'Athletisme de Rabat,13 JUL 2018,,,2018,,dl_meeting
,22.16,,Jenna PRANDINI,20 NOV 1992,USA,1.,,London Müller Anniversary Games,22 JUL 2018,,,2018,,dl_meeting
,22.19,,Gabrielle THOMAS,07 DEC 1996,USA,2.,,London Müller Anniversary Games,22 JUL 2018,,,2018,,dl_meeting
,22.22,,Shericka JACKSON,16 JUL 1994,JAM,3.,,London Müller Anniversary Games,22 JUL 2018,,,2018,,dl_meeting
,22.25,,Dina ASHER-SMITH,04 DEC 1995,GBR,4.,,London Müller Anniversary Games,22 JUL 2018,,,2018,,dl_meeting
,22.34,,Marie-Josée TA LOU,18 NOV 1988,CIV,5.,,London Müller Anniversary Games,22 JUL 2018,,,2018,,dl_meeting
,22.37,,Jamile SAMUEL,24 APR 1992,NED,6.,,London Müller Anniversary Games,22 JUL 2018,,,2018,,dl_meeting
,22.42,,Dafne SCHIPPERS,15 JUN 1992,NED,7.,,London Müller Anniversary Games,22 JUL 2018,,,2018,,dl_meeting
,22.80,,Jeneba TARMOH,27 SEP 1989,USA,8.,,London Müller Anniversary Games,22 JUL 2018,,,2018,,dl_meeting
,22.89,,Joanna ATKINS,31 JAN 1989,USA,9.,,London Müller Anniversary Games,22 JUL 2018,,,2018,,dl_meeting
,22.15,,Shaunae MILLER-UIBO,15 APR 1994,BAH,1.,,Birmingham Müller Grand Prix,18 AUG 2018,,,2018,,dl_meeting
,22.31,,Dina ASHER-SMITH,04 DEC 1995,GBR,2.,,Birmingham Müller Grand Prix,18 AUG 2018,,,2018,,dl_meeting
,22.41,,Dafne SCHIPPERS,15 JUN 1992,NED,3.,,Birmingham Müller Grand Prix,18 AUG 2018,,,2018,,dl_meeting
,22.55,,Shericka JACKSON,16 JUL 1994,JAM,4.,,Birmingham Müller Grand Prix,18 AUG 2018,,,2018,,dl_meeting
,22.58,,Jenna PRANDINI,20 NOV 1992,USA,5.,,Birmingham Müller Grand Prix,18 AUG 2018,,,2018,,dl_meeting
,22.85,,Gabrielle THOMAS,07 DEC 1996,USA,6.,,Birmingham Müller Grand Prix,18 AUG 2018,,,2018,,dl_meeting
,22.88,,Marie-Josée TA LOU,18 NOV 1988,CIV,7.,,Birmingham Müller Grand Prix,18 AUG 2018,,,2018,,dl_meeting
,23.26,,Kyra JEFFERSON,23 SEP 1994,USA,8.,,Birmingham Müller Grand Prix,18 AUG 2018,,,2018,,dl_meeting
,22.26,,Dina ASHER-SMITH,04 DEC 1995,GBR,1.,,IAAF Diamond League,03 MAY 2019,,,2019,,dl_meeting
,22.90,,Jamile SAMUEL,24 APR 1992,NED,2.,,IAAF Diamond League,03 MAY 2019,,,2019,,dl_meeting
,23.14,,Blessing OKAGBARE,09 OCT 1988,NGR,3.,,IAAF Diamond League,03 MAY 2019,,,2019,,dl_meeting
,23.15,,Kyra JEFFERSON,23 SEP 1994,USA,4.,,IAAF Diamond League,03 MAY 2019,,,2019,,dl_meeting
,23.28,,Ángela Gabriela TENORIO,27 JAN 1996,ECU,5.,,IAAF Diamond League,03 MAY 2019,,,2019,,dl_meeting
,23.39,,Jeneba TARMOH,27 SEP 1989,USA,6.,,IAAF Diamond League,03 MAY 2019,,,2019,,dl_meeting
,23.47,,Phyllis FRANCIS,04 MAY 1992,USA,7.,,IAAF Diamond League,03 MAY 2019,,,2019,,dl_meeting
,23.89,,Sarah ATCHO,01 JUN 1995,SUI,8.,,IAAF Diamond League,03 MAY 2019,,,2019,,dl_meeting
,DQ,,Shannon HYLTON,19 DEC 1996,GBR,,,IAAF Diamond League,03 MAY 2019,,,2019,,dl_meeting
,22.18,,Dina ASHER-SMITH,04 DEC 1995,GBR,1.,,BAUHAUS-galan,30 MAY 2019,,,2019,,dl_meeting
,22.66,,Elaine THOMPSON,28 JUN 1992,JAM,2.,,BAUHAUS-galan,30 MAY 2019,,,2019,,dl_meeting
,22.78,,Dafne SCHIPPERS,15 JUN 1992,NED,3.,,BAUHAUS-galan,30 MAY 2019,,,2019,,dl_meeting
,22.99,,Ivet LALOVA-COLLIO,18 MAY 1984,BUL,4.,,BAUHAUS-galan,30 MAY 2019,,,2019,,dl_meeting
,23.09,,Jenna PRANDINI,20 NOV 1992,USA,5.,,BAUHAUS-galan,30 MAY 2019,,,2019,,dl_meeting
,23.14,,Crystal EMMANUEL,27 NOV 1991,CAN,6.,,BAUHAUS-galan,30 MAY 2019,,,2019,,dl_meeting
,23.25,,Jamile SAMUEL,24 APR 1992,NED,7.,,BAUHAUS-galan,30 MAY 2019,,,2019,,dl_meeting
,22.56,,Dafne SCHIPPERS,15 JUN 1992,NED,1.,,Oslo Bislett Games,13 JUN 2019,,,2019,,dl_meeting
,22.89,,Crystal EMMANUEL,27 NOV 1991,CAN,2.,,Oslo Bislett Games,13 JUN 2019,,,2019,,dl_meeting
,23.10,,Jenna PRANDINI,20 NOV 1992,USA,3.,,Oslo Bislett Games,13 JUN 2019,,,2019,,dl_meeting
,23.11,,Gabrielle THOMAS,07 DEC 1996,USA,4.,,Oslo Bislett Games,13 JUN 2019,,,2019,,dl_meeting
,23.21,,Jamile SAMUEL,24 APR 1992,NED,5.,,Oslo Bislett Games,13 JUN 2019,,,2019,,dl_meeting
,23.23,,Kyra JEFFERSON,23 SEP 1994,USA,6.,,Oslo Bislett Games,13 JUN 2019,,,2019,,dl_meeting
,23.26,,Vitoria Cristina ROSA,12 JAN 1996,BRA,7.,,Oslo Bislett Games,13 JUN 2019,,,2019,,dl_meeting
,22.05,,Blessing OKAGBARE,09 OCT 1988,NGR,1.,,Prefontaine Classic,30 JUN 2019,,,2019,,dl_meeting
,22.21,,Elaine THOMPSON,28 JUN 1992,JAM,2.,,Prefontaine Classic,30 JUN 2019,,,2019,,dl_meeting
,22.42,,Dina ASHER-SMITH,04 DEC 1995,GBR,3.,,Prefontaine Classic,30 JUN 2019,,,2019,,dl_meeting
,22.51,,Salwa Eid NASER,23 MAY 1998,BRN,4.,,Prefontaine Classic,30 JUN 2019,,,2019,,dl_meeting
,22.53,,Jenna PRANDINI,20 NOV 1992,USA,5.,,Prefontaine Classic,30 JUN 2019,,,2019,,dl_meeting
,22.62,,Dafne SCHIPPERS,15 JUN 1992,NED,6.,,Prefontaine Classic,30 JUN 2019,,,2019,,dl_meeting
,22.99,,Brittany BROWN,18 APR 1995,USA,7.,,Prefontaine Classic,30 JUN 2019,,,2019,,dl_meeting
,23.07,,Kyra JEFFERSON,23 SEP 1994,USA,8.,,Prefontaine Classic,30 JUN 2019,,,2019,,dl_meeting
,23.12,,Ivet LALOVA-COLLIO,18 MAY 1984,BUL,9.,,Prefontaine Classic,30 JUN 2019,,,2019,,dl_meeting
,22.09,,Shaunae MILLER-UIBO,15 APR 1994,BAH,1.,,Herculis,12 JUL 2019,,,2019,,dl_meeting
,22.44,,Elaine THOMPSON,28 JUN 1992,JAM,2.,,Herculis,12 JUL 2019,,,2019,,dl_meeting
,22.45,,Dafne SCHIPPERS,15 JUN 1992,NED,3.,,Herculis,12 JUL 2019,,,2019,,dl_meeting
,22.59,,Teahna DANIELS,25 MAR 1997,USA,4.,,Herculis,12 JUL 2019,,,2019,,dl_meeting
,22.66,,Jenna PRANDINI,20 NOV 1992,USA,5.,,Herculis,12 JUL 2019,,,2019,,dl_meeting
,22.66,,Marie-Josée TA LOU,18 NOV 1988,CIV,6.,,Herculis,12 JUL 2019,,,2019,,dl_meeting
,22.99,,Gabrielle THOMAS,07 DEC 1996,USA,7.,,Herculis,12 JUL 2019,,,2019,,dl_meeting
,22.24,,Shaunae MILLER-UIBO,15 APR 1994,BAH,1.,,Müller Grand Prix,18 AUG 2019,,,2019,,dl_meeting
,22.36,,Dina ASHER-SMITH,04 DEC 1995,GBR,2.,,Müller Grand Prix,18 AUG 2019,,,2019,,dl_meeting
,22.50,,Shelly-Ann FRASER-PRYCE,27 DEC 1986,JAM,3.,,Müller Grand Prix,18 AUG 2019,,,2019,,dl_meeting
,22.81,,Dafne SCHIPPERS,15 JUN 1992,NED,4.,,Müller Grand Prix,18 AUG 2019,,,2019,,dl_meeting
,22.83,,Blessing OKAGBARE,09 OCT 1988,NGR,5.,,Müller Grand Prix,18 AUG 2019,,,2019,,dl_meeting
,22.84,,Dezerea BRYANT,27 APR 1993,USA,6.,,Müller Grand Prix,18 AUG 2019,,,2019,,dl_meeting
,23.71,,Payton CHADWICK,29 NOV 1995,USA,7.,,Müller Grand Prix,18 AUG 2019,,,2019,,dl_meeting
,24.18,,Marie-Josée TA LOU,18 NOV 1988,CIV,8.,,Müller Grand Prix,18 AUG 2019,,,2019,,dl_meeting
,22.06,,Dina ASHER-SMITH,04 DEC 1995,GBR,1.,,Golden Gala Pietro Mennea,10 JUN 2021,,,2021,,dl_meeting
,22.58,,Marie-Josée TA LOU,18 NOV 1988,CIV,2.,,Golden Gala Pietro Mennea,10 JUN 2021,,,2021,,dl_meeting
,22.60,,Mujinga KAMBUNDJI,17 JUN 1992,SUI,3.,,Golden Gala Pietro Mennea,10 JUN 2021,,,2021,,dl_meeting
,22.86,,Dalia KADDARI,23 MAR 2001,ITA,4.,,Golden Gala Pietro Mennea,10 JUN 2021,,,2021,,dl_meeting
,22.88,,Beth DOBBIN,07 JUN 1994,GBR,5.,,Golden Gala Pietro Mennea,10 JUN 2021,,,2021,,dl_meeting
,23.03,,Dafne SCHIPPERS,15 JUN 1992,NED,6.,,Golden Gala Pietro Mennea,10 JUN 2021,,,2021,,dl_meeting
,23.25,,Gloria HOOPER,03 MAR 1992,ITA,7.,,Golden Gala Pietro Mennea,10 JUN 2021,,,2021,,dl_meeting
,24.43,,Sarah ATCHO,01 JUN 1995,SUI,8.,,Golden Gala Pietro Mennea,10 JUN 2021,,,2021,,dl_meeting
,22.10,,Shericka JACKSON,16 JUL 1994,JAM,1.,,Bauhaus-Galan,04 JUL 2021,,,2021,,dl_meeting
,22.36,,Marie-Josée TA LOU,18 NOV 1988,CIV,2.,,Bauhaus-Galan,04 JUL 2021,,,2021,,dl_meeting
,22.65,,Beatrice MASILINGI,10 APR 2003,NAM,3.,,Bauhaus-Galan,04 JUL 2021,,,2021,,dl_meeting
,22.84,,Beth DOBBIN,07 JUN 1994,GBR,4.,,Bauhaus-Galan,04 JUL 2021,,,2021,,dl_meeting
,22.97,,Morolake AKINOSUN,17 MAY 1994,USA,5.,,Bauhaus-Galan,04 JUL 2021,,,2021,,dl_meeting
,23.28,,Marije VAN HUNENSTIJN,02 MAR 1995,NED,6.,,Bauhaus-Galan,04 JUL 2021,,,2021,,dl_meeting
,22.23,,Shaunae MILLER-UIBO,15 APR 1994,BAH,1.,,Herculis,09 JUL 2021,,,2021,,dl_meeting
,22.25,,Marie-Josée TA LOU,18 NOV 1988,CIV,2.,,Herculis,09 JUL 2021,,,2021,,dl_meeting
,22.48,,Shelly-Ann FRASER-PRYCE,27 DEC 1986,JAM,3.,,Herculis,09 JUL 2021,,,2021,,dl_meeting
,22.75,,Mujinga KAMBUNDJI,17 JUN 1992,SUI,4.,,Herculis,09 JUL 2021,,,2021,,dl_meeting
,22.79,,Dezerea BRYANT,27 APR 1993,USA,5.,,Herculis,09 JUL 2021,,,2021,,dl_meeting
,22.95,,Tamara CLARK,09 JAN 1999,USA,6.,,Herculis,09 JUL 2021,,,2021,,dl_meeting
,DQ,,Blessing OKAGBARE,09 OCT 1988,NGR, - ,,Herculis,09 JUL 2021,,,2021,,dl_meeting
,22.43,,Elaine THOMPSON-HERAH,28 JUN 1992,JAM,1.,,Müller British GP,13 JUL 2021,,,2021,,dl_meeting
,22.60,,Jodie WILLIAMS,28 SEP 1993,GBR,2.,,Müller British GP,13 JUL 2021,,,2021,,dl_meeting
,22.62,,Tamara CLARK,09 JAN 1999,USA,3.,,Müller British GP,13 JUL 2021,,,2021,,dl_meeting
,22.92,,Beth DOBBIN,07 JUN 1994,GBR,4.,,Müller British GP,13 JUL 2021,,,2021,,dl_meeting
,22.95,,Dezerea BRYANT,27 APR 1993,USA,5.,,Müller British GP,13 JUL 2021,,,2021,,dl_meeting
,23.06,,Daryll NEITA,29 AUG 1996,GBR,6.,,Müller British GP,13 JUL 2021,,,2021,,dl_meeting
,23.16,,Natasha MORRISON,17 NOV 1992,JAM,7.,,Müller British GP,13 JUL 2021,,,2021,,dl_meeting
,DQ,,Blessing OKAGBARE,09 OCT 1988,NGR, - ,,Müller British GP,13 JUL 2021,,,2021,,dl_meeting
,22.06,,Mujinga KAMBUNDJI,17 JUN 1992,SUI,1.,,Prefontaine Classic,21 AUG 2021,,,2021,,dl_meeting
,22.11,,Gabrielle THOMAS,07 DEC 1996,USA,2.,,Prefontaine Classic,21 AUG 2021,,,2021,,dl_meeting
,22.19,,Dina ASHER-SMITH,04 DEC 1995,GBR,3.,,Prefontaine Classic,21 AUG 2021,,,2021,,dl_meeting
,22.36,,Jenna PRANDINI,20 NOV 1992,USA,4.,,Prefontaine Classic,21 AUG 2021,,,2021,,dl_meeting
,22.39,,Dezerea BRYANT,27 APR 1993,USA,5.,,Prefontaine Classic,21 AUG 2021,,,2021,,dl_meeting
,22.50,,Lynna IRBY,06 DEC 1998,USA,6.,,Prefontaine Classic,21 AUG 2021,,,2021,,dl_meeting
,22.51,,Brittany BROWN,18 APR 1995,USA,7.,,Prefontaine Classic,21 AUG 2021,,,2021,,dl_meeting
,22.60,,Allyson FELIX,18 NOV 1985,USA,8.,,Prefontaine Classic,21 AUG 2021,,,2021,,dl_meeting
,21.84,,Christine MBOMA,22 MAY 2003,NAM,1.,,Allianz Memorial Van Damme,03 SEP 2021,,,2021,,dl_meeting
,21.95,,Shericka JACKSON,16 JUL 1994,JAM,2.,,Allianz Memorial Van Damme,03 SEP 2021,,,2021,,dl_meeting
,22.04,,Dina ASHER-SMITH,04 DEC 1995,GBR,3.,,Allianz Memorial Van Damme,03 SEP 2021,,,2021,,dl_meeting
,22.45,,Sha'Carri RICHARDSON,25 MAR 2000,USA,4.,,Allianz Memorial Van Damme,03 SEP 2021,,,2021,,dl_meeting
,22.50,,Beatrice MASILINGI,10 APR 2003,NAM,5.,,Allianz Memorial Van Damme,03 SEP 2021,,,2021,,dl_meeting
,23.28,,Imke VERVAET,11 APR 1993,BEL,6.,,Allianz Memorial Van Damme,03 SEP 2021,,,2021,,dl_meeting
,21.98,,Gabrielle THOMAS,07 DEC 1996,USA,1.,,Ooredoo Doha Meeting,13 MAY 2022,,,2022,,dl_meeting
,22.07,,Shericka JACKSON,16 JUL 1994,JAM,2.,,Ooredoo Doha Meeting,13 MAY 2022,,,2022,,dl_meeting
,22.37,,Dina ASHER-SMITH,04 DEC 1995,GBR,3.,,Ooredoo Doha Meeting,13 MAY 2022,,,2022,,dl_meeting
,22.72,,Tamara CLARK,09 JAN 1999,USA,4.,,Ooredoo Doha Meeting,13 MAY 2022,,,2022,,dl_meeting
,22.78,,Anthonique STRACHAN,22 AUG 1993,BAH,5.,,Ooredoo Doha Meeting,13 MAY 2022,,,2022,,dl_meeting
,23.06,,Beth DOBBIN,07 JUN 1994,GBR,6.,,Ooredoo Doha Meeting,13 MAY 2022,,,2022,,dl_meeting
,23.12,,Dezerea BRYANT,27 APR 1993,USA,7.,,Ooredoo Doha Meeting,13 MAY 2022,,,2022,,dl_meeting
,23.15,,Shannon RAY,23 DEC 1995,USA,8.,,Ooredoo Doha Meeting,13 MAY 2022,,,2022,,dl_meeting
,22.41,,Shelly-Ann FRASER-PRYCE,27 DEC 1986,JAM,1.,,Prefontaine Classic,28 MAY 2022,,,2022,,dl_meeting
,22.74,,Brittany BROWN,18 APR 1995,USA,2.,,Prefontaine Classic,28 MAY 2022,,,2022,,dl_meeting
,22.76,,Anthonique STRACHAN,22 AUG 1993,BAH,3.,,Prefontaine Classic,28 MAY 2022,,,2022,,dl_meeting
,22.77,,Jenna PRANDINI,20 NOV 1992,USA,4.,,Prefontaine Classic,28 MAY 2022,,,2022,,dl_meeting
,22.77,,Tamara CLARK,09 JAN 1999,USA,5.,,Prefontaine Classic,28 MAY 2022,,,2022,,dl_meeting
,22.85,,Cambrea STURGIS,27 MAR 1999,USA,6.,,Prefontaine Classic,28 MAY 2022,,,2022,,dl_meeting
,22.88,,Mujinga KAMBUNDJI,17 JUN 1992,SUI,7.,,Prefontaine Classic,28 MAY 2022,,,2022,,dl_meeting
,22.91,,Dezerea BRYANT,27 APR 1993,USA,8.,,Prefontaine Classic,28 MAY 2022,,,2022,,dl_meeting
,23.28,,Shawnti JACKSON,02 MAY 2005,USA,9.,,Prefontaine Classic,28 MAY 2022,,,2022,,dl_meeting
,21.91,,Shericka JACKSON,16 JUL 1994,JAM,1.,,Golden Gala Pietro Mennea,09 JUN 2022,,,2022,,dl_meeting
,22.25,,Elaine THOMPSON-HERAH,28 JUN 1992,JAM,2.,,Golden Gala Pietro Mennea,09 JUN 2022,,,2022,,dl_meeting
,22.27,,Dina ASHER-SMITH,04 DEC 1995,GBR,3.,,Golden Gala Pietro Mennea,09 JUN 2022,,,2022,,dl_meeting
,22.48,,Shaunae MILLER-UIBO,15 APR 1994,BAH,4.,,Golden Gala Pietro Mennea,09 JUN 2022,,,2022,,dl_meeting
,22.77,,Marie-Josée TA LOU,18 NOV 1988,CIV,5.,,Golden Gala Pietro Mennea,09 JUN 2022,,,2022,,dl_meeting
,22.80,,Mujinga KAMBUNDJI,17 JUN 1992,SUI,6.,,Golden Gala Pietro Mennea,09 JUN 2022,,,2022,,dl_meeting
,22.97,,Allyson FELIX,18 NOV 1985,USA,7.,,Golden Gala Pietro Mennea,09 JUN 2022,,,2022,,dl_meeting
,23.29,,Dalia KADDARI,23 MAR 2001,ITA,8.,,Golden Gala Pietro Mennea,09 JUN 2022,,,2022,,dl_meeting
,23.36,,Beth DOBBIN,07 JUN 1994,GBR,9.,,Golden Gala Pietro Mennea,09 JUN 2022,,,2022,,dl_meeting
,22.73,,Ida KARSTOFT,29 OCT 1995,DEN,1.,,Oslo Bislett Games,16 JUN 2022,,,2022,,dl_meeting
,23.01,,Beth DOBBIN,07 JUN 1994,GBR,2.,,Oslo Bislett Games,16 JUN 2022,,,2022,,dl_meeting
,23.05,,Jamile SAMUEL,24 APR 1992,NED,3.,,Oslo Bislett Games,16 JUN 2022,,,2022,,dl_meeting
,23.30,,Dalia KADDARI,23 MAR 2001,ITA,5.,,Oslo Bislett Games,16 JUN 2022,,,2022,,dl_meeting
,23.88,,Gémima JOSEPH,17 OCT 2001,FRA,7.,,Oslo Bislett Games,16 JUN 2022,,,2022,,dl_meeting
,22.37,,Dina ASHER-SMITH,04 DEC 1995,GBR,1.,,BAUHAUS-Galan,30 JUN 2022,,,2022,,dl_meeting
,22.37,,Mujinga KAMBUNDJI,17 JUN 1992,SUI,2.,,BAUHAUS-Galan,30 JUN 2022,,,2022,,dl_meeting
,22.90,,Ida KARSTOFT,29 OCT 1995,DEN,3.,,BAUHAUS-Galan,30 JUN 2022,,,2022,,dl_meeting
,23.06,,TyNia GAITHER,16 MAR 1993,BAH,4.,,BAUHAUS-Galan,30 JUN 2022,,,2022,,dl_meeting
,23.31,,Gina BASS,03 MAY 1995,GAM,5.,,BAUHAUS-Galan,30 JUN 2022,,,2022,,dl_meeting
,23.41,,Ajla DEL PONTE,15 JUL 1996,SUI,6.,,BAUHAUS-Galan,30 JUN 2022,,,2022,,dl_meeting
,23.57,,Julia HENRIKSSON,11 JUL 2000,SWE,7.,,BAUHAUS-Galan,30 JUN 2022,,,2022,,dl_meeting
,21.84,,Shericka JACKSON,16 JUL 1994,JAM,1.,,Silesia Kamila Skolimowska Memorial,06 AUG 2022,,,2022,,dl_meeting
,22.35,,Shaunae MILLER-UIBO,15 APR 1994,BAH,2.,,Silesia Kamila Skolimowska Memorial,06 AUG 2022,,,2022,,dl_meeting
,22.39,,Jenna PRANDINI,20 NOV 1992,USA,3.,,Silesia Kamila Skolimowska Memorial,06 AUG 2022,,,2022,,dl_meeting
,22.70,,TyNia GAITHER,16 MAR 1993,BAH,4.,,Silesia Kamila Skolimowska Memorial,06 AUG 2022,,,2022,,dl_meeting
,22.80,,Ida KARSTOFT,29 OCT 1995,DEN,5.,,Silesia Kamila Skolimowska Memorial,06 AUG 2022,,,2022,,dl_meeting
,22.82,,Tamara CLARK,09 JAN 1999,USA,6.,,Silesia Kamila Skolimowska Memorial,06 AUG 2022,,,2022,,dl_meeting
,22.86,,Gabrielle THOMAS,07 DEC 1996,USA,7.,,Silesia Kamila Skolimowska Memorial,06 AUG 2022,,,2022,,dl_meeting
,22.89,,Vitoria Cristina ROSA,12 JAN 1996,BRA,8.,,Silesia Kamila Skolimowska Memorial,06 AUG 2022,,,2022,,dl_meeting
,21.98,,Shericka JACKSON,16 JUL 1994,JAM,1.,,Meeting International Mohammed VI d'Athletisme de Rabat,28 MAY 2023,,,2023,,dl_meeting
,22.15,,Anthonique STRACHAN,22 AUG 1993,BAH,2.,,Meeting International Mohammed VI d'Athletisme de Rabat,28 MAY 2023,,,2023,,dl_meeting
,22.30,,Tamari DAVIS,15 FEB 2003,USA,3.,,Meeting International Mohammed VI d'Athletisme de Rabat,28 MAY 2023,,,2023,,dl_meeting
,22.52,,Kayla WHITE,14 SEP 1996,USA,4.,,Meeting International Mohammed VI d'Athletisme de Rabat,28 MAY 2023,,,2023,,dl_meeting
,22.67,,Bassant HEMIDA,28 SEP 1996,EGY,5.,,Meeting International Mohammed VI d'Athletisme de Rabat,28 MAY 2023,,,2023,,dl_meeting
,22.98,,Anna KIEŁBASIŃSKA,26 JUN 1990,POL,6.,,Meeting International Mohammed VI d'Athletisme de Rabat,28 MAY 2023,,,2023,,dl_meeting
,23.44,,Gina BASS,03 MAY 1995,GAM,7.,,Meeting International Mohammed VI d'Athletisme de Rabat,28 MAY 2023,,,2023,,dl_meeting
,23.58,,Paula SEVILLA,28 JUN 1997,ESP,8.,,Meeting International Mohammed VI d'Athletisme de Rabat,28 MAY 2023,,,2023,,dl_meeting
,22.05,,Gabrielle THOMAS,07 DEC 1996,USA,1.,,Meeting de Paris,09 JUN 2023,,,2023,,dl_meeting
,22.34,,Abby STEINER,24 NOV 1999,USA,2.,,Meeting de Paris,09 JUN 2023,,,2023,,dl_meeting
,22.34,,Marie-Josée TA LOU,18 NOV 1988,CIV,3.,,Meeting de Paris,09 JUN 2023,,,2023,,dl_meeting
,22.57,,Dina ASHER-SMITH,04 DEC 1995,GBR,4.,,Meeting de Paris,09 JUN 2023,,,2023,,dl_meeting
,22.67,,Kayla WHITE,14 SEP 1996,USA,5.,,Meeting de Paris,09 JUN 2023,,,2023,,dl_meeting
,22.76,,Jenna PRANDINI,20 NOV 1992,USA,6.,,Meeting de Paris,09 JUN 2023,,,2023,,dl_meeting
,22.86,,Tamara CLARK,09 JAN 1999,USA,7.,,Meeting de Paris,09 JUN 2023,,,2023,,dl_meeting
,23.34,,Gémima JOSEPH,17 OCT 2001,FRA,8.,,Meeting de Paris,09 JUN 2023,,,2023,,dl_meeting
,22.50,,Daryll NEITA,29 AUG 1996,GBR,1.,,BAUHAUS-Galan,02 JUL 2023,,,2023,,dl_meeting
,22.58,,Dina ASHER-SMITH,04 DEC 1995,GBR,2.,,BAUHAUS-Galan,02 JUL 2023,,,2023,,dl_meeting
,22.59,,Jaël BESTUÉ,24 SEP 2000,ESP,3.,,BAUHAUS-Galan,02 JUL 2023,,,2023,,dl_meeting
,22.70,,Marie-Josée TA LOU,18 NOV 1988,CIV,4.,,BAUHAUS-Galan,02 JUL 2023,,,2023,,dl_meeting
,22.99,,Maboundou KONÉ,16 MAY 1997,CIV,5.,,BAUHAUS-Galan,02 JUL 2023,,,2023,,dl_meeting
,23.15,,Tasa JIYA,16 SEP 1997,NED,6.,,BAUHAUS-Galan,02 JUL 2023,,,2023,,dl_meeting
,23.37,,Julia HENRIKSSON,11 JUL 2000,SWE,7.,,BAUHAUS-Galan,02 JUL 2023,,,2023,,dl_meeting
,23.62,,Boglárka TAKÁCS,28 AUG 2001,HUN,8.,,BAUHAUS-Galan,02 JUL 2023,,,2023,,dl_meeting
,21.86,,Shericka JACKSON,16 JUL 1994,JAM,1.,,Herculis Meeting International d’Athlétisme EBS,21 JUL 2023,,,2023,,dl_meeting
,22.08,,Julien ALFRED,10 JUN 2001,LCA,2.,,Herculis Meeting International d’Athlétisme EBS,21 JUL 2023,,,2023,,dl_meeting
,22.23,,Dina ASHER-SMITH,04 DEC 1995,GBR,3.,,Herculis Meeting International d’Athlétisme EBS,21 JUL 2023,,,2023,,dl_meeting
,22.40,,Anthonique STRACHAN,22 AUG 1993,BAH,4.,,Herculis Meeting International d’Athlétisme EBS,21 JUL 2023,,,2023,,dl_meeting
,22.54,,Daryll NEITA,29 AUG 1996,GBR,5.,,Herculis Meeting International d’Athlétisme EBS,21 JUL 2023,,,2023,,dl_meeting
,22.54,,Kayla WHITE,14 SEP 1996,USA,5.,,Herculis Meeting International d’Athlétisme EBS,21 JUL 2023,,,2023,,dl_meeting
,22.67,,Gabrielle THOMAS,07 DEC 1996,USA,7.,,Herculis Meeting International d’Athlétisme EBS,21 JUL 2023,,,2023,,dl_meeting
,22.83,,Tamara CLARK,09 JAN 1999,USA,8.,,Herculis Meeting International d’Athlétisme EBS,21 JUL 2023,,,2023,,dl_meeting
,21.82,,Shericka JACKSON,16 JUL 1994,JAM,1.,,Weltklasse Zürich,31 AUG 2023,,,2023,,dl_meeting
,22.25,,Daryll NEITA,29 AUG 1996,GBR,2.,,Weltklasse Zürich,31 AUG 2023,,,2023,,dl_meeting
,22.33,,Kayla WHITE,14 SEP 1996,USA,3.,,Weltklasse Zürich,31 AUG 2023,,,2023,,dl_meeting
,22.46,,Mujinga KAMBUNDJI,17 JUN 1992,SUI,4.,,Weltklasse Zürich,31 AUG 2023,,,2023,,dl_meeting
,22.57,,Twanisha TERRY,24 JAN 1999,USA,5.,,Weltklasse Zürich,31 AUG 2023,,,2023,,dl_meeting
,22.65,,Anthonique STRACHAN,22 AUG 1993,BAH,6.,,Weltklasse Zürich,31 AUG 2023,,,2023,,dl_meeting
,22.78,,Jenna PRANDINI,20 NOV 1992,USA,7.,,Weltklasse Zürich,31 AUG 2023,,,2023,,dl_meeting
,22.94,,Tamara CLARK,09 JAN 1999,USA,8.,,Weltklasse Zürich,31 AUG 2023,,,2023,,dl_meeting
,21.48,,Shericka JACKSON,16 JUL 1994,JAM,1.,,Memorial van Damme,08 SEP 2023,,,2023,,dl_meeting
,22.31,,Anthonique STRACHAN,22 AUG 1993,BAH,2.,,Memorial van Damme,08 SEP 2023,,,2023,,dl_meeting
,22.47,,Jenna PRANDINI,20 NOV 1992,USA,3.,,Memorial van Damme,08 SEP 2023,,,2023,,dl_meeting
,22.59,,Daryll NEITA,29 AUG 1996,GBR,4.,,Memorial van Damme,08 SEP 2023,,,2023,,dl_meeting
,22.79,,Maboundou KONÉ,16 MAY 1997,CIV,5.,,Memorial van Damme,08 SEP 2023,,,2023,,dl_meeting
,22.96,,Tasa JIYA,16 SEP 1997,NED,6.,,Memorial van Damme,08 SEP 2023,,,2023,,dl_meeting
,23.62,,Gémima JOSEPH,17 OCT 2001,FRA,9.,,Prefontaine Classic,17 SEP 2023,,,2023,,dl_meeting
,22.96,,Torrie LEWIS,08 JAN 2005,AUS,1.,,Wanda Diamond League Xiamen,20 APR 2024,,,2024,,dl_meeting
,22.99,,Sha'Carri RICHARDSON,25 MAR 2000,USA,2.,,Wanda Diamond League Xiamen,20 APR 2024,,,2024,,dl_meeting
,23.01,,Tamara CLARK,09 JAN 1999,USA,3.,,Wanda Diamond League Xiamen,20 APR 2024,,,2024,,dl_meeting
,23.02,,Anavia BATTLE,28 MAR 1999,USA,4.,,Wanda Diamond League Xiamen,20 APR 2024,,,2024,,dl_meeting
,23.25,,Twanisha TERRY,24 JAN 1999,USA,5.,,Wanda Diamond League Xiamen,20 APR 2024,,,2024,,dl_meeting
,23.39,,Mujinga KAMBUNDJI,17 JUN 1992,SUI,6.,,Wanda Diamond League Xiamen,20 APR 2024,,,2024,,dl_meeting
,23.65,,Jessica-Bianca WESSOLLY,11 DEC 1996,GER,7.,,Wanda Diamond League Xiamen,20 APR 2024,,,2024,,dl_meeting
,23.72,,Caisja CHANDLER,18 JUN 2000,USA,8.,,Wanda Diamond League Xiamen,20 APR 2024,,,2024,,dl_meeting
,24.21,,Anthonique STRACHAN,22 AUG 1993,BAH,9.,,Wanda Diamond League Xiamen,20 APR 2024,,,2024,,dl_meeting
,22.62,,Daryll NEITA,29 AUG 1996,GBR,1.,,Yangtze Delta Athletics Diamond Gala,27 APR 2024,,,2024,,dl_meeting
,22.99,,Anavia BATTLE,28 MAR 1999,USA,2.,,Yangtze Delta Athletics Diamond Gala,27 APR 2024,,,2024,,dl_meeting
,23.11,,Sha'Carri RICHARDSON,25 MAR 2000,USA,3.,,Yangtze Delta Athletics Diamond Gala,27 APR 2024,,,2024,,dl_meeting
,23.13,,Tamara CLARK,09 JAN 1999,USA,4.,,Yangtze Delta Athletics Diamond Gala,27 APR 2024,,,2024,,dl_meeting
,23.21,,Mujinga KAMBUNDJI,17 JUN 1992,SUI,5.,,Yangtze Delta Athletics Diamond Gala,27 APR 2024,,,2024,,dl_meeting
,23.35,,Anthonique STRACHAN,22 AUG 1993,BAH,6.,,Yangtze Delta Athletics Diamond Gala,27 APR 2024,,,2024,,dl_meeting
,23.37,,Twanisha TERRY,24 JAN 1999,USA,7.,,Yangtze Delta Athletics Diamond Gala,27 APR 2024,,,2024,,dl_meeting
,23.66,,Caisja CHANDLER,18 JUN 2000,USA,8.,,Yangtze Delta Athletics Diamond Gala,27 APR 2024,,,2024,,dl_meeting
,22.82,,Shericka JACKSON,16 JUL 1994,JAM,1.,,Meeting International Mohammed VI d’Athlétisme de Rabat/Marrakech,19 MAY 2024,,,2024,,dl_meeting
,22.96,,Maboundou KONÉ,16 MAY 1997,CIV,2.,,Meeting International Mohammed VI d’Athlétisme de Rabat/Marrakech,19 MAY 2024,,,2024,,dl_meeting
,23.02,,Helene PARISOT,17 DEC 1992,FRA,3.,,Meeting International Mohammed VI d’Athlétisme de Rabat/Marrakech,19 MAY 2024,,,2024,,dl_meeting
,23.06,,Caisja CHANDLER,18 JUN 2000,USA,4.,,Meeting International Mohammed VI d’Athlétisme de Rabat/Marrakech,19 MAY 2024,,,2024,,dl_meeting
,23.14,,Mujinga KAMBUNDJI,17 JUN 1992,SUI,5.,,Meeting International Mohammed VI d’Athlétisme de Rabat/Marrakech,19 MAY 2024,,,2024,,dl_meeting
,23.40,,Ida KARSTOFT,29 OCT 1995,DEN,6.,,Meeting International Mohammed VI d’Athlétisme de Rabat/Marrakech,19 MAY 2024,,,2024,,dl_meeting
,23.48,,Dalia KADDARI,23 MAR 2001,ITA,7.,,Meeting International Mohammed VI d’Athlétisme de Rabat/Marrakech,19 MAY 2024,,,2024,,dl_meeting
,22.32,,Brittany BROWN,18 APR 1995,USA,1.,,Oslo Bislett Games,30 MAY 2024,,,2024,,dl_meeting
,22.36,,Marie-Josée TA LOU-SMITH,18 NOV 1988,CIV,2.,,Oslo Bislett Games,30 MAY 2024,,,2024,,dl_meeting
,22.50,,Daryll NEITA,29 AUG 1996,GBR,3.,,Oslo Bislett Games,30 MAY 2024,,,2024,,dl_meeting
,22.84,,Anavia BATTLE,28 MAR 1999,USA,4.,,Oslo Bislett Games,30 MAY 2024,,,2024,,dl_meeting
,22.97,,Shericka JACKSON,16 JUL 1994,JAM,5.,,Oslo Bislett Games,30 MAY 2024,,,2024,,dl_meeting
,23.10,,Jenna PRANDINI,20 NOV 1992,USA,6.,,Oslo Bislett Games,30 MAY 2024,,,2024,,dl_meeting
,23.13,,Maboundou KONÉ,16 MAY 1997,CIV,7.,,Oslo Bislett Games,30 MAY 2024,,,2024,,dl_meeting
,23.13,,Tasa JIYA,16 SEP 1997,NED,8.,,Oslo Bislett Games,30 MAY 2024,,,2024,,dl_meeting
,22.69,,Shericka JACKSON,16 JUL 1994,JAM,1.,,BAUHAUS-Galan,02 JUN 2024,,,2024,,dl_meeting
,22.89,,Julia HENRIKSSON,11 JUL 2000,SWE,2.,,BAUHAUS-Galan,02 JUN 2024,,,2024,,dl_meeting
,22.92,,Amy HUNT,15 MAY 2002,GBR,3.,,BAUHAUS-Galan,02 JUN 2024,,,2024,,dl_meeting
,22.98,,Anavia BATTLE,28 MAR 1999,USA,4.,,BAUHAUS-Galan,02 JUN 2024,,,2024,,dl_meeting
,23.04,,Maboundou KONÉ,16 MAY 1997,CIV,5.,,BAUHAUS-Galan,02 JUN 2024,,,2024,,dl_meeting
,23.25,,Tasa JIYA,16 SEP 1997,NED,6.,,BAUHAUS-Galan,02 JUN 2024,,,2024,,dl_meeting
,23.31,,Jenna PRANDINI,20 NOV 1992,USA,7.,,BAUHAUS-Galan,02 JUN 2024,,,2024,,dl_meeting
,21.82,,Gabrielle THOMAS,07 DEC 1996,USA,1.,,London Athletics Meet,20 JUL 2024,,,2024,,dl_meeting
,21.86,,Julien ALFRED,10 JUN 2001,LCA,2.,,London Athletics Meet,20 JUL 2024,,,2024,,dl_meeting
,22.07,,Dina ASHER-SMITH,04 DEC 1995,GBR,3.,,London Athletics Meet,20 JUL 2024,,,2024,,dl_meeting
,22.20,,Daryll NEITA,29 AUG 1996,GBR,4.,,London Athletics Meet,20 JUL 2024,,,2024,,dl_meeting
,22.35,,Rhasidat ADELEKE,29 AUG 2002,IRL,5.,,London Athletics Meet,20 JUL 2024,,,2024,,dl_meeting
,22.59,,Tamara CLARK,09 JAN 1999,USA,6.,,London Athletics Meet,20 JUL 2024,,,2024,,dl_meeting
,22.93,,Jenna PRANDINI,20 NOV 1992,USA,7.,,London Athletics Meet,20 JUL 2024,,,2024,,dl_meeting
,22.96,,Amy HUNT,15 MAY 2002,GBR,8.,,London Athletics Meet,20 JUL 2024,,,2024,,dl_meeting
,22.00,,Brittany BROWN,18 APR 1995,USA,1.,,Golden Gala,30 AUG 2024,,,2024,,dl_meeting
,22.27,,Anavia BATTLE,28 MAR 1999,USA,2.,,Golden Gala,30 AUG 2024,,,2024,,dl_meeting
,22.46,,Daryll NEITA,29 AUG 1996,GBR,3.,,Golden Gala,30 AUG 2024,,,2024,,dl_meeting
,22.51,,Jessika GBAI,29 DEC 1998,CIV,4.,,Golden Gala,30 AUG 2024,,,2024,,dl_meeting
,22.53,,Mujinga KAMBUNDJI,17 JUN 1992,SUI,5.,,Golden Gala,30 AUG 2024,,,2024,,dl_meeting
,22.67,,Jenna PRANDINI,20 NOV 1992,USA,6.,,Golden Gala,30 AUG 2024,,,2024,,dl_meeting
,22.84,,Maboundou KONÉ,16 MAY 1997,CIV,7.,,Golden Gala,30 AUG 2024,,,2024,,dl_meeting
,23.14,,Amy HUNT,15 MAY 2002,GBR,8.,,Golden Gala,30 AUG 2024,,,2024,,dl_meeting
,23.33,,Dalia KADDARI,23 MAR 2001,ITA,9.,,Golden Gala,30 AUG 2024,,,2024,,dl_meeting
,22.41,,Anavia BATTLE,28 MAR 1999,USA,1.,,Wanda Diamond League Xiamen,26 APR 2025,,,2025,,dl_meeting
,22.79,,Shericka JACKSON,16 JUL 1994,JAM,2.,,Wanda Diamond League Xiamen,26 APR 2025,,,2025,,dl_meeting
,22.97,,Jenna PRANDINI,20 NOV 1992,USA,3.,,Wanda Diamond League Xiamen,26 APR 2025,,,2025,,dl_meeting
,23.06,,Amy HUNT,15 MAY 2002,GBR,5.,,Wanda Diamond League Xiamen,26 APR 2025,,,2025,,dl_meeting
,23.14,,Jessika GBAI,29 DEC 1998,CIV,6.,,Wanda Diamond League Xiamen,26 APR 2025,,,2025,,dl_meeting
,23.50,,Twanisha TERRY,24 JAN 1999,USA,8.,,Wanda Diamond League Xiamen,26 APR 2025,,,2025,,dl_meeting
,23.51,,Mujinga KAMBUNDJI,17 JUN 1992,SUI,9.,,Wanda Diamond League Xiamen,26 APR 2025,,,2025,,dl_meeting
,22.38,,Anavia BATTLE,28 MAR 1999,USA,1.,,Yangtze River Delta Athletics Diamond Gala,03 MAY 2025,,,2025,,dl_meeting
,22.72,,Rhasidat ADELEKE,29 AUG 2002,IRL,2.,,Yangtze River Delta Athletics Diamond Gala,03 MAY 2025,,,2025,,dl_meeting
,22.86,,Henriette JÆGER,30 JUN 2003,NOR,3.,,Yangtze River Delta Athletics Diamond Gala,03 MAY 2025,,,2025,,dl_meeting
,22.86,,Amy HUNT,15 MAY 2002,GBR,4.,,Yangtze River Delta Athletics Diamond Gala,03 MAY 2025,,,2025,,dl_meeting
,22.88,,Jenna PRANDINI,20 NOV 1992,USA,5.,,Yangtze River Delta Athletics Diamond Gala,03 MAY 2025,,,2025,,dl_meeting
,22.88,,Jessika GBAI,29 DEC 1998,CIV,6.,,Yangtze River Delta Athletics Diamond Gala,03 MAY 2025,,,2025,,dl_meeting
,23.32,,Jessica-Bianca WESSOLLY,11 DEC 1996,GER,7.,,Yangtze River Delta Athletics Diamond Gala,03 MAY 2025,,,2025,,dl_meeting
,23.49,,Twanisha TERRY,24 JAN 1999,USA,8.,,Yangtze River Delta Athletics Diamond Gala,03 MAY 2025,,,2025,,dl_meeting
,23.81,,Maboundou KONÉ,16 MAY 1997,CIV,9.,,Yangtze River Delta Athletics Diamond Gala,03 MAY 2025,,,2025,,dl_meeting
,22.53,,Anavia BATTLE,28 MAR 1999,USA,1.,,Golden Gala,06 JUN 2025,,,2025,,dl_meeting
,22.67,,Amy HUNT,15 MAY 2002,GBR,2.,,Golden Gala,06 JUN 2025,,,2025,,dl_meeting
,22.75,,Marie-Josée TA LOU-SMITH,18 NOV 1988,CIV,3.,,Golden Gala,06 JUN 2025,,,2025,,dl_meeting
,22.81,,Mckenzie LONG,11 JUL 2000,USA,4.,,Golden Gala,06 JUN 2025,,,2025,,dl_meeting
,22.91,,Maia MCCOY,09 DEC 1996,LBR,5.,,Golden Gala,06 JUN 2025,,,2025,,dl_meeting
,22.95,,Jessika GBAI,29 DEC 1998,CIV,6.,,Golden Gala,06 JUN 2025,,,2025,,dl_meeting
,23.12,,Dalia KADDARI,23 MAR 2001,ITA,7.,,Golden Gala,06 JUN 2025,,,2025,,dl_meeting
,23.12,,Paula SEVILLA,28 JUN 1997,ESP,8.,,Golden Gala,06 JUN 2025,,,2025,,dl_meeting
,23.30,,Maboundou KONÉ,16 MAY 1997,CIV,9.,,Golden Gala,06 JUN 2025,,,2025,,dl_meeting
,22.27,,Anavia BATTLE,28 MAR 1999,USA,1.,,Meeting de Paris,20 JUN 2025,,,2025,,dl_meeting
,22.45,,Amy HUNT,15 MAY 2002,GBR,2.,,Meeting de Paris,20 JUN 2025,,,2025,,dl_meeting
,22.49,,Mckenzie LONG,11 JUL 2000,USA,3.,,Meeting de Paris,20 JUN 2025,,,2025,,dl_meeting
,22.66,,Deajah STEVENS,19 MAY 1995,USA,4.,,Meeting de Paris,20 JUN 2025,,,2025,,dl_meeting
,22.77,,Brittany BROWN,18 APR 1995,USA,5.,,Meeting de Paris,20 JUN 2025,,,2025,,dl_meeting
,22.81,,Dina ASHER-SMITH,04 DEC 1995,GBR,6.,,Meeting de Paris,20 JUN 2025,,,2025,,dl_meeting
,22.90,,Audrey LEDUC,09 MAR 1999,CAN,7.,,Meeting de Paris,20 JUN 2025,,,2025,,dl_meeting
,22.92,,Helene PARISOT,17 DEC 1992,FRA,8.,,Meeting de Paris,20 JUN 2025,,,2025,,dl_meeting
,21.71,,Julien ALFRED,10 JUN 2001,LCA,1.,,London Athletics Meet,19 JUL 2025,,,2025,,dl_meeting
,22.25,,Dina ASHER-SMITH,04 DEC 1995,GBR,2.,,London Athletics Meet,19 JUL 2025,,,2025,,dl_meeting
,22.31,,Amy HUNT,15 MAY 2002,GBR,3.,,London Athletics Meet,19 JUL 2025,,,2025,,dl_meeting
,22.52,,Rhasidat ADELEKE,29 AUG 2002,IRL,4.,,London Athletics Meet,19 JUL 2025,,,2025,,dl_meeting
,22.67,,Jaël BESTUÉ,24 SEP 2000,ESP,5.,,London Athletics Meet,19 JUL 2025,,,2025,,dl_meeting
,22.69,,Daryll NEITA,29 AUG 1996,GBR,6.,,London Athletics Meet,19 JUL 2025,,,2025,,dl_meeting
,22.86,,Ashanti MOORE,07 NOV 2000,JAM,7.,,London Athletics Meet,19 JUL 2025,,,2025,,dl_meeting
,23.05,,Torrie LEWIS,08 JAN 2005,AUS,8.,,London Athletics Meet,19 JUL 2025,,,2025,,dl_meeting
,22.17,,Shericka JACKSON,16 JUL 1994,JAM,1.,,Silesia Kamila Skolimowska Memorial,16 AUG 2025,,,2025,,dl_meeting
,22.21,,Brittany BROWN,18 APR 1995,USA,2.,,Silesia Kamila Skolimowska Memorial,16 AUG 2025,,,2025,,dl_meeting
,22.25,,Favour OFILI,31 DEC 2002,NGR,3.,,Silesia Kamila Skolimowska Memorial,16 AUG 2025,,,2025,,dl_meeting
,22.31,,Amy HUNT,15 MAY 2002,GBR,4.,,Silesia Kamila Skolimowska Memorial,16 AUG 2025,,,2025,,dl_meeting
,22.44,,Daryll NEITA,29 AUG 1996,GBR,5.,,Silesia Kamila Skolimowska Memorial,16 AUG 2025,,,2025,,dl_meeting
,22.77,,Jaël BESTUÉ,24 SEP 2000,ESP,6.,,Silesia Kamila Skolimowska Memorial,16 AUG 2025,,,2025,,dl_meeting
,22.78,,Jenna PRANDINI,20 NOV 1992,USA,7.,,Silesia Kamila Skolimowska Memorial,16 AUG 2025,,,2025,,dl_meeting
,22.82,,Minke BISSCHOPS,02 SEP 2002,NED,8.,,Silesia Kamila Skolimowska Memorial,16 AUG 2025,,,2025,,dl_meeting
,22.99,,Maia MCCOY,09 DEC 1996,USA,9.,,Silesia Kamila Skolimowska Memorial,16 AUG 2025,,,2025,,dl_meeting
,22.23,,Brittany BROWN,18 APR 1995,USA,1.,,Athletissima Lausanne,20 AUG 2025,,,2025,,dl_meeting
,22.31,,Favour OFILI,31 DEC 2002,NGR,2.,,Athletissima Lausanne,20 AUG 2025,,,2025,,dl_meeting
,22.37,,Marie-Josée TA LOU-SMITH,18 NOV 1988,CIV,3.,,Athletissima Lausanne,20 AUG 2025,,,2025,,dl_meeting
,22.43,,Marileidy PAULINO,25 OCT 1996,DOM,4.,,Athletissima Lausanne,20 AUG 2025,,,2025,,dl_meeting
,22.64,,Dina ASHER-SMITH,04 DEC 1995,GBR,5.,,Athletissima Lausanne,20 AUG 2025,,,2025,,dl_meeting
,22.69,,Mckenzie LONG,11 JUL 2000,USA,6.,,Athletissima Lausanne,20 AUG 2025,,,2025,,dl_meeting
,22.73,,Daryll NEITA,29 AUG 1996,GBR,7.,,Athletissima Lausanne,20 AUG 2025,,,2025,,dl_meeting
,23.23,,Léonie POINTET,17 FEB 2001,SUI,8.,,Athletissima Lausanne,20 AUG 2025,,,2025,,dl_meeting
1.0,21.74,0.6,Veronica CAMPBELL-BROWN,15 MAY 1982,JAM,1,,"National Stadium, Beijing (CHN)",21 AUG 2008,1265.0,women_200m,2008,https://worldathletics.org/athletes/athlete=14285598,toplist
2.0,21.93,0.6,Allyson FELIX,18 NOV 1985,USA,2,,"National Stadium, Beijing (CHN)",21 AUG 2008,1245.0,women_200m,2008,https://worldathletics.org/athletes/athlete=14309983,toplist
3.0,21.99,1.1,Kerron STEWART,16 APR 1984,JAM,2,,Kingston (JAM),29 JUN 2008,1239.0,women_200m,2008,https://worldathletics.org/athletes/athlete=14285938,toplist
4.0,22.01,0.6,Muna LEE,30 OCT 1981,USA,4,,"National Stadium, Beijing (CHN)",21 AUG 2008,1237.0,women_200m,2008,https://worldathletics.org/athletes/athlete=14315186,toplist
5.0,22.11,1.1,Sherone SIMPSON,12 AUG 1984,JAM,3,,Kingston (JAM),29 JUN 2008,1226.0,women_200m,2008,https://worldathletics.org/athletes/athlete=14285909,toplist
6.0,22.15,1.1,Shelly-Ann FRASER-PRYCE,27 DEC 1986,JAM,4,,Kingston (JAM),29 JUN 2008,1222.0,women_200m,2008,https://worldathletics.org/athletes/athlete=14285680,toplist
7.0,22.25,1.1,Simone FACEY,07 MAY 1985,JAM,5,,Kingston (JAM),29 JUN 2008,1211.0,women_200m,2008,https://worldathletics.org/athletes/athlete=14285672,toplist
8.0,22.29,1.4,Porscha LUCAS,18 JUN 1988,USA,1,,"Boulder, CO (USA)",18 MAY 2008,1207.0,women_200m,2008,https://worldathletics.org/athletes/athlete=14315666,toplist
9.0,22.34,0.6,Marshevet HOOKER,25 SEP 1984,USA,5,,"National Stadium, Beijing (CHN)",21 AUG 2008,1202.0,women_200m,2008,https://worldathletics.org/athletes/athlete=14312862,toplist
10.0,22.40,,Bianca KNIGHT,02 JAN 1989,USA,1f2,,"Fayetteville, AR (USA) (i)",14 MAR 2008,1236.0,women_200m,2008,https://worldathletics.org/athletes/athlete=14314587,toplist
11.0,22.47,-0.6,Carmelita JETER,24 NOV 1979,USA,2,,"Carson, CA (USA)",18 MAY 2008,1192.0,women_200m,2008,https://worldathletics.org/athletes/athlete=14313618,toplist
12.0,22.48,0.2,Anastasiya KAPACHINSKAYA,21 NOV 1979,RUS,1,,Moskva (RUS),10 JUN 2008,1188.0,women_200m,2008,https://worldathletics.org/athletes/athlete=14298016,toplist
12.0,22.48,0.0,Shalonda SOLOMON,19 DEC 1985,USA,3sf2,,"Eugene, OR (USA)",05 JUL 2008,1188.0,women_200m,2008,https://worldathletics.org/athletes/athlete=14321706,toplist
14.0,22.49,0.5,Sanya RICHARDS-ROSS,26 FEB 1985,USA,2,,"Stadio Olimpico, Roma (ITA)",11 JUL 2008,1187.0,women_200m,2008,https://worldathletics.org/athletes/athlete=14319838,toplist
14.0,22.49,-0.1,Debbie FERGUSON-MCKENZIE,16 JAN 1976,BAH,1,,Luzern (SUI),16 JUL 2008,1187.0,women_200m,2008,https://worldathletics.org/athletes/athlete=14270639,toplist
16.0,22.50,0.5,Muriel HURTIS,25 MAR 1979,FRA,3,,"Stadio Olimpico, Roma (ITA)",11 JUL 2008,1186.0,women_200m,2008,https://worldathletics.org/athletes/athlete=14257078,toplist
16.0,22.50,0.8,Shericka WILLIAMS,17 SEP 1985,JAM,1,,Rieti (ITA),07 SEP 2008,1186.0,women_200m,2008,https://worldathletics.org/athletes/athlete=14286003,toplist
18.0,22.56,0.0,Aleksandra FEDORIVA-SPAYER,13 SEP 1988,RUS,1sf1,,Kazan (RUS),19 JUL 2008,1179.0,women_200m,2008,https://worldathletics.org/athletes/athlete=14297674,toplist
19.0,22.57,1.4,Nickeisha ANDERSON,15 MAR 1985,JAM,3,,"Boulder, CO (USA)",18 MAY 2008,1178.0,women_200m,2008,https://worldathletics.org/athletes/athlete=14285530,toplist
20.0,22.58,0.7,Yuliya GUSHCHINA,04 MAR 1983,RUS,2,,"Olympiastadion, Berlin (GER)",01 JUN 2008,1177.0,women_200m,2008,https://worldathletics.org/athletes/athlete=14297898,toplist
21.0,22.59,-0.1,Lauryn WILLIAMS,11 SEP 1983,USA,3sf1,,"Eugene, OR (USA)",05 JUL 2008,1176.0,women_200m,2008,https://worldathletics.org/athletes/athlete=14324318,toplist
22.0,22.61,-0.2,Cydonie MOTHERSILL,19 MAR 1978,CAY,4sf2,,"National Stadium, Beijing (CHN)",20 AUG 2008,1175.0,women_200m,2008,https://worldathletics.org/athletes/athlete=14266914,toplist
23.0,22.62,0.5,LaVerne JONES-FERRETTE,16 SEP 1981,ISV,1,,"Zdzisław Krzyszkowiak Stadium, Bydgoszcz (POL)",01 JUL 2008,1173.0,women_200m,2008,https://worldathletics.org/athletes/athlete=14283604,toplist
24.0,22.63,0.0,Ebonie FLOYD,21 OCT 1983,USA,5sf2,,"Eugene, OR (USA)",05 JUL 2008,1172.0,women_200m,2008,https://worldathletics.org/athletes/athlete=14310239,toplist
25.0,22.65,0.5,Rakia AL GASSRA,06 SEP 1982,BRN,4,,"Stadio Olimpico, Roma (ITA)",11 JUL 2008,1170.0,women_200m,2008,https://worldathletics.org/athletes/athlete=14268780,toplist
26.0,22.66,-0.1,Torri EDWARDS,31 JAN 1977,USA,4sf1,,"Eugene, OR (USA)",05 JUL 2008,1169.0,women_200m,2008,https://worldathletics.org/athletes/athlete=14309556,toplist
27.0,22.67,1.9,Kelly-Ann BAPTISTE,14 OCT 1986,TTO,1,,"Fayetteville, AR (USA)",31 MAY 2008,1168.0,women_200m,2008,https://worldathletics.org/athletes/athlete=14302975,toplist
28.0,22.69,1.5,Isabel LE ROUX,23 JAN 1987,RSA,1,,Addis Ababa (ETH),04 MAY 2008,1166.0,women_200m,2008,https://worldathletics.org/athletes/athlete=14296528,toplist
29.0,22.70,1.5,Kadiatou CAMARA,04 MAY 1981,MLI,2,,Addis Ababa (ETH),04 MAY 2008,1165.0,women_200m,2008,https://worldathletics.org/athletes/athlete=14291318,toplist
29.0,22.70,0.3,Sheri-Ann BROOKS,11 FEB 1983,JAM,1,,"Mangueirão, Belém (BRA)",25 MAY 2008,1165.0,women_200m,2008,https://worldathletics.org/athletes/athlete=14285566,toplist
29.0,22.70,0.4,LaShauntea MOORE,31 JUL 1983,USA,4,,"Stade de France, Paris-St-Denis (FRA)",18 JUL 2008,1165.0,women_200m,2008,https://worldathletics.org/athletes/athlete=14317320,toplist
32.0,22.72,1.4,Allison GEORGE,03 JAN 1988,GRN,4,,"Boulder, CO (USA)",18 MAY 2008,1163.0,women_200m,2008,https://worldathletics.org/athletes/athlete=14281035,toplist
32.0,22.72,1.8,Emily FREEMAN,24 NOV 1980,GBR,1f4,,Leiden (NED),14 JUN 2008,1163.0,women_200m,2008,https://worldathletics.org/athletes/athlete=14275081,toplist
34.0,22.73,-0.6,Susanthika JAYASINGHE,17 DEC 1975,SRI,4,,"Carson, CA (USA)",18 MAY 2008,1165.0,women_200m,2008,https://worldathletics.org/athletes/athlete=14300498,toplist
35.0,22.74,0.9,Kim GEVAERT,05 AUG 1978,BEL,1,,Nivelles (BEL),10 MAY 2008,1161.0,women_200m,2008,https://worldathletics.org/athletes/athlete=14270370,toplist
35.0,22.74,0.2,Oludamola OSAYOMI,26 JUN 1986,NGR,1,,Abuja (NGR),03 JUL 2008,1161.0,women_200m,2008,https://worldathletics.org/athletes/athlete=14292505,toplist
35.0,22.74,1.7,Sabina VEIT,02 DEC 1985,SLO,1,,Maribor (SLO),20 JUL 2008,1161.0,women_200m,2008,https://worldathletics.org/athletes/athlete=14300275,toplist
38.0,22.75,1.4,Alexandria ANDERSON,28 JAN 1987,USA,5,,"Boulder, CO (USA)",18 MAY 2008,1160.0,women_200m,2008,https://worldathletics.org/athletes/athlete=14304791,toplist
38.0,22.75,1.4,Tiffany TOWNSEND,14 JUN 1989,USA,6,,"Boulder, CO (USA)",18 MAY 2008,1160.0,women_200m,2008,https://worldathletics.org/athletes/athlete=14322941,toplist
40.0,22.76,2.0,Virgil HODGE,17 NOV 1983,SKN,1f1,,"Fort Worth, TX (USA)",19 APR 2008,1159.0,women_200m,2008,https://worldathletics.org/athletes/athlete=14300050,toplist
40.0,22.76,0.3,Debbie DUNN,26 MAR 1978,USA,2,,"Mangueirão, Belém (BRA)",25 MAY 2008,1159.0,women_200m,2008,https://worldathletics.org/athletes/athlete=14309386,toplist
42.0,22.77,0.0,Yuliya CHERMOSHANSKAYA,06 JAN 1986,RUS,2sf1,,Kazan (RUS),19 JUL 2008,1158.0,women_200m,2008,https://worldathletics.org/athletes/athlete=14297516,toplist
43.0,22.79,1.4,Scottesha MILLER,14 JAN 1988,USA,7,,"Boulder, CO (USA)",18 MAY 2008,1156.0,women_200m,2008,https://worldathletics.org/athletes/athlete=14317043,toplist
44.0,22.80,0.4,Roxana DÍAZ,17 MAY 1981,CUB,3f1,,Barcelona (ESP),19 JUL 2008,1155.0,women_200m,2008,https://worldathletics.org/athletes/athlete=14263600,toplist
45.0,22.82,0.0,Ionela ŢIRLEA-MANOLACHE,09 FEB 1976,ROU,1,,Bucureşti (ROU),06 JUL 2008,1153.0,women_200m,2008,https://worldathletics.org/athletes/athlete=14296003,toplist
46.0,22.84,0.7,Natalie KNIGHT,24 OCT 1986,USA,1,,"Auburn, AL (USA)",18 MAY 2008,1151.0,women_200m,2008,https://worldathletics.org/athletes/athlete=14314594,toplist
47.0,22.85,1.0,Sheniqua FERGUSON,24 NOV 1989,BAH,2,,Nassau (BAH),28 JUN 2008,1150.0,women_200m,2008,https://worldathletics.org/athletes/athlete=14270638,toplist
47.0,22.85,1.1,Aleen BAILEY,25 NOV 1980,JAM,7,,Kingston (JAM),29 JUN 2008,1150.0,women_200m,2008,https://worldathletics.org/athletes/athlete=14285532,toplist
49.0,22.86,1.8,Adrienne POWER,11 DEC 1981,CAN,3f2,,"Provo, UT (USA)",24 MAY 2008,1149.0,women_200m,2008,https://worldathletics.org/athletes/athlete=14267353,toplist
50.0,22.90,1.9,Samantha HENRY-ROBINSON,25 SEP 1988,JAM,1h1,,"Fayetteville, AR (USA)",30 MAY 2008,1145.0,women_200m,2008,https://worldathletics.org/athletes/athlete=14285727,toplist
51.0,22.91,0.1,Jade BAILEY,10 JUN 1983,BAR,1,,Bridgetown (BAR),22 JUN 2008,1144.0,women_200m,2008,https://worldathletics.org/athletes/athlete=14270592,toplist
51.0,22.91,1.9,Nataliya PYHYDA,30 JAN 1981,UKR,1h6,,Kyiv (UKR),02 JUL 2008,1144.0,women_200m,2008,https://worldathletics.org/athletes/athlete=14304022,toplist
53.0,22.92,-1.2,Leslie COLE,16 FEB 1987,USA,1,,Toluca (MEX),18 JUL 2008,1150.0,women_200m,2008,https://worldathletics.org/athletes/athlete=14307858,toplist
54.0,22.94,1.9,Jeneba TARMOH,27 SEP 1989,USA,2,,"Fayetteville, AR (USA)",31 MAY 2008,1141.0,women_200m,2008,https://worldathletics.org/athletes/athlete=14322457,toplist
54.0,22.94,-0.5,Christine OHURUOGU,17 MAY 1984,GBR,3,,"Bislett Stadion, Oslo (NOR)",06 JUN 2008,1144.0,women_200m,2008,https://worldathletics.org/athletes/athlete=14275963,toplist
54.0,22.94,0.0,Gloria KEMASUODE,30 DEC 1979,NGR,1,,Abuja (NGR),23 JUN 2008,1141.0,women_200m,2008,https://worldathletics.org/athletes/athlete=14292428,toplist
54.0,22.94,1.7,Inna EFTIMOVA,19 JUN 1988,BUL,1,,Sofia (BUL),30 JUN 2008,1141.0,women_200m,2008,https://worldathletics.org/athletes/athlete=14268718,toplist
58.0,22.96,1.0,Meritzer WILLIAMS,01 JAN 1989,SKN,2,,Basseterre (SKN),21 JUN 2008,1139.0,women_200m,2008,https://worldathletics.org/athletes/athlete=14324331,toplist
59.0,22.98,0.8,Vincenza CALÍ,15 OCT 1983,ITA,3,,Rieti (ITA),07 SEP 2008,1137.0,women_200m,2008,https://worldathletics.org/athletes/athlete=14283927,toplist
60.0,22.99,-0.6,Ashlee KIDD,26 JUL 1985,USA,7,,"Carson, CA (USA)",18 MAY 2008,1139.0,women_200m,2008,https://worldathletics.org/athletes/athlete=14314376,toplist
60.0,22.99,0.0,Stephanie DURST,06 JAN 1982,USA,6sf2,,"Eugene, OR (USA)",05 JUL 2008,1136.0,women_200m,2008,https://worldathletics.org/athletes/athlete=14309424,toplist
62.0,23.00,0.1,Lavaughn JONES,,USA,2,,Baie Mahault (FRA),01 MAY 2008,1135.0,women_200m,2008,https://worldathletics.org/athletes/united-states/lavaughn-jones-14313957,toplist
63.0,23.01,1.4,Nivea SMITH,18 FEB 1990,BAH,1,,Basseterre (SKN),22 MAR 2008,1134.0,women_200m,2008,https://worldathletics.org/athletes/athlete=14270617,toplist
63.0,23.01,1.8,Mechelle LEWIS,20 SEP 1980,USA,4f2,,"Provo, UT (USA)",24 MAY 2008,1134.0,women_200m,2008,https://worldathletics.org/athletes/athlete=14315355,toplist
63.0,23.01,0.9,Anastasiya VINOGRADOVA,13 SEP 1986,KAZ,1h1,,Bishkek (KGZ),20 JUN 2008,1134.0,women_200m,2008,https://worldathletics.org/athletes/athlete=14288746,toplist
66.0,23.02,1.7,Amantle MONTSHO,04 JUL 1983,BOT,1,,Algiers (ALG),29 MAY 2008,1132.0,women_200m,2008,https://worldathletics.org/athletes/athlete=14269474,toplist
66.0,23.02,0.6,Natalya ANTYUKH,26 JUN 1981,RUS,2,,Tula (RUS),06 JUL 2008,1132.0,women_200m,2008,https://worldathletics.org/athletes/athlete=14297264,toplist
68.0,23.04,0.0,Mikele BARBER,04 OCT 1980,USA,7sf2,,"Eugene, OR (USA)",05 JUL 2008,1130.0,women_200m,2008,https://worldathletics.org/athletes/athlete=14305305,toplist
69.0,23.05,1.9,Olivia BORLÉE,10 APR 1986,BEL,3,,Heusden-Zolder (BEL),20 JUL 2008,1129.0,women_200m,2008,https://worldathletics.org/athletes/athlete=14270487,toplist
70.0,23.06,0.0,Carol RODRÍGUEZ,16 DEC 1985,PUR,1h1,,"Tempe, AZ (USA)",16 MAY 2008,1128.0,women_200m,2008,https://worldathletics.org/athletes/athlete=14295349,toplist
70.0,23.06,0.7,Vanda FERREIRA GOMES,07 NOV 1988,BRA,1,,Cochabamba (BOL),31 MAY 2008,1128.0,women_200m,2008,https://worldathletics.org/athletes/athlete=14269053,toplist
72.0,23.07,1.3,Christine AMERTIL,18 AUG 1979,BAH,1,,"Athens, GA (USA)",19 APR 2008,1127.0,women_200m,2008,https://worldathletics.org/athletes/athlete=14270669,toplist
72.0,23.07,0.3,Vida ANIM,07 DEC 1983,GHA,1,,Naimette-Xhovémont (BEL),16 JUL 2008,1127.0,women_200m,2008,https://worldathletics.org/athletes/athlete=14280442,toplist
74.0,23.08,0.9,Wyllesheia MYRICK,21 NOV 1979,USA,3,,"Coral Gables, FL (USA)",12 APR 2008,1126.0,women_200m,2008,https://worldathletics.org/athletes/athlete=14317693,toplist
74.0,23.08,-0.8,Anastasia Natalie LE-ROY,11 SEP 1987,JAM,1,,Tainan (TPE),29 MAY 2008,1130.0,women_200m,2008,https://worldathletics.org/athletes/athlete=14285764,toplist
74.0,23.08,0.5,Evelyn Carolina de Oliveira DOS SANTOS,11 APR 1985,BRA,1,,São Paulo (BRA),29 JUN 2008,1126.0,women_200m,2008,https://worldathletics.org/athletes/athlete=14269113,toplist
77.0,23.09,0.0,Charonda WILLIAMS,27 MAR 1987,USA,1,,"Tempe, AZ (USA)",17 MAY 2008,1125.0,women_200m,2008,https://worldathletics.org/athletes/athlete=14324253,toplist
77.0,23.09,0.1,Darlenys OBREGÓN,21 FEB 1986,COL,2h2,,Cali (COL),05 JUL 2008,1125.0,women_200m,2008,https://worldathletics.org/athletes/athlete=14263958,toplist
79.0,23.10,0.5,LaKadron IVERY,23 JUN 1983,USA,5f1,,"Provo, UT (USA)",24 MAY 2008,1124.0,women_200m,2008,https://worldathletics.org/athletes/athlete=14313323,toplist
80.0,23.11,2.0,Nadine PALMER,19 FEB 1983,JAM,2f1,,"Fort Worth, TX (USA)",19 APR 2008,1123.0,women_200m,2008,https://worldathletics.org/athletes/athlete=14285844,toplist
81.0,23.12,1.9,Lynne LAYNE,01 APR 1988,USA,3,,"Fayetteville, AR (USA)",31 MAY 2008,1122.0,women_200m,2008,https://worldathletics.org/athletes/athlete=14315125,toplist
81.0,23.12,1.9,Trish BARTHOLOMEW,23 OCT 1986,GRN,4,,"Fayetteville, AR (USA)",31 MAY 2008,1122.0,women_200m,2008,https://worldathletics.org/athletes/athlete=14281027,toplist
83.0,23.13,0.7,Thaissa BARBOSA PRESTI,07 NOV 1985,BRA,2,,Cochabamba (BOL),31 MAY 2008,1121.0,women_200m,2008,https://worldathletics.org/athletes/athlete=14269419,toplist
83.0,23.13,1.9,Cache ARMBRISTER,26 SEP 1989,USA,5,,"Fayetteville, AR (USA)",31 MAY 2008,1121.0,women_200m,2008,https://worldathletics.org/athletes/athlete=14304985,toplist
83.0,23.13,0.2,Natalya RUSAKOVA,12 DEC 1979,RUS,4,,Moskva (RUS),10 JUN 2008,1121.0,women_200m,2008,https://worldathletics.org/athletes/athlete=14298302,toplist
83.0,23.13,0.8,Anyika ONUORA,28 OCT 1984,GBR,4,,Villeneuve d'Ascq (FRA),27 JUN 2008,1121.0,women_200m,2008,https://worldathletics.org/athletes/athlete=14275975,toplist
83.0,23.13,0.4,Gloria ASUMNU,22 MAY 1985,USA,4f1,,Barcelona (ESP),19 JUL 2008,1121.0,women_200m,2008,https://worldathletics.org/athletes/athlete=14305055,toplist
83.0,23.13,1.9,Hanna MARIEN,16 MAY 1982,BEL,4,,Heusden-Zolder (BEL),20 JUL 2008,1121.0,women_200m,2008,https://worldathletics.org/athletes/athlete=14270301,toplist
83.0,23.13,-0.4,Ivet LALOVA-COLLIO,18 MAY 1984,BUL,4h2,,"National Stadium, Beijing (CHN)",19 AUG 2008,1123.0,women_200m,2008,https://worldathletics.org/athletes/athlete=14268643,toplist
90.0,23.14,-0.2,Krista SIMKINS,27 DEC 1986,USA,1f1,,"Coral Gables, FL (USA)",29 MAR 2008,1121.0,women_200m,2008,https://worldathletics.org/athletes/athlete=14321287,toplist
90.0,23.14,1.1,Jolanda DIEGO,28 JUL 1986,USA,1,,"Los Angeles, CA (USA)",03 MAY 2008,1120.0,women_200m,2008,https://worldathletics.org/athletes/athlete=14309020,toplist
90.0,23.14,1.2,Tawanna MEADOWS,04 AUG 1986,USA,1h3,,"Denton, TX (USA)",10 MAY 2008,1120.0,women_200m,2008,https://worldathletics.org/athletes/athlete=14316787,toplist
90.0,23.14,1.7,Nelly BANCO,17 FEB 1986,FRA,1f2,,Montgeron (FRA),11 MAY 2008,1120.0,women_200m,2008,https://worldathletics.org/athletes/athlete=14258660,toplist
94.0,23.15,2.0,Natasha HASTINGS,23 JUL 1986,USA,1,,"Walnut, CA (USA)",20 APR 2008,1119.0,women_200m,2008,https://worldathletics.org/athletes/athlete=14312172,toplist
94.0,23.15,1.8,Michelle PERRY,01 MAY 1979,USA,4,,"Walnut, CA (USA)",20 APR 2008,1119.0,women_200m,2008,https://worldathletics.org/athletes/athlete=14318803,toplist
94.0,23.15,2.0,Shana COX,22 JAN 1985,USA,1,,"Champaign, IL (USA)",18 MAY 2008,1119.0,women_200m,2008,https://worldathletics.org/athletes/athlete=14308212,toplist
94.0,23.15,0.6,Me'Lisa BARBER,04 OCT 1980,USA,1,,"Greensboro, NC (USA)",14 JUN 2008,1119.0,women_200m,2008,https://worldathletics.org/athletes/athlete=14305304,toplist
98.0,23.16,,Anna GEFLIKH,01 FEB 1983,RUS,3,,Moskva (RUS) (i),09 FEB 2008,1162.0,women_200m,2008,https://worldathletics.org/athletes/athlete=14297775,toplist
98.0,23.16,1.5,Sherry FLETCHER,17 JAN 1986,GRN,3f1,,"Baton Rouge, LA (USA)",12 APR 2008,1118.0,women_200m,2008,https://worldathletics.org/athletes/athlete=14281033,toplist
98.0,23.16,-0.2,Lee MCCONNELL,09 OCT 1978,GBR,1f2,,Genève (SUI),31 MAY 2008,1119.0,women_200m,2008,https://worldathletics.org/athletes/athlete=14275732,toplist
1.0,21.88,1.3,Allyson FELIX,18 NOV 1985,USA,1,,Stockholm (SWE),31 JUL 2009,1250.0,women_200m,2009,https://worldathletics.org/athletes/athlete=14309983,toplist
2.0,22.23,1.3,Debbie FERGUSON-MCKENZIE,16 JAN 1976,BAH,2,,Stockholm (SWE),31 JUL 2009,1214.0,women_200m,2009,https://worldathletics.org/athletes/athlete=14270639,toplist
3.0,22.29,0.5,Veronica CAMPBELL-BROWN,15 MAY 1982,JAM,2sf1,,"Olympiastadion, Berlin (GER)",20 AUG 2009,1207.0,women_200m,2009,https://worldathletics.org/athletes/athlete=14285598,toplist
3.0,22.29,0.1,Sanya RICHARDS-ROSS,26 FEB 1985,USA,2,,Thessaloniki (GRE),12 SEP 2009,1207.0,women_200m,2009,https://worldathletics.org/athletes/athlete=14319838,toplist
5.0,22.30,0.5,Muna LEE,30 OCT 1981,USA,1sf3,,"Olympiastadion, Berlin (GER)",20 AUG 2009,1206.0,women_200m,2009,https://worldathletics.org/athletes/athlete=14315186,toplist
6.0,22.34,1.7,Lauryn WILLIAMS,11 SEP 1983,USA,1,,"Icahn Stadium, New York, NY (USA)",30 MAY 2009,1202.0,women_200m,2009,https://worldathletics.org/athletes/athlete=14324318,toplist
7.0,22.38,0.5,Porscha LUCAS,18 JUN 1988,USA,1sf2,,"Fayetteville, AR (USA)",11 JUN 2009,1198.0,women_200m,2009,https://worldathletics.org/athletes/athlete=14315666,toplist
8.0,22.41,1.6,Shalonda SOLOMON,19 DEC 1985,USA,1f1,,"Walnut, CA (USA)",06 JUN 2009,1195.0,women_200m,2009,https://worldathletics.org/athletes/athlete=14321706,toplist
9.0,22.42,0.1,Kerron STEWART,16 APR 1984,JAM,3,,Thessaloniki (GRE),12 SEP 2009,1194.0,women_200m,2009,https://worldathletics.org/athletes/athlete=14285938,toplist
10.0,22.45,1.4,Cydonie MOTHERSILL,19 MAR 1978,CAY,2,,Shanghai (CHN),20 SEP 2009,1191.0,women_200m,2009,https://worldathletics.org/athletes/athlete=14266914,toplist
11.0,22.46,0.3,LaVerne JONES-FERRETTE,16 SEP 1981,ISV,1,,"FBK Stadium, Hengelo (NED)",01 JUN 2009,1190.0,women_200m,2009,https://worldathletics.org/athletes/athlete=14283604,toplist
12.0,22.50,1.6,Bianca KNIGHT,02 JAN 1989,USA,2f1,,"Walnut, CA (USA)",06 JUN 2009,1186.0,women_200m,2009,https://worldathletics.org/athletes/athlete=14314587,toplist
13.0,22.51,0.3,Marshevet HOOKER,25 SEP 1984,USA,1h4,,"Olympiastadion, Berlin (GER)",19 AUG 2009,1184.0,women_200m,2009,https://worldathletics.org/athletes/athlete=14312862,toplist
14.0,22.55,1.9,Charonda WILLIAMS,27 MAR 1987,USA,2sf1,,"Eugene, OR (USA)",28 JUN 2009,1180.0,women_200m,2009,https://worldathletics.org/athletes/athlete=14324253,toplist
14.0,22.55,0.3,Anneisha MCLAUGHLIN-WHILBY,06 JAN 1986,JAM,2sf2,,"Olympiastadion, Berlin (GER)",20 AUG 2009,1180.0,women_200m,2009,https://worldathletics.org/athletes/athlete=14285805,toplist
16.0,22.57,1.9,LaShauntea MOORE,31 JUL 1983,USA,3sf1,,"Eugene, OR (USA)",28 JUN 2009,1178.0,women_200m,2009,https://worldathletics.org/athletes/athlete=14317320,toplist
16.0,22.57,0.1,Shericka WILLIAMS,17 SEP 1985,JAM,5,,Thessaloniki (GRE),12 SEP 2009,1178.0,women_200m,2009,https://worldathletics.org/athletes/athlete=14286003,toplist
18.0,22.58,-1.1,Shelly-Ann FRASER-PRYCE,27 DEC 1986,JAM,2,,Kingston (JAM),28 JUN 2009,1183.0,women_200m,2009,https://worldathletics.org/athletes/athlete=14285680,toplist
18.0,22.58,0.5,Simone FACEY,07 MAY 1985,JAM,2sf3,,"Olympiastadion, Berlin (GER)",20 AUG 2009,1177.0,women_200m,2009,https://worldathletics.org/athletes/athlete=14285672,toplist
20.0,22.59,0.0,Carmelita JETER,24 NOV 1979,USA,1f2,,"Los Angeles, CA (USA)",11 APR 2009,1176.0,women_200m,2009,https://worldathletics.org/athletes/athlete=14313618,toplist
21.0,22.60,-0.8,Kelly-Ann BAPTISTE,14 OCT 1986,TTO,2,,"Mangueirão, Belém (BRA)",24 MAY 2009,1179.0,women_200m,2009,https://worldathletics.org/athletes/athlete=14302975,toplist
21.0,22.60,0.5,Alexandria ANDERSON,28 JAN 1987,USA,2sf2,,"Fayetteville, AR (USA)",11 JUN 2009,1175.0,women_200m,2009,https://worldathletics.org/athletes/athlete=14304791,toplist
21.0,22.60,1.9,Ebonie FLOYD,21 OCT 1983,USA,4sf1,,"Eugene, OR (USA)",28 JUN 2009,1175.0,women_200m,2009,https://worldathletics.org/athletes/athlete=14310239,toplist
24.0,22.63,,Yuliya GUSHCHINA,04 MAR 1983,RUS,1,,Sochi (RUS),30 MAY 2009,1172.0,women_200m,2009,https://worldathletics.org/athletes/athlete=14297898,toplist
25.0,22.64,0.5,Emily FREEMAN,24 NOV 1980,GBR,3sf1,,"Olympiastadion, Berlin (GER)",20 AUG 2009,1171.0,women_200m,2009,https://worldathletics.org/athletes/athlete=14275081,toplist
25.0,22.64,0.5,Eleni ARTYMATA,16 MAY 1986,CYP,4sf1,,"Olympiastadion, Berlin (GER)",20 AUG 2009,1171.0,women_200m,2009,https://worldathletics.org/athletes/athlete=14263333,toplist
27.0,22.73,-2.0,Debbie DUNN,26 MAR 1978,USA,3,,Rieti (ITA),06 SEP 2009,1174.0,women_200m,2009,https://worldathletics.org/athletes/athlete=14309386,toplist
28.0,22.74,1.1,Rose-Mary WHYTE,08 SEP 1986,JAM,1f1,,Salamanca (ESP),08 JUL 2009,1161.0,women_200m,2009,https://worldathletics.org/athletes/athlete=14285988,toplist
29.0,22.75,-0.6,Stephanie DURST,06 JAN 1982,USA,1f1,,"Stadion Juliska, Praha (CZE)",08 JUN 2009,1163.0,women_200m,2009,https://worldathletics.org/athletes/athlete=14309424,toplist
30.0,22.76,0.4,Laverne MONGER,30 NOV 1984,USA,1,,Ponce (PUR),16 MAY 2009,1159.0,women_200m,2009,https://worldathletics.org/athletes/united-states/laverne-monger-14317226,toplist
31.0,22.78,0.5,Murielle AHOURÉ,23 AUG 1987,CIV,4sf2,,"Fayetteville, AR (USA)",11 JUN 2009,1157.0,women_200m,2009,https://worldathletics.org/athletes/athlete=14304569,toplist
32.0,22.80,1.2,Samantha HENRY-ROBINSON,25 SEP 1988,JAM,1,,"Louisville, KY (USA)",30 MAY 2009,1155.0,women_200m,2009,https://worldathletics.org/athletes/athlete=14285727,toplist
32.0,22.80,0.0,Yelena BOLSUN,25 JUN 1982,RUS,2,,Cheboksary (RUS),26 JUL 2009,1155.0,women_200m,2009,https://worldathletics.org/athletes/athlete=14297427,toplist
34.0,22.82,,Lyudmila LITVINOVA,08 JUN 1985,RUS,2,,Sochi (RUS),30 MAY 2009,1153.0,women_200m,2009,https://worldathletics.org/athletes/athlete=14298462,toplist
34.0,22.82,0.0,Olga ZAYTSEVA,10 NOV 1984,RUS,3,,Cheboksary (RUS),26 JUL 2009,1153.0,women_200m,2009,https://worldathletics.org/athletes/athlete=14299866,toplist
36.0,22.83,-0.2,Aleen BAILEY,25 NOV 1980,JAM,2f2,,"Orlando, FL (USA)",13 JUN 2009,1153.0,women_200m,2009,https://worldathletics.org/athletes/athlete=14285532,toplist
37.0,22.84,1.1,Shareese WOODS,20 FEB 1985,USA,2f1,,Salamanca (ESP),08 JUL 2009,1151.0,women_200m,2009,https://worldathletics.org/athletes/athlete=14324669,toplist
38.0,22.85,0.3,Christine OHURUOGU,17 MAY 1984,GBR,2,,"FBK Stadium, Hengelo (NED)",01 JUN 2009,1150.0,women_200m,2009,https://worldathletics.org/athletes/athlete=14275963,toplist
38.0,22.85,1.9,Gloria ASUMNU,22 MAY 1985,USA,5sf1,,"Eugene, OR (USA)",28 JUN 2009,1150.0,women_200m,2009,https://worldathletics.org/athletes/athlete=14305055,toplist
40.0,22.87,-0.8,Rachelle BOONE-SMITH,30 JUN 1981,USA,4,,"Mangueirão, Belém (BRA)",24 MAY 2009,1152.0,women_200m,2009,https://worldathletics.org/athletes/athlete=14306134,toplist
41.0,22.89,1.1,Joanna ATKINS,31 JAN 1989,USA,3f2,,"Tempe, AZ (USA)",11 APR 2009,1146.0,women_200m,2009,https://worldathletics.org/athletes/athlete=14305059,toplist
42.0,22.90,0.5,Monique DELL,23 SEP 1985,NZL,3sf3,,"Olympiastadion, Berlin (GER)",20 AUG 2009,1145.0,women_200m,2009,https://worldathletics.org/athletes/athlete=14293209,toplist
43.0,22.91,1.0,Tiffany TOWNSEND,14 JUN 1989,USA,1sf1,,"Fayetteville, AR (USA)",11 JUN 2009,1144.0,women_200m,2009,https://worldathletics.org/athletes/athlete=14322941,toplist
44.0,22.93,1.8,Libania GRENOT,12 JUL 1983,ITA,1,,Rieti (ITA),17 MAY 2009,1142.0,women_200m,2009,https://worldathletics.org/athletes/athlete=14263547,toplist
44.0,22.93,1.9,Leslie COLE,16 FEB 1987,USA,6sf1,,"Eugene, OR (USA)",28 JUN 2009,1142.0,women_200m,2009,https://worldathletics.org/athletes/athlete=14307858,toplist
46.0,22.94,-1.9,Nataliya PYHYDA,30 JAN 1981,UKR,1h1,,Yalta (UKR),04 JUN 2009,1152.0,women_200m,2009,https://worldathletics.org/athletes/athlete=14304022,toplist
46.0,22.94,0.6,Chalonda GOODMAN,29 SEP 1990,USA,1,,"Greensboro, NC (USA)",20 JUN 2009,1141.0,women_200m,2009,https://worldathletics.org/athletes/athlete=14311151,toplist
48.0,22.95,0.2,Nickeisha ANDERSON,15 MAR 1985,JAM,1h1,,"Lubbock, TX (USA)",16 MAY 2009,1140.0,women_200m,2009,https://worldathletics.org/athletes/athlete=14285530,toplist
48.0,22.95,1.2,Semoy HACKETT,27 NOV 1988,TTO,1,,"San Angelo, TX (USA)",23 MAY 2009,1140.0,women_200m,2009,https://worldathletics.org/athletes/athlete=14303004,toplist
50.0,22.97,-1.4,Aleksandra FEDORIVA-SPAYER,13 SEP 1988,RUS,1,,"S. Darius & S. Girėnas Stadium, Kaunas (LTU)",18 JUL 2009,1146.0,women_200m,2009,https://worldathletics.org/athletes/athlete=14297674,toplist
51.0,22.99,0.0,Yelizaveta BRYZGINA,28 NOV 1989,UKR,2,,Yalta (UKR),04 JUN 2009,1136.0,women_200m,2009,https://worldathletics.org/athletes/athlete=14303484,toplist
51.0,22.99,0.0,Natalya RUSAKOVA,12 DEC 1979,RUS,4,,Cheboksary (RUS),26 JUL 2009,1136.0,women_200m,2009,https://worldathletics.org/athletes/athlete=14298302,toplist
53.0,23.00,-1.5,Yekaterina YEFIMOVA,28 JUN 1989,RUS,1,,Kazan (RUS),17 JUN 2009,1144.0,women_200m,2009,https://worldathletics.org/athletes/athlete=14297657,toplist
53.0,23.00,1.7,Chisato FUKUSHIMA,27 JUN 1988,JPN,1,,Hiroshima (JPN),26 JUN 2009,1135.0,women_200m,2009,https://worldathletics.org/athletes/athlete=14286217,toplist
55.0,23.01,1.6,Carol RODRÍGUEZ,16 DEC 1985,PUR,3f1,,"Walnut, CA (USA)",06 JUN 2009,1134.0,women_200m,2009,https://worldathletics.org/athletes/athlete=14295349,toplist
55.0,23.01,-0.6,Sheri-Ann BROOKS,11 FEB 1983,JAM,3f1,,"Stadion Juliska, Praha (CZE)",08 JUN 2009,1137.0,women_200m,2009,https://worldathletics.org/athletes/athlete=14285566,toplist
57.0,23.02,-0.4,Sally MCLELLAN,19 SEP 1986,AUS,1,,Gold Coast (AUS),14 JUN 2009,1134.0,women_200m,2009,https://worldathletics.org/athletes/athlete=14271668,toplist
58.0,23.03,0.5,Johanna DANOIS,04 APR 1987,FRA,5sf1,,"Olympiastadion, Berlin (GER)",20 AUG 2009,1131.0,women_200m,2009,https://worldathletics.org/athletes/athlete=14257906,toplist
59.0,23.05,1.1,Christine AMERTIL,18 AUG 1979,BAH,3f1,,Salamanca (ESP),08 JUL 2009,1129.0,women_200m,2009,https://worldathletics.org/athletes/athlete=14270669,toplist
60.0,23.06,,Natasha HASTINGS,23 JUL 1986,USA,1,,"San Diego, CA (USA)",14 JUN 2009,1128.0,women_200m,2009,https://worldathletics.org/athletes/athlete=14312172,toplist
61.0,23.07,-1.4,Ewelina PTAK,20 MAR 1987,POL,2,,"S. Darius & S. Girėnas Stadium, Kaunas (LTU)",18 JUL 2009,1135.0,women_200m,2009,https://worldathletics.org/athletes/athlete=14293871,toplist
62.0,23.08,0.9,Jodie WILLIAMS,28 SEP 1993,GBR,1,,"Bressanone, Trentino-Alto Adige (ITA)",12 JUL 2009,1126.0,women_200m,2009,https://worldathletics.org/athletes/athlete=14276757,toplist
62.0,23.08,0.9,Allison PETER,14 JUL 1992,ISV,2,,"Bressanone, Trentino-Alto Adige (ITA)",12 JUL 2009,1126.0,women_200m,2009,https://worldathletics.org/athletes/athlete=14283608,toplist
64.0,23.09,1.6,Amber PURVIS,23 JAN 1990,USA,1,,"Eugene, OR (USA)",04 APR 2009,1125.0,women_200m,2009,https://worldathletics.org/athletes/athlete=14319382,toplist
64.0,23.09,-0.8,Kaltouma NADJINA,16 NOV 1976,CHA,1,,Beirut (LBN),05 OCT 2009,1129.0,women_200m,2009,https://worldathletics.org/athletes/athlete=14266890,toplist
66.0,23.11,0.1,Isabel LE ROUX,23 JAN 1987,RSA,1f1,,Germiston (RSA),06 MAR 2009,1123.0,women_200m,2009,https://worldathletics.org/athletes/athlete=14296528,toplist
66.0,23.11,0.0,Roxana DÍAZ,17 MAY 1981,CUB,1f1,,Camagüey (CUB),15 MAR 2009,1123.0,women_200m,2009,https://worldathletics.org/athletes/athlete=14263600,toplist
66.0,23.11,1.0,Scottesha MILLER,14 JAN 1988,USA,3sf1,,"Fayetteville, AR (USA)",11 JUN 2009,1123.0,women_200m,2009,https://worldathletics.org/athletes/athlete=14317043,toplist
69.0,23.14,1.7,Lina JACQUES-SÉBASTIEN,10 APR 1985,FRA,2,,Angers (FRA),24 JUL 2009,1120.0,women_200m,2009,https://worldathletics.org/athletes/athlete=14257046,toplist
69.0,23.14,0.0,Norma GONZÁLEZ,11 AUG 1982,COL,1,,Bogotá (COL),24 JUL 2009,1120.0,women_200m,2009,https://worldathletics.org/athletes/athlete=14264003,toplist
71.0,23.15,0.0,Jessica BEARD,08 JAN 1989,USA,1f4,,"Tempe, AZ (USA)",28 MAR 2009,1119.0,women_200m,2009,https://worldathletics.org/athletes/athlete=14305526,toplist
71.0,23.15,1.5,Momoko TAKAHASHI,16 NOV 1988,JPN,2,,Shizuoka (JPN),03 MAY 2009,1119.0,women_200m,2009,https://worldathletics.org/athletes/athlete=14288023,toplist
71.0,23.15,0.9,Ashton PURVIS,12 JUL 1992,USA,3,,"Bressanone, Trentino-Alto Adige (ITA)",12 JUL 2009,1119.0,women_200m,2009,https://worldathletics.org/athletes/athlete=14319383,toplist
71.0,23.15,1.1,Marika POPOWICZ-DRAPAŁA,28 APR 1988,POL,1sf2,,"S. Darius & S. Girėnas Stadium, Kaunas (LTU)",18 JUL 2009,1119.0,women_200m,2009,https://worldathletics.org/athletes/athlete=14294295,toplist
71.0,23.15,1.1,Alena KIYEVICH,06 OCT 1987,BLR,2sf2,,"S. Darius & S. Girėnas Stadium, Kaunas (LTU)",18 JUL 2009,1119.0,women_200m,2009,https://worldathletics.org/athletes/athlete=14374824,toplist
71.0,23.15,0.2,Olivia BORLÉE,10 APR 1986,BEL,1,,Oordegem (BEL),02 AUG 2009,1119.0,women_200m,2009,https://worldathletics.org/athletes/athlete=14270487,toplist
71.0,23.15,-0.8,Kimberly HYACINTHE,28 MAR 1989,CAN,2,,Beirut (LBN),05 OCT 2009,1123.0,women_200m,2009,https://worldathletics.org/athletes/athlete=14267823,toplist
78.0,23.16,0.9,Jessica YOUNG-WARREN,06 APR 1987,USA,1h3,,"Norman, OK (USA)",29 MAY 2009,1118.0,women_200m,2009,https://worldathletics.org/athletes/athlete=14324854,toplist
78.0,23.16,0.4,Adrienne POWER,11 DEC 1981,CAN,1,,Cuxhaven (GER),22 JUL 2009,1118.0,women_200m,2009,https://worldathletics.org/athletes/athlete=14267353,toplist
80.0,23.17,1.7,Ashlee KIDD,26 JUL 1985,USA,1,,Santo Domingo (DOM),10 MAY 2009,1117.0,women_200m,2009,https://worldathletics.org/athletes/athlete=14314376,toplist
80.0,23.17,1.7,Amy Mbacké THIAM,10 NOV 1976,SEN,3,,Angers (FRA),24 JUL 2009,1117.0,women_200m,2009,https://worldathletics.org/athletes/athlete=14300015,toplist
80.0,23.17,-1.0,Natalya ANTYUKH,26 JUN 1981,RUS,2sf1,,Cheboksary (RUS),25 JUL 2009,1123.0,women_200m,2009,https://worldathletics.org/athletes/athlete=14297264,toplist
83.0,23.19,0.5,Virgil HODGE,17 NOV 1983,SKN,5sf3,,"Olympiastadion, Berlin (GER)",20 AUG 2009,1115.0,women_200m,2009,https://worldathletics.org/athletes/athlete=14300050,toplist
83.0,23.19,0.1,Darlenys OBREGÓN,21 FEB 1986,COL,1,,Sucre (BOL),25 NOV 2009,1115.0,women_200m,2009,https://worldathletics.org/athletes/athlete=14263958,toplist
85.0,23.20,1.5,Jura Lanconia LEVY,04 NOV 1990,JAM,1,,Vieux-Fort (LCA),13 APR 2009,1114.0,women_200m,2009,https://worldathletics.org/athletes/athlete=14285765,toplist
85.0,23.20,,Yelizaveta DEMIROVA,14 AUG 1987,RUS,4,,Sochi (RUS),30 MAY 2009,1114.0,women_200m,2009,https://worldathletics.org/athletes/athlete=14299187,toplist
85.0,23.20,0.6,Octavious FREEMAN,20 APR 1992,USA,2,,"Greensboro, NC (USA)",20 JUN 2009,1114.0,women_200m,2009,https://worldathletics.org/athletes/athlete=14335310,toplist
85.0,23.20,0.4,Helen PRYER,21 JAN 1979,GBR,2,,Cuxhaven (GER),22 JUL 2009,1114.0,women_200m,2009,https://worldathletics.org/athletes/athlete=14276120,toplist
89.0,23.21,0.9,Anastasia Natalie LE-ROY,11 SEP 1987,JAM,4f1,,Rethymno (GRE),20 JUL 2009,1113.0,women_200m,2009,https://worldathletics.org/athletes/athlete=14285764,toplist
90.0,23.22,1.2,Cache ARMBRISTER,26 SEP 1989,BAH,2,,"Louisville, KY (USA)",30 MAY 2009,1112.0,women_200m,2009,https://worldathletics.org/athletes/athlete=14304985,toplist
90.0,23.22,0.3,Joice MADUAKA,30 SEP 1973,GBR,3,,"FBK Stadium, Hengelo (NED)",01 JUN 2009,1112.0,women_200m,2009,https://worldathletics.org/athletes/athlete=14275664,toplist
90.0,23.22,1.0,Jade BAILEY,10 JUN 1983,BAR,1f1,,Metz (FRA),03 JUL 2009,1112.0,women_200m,2009,https://worldathletics.org/athletes/athlete=14270592,toplist
90.0,23.22,0.0,Anna GEFLIKH,01 FEB 1983,RUS,6,,Cheboksary (RUS),26 JUL 2009,1112.0,women_200m,2009,https://worldathletics.org/athletes/athlete=14297775,toplist
94.0,23.23,,Gabrielle MAYO,26 JAN 1989,USA,3f1,,"College Station, TX (USA) (i)",13 MAR 2009,1155.0,women_200m,2009,https://worldathletics.org/athletes/athlete=14316298,toplist
94.0,23.23,,Allison GEORGE,03 JAN 1988,GRN,1h1,,"College Station, TX (USA) (i)",13 MAR 2009,1155.0,women_200m,2009,https://worldathletics.org/athletes/athlete=14281035,toplist
94.0,23.23,-2.7,Francena MCCORORY,20 OCT 1988,USA,1,,"Greensboro, NC (USA)",02 MAY 2009,1127.0,women_200m,2009,https://worldathletics.org/athletes/athlete=14316439,toplist
97.0,23.24,0.8,Evelyn Carolina de Oliveira DOS SANTOS,11 APR 1985,BRA,3,,Rio de Janeiro (BRA),17 MAY 2009,1110.0,women_200m,2009,https://worldathletics.org/athletes/athlete=14269113,toplist
97.0,23.24,1.2,Solen DESERT,02 AUG 1982,FRA,1,,Cesson-Sévigné (FRA),13 JUN 2009,1110.0,women_200m,2009,https://worldathletics.org/athletes/athlete=14257800,toplist
97.0,23.24,1.3,Vida ANIM,07 DEC 1983,GHA,2,,"Wattenscheid, Bochum (GER)",02 AUG 2009,1110.0,women_200m,2009,https://worldathletics.org/athletes/athlete=14280442,toplist
100.0,23.25,0.8,Iryna SHTANHYEYEVA,08 FEB 1982,UKR,2f1,,Kalamata (GRE),30 MAY 2009,1109.0,women_200m,2009,https://worldathletics.org/athletes/athlete=14304182,toplist
1.0,21.98,1.4,Veronica CAMPBELL-BROWN,15 MAY 1982,JAM,1,,"Icahn Stadium, New York, NY (USA)",12 JUN 2010,1240.0,women_200m,2010,https://worldathletics.org/athletes/athlete=14285598,toplist
2.0,22.03,1.4,Allyson FELIX,18 NOV 1985,USA,2,,"Icahn Stadium, New York, NY (USA)",12 JUN 2010,1234.0,women_200m,2010,https://worldathletics.org/athletes/athlete=14309983,toplist
3.0,22.32,0.1,Myriam SOUMARÉ,29 OCT 1986,FRA,1,,"Estadio Olímpico, Barcelona (ESP)",31 JUL 2010,1204.0,women_200m,2010,https://worldathletics.org/athletes/athlete=14273961,toplist
4.0,22.40,0.6,Consuella MOORE,29 AUG 1981,USA,1,,"Drake Stadium, Des Moines, IA (USA)",27 JUN 2010,1196.0,women_200m,2010,https://worldathletics.org/athletes/athlete=14317293,toplist
5.0,22.41,1.2,Aleksandra FEDORIVA-SPAYER,13 SEP 1988,RUS,1,,Saransk (RUS),15 JUL 2010,1195.0,women_200m,2010,https://worldathletics.org/athletes/athlete=14297674,toplist
6.0,22.44,0.1,Yelizaveta BRYZGINA,28 NOV 1989,UKR,2,,"Estadio Olímpico, Barcelona (ESP)",31 JUL 2010,1192.0,women_200m,2010,https://worldathletics.org/athletes/athlete=14303484,toplist
7.0,22.46,1.1,LaShauntea MOORE,31 JUL 1983,USA,1,,Baie Mahault (FRA),01 MAY 2010,1190.0,women_200m,2010,https://worldathletics.org/athletes/athlete=14317320,toplist
8.0,22.47,0.6,Shalonda SOLOMON,19 DEC 1985,USA,2,,"Drake Stadium, Des Moines, IA (USA)",27 JUN 2010,1189.0,women_200m,2010,https://worldathletics.org/athletes/athlete=14321706,toplist
9.0,22.49,1.1,Porscha LUCAS,18 JUN 1988,USA,1h1,,"Eugene, OR (USA)",10 JUN 2010,1187.0,women_200m,2010,https://worldathletics.org/athletes/athlete=14315666,toplist
10.0,22.54,1.0,Carmelita JETER,24 NOV 1979,USA,1,,"Bislett Stadion, Oslo (NOR)",04 JUN 2010,1181.0,women_200m,2010,https://worldathletics.org/athletes/athlete=14313618,toplist
10.0,22.54,2.0,Anneisha MCLAUGHLIN-WHILBY,06 JAN 1986,JAM,1,,Haldensleben (GER),22 AUG 2010,1181.0,women_200m,2010,https://worldathletics.org/athletes/athlete=14285805,toplist
12.0,22.57,0.0,Kerron STEWART,16 APR 1984,JAM,1f1,,"Auburn, AL (USA)",17 APR 2010,1178.0,women_200m,2010,https://worldathletics.org/athletes/athlete=14285938,toplist
13.0,22.59,1.4,Bianca KNIGHT,02 JAN 1989,USA,3,,"Icahn Stadium, New York, NY (USA)",12 JUN 2010,1176.0,women_200m,2010,https://worldathletics.org/athletes/athlete=14314587,toplist
13.0,22.59,0.1,Lina JACQUES-SÉBASTIEN,10 APR 1985,FRA,4,,"Estadio Olímpico, Barcelona (ESP)",31 JUL 2010,1176.0,women_200m,2010,https://worldathletics.org/athletes/athlete=14257046,toplist
15.0,22.61,0.1,Eleni ARTYMATA,16 MAY 1986,CYP,5,,"Estadio Olímpico, Barcelona (ESP)",31 JUL 2010,1174.0,women_200m,2010,https://worldathletics.org/athletes/athlete=14263333,toplist
16.0,22.62,0.0,Debbie FERGUSON-MCKENZIE,16 JAN 1976,BAH,3,,"Stade de France, Paris-St-Denis (FRA)",16 JUL 2010,1173.0,women_200m,2010,https://worldathletics.org/athletes/athlete=14270639,toplist
17.0,22.65,0.7,Jeneba TARMOH,27 SEP 1989,USA,1,,"Columbia, MO (USA)",16 MAY 2010,1170.0,women_200m,2010,https://worldathletics.org/athletes/athlete=14322457,toplist
17.0,22.65,0.0,Sherone SIMPSON,12 AUG 1984,JAM,4,,"Stade de France, Paris-St-Denis (FRA)",16 JUL 2010,1170.0,women_200m,2010,https://worldathletics.org/athletes/athlete=14285909,toplist
19.0,22.69,1.1,Cydonie MOTHERSILL,19 MAR 1978,CAY,1h2,,Mayagüez (PUR),27 JUL 2010,1166.0,women_200m,2010,https://worldathletics.org/athletes/athlete=14266914,toplist
20.0,22.71,0.2,Nivea SMITH,18 FEB 1990,BAH,1,,Nassau (BAH),26 JUN 2010,1164.0,women_200m,2010,https://worldathletics.org/athletes/athlete=14270617,toplist
20.0,22.71,-0.1,Blessing OKAGBARE,09 OCT 1988,NGR,1,,Lignano Sabbiadoro (ITA),18 JUL 2010,1164.0,women_200m,2010,https://worldathletics.org/athletes/athlete=14292330,toplist
20.0,22.71,2.0,Shareese WOODS,20 FEB 1985,USA,2,,Haldensleben (GER),22 AUG 2010,1164.0,women_200m,2010,https://worldathletics.org/athletes/athlete=14324669,toplist
23.0,22.72,-0.3,Sheri-Ann BROOKS,11 FEB 1983,JAM,1,,Rio de Janeiro (BRA),23 MAY 2010,1164.0,women_200m,2010,https://worldathletics.org/athletes/athlete=14285566,toplist
24.0,22.74,0.6,Amber PURVIS,23 JAN 1990,USA,4,,"Drake Stadium, Des Moines, IA (USA)",27 JUN 2010,1161.0,women_200m,2010,https://worldathletics.org/athletes/athlete=14319382,toplist
25.0,22.75,-0.5,Semoy HACKETT,27 NOV 1988,TTO,1,,"Charlotte, NC (USA)",29 MAY 2010,1163.0,women_200m,2010,https://worldathletics.org/athletes/athlete=14303004,toplist
26.0,22.78,0.0,Kelly-Ann BAPTISTE,14 OCT 1986,TTO,5,,"Stade de France, Paris-St-Denis (FRA)",16 JUL 2010,1157.0,women_200m,2010,https://worldathletics.org/athletes/athlete=14302975,toplist
27.0,22.79,2.0,Jodie WILLIAMS,28 SEP 1993,GBR,1,,Loughborough (GBR),22 MAY 2010,1156.0,women_200m,2010,https://worldathletics.org/athletes/athlete=14276757,toplist
27.0,22.79,1.2,Yekaterina VYSOTSKAYA,10 AUG 1987,RUS,2,,Saransk (RUS),15 JUL 2010,1156.0,women_200m,2010,https://worldathletics.org/athletes/athlete=14299761,toplist
29.0,22.80,1.8,Aymeé MARTÍNEZ,17 NOV 1988,CUB,1,,La Habana (CUB),11 JUN 2010,1155.0,women_200m,2010,https://worldathletics.org/athletes/athlete=14263494,toplist
29.0,22.80,1.8,Yuliya GUSHCHINA,04 MAR 1983,RUS,2,,Moskva (RUS),29 JUN 2010,1155.0,women_200m,2010,https://worldathletics.org/athletes/athlete=14297898,toplist
31.0,22.81,-1.4,Rose-Mary WHYTE,08 SEP 1986,JAM,2,,"International Stadium, Gateshead (GBR)",10 JUL 2010,1162.0,women_200m,2010,https://worldathletics.org/athletes/athlete=14285988,toplist
32.0,22.83,0.6,Alexandria ANDERSON,28 JAN 1987,USA,5,,"Drake Stadium, Des Moines, IA (USA)",27 JUN 2010,1152.0,women_200m,2010,https://worldathletics.org/athletes/athlete=14304791,toplist
33.0,22.84,1.6,Candyce MCGRONE,24 MAR 1989,USA,1f1,,"Greensboro, NC (USA)",29 MAY 2010,1151.0,women_200m,2010,https://worldathletics.org/athletes/athlete=14316585,toplist
33.0,22.84,0.6,Me'Lisa BARBER,04 OCT 1980,USA,6,,"Drake Stadium, Des Moines, IA (USA)",27 JUN 2010,1151.0,women_200m,2010,https://worldathletics.org/athletes/athlete=14305304,toplist
35.0,22.86,-0.2,Debbie DUNN,26 MAR 1978,USA,1,,Ponce (PUR),08 MAY 2010,1150.0,women_200m,2010,https://worldathletics.org/athletes/athlete=14309386,toplist
36.0,22.87,1.6,Sheniqua FERGUSON,24 NOV 1989,BAH,1f3,,"Greensboro, NC (USA)",29 MAY 2010,1148.0,women_200m,2010,https://worldathletics.org/athletes/athlete=14270638,toplist
37.0,22.89,-0.2,Chisato FUKUSHIMA,27 JUN 1988,JPN,1,,Shizuoka (JPN),03 MAY 2010,1147.0,women_200m,2010,https://worldathletics.org/athletes/athlete=14286217,toplist
38.0,22.90,-0.2,Marshevet HOOKER,25 SEP 1984,USA,5,,Kingston (JAM),01 MAY 2010,1146.0,women_200m,2010,https://worldathletics.org/athletes/athlete=14312862,toplist
38.0,22.90,1.8,Ashton PURVIS,12 JUL 1992,USA,1,,"Clovis, CA (USA)",05 JUN 2010,1145.0,women_200m,2010,https://worldathletics.org/athletes/athlete=14319383,toplist
38.0,22.90,0.6,Tiffany TOWNSEND,14 JUN 1989,USA,7,,"Drake Stadium, Des Moines, IA (USA)",27 JUN 2010,1145.0,women_200m,2010,https://worldathletics.org/athletes/athlete=14322941,toplist
38.0,22.90,1.8,Simone FACEY,07 MAY 1985,JAM,1f1,,Donnas (ITA),10 JUL 2010,1145.0,women_200m,2010,https://worldathletics.org/athletes/athlete=14285672,toplist
42.0,22.91,1.8,Kseniya RYZHOVA,19 APR 1987,RUS,4,,Moskva (RUS),29 JUN 2010,1144.0,women_200m,2010,https://worldathletics.org/athletes/athlete=14299689,toplist
43.0,22.92,0.3,Francena MCCORORY,20 OCT 1988,USA,1f1,,"Gainesville, FL (USA)",02 APR 2010,1143.0,women_200m,2010,https://worldathletics.org/athletes/athlete=14316439,toplist
43.0,22.92,0.4,Ebonie FLOYD,21 OCT 1983,USA,1,,Sollentuna (SWE),01 JUL 2010,1143.0,women_200m,2010,https://worldathletics.org/athletes/athlete=14310239,toplist
45.0,22.97,-0.1,Charonda WILLIAMS,27 MAR 1987,USA,1f2,,"Tempe, AZ (USA)",10 APR 2010,1138.0,women_200m,2010,https://worldathletics.org/athletes/athlete=14324253,toplist
45.0,22.97,1.4,Natasha HASTINGS,23 JUL 1986,USA,1f1,,"Greensboro, NC (USA)",17 APR 2010,1138.0,women_200m,2010,https://worldathletics.org/athletes/athlete=14312172,toplist
45.0,22.97,1.1,Roxana DÍAZ,17 MAY 1981,CUB,3,,Baie Mahault (FRA),01 MAY 2010,1138.0,women_200m,2010,https://worldathletics.org/athletes/athlete=14263600,toplist
48.0,22.98,,Shavon GREAVES,20 DEC 1988,USA,1f1,,"University Park, PA (USA) (i)",28 FEB 2010,1179.0,women_200m,2010,https://worldathletics.org/athletes/athlete=14311336,toplist
49.0,22.99,-0.6,Samantha HENRY-ROBINSON,25 SEP 1988,JAM,1h4,,"Greensboro, NC (USA)",28 MAY 2010,1139.0,women_200m,2010,https://worldathletics.org/athletes/athlete=14285727,toplist
49.0,22.99,-0.5,Stormy KENDRICK,06 JAN 1991,USA,1,,"Croix-Bleue Medavie Stadium, Moncton (CAN)",23 JUL 2010,1139.0,women_200m,2010,https://worldathletics.org/athletes/athlete=14314295,toplist
51.0,23.00,0.2,Christine AMERTIL,18 AUG 1979,BAH,2,,Nassau (BAH),26 JUN 2010,1135.0,women_200m,2010,https://worldathletics.org/athletes/athlete=14270669,toplist
52.0,23.03,-0.7,Natalya ANTYUKH,26 JUN 1981,RUS,1,,Sochi (RUS),28 MAY 2010,1135.0,women_200m,2010,https://worldathletics.org/athletes/athlete=14297264,toplist
52.0,23.03,0.4,Denisa ROSOLOVÁ,21 AUG 1986,CZE,1f2,,"Puskás Ferenc Stadion, Budapest (HUN)",20 JUN 2010,1131.0,women_200m,2010,https://worldathletics.org/athletes/athlete=14262688,toplist
54.0,23.04,1.2,Stephenie Ann MCPHERSON,25 NOV 1988,JAM,1f1,,Kingston (JAM),05 JUN 2010,1130.0,women_200m,2010,https://worldathletics.org/athletes/athlete=14285809,toplist
55.0,23.05,1.6,Jessica BEARD,08 JAN 1989,USA,2h3,,"Columbia, MO (USA)",15 MAY 2010,1129.0,women_200m,2010,https://worldathletics.org/athletes/athlete=14305526,toplist
55.0,23.05,-0.7,Amantle MONTSHO,04 JUL 1983,BOT,1,,Brazzaville (CGO),30 MAY 2010,1133.0,women_200m,2010,https://worldathletics.org/athletes/athlete=14269474,toplist
57.0,23.07,-0.3,Ana Claudia LEMOS,06 NOV 1988,BRA,3,,Rio de Janeiro (BRA),23 MAY 2010,1128.0,women_200m,2010,https://worldathletics.org/athletes/athlete=14269001,toplist
57.0,23.07,-1.0,Peta-Gaye DOWDIE,18 JAN 1977,JAM,1,,"Clermont, FL (USA)",12 JUN 2010,1133.0,women_200m,2010,https://worldathletics.org/athletes/athlete=14285657,toplist
59.0,23.08,-0.2,Erika RIVERA,11 NOV 1986,PUR,4,,Ponce (PUR),08 MAY 2010,1127.0,women_200m,2010,https://worldathletics.org/athletes/athlete=14295341,toplist
59.0,23.08,-0.8,Kimberlyn DUNCAN,02 AUG 1991,USA,1h1,,"Greensboro, NC (USA)",28 MAY 2010,1130.0,women_200m,2010,https://worldathletics.org/athletes/athlete=14309365,toplist
59.0,23.08,1.6,Teona RODGERS,26 JUN 1989,USA,2f1,,"Greensboro, NC (USA)",29 MAY 2010,1126.0,women_200m,2010,https://worldathletics.org/athletes/athlete=14320122,toplist
62.0,23.09,1.1,Carol RODRÍGUEZ,16 DEC 1985,PUR,6,,Baie Mahault (FRA),01 MAY 2010,1125.0,women_200m,2010,https://worldathletics.org/athletes/athlete=14295349,toplist
63.0,23.10,0.7,Esther CREMER,29 MAR 1988,GER,1f1,,Regensburg (GER),15 AUG 2010,1124.0,women_200m,2010,https://worldathletics.org/athletes/athlete=14277297,toplist
63.0,23.10,2.0,Mikele BARBER,04 OCT 1980,USA,3,,Haldensleben (GER),22 AUG 2010,1124.0,women_200m,2010,https://worldathletics.org/athletes/athlete=14305305,toplist
65.0,23.11,-0.2,Adrienne POWER,11 DEC 1981,CAN,1,,Calgary (CAN),20 JUN 2010,1124.0,women_200m,2010,https://worldathletics.org/athletes/athlete=14267353,toplist
65.0,23.11,0.7,Anastasia Natalie LE-ROY,11 SEP 1987,JAM,3f1,,Rethymno (GRE),07 JUL 2010,1123.0,women_200m,2010,https://worldathletics.org/athletes/athlete=14285764,toplist
67.0,23.12,1.4,Véronique MANG,15 DEC 1984,FRA,1,,La Roche-sur-Yon (FRA),22 JUL 2010,1122.0,women_200m,2010,https://worldathletics.org/athletes/athlete=14272993,toplist
68.0,23.13,1.0,Schillonie CALVERT-POWELL,27 JUL 1988,JAM,1f2,,"Stadion Juliska, Praha (CZE)",14 JUN 2010,1121.0,women_200m,2010,https://worldathletics.org/athletes/athlete=14285586,toplist
69.0,23.14,,Scottesha MILLER,14 JAN 1988,USA,1h1,,"Fayetteville, AR (USA) (i)",12 MAR 2010,1164.0,women_200m,2010,https://worldathletics.org/athletes/athlete=14317043,toplist
70.0,23.15,,Yuliya KATSURA,28 MAY 1983,RUS,1,,Moskva (RUS) (i),27 FEB 2010,1163.0,women_200m,2010,https://worldathletics.org/athletes/athlete=14298051,toplist
70.0,23.15,1.4,Natalie KNIGHT,24 OCT 1986,USA,1f2,,Kortrijk (BEL),11 JUL 2010,1119.0,women_200m,2010,https://worldathletics.org/athletes/athlete=14314594,toplist
72.0,23.16,0.6,Christie JONES,15 OCT 1988,USA,2f3,,"Austin, TX (USA)",29 MAY 2010,1118.0,women_200m,2010,https://worldathletics.org/athletes/athlete=14313885,toplist
72.0,23.16,1.4,Ashlee KIDD,26 JUL 1985,USA,5,,"Icahn Stadium, New York, NY (USA)",12 JUN 2010,1118.0,women_200m,2010,https://worldathletics.org/athletes/athlete=14314376,toplist
72.0,23.16,0.3,Mariya RYEMYEN,02 AUG 1987,UKR,1f1,,Donetsk (UKR),03 JUL 2010,1118.0,women_200m,2010,https://worldathletics.org/athletes/athlete=14304082,toplist
75.0,23.17,-0.2,Momoko TAKAHASHI,16 NOV 1988,JPN,2,,Shizuoka (JPN),03 MAY 2010,1118.0,women_200m,2010,https://worldathletics.org/athletes/athlete=14288023,toplist
75.0,23.17,1.4,Monica HARGROVE,30 DEC 1982,USA,2f2,,Kortrijk (BEL),11 JUL 2010,1117.0,women_200m,2010,https://worldathletics.org/athletes/athlete=14311954,toplist
77.0,23.18,0.8,Olivia BORLÉE,10 APR 1986,BEL,1,,Bruxelles (BEL),18 JUL 2010,1116.0,women_200m,2010,https://worldathletics.org/athletes/athlete=14270487,toplist
78.0,23.19,1.3,Sally MCLELLAN,19 SEP 1986,AUS,1,,Sydney (AUS),27 FEB 2010,1115.0,women_200m,2010,https://worldathletics.org/athletes/athlete=14271668,toplist
79.0,23.21,0.6,Kristine SCOTT,22 DEC 1987,USA,1f2,,"Atlanta, GA (USA)",15 MAY 2010,1113.0,women_200m,2010,https://worldathletics.org/athletes/athlete=14320926,toplist
79.0,23.21,-0.4,Weronika WEDLER,17 JUL 1989,POL,4,,Bydgoszcz (POL),06 JUN 2010,1115.0,women_200m,2010,https://worldathletics.org/athletes/athlete=14294618,toplist
79.0,23.21,1.3,Jamile SAMUEL,24 APR 1992,NED,2sf1,,"Croix-Bleue Medavie Stadium, Moncton (CAN)",22 JUL 2010,1113.0,women_200m,2010,https://worldathletics.org/athletes/athlete=14291975,toplist
79.0,23.21,-0.2,Emily FREEMAN,24 NOV 1980,GBR,4sf1,,"Estadio Olímpico, Barcelona (ESP)",30 JUL 2010,1114.0,women_200m,2010,https://worldathletics.org/athletes/athlete=14275081,toplist
79.0,23.21,-0.3,Jessica ENNIS-HILL,28 JAN 1986,GBR,1ce3,,"Estadio Olímpico, Barcelona (ESP)",30 JUL 2010,1114.0,women_200m,2010,https://worldathletics.org/athletes/athlete=14274988,toplist
84.0,23.22,1.7,Gabrielle MAYO,26 JAN 1989,USA,3f1,,"Austin, TX (USA)",01 MAY 2010,1112.0,women_200m,2010,https://worldathletics.org/athletes/athlete=14316298,toplist
84.0,23.22,-0.5,Leslie COLE,16 FEB 1987,USA,4f1,,"Atlanta, GA (USA)",15 MAY 2010,1115.0,women_200m,2010,https://worldathletics.org/athletes/athlete=14307858,toplist
86.0,23.23,-2.1,Janelle REDHEAD,27 DEC 1989,GRN,1f1,,"Albuquerque, NM (USA)",01 MAY 2010,1123.0,women_200m,2010,https://worldathletics.org/athletes/athlete=14281044,toplist
86.0,23.23,-0.5,Barbara PIERRE,28 APR 1987,USA,2,,"Charlotte, NC (USA)",29 MAY 2010,1114.0,women_200m,2010,https://worldathletics.org/athletes/athlete=14318999,toplist
86.0,23.23,-0.9,Yulia RAKHMANOVA,25 OCT 1991,KAZ,1,,Tashkent (UZB),04 JUN 2010,1116.0,women_200m,2010,https://worldathletics.org/athletes/athlete=14427003,toplist
89.0,23.24,1.2,Esther AKINSULIE,22 APR 1984,CAN,1f1,,"Baton Rouge, LA (USA)",17 APR 2010,1110.0,women_200m,2010,https://worldathletics.org/athletes/athlete=14268465,toplist
89.0,23.24,1.2,Kenyanna WILSON,27 OCT 1988,USA,1f1,,"Baton Rouge, LA (USA)",17 APR 2010,1110.0,women_200m,2010,https://worldathletics.org/athletes/athlete=14324461,toplist
89.0,23.24,1.0,Dominique DUNCAN,07 MAY 1990,USA,2f2,,"Austin, TX (USA)",29 MAY 2010,1110.0,women_200m,2010,https://worldathletics.org/athletes/athlete=14309360,toplist
89.0,23.24,0.6,Terra EVANS,07 OCT 1989,USA,3f3,,"Austin, TX (USA)",29 MAY 2010,1110.0,women_200m,2010,https://worldathletics.org/athletes/athlete=14309825,toplist
89.0,23.24,-1.0,Octavious FREEMAN,20 APR 1992,USA,1,,"Greensboro, NC (USA)",18 JUN 2010,1116.0,women_200m,2010,https://worldathletics.org/athletes/athlete=14335310,toplist
89.0,23.24,0.2,Yelizaveta DEMIROVA,14 AUG 1987,RUS,1f1,,"Meteor, Zhukovskiy (RUS)",26 JUN 2010,1110.0,women_200m,2010,https://worldathletics.org/athletes/athlete=14299187,toplist
89.0,23.24,0.9,Nelly BANCO,17 FEB 1986,FRA,3,,Valence (FRA),10 JUL 2010,1110.0,women_200m,2010,https://worldathletics.org/athletes/athlete=14258660,toplist
96.0,23.25,1.5,Shericka WILLIAMS,17 SEP 1985,JAM,1,,Kingston (JAM),20 FEB 2010,1109.0,women_200m,2010,https://worldathletics.org/athletes/athlete=14286003,toplist
96.0,23.25,1.3,Novlene WILLIAMS-MILLS,26 APR 1982,JAM,3f1,,Velletri (ITA),17 JUL 2010,1109.0,women_200m,2010,https://worldathletics.org/athletes/athlete=14286000,toplist
98.0,23.26,0.1,Tahesia HARRIGAN-SCOTT,15 FEB 1982,IVB,2,,Belém (BRA),19 MAY 2010,1108.0,women_200m,2010,https://worldathletics.org/athletes/athlete=14285518,toplist
98.0,23.26,0.8,Abiodun OYEPITAN,30 DEC 1979,GBR,2,,New Delhi (IND),11 OCT 2010,1108.0,women_200m,2010,https://worldathletics.org/athletes/athlete=14275991,toplist
100.0,23.27,-0.6,Tianna MADISON,30 AUG 1985,USA,1f2,,Sundsvall (SWE),08 AUG 2010,1110.0,women_200m,2010,https://worldathletics.org/athletes/athlete=14315831,toplist
1.0,22.15,1.0,Shalonda SOLOMON,19 DEC 1985,USA,1,,"Hayward Field, Eugene, OR (USA)",26 JUN 2011,1222.0,women_200m,2011,https://worldathletics.org/athletes/athlete=14321706,toplist
2.0,22.20,-0.4,Carmelita JETER,24 NOV 1979,USA,1,,"Stade Louis II, Monaco (MON)",22 JUL 2011,1219.0,women_200m,2011,https://worldathletics.org/athletes/athlete=14313618,toplist
3.0,22.22,-1.0,Veronica CAMPBELL-BROWN,15 MAY 1982,JAM,1,,"DS, Daegu (KOR)",02 SEP 2011,1221.0,women_200m,2011,https://worldathletics.org/athletes/athlete=14285598,toplist
4.0,22.24,1.5,Kimberlyn DUNCAN,02 AUG 1991,USA,1,,"Des Moines, IA (USA)",11 JUN 2011,1212.0,women_200m,2011,https://worldathletics.org/athletes/athlete=14309365,toplist
5.0,22.28,1.0,Jeneba TARMOH,27 SEP 1989,USA,3,,"Hayward Field, Eugene, OR (USA)",26 JUN 2011,1208.0,women_200m,2011,https://worldathletics.org/athletes/athlete=14322457,toplist
6.0,22.32,-0.4,Allyson FELIX,18 NOV 1985,USA,2,,"Stade Louis II, Monaco (MON)",22 JUL 2011,1206.0,women_200m,2011,https://worldathletics.org/athletes/athlete=14309983,toplist
7.0,22.35,1.0,Bianca KNIGHT,02 JAN 1989,USA,4,,"Hayward Field, Eugene, OR (USA)",26 JUN 2011,1201.0,women_200m,2011,https://worldathletics.org/athletes/athlete=14314587,toplist
8.0,22.48,1.0,Ana Claudia LEMOS,06 NOV 1988,BRA,1h1,,São Paulo (BRA),06 AUG 2011,1188.0,women_200m,2011,https://worldathletics.org/athletes/athlete=14269001,toplist
9.0,22.54,0.7,Anneisha MCLAUGHLIN-WHILBY,06 JAN 1986,JAM,1,,"National Stadium, Shenzhen (CHN)",19 AUG 2011,1181.0,women_200m,2011,https://worldathletics.org/athletes/athlete=14285805,toplist
10.0,22.55,-0.2,Schillonie CALVERT-POWELL,27 JUL 1988,JAM,1,,"Sports Park Mladost, Zagreb (CRO)",13 SEP 2011,1181.0,women_200m,2011,https://worldathletics.org/athletes/athlete=14285586,toplist
11.0,22.58,0.0,Olesya POVH,18 OCT 1987,UKR,1f2,,Yalta (UKR),31 MAY 2011,1177.0,women_200m,2011,https://worldathletics.org/athletes/athlete=14304049,toplist
11.0,22.58,1.5,Tiffany TOWNSEND,14 JUN 1989,USA,3,,"Des Moines, IA (USA)",11 JUN 2011,1177.0,women_200m,2011,https://worldathletics.org/athletes/athlete=14322941,toplist
11.0,22.58,1.0,LaShauntea MOORE,31 JUL 1983,USA,6,,"Hayward Field, Eugene, OR (USA)",26 JUN 2011,1177.0,women_200m,2011,https://worldathletics.org/athletes/athlete=14317320,toplist
14.0,22.59,1.0,Marshevet HOOKER,25 SEP 1984,USA,2,,"Alexander Stadium, Birmingham (GBR)",10 JUL 2011,1176.0,women_200m,2011,https://worldathletics.org/athletes/athlete=14312862,toplist
14.0,22.59,-0.1,Shelly-Ann FRASER-PRYCE,27 DEC 1986,JAM,3,,"Letzigrund, Zürich (SUI)",08 SEP 2011,1176.0,women_200m,2011,https://worldathletics.org/athletes/athlete=14285680,toplist
16.0,22.62,1.9,Yelizaveta DEMIROVA,14 AUG 1987,RUS,1h1,,Moskva (RUS),10 JUL 2011,1173.0,women_200m,2011,https://worldathletics.org/athletes/athlete=14299187,toplist
16.0,22.62,-0.2,Ivet LALOVA-COLLIO,18 MAY 1984,BUL,2h5,,"DS, Daegu (KOR)",01 SEP 2011,1174.0,women_200m,2011,https://worldathletics.org/athletes/athlete=14268643,toplist
18.0,22.63,0.1,Kerron STEWART,16 APR 1984,JAM,2,,Kingston (JAM),26 JUN 2011,1172.0,women_200m,2011,https://worldathletics.org/athletes/athlete=14285938,toplist
18.0,22.63,1.2,Sanya RICHARDS-ROSS,26 FEB 1985,USA,2,,"Puskás Ferenc Stadion, Budapest (HUN)",30 JUL 2011,1172.0,women_200m,2011,https://worldathletics.org/athletes/athlete=14319838,toplist
20.0,22.65,1.7,Lauryn WILLIAMS,11 SEP 1983,USA,1f1,,"Coral Gables, FL (USA)",16 APR 2011,1170.0,women_200m,2011,https://worldathletics.org/athletes/athlete=14324318,toplist
21.0,22.68,0.7,Mariya RYEMYEN,02 AUG 1987,UKR,1,,Strasbourg (FRA),12 JUN 2011,1167.0,women_200m,2011,https://worldathletics.org/athletes/athlete=14304082,toplist
21.0,22.68,1.6,Joanna ATKINS,31 JAN 1989,USA,1,,Rethymno (GRE),13 JUL 2011,1167.0,women_200m,2011,https://worldathletics.org/athletes/athlete=14305059,toplist
23.0,22.69,-0.3,Dafne SCHIPPERS,15 JUN 1992,NED,1h3,,"DS, Daegu (KOR)",01 SEP 2011,1167.0,women_200m,2011,https://worldathletics.org/athletes/athlete=14291986,toplist
24.0,22.70,2.0,Anthonique STRACHAN,22 AUG 1993,BAH,1,,"Miramar, FL (USA)",23 JUL 2011,1165.0,women_200m,2011,https://worldathletics.org/athletes/athlete=14368117,toplist
25.0,22.71,-0.1,Myriam SOUMARÉ,29 OCT 1986,FRA,1h1,,"DS, Daegu (KOR)",01 SEP 2011,1164.0,women_200m,2011,https://worldathletics.org/athletes/athlete=14273961,toplist
26.0,22.73,-1.8,Patricia HALL,16 OCT 1982,JAM,1f2,,"Houston, TX (USA)",19 MAY 2011,1172.0,women_200m,2011,https://worldathletics.org/athletes/athlete=14285712,toplist
26.0,22.73,0.1,Sherone SIMPSON,12 AUG 1984,JAM,3,,Kingston (JAM),26 JUN 2011,1162.0,women_200m,2011,https://worldathletics.org/athletes/athlete=14285909,toplist
28.0,22.76,1.8,Jura Lanconia LEVY,04 NOV 1990,JAM,1,,"Hutchinson, KS (USA)",21 MAY 2011,1159.0,women_200m,2011,https://worldathletics.org/athletes/athlete=14285765,toplist
28.0,22.76,0.9,Debbie FERGUSON-MCKENZIE,16 JAN 1976,BAH,3,,"Stadio Olimpico, Roma (ITA)",26 MAY 2011,1159.0,women_200m,2011,https://worldathletics.org/athletes/athlete=14270639,toplist
30.0,22.77,1.7,Natasha HASTINGS,23 JUL 1986,USA,1f1,,"Gainesville, FL (USA)",01 APR 2011,1158.0,women_200m,2011,https://worldathletics.org/athletes/athlete=14312172,toplist
31.0,22.79,0.1,Aleen BAILEY,25 NOV 1980,JAM,4,,Kingston (JAM),26 JUN 2011,1156.0,women_200m,2011,https://worldathletics.org/athletes/athlete=14285532,toplist
31.0,22.79,-0.1,Hrystyna STUY,03 FEB 1988,UKR,3sf2,,"DS, Daegu (KOR)",01 SEP 2011,1156.0,women_200m,2011,https://worldathletics.org/athletes/athlete=14304242,toplist
33.0,22.80,1.2,Nivea SMITH,18 FEB 1990,BAH,3h1,,"Des Moines, IA (USA)",09 JUN 2011,1155.0,women_200m,2011,https://worldathletics.org/athletes/athlete=14270617,toplist
34.0,22.81,-0.5,Yuliya CHERMOSHANSKAYA,06 JAN 1986,RUS,1,,Sochi (RUS),25 MAY 2011,1157.0,women_200m,2011,https://worldathletics.org/athletes/athlete=14297516,toplist
34.0,22.81,1.2,Candyce MCGRONE,24 MAR 1989,USA,1f2,,"Eugene, OR (USA)",28 MAY 2011,1154.0,women_200m,2011,https://worldathletics.org/athletes/athlete=14316585,toplist
34.0,22.81,1.1,Stephanie DURST,06 JAN 1982,USA,2h1,,"Hayward Field, Eugene, OR (USA)",25 JUN 2011,1154.0,women_200m,2011,https://worldathletics.org/athletes/athlete=14309424,toplist
37.0,22.82,1.5,Cydonie MOTHERSILL,19 MAR 1978,CAY,1,,"Atlanta, GA (USA)",05 JUN 2011,1153.0,women_200m,2011,https://worldathletics.org/athletes/athlete=14266914,toplist
38.0,22.83,1.3,Aareon PAYNE,03 SEP 1990,USA,1,,"Walnut, CA (USA)",16 APR 2011,1152.0,women_200m,2011,https://worldathletics.org/athletes/athlete=14318660,toplist
38.0,22.83,0.9,Aurieyall SCOTT,18 MAY 1992,USA,1,,"Eugene, OR (USA)",25 JUN 2011,1152.0,women_200m,2011,https://worldathletics.org/athletes/athlete=14366294,toplist
40.0,22.84,,Semoy HACKETT,27 NOV 1988,TTO,1f2,,"Fayetteville, AR (USA) (i)",27 FEB 2011,1193.0,women_200m,2011,https://worldathletics.org/athletes/athlete=14303004,toplist
40.0,22.84,1.1,Jessica DAVIS,31 OCT 1992,USA,1,,"Tucson, AZ (USA)",14 MAY 2011,1151.0,women_200m,2011,https://worldathletics.org/athletes/athlete=14308683,toplist
42.0,22.85,1.3,Charonda WILLIAMS,27 MAR 1987,USA,2,,"Walnut, CA (USA)",16 APR 2011,1150.0,women_200m,2011,https://worldathletics.org/athletes/athlete=14324253,toplist
43.0,22.86,1.9,Oludamola OSAYOMI,26 JUN 1986,NGR,1,,Maputo (MOZ),15 SEP 2011,1149.0,women_200m,2011,https://worldathletics.org/athletes/athlete=14292505,toplist
43.0,22.86,0.5,Simone FACEY,07 MAY 1985,JAM,2,,Guadalajara (MEX),27 OCT 2011,1149.0,women_200m,2011,https://worldathletics.org/athletes/athlete=14285672,toplist
45.0,22.87,1.0,Alexandria ANDERSON,28 JAN 1987,USA,4,,"Alexander Stadium, Birmingham (GBR)",10 JUL 2011,1148.0,women_200m,2011,https://worldathletics.org/athletes/athlete=14304791,toplist
46.0,22.89,1.7,Rachelle BOONE-SMITH,30 JUN 1981,USA,3h2,,"Hayward Field, Eugene, OR (USA)",25 JUN 2011,1146.0,women_200m,2011,https://worldathletics.org/athletes/athlete=14306134,toplist
46.0,22.89,0.3,Kai SELVON,13 APR 1992,TTO,3h4,,"DS, Daegu (KOR)",01 SEP 2011,1146.0,women_200m,2011,https://worldathletics.org/athletes/athlete=14303044,toplist
48.0,22.90,0.9,Crystal EMMANUEL,27 NOV 1991,CAN,1f1,,Toronto (CAN),12 JUN 2011,1145.0,women_200m,2011,https://worldathletics.org/athletes/athlete=14270576,toplist
49.0,22.91,1.0,Janelle REDHEAD,27 DEC 1989,GRN,1f1,,"El Paso, TX (USA)",16 APR 2011,1144.0,women_200m,2011,https://worldathletics.org/athletes/athlete=14281044,toplist
49.0,22.91,0.1,Darya PIZHANKOVA,09 JAN 1990,UKR,1h1,,Yalta (UKR),31 MAY 2011,1144.0,women_200m,2011,https://worldathletics.org/athletes/athlete=14373175,toplist
49.0,22.91,0.9,Leslie COLE,16 FEB 1987,USA,1f1,,"Walnut, CA (USA)",04 JUN 2011,1144.0,women_200m,2011,https://worldathletics.org/athletes/athlete=14307858,toplist
52.0,22.92,-0.4,Sheniqua FERGUSON,24 NOV 1989,BAH,1f1,,"Tallahassee, FL (USA)",09 APR 2011,1145.0,women_200m,2011,https://worldathletics.org/athletes/athlete=14270638,toplist
53.0,22.93,1.9,Yuliya GUSHCHINA,04 MAR 1983,RUS,h1,,Moskva (RUS),10 JUL 2011,1142.0,women_200m,2011,https://worldathletics.org/athletes/athlete=14297898,toplist
53.0,22.93,-0.2,Anyika ONUORA,28 OCT 1984,GBR,5h5,,"DS, Daegu (KOR)",01 SEP 2011,1143.0,women_200m,2011,https://worldathletics.org/athletes/athlete=14275975,toplist
55.0,22.94,,Amantle MONTSHO,04 JUL 1983,BOT,1f2,,Réduit (MRI),17 APR 2011,1141.0,women_200m,2011,https://worldathletics.org/athletes/athlete=14269474,toplist
55.0,22.94,-1.5,Jodie WILLIAMS,28 SEP 1993,GBR,1,,"Kadrioru staadion, Tallinn (EST)",23 JUL 2011,1150.0,women_200m,2011,https://worldathletics.org/athletes/athlete=14276757,toplist
55.0,22.94,1.2,Blessing OKAGBARE,09 OCT 1988,NGR,3,,"Puskás Ferenc Stadion, Budapest (HUN)",30 JUL 2011,1141.0,women_200m,2011,https://worldathletics.org/athletes/athlete=14292330,toplist
58.0,22.95,,Jessica BEARD,08 JAN 1989,USA,1f1,,"College Station, TX (USA) (i)",22 JAN 2011,1182.0,women_200m,2011,https://worldathletics.org/athletes/athlete=14305526,toplist
59.0,22.96,,Rebecca ALEXANDER,02 MAY 1990,USA,2h1,,"Fayetteville, AR (USA) (i)",26 FEB 2011,1181.0,women_200m,2011,https://worldathletics.org/athletes/athlete=14304636,toplist
59.0,22.96,0.1,Octavious FREEMAN,20 APR 1992,USA,1,,"Orlando, FL (USA)",28 MAY 2011,1139.0,women_200m,2011,https://worldathletics.org/athletes/athlete=14335310,toplist
61.0,22.97,1.1,Amber PURVIS,23 JAN 1990,USA,2,,"Tucson, AZ (USA)",14 MAY 2011,1138.0,women_200m,2011,https://worldathletics.org/athletes/athlete=14319382,toplist
61.0,22.97,2.0,Nelky CASABONA,12 MAY 1984,CUB,1,,Barquisimeto (VEN),29 JUL 2011,1138.0,women_200m,2011,https://worldathletics.org/athletes/athlete=14263640,toplist
63.0,22.99,-0.2,Debbie DUNN,26 MAR 1978,USA,2f1,,Ponce (PUR),14 MAY 2011,1137.0,women_200m,2011,https://worldathletics.org/athletes/athlete=14309386,toplist
63.0,22.99,1.6,Jessica YOUNG-WARREN,06 APR 1987,USA,3h4,,"Hayward Field, Eugene, OR (USA)",25 JUN 2011,1136.0,women_200m,2011,https://worldathletics.org/athletes/athlete=14324854,toplist
65.0,23.01,-0.4,Dezerea BRYANT,27 APR 1993,USA,1,,"La Crosse, WI (USA)",04 JUN 2011,1136.0,women_200m,2011,https://worldathletics.org/athletes/athlete=14375109,toplist
65.0,23.01,0.2,Samantha HENRY-ROBINSON,25 SEP 1988,JAM,2h1,,Kingston (JAM),25 JUN 2011,1134.0,women_200m,2011,https://worldathletics.org/athletes/athlete=14285727,toplist
67.0,23.02,1.1,English GARDNER,22 APR 1992,USA,3,,"Tucson, AZ (USA)",14 MAY 2011,1132.0,women_200m,2011,https://worldathletics.org/athletes/athlete=14310719,toplist
67.0,23.02,0.1,Yelizaveta BRYZGINA,28 NOV 1989,UKR,2h1,,Yalta (UKR),31 MAY 2011,1132.0,women_200m,2011,https://worldathletics.org/athletes/athlete=14303484,toplist
67.0,23.02,0.5,Mariely SÁNCHEZ,30 DEC 1988,DOM,3,,Guadalajara (MEX),27 OCT 2011,1132.0,women_200m,2011,https://worldathletics.org/athletes/athlete=14262360,toplist
70.0,23.03,,Dominique DUNCAN,07 MAY 1990,USA,3f1,,"College Station, TX (USA) (i)",11 MAR 2011,1174.0,women_200m,2011,https://worldathletics.org/athletes/athlete=14309360,toplist
70.0,23.03,1.7,Christy UDOH,30 SEP 1991,USA,4h2,,"Hayward Field, Eugene, OR (USA)",25 JUN 2011,1131.0,women_200m,2011,https://worldathletics.org/athletes/athlete=14374336,toplist
72.0,23.05,0.4,Sally PEARSON,19 SEP 1986,AUS,1,,Brisbane (AUS),11 FEB 2011,1129.0,women_200m,2011,https://worldathletics.org/athletes/athlete=14271668,toplist
73.0,23.06,2.0,Porscha LUCAS,18 JUN 1988,USA,2,,"Lawrence, KS (USA)",23 APR 2011,1128.0,women_200m,2011,https://worldathletics.org/athletes/athlete=14315666,toplist
73.0,23.06,1.0,Norma GONZÁLEZ,11 AUG 1982,COL,1,,Bogotá (COL),07 MAY 2011,1128.0,women_200m,2011,https://worldathletics.org/athletes/athlete=14264003,toplist
73.0,23.06,1.4,Ndeye SOUMAH FATOU,06 APR 1986,SEN,1f2,,Donnas (ITA),03 JUL 2011,1128.0,women_200m,2011,https://worldathletics.org/athletes/athlete=14300011,toplist
73.0,23.06,0.2,Lina JACQUES-SÉBASTIEN,10 APR 1985,FRA,1f1,,Paris (FRA),10 JUL 2011,1128.0,women_200m,2011,https://worldathletics.org/athletes/athlete=14257046,toplist
73.0,23.06,1.9,Vida ANIM,07 DEC 1983,GHA,2,,Maputo (MOZ),15 SEP 2011,1128.0,women_200m,2011,https://worldathletics.org/athletes/athlete=14280442,toplist
73.0,23.06,0.5,Tameka WILLIAMS,31 AUG 1989,SKN,4,,Guadalajara (MEX),27 OCT 2011,1128.0,women_200m,2011,https://worldathletics.org/athletes/athlete=14300061,toplist
79.0,23.07,1.1,Shareese WOODS,20 FEB 1985,USA,4h1,,"Hayward Field, Eugene, OR (USA)",25 JUN 2011,1127.0,women_200m,2011,https://worldathletics.org/athletes/athlete=14324669,toplist
79.0,23.07,0.7,Geisa Aparecida COUTINHO,01 JUN 1980,BRA,1h2,,São Paulo (BRA),06 AUG 2011,1127.0,women_200m,2011,https://worldathletics.org/athletes/athlete=14269361,toplist
81.0,23.08,0.2,Denisa ROSOLOVÁ,21 AUG 1986,CZE,3,,"Stadion Juliska, Praha (CZE)",13 JUN 2011,1126.0,women_200m,2011,https://worldathletics.org/athletes/athlete=14262688,toplist
82.0,23.09,1.2,Stormy KENDRICK,06 JAN 1991,USA,1,,"Durham, NC (USA)",23 APR 2011,1125.0,women_200m,2011,https://worldathletics.org/athletes/athlete=14314295,toplist
83.0,23.10,1.2,Allison PETER,14 JUL 1992,ISV,5h1,,"Des Moines, IA (USA)",09 JUN 2011,1124.0,women_200m,2011,https://worldathletics.org/athletes/athlete=14283608,toplist
83.0,23.10,0.9,Phylicia GEORGE,16 NOV 1987,CAN,2f1,,Toronto (CAN),12 JUN 2011,1124.0,women_200m,2011,https://worldathletics.org/athletes/athlete=14310864,toplist
83.0,23.10,0.1,Gloria ASUMNU,22 MAY 1985,USA,2,,Sotteville-lès-Rouen (FRA),02 JUL 2011,1124.0,women_200m,2011,https://worldathletics.org/athletes/athlete=14305055,toplist
86.0,23.11,1.0,Endurance ABINUWA,31 JUL 1987,NGR,3f1,,"El Paso, TX (USA)",16 APR 2011,1123.0,women_200m,2011,https://worldathletics.org/athletes/athlete=14292313,toplist
86.0,23.11,1.8,Jessica ENNIS-HILL,28 JAN 1986,GBR,2ce4,,"Mösle-Stadium, Götzis (AUT)",28 MAY 2011,1123.0,women_200m,2011,https://worldathletics.org/athletes/athlete=14274988,toplist
88.0,23.12,0.9,Consuella MOORE,29 AUG 1981,USA,2f1,,"Walnut, CA (USA)",04 JUN 2011,1122.0,women_200m,2011,https://worldathletics.org/athletes/athlete=14317293,toplist
89.0,23.13,-0.7,Chisato FUKUSHIMA,27 JUN 1988,JPN,1,,Fukuroi (JPN),03 MAY 2011,1125.0,women_200m,2011,https://worldathletics.org/athletes/athlete=14286217,toplist
89.0,23.13,1.4,Anastasia Natalie LE-ROY,11 SEP 1987,JAM,3,,Mayagüez (PUR),17 JUL 2011,1121.0,women_200m,2011,https://worldathletics.org/athletes/athlete=14285764,toplist
91.0,23.14,1.2,Chalonda GOODMAN,29 SEP 1990,USA,6h1,,"Des Moines, IA (USA)",09 JUN 2011,1120.0,women_200m,2011,https://worldathletics.org/athletes/athlete=14311151,toplist
92.0,23.15,0.0,Ashley COLLIER,04 FEB 1992,USA,2h4,,"Norman, OK (USA)",14 MAY 2011,1119.0,women_200m,2011,https://worldathletics.org/athletes/athlete=14307904,toplist
92.0,23.15,2.0,Kseniya RYZHOVA,19 APR 1987,RUS,1h2,,Moskva (RUS),10 JUL 2011,1119.0,women_200m,2011,https://worldathletics.org/athletes/athlete=14299689,toplist
94.0,23.16,,Jasmine HYDER,25 AUG 1988,USA,3f14,,"College Station, TX (USA) (i)",12 FEB 2011,1162.0,women_200m,2011,https://worldathletics.org/athletes/athlete=14307467,toplist
94.0,23.16,0.7,Anna GEFLIKH,01 FEB 1983,RUS,3,,"National Stadium, Shenzhen (CHN)",19 AUG 2011,1118.0,women_200m,2011,https://worldathletics.org/athletes/athlete=14297775,toplist
96.0,23.17,,TyNia GAITHER,16 MAR 1993,BAH,1,,"Tampa, FL (USA)",19 MAR 2011,1117.0,women_200m,2011,https://worldathletics.org/athletes/athlete=14362366,toplist
96.0,23.17,0.4,Aleksandra FEDORIVA-SPAYER,13 SEP 1988,RUS,3,,"DS, Daegu (KOR)",12 MAY 2011,1117.0,women_200m,2011,https://worldathletics.org/athletes/athlete=14297674,toplist
98.0,23.18,,Shavon GREAVES,20 DEC 1988,USA,2f3,,"University Park, PA (USA) (i)",29 JAN 2011,1160.0,women_200m,2011,https://worldathletics.org/athletes/athlete=14311336,toplist
99.0,23.20,0.6,Moa HJELMER,19 JUN 1990,SWE,1sf1,,"Mestský Stadion, Ostrava (CZE)",16 JUL 2011,1114.0,women_200m,2011,https://worldathletics.org/athletes/athlete=14301966,toplist
100.0,23.21,2.0,Abiodun OYEPITAN,30 DEC 1979,GBR,1f1,,"Norwalk, CA (USA)",16 APR 2011,1113.0,women_200m,2011,https://worldathletics.org/athletes/athlete=14275991,toplist
1.0,21.69,1.0,Allyson FELIX,18 NOV 1985,USA,1,,"Hayward Field, Eugene, OR (USA)",30 JUN 2012,1271.0,women_200m,2012,https://worldathletics.org/athletes/athlete=14309983,toplist
2.0,22.09,-0.3,Sanya RICHARDS-ROSS,26 FEB 1985,USA,1,,"Icahn Stadium, New York, NY (USA)",09 JUN 2012,1229.0,women_200m,2012,https://worldathletics.org/athletes/athlete=14319838,toplist
2.0,22.09,-0.2,Shelly-Ann FRASER-PRYCE,27 DEC 1986,JAM,2,,"Olympic Stadium, London (GBR)",08 AUG 2012,1229.0,women_200m,2012,https://worldathletics.org/athletes/athlete=14285680,toplist
4.0,22.11,1.0,Carmelita JETER,24 NOV 1979,USA,2,,"Hayward Field, Eugene, OR (USA)",30 JUN 2012,1226.0,women_200m,2012,https://worldathletics.org/athletes/athlete=14313618,toplist
5.0,22.19,1.9,Kimberlyn DUNCAN,02 AUG 1991,USA,1h2,,"Des Moines, IA (USA)",07 JUN 2012,1218.0,women_200m,2012,https://worldathletics.org/athletes/athlete=14309365,toplist
5.0,22.19,1.0,Aleksandra FEDORIVA-SPAYER,13 SEP 1988,RUS,1,,Cheboksary (RUS),06 JUL 2012,1218.0,women_200m,2012,https://worldathletics.org/athletes/athlete=14297674,toplist
7.0,22.32,1.0,Veronica CAMPBELL-BROWN,15 MAY 1982,JAM,1sf1,,"Olympic Stadium, London (GBR)",07 AUG 2012,1204.0,women_200m,2012,https://worldathletics.org/athletes/athlete=14285598,toplist
8.0,22.35,1.0,Jeneba TARMOH,27 SEP 1989,USA,5,,"Hayward Field, Eugene, OR (USA)",30 JUN 2012,1201.0,women_200m,2012,https://worldathletics.org/athletes/athlete=14322457,toplist
9.0,22.37,0.3,Tianna MADISON,30 AUG 1985,USA,1,,Ponce (PUR),12 MAY 2012,1199.0,women_200m,2012,https://worldathletics.org/athletes/athlete=14315831,toplist
9.0,22.37,0.6,Sherone SIMPSON,12 AUG 1984,JAM,2,,Kingston (JAM),01 JUL 2012,1199.0,women_200m,2012,https://worldathletics.org/athletes/athlete=14285909,toplist
11.0,22.42,1.5,Murielle AHOURÉ,23 AUG 1987,CIV,1,,"Bislett Stadion, Oslo (NOR)",07 JUN 2012,1194.0,women_200m,2012,https://worldathletics.org/athletes/athlete=14304569,toplist
11.0,22.42,1.2,Natalya RUSAKOVA,12 DEC 1979,RUS,1h3,,Cheboksary (RUS),06 JUL 2012,1194.0,women_200m,2012,https://worldathletics.org/athletes/athlete=14298302,toplist
13.0,22.45,1.4,Tameka WILLIAMS,31 AUG 1989,SKN,1,,Basseterre (SKN),03 JUN 2012,1191.0,women_200m,2012,https://worldathletics.org/athletes/athlete=14300061,toplist
14.0,22.46,-0.3,Bianca KNIGHT,02 JAN 1989,USA,2,,"Icahn Stadium, New York, NY (USA)",09 JUN 2012,1191.0,women_200m,2012,https://worldathletics.org/athletes/athlete=14314587,toplist
15.0,22.52,1.0,Charonda WILLIAMS,27 MAR 1987,USA,1f1,,Luzern (SUI),17 JUL 2012,1183.0,women_200m,2012,https://worldathletics.org/athletes/athlete=14324253,toplist
16.0,22.53,0.1,Nercely SOTO,23 AUG 1990,VEN,1,,Caracas (VEN),12 MAY 2012,1182.0,women_200m,2012,https://worldathletics.org/athletes/athlete=14377437,toplist
16.0,22.53,0.2,Anthonique STRACHAN,22 AUG 1993,BAH,1,,"Estadio Olímpico, Barcelona (ESP)",13 JUL 2012,1182.0,women_200m,2012,https://worldathletics.org/athletes/athlete=14368117,toplist
18.0,22.55,0.2,Semoy HACKETT,27 NOV 1988,TTO,1sf2,,"Jacksonville, FL (USA)",26 MAY 2012,1180.0,women_200m,2012,https://worldathletics.org/athletes/athlete=14303004,toplist
19.0,22.56,1.0,Myriam SOUMARÉ,29 OCT 1986,FRA,3sf1,,"Olympic Stadium, London (GBR)",07 AUG 2012,1179.0,women_200m,2012,https://worldathletics.org/athletes/athlete=14273961,toplist
20.0,22.58,1.3,Mariya RYEMYEN,02 AUG 1987,UKR,1h5,,"Olympic Stadium, London (GBR)",06 AUG 2012,1177.0,women_200m,2012,https://worldathletics.org/athletes/athlete=14304082,toplist
21.0,22.61,0.6,Anneisha MCLAUGHLIN-WHILBY,06 JAN 1986,JAM,4,,Kingston (JAM),01 JUL 2012,1174.0,women_200m,2012,https://worldathletics.org/athletes/athlete=14285805,toplist
22.0,22.62,0.4,Yelizaveta DEMIROVA,14 AUG 1987,RUS,1h2,,Cheboksary (RUS),06 JUL 2012,1173.0,women_200m,2012,https://worldathletics.org/athletes/athlete=14299187,toplist
22.0,22.62,1.0,LaVerne JONES-FERRETTE,16 SEP 1981,ISV,3sf2,,"Olympic Stadium, London (GBR)",07 AUG 2012,1173.0,women_200m,2012,https://worldathletics.org/athletes/athlete=14283604,toplist
24.0,22.63,0.9,Leslie COLE,16 FEB 1987,USA,1,,"Walnut, CA (USA)",21 APR 2012,1172.0,women_200m,2012,https://worldathletics.org/athletes/athlete=14307858,toplist
24.0,22.63,0.8,Blessing OKAGBARE,09 OCT 1988,NGR,3,,"Hayward Field, Eugene, OR (USA)",02 JUN 2012,1172.0,women_200m,2012,https://worldathletics.org/athletes/athlete=14292330,toplist
26.0,22.64,1.9,Sheniqua FERGUSON,24 NOV 1989,BAH,1f1,,"Auburn, AL (USA)",07 APR 2012,1171.0,women_200m,2012,https://worldathletics.org/athletes/athlete=14270638,toplist
26.0,22.64,1.0,Yelizaveta BRYZGINA,28 NOV 1989,UKR,4sf2,,"Olympic Stadium, London (GBR)",07 AUG 2012,1171.0,women_200m,2012,https://worldathletics.org/athletes/athlete=14303484,toplist
28.0,22.65,0.9,Porscha LUCAS,18 JUN 1988,USA,1,,Port-of-Spain (TTO),19 MAY 2012,1170.0,women_200m,2012,https://worldathletics.org/athletes/athlete=14315666,toplist
29.0,22.66,0.3,Hrystyna STUY,03 FEB 1988,UKR,3h4,,"Olympic Stadium, London (GBR)",06 AUG 2012,1169.0,women_200m,2012,https://worldathletics.org/athletes/athlete=14304242,toplist
30.0,22.68,1.0,Aurieyall SCOTT,18 MAY 1992,USA,8,,"Hayward Field, Eugene, OR (USA)",30 JUN 2012,1167.0,women_200m,2012,https://worldathletics.org/athletes/athlete=14366294,toplist
30.0,22.68,1.7,Schillonie CALVERT-POWELL,27 JUL 1988,JAM,1,,"Moratalaz, Madrid (ESP)",07 JUL 2012,1167.0,women_200m,2012,https://worldathletics.org/athletes/athlete=14285586,toplist
32.0,22.70,0.4,Shaunae MILLER,15 APR 1994,BAH,1,,Nassau (BAH),02 MAR 2012,1165.0,women_200m,2012,https://worldathletics.org/athletes/athlete=14368116,toplist
32.0,22.70,0.0,Dafne SCHIPPERS,15 JUN 1992,NED,1sf1,,"Olympiastadion, Helsinki (FIN)",29 JUN 2012,1165.0,women_200m,2012,https://worldathletics.org/athletes/athlete=14291986,toplist
32.0,22.70,0.6,Kerron STEWART,16 APR 1984,JAM,5,,Kingston (JAM),01 JUL 2012,1165.0,women_200m,2012,https://worldathletics.org/athletes/athlete=14285938,toplist
35.0,22.71,-0.3,LaShauntea MOORE,31 JUL 1983,USA,1,,Daegu (KOR),16 MAY 2012,1165.0,women_200m,2012,https://worldathletics.org/athletes/athlete=14317320,toplist
35.0,22.71,1.5,Abiodun OYEPITAN,30 DEC 1979,GBR,2,,"Bislett Stadion, Oslo (NOR)",07 JUN 2012,1164.0,women_200m,2012,https://worldathletics.org/athletes/athlete=14275991,toplist
35.0,22.71,-0.5,Viktoriya KASHEYEVA,07 MAY 1989,UKR,2f2,,Yalta (UKR),14 JUN 2012,1167.0,women_200m,2012,https://worldathletics.org/athletes/athlete=14304071,toplist
38.0,22.72,0.2,Cambrya JONES,20 SEP 1990,USA,2sf2,,"Jacksonville, FL (USA)",26 MAY 2012,1163.0,women_200m,2012,https://worldathletics.org/athletes/athlete=14360397,toplist
38.0,22.72,1.9,Christy UDOH,30 SEP 1991,USA,2h2,,"Des Moines, IA (USA)",07 JUN 2012,1163.0,women_200m,2012,https://worldathletics.org/athletes/athlete=14374336,toplist
40.0,22.73,0.1,Lawretta OZOH,05 SEP 1990,NGR,1,,Calabar (NGR),23 JUN 2012,1162.0,women_200m,2012,https://worldathletics.org/athletes/athlete=14388488,toplist
40.0,22.73,1.0,Olga BELKINA,23 AUG 1990,RUS,4,,Cheboksary (RUS),06 JUL 2012,1162.0,women_200m,2012,https://worldathletics.org/athletes/athlete=14297344,toplist
42.0,22.74,1.9,Octavious FREEMAN,20 APR 1992,USA,3h2,,"Des Moines, IA (USA)",07 JUN 2012,1161.0,women_200m,2012,https://worldathletics.org/athletes/athlete=14335310,toplist
43.0,22.77,0.2,Allison PETER,14 JUL 1992,ISV,1h3,,"Manhattan, KS (USA)",12 MAY 2012,1158.0,women_200m,2012,https://worldathletics.org/athletes/athlete=14283608,toplist
43.0,22.77,0.6,Samantha HENRY-ROBINSON,25 SEP 1988,JAM,6,,Kingston (JAM),01 JUL 2012,1158.0,women_200m,2012,https://worldathletics.org/athletes/athlete=14285727,toplist
45.0,22.82,1.7,Shalonda SOLOMON,19 DEC 1985,USA,3,,"National Stadium, Kingston (JAM)",05 MAY 2012,1153.0,women_200m,2012,https://worldathletics.org/athletes/athlete=14321706,toplist
45.0,22.82,1.3,English GARDNER,22 APR 1992,USA,1,,"Eugene, OR (USA)",13 MAY 2012,1153.0,women_200m,2012,https://worldathletics.org/athletes/athlete=14310719,toplist
45.0,22.82,1.0,Yuliya CHERMOSHANSKAYA,06 JAN 1986,RUS,5,,Cheboksary (RUS),06 JUL 2012,1153.0,women_200m,2012,https://worldathletics.org/athletes/athlete=14297516,toplist
45.0,22.82,1.0,Evelyn Carolina de Oliveira DOS SANTOS,11 APR 1985,BRA,6sf2,,"Olympic Stadium, London (GBR)",07 AUG 2012,1153.0,women_200m,2012,https://worldathletics.org/athletes/athlete=14269113,toplist
49.0,22.83,-0.3,Jessica ENNIS-HILL,28 JAN 1986,GBR,2ce5,,"Olympic Stadium, London (GBR)",03 AUG 2012,1153.0,women_200m,2012,https://worldathletics.org/athletes/athlete=14274988,toplist
50.0,22.84,0.6,Aleen BAILEY,25 NOV 1980,JAM,7,,Kingston (JAM),01 JUL 2012,1151.0,women_200m,2012,https://worldathletics.org/athletes/athlete=14285532,toplist
51.0,22.85,0.5,Chalonda GOODMAN,29 SEP 1990,USA,2f1,,"Gainesville, FL (USA)",06 APR 2012,1150.0,women_200m,2012,https://worldathletics.org/athletes/athlete=14311151,toplist
51.0,22.85,0.3,Kai SELVON,13 APR 1992,TTO,4h4,,"Olympic Stadium, London (GBR)",06 AUG 2012,1150.0,women_200m,2012,https://worldathletics.org/athletes/athlete=14303044,toplist
51.0,22.85,-0.7,Libania GRENOT,12 JUL 1983,ITA,3,,Padova (ITA),02 SEP 2012,1154.0,women_200m,2012,https://worldathletics.org/athletes/athlete=14263547,toplist
54.0,22.86,,Kamaria BROWN,21 DEC 1992,USA,1f2,,"College Station, TX (USA) (i)",25 FEB 2012,1191.0,women_200m,2012,https://worldathletics.org/athletes/athlete=14306592,toplist
54.0,22.86,0.5,Johanna DANOIS,04 APR 1987,FRA,2,,Angers (FRA),17 JUN 2012,1149.0,women_200m,2012,https://worldathletics.org/athletes/athlete=14257906,toplist
56.0,22.88,,Patricia HALL,16 OCT 1982,JAM,1f1,,Eaubonne (FRA) (i),16 FEB 2012,1189.0,women_200m,2012,https://worldathletics.org/athletes/athlete=14285712,toplist
57.0,22.89,0.0,Tsholofelo SELEMELA-THIPE,12 SEP 1986,RSA,1,,Potchefstroom (RSA),24 MAR 2012,1146.0,women_200m,2012,https://worldathletics.org/athletes/athlete=14296850,toplist
57.0,22.89,0.0,Amantle MONTSHO,04 JUL 1983,BOT,1f3,,Shizuoka (JPN),03 MAY 2012,1146.0,women_200m,2012,https://worldathletics.org/athletes/athlete=14269474,toplist
57.0,22.89,0.6,Ashley COLLIER,04 FEB 1992,USA,1h2,,"Manhattan, KS (USA)",12 MAY 2012,1146.0,women_200m,2012,https://worldathletics.org/athletes/athlete=14307904,toplist
57.0,22.89,0.6,Paris DANIELS,25 JAN 1990,USA,1h2,,"Manhattan, KS (USA)",12 MAY 2012,1146.0,women_200m,2012,https://worldathletics.org/athletes/athlete=14308570,toplist
57.0,22.89,0.1,Gloria ASUMNU,22 MAY 1985,NGR,2,,Calabar (NGR),23 JUN 2012,1146.0,women_200m,2012,https://worldathletics.org/athletes/athlete=14305055,toplist
62.0,22.91,0.7,Shayla MAHAN,18 JAN 1989,USA,1,,Brazzaville (CGO),10 JUN 2012,1144.0,women_200m,2012,https://worldathletics.org/athletes/athlete=14315866,toplist
63.0,22.92,1.4,Viktoriya ZYABKINA,04 SEP 1992,KAZ,1,,Bishkek (KGZ),10 JUN 2012,1143.0,women_200m,2012,https://worldathletics.org/athletes/athlete=14375464,toplist
63.0,22.92,0.0,Rosângela SANTOS,20 DEC 1990,BRA,1,,São Paulo (BRA),01 JUL 2012,1143.0,women_200m,2012,https://worldathletics.org/athletes/athlete=14268928,toplist
63.0,22.92,1.0,Eleni ARTYMATA,16 MAY 1986,CYP,7sf2,,"Olympic Stadium, London (GBR)",07 AUG 2012,1143.0,women_200m,2012,https://worldathletics.org/athletes/athlete=14263333,toplist
66.0,22.93,-0.9,Jamile SAMUEL,24 APR 1992,NED,2,,"FBK Stadium, Hengelo (NED)",27 MAY 2012,1147.0,women_200m,2012,https://worldathletics.org/athletes/athlete=14291975,toplist
66.0,22.93,0.6,Anyika ONUORA,28 OCT 1984,GBR,1f4,,Regensburg (GER),02 JUN 2012,1142.0,women_200m,2012,https://worldathletics.org/athletes/athlete=14275975,toplist
66.0,22.93,0.6,Natasha HASTINGS,23 JUL 1986,USA,4sf2,,"Hayward Field, Eugene, OR (USA)",29 JUN 2012,1142.0,women_200m,2012,https://worldathletics.org/athletes/athlete=14312172,toplist
69.0,22.94,0.2,Dominique DUNCAN,07 MAY 1990,USA,2h3,,"Manhattan, KS (USA)",12 MAY 2012,1141.0,women_200m,2012,https://worldathletics.org/athletes/athlete=14309360,toplist
69.0,22.94,0.5,Margaret ADEOYE,22 APR 1985,GBR,3h1,,"Olympic Stadium, London (GBR)",06 AUG 2012,1141.0,women_200m,2012,https://worldathletics.org/athletes/athlete=14274348,toplist
71.0,22.95,0.7,Gloria HOOPER,03 MAR 1992,ITA,2h4,,"Olympiastadion, Helsinki (FIN)",29 JUN 2012,1140.0,women_200m,2012,https://worldathletics.org/athletes/athlete=14381808,toplist
72.0,22.96,-0.3,Mikele BARBER,04 OCT 1980,USA,3,,"Icahn Stadium, New York, NY (USA)",09 JUN 2012,1140.0,women_200m,2012,https://worldathletics.org/athletes/athlete=14305305,toplist
72.0,22.96,0.8,Tiffany TOWNSEND,14 JUN 1989,USA,3sf3,,"Hayward Field, Eugene, OR (USA)",29 JUN 2012,1139.0,women_200m,2012,https://worldathletics.org/athletes/athlete=14322941,toplist
72.0,22.96,0.7,Lauryn WILLIAMS,11 SEP 1983,USA,1,,"Letzigrund, Zürich (SUI)",30 AUG 2012,1139.0,women_200m,2012,https://worldathletics.org/athletes/athlete=14324318,toplist
75.0,22.97,0.1,Dezerea BRYANT,27 APR 1993,USA,2sf1,,"Jacksonville, FL (USA)",26 MAY 2012,1138.0,women_200m,2012,https://worldathletics.org/athletes/athlete=14375109,toplist
76.0,22.98,1.5,Cathleen TSCHIRCH,23 JUL 1979,GER,1f1,,Jena (GER),19 MAY 2012,1137.0,women_200m,2012,https://worldathletics.org/athletes/athlete=14280079,toplist
76.0,22.98,1.2,Alexandria ANDERSON,28 JAN 1987,USA,2h6,,"Hayward Field, Eugene, OR (USA)",28 JUN 2012,1137.0,women_200m,2012,https://worldathletics.org/athletes/athlete=14304791,toplist
76.0,22.98,0.9,Nelly BANCO,17 FEB 1986,FRA,3,,Sotteville-lès-Rouen (FRA),10 JUL 2012,1137.0,women_200m,2012,https://worldathletics.org/athletes/athlete=14258660,toplist
76.0,22.98,1.0,Ivet LALOVA-COLLIO,18 MAY 1984,BUL,6sf1,,"Olympic Stadium, London (GBR)",07 AUG 2012,1137.0,women_200m,2012,https://worldathletics.org/athletes/athlete=14268643,toplist
80.0,22.99,1.2,Ashley SPENCER,08 JUN 1993,USA,1,,"Madison, WI (USA)",13 MAY 2012,1136.0,women_200m,2012,https://worldathletics.org/athletes/athlete=14476234,toplist
81.0,23.00,0.5,Lina JACQUES-SÉBASTIEN,10 APR 1985,FRA,3,,Angers (FRA),17 JUN 2012,1135.0,women_200m,2012,https://worldathletics.org/athletes/athlete=14257046,toplist
82.0,23.01,-0.7,Ana Claudia LEMOS,06 NOV 1988,BRA,2h1,,São Paulo (BRA),30 JUN 2012,1138.0,women_200m,2012,https://worldathletics.org/athletes/athlete=14269001,toplist
83.0,23.02,1.0,Sally PEARSON,19 SEP 1986,AUS,1,,"Albert Park, Melbourne (AUS)",03 MAR 2012,1132.0,women_200m,2012,https://worldathletics.org/athletes/athlete=14271668,toplist
83.0,23.02,1.5,Yekaterina SMIRNOVA,08 SEP 1988,RUS,1h1,,Cheboksary (RUS),06 JUL 2012,1132.0,women_200m,2012,https://worldathletics.org/athletes/athlete=14299745,toplist
85.0,23.03,,Jura Lanconia LEVY,04 NOV 1990,JAM,1f2,,"Geneva, OH (USA) (i)",03 MAR 2012,0.0,women_200m,2012,https://worldathletics.org/athletes/athlete=14285765,toplist
85.0,23.03,0.5,Darshay DAVIS,23 SEP 1991,USA,3f1,,"Gainesville, FL (USA)",06 APR 2012,1131.0,women_200m,2012,https://worldathletics.org/athletes/athlete=14371024,toplist
85.0,23.03,1.3,Phyllis FRANCIS,04 MAY 1992,USA,2,,"Eugene, OR (USA)",13 MAY 2012,1131.0,women_200m,2012,https://worldathletics.org/athletes/athlete=14310414,toplist
85.0,23.03,0.9,Alexis LOVE,24 APR 1991,USA,2h3,,"Des Moines, IA (USA)",07 JUN 2012,1131.0,women_200m,2012,https://worldathletics.org/athletes/athlete=14407555,toplist
89.0,23.04,1.0,Marina PANTELEYEVA,16 MAY 1989,RUS,6,,Cheboksary (RUS),06 JUL 2012,1130.0,women_200m,2012,https://worldathletics.org/athletes/athlete=14941245,toplist
90.0,23.06,-0.3,Marlena WESH,16 FEB 1991,HAI,2,,"Charlottesville, VA (USA)",21 APR 2012,1129.0,women_200m,2012,https://worldathletics.org/athletes/athlete=14323938,toplist
91.0,23.08,1.5,Inna WEIT,05 AUG 1988,GER,1f1,,Mannheim (GER),09 JUN 2012,1126.0,women_200m,2012,https://worldathletics.org/athletes/athlete=14280246,toplist
91.0,23.08,0.0,Lea SPRUNGER,05 MAR 1990,SUI,2h2,,"Olympiastadion, Helsinki (FIN)",29 JUN 2012,1126.0,women_200m,2012,https://worldathletics.org/athletes/athlete=14301240,toplist
91.0,23.08,1.2,Janelle REDHEAD,27 DEC 1989,GRN,2h2,,"Olympic Stadium, London (GBR)",06 AUG 2012,1126.0,women_200m,2012,https://worldathletics.org/athletes/athlete=14281044,toplist
94.0,23.09,1.3,Lauryn NEWSON,06 AUG 1990,USA,3,,"Eugene, OR (USA)",13 MAY 2012,1125.0,women_200m,2012,https://worldathletics.org/athletes/athlete=14366589,toplist
94.0,23.09,0.6,Erika Belinda CHÁVEZ,04 JUN 1990,ECU,,,Ciudad de México (MEX),13 MAY 2012,1125.0,women_200m,2012,https://worldathletics.org/athletes/athlete=14262325,toplist
94.0,23.09,1.8,Yuliya KATSURA,28 MAY 1983,RUS,2f2,,Zhukovskiy (RUS),17 JUN 2012,1125.0,women_200m,2012,https://worldathletics.org/athletes/athlete=14298051,toplist
97.0,23.10,1.0,Joanna ATKINS,31 JAN 1989,USA,4h3,,"Hayward Field, Eugene, OR (USA)",28 JUN 2012,1124.0,women_200m,2012,https://worldathletics.org/athletes/athlete=14305059,toplist
97.0,23.10,0.8,Crystal EMMANUEL,27 NOV 1991,CAN,5h6,,"Olympic Stadium, London (GBR)",06 AUG 2012,1124.0,women_200m,2012,https://worldathletics.org/athletes/athlete=14270576,toplist
99.0,23.11,0.8,Candace JACKSON,13 FEB 1991,USA,1f1,,"Lubbock, TX (USA)",05 MAY 2012,1123.0,women_200m,2012,https://worldathletics.org/athletes/athlete=14335822,toplist
100.0,23.12,0.0,Chisato FUKUSHIMA,27 JUN 1988,JPN,2f3,,Shizuoka (JPN),03 MAY 2012,1122.0,women_200m,2012,https://worldathletics.org/athletes/athlete=14286217,toplist
1.0,22.13,1.0,Shelly-Ann FRASER-PRYCE,27 DEC 1986,JAM,1,,Kingston (JAM),23 JUN 2013,1224.0,women_200m,2013,https://worldathletics.org/athletes/athlete=14285680,toplist
2.0,22.24,-0.5,Murielle AHOURÉ,23 AUG 1987,CIV,1,,"Stade Louis II, Monaco (MON)",19 JUL 2013,1215.0,women_200m,2013,https://worldathletics.org/athletes/athlete=14304569,toplist
3.0,22.26,-0.5,Tiffany TOWNSEND,14 JUN 1989,USA,2,,"Stade Louis II, Monaco (MON)",19 JUL 2013,1213.0,women_200m,2013,https://worldathletics.org/athletes/athlete=14322941,toplist
4.0,22.30,0.0,Allyson FELIX,18 NOV 1985,USA,1sf2,,"Luzhniki Stadion, Moskva (RUS)",15 AUG 2013,1206.0,women_200m,2013,https://worldathletics.org/athletes/athlete=14309983,toplist
5.0,22.31,1.3,Blessing OKAGBARE,09 OCT 1988,NGR,1,,"Walnut, CA (USA)",20 APR 2013,1205.0,women_200m,2013,https://worldathletics.org/athletes/athlete=14292330,toplist
6.0,22.32,0.9,Anthonique STRACHAN,22 AUG 1993,BAH,1,,Nassau (BAH),22 JUN 2013,1204.0,women_200m,2013,https://worldathletics.org/athletes/athlete=14368117,toplist
7.0,22.35,1.3,Kimberlyn DUNCAN,02 AUG 1991,USA,1,,"Columbia, SC (USA)",12 MAY 2013,1201.0,women_200m,2013,https://worldathletics.org/athletes/athlete=14309365,toplist
8.0,22.40,1.5,LaShauntea MOORE,31 JUL 1983,USA,1h3,,"Drake Stadium, Des Moines, IA (USA)",22 JUN 2013,1196.0,women_200m,2013,https://worldathletics.org/athletes/athlete=14317320,toplist
9.0,22.41,1.6,Shalonda SOLOMON,19 DEC 1985,USA,1,,Edmonton (CAN),29 JUN 2013,1195.0,women_200m,2013,https://worldathletics.org/athletes/athlete=14321706,toplist
10.0,22.45,0.9,Shaunae MILLER,15 APR 1994,BAH,2,,Nassau (BAH),22 JUN 2013,1191.0,women_200m,2013,https://worldathletics.org/athletes/athlete=14368116,toplist
11.0,22.46,1.5,Aurieyall SCOTT,18 MAY 1992,USA,2h3,,"Drake Stadium, Des Moines, IA (USA)",22 JUN 2013,1190.0,women_200m,2013,https://worldathletics.org/athletes/athlete=14366294,toplist
12.0,22.51,1.4,Patricia HALL,16 OCT 1982,JAM,1,,São Paulo (BRA),19 MAY 2013,1184.0,women_200m,2013,https://worldathletics.org/athletes/athlete=14285712,toplist
13.0,22.53,-1.3,Veronica CAMPBELL-BROWN,15 MAY 1982,JAM,1,,"Icahn Stadium, New York, NY (USA)",25 MAY 2013,1189.0,women_200m,2013,https://worldathletics.org/athletes/athlete=14285598,toplist
14.0,22.55,1.9,Octavious FREEMAN,20 APR 1992,USA,2f1,,"Greensboro, NC (USA)",25 MAY 2013,1180.0,women_200m,2013,https://worldathletics.org/athletes/athlete=14335310,toplist
15.0,22.57,1.4,Chauntae BAYNE,04 APR 1984,USA,2,,São Paulo (BRA),19 MAY 2013,1178.0,women_200m,2013,https://worldathletics.org/athletes/athlete=14305505,toplist
16.0,22.58,0.1,Lauryn WILLIAMS,11 SEP 1983,USA,2f1,,"Coral Gables, FL (USA)",13 APR 2013,1177.0,women_200m,2013,https://worldathletics.org/athletes/athlete=14324318,toplist
16.0,22.58,1.3,Kamaria BROWN,21 DEC 1992,USA,2,,"Columbia, SC (USA)",12 MAY 2013,1177.0,women_200m,2013,https://worldathletics.org/athletes/athlete=14306592,toplist
16.0,22.58,1.0,Anneisha MCLAUGHLIN-WHILBY,06 JAN 1986,JAM,2,,Kingston (JAM),23 JUN 2013,1177.0,women_200m,2013,https://worldathletics.org/athletes/athlete=14285805,toplist
19.0,22.61,1.4,Ana Claudia LEMOS,06 NOV 1988,BRA,3,,São Paulo (BRA),19 MAY 2013,1174.0,women_200m,2013,https://worldathletics.org/athletes/athlete=14269001,toplist
19.0,22.61,1.4,Mariya RYEMYEN,02 AUG 1987,UKR,1,,"Stade Olympique de la Pontaise, Lausanne (SUI)",04 JUL 2013,1174.0,women_200m,2013,https://worldathletics.org/athletes/athlete=14304082,toplist
21.0,22.62,1.1,English GARDNER,22 APR 1992,USA,1,,"Los Angeles, CA (USA)",12 MAY 2013,1173.0,women_200m,2013,https://worldathletics.org/athletes/athlete=14310719,toplist
21.0,22.62,-0.7,Danielle WILLIAMS,14 SEP 1992,JAM,1,,"Pueblo, CO (USA)",25 MAY 2013,1177.0,women_200m,2013,https://worldathletics.org/athletes/athlete=14450995,toplist
21.0,22.62,-0.2,Carrie RUSSELL,18 OCT 1990,JAM,1,,"Stadio Guidobaldi, Rieti (ITA)",08 SEP 2013,1174.0,women_200m,2013,https://worldathletics.org/athletes/athlete=14285894,toplist
24.0,22.68,0.4,Viktoriya KASHEYEVA,07 MAY 1989,UKR,1f2,,Yalta (UKR),06 JUN 2013,1167.0,women_200m,2013,https://worldathletics.org/athletes/athlete=14304071,toplist
25.0,22.70,,Ashton PURVIS,12 JUL 1992,USA,2f2,,"Fayetteville, AR (USA) (i)",24 FEB 2013,1206.0,women_200m,2013,https://worldathletics.org/athletes/athlete=14319383,toplist
25.0,22.70,0.0,Jeneba TARMOH,27 SEP 1989,USA,3sf1,,"Luzhniki Stadion, Moskva (RUS)",15 AUG 2013,1165.0,women_200m,2013,https://worldathletics.org/athletes/athlete=14322457,toplist
27.0,22.71,0.5,Kerron STEWART,16 APR 1984,JAM,2,,"National Stadium, Kingston (JAM)",04 MAY 2013,1164.0,women_200m,2013,https://worldathletics.org/athletes/athlete=14285938,toplist
27.0,22.71,-0.1,Charonda WILLIAMS,27 MAR 1987,USA,2f3,,Ljubljana (SLO),13 JUL 2013,1164.0,women_200m,2013,https://worldathletics.org/athletes/athlete=14324253,toplist
29.0,22.72,-1.8,Yelizaveta BRYZGINA,28 NOV 1989,UKR,1,,Donetsk (UKR),26 JUL 2013,1173.0,women_200m,2013,https://worldathletics.org/athletes/athlete=14303484,toplist
30.0,22.73,1.6,Paris DANIELS,25 JAN 1990,USA,1,,"Waco, TX (USA)",05 MAY 2013,1162.0,women_200m,2013,https://worldathletics.org/athletes/athlete=14308570,toplist
31.0,22.75,-0.7,Vashti THOMAS,21 APR 1990,USA,2,,"Pueblo, CO (USA)",25 MAY 2013,1164.0,women_200m,2013,https://worldathletics.org/athletes/athlete=14322713,toplist
32.0,22.76,-0.1,Franciela KRASUCKI,26 APR 1988,BRA,1,,São Paulo (BRA),09 JUN 2013,1159.0,women_200m,2013,https://worldathletics.org/athletes/athlete=14269257,toplist
33.0,22.77,1.1,Phyllis FRANCIS,04 MAY 1992,USA,2,,"Los Angeles, CA (USA)",12 MAY 2013,1158.0,women_200m,2013,https://worldathletics.org/athletes/athlete=14310414,toplist
33.0,22.77,1.4,Carmelita JETER,24 NOV 1979,USA,5,,"Stade Olympique de la Pontaise, Lausanne (SUI)",04 JUL 2013,1158.0,women_200m,2013,https://worldathletics.org/athletes/athlete=14313618,toplist
35.0,22.78,1.2,Ivet LALOVA-COLLIO,18 MAY 1984,BUL,3,,"Stadio Olimpico, Roma (ITA)",06 JUN 2013,1157.0,women_200m,2013,https://worldathletics.org/athletes/athlete=14268643,toplist
35.0,22.78,1.6,Kimberly HYACINTHE,28 MAR 1989,CAN,1,,"Central Stadium, Kazan (RUS)",10 JUL 2013,1157.0,women_200m,2013,https://worldathletics.org/athletes/athlete=14267823,toplist
37.0,22.79,-0.5,Anyika ONUORA,28 OCT 1984,GBR,4,,"Olympic Stadium, London (GBR)",27 JUL 2013,1159.0,women_200m,2013,https://worldathletics.org/athletes/athlete=14275975,toplist
38.0,22.81,,Johanna DANOIS,04 APR 1987,FRA,1,,Aubière (FRA) (i),16 FEB 2013,1196.0,women_200m,2013,https://worldathletics.org/athletes/athlete=14257906,toplist
38.0,22.81,0.1,Jessica BEARD,08 JAN 1989,USA,3f1,,"Coral Gables, FL (USA)",13 APR 2013,1154.0,women_200m,2013,https://worldathletics.org/athletes/athlete=14305526,toplist
40.0,22.83,0.5,Sherone SIMPSON,12 AUG 1984,JAM,3,,"National Stadium, Kingston (JAM)",04 MAY 2013,1152.0,women_200m,2013,https://worldathletics.org/athletes/athlete=14285909,toplist
40.0,22.83,0.5,Samantha HENRY-ROBINSON,25 SEP 1988,JAM,4,,"National Stadium, Kingston (JAM)",04 MAY 2013,1152.0,women_200m,2013,https://worldathletics.org/athletes/athlete=14285727,toplist
40.0,22.83,0.3,Myriam SOUMARÉ,29 OCT 1986,FRA,3h6,,"Luzhniki Stadion, Moskva (RUS)",15 AUG 2013,1152.0,women_200m,2013,https://worldathletics.org/athletes/athlete=14273961,toplist
43.0,22.84,1.7,Shericka JACKSON,16 JUL 1994,JAM,2,,Nassau (BAH),01 APR 2013,1151.0,women_200m,2013,https://worldathletics.org/athletes/athlete=14325599,toplist
43.0,22.84,1.0,Dafne SCHIPPERS,15 JUN 1992,NED,3,,"FBK Stadium, Hengelo (NED)",08 JUN 2013,1151.0,women_200m,2013,https://worldathletics.org/athletes/athlete=14291986,toplist
45.0,22.85,1.3,Candyce MCGRONE,24 MAR 1989,USA,2,,"Walnut, CA (USA)",20 APR 2013,1150.0,women_200m,2013,https://worldathletics.org/athletes/athlete=14316585,toplist
45.0,22.85,-1.1,DeeDee TROTTER,08 DEC 1982,USA,5sf1,,"Drake Stadium, Des Moines, IA (USA)",23 JUN 2013,1156.0,women_200m,2013,https://worldathletics.org/athletes/athlete=14322997,toplist
47.0,22.86,0.4,Hrystyna STUY,03 FEB 1988,UKR,2h7,,"Luzhniki Stadion, Moskva (RUS)",15 AUG 2013,1149.0,women_200m,2013,https://worldathletics.org/athletes/athlete=14304242,toplist
48.0,22.87,-1.1,Dezerea BRYANT,27 APR 1993,USA,6sf1,,"Drake Stadium, Des Moines, IA (USA)",23 JUN 2013,1154.0,women_200m,2013,https://worldathletics.org/athletes/athlete=14375109,toplist
49.0,22.88,-0.2,Margaret ADEOYE,22 APR 1985,GBR,2,,"Stadio Guidobaldi, Rieti (ITA)",08 SEP 2013,1148.0,women_200m,2013,https://worldathletics.org/athletes/athlete=14274348,toplist
50.0,22.89,1.8,Natasha HASTINGS,23 JUL 1986,USA,2f1,,"Gainesville, FL (USA)",05 APR 2013,1146.0,women_200m,2013,https://worldathletics.org/athletes/athlete=14312172,toplist
50.0,22.89,1.6,Cierra WHITE,29 APR 1993,USA,2,,"Waco, TX (USA)",05 MAY 2013,1146.0,women_200m,2013,https://worldathletics.org/athletes/athlete=14430809,toplist
50.0,22.89,1.6,Crystal EMMANUEL,27 NOV 1991,CAN,5,,Edmonton (CAN),29 JUN 2013,1146.0,women_200m,2013,https://worldathletics.org/athletes/athlete=14270576,toplist
53.0,22.91,-0.2,Andreea Luiza OGRĂZEANU,24 MAR 1990,ROU,1h1,,Bucureşti (ROU),29 JUN 2013,1145.0,women_200m,2013,https://worldathletics.org/athletes/athlete=14295803,toplist
53.0,22.91,-0.1,Lenora GUION FIRMIN,07 AUG 1991,FRA,3h5,,"Luzhniki Stadion, Moskva (RUS)",15 AUG 2013,1144.0,women_200m,2013,https://worldathletics.org/athletes/athlete=14257514,toplist
55.0,22.92,-0.5,Jodie WILLIAMS,28 SEP 1993,GBR,1,,"Ratinan Stadion, Tampere (FIN)",13 JUL 2013,1146.0,women_200m,2013,https://worldathletics.org/athletes/athlete=14276757,toplist
55.0,22.92,-0.1,Irene EKELUND,08 MAR 1997,SWE,1,,Donetsk (UKR),14 JUL 2013,1143.0,women_200m,2013,https://worldathletics.org/athletes/athlete=14403224,toplist
57.0,22.93,1.0,Angela MOROŞANU,26 JUL 1986,ROU,1f1,,Bucureşti (ROU),07 JUN 2013,1142.0,women_200m,2013,https://worldathletics.org/athletes/athlete=14295767,toplist
58.0,22.98,-0.5,Michelle-Lee AHYE,10 APR 1992,TTO,1h3,,Port-of-Spain (TTO),23 JUN 2013,1140.0,women_200m,2013,https://worldathletics.org/athletes/athlete=14302966,toplist
58.0,22.98,1.6,Hanna-Maari LATVALA,30 OCT 1987,FIN,2,,"Central Stadium, Kazan (RUS)",10 JUL 2013,1137.0,women_200m,2013,https://worldathletics.org/athletes/athlete=14259316,toplist
60.0,23.00,,Regina GEORGE,17 FEB 1991,NGR,1h1,,"Fayetteville, AR (USA) (i)",23 FEB 2013,1177.0,women_200m,2013,https://worldathletics.org/athletes/athlete=14310865,toplist
60.0,23.00,1.5,Jessica YOUNG-WARREN,06 APR 1987,USA,4h3,,"Drake Stadium, Des Moines, IA (USA)",22 JUN 2013,1135.0,women_200m,2013,https://worldathletics.org/athletes/athlete=14324854,toplist
60.0,23.00,-0.6,Kineke ALEXANDER,21 FEB 1986,VIN,1,,Morelia (MEX),07 JUL 2013,1138.0,women_200m,2013,https://worldathletics.org/athletes/athlete=14325306,toplist
63.0,23.01,1.9,Jasmine HYDER,25 AUG 1988,USA,1f1,,"San Marcos, TX (USA)",29 MAR 2013,1134.0,women_200m,2013,https://worldathletics.org/athletes/athlete=14307467,toplist
63.0,23.01,1.6,Mariely SÁNCHEZ,30 DEC 1988,DOM,7,,Edmonton (CAN),29 JUN 2013,1134.0,women_200m,2013,https://worldathletics.org/athletes/athlete=14262360,toplist
65.0,23.04,0.0,Ashley SPENCER,08 JUN 1993,USA,1f2,,"Tempe, AZ (USA)",06 APR 2013,1130.0,women_200m,2013,https://worldathletics.org/athletes/athlete=14476234,toplist
65.0,23.04,0.2,Brianna ROLLINS,18 AUG 1991,USA,1,,"Raleigh, NC (USA)",18 APR 2013,1130.0,women_200m,2013,https://worldathletics.org/athletes/athlete=14320208,toplist
67.0,23.05,1.3,Kali DAVIS-WHITE,27 OCT 1994,USA,1,,"Jacksonville, FL (USA)",04 MAY 2013,1129.0,women_200m,2013,https://worldathletics.org/athletes/athlete=14436980,toplist
67.0,23.05,0.3,Kai SELVON,13 APR 1992,TTO,1f2,,Port-of-Spain (TTO),23 JUN 2013,1129.0,women_200m,2013,https://worldathletics.org/athletes/athlete=14303044,toplist
69.0,23.08,-0.6,Aleen BAILEY,25 NOV 1980,JAM,2,,Morelia (MEX),07 JUL 2013,1129.0,women_200m,2013,https://worldathletics.org/athletes/athlete=14285532,toplist
69.0,23.08,1.6,Natasha MORRISON,17 NOV 1992,JAM,1f1,,Sundsvall (SWE),28 JUL 2013,1126.0,women_200m,2013,https://worldathletics.org/athletes/athlete=14285826,toplist
71.0,23.10,1.0,Ebonie FLOYD,21 OCT 1983,USA,2f1,,"Lake Charles, LA (USA)",13 APR 2013,1124.0,women_200m,2013,https://worldathletics.org/athletes/athlete=14310239,toplist
71.0,23.10,1.5,Shareese WOODS,20 FEB 1985,USA,5h3,,"Drake Stadium, Des Moines, IA (USA)",22 JUN 2013,1124.0,women_200m,2013,https://worldathletics.org/athletes/athlete=14324669,toplist
71.0,23.10,2.0,Inna WEIT,05 AUG 1988,GER,1f3,,Bottrop (GER),19 JUL 2013,1124.0,women_200m,2013,https://worldathletics.org/athletes/athlete=14280246,toplist
71.0,23.10,0.0,Gloria HOOPER,03 MAR 1992,ITA,4h1,,"Luzhniki Stadion, Moskva (RUS)",15 AUG 2013,1124.0,women_200m,2013,https://worldathletics.org/athletes/athlete=14381808,toplist
75.0,23.11,,Trisha-Ann HAWTHORNE,08 NOV 1989,JAM,1f1,,"Boston, MA (USA) (i)",25 JAN 2013,1167.0,women_200m,2013,https://worldathletics.org/athletes/athlete=14312225,toplist
75.0,23.11,0.3,Kaliese SPENCER,06 MAY 1987,JAM,2f1,,Rovereto (ITA),03 SEP 2013,1123.0,women_200m,2013,https://worldathletics.org/athletes/athlete=14285929,toplist
77.0,23.12,0.4,Melissa BREEN,17 SEP 1990,AUS,1,,Sydney (AUS),09 MAR 2013,1122.0,women_200m,2013,https://worldathletics.org/athletes/athlete=14272403,toplist
77.0,23.12,1.6,Shai-Anne DAVIS,04 DEC 1993,CAN,4,,"Central Stadium, Kazan (RUS)",10 JUL 2013,1122.0,women_200m,2013,https://worldathletics.org/athletes/athlete=14373586,toplist
79.0,23.13,,Christy UDOH,30 SEP 1991,NGR,4f1,,"Fayetteville, AR (USA) (i)",08 MAR 2013,1165.0,women_200m,2013,https://worldathletics.org/athletes/athlete=14374336,toplist
79.0,23.13,-0.1,Rosângela SANTOS,20 DEC 1990,BRA,3,,São Paulo (BRA),09 JUN 2013,1121.0,women_200m,2013,https://worldathletics.org/athletes/athlete=14268928,toplist
79.0,23.13,1.5,Chalonda GOODMAN,29 SEP 1990,USA,6h3,,"Drake Stadium, Des Moines, IA (USA)",22 JUN 2013,1121.0,women_200m,2013,https://worldathletics.org/athletes/athlete=14311151,toplist
79.0,23.13,-0.1,Ángela Gabriela TENORIO,27 JAN 1996,ECU,2,,Donetsk (UKR),14 JUL 2013,1121.0,women_200m,2013,https://worldathletics.org/athletes/athlete=14496119,toplist
83.0,23.14,,Ashley COLLIER,04 FEB 1992,USA,2h3,,"Fayetteville, AR (USA) (i)",23 FEB 2013,1164.0,women_200m,2013,https://worldathletics.org/athletes/athlete=14307904,toplist
83.0,23.14,-0.1,Dina ASHER-SMITH,04 DEC 1995,GBR,1,,Loughborough (GBR),19 MAY 2013,1120.0,women_200m,2013,https://worldathletics.org/athletes/athlete=14378282,toplist
85.0,23.15,1.9,Taylor EVANS,07 OCT 1989,USA,2f1,,"San Marcos, TX (USA)",29 MAR 2013,1119.0,women_200m,2013,https://worldathletics.org/athletes/athlete=14309824,toplist
85.0,23.15,,Lekeisha LAWSON,03 JUN 1987,USA,1f1,,"Los Angeles, CA (USA)",06 APR 2013,1119.0,women_200m,2013,https://worldathletics.org/athletes/athlete=14315112,toplist
85.0,23.15,1.6,Le'Quisha PARKER,26 MAY 1993,USA,2,,"Greensboro, NC (USA)",04 MAY 2013,1119.0,women_200m,2013,https://worldathletics.org/athletes/athlete=14496769,toplist
85.0,23.15,1.1,Jenna PRANDINI,20 NOV 1992,USA,3,,"Los Angeles, CA (USA)",12 MAY 2013,1119.0,women_200m,2013,https://worldathletics.org/athletes/athlete=14329068,toplist
85.0,23.15,-0.4,Eleni ARTYMATA,16 MAY 1986,CYP,1,,"S. Darius & S. Girėnas Stadium, Kaunas (LTU)",23 JUN 2013,1121.0,women_200m,2013,https://worldathletics.org/athletes/athlete=14263333,toplist
90.0,23.16,-0.4,Bianca KNIGHT,02 JAN 1989,USA,4f2,,Ponce (PUR),18 MAY 2013,1120.0,women_200m,2013,https://worldathletics.org/athletes/athlete=14314587,toplist
90.0,23.16,0.3,Natalia POHREBNIAK,19 FEB 1988,UKR,2,,Yalta (UKR),18 MAY 2013,1118.0,women_200m,2013,https://worldathletics.org/athletes/athlete=14304035,toplist
90.0,23.16,-0.1,Yelizaveta DEMIROVA,14 AUG 1987,RUS,1sf2,,Moskva (RUS),24 JUL 2013,1118.0,women_200m,2013,https://worldathletics.org/athletes/athlete=14299187,toplist
90.0,23.16,0.7,Marzia CARAVELLI,23 OCT 1981,ITA,1,,Milano (ITA),28 JUL 2013,1118.0,women_200m,2013,https://worldathletics.org/athletes/athlete=14283967,toplist
94.0,23.17,-1.2,Libania GRENOT,12 JUL 1983,ITA,1f2,,St-Martin (FRA),11 MAY 2013,1124.0,women_200m,2013,https://worldathletics.org/athletes/athlete=14263547,toplist
94.0,23.17,0.1,Olivia EKPONE,05 JAN 1993,USA,1f2,,"Austin, TX (USA)",25 MAY 2013,1117.0,women_200m,2013,https://worldathletics.org/athletes/athlete=14309601,toplist
94.0,23.17,0.9,Nivea SMITH,18 FEB 1990,BAH,3,,Nassau (BAH),22 JUN 2013,1117.0,women_200m,2013,https://worldathletics.org/athletes/athlete=14270617,toplist
97.0,23.18,1.8,Arianna WASHINGTON,04 SEP 1996,USA,1,,"Cerritos, CA (USA)",24 MAY 2013,1116.0,women_200m,2013,https://worldathletics.org/athletes/athlete=14468500,toplist
97.0,23.18,0.4,Maria BELIMPASAKI,19 JUN 1991,GRE,1f1,,Thiva (GRE),24 JUL 2013,1116.0,women_200m,2013,https://worldathletics.org/athletes/athlete=14280530,toplist
99.0,23.19,2.0,Felicia BROWN,27 OCT 1993,USA,1f1,,"Nashville, TN (USA)",19 APR 2013,1115.0,women_200m,2013,https://worldathletics.org/athletes/athlete=14366314,toplist
99.0,23.19,1.9,Destinee GAUSE,04 APR 1994,USA,3f1,,"Greensboro, NC (USA)",25 MAY 2013,1115.0,women_200m,2013,https://worldathletics.org/athletes/athlete=14373732,toplist
1.0,22.02,0.1,Allyson FELIX,18 NOV 1985,USA,1,,"Boudewijnstadion, Bruxelles (BEL)",05 SEP 2014,1236.0,women_200m,2014,https://worldathletics.org/athletes/athlete=14309983,toplist
2.0,22.03,-0.5,Dafne SCHIPPERS,15 JUN 1992,NED,1,,"Letzigrund, Zürich (SUI)",15 AUG 2014,1237.0,women_200m,2014,https://worldathletics.org/athletes/athlete=14291986,toplist
3.0,22.11,0.1,Myriam SOUMARÉ,29 OCT 1986,FRA,2,,"Boudewijnstadion, Bruxelles (BEL)",05 SEP 2014,1226.0,women_200m,2014,https://worldathletics.org/athletes/athlete=14273961,toplist
4.0,22.18,1.5,Tori BOWIE,27 AUG 1990,USA,1,,"Hayward Field, Eugene, OR (USA)",31 MAY 2014,1219.0,women_200m,2014,https://worldathletics.org/athletes/athlete=14360382,toplist
5.0,22.23,-0.8,Olivia EKPONE,05 JAN 1993,USA,1,,"Lexington, KY (USA)",18 MAY 2014,1218.0,women_200m,2014,https://worldathletics.org/athletes/athlete=14309601,toplist
5.0,22.23,1.5,Blessing OKAGBARE,09 OCT 1988,NGR,2,,"Hayward Field, Eugene, OR (USA)",31 MAY 2014,1214.0,women_200m,2014,https://worldathletics.org/athletes/athlete=14292330,toplist
7.0,22.27,1.3,Joanna ATKINS,31 JAN 1989,USA,1f1,,"Gainesville, FL (USA)",04 APR 2014,1209.0,women_200m,2014,https://worldathletics.org/athletes/athlete=14305059,toplist
8.0,22.36,-0.1,Murielle AHOURÉ,23 AUG 1987,CIV,1,,"Le Grand Stade, Marrakech (MAR)",14 AUG 2014,1200.0,women_200m,2014,https://worldathletics.org/athletes/athlete=14304569,toplist
9.0,22.41,1.9,Jeneba TARMOH,27 SEP 1989,USA,1h2,,"Sacramento, CA (USA)",29 JUN 2014,1195.0,women_200m,2014,https://worldathletics.org/athletes/athlete=14322457,toplist
10.0,22.46,-0.5,Jodie WILLIAMS,28 SEP 1993,GBR,2,,"Letzigrund, Zürich (SUI)",15 AUG 2014,1193.0,women_200m,2014,https://worldathletics.org/athletes/athlete=14276757,toplist
11.0,22.49,1.3,Kaylin WHITNEY,09 MAR 1998,USA,1,,"Eugene, OR (USA)",06 JUL 2014,1187.0,women_200m,2014,https://worldathletics.org/athletes/athlete=14524719,toplist
12.0,22.50,,Kamaria BROWN,21 DEC 1992,USA,1f2,,"College Station, TX (USA) (i)",01 MAR 2014,1226.0,women_200m,2014,https://worldathletics.org/athletes/athlete=14306592,toplist
12.0,22.50,0.0,Anthonique STRACHAN,22 AUG 1993,BAH,2,,"Shanghai Stadium, Shanghai (CHN)",18 MAY 2014,1186.0,women_200m,2014,https://worldathletics.org/athletes/athlete=14368117,toplist
14.0,22.53,1.3,Kimberlyn DUNCAN,02 AUG 1991,USA,1f1,,"Coral Gables, FL (USA)",12 APR 2014,1182.0,women_200m,2014,https://worldathletics.org/athletes/athlete=14309365,toplist
14.0,22.53,0.2,Shelly-Ann FRASER-PRYCE,27 DEC 1986,JAM,1,,"National Stadium, Kingston (JAM)",03 MAY 2014,1182.0,women_200m,2014,https://worldathletics.org/athletes/athlete=14285680,toplist
16.0,22.58,0.4,Bianca WILLIAMS,18 DEC 1993,GBR,3,,"Hampden Park, Glasgow (GBR)",31 JUL 2014,1177.0,women_200m,2014,https://worldathletics.org/athletes/athlete=14401125,toplist
17.0,22.60,-1.6,Jenna PRANDINI,20 NOV 1992,USA,1,,"Pullman, WA (USA)",18 MAY 2014,1184.0,women_200m,2014,https://worldathletics.org/athletes/athlete=14329068,toplist
18.0,22.61,1.6,Yekaterina RENZHINA,18 OCT 1994,RUS,1,,Yerino (RUS),10 JUL 2014,1174.0,women_200m,2014,https://worldathletics.org/athletes/athlete=14421170,toplist
18.0,22.61,0.3,Dina ASHER-SMITH,04 DEC 1995,GBR,2sf1,,"Letzigrund, Zürich (SUI)",14 AUG 2014,1174.0,women_200m,2014,https://worldathletics.org/athletes/athlete=14378282,toplist
20.0,22.64,1.8,Shalonda SOLOMON,19 DEC 1985,USA,2h3,,"Sacramento, CA (USA)",29 JUN 2014,1171.0,women_200m,2014,https://worldathletics.org/athletes/athlete=14321706,toplist
20.0,22.64,0.4,Anyika ONUORA,28 OCT 1984,GBR,4,,"Hampden Park, Glasgow (GBR)",31 JUL 2014,1171.0,women_200m,2014,https://worldathletics.org/athletes/athlete=14275975,toplist
22.0,22.67,0.0,Simone FACEY,07 MAY 1985,JAM,1,,Beijing (CHN),21 MAY 2014,1168.0,women_200m,2014,https://worldathletics.org/athletes/athlete=14285672,toplist
23.0,22.68,-0.8,Dezerea BRYANT,27 APR 1993,USA,2,,"Lexington, KY (USA)",18 MAY 2014,1171.0,women_200m,2014,https://worldathletics.org/athletes/athlete=14375109,toplist
23.0,22.68,1.4,Morolake AKINOSUN,17 MAY 1994,USA,1sf2,,"Fayetteville, AR (USA)",31 MAY 2014,1167.0,women_200m,2014,https://worldathletics.org/athletes/athlete=14430813,toplist
23.0,22.68,-0.5,Tianna BARTOLETTA,30 AUG 1985,USA,1,,"Icahn Stadium, New York, NY (USA)",14 JUN 2014,1170.0,women_200m,2014,https://worldathletics.org/athletes/athlete=14315831,toplist
23.0,22.68,0.4,Anneisha MCLAUGHLIN-WHILBY,06 JAN 1986,JAM,5,,"Hampden Park, Glasgow (GBR)",31 JUL 2014,1167.0,women_200m,2014,https://worldathletics.org/athletes/athlete=14285805,toplist
27.0,22.72,-1.0,Jamile SAMUEL,24 APR 1992,NED,1f1,,Genève (SUI),14 JUN 2014,1169.0,women_200m,2014,https://worldathletics.org/athletes/athlete=14291975,toplist
27.0,22.72,0.3,Tiffany TOWNSEND,14 JUN 1989,USA,2,,Heusden-Zolder (BEL),19 JUL 2014,1163.0,women_200m,2014,https://worldathletics.org/athletes/athlete=14322941,toplist
29.0,22.77,-1.1,Michelle-Lee AHYE,10 APR 1992,TTO,1h2,,Port-of-Spain (TTO),22 JUN 2014,1164.0,women_200m,2014,https://worldathletics.org/athletes/athlete=14302966,toplist
30.0,22.78,-0.6,Kyra JEFFERSON,23 SEP 1994,USA,1f4,,"Gainesville, FL (USA)",04 APR 2014,1160.0,women_200m,2014,https://worldathletics.org/athletes/athlete=14411312,toplist
30.0,22.78,0.3,Marie-Josée TA LOU,18 NOV 1988,CIV,5,,"Le Grand Stade, Marrakech (MAR)",14 SEP 2014,1157.0,women_200m,2014,https://worldathletics.org/athletes/athlete=14415994,toplist
32.0,22.80,1.6,Yekaterina VYSOTSKAYA,10 AUG 1987,RUS,2,,Yerino (RUS),10 JUL 2014,1155.0,women_200m,2014,https://worldathletics.org/athletes/athlete=14299761,toplist
33.0,22.81,1.5,English GARDNER,22 APR 1992,USA,6,,"Hayward Field, Eugene, OR (USA)",31 MAY 2014,1154.0,women_200m,2014,https://worldathletics.org/athletes/athlete=14310719,toplist
33.0,22.81,0.1,Ana Claudia LEMOS,06 NOV 1988,BRA,1,,São Paulo (BRA),12 OCT 2014,1154.0,women_200m,2014,https://worldathletics.org/athletes/athlete=14269001,toplist
35.0,22.82,0.4,Dominique DUNCAN,07 MAY 1990,USA,1f1,,"San Marcos, TX (USA)",05 APR 2014,1153.0,women_200m,2014,https://worldathletics.org/athletes/athlete=14309360,toplist
35.0,22.82,1.5,Franciela KRASUCKI,26 APR 1988,BRA,1,,São Paulo (BRA),04 MAY 2014,1153.0,women_200m,2014,https://worldathletics.org/athletes/athlete=14269257,toplist
37.0,22.83,-0.5,Mujinga KAMBUNDJI,17 JUN 1992,SUI,5,,"Letzigrund, Zürich (SUI)",15 AUG 2014,1155.0,women_200m,2014,https://worldathletics.org/athletes/athlete=14300897,toplist
38.0,22.85,0.1,Samantha HENRY-ROBINSON,25 SEP 1988,JAM,4f1,,"Clermont, FL (USA)",26 APR 2014,1150.0,women_200m,2014,https://worldathletics.org/athletes/athlete=14285727,toplist
38.0,22.85,0.1,Olga SAFRONOVA,05 NOV 1991,KAZ,1,,Almaty (KAZ),28 JUN 2014,1150.0,women_200m,2014,https://worldathletics.org/athletes/athlete=14288586,toplist
40.0,22.87,0.1,Shaunae MILLER,15 APR 1994,BAH,1f1,,"Athens, GA (USA)",12 APR 2014,1148.0,women_200m,2014,https://worldathletics.org/athletes/athlete=14368116,toplist
41.0,22.88,1.5,TyNia GAITHER,16 MAR 1993,BAH,2sf3,,"Fayetteville, AR (USA)",31 MAY 2014,1147.0,women_200m,2014,https://worldathletics.org/athletes/athlete=14362366,toplist
41.0,22.88,-0.6,Schillonie CALVERT-POWELL,27 JUL 1988,JAM,2,,Kingston (JAM),29 JUN 2014,1150.0,women_200m,2014,https://worldathletics.org/athletes/athlete=14285586,toplist
43.0,22.89,1.5,Katarina JOHNSON-THOMPSON,09 JAN 1993,GBR,2ce7,,"Mösle-Stadium, Götzis (AUT)",31 MAY 2014,1146.0,women_200m,2014,https://worldathletics.org/athletes/athlete=14276543,toplist
43.0,22.89,1.3,Natalia POHREBNIAK,19 FEB 1988,UKR,1f1,,Kalamata (GRE),31 MAY 2014,1146.0,women_200m,2014,https://worldathletics.org/athletes/athlete=14304035,toplist
43.0,22.89,-1.0,Aleen BAILEY,25 NOV 1980,JAM,2,,"Le Grand Stade, Marrakech (MAR)",08 JUN 2014,1152.0,women_200m,2014,https://worldathletics.org/athletes/athlete=14285532,toplist
46.0,22.90,1.9,Mahagony JONES,20 DEC 1990,USA,2h2,,"Sacramento, CA (USA)",29 JUN 2014,1145.0,women_200m,2014,https://worldathletics.org/athletes/athlete=14313963,toplist
47.0,22.91,1.8,Tawanna MEADOWS,04 AUG 1986,USA,1f1,,"San Marcos, TX (USA)",26 APR 2014,1144.0,women_200m,2014,https://worldathletics.org/athletes/athlete=14316787,toplist
48.0,22.92,,Phyllis FRANCIS,04 MAY 1992,USA,1f1,,"Albuquerque, NM (USA) (i)",14 FEB 2014,1185.0,women_200m,2014,https://worldathletics.org/athletes/athlete=14310414,toplist
48.0,22.92,0.1,Ashley SPENCER,08 JUN 1993,USA,1f3,,"Waco, TX (USA)",19 APR 2014,1143.0,women_200m,2014,https://worldathletics.org/athletes/athlete=14476234,toplist
50.0,22.93,-0.5,Stephenie Ann MCPHERSON,25 NOV 1988,JAM,1f2,,Kingston (JAM),12 APR 2014,1145.0,women_200m,2014,https://worldathletics.org/athletes/athlete=14285809,toplist
51.0,22.94,1.9,Veronica CAMPBELL-BROWN,15 MAY 1982,JAM,1f1,,"Clermont, FL (USA)",10 MAY 2014,1141.0,women_200m,2014,https://worldathletics.org/athletes/athlete=14285598,toplist
52.0,22.95,0.1,Ashton PURVIS,12 JUL 1992,USA,1f2,,"Tempe, AZ (USA)",12 APR 2014,1140.0,women_200m,2014,https://worldathletics.org/athletes/athlete=14319383,toplist
52.0,22.95,0.9,Brittany BROWN,18 APR 1995,USA,3sf1,,"Fayetteville, AR (USA)",31 MAY 2014,1140.0,women_200m,2014,https://worldathletics.org/athletes/athlete=14437218,toplist
54.0,22.96,0.1,Arianna WASHINGTON,04 SEP 1996,USA,1,,"Clovis, CA (USA)",07 JUN 2014,1139.0,women_200m,2014,https://worldathletics.org/athletes/athlete=14468500,toplist
55.0,22.97,1.5,Sheniqua FERGUSON,24 NOV 1989,BAH,2,,São Paulo (BRA),04 MAY 2014,1138.0,women_200m,2014,https://worldathletics.org/athletes/athlete=14270638,toplist
55.0,22.97,1.5,Ashley FIELDS,13 APR 1993,USA,3sf3,,"Fayetteville, AR (USA)",31 MAY 2014,1138.0,women_200m,2014,https://worldathletics.org/athletes/athlete=14373924,toplist
57.0,22.98,0.3,Hanna-Maari LATVALA,30 OCT 1987,FIN,3sf1,,"Letzigrund, Zürich (SUI)",14 AUG 2014,1137.0,women_200m,2014,https://worldathletics.org/athletes/athlete=14259316,toplist
58.0,23.01,0.6,Cierra WHITE,29 APR 1993,USA,2h2,,"Eugene, OR (USA)",12 JUN 2014,1134.0,women_200m,2014,https://worldathletics.org/athletes/athlete=14430809,toplist
58.0,23.01,1.8,Rebekka HAASE,02 JAN 1993,GER,1f1,,Mannheim (GER),06 JUL 2014,1134.0,women_200m,2014,https://worldathletics.org/athletes/athlete=14360165,toplist
58.0,23.01,1.6,Yelizaveta DEMIROVA,14 AUG 1987,RUS,3,,Yerino (RUS),10 JUL 2014,1134.0,women_200m,2014,https://worldathletics.org/athletes/athlete=14299187,toplist
61.0,23.02,1.3,Justine PALFRAMAN,04 NOV 1993,RSA,1,,Pretoria (RSA),26 APR 2014,1132.0,women_200m,2014,https://worldathletics.org/athletes/athlete=14360057,toplist
61.0,23.02,1.9,Bianca KNIGHT,02 JAN 1989,USA,3h2,,"Sacramento, CA (USA)",29 JUN 2014,1132.0,women_200m,2014,https://worldathletics.org/athletes/athlete=14314587,toplist
61.0,23.02,1.3,Jada MARTIN,08 JUN 1995,USA,2,,"Eugene, OR (USA)",06 JUL 2014,1132.0,women_200m,2014,https://worldathletics.org/athletes/athlete=14430830,toplist
64.0,23.03,0.9,Paris DANIELS,25 JAN 1990,USA,1,,"Austin, TX (USA)",29 MAR 2014,1131.0,women_200m,2014,https://worldathletics.org/athletes/athlete=14308570,toplist
64.0,23.03,1.3,DeeDee TROTTER,08 DEC 1982,USA,4f1,,"Gainesville, FL (USA)",04 APR 2014,1131.0,women_200m,2014,https://worldathletics.org/athletes/athlete=14322997,toplist
64.0,23.03,1.6,Kimberly HYACINTHE,28 MAR 1989,CAN,2f2,,"Clermont, FL (USA)",26 APR 2014,1131.0,women_200m,2014,https://worldathletics.org/athletes/athlete=14267823,toplist
67.0,23.04,1.2,Crystal EMMANUEL,27 NOV 1991,CAN,1f3,,Ottawa (CAN),31 MAY 2014,1130.0,women_200m,2014,https://worldathletics.org/athletes/athlete=14270576,toplist
68.0,23.05,1.0,Janet AMPONSAH,12 APR 1993,GHA,1f1,,"Canyon, TX (USA)",12 APR 2014,1129.0,women_200m,2014,https://worldathletics.org/athletes/athlete=14334452,toplist
68.0,23.05,0.7,Marie GAYOT,18 DEC 1989,FRA,1,,La Roche-sur-Yon (FRA),23 JUL 2014,1129.0,women_200m,2014,https://worldathletics.org/athletes/athlete=14257376,toplist
70.0,23.06,,Regine WILLIAMS,01 SEP 1995,USA,1f5,,"Fayetteville, AR (USA) (i)",31 JAN 2014,1171.0,women_200m,2014,https://worldathletics.org/athletes/athlete=14413717,toplist
70.0,23.06,1.8,Amantle MONTSHO,04 JUL 1983,BOT,1f1,,Fukuroi (JPN),03 MAY 2014,1128.0,women_200m,2014,https://worldathletics.org/athletes/athlete=14269474,toplist
70.0,23.06,1.2,Katie WISE,15 OCT 1993,USA,1,,"Carbondale, IL (USA)",18 MAY 2014,1128.0,women_200m,2014,https://worldathletics.org/athletes/athlete=14476220,toplist
70.0,23.06,-0.5,Natasha HASTINGS,23 JUL 1986,USA,2,,"Icahn Stadium, New York, NY (USA)",14 JUN 2014,1131.0,women_200m,2014,https://worldathletics.org/athletes/athlete=14312172,toplist
70.0,23.06,0.0,Jennifer GALAIS,07 MAR 1992,FRA,1,,Aubagne (FRA),15 JUN 2014,1128.0,women_200m,2014,https://worldathletics.org/athletes/athlete=14379003,toplist
70.0,23.06,1.6,Yelena BOLSUN,25 JUN 1982,RUS,4,,Yerino (RUS),10 JUL 2014,1128.0,women_200m,2014,https://worldathletics.org/athletes/athlete=14297427,toplist
70.0,23.06,-0.9,Muna LEE,30 OCT 1981,USA,1f1,,Lapinlahti (FIN),20 JUL 2014,1133.0,women_200m,2014,https://worldathletics.org/athletes/athlete=14315186,toplist
77.0,23.08,-0.3,Jessica BEARD,08 JAN 1989,USA,1,,"Houston, TX (USA)",06 JUN 2014,1127.0,women_200m,2014,https://worldathletics.org/athletes/athlete=14305526,toplist
78.0,23.09,2.0,Lekeisha LAWSON,03 JUN 1987,USA,1f1,,"Azusa, CA (USA)",18 APR 2014,1125.0,women_200m,2014,https://worldathletics.org/athletes/athlete=14315112,toplist
78.0,23.09,-0.6,Gloria ASUMNU,22 MAY 1985,NGR,1sf1,,"Le Grand Stade, Marrakech (MAR)",13 AUG 2014,1128.0,women_200m,2014,https://worldathletics.org/athletes/athlete=14305055,toplist
80.0,23.10,1.8,Kai SELVON,13 APR 1992,TTO,2f1,,"Auburn, AL (USA)",05 APR 2014,1124.0,women_200m,2014,https://worldathletics.org/athletes/athlete=14303044,toplist
80.0,23.10,2.0,Shapri ROMERO,13 NOV 1991,USA,1f3,,"Tucson, AZ (USA)",12 APR 2014,1124.0,women_200m,2014,https://worldathletics.org/athletes/athlete=14453641,toplist
82.0,23.11,,Patricia HALL,16 OCT 1982,JAM,1,,"College Station, TX (USA) (i)",08 FEB 2014,1167.0,women_200m,2014,https://worldathletics.org/athletes/athlete=14285712,toplist
83.0,23.12,0.9,Cambrya JONES,20 SEP 1990,USA,1f1,,"Fairfax, VA (USA)",12 APR 2014,1122.0,women_200m,2014,https://worldathletics.org/athletes/athlete=14360397,toplist
83.0,23.12,0.4,Shakima WIMBLEY,23 APR 1995,USA,1,,"Chapel Hill, NC (USA)",19 APR 2014,1122.0,women_200m,2014,https://worldathletics.org/athletes/athlete=14467626,toplist
83.0,23.12,-0.8,Aaliyah BROWN,06 JAN 1995,USA,3,,"Lexington, KY (USA)",18 MAY 2014,1126.0,women_200m,2014,https://worldathletics.org/athletes/athlete=14306531,toplist
83.0,23.12,-0.6,Maria BELIMPASAKI,19 JUN 1991,GRE,1f1,,"Kadrioru staadion, Tallinn (EST)",22 JUN 2014,1125.0,women_200m,2014,https://worldathletics.org/athletes/athlete=14280530,toplist
83.0,23.12,1.2,Candace HILL,11 FEB 1999,USA,1,,"Rock Hill, SC (USA)",07 JUL 2014,1122.0,women_200m,2014,https://worldathletics.org/athletes/athlete=14596374,toplist
83.0,23.12,1.6,Anastasiya KOCHERZHOVA,16 OCT 1990,RUS,5,,Yerino (RUS),10 JUL 2014,1122.0,women_200m,2014,https://worldathletics.org/athletes/athlete=14386715,toplist
83.0,23.12,0.7,Natalіya STROHOVA,26 DEC 1992,UKR,2,,Kirovograd (UKR),25 JUL 2014,1122.0,women_200m,2014,https://worldathletics.org/athletes/athlete=14404895,toplist
83.0,23.12,0.3,Lea SPRUNGER,05 MAR 1990,SUI,4sf1,,"Letzigrund, Zürich (SUI)",14 AUG 2014,1122.0,women_200m,2014,https://worldathletics.org/athletes/athlete=14301240,toplist
91.0,23.13,0.4,Allison PETER,14 JUL 1992,ISV,1h1,,Port-of-Spain (TTO),22 JUN 2014,1121.0,women_200m,2014,https://worldathletics.org/athletes/athlete=14283608,toplist
92.0,23.14,0.1,Nercely SOTO,23 AUG 1990,VEN,1h1,,Veracruz (MEX),26 NOV 2014,1120.0,women_200m,2014,https://worldathletics.org/athletes/athlete=14377437,toplist
93.0,23.15,1.2,Kendall BAISDEN,05 MAR 1995,USA,2h2,,"Lubbock, TX (USA)",17 MAY 2014,1119.0,women_200m,2014,https://worldathletics.org/athletes/athlete=14326466,toplist
93.0,23.15,1.8,Esther CREMER,29 MAR 1988,GER,1f2,,Weinheim (GER),31 MAY 2014,1119.0,women_200m,2014,https://worldathletics.org/athletes/athlete=14277297,toplist
93.0,23.15,0.3,Kelly PROPER,01 MAY 1988,IRL,5sf1,,"Letzigrund, Zürich (SUI)",14 AUG 2014,1119.0,women_200m,2014,https://worldathletics.org/athletes/athlete=14276119,toplist
96.0,23.16,1.8,Lyudmila LITVINOVA,08 JUN 1985,RUS,2f1,,"San Marcos, TX (USA)",26 APR 2014,1118.0,women_200m,2014,https://worldathletics.org/athletes/athlete=14298462,toplist
96.0,23.16,1.7,Jura Lanconia LEVY,04 NOV 1990,JAM,1,,"Gulf Shores, AL (USA)",24 MAY 2014,1118.0,women_200m,2014,https://worldathletics.org/athletes/athlete=14285765,toplist
96.0,23.16,1.2,Ángela Gabriela TENORIO,27 JAN 1996,ECU,1sf2,,"Hayward Field, Eugene, OR (USA)",24 JUL 2014,1118.0,women_200m,2014,https://worldathletics.org/athletes/athlete=14496119,toplist
99.0,23.17,0.1,Courtney OKOLO,15 MAR 1994,USA,3f3,,"Waco, TX (USA)",19 APR 2014,1117.0,women_200m,2014,https://worldathletics.org/athletes/athlete=14432036,toplist
99.0,23.17,-1.3,Reyare THOMAS,23 NOV 1987,TTO,2f2,,Port-of-Spain (TTO),22 JUN 2014,1124.0,women_200m,2014,https://worldathletics.org/athletes/athlete=14303055,toplist
1.0,21.63,0.2,Dafne SCHIPPERS,15 JUN 1992,NED,1,,"National Stadium, Beijing (CHN)",28 AUG 2015,1277.0,women_200m,2015,https://worldathletics.org/athletes/athlete=14291986,toplist
2.0,21.66,0.2,Elaine THOMPSON,28 JUN 1992,JAM,2,,"National Stadium, Beijing (CHN)",28 AUG 2015,1274.0,women_200m,2015,https://worldathletics.org/athletes/athlete=14285956,toplist
3.0,21.97,0.2,Veronica CAMPBELL-BROWN,15 MAY 1982,JAM,3,,"National Stadium, Beijing (CHN)",28 AUG 2015,1241.0,women_200m,2015,https://worldathletics.org/athletes/athlete=14285598,toplist
4.0,21.98,1.6,Allyson FELIX,18 NOV 1985,USA,1,,"Suhaim bin Hamad Stadium, Doha (QAT)",15 MAY 2015,1240.0,women_200m,2015,https://worldathletics.org/athletes/athlete=14309983,toplist
5.0,22.01,0.2,Candyce MCGRONE,24 MAR 1989,USA,4,,"National Stadium, Beijing (CHN)",28 AUG 2015,1237.0,women_200m,2015,https://worldathletics.org/athletes/athlete=14316585,toplist
6.0,22.07,0.2,Dina ASHER-SMITH,04 DEC 1995,GBR,5,,"National Stadium, Beijing (CHN)",28 AUG 2015,1230.0,women_200m,2015,https://worldathletics.org/athletes/athlete=14378282,toplist
7.0,22.14,0.2,Shaunae MILLER,15 APR 1994,BAH,1f1,,"National Stadium, Kingston (JAM)",09 MAY 2015,1223.0,women_200m,2015,https://worldathletics.org/athletes/athlete=14368116,toplist
8.0,22.18,1.9,Dezerea BRYANT,27 APR 1993,USA,1,,"Eugene, OR (USA)",13 JUN 2015,1219.0,women_200m,2015,https://worldathletics.org/athletes/athlete=14375109,toplist
9.0,22.20,0.4,Jenna PRANDINI,20 NOV 1992,USA,1,,"Hayward Field, Eugene, OR (USA)",28 JUN 2015,1217.0,women_200m,2015,https://worldathletics.org/athletes/athlete=14329068,toplist
10.0,22.23,-2.8,Tori BOWIE,27 AUG 1990,USA,1,,"Icahn Stadium, New York, NY (USA)",13 JUN 2015,1230.0,women_200m,2015,https://worldathletics.org/athletes/athlete=14360382,toplist
10.0,22.23,-0.3,Jeneba TARMOH,27 SEP 1989,USA,3,,"Stade Louis II, Monaco (MON)",17 JUL 2015,1215.0,women_200m,2015,https://worldathletics.org/athletes/athlete=14322457,toplist
12.0,22.24,1.9,Kamaria BROWN,21 DEC 1992,USA,3,,"Eugene, OR (USA)",13 JUN 2015,1212.0,women_200m,2015,https://worldathletics.org/athletes/athlete=14306592,toplist
12.0,22.24,1.9,Kyra JEFFERSON,23 SEP 1994,USA,4,,"Eugene, OR (USA)",13 JUN 2015,1212.0,women_200m,2015,https://worldathletics.org/athletes/athlete=14411312,toplist
14.0,22.29,1.6,Murielle AHOURÉ,23 AUG 1987,CIV,2,,"Suhaim bin Hamad Stadium, Doha (QAT)",15 MAY 2015,1207.0,women_200m,2015,https://worldathletics.org/athletes/athlete=14304569,toplist
15.0,22.32,0.8,Charonda WILLIAMS,27 MAR 1987,USA,1f1,,Luzern (SUI),14 JUL 2015,1204.0,women_200m,2015,https://worldathletics.org/athletes/athlete=14324253,toplist
15.0,22.32,-0.1,Ivet LALOVA-COLLIO,18 MAY 1984,BUL,3sf1,,"National Stadium, Beijing (CHN)",27 AUG 2015,1204.0,women_200m,2015,https://worldathletics.org/athletes/athlete=14268643,toplist
17.0,22.37,0.2,Shelly-Ann FRASER-PRYCE,27 DEC 1986,JAM,3f1,,"National Stadium, Kingston (JAM)",09 MAY 2015,1199.0,women_200m,2015,https://worldathletics.org/athletes/athlete=14285680,toplist
18.0,22.43,0.3,Shakima WIMBLEY,23 APR 1995,USA,1,,"Tallahassee, FL (USA)",16 MAY 2015,1193.0,women_200m,2015,https://worldathletics.org/athletes/athlete=14467626,toplist
18.0,22.43,-0.7,Candace HILL,11 FEB 1999,USA,1,,"Pascual Guerrero Stadium, Cali (COL)",19 JUL 2015,1197.0,women_200m,2015,https://worldathletics.org/athletes/athlete=14596374,toplist
20.0,22.47,0.4,Kaylin WHITNEY,09 MAR 1998,USA,4,,"Hayward Field, Eugene, OR (USA)",28 JUN 2015,1189.0,women_200m,2015,https://worldathletics.org/athletes/athlete=14524719,toplist
21.0,22.50,0.2,Sherone SIMPSON,12 AUG 1984,JAM,8,,"National Stadium, Beijing (CHN)",28 AUG 2015,1186.0,women_200m,2015,https://worldathletics.org/athletes/athlete=14285909,toplist
22.0,22.51,1.3,Semoy HACKETT,27 NOV 1988,TTO,2,,San José (CRC),09 AUG 2015,1184.0,women_200m,2015,https://worldathletics.org/athletes/athlete=14303004,toplist
23.0,22.52,1.9,Morolake AKINOSUN,17 MAY 1994,USA,5,,"Eugene, OR (USA)",13 JUN 2015,1183.0,women_200m,2015,https://worldathletics.org/athletes/athlete=14430813,toplist
24.0,22.55,1.4,Simone FACEY,07 MAY 1985,JAM,1,,Edmonton (CAN),12 JUL 2015,1180.0,women_200m,2015,https://worldathletics.org/athletes/athlete=14285672,toplist
25.0,22.56,1.4,Shalonda SOLOMON,19 DEC 1985,USA,2,,Edmonton (CAN),12 JUL 2015,1179.0,women_200m,2015,https://worldathletics.org/athletes/athlete=14321706,toplist
25.0,22.56,-0.1,Marie-Josée TA LOU,18 NOV 1988,CIV,3sf2,,"National Stadium, Beijing (CHN)",27 AUG 2015,1179.0,women_200m,2015,https://worldathletics.org/athletes/athlete=14415994,toplist
27.0,22.60,0.4,Muna LEE,30 OCT 1981,USA,7,,"Hayward Field, Eugene, OR (USA)",28 JUN 2015,1175.0,women_200m,2015,https://worldathletics.org/athletes/athlete=14315186,toplist
28.0,22.62,0.8,Tiffany TOWNSEND,14 JUN 1989,USA,3f1,,Luzern (SUI),14 JUL 2015,1173.0,women_200m,2015,https://worldathletics.org/athletes/athlete=14322941,toplist
29.0,22.64,-0.1,Mujinga KAMBUNDJI,17 JUN 1992,SUI,4sf1,,"National Stadium, Beijing (CHN)",27 AUG 2015,1171.0,women_200m,2015,https://worldathletics.org/athletes/athlete=14300897,toplist
30.0,22.67,-2.8,Blessing OKAGBARE,09 OCT 1988,NGR,2,,"Icahn Stadium, New York, NY (USA)",13 JUN 2015,1184.0,women_200m,2015,https://worldathletics.org/athletes/athlete=14292330,toplist
31.0,22.68,2.0,Chioma AGWUNOBI,,USA,1qf2,,"Jacksonville, FL (USA)",30 MAY 2015,1167.0,women_200m,2015,https://worldathletics.org/athletes/athlete=14507533,toplist
32.0,22.69,1.6,Anthonique STRACHAN,22 AUG 1993,BAH,3,,"Suhaim bin Hamad Stadium, Doha (QAT)",15 MAY 2015,1166.0,women_200m,2015,https://worldathletics.org/athletes/athlete=14368117,toplist
33.0,22.70,0.1,Phyllis FRANCIS,04 MAY 1992,USA,2f1,,"Walnut, CA (USA)",18 APR 2015,1165.0,women_200m,2015,https://worldathletics.org/athletes/athlete=14310414,toplist
34.0,22.72,1.6,Kerron STEWART,16 APR 1984,JAM,2sf1,,"CIBC, Toronto (CAN)",23 JUL 2015,1163.0,women_200m,2015,https://worldathletics.org/athletes/athlete=14285938,toplist
35.0,22.74,0.1,English GARDNER,22 APR 1992,USA,3f1,,"Walnut, CA (USA)",18 APR 2015,1161.0,women_200m,2015,https://worldathletics.org/athletes/athlete=14310719,toplist
35.0,22.74,1.2,Kamaria DURANT,24 FEB 1991,TTO,1h2,,"CIBC, Toronto (CAN)",23 JUL 2015,1161.0,women_200m,2015,https://worldathletics.org/athletes/athlete=14302992,toplist
37.0,22.75,0.1,Natalia POHREBNIAK,19 FEB 1988,UKR,1,,Kirovograd (UKR),31 JUL 2015,1160.0,women_200m,2015,https://worldathletics.org/athletes/athlete=14304035,toplist
38.0,22.76,0.2,Natasha HASTINGS,23 JUL 1986,USA,2f1,,"Austin, TX (USA)",11 APR 2015,1159.0,women_200m,2015,https://worldathletics.org/athletes/athlete=14312172,toplist
38.0,22.76,2.0,Felicia BROWN,27 OCT 1993,USA,2qf2,,"Jacksonville, FL (USA)",30 MAY 2015,1159.0,women_200m,2015,https://worldathletics.org/athletes/athlete=14366314,toplist
38.0,22.76,1.8,Jada MARTIN,08 JUN 1995,USA,2sf2,,"Eugene, OR (USA)",11 JUN 2015,1159.0,women_200m,2015,https://worldathletics.org/athletes/athlete=14430830,toplist
38.0,22.76,1.9,Aaliyah BROWN,06 JAN 1995,USA,6,,"Eugene, OR (USA)",13 JUN 2015,1159.0,women_200m,2015,https://worldathletics.org/athletes/athlete=14306531,toplist
42.0,22.77,1.7,Rosângela SANTOS,20 DEC 1990,BRA,4,,"Alexander Stadium, Birmingham (GBR)",07 JUN 2015,1158.0,women_200m,2015,https://worldathletics.org/athletes/athlete=14268928,toplist
42.0,22.77,-0.8,Viktoriya ZYABKINA,04 SEP 1992,KAZ,1,,"Main Stadium, Gwangju (KOR)",10 JUL 2015,1162.0,women_200m,2015,https://worldathletics.org/athletes/athlete=14375464,toplist
44.0,22.80,0.2,Kendall BAISDEN,05 MAR 1995,USA,1h2,,"Ames, IA (USA)",16 MAY 2015,1155.0,women_200m,2015,https://worldathletics.org/athletes/athlete=14326466,toplist
45.0,22.82,0.8,Reyare THOMAS,23 NOV 1987,TTO,1,,Port-of-Spain (TTO),11 JUL 2015,1153.0,women_200m,2015,https://worldathletics.org/athletes/athlete=14303055,toplist
46.0,22.83,0.1,Kimberlyn DUNCAN,02 AUG 1991,USA,4f1,,"Walnut, CA (USA)",18 APR 2015,1152.0,women_200m,2015,https://worldathletics.org/athletes/athlete=14309365,toplist
47.0,22.84,0.2,Cierra WHITE,29 APR 1993,USA,2h2,,"Ames, IA (USA)",16 MAY 2015,1151.0,women_200m,2015,https://worldathletics.org/athletes/athlete=14430809,toplist
47.0,22.84,1.9,Khamica BINGHAM,15 JUN 1994,CAN,1h3,,Windsor (CAN),23 MAY 2015,1151.0,women_200m,2015,https://worldathletics.org/athletes/athlete=14405309,toplist
47.0,22.84,-0.5,Ángela Gabriela TENORIO,27 JAN 1996,ECU,1,,Cuenca (ECU),31 MAY 2015,1154.0,women_200m,2015,https://worldathletics.org/athletes/athlete=14496119,toplist
50.0,22.85,0.2,Bianca WILLIAMS,18 DEC 1993,GBR,2h4,,"National Stadium, Beijing (CHN)",26 AUG 2015,1150.0,women_200m,2015,https://worldathletics.org/athletes/athlete=14401125,toplist
51.0,22.86,0.4,Aisha CAVIN,03 DEC 1992,USA,1,,"East Lansing, MI (USA)",17 MAY 2015,1149.0,women_200m,2015,https://worldathletics.org/athletes/athlete=14369566,toplist
51.0,22.86,1.4,Kimberly HYACINTHE,28 MAR 1989,CAN,3,,Edmonton (CAN),12 JUL 2015,1149.0,women_200m,2015,https://worldathletics.org/athletes/athlete=14267823,toplist
53.0,22.87,0.8,Shericka JACKSON,16 JUL 1994,JAM,1f2,,Luzern (SUI),14 JUL 2015,1148.0,women_200m,2015,https://worldathletics.org/athletes/athlete=14325599,toplist
53.0,22.87,-0.3,Sanya RICHARDS-ROSS,26 FEB 1985,USA,6,,"Olympic Stadium, London (GBR)",25 JUL 2015,1149.0,women_200m,2015,https://worldathletics.org/athletes/athlete=14319838,toplist
55.0,22.88,1.6,Deanna HILL,13 APR 1996,USA,1f4,,"Gainesville, FL (USA)",03 APR 2015,1147.0,women_200m,2015,https://worldathletics.org/athletes/athlete=14430848,toplist
55.0,22.88,-1.8,Carmelita JETER,24 NOV 1979,USA,1f1,,"Norwalk, CA (USA)",06 JUN 2015,1157.0,women_200m,2015,https://worldathletics.org/athletes/athlete=14313618,toplist
55.0,22.88,0.8,Jodie WILLIAMS,28 SEP 1993,GBR,5f1,,Luzern (SUI),14 JUL 2015,1147.0,women_200m,2015,https://worldathletics.org/athletes/athlete=14276757,toplist
58.0,22.89,1.9,Jasmine TODD,23 DEC 1993,USA,1h1,,"Los Angeles, CA (USA)",16 MAY 2015,1146.0,women_200m,2015,https://worldathletics.org/athletes/athlete=14375278,toplist
58.0,22.89,0.4,Brittany BROWN,18 APR 1995,USA,2,,"East Lansing, MI (USA)",17 MAY 2015,1146.0,women_200m,2015,https://worldathletics.org/athletes/athlete=14437218,toplist
58.0,22.89,0.7,Porscha LUCAS,18 JUN 1988,USA,3h5,,"Hayward Field, Eugene, OR (USA)",27 JUN 2015,1146.0,women_200m,2015,https://worldathletics.org/athletes/athlete=14315666,toplist
61.0,22.90,-0.7,Lauren Rain WILLIAMS,25 JUL 1999,USA,2,,"Pascual Guerrero Stadium, Cali (COL)",19 JUL 2015,1149.0,women_200m,2015,https://worldathletics.org/athletes/athlete=14636153,toplist
62.0,22.92,1.6,Margaret ADEOYE,22 APR 1985,GBR,3f2,,"Clermont, FL (USA)",18 APR 2015,1143.0,women_200m,2015,https://worldathletics.org/athletes/athlete=14274348,toplist
62.0,22.92,1.4,Crystal EMMANUEL,27 NOV 1991,CAN,4,,Edmonton (CAN),12 JUL 2015,1143.0,women_200m,2015,https://worldathletics.org/athletes/athlete=14270576,toplist
62.0,22.92,-0.1,Gloria HOOPER,03 MAR 1992,ITA,5sf3,,"National Stadium, Beijing (CHN)",27 AUG 2015,1143.0,women_200m,2015,https://worldathletics.org/athletes/athlete=14381808,toplist
65.0,22.93,1.2,Taylor WASHINGTON,06 MAY 1993,USA,1f4,,"Fayetteville, AR (USA)",11 APR 2015,1142.0,women_200m,2015,https://worldathletics.org/athletes/athlete=14335321,toplist
65.0,22.93,1.3,Courtney OKOLO,15 MAR 1994,USA,1h1,,"Ames, IA (USA)",16 MAY 2015,1142.0,women_200m,2015,https://worldathletics.org/athletes/athlete=14432036,toplist
65.0,22.93,0.5,Destinee GAUSE,04 APR 1994,USA,2qf3,,"Jacksonville, FL (USA)",30 MAY 2015,1142.0,women_200m,2015,https://worldathletics.org/athletes/athlete=14373732,toplist
68.0,22.94,2.0,Shannon HYLTON,19 DEC 1996,GBR,1,,Loughborough (GBR),17 MAY 2015,1141.0,women_200m,2015,https://worldathletics.org/athletes/athlete=14482422,toplist
68.0,22.94,0.0,Anna KIEŁBASIŃSKA,26 JUN 1990,POL,1,,Kraków (POL),21 JUL 2015,1141.0,women_200m,2015,https://worldathletics.org/athletes/athlete=14293852,toplist
68.0,22.94,0.3,Desiree HENRY,26 AUG 1995,GBR,1,,Mannheim (GER),08 AUG 2015,1141.0,women_200m,2015,https://worldathletics.org/athletes/athlete=14360349,toplist
71.0,22.95,-0.2,Jamile SAMUEL,24 APR 1992,NED,1,,Mersin (TUR),31 MAY 2015,1141.0,women_200m,2015,https://worldathletics.org/athletes/athlete=14291975,toplist
71.0,22.95,-1.1,Samantha HENRY-ROBINSON,25 SEP 1988,JAM,1h2,,Kingston (JAM),27 JUN 2015,1146.0,women_200m,2015,https://worldathletics.org/athletes/athlete=14285727,toplist
71.0,22.95,-0.8,A'Keyla MITCHELL,25 OCT 1995,USA,2,,"Main Stadium, Gwangju (KOR)",10 JUL 2015,1144.0,women_200m,2015,https://worldathletics.org/athletes/athlete=14491414,toplist
71.0,22.95,1.2,Isidora JIMÉNEZ,10 AUG 1993,CHI,4h2,,"CIBC, Toronto (CAN)",23 JUL 2015,1140.0,women_200m,2015,https://worldathletics.org/athletes/athlete=14407566,toplist
71.0,22.95,1.0,Rebekka HAASE,02 JAN 1993,GER,1,,Nürnberg (GER),26 JUL 2015,1140.0,women_200m,2015,https://worldathletics.org/athletes/athlete=14360165,toplist
76.0,22.96,1.9,Justine PALFRAMAN,04 NOV 1993,RSA,1,,Stellenbosch (RSA),25 APR 2015,1139.0,women_200m,2015,https://worldathletics.org/athletes/athlete=14360057,toplist
77.0,22.97,0.8,Sally PEARSON,19 SEP 1986,AUS,1,,Canberra (AUS),07 FEB 2015,1138.0,women_200m,2015,https://worldathletics.org/athletes/athlete=14271668,toplist
77.0,22.97,0.7,TyNia GAITHER,16 MAR 1993,BAH,1,,"Los Angeles, CA (USA)",17 MAY 2015,1138.0,women_200m,2015,https://worldathletics.org/athletes/athlete=14362366,toplist
77.0,22.97,0.5,Alexis FAULKNOR,22 SEP 1994,USA,3h4,,"Hayward Field, Eugene, OR (USA)",27 JUN 2015,1138.0,women_200m,2015,https://worldathletics.org/athletes/athlete=14366528,toplist
80.0,22.99,2.0,Leslie COLE,16 FEB 1987,USA,1f1,,"Azusa, CA (USA)",17 APR 2015,1136.0,women_200m,2015,https://worldathletics.org/athletes/athlete=14307858,toplist
80.0,22.99,0.8,Lekeisha LAWSON,03 JUN 1987,USA,1f1,,"Fresno, CA (USA)",25 APR 2015,1136.0,women_200m,2015,https://worldathletics.org/athletes/athlete=14315112,toplist
80.0,22.99,1.2,Nercely SOTO,23 AUG 1990,VEN,5h2,,"CIBC, Toronto (CAN)",23 JUL 2015,1136.0,women_200m,2015,https://worldathletics.org/athletes/athlete=14377437,toplist
83.0,23.02,0.7,Tatjana PINTO,02 JUL 1992,GER,1f1,,Mannheim (GER),28 JUN 2015,1132.0,women_200m,2015,https://worldathletics.org/athletes/athlete=14279214,toplist
84.0,23.03,0.2,Salwa Eid NASER,23 MAY 1998,BRN,2f3,,Plovdiv (BUL),28 JUN 2015,1131.0,women_200m,2015,https://worldathletics.org/athletes/athlete=14643442,toplist
84.0,23.03,1.2,Sheniqua FERGUSON,24 NOV 1989,BAH,6h2,,"CIBC, Toronto (CAN)",23 JUL 2015,1131.0,women_200m,2015,https://worldathletics.org/athletes/athlete=14270638,toplist
84.0,23.03,1.3,Celiangely MORALES,02 NOV 1985,PUR,5,,San José (CRC),09 AUG 2015,1131.0,women_200m,2015,https://worldathletics.org/athletes/athlete=14295325,toplist
87.0,23.04,1.6,Ella NELSON,10 MAY 1994,AUS,1f1,,Brisbane (AUS),29 MAR 2015,1130.0,women_200m,2015,https://worldathletics.org/athletes/athlete=14336753,toplist
87.0,23.04,1.6,Janet AMPONSAH,12 APR 1993,GHA,1f1,,"Canyon, TX (USA)",25 APR 2015,1130.0,women_200m,2015,https://worldathletics.org/athletes/athlete=14334452,toplist
87.0,23.04,0.3,Sabria HADLEY,01 JAN 1995,USA,2,,"Tallahassee, FL (USA)",16 MAY 2015,1130.0,women_200m,2015,https://worldathletics.org/athletes/athlete=14471485,toplist
87.0,23.04,1.8,Yekaterina SMIRNOVA,08 SEP 1988,RUS,1,,Sochi (RUS),29 MAY 2015,1130.0,women_200m,2015,https://worldathletics.org/athletes/athlete=14299745,toplist
87.0,23.04,0.5,Gina LÜCKENKEMPER,21 NOV 1996,GER,1f1,,Mannheim (GER),28 JUN 2015,1130.0,women_200m,2015,https://worldathletics.org/athletes/athlete=14450088,toplist
87.0,23.04,-0.1,Maja MIHALINEC,17 DEC 1989,SLO,8sf1,,"National Stadium, Beijing (CHN)",27 AUG 2015,1130.0,women_200m,2015,https://worldathletics.org/athletes/athlete=14300190,toplist
93.0,23.05,0.4,Jodean WILLIAMS,11 NOV 1993,JAM,3h3,,Kingston (JAM),27 JUN 2015,1129.0,women_200m,2015,https://worldathletics.org/athletes/athlete=14435095,toplist
94.0,23.06,1.3,J'Nea BELLAMY,1994,USA,1,,"Storrs, CT (USA)",16 MAY 2015,1128.0,women_200m,2015,https://worldathletics.org/athletes/athlete=14491285,toplist
95.0,23.07,,Arianna WASHINGTON,04 SEP 1996,USA,3f1,,"Fayetteville, AR (USA) (i)",14 MAR 2015,1170.0,women_200m,2015,https://worldathletics.org/athletes/athlete=14468500,toplist
95.0,23.07,0.1,Francena MCCORORY,20 OCT 1988,USA,1f6,,"Hampton, VA (USA)",10 APR 2015,1127.0,women_200m,2015,https://worldathletics.org/athletes/athlete=14316439,toplist
97.0,23.08,-0.3,Jessica BEARD,08 JAN 1989,USA,3f1,,"Gainesville, FL (USA)",03 APR 2015,1127.0,women_200m,2015,https://worldathletics.org/athletes/athlete=14305526,toplist
97.0,23.08,1.7,Ana Claudia LEMOS,06 NOV 1988,BRA,1,,Sao Bernardo do Campo (BRA),17 MAY 2015,1126.0,women_200m,2015,https://worldathletics.org/athletes/athlete=14269001,toplist
97.0,23.08,1.6,Arialis Josefa GANDULLA,22 JUN 1995,CUB,6sf1,,"CIBC, Toronto (CAN)",23 JUL 2015,1126.0,women_200m,2015,https://worldathletics.org/athletes/athlete=14465496,toplist
97.0,23.08,1.0,Anna-Lena FREESE,21 JAN 1994,GER,2,,Nürnberg (GER),26 JUL 2015,1126.0,women_200m,2015,https://worldathletics.org/athletes/athlete=14361576,toplist
1.0,21.78,-0.1,Elaine THOMPSON,28 JUN 1992,JAM,1,,"Estádio Olímpico, Rio de Janeiro (BRA)",17 AUG 2016,1261.0,women_200m,2016,https://worldathletics.org/athletes/athlete=14285956,toplist
2.0,21.86,0.2,Dafne SCHIPPERS,15 JUN 1992,NED,2,,"Letzigrund, Zürich (SUI)",01 SEP 2016,1252.0,women_200m,2016,https://worldathletics.org/athletes/athlete=14291986,toplist
3.0,21.99,1.9,Tori BOWIE,27 AUG 1990,USA,1,,"Hayward Field, Eugene, OR (USA)",28 MAY 2016,1239.0,women_200m,2016,https://worldathletics.org/athletes/athlete=14360382,toplist
4.0,22.02,0.2,Allyson FELIX,18 NOV 1985,USA,3,,"Letzigrund, Zürich (SUI)",01 SEP 2016,1236.0,women_200m,2016,https://worldathletics.org/athletes/athlete=14309983,toplist
5.0,22.05,0.8,Shaunae MILLER,15 APR 1994,BAH,1,,Kingston (JAM),11 JUN 2016,1232.0,women_200m,2016,https://worldathletics.org/athletes/athlete=14368116,toplist
6.0,22.21,1.9,Arianna WASHINGTON,04 SEP 1996,USA,1,,"Eugene, OR (USA)",11 JUN 2016,1216.0,women_200m,2016,https://worldathletics.org/athletes/athlete=14468500,toplist
6.0,22.21,-0.1,Marie-Josée TA LOU,18 NOV 1988,CIV,4,,"Estádio Olímpico, Rio de Janeiro (BRA)",17 AUG 2016,1216.0,women_200m,2016,https://worldathletics.org/athletes/athlete=14415994,toplist
8.0,22.25,1.9,Deajah STEVENS,19 MAY 1995,USA,2,,"Eugene, OR (USA)",11 JUN 2016,1211.0,women_200m,2016,https://worldathletics.org/athletes/athlete=14378231,toplist
8.0,22.25,0.8,Michelle-Lee AHYE,10 APR 1992,TTO,2sf3,,"Estádio Olímpico, Rio de Janeiro (BRA)",16 AUG 2016,1211.0,women_200m,2016,https://worldathletics.org/athletes/athlete=14302966,toplist
10.0,22.26,-1.3,Felicia BROWN,27 OCT 1993,USA,1,,"Tuscaloosa, AL (USA)",14 MAY 2016,1217.0,women_200m,2016,https://worldathletics.org/athletes/athlete=14366314,toplist
11.0,22.29,0.5,Veronica CAMPBELL-BROWN,15 MAY 1982,JAM,1f1,,"Clermont, FL (USA)",30 APR 2016,1207.0,women_200m,2016,https://worldathletics.org/athletes/athlete=14285598,toplist
12.0,22.31,-0.1,Dina ASHER-SMITH,04 DEC 1995,GBR,5,,"Estádio Olímpico, Rio de Janeiro (BRA)",17 AUG 2016,1205.0,women_200m,2016,https://worldathletics.org/athletes/athlete=14378282,toplist
13.0,22.38,0.4,Lea SPRUNGER,05 MAR 1990,SUI,1,,Genève (SUI),17 JUL 2016,1198.0,women_200m,2016,https://worldathletics.org/athletes/athlete=14301240,toplist
14.0,22.39,0.8,Jenna PRANDINI,20 NOV 1992,USA,2,,Kingston (JAM),11 JUN 2016,1197.0,women_200m,2016,https://worldathletics.org/athletes/athlete=14329068,toplist
15.0,22.40,1.4,Joanna ATKINS,31 JAN 1989,USA,1f1,,"Clermont, FL (USA)",14 MAY 2016,1196.0,women_200m,2016,https://worldathletics.org/athletes/athlete=14305059,toplist
16.0,22.42,0.1,Ivet LALOVA-COLLIO,18 MAY 1984,BUL,2sf2,,"Estádio Olímpico, Rio de Janeiro (BRA)",16 AUG 2016,1194.0,women_200m,2016,https://worldathletics.org/athletes/athlete=14268643,toplist
17.0,22.46,0.1,Desiree HENRY,26 AUG 1995,GBR,2,,"Stade de France, Paris-St-Denis (FRA)",27 AUG 2016,1190.0,women_200m,2016,https://worldathletics.org/athletes/athlete=14360349,toplist
18.0,22.47,1.9,Gabrielle THOMAS,07 DEC 1996,USA,3,,"Eugene, OR (USA)",11 JUN 2016,1189.0,women_200m,2016,https://worldathletics.org/athletes/athlete=14733520,toplist
19.0,22.48,-1.3,Taylor WASHINGTON,06 MAY 1993,USA,2,,"Tuscaloosa, AL (USA)",14 MAY 2016,1195.0,women_200m,2016,https://worldathletics.org/athletes/athlete=14335321,toplist
20.0,22.49,-1.1,Hannah CUNLIFFE,09 JAN 1996,USA,1,,"Seattle, WA (USA)",15 MAY 2016,1193.0,women_200m,2016,https://worldathletics.org/athletes/athlete=14365078,toplist
21.0,22.50,0.1,Phyllis FRANCIS,04 MAY 1992,USA,2,,"Houston, TX (USA)",23 JUL 2016,1186.0,women_200m,2016,https://worldathletics.org/athletes/athlete=14310414,toplist
21.0,22.50,0.1,Ella NELSON,10 MAY 1994,AUS,3sf2,,"Estádio Olímpico, Rio de Janeiro (BRA)",16 AUG 2016,1186.0,women_200m,2016,https://worldathletics.org/athletes/athlete=14336753,toplist
21.0,22.50,0.2,Simone FACEY,07 MAY 1985,JAM,5,,"Letzigrund, Zürich (SUI)",01 SEP 2016,1186.0,women_200m,2016,https://worldathletics.org/athletes/athlete=14285672,toplist
24.0,22.52,0.1,Murielle AHOURÉ,23 AUG 1987,CIV,2h8,,"Estádio Olímpico, Rio de Janeiro (BRA)",15 AUG 2016,1183.0,women_200m,2016,https://worldathletics.org/athletes/athlete=14304569,toplist
25.0,22.54,1.9,Morolake AKINOSUN,17 MAY 1994,USA,4,,"Eugene, OR (USA)",11 JUN 2016,1181.0,women_200m,2016,https://worldathletics.org/athletes/athlete=14430813,toplist
25.0,22.54,1.9,TyNia GAITHER,16 MAR 1993,BAH,5,,"Eugene, OR (USA)",11 JUN 2016,1181.0,women_200m,2016,https://worldathletics.org/athletes/athlete=14362366,toplist
27.0,22.56,1.6,Kyra JEFFERSON,23 SEP 1994,USA,1h4,,"Tuscaloosa, AL (USA)",12 MAY 2016,1179.0,women_200m,2016,https://worldathletics.org/athletes/athlete=14411312,toplist
27.0,22.56,0.9,Shakima WIMBLEY,23 APR 1995,USA,1,,"Tallahassee, FL (USA)",15 MAY 2016,1179.0,women_200m,2016,https://worldathletics.org/athletes/athlete=14467626,toplist
27.0,22.56,1.9,Libania GRENOT,12 JUL 1983,ITA,1f1,,"Tampa, FL (USA)",27 MAY 2016,1179.0,women_200m,2016,https://worldathletics.org/athletes/athlete=14263547,toplist
30.0,22.57,0.3,Natasha HASTINGS,23 JUL 1986,USA,2,,Nassau (BAH),16 APR 2016,1178.0,women_200m,2016,https://worldathletics.org/athletes/athlete=14312172,toplist
31.0,22.58,1.8,Blessing OKAGBARE,09 OCT 1988,NGR,1f1,,Sollentuna (SWE),28 JUN 2016,1177.0,women_200m,2016,https://worldathletics.org/athletes/athlete=14292330,toplist
32.0,22.60,-1.3,Jada MARTIN,08 JUN 1995,USA,3,,"Tuscaloosa, AL (USA)",14 MAY 2016,1182.0,women_200m,2016,https://worldathletics.org/athletes/athlete=14430830,toplist
32.0,22.60,0.7,Deanna HILL,13 APR 1996,USA,1h2,,"Lawrence, KS (USA)",28 MAY 2016,1175.0,women_200m,2016,https://worldathletics.org/athletes/athlete=14430848,toplist
34.0,22.61,1.6,Sada WILLIAMS,01 DEC 1997,BAR,1,,St. Michael (BAR),18 MAR 2016,1174.0,women_200m,2016,https://worldathletics.org/athletes/athlete=14592846,toplist
34.0,22.61,1.6,Semoy HACKETT,27 NOV 1988,TTO,2f2,,Port-of-Spain (TTO),26 JUN 2016,1174.0,women_200m,2016,https://worldathletics.org/athletes/athlete=14303004,toplist
36.0,22.63,1.9,Alexis LOVE,24 APR 1991,USA,2f1,,"Tampa, FL (USA)",27 MAY 2016,1172.0,women_200m,2016,https://worldathletics.org/athletes/athlete=14407555,toplist
36.0,22.63,1.0,Shalonda SOLOMON,19 DEC 1985,USA,2,,"Bregyó Athletic Center, Székesfehérvár (HUN)",18 JUL 2016,1172.0,women_200m,2016,https://worldathletics.org/athletes/athlete=14321706,toplist
36.0,22.63,1.0,Tiffany TOWNSEND,14 JUN 1989,USA,3,,"Bregyó Athletic Center, Székesfehérvár (HUN)",18 JUL 2016,1172.0,women_200m,2016,https://worldathletics.org/athletes/athlete=14322941,toplist
39.0,22.64,1.0,Ashley HENDERSON,04 DEC 1995,USA,1f1,,"Palo Alto, CA (USA)",01 MAY 2016,1171.0,women_200m,2016,https://worldathletics.org/athletes/athlete=14436992,toplist
39.0,22.64,0.5,Natalia POHREBNIAK,19 FEB 1988,UKR,2h1,,"Estádio Olímpico, Rio de Janeiro (BRA)",15 AUG 2016,1171.0,women_200m,2016,https://worldathletics.org/athletes/athlete=14304035,toplist
41.0,22.65,1.0,Daye Shon ROBERSON,03 JUL 1995,USA,2f1,,"Palo Alto, CA (USA)",01 MAY 2016,1170.0,women_200m,2016,https://worldathletics.org/athletes/athlete=14465761,toplist
42.0,22.66,0.7,Viktoriya ZYABKINA,04 SEP 1992,KAZ,1,,Almaty (KAZ),26 JUN 2016,1169.0,women_200m,2016,https://worldathletics.org/athletes/athlete=14375464,toplist
43.0,22.67,0.0,Gina LÜCKENKEMPER,21 NOV 1996,GER,1f1,,Regensburg (GER),05 JUN 2016,1168.0,women_200m,2016,https://worldathletics.org/athletes/athlete=14450088,toplist
44.0,22.69,0.5,Jodie WILLIAMS,28 SEP 1993,GBR,3h7,,"Estádio Olímpico, Rio de Janeiro (BRA)",15 AUG 2016,1166.0,women_200m,2016,https://worldathletics.org/athletes/athlete=14276757,toplist
45.0,22.71,-1.0,Taylor BENNETT,15 JAN 1997,USA,1f8,,"Waco, TX (USA)",09 APR 2016,1170.0,women_200m,2016,https://worldathletics.org/athletes/athlete=14486589,toplist
46.0,22.72,1.6,Reyare THOMAS,23 NOV 1987,TTO,3f2,,Port-of-Spain (TTO),26 JUN 2016,1163.0,women_200m,2016,https://worldathletics.org/athletes/athlete=14303055,toplist
47.0,22.73,1.4,Kelly-Ann BAPTISTE,14 OCT 1986,TTO,2f1,,"Clermont, FL (USA)",14 MAY 2016,1162.0,women_200m,2016,https://worldathletics.org/athletes/athlete=14302975,toplist
48.0,22.74,0.6,Edidiong ODIONG,13 MAR 1997,BRN,1h9,,"Estádio Olímpico, Rio de Janeiro (BRA)",15 AUG 2016,1161.0,women_200m,2016,https://worldathletics.org/athletes/athlete=14541241,toplist
49.0,22.75,1.3,Alexandria ANDERSON,28 JAN 1987,USA,1,,Montreuil-sous-Bois (FRA),07 JUN 2016,1160.0,women_200m,2016,https://worldathletics.org/athletes/athlete=14304791,toplist
50.0,22.76,1.7,Candace HILL,11 FEB 1999,USA,1h2,,"Clovis, CA (USA)",25 JUN 2016,1159.0,women_200m,2016,https://worldathletics.org/athletes/athlete=14596374,toplist
51.0,22.77,0.1,Shayla SANDERS,06 JAN 1994,USA,1f1,,"Los Angeles, CA (USA)",26 MAR 2016,1158.0,women_200m,2016,https://worldathletics.org/athletes/athlete=14405076,toplist
52.0,22.78,0.7,Anneisha MCLAUGHLIN-WHILBY,06 JAN 1986,JAM,1,,Kingston (JAM),16 APR 2016,1157.0,women_200m,2016,https://worldathletics.org/athletes/athlete=14285805,toplist
52.0,22.78,1.9,Kortnei JOHNSON,11 AUG 1997,USA,1h3,,"Tuscaloosa, AL (USA)",12 MAY 2016,1157.0,women_200m,2016,https://worldathletics.org/athletes/athlete=14519052,toplist
52.0,22.78,0.1,Mujinga KAMBUNDJI,17 JUN 1992,SUI,3h8,,"Estádio Olímpico, Rio de Janeiro (BRA)",15 AUG 2016,1157.0,women_200m,2016,https://worldathletics.org/athletes/athlete=14300897,toplist
55.0,22.79,,Courtney OKOLO,15 MAR 1994,USA,1,,"Ames, IA (USA) (i)",27 FEB 2016,0.0,women_200m,2016,https://worldathletics.org/athletes/athlete=14432036,toplist
55.0,22.79,1.0,Khianna GRAY,30 DEC 1996,USA,1h2,,"Jacksonville, FL (USA)",27 MAY 2016,1156.0,women_200m,2016,https://worldathletics.org/athletes/athlete=14597005,toplist
55.0,22.79,1.3,Katarina JOHNSON-THOMPSON,09 JAN 1993,GBR,1ce7,,"Mösle-Stadium, Götzis (AUT)",28 MAY 2016,1156.0,women_200m,2016,https://worldathletics.org/athletes/athlete=14276543,toplist
55.0,22.79,1.0,Nadine GONSKA,23 JAN 1990,GER,1f2,,Mannheim (GER),29 JUL 2016,1156.0,women_200m,2016,https://worldathletics.org/athletes/athlete=14374120,toplist
59.0,22.80,1.7,Cambrya JONES,20 SEP 1990,USA,1f1,,"Coral Gables, FL (USA)",09 APR 2016,1155.0,women_200m,2016,https://worldathletics.org/athletes/athlete=14360397,toplist
59.0,22.80,-0.1,Lauren Rain WILLIAMS,25 JUL 1999,USA,1,,"Norwalk, CA (USA)",27 MAY 2016,1155.0,women_200m,2016,https://worldathletics.org/athletes/athlete=14636153,toplist
59.0,22.80,1.2,LaTessa JOHNSON,13 APR 1997,USA,2h3,,"Lawrence, KS (USA)",28 MAY 2016,1155.0,women_200m,2016,https://worldathletics.org/athletes/athlete=14492786,toplist
59.0,22.80,0.5,Crystal EMMANUEL,27 NOV 1991,CAN,3h1,,"Estádio Olímpico, Rio de Janeiro (BRA)",15 AUG 2016,1155.0,women_200m,2016,https://worldathletics.org/athletes/athlete=14270576,toplist
63.0,22.81,-0.8,Jeneba TARMOH,27 SEP 1989,USA,4,,"Olympic Stadium, London (GBR)",23 JUL 2016,1158.0,women_200m,2016,https://worldathletics.org/athletes/athlete=14322457,toplist
63.0,22.81,0.8,Laura MÜLLER,11 DEC 1995,GER,1f1,,Mannheim (GER),29 JUL 2016,1154.0,women_200m,2016,https://worldathletics.org/athletes/athlete=14402867,toplist
65.0,22.83,-0.4,Jamile SAMUEL,24 APR 1992,NED,4,,"Olympisch Stadion, Amsterdam (NED)",07 JUL 2016,1154.0,women_200m,2016,https://worldathletics.org/athletes/athlete=14291975,toplist
66.0,22.84,0.3,Kaylin WHITNEY,09 MAR 1998,USA,4,,Nassau (BAH),16 APR 2016,1151.0,women_200m,2016,https://worldathletics.org/athletes/athlete=14524719,toplist
66.0,22.84,1.2,Alyssa CONLEY,27 APR 1991,RSA,2,,Durban (RSA),26 JUN 2016,1151.0,women_200m,2016,https://worldathletics.org/athletes/athlete=14296159,toplist
68.0,22.85,0.7,Anastasia Natalie LE-ROY,11 SEP 1987,JAM,2,,Kingston (JAM),16 APR 2016,1150.0,women_200m,2016,https://worldathletics.org/athletes/athlete=14285764,toplist
68.0,22.85,1.9,Felecia MAJORS,11 FEB 1995,USA,2h2,,"Tuscaloosa, AL (USA)",12 MAY 2016,1150.0,women_200m,2016,https://worldathletics.org/athletes/athlete=14464049,toplist
70.0,22.86,0.4,Kali DAVIS-WHITE,27 OCT 1994,USA,2f1,,"Tallahassee, FL (USA)",16 APR 2016,1149.0,women_200m,2016,https://worldathletics.org/athletes/athlete=14436980,toplist
70.0,22.86,0.4,Tessa VAN SCHAGEN,02 FEB 1994,NED,1,,Amsterdam (NED),19 JUN 2016,1149.0,women_200m,2016,https://worldathletics.org/athletes/athlete=14401527,toplist
70.0,22.86,0.8,Lisa MAYER,02 MAY 1996,GER,2h2,,"Estádio Olímpico, Rio de Janeiro (BRA)",15 AUG 2016,1149.0,women_200m,2016,https://worldathletics.org/athletes/athlete=14448966,toplist
73.0,22.87,0.3,Jasmine CAMACHO-QUINN,21 AUG 1996,USA,2h3,,"Jacksonville, FL (USA)",27 MAY 2016,1148.0,women_200m,2016,https://worldathletics.org/athletes/athlete=14494234,toplist
74.0,22.88,1.6,Kai SELVON,13 APR 1992,TTO,5f2,,Port-of-Spain (TTO),26 JUN 2016,1147.0,women_200m,2016,https://worldathletics.org/athletes/athlete=14303044,toplist
74.0,22.88,1.8,Chisato FUKUSHIMA,27 JUN 1988,JPN,1,,Nagoya (JPN),26 JUN 2016,1147.0,women_200m,2016,https://worldathletics.org/athletes/athlete=14286217,toplist
74.0,22.88,0.8,Nercely SOTO,23 AUG 1990,VEN,7sf3,,"Estádio Olímpico, Rio de Janeiro (BRA)",16 AUG 2016,1147.0,women_200m,2016,https://worldathletics.org/athletes/athlete=14377437,toplist
77.0,22.89,-0.2,Quanera HAYES,07 MAR 1992,USA,2f1,,"Gainesville, FL (USA)",22 APR 2016,1147.0,women_200m,2016,https://worldathletics.org/athletes/athlete=14509544,toplist
77.0,22.89,0.8,Audra SEGREE,10 MAY 1990,JAM,3,,Kingston (JAM),11 JUN 2016,1146.0,women_200m,2016,https://worldathletics.org/athletes/athlete=14285899,toplist
77.0,22.89,1.4,Gloria HOOPER,03 MAR 1992,ITA,1,,Rieti (ITA),26 JUN 2016,1146.0,women_200m,2016,https://worldathletics.org/athletes/athlete=14381808,toplist
77.0,22.89,0.4,Ellen SPRUNGER,05 AUG 1986,SUI,2,,Genève (SUI),17 JUL 2016,1146.0,women_200m,2016,https://worldathletics.org/athletes/athlete=14301239,toplist
81.0,22.92,1.2,Gina BASS,03 MAY 1995,GAM,3,,Durban (RSA),26 JUN 2016,1143.0,women_200m,2016,https://worldathletics.org/athletes/athlete=14479741,toplist
82.0,22.93,1.1,Kauiza MOREIRA VENANCIO,11 JUN 1987,BRA,1,,Sao Bernardo do Campo (BRA),03 JUL 2016,1142.0,women_200m,2016,https://worldathletics.org/athletes/athlete=14268796,toplist
83.0,22.94,1.7,Jessica BEARD,08 JAN 1989,USA,3f1,,"Coral Gables, FL (USA)",09 APR 2016,1141.0,women_200m,2016,https://worldathletics.org/athletes/athlete=14305526,toplist
83.0,22.94,0.9,A'Keyla MITCHELL,25 OCT 1995,USA,1f1,,"Baton Rouge, LA (USA)",09 APR 2016,1141.0,women_200m,2016,https://worldathletics.org/athletes/athlete=14491414,toplist
83.0,22.94,0.8,Ángela Gabriela TENORIO,27 JAN 1996,ECU,4h2,,"Estádio Olímpico, Rio de Janeiro (BRA)",15 AUG 2016,1141.0,women_200m,2016,https://worldathletics.org/athletes/athlete=14496119,toplist
86.0,22.95,0.3,Shericka JACKSON,16 JUL 1994,JAM,2f1,,Kingston (JAM),30 JAN 2016,1140.0,women_200m,2016,https://worldathletics.org/athletes/athlete=14325599,toplist
86.0,22.95,0.7,Briana GUILLORY,21 NOV 1997,USA,1,,"Lincoln, NE (USA)",15 MAY 2016,1140.0,women_200m,2016,https://worldathletics.org/athletes/athlete=14581059,toplist
86.0,22.95,0.7,Olga SAFRONOVA,05 NOV 1991,KAZ,2,,Almaty (KAZ),26 JUN 2016,1140.0,women_200m,2016,https://worldathletics.org/athletes/athlete=14288586,toplist
86.0,22.95,0.5,Anna KIEŁBASIŃSKA,26 JUN 1990,POL,4h1,,"Estádio Olímpico, Rio de Janeiro (BRA)",15 AUG 2016,1140.0,women_200m,2016,https://worldathletics.org/athletes/athlete=14293852,toplist
90.0,22.96,-0.2,Ashleigh NELSON,20 FEB 1991,GBR,1f6,,"Waco, TX (USA)",23 APR 2016,1140.0,women_200m,2016,https://worldathletics.org/athletes/athlete=14275890,toplist
90.0,22.96,-0.1,Anthonique STRACHAN,22 AUG 1993,BAH,3h5,,"Estádio Olímpico, Rio de Janeiro (BRA)",15 AUG 2016,1139.0,women_200m,2016,https://worldathletics.org/athletes/athlete=14368117,toplist
92.0,22.97,0.2,Destiny CARTER,09 OCT 1992,USA,1h6,,"Jacksonville, FL (USA)",27 MAY 2016,1138.0,women_200m,2016,https://worldathletics.org/athletes/athlete=14625419,toplist
92.0,22.97,2.0,Lauryn GHEE,31 OCT 1998,USA,1h3,,"Greensboro, NC (USA)",19 JUN 2016,1138.0,women_200m,2016,https://worldathletics.org/athletes/athlete=14649927,toplist
94.0,22.98,1.2,Lekeisha LAWSON,03 JUN 1987,USA,1f1,,"Norwalk, CA (USA)",04 JUN 2016,1137.0,women_200m,2016,https://worldathletics.org/athletes/athlete=14315112,toplist
94.0,22.98,1.9,Marie VEALE,17 NOV 1994,USA,1f2,,"Norwalk, CA (USA)",04 JUN 2016,1137.0,women_200m,2016,https://worldathletics.org/athletes/athlete=14489184,toplist
96.0,22.99,2.0,Kerron STEWART,16 APR 1984,JAM,4f1,,"Austin, TX (USA)",16 APR 2016,1136.0,women_200m,2016,https://worldathletics.org/athletes/athlete=14285938,toplist
96.0,22.99,1.2,Brenessa THOMPSON,22 JUL 1996,GUY,3h3,,"Lawrence, KS (USA)",28 MAY 2016,1136.0,women_200m,2016,https://worldathletics.org/athletes/athlete=14474359,toplist
96.0,22.99,0.9,Janet AMPONSAH,12 APR 1993,GHA,1,,Cape Coast (GHA),08 JUL 2016,1136.0,women_200m,2016,https://worldathletics.org/athletes/athlete=14334452,toplist
99.0,23.00,1.4,Kendra HARRISON,18 SEP 1992,USA,1f1,,"Lexington, KY (USA)",07 MAY 2016,1135.0,women_200m,2016,https://worldathletics.org/athletes/athlete=14425415,toplist
99.0,23.00,-0.4,Lilla MCMILLAN,31 AUG 1994,USA,1,,"Orlando, FL (USA)",15 MAY 2016,1137.0,women_200m,2016,https://worldathletics.org/athletes/athlete=14423529,toplist
1.0,21.77,1.5,Tori BOWIE,27 AUG 1990,USA,1,,"Hayward Field, Eugene, OR (USA)",27 MAY 2017,1262.0,women_200m,2017,https://worldathletics.org/athletes/athlete=14360382,toplist
2.0,21.88,0.1,Shaunae MILLER,15 APR 1994,BAH,1,,"Letzigrund, Zürich (SUI)",24 AUG 2017,1250.0,women_200m,2017,https://worldathletics.org/athletes/athlete=14368116,toplist
3.0,21.98,1.5,Elaine THOMPSON,28 JUN 1992,JAM,3,,"Hayward Field, Eugene, OR (USA)",27 MAY 2017,1240.0,women_200m,2017,https://worldathletics.org/athletes/athlete=14285956,toplist
4.0,22.02,1.1,Kyra JEFFERSON,23 SEP 1994,USA,1,,"Eugene, OR (USA)",10 JUN 2017,1236.0,women_200m,2017,https://worldathletics.org/athletes/athlete=14411312,toplist
5.0,22.05,0.8,Dafne SCHIPPERS,15 JUN 1992,NED,1,,"Olympic Stadium, London (GBR)",11 AUG 2017,1232.0,women_200m,2017,https://worldathletics.org/athletes/athlete=14291986,toplist
6.0,22.08,0.8,Marie-Josée TA LOU,18 NOV 1988,CIV,2,,"Olympic Stadium, London (GBR)",11 AUG 2017,1229.0,women_200m,2017,https://worldathletics.org/athletes/athlete=14415994,toplist
7.0,22.09,1.5,Deajah STEVENS,19 MAY 1995,USA,1,,"Eugene, OR (USA)",14 MAY 2017,1228.0,women_200m,2017,https://worldathletics.org/athletes/athlete=14378231,toplist
8.0,22.22,0.8,Dina ASHER-SMITH,04 DEC 1995,GBR,4,,"Olympic Stadium, London (GBR)",11 AUG 2017,1215.0,women_200m,2017,https://worldathletics.org/athletes/athlete=14378282,toplist
9.0,22.33,1.5,Allyson FELIX,18 NOV 1985,USA,5,,"Hayward Field, Eugene, OR (USA)",27 MAY 2017,1203.0,women_200m,2017,https://worldathletics.org/athletes/athlete=14309983,toplist
10.0,22.39,1.1,Arianna WASHINGTON,04 SEP 1996,USA,2,,"Eugene, OR (USA)",10 JUN 2017,1197.0,women_200m,2017,https://worldathletics.org/athletes/athlete=14468500,toplist
11.0,22.41,1.5,Deanna HILL,13 APR 1996,USA,2,,"Eugene, OR (USA)",14 MAY 2017,1195.0,women_200m,2017,https://worldathletics.org/athletes/athlete=14430848,toplist
12.0,22.42,-0.3,Mujinga KAMBUNDJI,17 JUN 1992,SUI,1,,Zürich (SUI),22 JUL 2017,1195.0,women_200m,2017,https://worldathletics.org/athletes/athlete=14300897,toplist
13.0,22.46,0.2,Shericka JACKSON,16 JUL 1994,JAM,3,,"Olympiastadion, Berlin (GER)",27 AUG 2017,1190.0,women_200m,2017,https://worldathletics.org/athletes/athlete=14325599,toplist
14.0,22.47,0.7,Shakima WIMBLEY,23 APR 1995,USA,1f3,,"Gainesville, FL (USA)",28 APR 2017,1189.0,women_200m,2017,https://worldathletics.org/athletes/athlete=14467626,toplist
15.0,22.50,0.0,Michelle-Lee AHYE,10 APR 1992,TTO,1f2,,Port-of-Spain (TTO),25 JUN 2017,1186.0,women_200m,2017,https://worldathletics.org/athletes/athlete=14302966,toplist
15.0,22.50,0.0,Crystal EMMANUEL,27 NOV 1991,CAN,1f1,,Cork (IRL),18 JUL 2017,1186.0,women_200m,2017,https://worldathletics.org/athletes/athlete=14270576,toplist
17.0,22.53,,Hannah CUNLIFFE,09 JAN 1996,USA,2f2,,"College Station, TX (USA) (i)",11 MAR 2017,1223.0,women_200m,2017,https://worldathletics.org/athletes/athlete=14365078,toplist
18.0,22.54,-1.0,Ashley HENDERSON,04 DEC 1995,USA,1,,"Logan, UT (USA)",12 MAY 2017,1187.0,women_200m,2017,https://worldathletics.org/athletes/athlete=14436992,toplist
18.0,22.54,0.6,Kimberlyn DUNCAN,02 AUG 1991,USA,1f1,,St-Martin (FRA),13 MAY 2017,1181.0,women_200m,2017,https://worldathletics.org/athletes/athlete=14309365,toplist
18.0,22.54,1.5,Jenna PRANDINI,20 NOV 1992,USA,7,,"Hayward Field, Eugene, OR (USA)",27 MAY 2017,1181.0,women_200m,2017,https://worldathletics.org/athletes/athlete=14329068,toplist
21.0,22.55,-0.3,Quanera HAYES,07 MAR 1992,USA,2f1,,"Gainesville, FL (USA)",28 APR 2017,1181.0,women_200m,2017,https://worldathletics.org/athletes/athlete=14509544,toplist
21.0,22.55,1.7,Brittany BROWN,18 APR 1995,USA,2sf2,,"Eugene, OR (USA)",08 JUN 2017,1180.0,women_200m,2017,https://worldathletics.org/athletes/athlete=14437218,toplist
23.0,22.56,0.4,Gabrielle THOMAS,07 DEC 1996,USA,1sf3,,"Lexington, KY (USA)",27 MAY 2017,1179.0,women_200m,2017,https://worldathletics.org/athletes/athlete=14733520,toplist
23.0,22.56,-0.3,Lea SPRUNGER,05 MAR 1990,SUI,2,,Zürich (SUI),22 JUL 2017,1180.0,women_200m,2017,https://worldathletics.org/athletes/athlete=14301240,toplist
25.0,22.58,1.5,Alexandria ANDERSON,28 JAN 1987,USA,1f1,,"Austin, TX (USA)",29 APR 2017,1177.0,women_200m,2017,https://worldathletics.org/athletes/athlete=14304791,toplist
26.0,22.59,0.2,Phyllis FRANCIS,04 MAY 1992,USA,4,,"Olympiastadion, Berlin (GER)",27 AUG 2017,1176.0,women_200m,2017,https://worldathletics.org/athletes/athlete=14310414,toplist
27.0,22.60,1.6,Veronica CAMPBELL-BROWN,15 MAY 1982,JAM,1f1,,"Gainesville, FL (USA)",30 MAR 2017,1175.0,women_200m,2017,https://worldathletics.org/athletes/athlete=14285598,toplist
27.0,22.60,1.0,Felicia BROWN,27 OCT 1993,USA,1f1,,St. George's (GRN),08 APR 2017,1175.0,women_200m,2017,https://worldathletics.org/athletes/athlete=14366314,toplist
29.0,22.61,1.4,Destiny CARTER,09 OCT 1992,USA,1h1,,"Lexington, KY (USA)",26 MAY 2017,1174.0,women_200m,2017,https://worldathletics.org/athletes/athlete=14625419,toplist
30.0,22.64,0.5,Shalonda SOLOMON,19 DEC 1985,USA,3,,"National Stadium, Kingston (JAM)",20 MAY 2017,1171.0,women_200m,2017,https://worldathletics.org/athletes/athlete=14321706,toplist
30.0,22.64,1.7,Lisa MAYER,02 MAY 1996,GER,1f1,,Weinheim (GER),27 MAY 2017,1171.0,women_200m,2017,https://worldathletics.org/athletes/athlete=14448966,toplist
32.0,22.65,-0.8,Laura MÜLLER,11 DEC 1995,GER,1,,Erfurt (GER),09 JUL 2017,1174.0,women_200m,2017,https://worldathletics.org/athletes/athlete=14402867,toplist
33.0,22.68,1.8,Candace HILL,11 FEB 1999,USA,1f1,,"Los Angeles, CA (USA)",08 APR 2017,1167.0,women_200m,2017,https://worldathletics.org/athletes/athlete=14596374,toplist
33.0,22.68,1.1,Murielle AHOURÉ,23 AUG 1987,CIV,1,,"Olympiastadion, Stockholm (SWE)",18 JUN 2017,1167.0,women_200m,2017,https://worldathletics.org/athletes/athlete=14304569,toplist
35.0,22.69,1.4,Desiree HENRY,26 AUG 1995,GBR,2f1,,"Azusa, CA (USA)",14 APR 2017,1166.0,women_200m,2017,https://worldathletics.org/athletes/athlete=14360349,toplist
36.0,22.71,1.0,TyNia GAITHER,16 MAR 1993,BAH,2f1,,St. George's (GRN),08 APR 2017,1164.0,women_200m,2017,https://worldathletics.org/athletes/athlete=14362366,toplist
36.0,22.71,0.8,Shashalee FORBES,10 MAY 1996,JAM,1,,Kingston (JAM),25 JUN 2017,1164.0,women_200m,2017,https://worldathletics.org/athletes/athlete=14574709,toplist
38.0,22.72,-0.3,Tiffany TOWNSEND,14 JUN 1989,USA,3f1,,"Gainesville, FL (USA)",28 APR 2017,1164.0,women_200m,2017,https://worldathletics.org/athletes/athlete=14322941,toplist
39.0,22.74,-0.3,Joanna ATKINS,31 JAN 1989,USA,4f1,,"Gainesville, FL (USA)",28 APR 2017,1162.0,women_200m,2017,https://worldathletics.org/athletes/athlete=14305059,toplist
39.0,22.74,0.8,Simone FACEY,07 MAY 1985,JAM,2,,Kingston (JAM),25 JUN 2017,1161.0,women_200m,2017,https://worldathletics.org/athletes/athlete=14285672,toplist
41.0,22.76,1.1,Rebekka HAASE,02 JAN 1993,GER,3,,"Olympiastadion, Stockholm (SWE)",18 JUN 2017,1159.0,women_200m,2017,https://worldathletics.org/athletes/athlete=14360165,toplist
42.0,22.77,1.5,Natalliah WHYTE,09 AUG 1997,JAM,2h1,,"Columbia, SC (USA)",11 MAY 2017,1158.0,women_200m,2017,https://worldathletics.org/athletes/athlete=14413448,toplist
42.0,22.77,0.2,Semoy HACKETT,27 NOV 1988,TTO,1,,Freeport (BAH),22 JUL 2017,1158.0,women_200m,2017,https://worldathletics.org/athletes/athlete=14303004,toplist
44.0,22.79,1.5,Kendall ELLIS,08 MAR 1996,USA,1f1,,"Los Angeles, CA (USA)",18 MAR 2017,1156.0,women_200m,2017,https://worldathletics.org/athletes/athlete=14443893,toplist
44.0,22.79,1.1,Aaliyah BROWN,06 JAN 1995,USA,4,,"Eugene, OR (USA)",10 JUN 2017,1156.0,women_200m,2017,https://worldathletics.org/athletes/athlete=14306531,toplist
46.0,22.80,0.2,Kortnei JOHNSON,11 AUG 1997,USA,2sf1,,"Lexington, KY (USA)",27 MAY 2017,1155.0,women_200m,2017,https://worldathletics.org/athletes/athlete=14519052,toplist
46.0,22.80,1.2,Jada MARTIN,08 JUN 1995,USA,2sf2,,"Lexington, KY (USA)",27 MAY 2017,1155.0,women_200m,2017,https://worldathletics.org/athletes/athlete=14430830,toplist
46.0,22.80,-0.3,Sada WILLIAMS,01 DEC 1997,BAR,1,,St. Michael (BAR),25 JUN 2017,1156.0,women_200m,2017,https://worldathletics.org/athletes/athlete=14592846,toplist
49.0,22.81,1.1,Viktoriya ZYABKINA,04 SEP 1992,KAZ,1,,Almaty (KAZ),14 MAY 2017,1154.0,women_200m,2017,https://worldathletics.org/athletes/athlete=14375464,toplist
49.0,22.81,1.0,Shania COLLINS,14 NOV 1996,USA,2h2,,"Lexington, KY (USA)",26 MAY 2017,1154.0,women_200m,2017,https://worldathletics.org/athletes/athlete=14477995,toplist
49.0,22.81,-2.9,Katarina JOHNSON-THOMPSON,09 JAN 1993,GBR,1ce5,,"Mösle-Stadium, Götzis (AUT)",27 MAY 2017,1171.0,women_200m,2017,https://worldathletics.org/athletes/athlete=14276543,toplist
52.0,22.82,1.1,Ivet LALOVA-COLLIO,18 MAY 1984,BUL,4,,"Olympiastadion, Stockholm (SWE)",18 JUN 2017,1153.0,women_200m,2017,https://worldathletics.org/athletes/athlete=14268643,toplist
53.0,22.83,-0.3,Bianca WILLIAMS,18 DEC 1993,GBR,5f1,,"Gainesville, FL (USA)",28 APR 2017,1153.0,women_200m,2017,https://worldathletics.org/athletes/athlete=14401125,toplist
54.0,22.84,1.3,Jaevin REED,05 FEB 1998,USA,1f3,,"San Antonio, TX (USA)",25 MAR 2017,1151.0,women_200m,2017,https://worldathletics.org/athletes/athlete=14492781,toplist
54.0,22.84,0.3,Anthonique STRACHAN,22 AUG 1993,BAH,3,,Kingston (JAM),10 JUN 2017,1151.0,women_200m,2017,https://worldathletics.org/athletes/athlete=14368117,toplist
54.0,22.84,1.7,Justine PALFRAMAN,04 NOV 1993,RSA,1f1,,Kortrijk (BEL),08 JUL 2017,1151.0,women_200m,2017,https://worldathletics.org/athletes/athlete=14360057,toplist
57.0,22.86,0.4,Khianna GRAY,30 DEC 1996,USA,2sf3,,"Lexington, KY (USA)",27 MAY 2017,1149.0,women_200m,2017,https://worldathletics.org/athletes/athlete=14597005,toplist
57.0,22.86,1.3,Finette AGYAPONG,01 FEB 1997,GBR,1sf1,,"Zdzisław Krzyszkowiak Stadium, Bydgoszcz (POL)",15 JUL 2017,1149.0,women_200m,2017,https://worldathletics.org/athletes/athlete=14551632,toplist
59.0,22.87,1.3,Blessing OKAGBARE,09 OCT 1988,NGR,1,,"Lubbock, TX (USA)",28 APR 2017,1148.0,women_200m,2017,https://worldathletics.org/athletes/athlete=14292330,toplist
59.0,22.87,1.8,Taylor BENNETT,15 JAN 1997,USA,1f3,,"Lubbock, TX (USA)",28 APR 2017,1148.0,women_200m,2017,https://worldathletics.org/athletes/athlete=14486589,toplist
61.0,22.88,1.0,Jura Lanconia LEVY,04 NOV 1990,JAM,3f1,,St. George's (GRN),08 APR 2017,1147.0,women_200m,2017,https://worldathletics.org/athletes/athlete=14285765,toplist
61.0,22.88,-0.1,Jasmine CAMACHO-QUINN,21 AUG 1996,PUR,2h6,,"Lexington, KY (USA)",26 MAY 2017,1147.0,women_200m,2017,https://worldathletics.org/athletes/athlete=14494234,toplist
61.0,22.88,0.4,Sabria HADLEY,01 JAN 1995,USA,3sf3,,"Lexington, KY (USA)",27 MAY 2017,1147.0,women_200m,2017,https://worldathletics.org/athletes/athlete=14471485,toplist
64.0,22.89,1.8,Najia HUDSPETH,25 OCT 1996,USA,1h2,,"Logan, UT (USA)",12 MAY 2017,1146.0,women_200m,2017,https://worldathletics.org/athletes/athlete=14614498,toplist
65.0,22.90,1.5,Makenzie DUNMORE,07 OCT 1997,USA,5,,"Eugene, OR (USA)",14 MAY 2017,1145.0,women_200m,2017,https://worldathletics.org/athletes/athlete=14536492,toplist
65.0,22.90,0.7,Janet AMPONSAH,12 APR 1993,GHA,1,,"El Paso, TX (USA)",14 MAY 2017,1145.0,women_200m,2017,https://worldathletics.org/athletes/athlete=14334452,toplist
65.0,22.90,1.3,Sarah ATCHO,01 JUN 1995,SUI,2,,"Zdzisław Krzyszkowiak Stadium, Bydgoszcz (POL)",15 JUL 2017,1145.0,women_200m,2017,https://worldathletics.org/athletes/athlete=14450880,toplist
68.0,22.91,1.8,Destiny SMITH-BARNETT,26 JUL 1996,USA,2h2,,"Logan, UT (USA)",12 MAY 2017,1144.0,women_200m,2017,https://worldathletics.org/athletes/athlete=14475801,toplist
69.0,22.92,0.7,Tobi AMUSAN,23 APR 1997,NGR,2,,"El Paso, TX (USA)",14 MAY 2017,1143.0,women_200m,2017,https://worldathletics.org/athletes/athlete=14579526,toplist
69.0,22.92,1.4,Cassondra HALL,23 SEP 1997,USA,2h1,,"Lexington, KY (USA)",26 MAY 2017,1143.0,women_200m,2017,https://worldathletics.org/athletes/athlete=14489365,toplist
69.0,22.92,0.2,India BROWN,29 JAN 1996,USA,4sf1,,"Lexington, KY (USA)",27 MAY 2017,1143.0,women_200m,2017,https://worldathletics.org/athletes/athlete=14491880,toplist
72.0,22.93,0.1,Shimayra WILLIAMS,02 DEC 1995,JAM,2,,Kingston (JAM),08 APR 2017,1142.0,women_200m,2017,https://worldathletics.org/athletes/athlete=14413660,toplist
72.0,22.93,1.5,Elexis GUSTER,07 JUL 1994,USA,6,,"Eugene, OR (USA)",14 MAY 2017,1142.0,women_200m,2017,https://worldathletics.org/athletes/athlete=14487449,toplist
72.0,22.93,1.5,Vitoria Cristina ROSA,12 JAN 1996,BRA,1,,Sao Bernardo do Campo (BRA),11 JUN 2017,1142.0,women_200m,2017,https://worldathletics.org/athletes/athlete=14481687,toplist
72.0,22.93,-0.8,Nadine GONSKA,23 JAN 1990,GER,3,,Erfurt (GER),09 JUL 2017,1146.0,women_200m,2017,https://worldathletics.org/athletes/athlete=14374120,toplist
76.0,22.94,,Ashley SPENCER,08 JUN 1993,USA,1f10,,"Lincoln, NE (USA) (i)",04 FEB 2017,1183.0,women_200m,2017,https://worldathletics.org/athletes/athlete=14476234,toplist
76.0,22.94,,Diamond SPAULDING,29 SEP 1996,USA,3h1,,"College Station, TX (USA) (i)",10 MAR 2017,1183.0,women_200m,2017,https://worldathletics.org/athletes/athlete=14439760,toplist
76.0,22.94,1.5,Alyssa CONLEY,27 APR 1991,RSA,1,,Potchefstroom (RSA),22 APR 2017,1141.0,women_200m,2017,https://worldathletics.org/athletes/athlete=14296159,toplist
76.0,22.94,1.1,Brenessa THOMPSON,22 JUL 1996,GUY,1h2,,"Columbia, SC (USA)",11 MAY 2017,1141.0,women_200m,2017,https://worldathletics.org/athletes/athlete=14474359,toplist
76.0,22.94,0.0,Shannon HYLTON,19 DEC 1996,GBR,1,,Birmingham (GBR),02 JUL 2017,1141.0,women_200m,2017,https://worldathletics.org/athletes/athlete=14482422,toplist
81.0,22.95,0.4,Shayla SANDERS,06 JAN 1994,USA,2,,"Gainesville, FL (USA)",31 MAR 2017,1140.0,women_200m,2017,https://worldathletics.org/athletes/athlete=14405076,toplist
81.0,22.95,1.5,Ama PIPI,26 NOV 1995,GBR,1f1,,"Norman, OK (USA)",22 APR 2017,1140.0,women_200m,2017,https://worldathletics.org/athletes/athlete=14479776,toplist
81.0,22.95,1.7,Edidiong ODIONG,13 MAR 1997,BRN,1,,Baku (AZE),18 MAY 2017,1140.0,women_200m,2017,https://worldathletics.org/athletes/athlete=14541241,toplist
81.0,22.95,0.5,Candyce MCGRONE,24 MAR 1989,USA,5,,"National Stadium, Kingston (JAM)",20 MAY 2017,1140.0,women_200m,2017,https://worldathletics.org/athletes/athlete=14316585,toplist
81.0,22.95,0.3,Dezerea BRYANT,27 APR 1993,USA,4,,Kingston (JAM),10 JUN 2017,1140.0,women_200m,2017,https://worldathletics.org/athletes/athlete=14375109,toplist
81.0,22.95,1.5,Rosângela SANTOS,20 DEC 1990,BRA,2,,Sao Bernardo do Campo (BRA),11 JUN 2017,1140.0,women_200m,2017,https://worldathletics.org/athletes/athlete=14268928,toplist
81.0,22.95,0.8,Jodean WILLIAMS,11 NOV 1993,JAM,3,,Kingston (JAM),25 JUN 2017,1140.0,women_200m,2017,https://worldathletics.org/athletes/athlete=14435095,toplist
88.0,22.96,0.0,Sydney MCLAUGHLIN,07 AUG 1999,USA,1f2,,"Egg Harbor City, NJ (USA)",03 JUN 2017,1139.0,women_200m,2017,https://worldathletics.org/athletes/athlete=14624749,toplist
88.0,22.96,-1.4,Irene SIRAGUSA,23 JUN 1993,ITA,1,,"Taipei Municipal Stadium, Taipei City (TPE)",26 AUG 2017,1147.0,women_200m,2017,https://worldathletics.org/athletes/athlete=14361469,toplist
90.0,22.97,0.5,Kevona DAVIS,20 DEC 2001,JAM,1,,Kingston (JAM),24 JUN 2017,1138.0,women_200m,2017,https://worldathletics.org/athletes/athlete=14630588,toplist
90.0,22.97,0.0,Kayelle CLARKE,28 FEB 1996,TTO,2f2,,Port-of-Spain (TTO),25 JUN 2017,1138.0,women_200m,2017,https://worldathletics.org/athletes/athlete=14434525,toplist
92.0,22.98,1.3,Jacquelyn BALDWIN,03 JAN 1997,USA,2h5,,"Lexington, KY (USA)",26 MAY 2017,1137.0,women_200m,2017,https://worldathletics.org/athletes/athlete=14592246,toplist
92.0,22.98,0.0,Gina BASS,03 MAY 1995,GAM,1f1,,Bruay-la-Buissiere (FRA),04 JUL 2017,1137.0,women_200m,2017,https://worldathletics.org/athletes/athlete=14479741,toplist
94.0,22.99,1.5,Teahna DANIELS,25 MAR 1997,USA,2f1,,"Austin, TX (USA)",29 APR 2017,1136.0,women_200m,2017,https://worldathletics.org/athletes/athlete=14443924,toplist
95.0,23.00,,Danyel WHITE,10 FEB 1998,USA,4h1,,"College Station, TX (USA) (i)",10 MAR 2017,1177.0,women_200m,2017,https://worldathletics.org/athletes/athlete=14486596,toplist
95.0,23.00,1.5,Ella NELSON,10 MAY 1994,AUS,1f1,,Canberra (AUS),12 MAR 2017,1135.0,women_200m,2017,https://worldathletics.org/athletes/athlete=14336753,toplist
95.0,23.00,1.6,Symone MASON,31 AUG 1999,USA,1,,"Jacksonville, FL (USA)",18 MAR 2017,1135.0,women_200m,2017,https://worldathletics.org/athletes/athlete=14498940,toplist
95.0,23.00,-0.3,Charonda WILLIAMS,27 MAR 1987,USA,7f1,,"Gainesville, FL (USA)",28 APR 2017,1136.0,women_200m,2017,https://worldathletics.org/athletes/athlete=14324253,toplist
95.0,23.00,-0.6,Maria BELIMPASAKI,19 JUN 1991,GRE,1f2,,Argos Orestiko (GRE),10 JUN 2017,1138.0,women_200m,2017,https://worldathletics.org/athletes/athlete=14280530,toplist
95.0,23.00,1.7,Shavine HODGES,22 OCT 1992,JAM,2f1,,Kortrijk (BEL),08 JUL 2017,1135.0,women_200m,2017,https://worldathletics.org/athletes/athlete=14285734,toplist
,22.02,,Allyson FELIX,18 NOV 1985,USA,1.,,IAAF World Championships,21 AUG 2009,,,2009,,major_meet
,22.35,,Veronica CAMPBELL-BROWN,15 MAY 1982,JAM,2.,,IAAF World Championships,21 AUG 2009,,,2009,,major_meet
,22.41,,Debbie FERGUSON-MCKENZIE,16 JAN 1976,BAH,3.,,IAAF World Championships,21 AUG 2009,,,2009,,major_meet
,22.48,,Muna LEE,30 OCT 1981,USA,4.,,IAAF World Championships,21 AUG 2009,,,2009,,major_meet
,22.62,,Anneisha MCLAUGHLIN-WHILBY,06 JAN 1986,JAM,5.,,IAAF World Championships,21 AUG 2009,,,2009,,major_meet
,22.80,,Simone FACEY,07 MAY 1985,JAM,6.,,IAAF World Championships,21 AUG 2009,,,2009,,major_meet
,22.98,,Emily FREEMAN,24 NOV 1980,GBR,7.,,IAAF World Championships,21 AUG 2009,,,2009,,major_meet
,23.05,,Eleni ARTYMATA,16 MAY 1986,CYP,8.,,IAAF World Championships,21 AUG 2009,,,2009,,major_meet
,22.32,,Myriam SOUMARÉ,29 OCT 1986,FRA,1.,,Barcelona European Championships,31 JUL 2010,,,2010,,major_meet
,22.44,,Yelizaveta BRYZGINA,28 NOV 1989,UKR,2.,,Barcelona European Championships,31 JUL 2010,,,2010,,major_meet
,22.44,,Aleksandra FEDORIVA-SPAYER,13 SEP 1988,RUS,3.,,Barcelona European Championships,31 JUL 2010,,,2010,,major_meet
,22.59,,Lina JACQUES-SÉBASTIEN,10 APR 1985,FRA,4.,,Barcelona European Championships,31 JUL 2010,,,2010,,major_meet
,22.61,,Eleni ARTYMATA,16 MAY 1986,CYP,5.,,Barcelona European Championships,31 JUL 2010,,,2010,,major_meet
,DQ,,Anastasiya KAPACHINSKAYA,21 NOV 1979,RUS, - ,,Barcelona European Championships,31 JUL 2010,,,2010,,major_meet
,DQ,,Yuliya CHERMOSHANSKAYA,06 JAN 1986,RUS, - ,,Barcelona European Championships,31 JUL 2010,,,2010,,major_meet
,DQ,,Véronique MANG,15 DEC 1984,FRA,,,Barcelona European Championships,31 JUL 2010,,,2010,,major_meet
,22.22,,Veronica CAMPBELL-BROWN,15 MAY 1982,JAM,1.,,IAAF World Championships,02 SEP 2011,,,2011,,major_meet
,22.37,,Carmelita JETER,24 NOV 1979,USA,2.,,IAAF World Championships,02 SEP 2011,,,2011,,major_meet
,22.42,,Allyson FELIX,18 NOV 1985,USA,3.,,IAAF World Championships,02 SEP 2011,,,2011,,major_meet
,22.61,,Shalonda SOLOMON,19 DEC 1985,USA,4.,,IAAF World Championships,02 SEP 2011,,,2011,,major_meet
,22.70,,Kerron STEWART,16 APR 1984,JAM,5.,,IAAF World Championships,02 SEP 2011,,,2011,,major_meet
,22.96,,Debbie FERGUSON-MCKENZIE,16 JAN 1976,BAH,6.,,IAAF World Championships,02 SEP 2011,,,2011,,major_meet
,23.02,,Hrystyna STUY,03 FEB 1988,UKR,7.,,IAAF World Championships,02 SEP 2011,,,2011,,major_meet
,23.17,,Sherone SIMPSON,12 AUG 1984,JAM,8.,,IAAF World Championships,02 SEP 2011,,,2011,,major_meet
,21.88,,Allyson FELIX,18 NOV 1985,USA,1.,,The XXX Olympic Games,08 AUG 2012,,,2012,,major_meet
,22.09,,Shelly-Ann FRASER-PRYCE,27 DEC 1986,JAM,2.,,The XXX Olympic Games,08 AUG 2012,,,2012,,major_meet
,22.14,,Carmelita JETER,24 NOV 1979,USA,3.,,The XXX Olympic Games,08 AUG 2012,,,2012,,major_meet
,22.38,,Veronica CAMPBELL-BROWN,15 MAY 1982,JAM,4.,,The XXX Olympic Games,08 AUG 2012,,,2012,,major_meet
,22.39,,Sanya RICHARDS-ROSS,26 FEB 1985,USA,5.,,The XXX Olympic Games,08 AUG 2012,,,2012,,major_meet
,22.57,,Murielle AHOURÉ,23 AUG 1987,CIV,6.,,The XXX Olympic Games,08 AUG 2012,,,2012,,major_meet
,22.63,,Myriam SOUMARÉ,29 OCT 1986,FRA,7.,,The XXX Olympic Games,08 AUG 2012,,,2012,,major_meet
,DQ,,Semoy HACKETT,27 NOV 1988,TTO, - ,,The XXX Olympic Games,08 AUG 2012,,,2012,,major_meet
,23.05,,Mariya RYEMYEN,02 AUG 1987,UKR,1.,,Helsinki European Championships,30 JUN 2012,,,2012,,major_meet
,23.17,,Hrystyna STUY,03 FEB 1988,UKR,2.,,Helsinki European Championships,30 JUN 2012,,,2012,,major_meet
,23.21,,Myriam SOUMARÉ,29 OCT 1986,FRA,3.,,Helsinki European Championships,30 JUN 2012,,,2012,,major_meet
,23.25,,Viktoriya KASHEYEVA,07 MAY 1989,UKR,4.,,Helsinki European Championships,30 JUN 2012,,,2012,,major_meet
,23.53,,Dafne SCHIPPERS,15 JUN 1992,NED,5.,,Helsinki European Championships,30 JUN 2012,,,2012,,major_meet
,23.55,,Jamile SAMUEL,24 APR 1992,NED,6.,,Helsinki European Championships,30 JUN 2012,,,2012,,major_meet
,23.59,,Eleni ARTYMATA,16 MAY 1986,CYP,7.,,Helsinki European Championships,30 JUN 2012,,,2012,,major_meet
,23.61,,Johanna DANOIS,04 APR 1987,FRA,8.,,Helsinki European Championships,30 JUN 2012,,,2012,,major_meet
,22.17,,Shelly-Ann FRASER-PRYCE,27 DEC 1986,JAM,1.,,IAAF World Championships,16 AUG 2013,,,2013,,major_meet
,22.32,,Murielle AHOURÉ,23 AUG 1987,CIV,2.,,IAAF World Championships,16 AUG 2013,,,2013,,major_meet
,22.32,,Blessing OKAGBARE,09 OCT 1988,NGR,3.,,IAAF World Championships,16 AUG 2013,,,2013,,major_meet
,22.74,,Shaunae MILLER,15 APR 1994,BAH,4.,,IAAF World Championships,16 AUG 2013,,,2013,,major_meet
,22.78,,Jeneba TARMOH,27 SEP 1989,USA,5.,,IAAF World Championships,16 AUG 2013,,,2013,,major_meet
,22.81,,Charonda WILLIAMS,27 MAR 1987,USA,6.,,IAAF World Championships,16 AUG 2013,,,2013,,major_meet
,22.84,,Mariya RYEMYEN,02 AUG 1987,UKR,7.,,IAAF World Championships,16 AUG 2013,,,2013,,major_meet
,DNF,,Allyson FELIX,18 NOV 1985,USA,,,IAAF World Championships,16 AUG 2013,,,2013,,major_meet
,22.03,,Dafne SCHIPPERS,15 JUN 1992,NED,1.,,Zürich European Championships,15 AUG 2014,,,2014,,major_meet
,22.46,,Jodie WILLIAMS,28 SEP 1993,GBR,2.,,Zürich European Championships,15 AUG 2014,,,2014,,major_meet
,22.58,,Myriam SOUMARÉ,29 OCT 1986,FRA,3.,,Zürich European Championships,15 AUG 2014,,,2014,,major_meet
,22.68,,Bianca WILLIAMS,18 DEC 1993,GBR,4.,,Zürich European Championships,15 AUG 2014,,,2014,,major_meet
,22.83,,Mujinga KAMBUNDJI,17 JUN 1992,SUI,5.,,Zürich European Championships,15 AUG 2014,,,2014,,major_meet
,23.31,,Jamile SAMUEL,24 APR 1992,NED,6.,,Zürich European Championships,15 AUG 2014,,,2014,,major_meet
,23.48,,Hanna-Maari LATVALA,30 OCT 1987,FIN,7.,,Zürich European Championships,15 AUG 2014,,,2014,,major_meet
,DNF,,Dina ASHER-SMITH,04 DEC 1995,GBR,,,Zürich European Championships,15 AUG 2014,,,2014,,major_meet
,21.63,,Dafne SCHIPPERS,15 JUN 1992,NED,1.,,IAAF World Championships,28 AUG 2015,,,2015,,major_meet
,21.66,,Elaine THOMPSON,28 JUN 1992,JAM,2.,,IAAF World Championships,28 AUG 2015,,,2015,,major_meet
,21.97,,Veronica CAMPBELL-BROWN,15 MAY 1982,JAM,3.,,IAAF World Championships,28 AUG 2015,,,2015,,major_meet
,22.01,,Candyce MCGRONE,24 MAR 1989,USA,4.,,IAAF World Championships,28 AUG 2015,,,2015,,major_meet
,22.07,,Dina ASHER-SMITH,04 DEC 1995,GBR,5.,,IAAF World Championships,28 AUG 2015,,,2015,,major_meet
,22.31,,Jeneba TARMOH,27 SEP 1989,USA,6.,,IAAF World Championships,28 AUG 2015,,,2015,,major_meet
,22.41,,Ivet LALOVA-COLLIO,18 MAY 1984,BUL,7.,,IAAF World Championships,28 AUG 2015,,,2015,,major_meet
,22.50,,Sherone SIMPSON,12 AUG 1984,JAM,8.,,IAAF World Championships,28 AUG 2015,,,2015,,major_meet
,21.78,,Elaine THOMPSON,28 JUN 1992,JAM,1.,,The XXXI Olympic Games,17 AUG 2016,,,2016,,major_meet
,21.88,,Dafne SCHIPPERS,15 JUN 1992,NED,2.,,The XXXI Olympic Games,17 AUG 2016,,,2016,,major_meet
,22.15,,Tori BOWIE,27 AUG 1990,USA,3.,,The XXXI Olympic Games,17 AUG 2016,,,2016,,major_meet
,22.21,,Marie-Josée TA LOU,18 NOV 1988,CIV,4.,,The XXXI Olympic Games,17 AUG 2016,,,2016,,major_meet
,22.31,,Dina ASHER-SMITH,04 DEC 1995,GBR,5.,,The XXXI Olympic Games,17 AUG 2016,,,2016,,major_meet
,22.34,,Michelle-Lee AHYE,10 APR 1992,TTO,6.,,The XXXI Olympic Games,17 AUG 2016,,,2016,,major_meet
,22.65,,Deajah STEVENS,19 MAY 1995,USA,7.,,The XXXI Olympic Games,17 AUG 2016,,,2016,,major_meet
,22.69,,Ivet LALOVA-COLLIO,18 MAY 1984,BUL,8.,,The XXXI Olympic Games,17 AUG 2016,,,2016,,major_meet
,22.37,,Dina ASHER-SMITH,04 DEC 1995,GBR,1.,,European Athletics Championships,07 JUL 2016,,,2016,,major_meet
,22.52,,Ivet LALOVA-COLLIO,18 MAY 1984,BUL,2.,,European Athletics Championships,07 JUL 2016,,,2016,,major_meet
,22.74,,Gina LÜCKENKEMPER,21 NOV 1996,GER,3.,,European Athletics Championships,07 JUL 2016,,,2016,,major_meet
,22.83,,Jamile SAMUEL,24 APR 1992,NED,4.,,European Athletics Championships,07 JUL 2016,,,2016,,major_meet
,22.84,,Natalia POHREBNIAK,19 FEB 1988,UKR,5.,,European Athletics Championships,07 JUL 2016,,,2016,,major_meet
,22.96,,Jodie WILLIAMS,28 SEP 1993,GBR,6.,,European Athletics Championships,07 JUL 2016,,,2016,,major_meet
,23.03,,Tessa VAN SCHAGEN,02 FEB 1994,NED,7.,,European Athletics Championships,07 JUL 2016,,,2016,,major_meet
,23.10,,Lisa MAYER,02 MAY 1996,GER,8.,,European Athletics Championships,07 JUL 2016,,,2016,,major_meet
,22.05,,Dafne SCHIPPERS,15 JUN 1992,NED,1.,,IAAF World Championships in Athletics,11 AUG 2017,,,2017,,major_meet
,22.08,,Marie-Josée TA LOU,18 NOV 1988,CIV,2.,,IAAF World Championships in Athletics,11 AUG 2017,,,2017,,major_meet
,22.15,,Shaunae MILLER,15 APR 1994,BAH,3.,,IAAF World Championships in Athletics,11 AUG 2017,,,2017,,major_meet
,22.22,,Dina ASHER-SMITH,04 DEC 1995,GBR,4.,,IAAF World Championships in Athletics,11 AUG 2017,,,2017,,major_meet
,22.44,,Deajah STEVENS,19 MAY 1995,USA,5.,,IAAF World Championships in Athletics,11 AUG 2017,,,2017,,major_meet
,22.59,,Kimberlyn DUNCAN,02 AUG 1991,USA,6.,,IAAF World Championships in Athletics,11 AUG 2017,,,2017,,major_meet
,22.60,,Crystal EMMANUEL,27 NOV 1991,CAN,7.,,IAAF World Championships in Athletics,11 AUG 2017,,,2017,,major_meet
,23.07,,TyNia GAITHER,16 MAR 1993,BAH,8.,,IAAF World Championships in Athletics,11 AUG 2017,,,2017,,major_meet
,21.89,,Dina ASHER-SMITH,04 DEC 1995,GBR,1.,,European Athletics Championships,11 AUG 2018,,,2018,,major_meet
,22.14,,Dafne SCHIPPERS,15 JUN 1992,NED,2.,,European Athletics Championships,11 AUG 2018,,,2018,,major_meet
,22.37,,Jamile SAMUEL,24 APR 1992,NED,3.,,European Athletics Championships,11 AUG 2018,,,2018,,major_meet
,22.45,,Mujinga KAMBUNDJI,17 JUN 1992,SUI,4.,,European Athletics Championships,11 AUG 2018,,,2018,,major_meet
,22.82,,Ivet LALOVA-COLLIO,18 MAY 1984,BUL,5.,,European Athletics Championships,11 AUG 2018,,,2018,,major_meet
,22.88,,Bianca WILLIAMS,18 DEC 1993,GBR,6.,,European Athletics Championships,11 AUG 2018,,,2018,,major_meet
,22.93,,Beth DOBBIN,07 JUN 1994,GBR,7.,,European Athletics Championships,11 AUG 2018,,,2018,,major_meet
,23.08,,Laura MÜLLER,11 DEC 1995,GER,8.,,European Athletics Championships,11 AUG 2018,,,2018,,major_meet
,21.88,,Dina ASHER-SMITH,04 DEC 1995,GBR,1.,,IAAF World Championships in Athletics,02 OCT 2019,,,2019,,major_meet
,22.22,,Brittany BROWN,18 APR 1995,USA,2.,,IAAF World Championships in Athletics,02 OCT 2019,,,2019,,major_meet
,22.51,,Mujinga KAMBUNDJI,17 JUN 1992,SUI,3.,,IAAF World Championships in Athletics,02 OCT 2019,,,2019,,major_meet
,22.59,,Anglerne ANNELUS,10 JAN 1997,USA,4.,,IAAF World Championships in Athletics,02 OCT 2019,,,2019,,major_meet
,22.63,,Dezerea BRYANT,27 APR 1993,USA,5.,,IAAF World Championships in Athletics,02 OCT 2019,,,2019,,major_meet
,22.71,,Gina BASS,03 MAY 1995,GAM,6.,,IAAF World Championships in Athletics,02 OCT 2019,,,2019,,major_meet
,22.77,,Ivet LALOVA-COLLIO,18 MAY 1984,BUL,7.,,IAAF World Championships in Athletics,02 OCT 2019,,,2019,,major_meet
,22.90,,TyNia GAITHER,16 MAR 1993,BAH,8.,,IAAF World Championships in Athletics,02 OCT 2019,,,2019,,major_meet
,21.53,,Elaine THOMPSON-HERAH,28 JUN 1992,JAM,1.,,The XXXII Olympic Games,03 AUG 2021,,,2021,,major_meet
,21.81,,Christine MBOMA,22 MAY 2003,NAM,2.,,The XXXII Olympic Games,03 AUG 2021,,,2021,,major_meet
,21.87,,Gabrielle THOMAS,07 DEC 1996,USA,3.,,The XXXII Olympic Games,03 AUG 2021,,,2021,,major_meet
,21.94,,Shelly-Ann FRASER-PRYCE,27 DEC 1986,JAM,4.,,The XXXII Olympic Games,03 AUG 2021,,,2021,,major_meet
,22.27,,Marie-Josée TA LOU,18 NOV 1988,CIV,5.,,The XXXII Olympic Games,03 AUG 2021,,,2021,,major_meet
,22.28,,Beatrice MASILINGI,10 APR 2003,NAM,6.,,The XXXII Olympic Games,03 AUG 2021,,,2021,,major_meet
,22.30,,Mujinga KAMBUNDJI,17 JUN 1992,SUI,7.,,The XXXII Olympic Games,03 AUG 2021,,,2021,,major_meet
,24.00,,Shaunae MILLER-UIBO,15 APR 1994,BAH,8.,,The XXXII Olympic Games,03 AUG 2021,,,2021,,major_meet
,22.39,,Christine MBOMA,22 MAY 2003,NAM,1.,,Kip Keino Classic,18 SEP 2021,,,2021,,major_meet
,22.98,,Marie-Josée TA LOU,18 NOV 1988,CIV,2.,,Kip Keino Classic,18 SEP 2021,,,2021,,major_meet
,23.33,,Aminatou SEYNI,24 OCT 1996,NIG,3.,,Kip Keino Classic,18 SEP 2021,,,2021,,major_meet
,23.91,,Shashalee FORBES,10 MAY 1996,JAM,4.,,Kip Keino Classic,18 SEP 2021,,,2021,,major_meet
,22.04,,Christine MBOMA,22 MAY 2003,NAM,1.,,Memorial Borisa Hanžekovića,14 SEP 2021,,,2021,,major_meet
,22.30,,Shericka JACKSON,16 JUL 1994,JAM,2.,,Memorial Borisa Hanžekovića,14 SEP 2021,,,2021,,major_meet
,23.05,,Anthonique STRACHAN,22 AUG 1993,BAH,3.,,Memorial Borisa Hanžekovića,14 SEP 2021,,,2021,,major_meet
,23.37,,Shashalee FORBES,10 MAY 1996,JAM,4.,,Memorial Borisa Hanžekovića,14 SEP 2021,,,2021,,major_meet
,23.58,,Moa HJELMER,19 JUN 1990,SWE,5.,,Memorial Borisa Hanžekovića,14 SEP 2021,,,2021,,major_meet
,21.96,,Shericka JACKSON,16 JUL 1994,JAM,1.,,Gyulai István Memorial - Hungarian Athletics Grand Prix,06 JUL 2021,,,2021,,major_meet
,22.15,,Shaunae MILLER-UIBO,15 APR 1994,BAH,2.,,Gyulai István Memorial - Hungarian Athletics Grand Prix,06 JUL 2021,,,2021,,major_meet
,22.70,,Dafne SCHIPPERS,15 JUN 1992,NED,3.,,Gyulai István Memorial - Hungarian Athletics Grand Prix,06 JUL 2021,,,2021,,major_meet
,22.74,,Mujinga KAMBUNDJI,17 JUN 1992,SUI,4.,,Gyulai István Memorial - Hungarian Athletics Grand Prix,06 JUL 2021,,,2021,,major_meet
,22.80,,Morolake AKINOSUN,17 MAY 1994,USA,5.,,Gyulai István Memorial - Hungarian Athletics Grand Prix,06 JUL 2021,,,2021,,major_meet
,22.85,,Dezerea BRYANT,27 APR 1993,USA,6.,,Gyulai István Memorial - Hungarian Athletics Grand Prix,06 JUL 2021,,,2021,,major_meet
,23.17,,Desiree HENRY,26 AUG 1995,GBR,7.,,Gyulai István Memorial - Hungarian Athletics Grand Prix,06 JUL 2021,,,2021,,major_meet
,22.35,,Sha'Carri RICHARDSON,25 MAR 2000,USA,1.,,60th Ostrava Golden Spike,19 MAY 2021,,,2021,,major_meet
,22.59,,Blessing OKAGBARE,09 OCT 1988,NGR,2.,,60th Ostrava Golden Spike,19 MAY 2021,,,2021,,major_meet
,22.85,,Mujinga KAMBUNDJI,17 JUN 1992,SUI,3.,,60th Ostrava Golden Spike,19 MAY 2021,,,2021,,major_meet
,22.91,,Dafne SCHIPPERS,15 JUN 1992,NED,4.,,60th Ostrava Golden Spike,19 MAY 2021,,,2021,,major_meet
,23.47,,Alexandra BURGHARDT,28 APR 1994,GER,5.,,60th Ostrava Golden Spike,19 MAY 2021,,,2021,,major_meet
,23.90,,Lada VONDROVÁ,06 SEP 1999,CZE,6.,,60th Ostrava Golden Spike,19 MAY 2021,,,2021,,major_meet
,22.12,,Gabrielle THOMAS,07 DEC 1996,USA,1.,,USATF Golden Games,09 MAY 2021,,,2021,,major_meet
,22.26,,Allyson FELIX,18 NOV 1985,USA,2.,,USATF Golden Games,09 MAY 2021,,,2021,,major_meet
,22.27,,Lynna IRBY,06 DEC 1998,USA,3.,,USATF Golden Games,09 MAY 2021,,,2021,,major_meet
,22.30,,Jenna PRANDINI,20 NOV 1992,USA,4.,,USATF Golden Games,09 MAY 2021,,,2021,,major_meet
,22.81,,Kendall ELLIS,08 MAR 1996,USA,5.,,USATF Golden Games,09 MAY 2021,,,2021,,major_meet
,22.82,,Brittany BROWN,18 APR 1995,USA,6.,,USATF Golden Games,09 MAY 2021,,,2021,,major_meet
,22.93,,Kyra JEFFERSON,23 SEP 1994,USA,7.,,USATF Golden Games,09 MAY 2021,,,2021,,major_meet
,22.96,,Briana WILLIAMS,21 MAR 2002,JAM,8.,,USATF Golden Games,09 MAY 2021,,,2021,,major_meet
,21.45,,Shericka JACKSON,16 JUL 1994,JAM,1.,,"World Athletics Championships, Oregon 2022",21 JUL 2022,,,2022,,major_meet
,21.81,,Shelly-Ann FRASER-PRYCE,27 DEC 1986,JAM,2.,,"World Athletics Championships, Oregon 2022",21 JUL 2022,,,2022,,major_meet
,22.02,,Dina ASHER-SMITH,04 DEC 1995,GBR,3.,,"World Athletics Championships, Oregon 2022",21 JUL 2022,,,2022,,major_meet
,22.12,,Aminatou SEYNI,24 OCT 1996,NIG,4.,,"World Athletics Championships, Oregon 2022",21 JUL 2022,,,2022,,major_meet
,22.26,,Abby STEINER,24 NOV 1999,USA,5.,,"World Athletics Championships, Oregon 2022",21 JUL 2022,,,2022,,major_meet
,22.32,,Tamara CLARK,09 JAN 1999,USA,6.,,"World Athletics Championships, Oregon 2022",21 JUL 2022,,,2022,,major_meet
,22.39,,Elaine THOMPSON-HERAH,28 JUN 1992,JAM,7.,,"World Athletics Championships, Oregon 2022",21 JUL 2022,,,2022,,major_meet
,22.55,,Mujinga KAMBUNDJI,17 JUN 1992,SUI,8.,,"World Athletics Championships, Oregon 2022",21 JUL 2022,,,2022,,major_meet
,22.80,,Shania COLLINS,14 NOV 1996,USA,1.,,Memorial Borisa Hanžekovića,11 SEP 2022,,,2022,,major_meet
,23.40,,Nikola BENDOVÁ,04 NOV 1999,CZE,3.,,Memorial Borisa Hanžekovića,11 SEP 2022,,,2022,,major_meet
,22.02,,Shericka JACKSON,16 JUL 1994,JAM,1.,,Gyulai István Memorial - Hungarian Athletics Grand Prix,08 AUG 2022,,,2022,,major_meet
,22.45,,Mujinga KAMBUNDJI,17 JUN 1992,SUI,2.,,Gyulai István Memorial - Hungarian Athletics Grand Prix,08 AUG 2022,,,2022,,major_meet
,22.46,,Kayla WHITE,14 SEP 1996,USA,3.,,Gyulai István Memorial - Hungarian Athletics Grand Prix,08 AUG 2022,,,2022,,major_meet
,22.56,,Tamara CLARK,09 JAN 1999,USA,4.,,Gyulai István Memorial - Hungarian Athletics Grand Prix,08 AUG 2022,,,2022,,major_meet
,22.63,,TyNia GAITHER,16 MAR 1993,BAH,5.,,Gyulai István Memorial - Hungarian Athletics Grand Prix,08 AUG 2022,,,2022,,major_meet
,22.73,,Jenna PRANDINI,20 NOV 1992,USA,6.,,Gyulai István Memorial - Hungarian Athletics Grand Prix,08 AUG 2022,,,2022,,major_meet
,22.38,,Sha'Carri RICHARDSON,25 MAR 2000,USA,1.,,New York Grand Prix,12 JUN 2022,,,2022,,major_meet
,22.62,,Tamara CLARK,09 JAN 1999,USA,2.,,New York Grand Prix,12 JUN 2022,,,2022,,major_meet
,22.66,,TyNia GAITHER,16 MAR 1993,BAH,3.,,New York Grand Prix,12 JUN 2022,,,2022,,major_meet
,22.82,,Morolake AKINOSUN,17 MAY 1994,USA,4.,,New York Grand Prix,12 JUN 2022,,,2022,,major_meet
,22.93,,Kortnei JOHNSON,11 AUG 1997,USA,5.,,New York Grand Prix,12 JUN 2022,,,2022,,major_meet
,23.20,,Anglerne ANNELUS,10 JAN 1997,USA,6.,,New York Grand Prix,12 JUN 2022,,,2022,,major_meet
,23.54,,Destiny SMITH-BARNETT,26 JUL 1996,USA,7.,,New York Grand Prix,12 JUN 2022,,,2022,,major_meet
,22.21,,Aminatou SEYNI,24 OCT 1996,NIG,1.,,61st Golden Spike,31 MAY 2022,,,2022,,major_meet
,22.78,,Allyson FELIX,18 NOV 1985,USA,2.,,61st Golden Spike,31 MAY 2022,,,2022,,major_meet
,22.97,,Vittoria FONTANA,23 JUL 2000,ITA,3.,,61st Golden Spike,31 MAY 2022,,,2022,,major_meet
,23.11,,Gina BASS,03 MAY 1995,GAM,4.,,61st Golden Spike,31 MAY 2022,,,2022,,major_meet
,23.50,,Nikola BENDOVÁ,04 NOV 1999,CZE,5.,,61st Golden Spike,31 MAY 2022,,,2022,,major_meet
,22.32,,Mujinga KAMBUNDJI,17 JUN 1992,SUI,1.,,European Athletics Championships,19 AUG 2022,,,2022,,major_meet
,22.43,,Dina ASHER-SMITH,04 DEC 1995,GBR,2.,,European Athletics Championships,19 AUG 2022,,,2022,,major_meet
,22.72,,Ida KARSTOFT,29 OCT 1995,DEN,3.,,European Athletics Championships,19 AUG 2022,,,2022,,major_meet
,22.85,,Jodie WILLIAMS,28 SEP 1993,GBR,4.,,European Athletics Championships,19 AUG 2022,,,2022,,major_meet
,22.88,,Lieke KLAVER,20 AUG 1998,NED,5.,,European Athletics Championships,19 AUG 2022,,,2022,,major_meet
,23.19,,Dalia KADDARI,23 MAR 2001,ITA,7.,,European Athletics Championships,19 AUG 2022,,,2022,,major_meet
,23.24,,Alexandra BURGHARDT,28 APR 1994,GER,8.,,European Athletics Championships,19 AUG 2022,,,2022,,major_meet
,21.41,,Shericka JACKSON,16 JUL 1994,JAM,1.,,"World Athletics Championships, Budapest 2023",25 AUG 2023,,,2023,,major_meet
,21.81,,Gabrielle THOMAS,07 DEC 1996,USA,2.,,"World Athletics Championships, Budapest 2023",25 AUG 2023,,,2023,,major_meet
,21.92,,Sha'Carri RICHARDSON,25 MAR 2000,USA,3.,,"World Athletics Championships, Budapest 2023",25 AUG 2023,,,2023,,major_meet
,22.05,,Julien ALFRED,10 JUN 2001,LCA,4.,,"World Athletics Championships, Budapest 2023",25 AUG 2023,,,2023,,major_meet
,22.16,,Daryll NEITA,29 AUG 1996,GBR,5.,,"World Athletics Championships, Budapest 2023",25 AUG 2023,,,2023,,major_meet
,22.29,,Anthonique STRACHAN,22 AUG 1993,BAH,6.,,"World Athletics Championships, Budapest 2023",25 AUG 2023,,,2023,,major_meet
,22.34,,Dina ASHER-SMITH,04 DEC 1995,GBR,7.,,"World Athletics Championships, Budapest 2023",25 AUG 2023,,,2023,,major_meet
,22.64,,Marie-Josée TA LOU,18 NOV 1988,CIV,8.,,"World Athletics Championships, Budapest 2023",25 AUG 2023,,,2023,,major_meet
,22.02,,Shericka JACKSON,16 JUL 1994,JAM,1.,,Gyulai István Memorial - Hungarian Athletics Grand Prix,18 JUL 2023,,,2023,,major_meet
,22.36,,Rhasidat ADELEKE,29 AUG 2002,IRL,2.,,Gyulai István Memorial - Hungarian Athletics Grand Prix,18 JUL 2023,,,2023,,major_meet
,22.45,,Anthonique STRACHAN,22 AUG 1993,BAH,3.,,Gyulai István Memorial - Hungarian Athletics Grand Prix,18 JUL 2023,,,2023,,major_meet
,22.51,,Kayla WHITE,14 SEP 1996,USA,4.,,Gyulai István Memorial - Hungarian Athletics Grand Prix,18 JUL 2023,,,2023,,major_meet
,22.77,,Tamara CLARK,09 JAN 1999,USA,5.,,Gyulai István Memorial - Hungarian Athletics Grand Prix,18 JUL 2023,,,2023,,major_meet
,23.23,,Dezerea BRYANT,27 APR 1993,USA,6.,,Gyulai István Memorial - Hungarian Athletics Grand Prix,18 JUL 2023,,,2023,,major_meet
,23.38,,Briana WILLIAMS,21 MAR 2002,JAM,7.,,Gyulai István Memorial - Hungarian Athletics Grand Prix,18 JUL 2023,,,2023,,major_meet
,22.19,,Abby STEINER,24 NOV 1999,USA,1.,,USATF NYC Grand Prix,24 JUN 2023,,,2023,,major_meet
,22.43,,Tamara CLARK,09 JAN 1999,USA,2.,,USATF NYC Grand Prix,24 JUN 2023,,,2023,,major_meet
,22.51,,Jenna PRANDINI,20 NOV 1992,USA,3.,,USATF NYC Grand Prix,24 JUN 2023,,,2023,,major_meet
,22.71,,Anavia BATTLE,28 MAR 1999,USA,4.,,USATF NYC Grand Prix,24 JUN 2023,,,2023,,major_meet
,22.73,,Candace HILL,11 FEB 1999,USA,5.,,USATF NYC Grand Prix,24 JUN 2023,,,2023,,major_meet
,23.12,,Dezerea BRYANT,27 APR 1993,USA,6.,,USATF NYC Grand Prix,24 JUN 2023,,,2023,,major_meet
,23.24,,Anglerne ANNELUS,10 JAN 1997,USA,7.,,USATF NYC Grand Prix,24 JUN 2023,,,2023,,major_meet
,21.83,,Gabrielle THOMAS,07 DEC 1996,USA,1.,,The XXXIII Olympic Games,06 AUG 2024,,,2024,,major_meet
,22.08,,Julien ALFRED,10 JUN 2001,LCA,2.,,The XXXIII Olympic Games,06 AUG 2024,,,2024,,major_meet
,22.20,,Brittany BROWN,18 APR 1995,USA,3.,,The XXXIII Olympic Games,06 AUG 2024,,,2024,,major_meet
,22.22,,Dina ASHER-SMITH,04 DEC 1995,GBR,4.,,The XXXIII Olympic Games,06 AUG 2024,,,2024,,major_meet
,22.23,,Daryll NEITA,29 AUG 1996,GBR,5.,,The XXXIII Olympic Games,06 AUG 2024,,,2024,,major_meet
,22.24,,Favour OFILI,31 DEC 2002,NGR,6.,,The XXXIII Olympic Games,06 AUG 2024,,,2024,,major_meet
,22.42,,Mckenzie LONG,11 JUL 2000,USA,7.,,The XXXIII Olympic Games,06 AUG 2024,,,2024,,major_meet
,22.70,,Jessika GBAI,29 DEC 1998,CIV,8.,,The XXXIII Olympic Games,06 AUG 2024,,,2024,,major_meet
,22.16,,Julien ALFRED,10 JUN 2001,LCA,1.,,Gyulai István Memorial - Hungarian Athletics Grand Prix,09 JUL 2024,,,2024,,major_meet
,22.36,,Daryll NEITA,29 AUG 1996,GBR,2.,,Gyulai István Memorial - Hungarian Athletics Grand Prix,09 JUL 2024,,,2024,,major_meet
,22.54,,Lanae-Tava THOMAS,28 JAN 2001,JAM,3.,,Gyulai István Memorial - Hungarian Athletics Grand Prix,09 JUL 2024,,,2024,,major_meet
,22.95,,Natasha MORRISON,17 NOV 1992,JAM,4.,,Gyulai István Memorial - Hungarian Athletics Grand Prix,09 JUL 2024,,,2024,,major_meet
,23.15,,Boglárka TAKÁCS,28 AUG 2001,HUN,5.,,Gyulai István Memorial - Hungarian Athletics Grand Prix,09 JUL 2024,,,2024,,major_meet
,36.29,,Shericka JACKSON,16 JUL 1994,JAM,8.,,Gyulai István Memorial - Hungarian Athletics Grand Prix,09 JUL 2024,,,2024,,major_meet
,22.49,,Mujinga KAMBUNDJI,17 JUN 1992,SUI,1.,,European Athletics Championships,11 JUN 2024,,,2024,,major_meet
,22.50,,Daryll NEITA,29 AUG 1996,GBR,2.,,European Athletics Championships,11 JUN 2024,,,2024,,major_meet
,22.63,,Helene PARISOT,17 DEC 1992,FRA,3.,,European Athletics Championships,11 JUN 2024,,,2024,,major_meet
,22.83,,Henriette JÆGER,30 JUN 2003,NOR,4.,,European Athletics Championships,11 JUN 2024,,,2024,,major_meet
,22.90,,Tasa JIYA,16 SEP 1997,NED,5.,,European Athletics Championships,11 JUN 2024,,,2024,,major_meet
,22.91,,Julia HENRIKSSON,11 JUL 2000,SWE,6.,,European Athletics Championships,11 JUN 2024,,,2024,,major_meet
,22.93,,Jaël BESTUÉ,24 SEP 2000,ESP,7.,,European Athletics Championships,11 JUN 2024,,,2024,,major_meet
,23.01,,Polyniki EMMANOUILIDOU,30 JUN 2003,GRE,8.,,European Athletics Championships,11 JUN 2024,,,2024,,major_meet
,21.68,,Melissa JEFFERSON-WOODEN,21 FEB 2001,USA,1.,,"World Athletics Championships, Tokyo 2025",19 SEP 2025,,,2025,,major_meet
,22.14,,Amy HUNT,15 MAY 2002,GBR,2.,,"World Athletics Championships, Tokyo 2025",19 SEP 2025,,,2025,,major_meet
,22.18,,Shericka JACKSON,16 JUL 1994,JAM,3.,,"World Athletics Championships, Tokyo 2025",19 SEP 2025,,,2025,,major_meet
,22.22,,Anavia BATTLE,28 MAR 1999,USA,4.,,"World Athletics Championships, Tokyo 2025",19 SEP 2025,,,2025,,major_meet
,22.43,,Dina ASHER-SMITH,04 DEC 1995,GBR,5.,,"World Athletics Championships, Tokyo 2025",19 SEP 2025,,,2025,,major_meet
,22.54,,Brittany BROWN,18 APR 1995,USA,6.,,"World Athletics Championships, Tokyo 2025",19 SEP 2025,,,2025,,major_meet
,22.62,,Marie-Josée TA LOU-SMITH,18 NOV 1988,CIV,7.,,"World Athletics Championships, Tokyo 2025",19 SEP 2025,,,2025,,major_meet
,22.78,,Mckenzie LONG,11 JUL 2000,USA,8.,,"World Athletics Championships, Tokyo 2025",19 SEP 2025,,,2025,,major_meet
,DQ,,Anthonique STRACHAN,22 AUG 1993,BAH,,,"World Athletics Championships, Tokyo 2025",19 SEP 2025,,,2025,,major_meet
,22.31,,Ashanti MOORE,07 NOV 2000,JAM,1.,,Gyulai István Memorial - Hungarian Athletics Grand Prix,12 AUG 2025,,,2025,,major_meet
,22.31,,Favour OFILI,31 DEC 2002,NGR,2.,,Gyulai István Memorial - Hungarian Athletics Grand Prix,12 AUG 2025,,,2025,,major_meet
,22.37,,Daryll NEITA,29 AUG 1996,GBR,3.,,Gyulai István Memorial - Hungarian Athletics Grand Prix,12 AUG 2025,,,2025,,major_meet
,22.62,,Minke BISSCHOPS,02 SEP 2002,NED,4.,,Gyulai István Memorial - Hungarian Athletics Grand Prix,12 AUG 2025,,,2025,,major_meet
,22.88,,Helene PARISOT,17 DEC 1992,FRA,5.,,Gyulai István Memorial - Hungarian Athletics Grand Prix,12 AUG 2025,,,2025,,major_meet
,23.04,,Jessika GBAI,29 DEC 1998,CIV,6.,,Gyulai István Memorial - Hungarian Athletics Grand Prix,12 AUG 2025,,,2025,,major_meet
,23.27,,Lucia CARRILLO,04 JAN 2002,ESP,7.,,Gyulai István Memorial - Hungarian Athletics Grand Prix,12 AUG 2025,,,2025,,major_meet
