Rank,Mark,WIND,Competitor,DOB,Nat,Pos,Nat.1,Venue,Date,Results Score,discipline,year,ProfileURL,source
1.0,14.96,0.1,Caterine IBARGUEN,12 FEB 1984,COL,1,,"Complexe Sportif Prince Moulay Abdellah, Rabat (MAR)",13 JUL 2018,1216.0,women_TJ,2018,https://worldathletics.org/athletes/athlete=14263994,toplist
2.0,14.84,0.0,Tori FRANKLIN,07 OCT 1992,USA,1,,Baie Mahault (FRA),12 MAY 2018,1204.0,women_TJ,2018,https://worldathletics.org/athletes/athlete=14425445,toplist
3.0,14.69,1.3,Nubia SOARES,26 MAR 1996,BRA,1,,Sotteville-lès-Rouen (FRA),17 JUL 2018,1188.0,women_TJ,2018,https://worldathletics.org/athletes/athlete=14530395,toplist
4.0,14.66,2.0,Yekaterina KONEVA,25 SEP 1988,RUS,,,Kazan (RUS),22 JUL 2018,1185.0,women_TJ,2018,https://worldathletics.org/athletes/athlete=14298189,toplist
5.0,14.64,0.7,Kimberly WILLIAMS,03 NOV 1988,JAM,1,,Gold Coast (AUS),10 APR 2018,1183.0,women_TJ,2018,https://worldathletics.org/athletes/athlete=14285998,toplist
6.0,14.63,,Yulimar ROJAS,21 OCT 1995,VEN,1,,"Arena Birmingham, Birmingham (GBR) (i)",03 MAR 2018,1182.0,women_TJ,2018,https://worldathletics.org/athletes/athlete=14436431,toplist
7.0,14.62,1.5,Keturah ORJI,05 MAR 1996,USA,1,,"Knoxville, TN (USA)",12 MAY 2018,1181.0,women_TJ,2018,https://worldathletics.org/athletes/athlete=14503156,toplist
8.0,14.61,0.8,Shanieka RICKETTS,02 FEB 1992,JAM,1,,London (GBR),15 JUL 2018,1180.0,women_TJ,2018,https://worldathletics.org/athletes/athlete=14413464,toplist
9.0,14.6,1.7,Paraskevi PAPACHRISTOU,17 APR 1989,GRE,,,Stara Zagora (BUL),20 JUL 2018,1179.0,women_TJ,2018,https://worldathletics.org/athletes/athlete=14280843,toplist
10.0,14.55,-0.2,Ana PELETEIRO,02 DEC 1995,ESP,1,,Getafe (ESP),22 JUL 2018,1175.0,women_TJ,2018,https://worldathletics.org/athletes/athlete=14454805,toplist
11.0,14.47,1.4,Andreea PANȚUROIU,24 FEB 1995,ROU,1,,Montreuil (FRA),19 JUN 2018,1166.0,women_TJ,2018,https://worldathletics.org/athletes/athlete=14408349,toplist
11.0,14.47,1.6,Yosiris URRUTIA,26 JUN 1986,COL,,,Barranquilla (COL),01 AUG 2018,1166.0,women_TJ,2018,https://worldathletics.org/athletes/athlete=14263900,toplist
13.0,14.45,-0.5,Kristin GIERISCH,20 AUG 1990,GER,2,,"Olympiastadion, Berlin (GER)",10 AUG 2018,1167.0,women_TJ,2018,https://worldathletics.org/athletes/athlete=14277718,toplist
14.0,14.44,,Viktoriya PROKOPENKO,17 APR 1991,ANA,1,,Moskva (RUS) (i),03 FEB 2018,1162.0,women_TJ,2018,https://worldathletics.org/athletes/athlete=14442670,toplist
15.0,14.43,0.4,Jeanine ASSANI ISSOUF,17 AUG 1992,FRA,1,,Albi (FRA),08 JUL 2018,1161.0,women_TJ,2018,https://worldathletics.org/athletes/athlete=14334954,toplist
16.0,14.41,-0.9,Hanna MINENKO,25 SEP 1989,ISR,2q1,,"Olympiastadion, Berlin (GER)",08 AUG 2018,1164.0,women_TJ,2018,https://worldathletics.org/athletes/athlete=14303717,toplist
17.0,14.4,0.8,Gabriela PETROVA,29 JUN 1992,BUL,1,,Plovdiv (BUL),19 MAY 2018,1158.0,women_TJ,2018,https://worldathletics.org/athletes/athlete=14268585,toplist
18.0,14.33,-0.4,Neele ECKHARDT,02 JUL 1992,GER,3q1,,"Olympiastadion, Berlin (GER)",08 AUG 2018,1153.0,women_TJ,2018,https://worldathletics.org/athletes/athlete=14277447,toplist
19.0,14.31,0.3,Kristiina MÄKELÄ,20 NOV 1992,FIN,1,,Jyväskylä (FIN),21 JUL 2018,1149.0,women_TJ,2018,https://worldathletics.org/athletes/athlete=14365370,toplist
19.0,14.31,-0.1,Rouguy DIALLO,05 FEB 1995,FRA,1q2,,"Olympiastadion, Berlin (GER)",08 AUG 2018,1149.0,women_TJ,2018,https://worldathletics.org/athletes/athlete=14410309,toplist
21.0,14.3,,Iryna VASKOUSKAYA,02 APR 1991,BLR,1,,Gomel (BLR) (i),03 FEB 2018,1148.0,women_TJ,2018,https://worldathletics.org/athletes/athlete=14404033,toplist
21.0,14.3,-0.5,Liadagmis POVEA,06 FEB 1996,CUB,1,,"CNDA, Bragança Paulista (BRA)",08 JUL 2018,1151.0,women_TJ,2018,https://worldathletics.org/athletes/athlete=14574170,toplist
23.0,14.26,0.0,Olga RYPAKOVA,30 NOV 1984,KAZ,1,,Jakarta (INA),30 AUG 2018,1144.0,women_TJ,2018,https://worldathletics.org/athletes/athlete=14288693,toplist
24.0,14.24,1.3,Anna JAGACIAK,10 FEB 1990,POL,1,,Lublin (POL),20 JUL 2018,1142.0,women_TJ,2018,https://worldathletics.org/athletes/athlete=14293741,toplist
25.0,14.22,-0.8,Ana Lucia JOSE TIMA,10 OCT 1989,DOM,2,,Kingston (JAM),09 JUN 2018,1144.0,women_TJ,2018,https://worldathletics.org/athletes/athlete=14369521,toplist
26.0,14.2,1.4,Olha SALADUKHA,04 JUN 1983,UKR,1,,Chania (GRE),02 JUN 2018,1138.0,women_TJ,2018,https://worldathletics.org/athletes/athlete=14304115,toplist
26.0,14.2,-2.9,Darya NIDBAYKINA,26 DEC 1994,RUS,2,,Zhukovskiy (RUS),13 JUN 2018,1155.0,women_TJ,2018,https://worldathletics.org/athletes/athlete=14513831,toplist
28.0,14.19,1.9,Patrícia MAMONA,21 NOV 1988,POR,3,,Sotteville-lès-Rouen (FRA),17 JUL 2018,1137.0,women_TJ,2018,https://worldathletics.org/athletes/athlete=14294964,toplist
29.0,14.18,1.6,Aleksandra NACHEVA,20 AUG 2001,BUL,1,,"Ratinan Stadion, Tampere (FIN)",15 JUL 2018,1136.0,women_TJ,2018,https://worldathletics.org/athletes/athlete=14705690,toplist
30.0,14.17,1.0,Parinya CHUAIMAROENG,16 DEC 1997,THA,1,,Taipei City (TPE),25 MAY 2018,1135.0,women_TJ,2018,https://worldathletics.org/athletes/athlete=14603339,toplist
30.0,14.17,-1.5,Susana COSTA,22 SEP 1984,POR,7q1,,"Olympiastadion, Berlin (GER)",08 AUG 2018,1144.0,women_TJ,2018,https://worldathletics.org/athletes/athlete=14294840,toplist
32.0,14.15,0.4,Yanis DAVID,12 DEC 1997,FRA,1,,Tarragona (ESP),27 JUN 2018,1133.0,women_TJ,2018,https://worldathletics.org/athletes/athlete=14463702,toplist
32.0,14.15,0.2,Anna KRASUTSKA,20 JUL 1995,UKR,2,,Lutsk (UKR),21 JUL 2018,1133.0,women_TJ,2018,https://worldathletics.org/athletes/athlete=14400461,toplist
32.0,14.15,-1.6,Naomi OGBETA,18 APR 1998,GBR,4q2,,"Olympiastadion, Berlin (GER)",08 AUG 2018,1142.0,women_TJ,2018,https://worldathletics.org/athletes/athlete=14590572,toplist
35.0,14.14,0.6,Valentina KOSOLAPOVA,11 JUL 1997,RUS,1,,Chelyabinsk (RUS),08 JUL 2018,1132.0,women_TJ,2018,https://worldathletics.org/athletes/athlete=14576069,toplist
36.0,14.13,,Dovilė DZINDZALETAITĖ,14 JUL 1993,LTU,3,,"Gallur, Madrid (ESP) (i)",08 FEB 2018,1131.0,women_TJ,2018,https://worldathletics.org/athletes/athlete=14363902,toplist
37.0,14.08,,Thea LAFOND,05 APR 1994,DMA,1,,"University Park, PA (USA) (i)",17 FEB 2018,1126.0,women_TJ,2018,https://worldathletics.org/athletes/athlete=14416826,toplist
37.0,14.08,1.4,Patricia SARRAPIO,16 NOV 1982,ESP,1,,Castellón (ESP),16 JUN 2018,1126.0,women_TJ,2018,https://worldathletics.org/athletes/athlete=14260478,toplist
39.0,14.07,,Ilionis GUILLAUME,13 JAN 1998,FRA,1,,Liévin (FRA) (i),17 FEB 2018,1125.0,women_TJ,2018,https://worldathletics.org/athletes/athlete=14516275,toplist
39.0,14.07,0.2,Irina EKTOVA,08 JAN 1987,KAZ,1,,Almaty (KAZ),30 JUN 2018,1125.0,women_TJ,2018,https://worldathletics.org/athletes/athlete=14288653,toplist
41.0,14.05,0.4,Ottavia CESTONARO,12 JAN 1995,ITA,2,,Tarragona (ESP),27 JUN 2018,1122.0,women_TJ,2018,https://worldathletics.org/athletes/athlete=14406580,toplist
41.0,14.05,1.2,Dariya DERKACH,27 MAR 1993,ITA,1,,Avila (ESP),10 JUL 2018,1122.0,women_TJ,2018,https://worldathletics.org/athletes/athlete=14363463,toplist
41.0,14.05,0.9,Tähti ALVER,04 DEC 1994,EST,1,,Tallinn (EST),28 JUL 2018,1122.0,women_TJ,2018,https://worldathletics.org/athletes/athlete=14362158,toplist
44.0,14.02,,Anna KRYLOVA,03 OCT 1985,RUS,3,,Moskva (RUS) (i),03 FEB 2018,1119.0,women_TJ,2018,https://worldathletics.org/athletes/athlete=14298358,toplist
44.0,14.02,,Natalya YEVDOKIMOVA,07 SEP 1993,RUS,4,,Moskva (RUS) (i),03 FEB 2018,1119.0,women_TJ,2018,https://worldathletics.org/athletes/athlete=14513833,toplist
44.0,14.02,1.9,Ivonne RANGEL,24 AUG 1993,MEX,1,,Queretaro (MEX),29 APR 2018,1119.0,women_TJ,2018,https://worldathletics.org/athletes/athlete=14375673,toplist
44.0,14.02,0.2,Anigbata CHINONYELUM,16 SEP 1998,NGR,1,,"Stephen Keshi Stadium, Asaba (NGR)",05 AUG 2018,1119.0,women_TJ,2018,https://worldathletics.org/athletes/athlete=14636845,toplist
48.0,14.0,1.1,Marie-Jose EBWEA BILE,07 FEB 1997,FRA,2,,"Fayetteville, AR (USA)",28 APR 2018,1117.0,women_TJ,2018,https://worldathletics.org/athletes/athlete=14501352,toplist
49.0,13.95,2.0,Viyaleta SKVARTSOVA,15 APR 1998,BLR,1,,Brest (BLR),25 MAY 2018,1112.0,women_TJ,2018,https://worldathletics.org/athletes/athlete=14687147,toplist
49.0,13.95,1.1,María VICENTE,28 MAR 2001,ESP,1,,"Olimpiai Sportpark, Győr (HUN)",08 JUL 2018,1112.0,women_TJ,2018,https://worldathletics.org/athletes/athlete=14648429,toplist
49.0,13.95,-0.4,Jessie MADUKA,23 APR 1996,GER,5,,London (GBR),15 JUL 2018,1114.0,women_TJ,2018,https://worldathletics.org/athletes/athlete=14450062,toplist
52.0,13.93,0.0,Thi Men VU,10 JUL 1990,VIE,3,,Jakarta (INA),30 AUG 2018,1110.0,women_TJ,2018,https://worldathletics.org/athletes/athlete=14816365,toplist
53.0,13.92,0.3,Davisleydi VELAZCO,04 SEP 1999,CUB,1,,La Habana (CUB),23 FEB 2018,1109.0,women_TJ,2018,https://worldathletics.org/athletes/athlete=14663467,toplist
53.0,13.92,0.3,Fátima DIAME,22 SEP 1996,ESP,3,,Tarragona (ESP),27 JUN 2018,1109.0,women_TJ,2018,https://worldathletics.org/athletes/athlete=14458906,toplist
55.0,13.91,1.7,Sandisha ANTOINE,05 NOV 1991,LCA,5,,Barranquilla (COL),01 AUG 2018,1108.0,women_TJ,2018,https://worldathletics.org/athletes/athlete=14258746,toplist
56.0,13.9,-0.2,Keila COSTA,06 FEB 1983,BRA,3,,"CNDA, Bragança Paulista (BRA)",08 JUL 2018,1108.0,women_TJ,2018,https://worldathletics.org/athletes/athlete=14269284,toplist
56.0,13.9,1.1,Lecabela QUARESMA,26 DEC 1989,POR,,,Sotteville-lès-Rouen (FRA),17 JUL 2018,1107.0,women_TJ,2018,https://worldathletics.org/athletes/athlete=14295044,toplist
58.0,13.89,1.2,Chaquinn COOK,10 JUL 1997,USA,3,,"Torrance, CA (USA)",21 APR 2018,1106.0,women_TJ,2018,https://worldathletics.org/athletes/athlete=14692383,toplist
59.0,13.87,0.5,Jenny ELBE,18 APR 1990,GER,3,,Garbsen (GER),13 MAY 2018,1104.0,women_TJ,2018,https://worldathletics.org/athletes/athlete=14277482,toplist
59.0,13.87,1.8,Merilyn UUDMÄE,26 MAR 1991,EST,2,,Tallinn (EST),07 JUL 2018,1104.0,women_TJ,2018,https://worldathletics.org/athletes/athlete=14363051,toplist
59.0,13.87,0.0,Sokhna GALLE,23 APR 1994,FRA,4,,Albi (FRA),08 JUL 2018,1104.0,women_TJ,2018,https://worldathletics.org/athletes/athlete=14380808,toplist
62.0,13.86,0.9,Olha KORSUN,11 NOV 1996,UKR,3,,Lutsk (UKR),21 JUL 2018,1103.0,women_TJ,2018,https://worldathletics.org/athletes/athlete=14535102,toplist
63.0,13.85,,Fan RAO,01 JAN 1996,CHN,1,,Xianlin (CHN) (i),08 MAR 2018,1102.0,women_TJ,2018,https://worldathletics.org/athletes/athlete=14376361,toplist
64.0,13.84,1.6,Imani OLIVER,07 MAR 1993,USA,1,,"Auburn, AL (USA)",14 APR 2018,1101.0,women_TJ,2018,https://worldathletics.org/athletes/athlete=14440164,toplist
65.0,13.81,0.3,Liuba Maria ZALDÍVAR,05 APR 1993,ECU,1,,Cuenca (ECU),24 MAR 2018,1098.0,women_TJ,2018,https://worldathletics.org/athletes/athlete=14412596,toplist
65.0,13.81,1.7,Sanna NYGARD,22 MAR 1988,FIN,1,,Torremolinos (ESP),11 JUL 2018,1098.0,women_TJ,2018,https://worldathletics.org/athletes/athlete=14259168,toplist
65.0,13.81,1.5,Mirieli SANTOS,01 APR 1999,BRA,2,,"Ratinan Stadion, Tampere (FIN)",15 JUL 2018,1098.0,women_TJ,2018,https://worldathletics.org/athletes/athlete=14662630,toplist
68.0,13.79,-0.6,Ting CHEN,28 AUG 1997,CHN,1,,Guiyang (CHN),16 JUN 2018,1099.0,women_TJ,2018,https://worldathletics.org/athletes/athlete=14744970,toplist
69.0,13.78,,Andrea GEUBELLE,21 JUN 1991,USA,2,,"Albuquerque, NM (USA) (i)",17 FEB 2018,1095.0,women_TJ,2018,https://worldathletics.org/athletes/athlete=14329998,toplist
69.0,13.78,-1.8,Patience NTSHINGILA,26 AUG 1989,RSA,1,,Pretoria (RSA),16 MAR 2018,1105.0,women_TJ,2018,https://worldathletics.org/athletes/athlete=14361354,toplist
71.0,13.77,1.5,Dana VELĎÁKOVÁ,03 JUN 1981,SVK,1,,Tábor (CZE),18 JUL 2018,1094.0,women_TJ,2018,https://worldathletics.org/athletes/athlete=14301624,toplist
72.0,13.76,0.2,Giselly Andrea LANDAZURI,08 AUG 1992,COL,3,,Medellín (COL),28 APR 2018,1093.0,women_TJ,2018,https://worldathletics.org/athletes/athlete=14375674,toplist
72.0,13.76,1.6,Yelyzaveta BABIY,24 JUL 1997,UKR,4,,Lutsk (UKR),21 JUL 2018,1093.0,women_TJ,2018,https://worldathletics.org/athletes/athlete=14535093,toplist
72.0,13.76,0.2,Wupin WANG,18 JAN 1991,CHN,1,,Dalian (CHN),07 AUG 2018,1093.0,women_TJ,2018,https://worldathletics.org/athletes/athlete=14941411,toplist
75.0,13.75,1.2,Nadia EKE,11 JAN 1993,GHA,1,,"Columbia, SC (USA)",24 MAR 2018,1092.0,women_TJ,2018,https://worldathletics.org/athletes/athlete=14425444,toplist
75.0,13.75,-1.1,Laura SAMUEL,19 FEB 1991,GBR,2,,Birmingham (GBR),30 JUN 2018,1098.0,women_TJ,2018,https://worldathletics.org/athletes/athlete=14276265,toplist
75.0,13.75,0.0,Tamara MYERS,27 JUL 1993,BAH,2,,"Leonora Stadium, Leonora (GUY)",30 JUN 2018,1092.0,women_TJ,2018,https://worldathletics.org/athletes/athlete=14469981,toplist
78.0,13.74,1.6,Diana ZAGAINOVA,20 JUN 1997,LTU,2,,Ogre (LAT),15 JUN 2018,1091.0,women_TJ,2018,https://worldathletics.org/athletes/athlete=14565366,toplist
79.0,13.72,0.0,Thelma Nohemí FUENTES,20 AUG 1992,GUA,,,San Salvador (ESA),23 JUN 2018,1089.0,women_TJ,2018,https://worldathletics.org/athletes/athlete=14434898,toplist
80.0,13.69,,Jie CHEN,02 MAR 1998,CHN,2,,Xianlin (CHN) (i),08 MAR 2018,1086.0,women_TJ,2018,https://worldathletics.org/athletes/athlete=14691876,toplist
80.0,13.69,1.2,Jhoanmy LUQUE,20 DEC 1995,VEN,1,,"Des Moines, IA (USA)",28 APR 2018,1086.0,women_TJ,2018,https://worldathletics.org/athletes/athlete=14480205,toplist
82.0,13.68,1.0,Eva PEPELNAK,04 OCT 2000,SLO,4,,"Ratinan Stadion, Tampere (FIN)",15 JUL 2018,1085.0,women_TJ,2018,https://worldathletics.org/athletes/athlete=14589381,toplist
82.0,13.68,0.9,Xiaohong LI,08 JAN 1995,CHN,2,,Dalian (CHN),07 AUG 2018,1085.0,women_TJ,2018,https://worldathletics.org/athletes/athlete=14462015,toplist
84.0,13.67,1.8,Danellys DUTIL,12 FEB 1995,CUB,2,,Camagüey (CUB),04 FEB 2018,1084.0,women_TJ,2018,https://worldathletics.org/athletes/athlete=14418930,toplist
84.0,13.67,1.0,Oda Utsi ONSTAD,12 MAY 1990,NOR,1,,Nadderud (NOR),17 JUN 2018,1084.0,women_TJ,2018,https://worldathletics.org/athletes/athlete=14292747,toplist
84.0,13.67,1.3,Janne NIELSEN,24 APR 1993,DEN,,,Sotteville-lès-Rouen (FRA),17 JUL 2018,1084.0,women_TJ,2018,https://worldathletics.org/athletes/athlete=14448020,toplist
87.0,13.66,1.4,Luna FU,03 MAY 1995,CHN,1,,Zhuzhou (CHN),17 APR 2018,1083.0,women_TJ,2018,https://worldathletics.org/athletes/athlete=14462181,toplist
87.0,13.66,-0.1,Youqi PAN,10 JUL 2000,CHN,1,,Taiyuan (CHN),16 SEP 2018,1083.0,women_TJ,2018,https://worldathletics.org/athletes/athlete=14744726,toplist
89.0,13.65,0.0,Zinzi XULU,28 SEP 1996,RSA,1,,Sasolburg (RSA),27 APR 2018,1082.0,women_TJ,2018,https://worldathletics.org/athletes/athlete=14544117,toplist
89.0,13.65,0.3,Evelise VEIGA,03 MAR 1996,POR,2,,Jesolo (ITA),10 JUN 2018,1082.0,women_TJ,2018,https://worldathletics.org/athletes/athlete=14509493,toplist
91.0,13.64,0.4,Ying LI,29 MAR 1994,CHN,2,,Taiyuan (CHN),16 SEP 2018,1081.0,women_TJ,2018,https://worldathletics.org/athletes/athlete=14441107,toplist
92.0,13.63,-1.5,Caroline EHRHARDT,06 FEB 1992,CAN,4,,Toronto (CAN),12 AUG 2018,1089.0,women_TJ,2018,https://worldathletics.org/athletes/athlete=14329895,toplist
92.0,13.63,0.5,Renu GREWAL,21 DEC 1998,IND,1,,Bhubaneshwar (IND),25 SEP 2018,1080.0,women_TJ,2018,https://worldathletics.org/athletes/athlete=14768655,toplist
94.0,13.62,1.2,Kristina ALVERTSIAN,04 JUL 1990,GRE,3,,Athina (GRE),26 MAY 2018,1079.0,women_TJ,2018,https://worldathletics.org/athletes/athlete=14459789,toplist
94.0,13.62,0.6,Māra GRĪVA,04 AUG 1989,LAT,4,,Ogre (LAT),15 JUN 2018,1079.0,women_TJ,2018,https://worldathletics.org/athletes/athlete=14289988,toplist
96.0,13.61,,Ruslana TSYKHOTSKA,23 MAR 1986,UKR,2,,Sumy (UKR) (i),11 FEB 2018,1078.0,women_TJ,2018,https://worldathletics.org/athletes/athlete=14304274,toplist
96.0,13.61,,Sabina ALLEN,27 DEC 1994,JAM,5,,"College Station, TX (USA) (i)",10 MAR 2018,1078.0,women_TJ,2018,https://worldathletics.org/athletes/athlete=14520302,toplist
96.0,13.61,1.0,LaChyna ROE,,USA,4,,"Knoxville, TN (USA)",12 MAY 2018,1078.0,women_TJ,2018,https://worldathletics.org/athletes/athlete=14615689,toplist
96.0,13.61,1.1,Kira KYTÖLÄ,25 JUN 1993,FIN,2,,Jyväskylä (FIN),21 JUL 2018,1078.0,women_TJ,2018,https://worldathletics.org/athletes/athlete=14456405,toplist
100.0,13.6,,Rong WANG,01 JUL 1996,CHN,3,,Xianlin (CHN) (i),08 MAR 2018,1076.0,women_TJ,2018,https://worldathletics.org/athletes/athlete=14514481,toplist
1.0,15.41,1.5,Yulimar ROJAS,21 OCT 1995,VEN,1,,Andújar (ESP),06 SEP 2019,1263.0,women_TJ,2019,https://worldathletics.org/athletes/athlete=14436431,toplist
2.0,14.93,0.0,Shanieka RICKETTS,02 FEB 1992,JAM,1,,"Letzigrund, Zürich (SUI)",29 AUG 2019,1213.0,women_TJ,2019,https://worldathletics.org/athletes/athlete=14413464,toplist
3.0,14.89,0.0,Caterine IBARGUEN,12 FEB 1984,COL,1,,"Stade Olympique de la Pontaise, Lausanne (SUI)",05 JUL 2019,1209.0,women_TJ,2019,https://worldathletics.org/athletes/athlete=14263994,toplist
4.0,14.81,,Yekaterina KONEVA,25 SEP 1988,RUS,1,,Moskva (RUS) (i),25 JAN 2019,1201.0,women_TJ,2019,https://worldathletics.org/athletes/athlete=14298189,toplist
5.0,14.77,0.9,Liadagmis POVEA,06 FEB 1996,CUB,3,,"Stade Olympique de la Pontaise, Lausanne (SUI)",05 JUL 2019,1196.0,women_TJ,2019,https://worldathletics.org/athletes/athlete=14574170,toplist
6.0,14.73,,Ana PELETEIRO,02 DEC 1995,ESP,1,,"Emirates Arena, Glasgow (GBR) (i)",03 MAR 2019,1192.0,women_TJ,2019,https://worldathletics.org/athletes/athlete=14454805,toplist
7.0,14.72,1.7,Keturah ORJI,05 MAR 1996,USA,3,,"Stade Charléty, Paris (FRA)",24 AUG 2019,1191.0,women_TJ,2019,https://worldathletics.org/athletes/athlete=14503156,toplist
8.0,14.64,-1.7,Darya NIDBAYKINA,26 DEC 1994,RUS,1,,Zhukovskiy (RUS),22 JUN 2019,1193.0,women_TJ,2019,https://worldathletics.org/athletes/athlete=14513831,toplist
8.0,14.64,0.1,Kimberly WILLIAMS,03 NOV 1988,JAM,4,,"Khalifa International Stadium, Doha (QAT)",05 OCT 2019,1183.0,women_TJ,2019,https://worldathletics.org/athletes/athlete=14285998,toplist
10.0,14.61,-0.4,Kristin GIERISCH,20 AUG 1990,GER,1,,Garbsen (GER),02 JUN 2019,1182.0,women_TJ,2019,https://worldathletics.org/athletes/athlete=14277718,toplist
11.0,14.57,,Tori FRANKLIN,07 OCT 1992,USA,2,,"Gallur, Madrid (ESP) (i)",08 FEB 2019,1176.0,women_TJ,2019,https://worldathletics.org/athletes/athlete=14425445,toplist
12.0,14.52,0.0,Olha SALADUKHA,04 JUN 1983,UKR,5,,"Khalifa International Stadium, Doha (QAT)",05 OCT 2019,1171.0,women_TJ,2019,https://worldathletics.org/athletes/athlete=14304115,toplist
13.0,14.51,1.0,Paraskevi PAPACHRISTOU,17 APR 1989,GRE,6,,"Stade Olympique de la Pontaise, Lausanne (SUI)",05 JUL 2019,1170.0,women_TJ,2019,https://worldathletics.org/athletes/athlete=14280843,toplist
14.0,14.44,,Patrícia MAMONA,21 NOV 1988,POR,3,,"Gallur, Madrid (ESP) (i)",08 FEB 2019,1162.0,women_TJ,2019,https://worldathletics.org/athletes/athlete=14294964,toplist
15.0,14.43,,Susana COSTA,22 SEP 1984,POR,5,,"Emirates Arena, Glasgow (GBR) (i)",03 MAR 2019,1161.0,women_TJ,2019,https://worldathletics.org/athletes/athlete=14294840,toplist
15.0,14.43,1.8,Diana ZAGAINOVA,20 JUN 1997,LTU,1,,La Chaux-de-Fonds (SUI),30 JUN 2019,1161.0,women_TJ,2019,https://worldathletics.org/athletes/athlete=14565366,toplist
17.0,14.39,,Rouguy DIALLO,05 FEB 1995,FRA,4,,"Gallur, Madrid (ESP) (i)",08 FEB 2019,1157.0,women_TJ,2019,https://worldathletics.org/athletes/athlete=14410309,toplist
18.0,14.38,,Kristiina MÄKELÄ,20 NOV 1992,FIN,5,,"Gallur, Madrid (ESP) (i)",08 FEB 2019,1156.0,women_TJ,2019,https://worldathletics.org/athletes/athlete=14365370,toplist
18.0,14.38,0.6,Thea LAFOND,05 APR 1994,DMA,1,,"Gainesville, FL (USA)",30 MAR 2019,1156.0,women_TJ,2019,https://worldathletics.org/athletes/athlete=14416826,toplist
20.0,14.37,0.1,Olga RYPAKOVA,30 NOV 1984,KAZ,1,,Almaty (KAZ),30 JUN 2019,1155.0,women_TJ,2019,https://worldathletics.org/athletes/athlete=14288693,toplist
21.0,14.36,1.2,Yosiris URRUTIA,26 JUN 1986,COL,2,,Barranquilla (COL),18 MAY 2019,1154.0,women_TJ,2019,https://worldathletics.org/athletes/athlete=14263900,toplist
22.0,14.35,1.1,Yanis DAVID,12 DEC 1997,FRA,1,,"Fayetteville, AR (USA)",11 MAY 2019,1153.0,women_TJ,2019,https://worldathletics.org/athletes/athlete=14463702,toplist
23.0,14.33,0.8,Nadia EKE,11 JAN 1993,GHA,4,,Kingston (JAM),08 JUN 2019,1151.0,women_TJ,2019,https://worldathletics.org/athletes/athlete=14425444,toplist
24.0,14.32,0.6,Evelise VEIGA,03 MAR 1996,POR,2,,Maia (POR),01 JUN 2019,1150.0,women_TJ,2019,https://worldathletics.org/athletes/athlete=14509493,toplist
25.0,14.28,1.7,Nubia SOARES,26 MAR 1996,BRA,4,,Huelva (ESP),20 JUN 2019,1146.0,women_TJ,2019,https://worldathletics.org/athletes/athlete=14530395,toplist
25.0,14.28,0.9,Dovilė KILTY,14 JUL 1993,LTU,1,,"Sandnes Stadion, Sandnes (NOR)",10 AUG 2019,1146.0,women_TJ,2019,https://worldathletics.org/athletes/athlete=14363902,toplist
27.0,14.27,1.6,Patricia SARRAPIO,16 NOV 1982,ESP,1,,Valencia (ESP),13 JUL 2019,1145.0,women_TJ,2019,https://worldathletics.org/athletes/athlete=14260478,toplist
28.0,14.23,,Andreea PANȚUROIU,24 FEB 1995,ROU,1,,Bucureşti (ROU) (i),06 FEB 2019,1141.0,women_TJ,2019,https://worldathletics.org/athletes/athlete=14408349,toplist
29.0,14.22,1.6,Gabriela PETROVA,29 JUN 1992,BUL,,,"Paavo Nurmen Stadion, Turku (FIN)",11 JUN 2019,1140.0,women_TJ,2019,https://worldathletics.org/athletes/athlete=14268585,toplist
30.0,14.2,0.9,Hanna MINENKO,25 SEP 1989,ISR,1,,Limoges (FRA),19 JUN 2019,1138.0,women_TJ,2019,https://worldathletics.org/athletes/athlete=14303717,toplist
31.0,14.18,1.0,Ottavia CESTONARO,12 JAN 1995,ITA,3,,"Zdzisław Krzyszkowiak Stadium, Bydgoszcz (POL)",10 AUG 2019,1136.0,women_TJ,2019,https://worldathletics.org/athletes/athlete=14406580,toplist
32.0,14.16,0.3,Neele ECKHARDT-NOACK,02 JUL 1992,GER,1,,Hannover (GER),20 JUL 2019,1134.0,women_TJ,2019,https://worldathletics.org/athletes/athlete=14277447,toplist
33.0,14.13,0.5,Leyanis PÉREZ HERNÁNDEZ,10 JAN 2002,CUB,2,,La Habana (CUB),18 MAY 2019,1131.0,women_TJ,2019,https://worldathletics.org/athletes/athlete=14828679,toplist
33.0,14.13,1.4,Aleksandra NACHEVA,20 AUG 2001,BUL,,,Pitesti (ROU),21 JUN 2019,1131.0,women_TJ,2019,https://worldathletics.org/athletes/athlete=14705690,toplist
35.0,14.1,1.5,Iryna VASKOUSKAYA,02 APR 1991,BLR,1,,Minsk (BLR),07 JUN 2019,1128.0,women_TJ,2019,https://worldathletics.org/athletes/athlete=14404033,toplist
36.0,14.07,1.0,Jeanine ASSANI ISSOUF,17 AUG 1992,FRA,2,,Limoges (FRA),19 JUN 2019,1125.0,women_TJ,2019,https://worldathletics.org/athletes/athlete=14334954,toplist
37.0,14.05,,Naomi OGBETA,18 APR 1998,GBR,1,,Birmingham (GBR) (i),09 FEB 2019,1122.0,women_TJ,2019,https://worldathletics.org/athletes/athlete=14590572,toplist
37.0,14.05,0.0,Liuba Maria ZALDÍVAR,05 APR 1993,ECU,2,,Medellín (COL),01 MAY 2019,1122.0,women_TJ,2019,https://worldathletics.org/athletes/athlete=14412596,toplist
39.0,14.04,1.9,Davisleydi VELAZCO,04 SEP 1999,CUB,,,Kingston (JAM),08 JUN 2019,1121.0,women_TJ,2019,https://worldathletics.org/athletes/athlete=14663467,toplist
40.0,14.03,1.8,Gabriele SANTOS,23 FEB 1995,BRA,,,"CNDA, Bragança Paulista (BRA)",01 SEP 2019,1120.0,women_TJ,2019,https://worldathletics.org/athletes/athlete=14496363,toplist
41.0,14.01,,Anna KRASUTSKA,20 JUL 1995,UKR,1,,Sumy (UKR) (i),26 JAN 2019,1118.0,women_TJ,2019,https://worldathletics.org/athletes/athlete=14400461,toplist
42.0,14.0,-0.4,Natalya YEVDOKIMOVA,07 SEP 1993,RUS,2,,Zhukovskiy (RUS),06 JUL 2019,1119.0,women_TJ,2019,https://worldathletics.org/athletes/athlete=14513833,toplist
42.0,14.0,-2.4,Spyridoula KARYDI,30 JAN 2001,GRE,1,,"Ryavallen, Borås (SWE)",20 JUL 2019,1131.0,women_TJ,2019,https://worldathletics.org/athletes/athlete=14759227,toplist
44.0,13.99,0.2,Shardia LAWRENCE,31 DEC 1995,JAM,1,,"Austin, TX (USA)",08 JUN 2019,1116.0,women_TJ,2019,https://worldathletics.org/athletes/athlete=14413646,toplist
45.0,13.97,0.0,Yang YANG,23 AUG 2001,CHN,1,,"Shanxi Sports Center Stadium, Taiyuan (CHN)",18 AUG 2019,1114.0,women_TJ,2019,https://worldathletics.org/athletes/athlete=14795854,toplist
46.0,13.96,0.2,Tamara MYERS,27 JUL 1993,BAH,5,,"Estadio Atlético de la VIDENA, Lima (PER)",09 AUG 2019,1113.0,women_TJ,2019,https://worldathletics.org/athletes/athlete=14469981,toplist
47.0,13.95,1.6,Ting XU,23 FEB 1997,CHN,1f1,,Jinhua (CHN),23 MAY 2019,1112.0,women_TJ,2019,https://worldathletics.org/athletes/athlete=14691777,toplist
48.0,13.94,-0.2,Mengyuan PENG,05 SEP 1996,CHN,1,,Daqing (CHN),23 AUG 2019,1112.0,women_TJ,2019,https://worldathletics.org/athletes/athlete=14782304,toplist
49.0,13.92,0.5,Jenny ELBE,18 APR 1990,GER,1,,Dresden (GER),18 MAY 2019,1109.0,women_TJ,2019,https://worldathletics.org/athletes/athlete=14277482,toplist
50.0,13.91,0.7,Neja FILIPIČ,22 APR 1995,SLO,1,,Celje (SLO),15 JUN 2019,1108.0,women_TJ,2019,https://worldathletics.org/athletes/athlete=14474496,toplist
50.0,13.91,0.7,Anna KRYLOVA,03 OCT 1985,ANA,3,,Sochi (RUS),05 SEP 2019,1108.0,women_TJ,2019,https://worldathletics.org/athletes/athlete=14298358,toplist
52.0,13.87,0.3,Ana Lucia JOSE TIMA,10 OCT 1989,DOM,4,,Barranquilla (COL),18 MAY 2019,1104.0,women_TJ,2019,https://worldathletics.org/athletes/athlete=14369521,toplist
52.0,13.87,0.5,Marie-Jose EBWEA BILE,07 FEB 1997,FRA,3,,"Austin, TX (USA)",08 JUN 2019,1104.0,women_TJ,2019,https://worldathletics.org/athletes/athlete=14501352,toplist
54.0,13.86,0.6,Fátima DIAME,22 SEP 1996,ESP,2,,Castellón (ESP),26 MAY 2019,1103.0,women_TJ,2019,https://worldathletics.org/athletes/athlete=14458906,toplist
54.0,13.86,1.2,Imani OLIVER,07 MAR 1993,USA,3,,"Drake Stadium, Des Moines, IA (USA)",25 JUL 2019,1103.0,women_TJ,2019,https://worldathletics.org/athletes/athlete=14440164,toplist
56.0,13.85,1.5,Tuğba DANIŞMAZ,01 SEP 1999,TUR,2,,"Gunder Hägg Stadion, Gävle (SWE)",12 JUL 2019,1102.0,women_TJ,2019,https://worldathletics.org/athletes/athlete=14589446,toplist
56.0,13.85,1.5,Senni SALMINEN,29 JAN 1996,FIN,3,,Espoo (FIN),18 AUG 2019,1102.0,women_TJ,2019,https://worldathletics.org/athletes/athlete=14454573,toplist
58.0,13.83,,Chaquinn COOK,10 JUL 1997,USA,2,,"Birmingham, AL (USA) (i)",09 MAR 2019,1100.0,women_TJ,2019,https://worldathletics.org/athletes/athlete=14692383,toplist
59.0,13.82,-0.7,Ying LI,29 MAR 1994,CHN,2f1,,Zhaoqing (CHN),08 APR 2019,1103.0,women_TJ,2019,https://worldathletics.org/athletes/athlete=14441107,toplist
60.0,13.81,0.6,Rui ZENG,06 FEB 1998,CHN,3f1,,Zhaoqing (CHN),08 APR 2019,1098.0,women_TJ,2019,https://worldathletics.org/athletes/athlete=14714513,toplist
60.0,13.81,2.0,Yekaterina SARIYEVA,18 DEC 1995,AZE,1,,Baku (AZE),07 JUN 2019,1098.0,women_TJ,2019,https://worldathletics.org/athletes/athlete=14476658,toplist
62.0,13.79,0.8,Mariya OVCHINNIKOVA,19 OCT 1998,KAZ,2,,Almaty (KAZ),30 JUN 2019,1096.0,women_TJ,2019,https://worldathletics.org/athletes/athlete=14646811,toplist
62.0,13.79,1.2,Viyaleta SKVARTSOVA,15 APR 1998,BLR,3,,"Gunder Hägg Stadion, Gävle (SWE)",12 JUL 2019,1096.0,women_TJ,2019,https://worldathletics.org/athletes/athlete=14687147,toplist
64.0,13.77,1.3,Bria MATTHEWS,22 JUL 1997,USA,1,,"Charlottesville, VA (USA)",11 MAY 2019,1094.0,women_TJ,2019,https://worldathletics.org/athletes/athlete=14536511,toplist
64.0,13.77,-0.8,Ana Margarida OLIVEIRA,18 JUL 1995,POR,,,Lisboa (POR),21 JUL 2019,1098.0,women_TJ,2019,https://worldathletics.org/athletes/athlete=14435135,toplist
64.0,13.77,0.1,Qiujiao TAN,28 MAY 2000,CHN,2,,"Shanxi Sports Center Stadium, Taiyuan (CHN)",18 AUG 2019,1094.0,women_TJ,2019,https://worldathletics.org/athletes/athlete=14795857,toplist
67.0,13.76,1.9,Ivonne RANGEL,24 AUG 1993,MEX,1,,Queretaro (MEX),13 APR 2019,1093.0,women_TJ,2019,https://worldathletics.org/athletes/athlete=14375673,toplist
67.0,13.76,1.1,Caroline EHRHARDT,06 FEB 1992,CAN,1,,"Azusa, CA (USA)",19 APR 2019,1093.0,women_TJ,2019,https://worldathletics.org/athletes/athlete=14329895,toplist
67.0,13.76,2.0,Marina LOBATO,08 JAN 1998,ESP,1,,Tarragona (ESP),30 JUN 2019,1093.0,women_TJ,2019,https://worldathletics.org/athletes/athlete=14518963,toplist
70.0,13.75,,Irina EKTOVA,08 JAN 1987,KAZ,1,,Ust-Kamenogorsk (KAZ) (i),22 JAN 2019,1092.0,women_TJ,2019,https://worldathletics.org/athletes/athlete=14288653,toplist
70.0,13.75,-0.2,Anigbata CHINONYELUM,16 SEP 1998,NGR,1,,"Complexe Sportif Prince Moulay Abdellah, Rabat (MAR)",26 AUG 2019,1093.0,women_TJ,2019,https://worldathletics.org/athletes/athlete=14636845,toplist
70.0,13.75,0.2,Parinya CHUAIMAROENG,16 DEC 1997,THA,1,,New Clark City (PHI),07 DEC 2019,1092.0,women_TJ,2019,https://worldathletics.org/athletes/athlete=14603339,toplist
73.0,13.74,1.6,Janne NIELSEN,24 APR 1993,DEN,,,Pierre-Bénite (FRA),14 JUN 2019,1091.0,women_TJ,2019,https://worldathletics.org/athletes/athlete=14448020,toplist
74.0,13.72,1.0,Valentina KOSOLAPOVA,11 JUL 1997,RUS,4,,Cheboksary (RUS),27 JUL 2019,1089.0,women_TJ,2019,https://worldathletics.org/athletes/athlete=14576069,toplist
75.0,13.71,,María VICENTE,28 MAR 2001,ESP,9,,"Gallur, Madrid (ESP) (i)",08 FEB 2019,1088.0,women_TJ,2019,https://worldathletics.org/athletes/athlete=14648429,toplist
75.0,13.71,,Ting CHEN,28 AUG 1997,CHN,2,,Hangzhou (CHN) (i),19 MAR 2019,1088.0,women_TJ,2019,https://worldathletics.org/athletes/athlete=14744970,toplist
75.0,13.71,2.0,Adrianna SZÓSTAK,02 MAR 1996,POL,1,,Opole (POL),22 JUN 2019,1088.0,women_TJ,2019,https://worldathletics.org/athletes/athlete=14436867,toplist
75.0,13.71,0.7,Lynnika PITTS,19 MAY 1992,USA,6,,"Dinamo National Olympic Stadium, Minsk (BLR)",09 SEP 2019,1088.0,women_TJ,2019,https://worldathletics.org/athletes/athlete=14452102,toplist
79.0,13.7,2.0,Kelly MCKEE,15 JUN 1997,USA,1,,"Charlottesville, VA (USA)",20 APR 2019,1087.0,women_TJ,2019,https://worldathletics.org/athletes/athlete=14596500,toplist
80.0,13.69,-0.5,Jamaa CHNAIK,28 JUL 1984,MAR,2,,"Complexe Sportif Prince Moulay Abdellah, Rabat (MAR)",26 AUG 2019,1089.0,women_TJ,2019,https://worldathletics.org/athletes/athlete=14290627,toplist
80.0,13.69,-0.2,Oda Utsi ONSTAD,12 MAY 1990,NOR,1,,"Bislett Stadion, Oslo (NOR)",27 AUG 2019,1087.0,women_TJ,2019,https://worldathletics.org/athletes/athlete=14292747,toplist
82.0,13.68,1.3,Crystal MANNING,15 APR 1986,USA,1,,"Torrance, CA (USA)",19 APR 2019,1085.0,women_TJ,2019,https://worldathletics.org/athletes/athlete=14315962,toplist
83.0,13.67,,Jie CHEN,02 MAR 1998,CHN,4f1,,Nanjing (CHN) (i),24 FEB 2019,1084.0,women_TJ,2019,https://worldathletics.org/athletes/athlete=14691876,toplist
83.0,13.67,1.2,Christina EPPS,20 JUN 1991,USA,1,,"Baltimore, MD (USA)",20 APR 2019,1084.0,women_TJ,2019,https://worldathletics.org/athletes/athlete=14409240,toplist
83.0,13.67,0.7,Jasmine MOORE,01 MAY 2001,USA,1,,"Austin, TX (USA)",11 MAY 2019,1084.0,women_TJ,2019,https://worldathletics.org/athletes/athlete=14715853,toplist
86.0,13.66,2.0,Eszter BAJNOK,26 APR 1997,HUN,2,,"Charlottesville, VA (USA)",11 MAY 2019,1083.0,women_TJ,2019,https://worldathletics.org/athletes/athlete=14424559,toplist
86.0,13.66,1.6,H.D. Vidusha LAKSHANI,28 DEC 1996,SRI,1,,Colombo (SRI),18 AUG 2019,1083.0,women_TJ,2019,https://worldathletics.org/athletes/athlete=14533042,toplist
88.0,13.65,0.9,Irina GUMENYUK,06 JAN 1988,ANA,5,,Cheboksary (RUS),27 JUL 2019,1082.0,women_TJ,2019,https://worldathletics.org/athletes/athlete=14297885,toplist
88.0,13.65,0.3,Kanna KAWAI,05 NOV 1997,JPN,1,,"Nagaragawa Stadium, Gifu (JPN)",15 SEP 2019,1082.0,women_TJ,2019,https://worldathletics.org/athletes/athlete=14758133,toplist
90.0,13.64,,Tähti ALVER,04 DEC 1994,EST,1,,Tallinn (EST) (i),20 JAN 2019,1081.0,women_TJ,2019,https://worldathletics.org/athletes/athlete=14362158,toplist
91.0,13.63,,Sokhna GALLE,23 APR 1994,FRA,3,,Miramas (FRA) (i),16 FEB 2019,1080.0,women_TJ,2019,https://worldathletics.org/athletes/athlete=14380808,toplist
91.0,13.63,1.2,Titiana MARSH,13 DEC 1999,USA,2,,"Athens, GA (USA)",27 APR 2019,1080.0,women_TJ,2019,https://worldathletics.org/athletes/athlete=14596396,toplist
91.0,13.63,1.1,Tiffany FLYNN,02 SEP 1995,USA,1q1,,"Jacksonville, FL (USA)",25 MAY 2019,1080.0,women_TJ,2019,https://worldathletics.org/athletes/athlete=14591181,toplist
91.0,13.63,1.6,Xiaohong LI,08 JAN 1995,CHN,4f1,,Luoyang (CHN),30 MAY 2019,1080.0,women_TJ,2019,https://worldathletics.org/athletes/athlete=14462015,toplist
91.0,13.63,0.4,Georgiana Iuliana ANIȚEI,26 MAR 1999,ROU,2,,Pitesti (ROU),30 JUL 2019,1080.0,women_TJ,2019,https://worldathletics.org/athletes/athlete=14508052,toplist
96.0,13.62,1.8,Tissanna HICKLING,07 JAN 1998,JAM,1,,Kingston (JAM),13 APR 2019,1079.0,women_TJ,2019,https://worldathletics.org/athletes/athlete=14540234,toplist
96.0,13.62,1.5,Māra GRĪVA,04 AUG 1989,LAT,1,,Ogre (LAT),01 JUN 2019,1079.0,women_TJ,2019,https://worldathletics.org/athletes/athlete=14289988,toplist
98.0,13.61,,Laura SAMUEL,19 FEB 1991,GBR,2,,Birmingham (GBR) (i),09 FEB 2019,1078.0,women_TJ,2019,https://worldathletics.org/athletes/athlete=14276265,toplist
98.0,13.61,0.6,Yu LI,28 JAN 2000,CHN,3,,Shenyang (CHN),11 JUL 2019,1078.0,women_TJ,2019,https://worldathletics.org/athletes/athlete=14843210,toplist
100.0,13.6,,Luna FU,03 MAY 1995,CHN,1f1,,Xi'an (CHN) (i),04 MAR 2019,1076.0,women_TJ,2019,https://worldathletics.org/athletes/athlete=14462181,toplist
1.0,15.43,,Yulimar ROJAS,21 OCT 1995,VEN,1,,"Gallur, Madrid (ESP) (i)",21 FEB 2020,1265.0,women_TJ,2020,https://worldathletics.org/athletes/athlete=14436431,toplist
2.0,14.64,,Tori FRANKLIN,07 OCT 1992,USA,1,,"Convention Center, Albuquerque, NM (USA) (i)",14 FEB 2020,1183.0,women_TJ,2020,https://worldathletics.org/athletes/athlete=14425445,toplist
3.0,14.6,,Keturah ORJI,05 MAR 1996,USA,2,,"Convention Center, Albuquerque, NM (USA) (i)",14 FEB 2020,1179.0,women_TJ,2020,https://worldathletics.org/athletes/athlete=14503156,toplist
4.0,14.56,1.9,Yekaterina KONEVA,25 SEP 1988,RUS,1,,"Slava Metreveli Stadium, Sochi (RUS)",20 SEP 2020,1175.0,women_TJ,2020,https://worldathletics.org/athletes/athlete=14298189,toplist
5.0,14.55,1.6,Liadagmis POVEA,06 FEB 1996,CUB,,,"Estadio Panamericano, La Habana (CUB)",08 FEB 2020,1174.0,women_TJ,2020,https://worldathletics.org/athletes/athlete=14574170,toplist
6.0,14.43,1.2,Shanieka RICKETTS,02 FEB 1992,JAM,1,,"National Stadium, Kingston (JAM)",22 AUG 2020,1161.0,women_TJ,2020,https://worldathletics.org/athletes/athlete=14413464,toplist
7.0,14.38,1.4,Gabriela PETROVA,29 JUN 1992,BUL,1,,"Deveti Septemvri Stadium, Plovdiv (BUL)",14 JUL 2020,1156.0,women_TJ,2020,https://worldathletics.org/athletes/athlete=14268585,toplist
8.0,14.34,1.6,Davisleydi VELAZCO,04 SEP 1999,CUB,2,,"Estadio Panamericano, La Habana (CUB)",21 MAR 2020,1152.0,women_TJ,2020,https://worldathletics.org/athletes/athlete=14663467,toplist
9.0,14.33,,Thea LAFOND,05 APR 1994,DMA,1,,"Ocean Breeze Athl. Complex, New York, NY (USA) (i)",07 FEB 2020,1151.0,women_TJ,2020,https://worldathletics.org/athletes/athlete=14416826,toplist
9.0,14.33,,Patrícia MAMONA,21 NOV 1988,POR,1,,Val-de-Reuil (FRA) (i),14 FEB 2020,1151.0,women_TJ,2020,https://worldathletics.org/athletes/athlete=14294964,toplist
11.0,14.3,0.5,Kristiina MÄKELÄ,20 NOV 1992,FIN,,,"Urheilukenttä, Orimattila (FIN)",21 JUL 2020,1148.0,women_TJ,2020,https://worldathletics.org/athletes/athlete=14365370,toplist
12.0,14.28,,Viyaleta SKVARTSOVA,15 APR 1998,BLR,1,,"RTSOP Arena, Minsk (BLR) (i)",23 DEC 2020,1146.0,women_TJ,2020,https://worldathletics.org/athletes/athlete=14687147,toplist
13.0,14.24,0.3,Iryna VASKOUSKAYA,02 APR 1991,BLR,1,,"Dinamo National Olympic Stadium, Minsk (BLR)",01 AUG 2020,1142.0,women_TJ,2020,https://worldathletics.org/athletes/athlete=14404033,toplist
14.0,14.22,0.5,Neja FILIPIČ,22 APR 1995,SLO,1,,"Atletski stadion Poljane, Maribor (SLO)",23 JUN 2020,1140.0,women_TJ,2020,https://worldathletics.org/athletes/athlete=14474496,toplist
15.0,14.18,1.2,Dovilė KILTY,14 JUL 1993,LTU,1,,"Palangos Stadionas, Palanga (LTU)",08 AUG 2020,1136.0,women_TJ,2020,https://worldathletics.org/athletes/athlete=14363902,toplist
16.0,14.17,,Neele ECKHARDT-NOACK,02 JUL 1992,GER,1,,"Leichtathletikhalle im Arena-Sportpark, Düsseldorf (GER) (i)",04 FEB 2020,1135.0,women_TJ,2020,https://worldathletics.org/athletes/athlete=14277447,toplist
16.0,14.17,1.1,Darya NIDBAYKINA,26 DEC 1994,RUS,,,"Yelena Yelesina Stadium, Chelyabinsk (RUS)",11 SEP 2020,1135.0,women_TJ,2020,https://worldathletics.org/athletes/athlete=14513831,toplist
16.0,14.17,-1.0,Gabriele SANTOS,23 FEB 1995,BRA,1,,"COTP Stadium, São Paulo (BRA)",11 DEC 2020,1141.0,women_TJ,2020,https://worldathletics.org/athletes/athlete=14496363,toplist
19.0,14.16,,Natalya YEVDOKIMOVA,07 SEP 1993,RUS,1,,"LFK CSKA, Moskva (RUS) (i)",27 FEB 2020,1134.0,women_TJ,2020,https://worldathletics.org/athletes/athlete=14513833,toplist
20.0,14.15,0.7,Leyanis PÉREZ HERNÁNDEZ,10 JAN 2002,CUB,3,,"Estadio Panamericano, La Habana (CUB)",21 MAR 2020,1133.0,women_TJ,2020,https://worldathletics.org/athletes/athlete=14828679,toplist
21.0,14.12,,Kimberly WILLIAMS,03 NOV 1988,JAM,1,,"Clemson Indoor Track & Field Complex, Clemson, SC (USA) (i)",15 FEB 2020,1130.0,women_TJ,2020,https://worldathletics.org/athletes/athlete=14285998,toplist
21.0,14.12,0.1,Spyridoula KARYDI,30 JAN 2001,GRE,1,,"Grigoris Lambrakis Stadium, Kallithea, Athina (GRE)",22 JUL 2020,1130.0,women_TJ,2020,https://worldathletics.org/athletes/athlete=14759227,toplist
23.0,14.1,0.4,Yang YANG,23 AUG 2001,CHN,1,,"Guangdong Ersha Sports Training Center, Guangzhou (CHN)",30 MAY 2020,1128.0,women_TJ,2020,https://worldathletics.org/athletes/athlete=14795854,toplist
23.0,14.1,1.8,Susana COSTA,22 SEP 1984,POR,3,,"Estadio Universitario, Lisboa (POR)",08 AUG 2020,1128.0,women_TJ,2020,https://worldathletics.org/athletes/athlete=14294840,toplist
25.0,14.08,,Valentina KOSOLAPOVA,11 JUL 1997,RUS,1,,"LFK CSKA, Moskva (RUS) (i)",09 FEB 2020,1126.0,women_TJ,2020,https://worldathletics.org/athletes/athlete=14576069,toplist
26.0,14.04,1.5,Senni SALMINEN,29 JAN 1996,FIN,1,,"Leppävaaran Stadion, Espoo (FIN)",27 JUN 2020,1121.0,women_TJ,2020,https://worldathletics.org/athletes/athlete=14454573,toplist
27.0,14.03,,Kristin GIERISCH,20 AUG 1990,GER,2,,"Quarterback Immobilien Arena, Leipzig (GER) (i)",22 FEB 2020,1120.0,women_TJ,2020,https://worldathletics.org/athletes/athlete=14277718,toplist
27.0,14.03,-1.3,Zinzi XULU,28 SEP 1996,RSA,1,,"Bestmed Tuks Stadium, Pretoria (RSA)",07 MAR 2020,1127.0,women_TJ,2020,https://worldathletics.org/athletes/athlete=14544117,toplist
29.0,14.02,1.3,Ying LI,29 MAR 1994,CHN,1,,"Shangyu Stadium, Shaoxing (CHN)",18 SEP 2020,1119.0,women_TJ,2020,https://worldathletics.org/athletes/athlete=14441107,toplist
30.0,13.99,0.8,Janne NIELSEN,24 APR 1993,DEN,,,"Stadium Municipal, Albi (FRA)",13 SEP 2020,1116.0,women_TJ,2020,https://worldathletics.org/athletes/athlete=14448020,toplist
31.0,13.92,1.5,Keila COSTA,06 FEB 1983,BRA,2,,"COTP Stadium, São Paulo (BRA)",06 DEC 2020,1109.0,women_TJ,2020,https://worldathletics.org/athletes/athlete=14269284,toplist
32.0,13.9,,Jasmine MOORE,01 MAY 2001,USA,1,,"Randal Tyson Indoor Center, Fayetteville, AR (USA) (i)",01 FEB 2020,1107.0,women_TJ,2020,https://worldathletics.org/athletes/athlete=14715853,toplist
32.0,13.9,,Ana PELETEIRO,02 DEC 1995,ESP,1,,"Pista de atletismo Cuberta de Ourense, Ourense (ESP) (i)",29 FEB 2020,1107.0,women_TJ,2020,https://worldathletics.org/athletes/athlete=14454805,toplist
34.0,13.87,,Andreea PANȚUROIU,24 FEB 1995,ROU,5,,"Gallur, Madrid (ESP) (i)",21 FEB 2020,1104.0,women_TJ,2020,https://worldathletics.org/athletes/athlete=14408349,toplist
34.0,13.87,0.0,Qiujiao TAN,28 MAY 2000,CHN,2,,"Shangyu Stadium, Shaoxing (CHN)",18 SEP 2020,1104.0,women_TJ,2020,https://worldathletics.org/athletes/athlete=14795857,toplist
36.0,13.86,0.2,Fan RAO,01 JAN 1996,CHN,2,,"Guangdong Ersha Sports Training Center, Guangzhou (CHN)",30 MAY 2020,1103.0,women_TJ,2020,https://worldathletics.org/athletes/athlete=14376361,toplist
36.0,13.86,0.1,Rui ZENG,06 FEB 1998,CHN,3,,"Shangyu Stadium, Shaoxing (CHN)",18 SEP 2020,1103.0,women_TJ,2020,https://worldathletics.org/athletes/athlete=14714513,toplist
38.0,13.85,,Paraskevi PAPACHRISTOU,17 APR 1989,GRE,5,,"Leichtathletikhalle im Arena-Sportpark, Düsseldorf (GER) (i)",04 FEB 2020,1102.0,women_TJ,2020,https://worldathletics.org/athletes/athlete=14280843,toplist
38.0,13.85,2.0,Aleksandra KRASINA,12 SEP 1998,RUS,3,,"Stadium Desna, Bryansk (RUS)",30 AUG 2020,1102.0,women_TJ,2020,https://worldathletics.org/athletes/athlete=14576405,toplist
40.0,13.84,0.9,Florentina Costina IUSCO,08 APR 1996,ROU,1,,"Stadionul Iolanda Balas Soter, Bucureşti (ROU)",08 AUG 2020,1101.0,women_TJ,2020,https://worldathletics.org/athletes/athlete=14436399,toplist
40.0,13.84,1.8,Veronica ZANON,16 JAN 2001,ITA,1,,"Stadio Zecchini, Grosseto (ITA)",20 SEP 2020,1101.0,women_TJ,2020,https://worldathletics.org/athletes/athlete=14765877,toplist
40.0,13.84,0.8,Nubia SOARES,26 MAR 1996,BRA,3,,"COTP Stadium, São Paulo (BRA)",06 DEC 2020,1101.0,women_TJ,2020,https://worldathletics.org/athletes/athlete=14530395,toplist
43.0,13.83,,Naomi OGBETA,18 APR 1998,GBR,1,,"Emirates Arena, Glasgow (GBR) (i)",23 FEB 2020,1100.0,women_TJ,2020,https://worldathletics.org/athletes/athlete=14590572,toplist
43.0,13.83,1.1,Ting XU,23 FEB 1997,CHN,1,,Fuzhou (CHN),24 MAY 2020,1100.0,women_TJ,2020,https://worldathletics.org/athletes/athlete=14691777,toplist
45.0,13.82,,Fátima DIAME,22 SEP 1996,ESP,1,,Valencia (ESP) (i),18 JAN 2020,1099.0,women_TJ,2020,https://worldathletics.org/athletes/athlete=14458906,toplist
45.0,13.82,1.3,Rūta Kate LASMANE,17 DEC 2000,LAT,1,,"Zemgales Olimpiskā centra Stadions, Jelgava (LAT)",08 AUG 2020,1099.0,women_TJ,2020,https://worldathletics.org/athletes/athlete=14734471,toplist
47.0,13.81,1.3,Tuğba DANIŞMAZ,01 SEP 1999,TUR,1,,"Ekrem Koçak Atletizm Pisti, Istanbul (TUR)",04 SEP 2020,1098.0,women_TJ,2020,https://worldathletics.org/athletes/athlete=14589446,toplist
48.0,13.8,,Imani OLIVER,07 MAR 1993,USA,3,,"Convention Center, Albuquerque, NM (USA) (i)",14 FEB 2020,1097.0,women_TJ,2020,https://worldathletics.org/athletes/athlete=14440164,toplist
49.0,13.78,1.6,Patricia SARRAPIO,16 NOV 1982,ESP,1,,"Estadio Vallehermoso, Madrid (ESP)",05 SEP 2020,1095.0,women_TJ,2020,https://worldathletics.org/athletes/athlete=14260478,toplist
49.0,13.78,1.4,Viktoriya PROKOPENKO,17 APR 1991,RUS,,,"Yelena Yelesina Stadium, Chelyabinsk (RUS)",11 SEP 2020,1095.0,women_TJ,2020,https://worldathletics.org/athletes/athlete=14442670,toplist
49.0,13.78,1.0,Liuba Maria ZALDÍVAR,05 APR 1993,ECU,1,,Quito (ECU),12 DEC 2020,1095.0,women_TJ,2020,https://worldathletics.org/athletes/athlete=14412596,toplist
52.0,13.77,,Deborah ACQUAH,23 MAY 1996,GHA,1,,"Gilliam Indoor Track, College Station, TX (USA) (i)",08 FEB 2020,1094.0,women_TJ,2020,https://worldathletics.org/athletes/athlete=14757812,toplist
53.0,13.7,1.7,Eva PEPELNAK,04 OCT 2000,SLO,2,,"Atletski stadion Poljane, Maribor (SLO)",23 JUN 2020,1087.0,women_TJ,2020,https://worldathletics.org/athletes/athlete=14589381,toplist
54.0,13.68,,Evelise VEIGA,03 MAR 1996,POR,3,,"Expocentro, Pombal (POR) (i)",01 MAR 2020,1085.0,women_TJ,2020,https://worldathletics.org/athletes/athlete=14509493,toplist
55.0,13.67,0.4,Maria PURTSA,18 AUG 1995,GER,1,,"Heinz-Steyer-Stadion, Dresden (GER)",10 JUL 2020,1084.0,women_TJ,2020,https://worldathletics.org/athletes/athlete=14485198,toplist
56.0,13.65,1.4,Linda SUCHÁ,28 SEP 2001,CZE,1,,"Stadium Irena Szewińska, Karpacz (POL)",20 SEP 2020,1082.0,women_TJ,2020,https://worldathletics.org/athletes/athlete=14683914,toplist
57.0,13.64,0.3,Mian WU,09 JAN 2000,CHN,1,,Chengdu (CHN),15 MAY 2020,1081.0,women_TJ,2020,https://worldathletics.org/athletes/athlete=14825040,toplist
58.0,13.63,0.0,Parinya CHUAIMAROENG,16 DEC 1997,THA,1,,Bangkok (THA),16 JAN 2020,1080.0,women_TJ,2020,https://worldathletics.org/athletes/athlete=14603339,toplist
59.0,13.62,1.6,Emma PULLOLA,18 DEC 1996,FIN,2,,"Urheilukenttä, Orimattila (FIN)",21 JUL 2020,1079.0,women_TJ,2020,https://worldathletics.org/athletes/athlete=14460668,toplist
59.0,13.62,0.6,Ottavia CESTONARO,12 JAN 1995,ITA,1,,"Campo Scuola G. Perraro, Vicenza (ITA)",07 AUG 2020,1079.0,women_TJ,2020,https://worldathletics.org/athletes/athlete=14406580,toplist
61.0,13.61,1.2,Diana ZAGAINOVA,20 JUN 1997,LTU,2,,"Palangos Stadionas, Palanga (LTU)",08 AUG 2020,1078.0,women_TJ,2020,https://worldathletics.org/athletes/athlete=14565366,toplist
61.0,13.61,1.6,Paola BOROVIĆ,26 JUN 1995,CRO,1,,"Sports Park Mladost, Zagreb (CRO)",08 AUG 2020,1078.0,women_TJ,2020,https://worldathletics.org/athletes/athlete=14404059,toplist
63.0,13.59,-0.7,Jeanine ASSANI ISSOUF,17 AUG 1992,FRA,1,,"Stadium Municipal, Albi (FRA)",13 SEP 2020,1079.0,women_TJ,2020,https://worldathletics.org/athletes/athlete=14334954,toplist
64.0,13.58,0.5,Vaida PADIMANSKAITĖ,07 AUG 2000,LTU,3,,"Palangos Stadionas, Palanga (LTU)",08 AUG 2020,1074.0,women_TJ,2020,https://worldathletics.org/athletes/athlete=14689051,toplist
64.0,13.58,1.0,Ana Margarida OLIVEIRA,18 JUL 1995,POR,1,,Granada (ESP),22 AUG 2020,1074.0,women_TJ,2020,https://worldathletics.org/athletes/athlete=14435135,toplist
64.0,13.58,0.8,Marija STOJADINOVIC,13 JUL 1997,SRB,,,Kruševac (SRB),22 AUG 2020,1074.0,women_TJ,2020,https://worldathletics.org/athletes/athlete=14510129,toplist
67.0,13.57,,Anne-Suzanna FOSTHER-KATTA,13 NOV 1998,FRA,1,,"Arena Stade Couvert, Liévin (FRA) (i)",29 FEB 2020,1073.0,women_TJ,2020,https://worldathletics.org/athletes/cameroon/anne-suzanna-fosther-katta-14645336,toplist
67.0,13.57,-0.2,Jessie MADUKA,23 APR 1996,GER,2,,"Eintracht-Stadion, Braunschweig (GER)",08 AUG 2020,1074.0,women_TJ,2020,https://worldathletics.org/athletes/athlete=14450062,toplist
69.0,13.56,,Lexi ELLIS,15 OCT 1999,USA,2,,"Randal Tyson Indoor Center, Fayetteville, AR (USA) (i)",01 FEB 2020,1072.0,women_TJ,2020,https://worldathletics.org/athletes/athlete=14554473,toplist
69.0,13.56,1.9,Rebecka ABRAHAMSSON,26 APR 1994,SWE,1,,"Uppsala Friidrottsarena, Uppsala (SWE)",16 AUG 2020,1072.0,women_TJ,2020,https://worldathletics.org/athletes/athlete=14456805,toplist
69.0,13.56,-1.2,Dariya DERKACH,27 MAR 1993,ITA,1,,"Stadio Colbachini, Padova (ITA)",30 AUG 2020,1079.0,women_TJ,2020,https://worldathletics.org/athletes/athlete=14363463,toplist
72.0,13.55,-0.2,Karolina MŁODAWSKA,04 OCT 1996,POL,1,,"Stadion OSiR, Wloclawek (POL)",28 AUG 2020,1072.0,women_TJ,2020,https://worldathletics.org/athletes/athlete=14507777,toplist
72.0,13.55,1.3,Ilionis GUILLAUME,13 JAN 1998,FRA,2,,"Stadium Municipal, Albi (FRA)",13 SEP 2020,1071.0,women_TJ,2020,https://worldathletics.org/athletes/athlete=14516275,toplist
74.0,13.54,,Aliaksandra MALAFEYEVA,12 SEP 1998,BLR,3,,"Olimpiyets Arena, Mogilyov (BLR) (i)",21 FEB 2020,1070.0,women_TJ,2020,https://worldathletics.org/athletes/athlete=14647216,toplist
75.0,13.52,-0.1,Adrianna SZÓSTAK,02 MAR 1996,POL,2,,"Stadion OSiR, Wloclawek (POL)",28 AUG 2020,1068.0,women_TJ,2020,https://worldathletics.org/athletes/athlete=14436867,toplist
76.0,13.51,,Cristina-Ioana BUJIN,12 APR 1988,ROU,2,,"Sala de Atletism Ioan Soter, Bucureşti (ROU) (i)",28 FEB 2020,1067.0,women_TJ,2020,https://worldathletics.org/athletes/athlete=14295465,toplist
77.0,13.5,,Yekaterina SARIYEVA,18 DEC 1995,AZE,3,,"Ataköy Arena, Istanbul (TUR) (i)",15 FEB 2020,1066.0,women_TJ,2020,https://worldathletics.org/athletes/athlete=14476658,toplist
77.0,13.5,,Oda Utsi ONSTAD,12 MAY 1990,NOR,1,,"Leikvang Friidrettshall, Bergen (NOR) (i)",16 FEB 2020,1066.0,women_TJ,2020,https://worldathletics.org/athletes/athlete=14292747,toplist
77.0,13.5,0.8,Sandisha ANTOINE,05 NOV 1991,LCA,2,,"National Stadium, Kingston (JAM)",08 AUG 2020,1066.0,women_TJ,2020,https://worldathletics.org/athletes/athlete=14258746,toplist
77.0,13.5,-0.7,Wupin WANG,18 JAN 1991,CHN,5,,"Shangyu Stadium, Shaoxing (CHN)",18 SEP 2020,1070.0,women_TJ,2020,https://worldathletics.org/athletes/athlete=14941411,toplist
81.0,13.49,,Ruth USORO,08 OCT 1997,NGR,1,,"Sports Performance Center, Lubbock, TX (USA) (i)",24 JAN 2020,1065.0,women_TJ,2020,https://worldathletics.org/athletes/athlete=14636870,toplist
81.0,13.49,,Ciynamon STEVENSON,09 APR 1998,USA,2,,"Sports Performance Center, Lubbock, TX (USA) (i)",31 JAN 2020,1065.0,women_TJ,2020,https://worldathletics.org/athletes/athlete=14579974,toplist
83.0,13.48,,Charisma TAYLOR,03 SEP 1999,BAH,1,,"Convention Center, Albuquerque, NM (USA) (i)",14 FEB 2020,1064.0,women_TJ,2020,https://worldathletics.org/athletes/athlete=14630926,toplist
84.0,13.47,,Alonie SUTTON,19 DEC 1999,USA,3,,"Sports Performance Center, Lubbock, TX (USA) (i)",31 JAN 2020,1063.0,women_TJ,2020,https://worldathletics.org/athletes/athlete=14695711,toplist
85.0,13.46,0.0,Yuyue CHAI,20 OCT 1999,CHN,1,,"Shanxi Athletics Administrative Center, Xi'an (CHN)",30 MAY 2020,1062.0,women_TJ,2020,https://worldathletics.org/athletes/athlete=14691784,toplist
86.0,13.45,,Lynnika PITTS,19 MAY 1992,USA,4,,"Convention Center, Albuquerque, NM (USA) (i)",14 FEB 2020,1061.0,women_TJ,2020,https://worldathletics.org/athletes/athlete=14452102,toplist
86.0,13.45,,Tiffany FLYNN,02 SEP 1995,USA,5,,"Convention Center, Albuquerque, NM (USA) (i)",14 FEB 2020,1061.0,women_TJ,2020,https://worldathletics.org/athletes/athlete=14591181,toplist
86.0,13.45,0.1,Agnieszka BEDNAREK,14 JUN 1998,POL,3,,"Stadion OSiR, Wloclawek (POL)",28 AUG 2020,1061.0,women_TJ,2020,https://worldathletics.org/athletes/athlete=14564261,toplist
89.0,13.44,,Zion LEWIS,1998,USA,1,,"Cornell-Barton Hall, Ithaca, NY (USA) (i)",01 MAR 2020,1060.0,women_TJ,2020,https://worldathletics.org/athletes/athlete=14489366,toplist
89.0,13.44,0.9,Tuğba AYDIN,25 AUG 1994,TUR,3,,"Cluj Arena, Cluj-Napoca (ROU)",19 SEP 2020,1060.0,women_TJ,2020,https://worldathletics.org/athletes/athlete=14514448,toplist
91.0,13.43,-0.2,Xiaohong LI,08 JAN 1995,CHN,2,,Fuzhou (CHN),24 MAY 2020,1060.0,women_TJ,2020,https://worldathletics.org/athletes/athlete=14462015,toplist
92.0,13.42,,Mariya OVCHINNIKOVA,19 OCT 1998,KAZ,1,,"Athletic Center Olga Rypakova, Ust-Kamenogorsk (KAZ) (i)",18 JAN 2020,1058.0,women_TJ,2020,https://worldathletics.org/athletes/athlete=14646811,toplist
92.0,13.42,,Bria MATTHEWS,22 JUL 1997,USA,1,,"Loftus Sports Center, Notre Dame, IN (USA) (i)",29 FEB 2020,1058.0,women_TJ,2020,https://worldathletics.org/athletes/athlete=14536511,toplist
92.0,13.42,1.1,Maja ÅSKAG,18 DEC 2002,SWE,2,,"Uppsala Friidrottsarena, Uppsala (SWE)",16 AUG 2020,1058.0,women_TJ,2020,https://worldathletics.org/athletes/athlete=14774822,toplist
95.0,13.4,,Mariya PRIVALOVA,25 DEC 2001,RUS,1,,"VGAFK Arena, Volgograd (RUS) (i)",08 FEB 2020,1056.0,women_TJ,2020,https://worldathletics.org/athletes/athlete=14817650,toplist
95.0,13.4,1.8,Irina PIMENOVA,19 DEC 1988,UKR,1,,"Avangard Stadium, Lutsk (UKR)",30 AUG 2020,1056.0,women_TJ,2020,https://worldathletics.org/athletes/athlete=14304027,toplist
95.0,13.4,1.4,Aleksandra SKOBEL,27 FEB 1999,RUS,2,,"Yelena Yelesina Stadium, Chelyabinsk (RUS)",11 SEP 2020,1056.0,women_TJ,2020,https://worldathletics.org/athletes/athlete=14658642,toplist
95.0,13.4,0.9,Tessy EBOSELE,28 JUL 2002,ESP,,,"Estadio Vallehermoso, Madrid (ESP)",04 OCT 2020,1056.0,women_TJ,2020,https://worldathletics.org/athletes/athlete=14758987,toplist
99.0,13.39,1.2,Tetyana PTASHKINA,10 JAN 1993,UKR,2,,"Avangard Stadium, Lutsk (UKR)",30 AUG 2020,1055.0,women_TJ,2020,https://worldathletics.org/athletes/athlete=14483029,toplist
99.0,13.39,1.8,Mariia SINEY,29 MAR 1997,UKR,3,,"Avangard Stadium, Lutsk (UKR)",30 AUG 2020,1055.0,women_TJ,2020,https://worldathletics.org/athletes/athlete=14535147,toplist
1.0,15.67,0.7,Yulimar ROJAS,21 OCT 1995,VEN,1,,"National Stadium, Tokyo (JPN)",01 AUG 2021,1290.0,women_TJ,2021,https://worldathletics.org/athletes/athlete=14436431,toplist
2.0,15.01,1.0,Patrícia MAMONA,21 NOV 1988,POR,2,,"National Stadium, Tokyo (JPN)",01 AUG 2021,1221.0,women_TJ,2021,https://worldathletics.org/athletes/athlete=14294964,toplist
3.0,14.98,1.2,Shanieka RICKETTS,02 FEB 1992,JAM,3,,"Suhaim bin Hamad Stadium, Doha (QAT)",28 MAY 2021,1218.0,women_TJ,2021,https://worldathletics.org/athletes/athlete=14413464,toplist
4.0,14.93,0.8,Liadagmis POVEA,06 FEB 1996,CUB,1,,"Estadio Panamericano, La Habana (CUB)",22 MAY 2021,1213.0,women_TJ,2021,https://worldathletics.org/athletes/athlete=14574170,toplist
5.0,14.91,1.1,Keturah ORJI,05 MAR 1996,USA,1,,"CVEATC, Chula Vista, CA (USA)",25 APR 2021,1211.0,women_TJ,2021,https://worldathletics.org/athletes/athlete=14503156,toplist
6.0,14.87,0.5,Ana PELETEIRO,02 DEC 1995,ESP,3,,"National Stadium, Tokyo (JPN)",01 AUG 2021,1207.0,women_TJ,2021,https://worldathletics.org/athletes/athlete=14454805,toplist
7.0,14.69,1.6,Kimberly WILLIAMS,03 NOV 1988,JAM,2,,"Suhaim bin Hamad Stadium, Doha (QAT)",28 MAY 2021,1188.0,women_TJ,2021,https://worldathletics.org/athletes/athlete=14285998,toplist
8.0,14.68,0.5,Nubia SOARES,26 MAR 1996,BRA,2,,Castellón (ESP),29 JUN 2021,1187.0,women_TJ,2021,https://worldathletics.org/athletes/athlete=14530395,toplist
9.0,14.63,1.0,Senni SALMINEN,29 JAN 1996,FIN,1f1,,"Cluj Arena, Cluj-Napoca (ROU)",19 JUN 2021,1182.0,women_TJ,2021,https://worldathletics.org/athletes/athlete=14454573,toplist
10.0,14.62,1.2,Yekaterina KONEVA,25 SEP 1988,RUS,1,,"Stadium Desna, Bryansk (RUS)",11 JUN 2021,1181.0,women_TJ,2021,https://worldathletics.org/athletes/athlete=14298189,toplist
11.0,14.6,,Paraskevi PAPACHRISTOU,17 APR 1989,GRE,1,,"Arena Toruń, Toruń (POL) (i)",17 FEB 2021,1179.0,women_TJ,2021,https://worldathletics.org/athletes/athlete=14280843,toplist
11.0,14.6,-0.1,Thea LAFOND,05 APR 1994,DMA,1q2,,"National Stadium, Tokyo (JPN)",30 JUL 2021,1179.0,women_TJ,2021,https://worldathletics.org/athletes/athlete=14416826,toplist
11.0,14.6,0.6,Hanna MINENKO,25 SEP 1989,ISR,6,,"National Stadium, Tokyo (JPN)",01 AUG 2021,1179.0,women_TJ,2021,https://worldathletics.org/athletes/athlete=14303717,toplist
14.0,14.53,0.5,Leyanis PÉREZ HERNÁNDEZ,10 JAN 2002,CUB,3,,Castellón (ESP),29 JUN 2021,1172.0,women_TJ,2021,https://worldathletics.org/athletes/athlete=14828679,toplist
15.0,14.52,,Neele ECKHARDT-NOACK,02 JUL 1992,GER,3,,"Arena Toruń, Toruń (POL) (i)",07 MAR 2021,1171.0,women_TJ,2021,https://worldathletics.org/athletes/athlete=14277447,toplist
16.0,14.51,1.1,Rouguy DIALLO,05 FEB 1995,FRA,2,,"Estadio Vallehermoso, Madrid (ESP)",19 JUN 2021,1170.0,women_TJ,2021,https://worldathletics.org/athletes/athlete=14410309,toplist
17.0,14.5,2.0,Ruth USORO,08 OCT 1997,NGR,1,,"Terry & Linda Fuller T&F Complex, Lubbock, TX (USA)",10 APR 2021,1169.0,women_TJ,2021,https://worldathletics.org/athletes/athlete=14636870,toplist
18.0,14.49,0.9,Ana Lucia JOSE TIMA,10 OCT 1989,DOM,4,,Castellón (ESP),29 JUN 2021,1168.0,women_TJ,2021,https://worldathletics.org/athletes/athlete=14369521,toplist
19.0,14.47,0.5,Dariya DERKACH,27 MAR 1993,ITA,1,,"Stadio Quercia, Rovereto (ITA)",27 JUN 2021,1166.0,women_TJ,2021,https://worldathletics.org/athletes/athlete=14363463,toplist
20.0,14.42,1.1,Gabriela PETROVA,29 JUN 1992,BUL,1,,"Beroe Stadium, Stara Zagora (BUL)",19 JUN 2021,1160.0,women_TJ,2021,https://worldathletics.org/athletes/athlete=14268585,toplist
20.0,14.42,-1.4,Darya NIDBAYKINA,26 DEC 1994,RUS,1,,"Stadium Desna, Bryansk (RUS)",18 JUL 2021,1168.0,women_TJ,2021,https://worldathletics.org/athletes/athlete=14513831,toplist
22.0,14.41,1.4,Kristiina MÄKELÄ,20 NOV 1992,FIN,1,,"Kuortaneen keskusurheilukenttä, Kuortane (FIN)",26 JUN 2021,1159.0,women_TJ,2021,https://worldathletics.org/athletes/athlete=14365370,toplist
23.0,14.39,,Viyaleta SKVARTSOVA,15 APR 1998,BLR,2,,"Arena Toruń, Toruń (POL) (i)",17 FEB 2021,1157.0,women_TJ,2021,https://worldathletics.org/athletes/athlete=14687147,toplist
23.0,14.39,0.8,Jasmine MOORE,01 MAY 2001,USA,1,,"Cushing Stadium, College Station, TX (USA)",15 MAY 2021,1157.0,women_TJ,2021,https://worldathletics.org/athletes/athlete=14715853,toplist
25.0,14.38,1.8,Roksana KHUDOYAROVA,30 JAN 2001,UZB,1,,"AFU Athletics Stadium, Tashkent (UZB)",29 JUN 2021,1156.0,women_TJ,2021,https://worldathletics.org/athletes/athlete=14791399,toplist
26.0,14.37,0.9,Caterine IBARGUEN,12 FEB 1984,COL,3q1,,"National Stadium, Tokyo (JPN)",30 JUL 2021,1155.0,women_TJ,2021,https://worldathletics.org/athletes/athlete=14263994,toplist
26.0,14.37,-0.1,Neja FILIPIČ,22 APR 1995,SLO,2,,"Sports Park Mladost, Zagreb (CRO)",14 SEP 2021,1155.0,women_TJ,2021,https://worldathletics.org/athletes/athlete=14474496,toplist
28.0,14.36,1.4,Tori FRANKLIN,07 OCT 1992,USA,2,,"Hayward Field, Eugene, OR (USA)",20 JUN 2021,1154.0,women_TJ,2021,https://worldathletics.org/athletes/athlete=14425445,toplist
29.0,14.34,1.8,Mariya OVCHINNIKOVA,19 OCT 1998,KAZ,1,,"Central Stadium, Almaty (KAZ)",07 JUN 2021,1152.0,women_TJ,2021,https://worldathletics.org/athletes/athlete=14646811,toplist
29.0,14.34,1.3,Irina EKTOVA,08 JAN 1987,KAZ,,,Almaty (KAZ),28 JUN 2021,1152.0,women_TJ,2021,https://worldathletics.org/athletes/athlete=14288653,toplist
29.0,14.34,0.6,Qiujiao TAN,28 MAY 2000,CHN,1,,Xi'an (CHN),21 SEP 2021,1152.0,women_TJ,2021,https://worldathletics.org/athletes/athlete=14795857,toplist
32.0,14.31,0.6,Davisleydi VELAZCO,04 SEP 1999,CUB,3,,"Estadio Panamericano, La Habana (CUB)",29 MAY 2021,1149.0,women_TJ,2021,https://worldathletics.org/athletes/athlete=14663467,toplist
33.0,14.27,,Deborah ACQUAH,23 MAY 1996,GHA,2,,"Randal Tyson Indoor Center, Fayetteville, AR (USA) (i)",13 MAR 2021,1145.0,women_TJ,2021,https://worldathletics.org/athletes/athlete=14757812,toplist
34.0,14.23,0.4,Rui ZENG,06 FEB 1998,CHN,1,,Zhaoqing (CHN),25 APR 2021,1141.0,women_TJ,2021,https://worldathletics.org/athletes/athlete=14714513,toplist
35.0,14.22,0.5,Naomi OGBETA,18 APR 1998,GBR,4,,"Paavo Nurmen Stadion, Turku (FIN)",08 JUN 2021,1140.0,women_TJ,2021,https://worldathletics.org/athletes/athlete=14590572,toplist
36.0,14.2,0.7,Rūta Kate LASMANE,17 DEC 2000,LAT,1,,"Paul Derr TF Facility, Raleigh, NC (USA)",14 MAY 2021,1138.0,women_TJ,2021,https://worldathletics.org/athletes/athlete=14734471,toplist
37.0,14.19,0.0,Spyridoula KARYDI,30 JAN 2001,GRE,1,,"Grigoris Lambrakis Stadium, Kallithea, Athina (GRE)",26 MAY 2021,1137.0,women_TJ,2021,https://worldathletics.org/athletes/athlete=14759227,toplist
37.0,14.19,-1.3,Kimberly WILLIAMSON,02 OCT 1993,JAM,2,,"National Stadium, Kingston (JAM)",26 JUN 2021,1144.0,women_TJ,2021,https://worldathletics.org/athletes/athlete=14367599,toplist
39.0,14.11,0.0,Kristin GIERISCH,20 AUG 1990,GER,2,,"Eintracht-Stadion, Braunschweig (GER)",05 JUN 2021,1129.0,women_TJ,2021,https://worldathletics.org/athletes/athlete=14277718,toplist
39.0,14.11,0.2,Maria PURTSA,18 AUG 1995,GER,3,,"Eintracht-Stadion, Braunschweig (GER)",05 JUN 2021,1129.0,women_TJ,2021,https://worldathletics.org/athletes/athlete=14485198,toplist
41.0,14.09,0.5,Ottavia CESTONARO,12 JAN 1995,ITA,2,,"Stadio Quercia, Rovereto (ITA)",27 JUN 2021,1127.0,women_TJ,2021,https://worldathletics.org/athletes/athlete=14406580,toplist
41.0,14.09,1.0,Tuğba DANIŞMAZ,01 SEP 1999,TUR,1,,"Kadrioru staadion, Tallinn (EST)",09 JUL 2021,1127.0,women_TJ,2021,https://worldathletics.org/athletes/athlete=14589446,toplist
43.0,14.08,1.8,Parinya CHUAIMAROENG,16 DEC 1997,THA,1,,"Supachalasai National Stadium, Bangkok (THA)",27 JUN 2021,1126.0,women_TJ,2021,https://worldathletics.org/athletes/athlete=14603339,toplist
44.0,14.07,1.0,Lynnika PITTS,19 MAY 1992,USA,4,,"Hilmer Lodge Stadium, Walnut, CA (USA)",09 MAY 2021,1125.0,women_TJ,2021,https://worldathletics.org/athletes/athlete=14452102,toplist
45.0,14.06,1.2,Susana COSTA,22 SEP 1984,POR,7,,Castellón (ESP),29 JUN 2021,1124.0,women_TJ,2021,https://worldathletics.org/athletes/athlete=14294840,toplist
46.0,14.05,,Yang YANG,23 AUG 2001,CHN,1,,Chengdu (CHN) (i),13 MAR 2021,1122.0,women_TJ,2021,https://worldathletics.org/athletes/athlete=14795854,toplist
46.0,14.05,0.8,Maja ÅSKAG,18 DEC 2002,SWE,1,,"Kadrioru staadion, Tallinn (EST)",16 JUL 2021,1122.0,women_TJ,2021,https://worldathletics.org/athletes/athlete=14774822,toplist
48.0,14.04,1.4,Michelle FOKAM,08 JUN 1998,USA,3,,"Hayward Field, Eugene, OR (USA)",12 JUN 2021,1121.0,women_TJ,2021,https://worldathletics.org/athletes/athlete=14616775,toplist
49.0,13.98,1.7,Tamara MYERS,27 JUL 1993,BAH,3,,"Ansin Sports Complex, Miramar, FL (USA)",05 JUN 2021,1115.0,women_TJ,2021,https://worldathletics.org/athletes/athlete=14469981,toplist
50.0,13.96,-0.2,Adrianna SZÓSTAK,02 MAR 1996,POL,3,,"Stadion Śląski, Chorzów (POL)",29 MAY 2021,1114.0,women_TJ,2021,https://worldathletics.org/athletes/athlete=14436867,toplist
51.0,13.95,1.5,Dovilė KILTY,14 JUL 1993,LTU,3,,"Beroe Stadium, Stara Zagora (BUL)",19 JUN 2021,1112.0,women_TJ,2021,https://worldathletics.org/athletes/athlete=14363902,toplist
51.0,13.95,0.8,Natalya YEVDOKIMOVA,07 SEP 1993,RUS,3,,"Olympic Stadium, Cheboksary (RUS)",25 JUN 2021,1112.0,women_TJ,2021,https://worldathletics.org/athletes/athlete=14513833,toplist
53.0,13.94,1.9,Jeanine ASSANI ISSOUF,17 AUG 1992,FRA,2,,"Stade Delort, Marseille (FRA)",09 JUN 2021,1111.0,women_TJ,2021,https://worldathletics.org/athletes/athlete=14334954,toplist
54.0,13.93,0.5,Evelise VEIGA,03 MAR 1996,POR,8q1,,"National Stadium, Tokyo (JPN)",30 JUL 2021,1110.0,women_TJ,2021,https://worldathletics.org/athletes/athlete=14509493,toplist
55.0,13.92,1.9,Natricia HOOPER,24 NOV 1998,GUY,,,"Cushing Stadium, College Station, TX (USA)",15 MAY 2021,1109.0,women_TJ,2021,https://worldathletics.org/athletes/athlete=14641923,toplist
55.0,13.92,1.5,Olha SALADUKHA,04 JUN 1983,UKR,,,"Suhaim bin Hamad Stadium, Doha (QAT)",28 MAY 2021,1109.0,women_TJ,2021,https://worldathletics.org/athletes/athlete=14304115,toplist
57.0,13.9,0.9,Bria MATTHEWS,22 JUL 1997,USA,6,,"Hayward Field, Eugene, OR (USA)",12 JUN 2021,1107.0,women_TJ,2021,https://worldathletics.org/athletes/athlete=14536511,toplist
58.0,13.88,2.0,Yekaterina SARIYEVA,18 DEC 1995,AZE,1,,Baku (AZE),03 JUN 2021,1105.0,women_TJ,2021,https://worldathletics.org/athletes/athlete=14476658,toplist
59.0,13.87,,Florentina Costina IUSCO,08 APR 1996,ROU,1,,"Sala de Atletism Ioan Soter, Bucureşti (ROU) (i)",22 JAN 2021,1104.0,women_TJ,2021,https://worldathletics.org/athletes/athlete=14436399,toplist
60.0,13.85,1.0,Jessie MADUKA,23 APR 1996,GER,4,,"Eintracht-Stadion, Braunschweig (GER)",05 JUN 2021,1102.0,women_TJ,2021,https://worldathletics.org/athletes/athlete=14450062,toplist
61.0,13.84,,Iryna VASKOUSKAYA,02 APR 1991,BLR,1,,"Olimpiyets Arena, Mogilyov (BLR) (i)",12 FEB 2021,1101.0,women_TJ,2021,https://worldathletics.org/athletes/athlete=14404033,toplist
61.0,13.84,1.6,Sabina ALLEN,27 DEC 1994,JAM,1,,"Irwin Belk Track, Greensboro, NC (USA)",16 MAY 2021,1101.0,women_TJ,2021,https://worldathletics.org/athletes/athlete=14520302,toplist
61.0,13.84,0.7,Imani OLIVER,07 MAR 1993,USA,4,,"Hayward Field, Eugene, OR (USA)",20 JUN 2021,1101.0,women_TJ,2021,https://worldathletics.org/athletes/athlete=14440164,toplist
64.0,13.81,0.4,Jie CHEN,02 MAR 1998,CHN,3,,Xi'an (CHN),21 SEP 2021,1098.0,women_TJ,2021,https://worldathletics.org/athletes/athlete=14691876,toplist
65.0,13.79,0.8,Keila COSTA,06 FEB 1983,BRA,1,,"COTP Stadium, São Paulo (BRA)",11 JUN 2021,1096.0,women_TJ,2021,https://worldathletics.org/athletes/athlete=14269284,toplist
65.0,13.79,1.2,Karolina MŁODAWSKA,04 OCT 1996,POL,1,,"Stadion MOSiR, Lublin (POL)",03 SEP 2021,1096.0,women_TJ,2021,https://worldathletics.org/athletes/athlete=14507777,toplist
67.0,13.78,-0.4,Aina GRIKŠAITĖ,23 NOV 1994,LTU,1,,"Jāņa Daliņa Stadium, Valmiera (LAT)",13 AUG 2021,1097.0,women_TJ,2021,https://worldathletics.org/athletes/athlete=14448358,toplist
68.0,13.77,,Patricia SARRAPIO,16 NOV 1982,ESP,2,,"Gallur, Madrid (ESP) (i)",20 FEB 2021,1094.0,women_TJ,2021,https://worldathletics.org/athletes/athlete=14260478,toplist
69.0,13.76,0.1,Ying LI,29 MAR 1994,CHN,4,,Xi'an (CHN),21 SEP 2021,1093.0,women_TJ,2021,https://worldathletics.org/athletes/athlete=14441107,toplist
70.0,13.72,-0.4,Mikeisha WELCOME,06 AUG 2000,VIN,1f2,,"Univ. of Arizona Roy P. Drachman Stadium, Tucson, AZ (USA)",01 MAY 2021,1091.0,women_TJ,2021,https://worldathletics.org/athletes/athlete=14707720,toplist
71.0,13.71,0.1,Victoria JOSSE,29 OCT 2000,FRA,1,,"Stade Josette et Roger Mikulak, Angers (FRA)",27 JUN 2021,1088.0,women_TJ,2021,https://worldathletics.org/athletes/athlete=14701598,toplist
72.0,13.69,,Olga RYPAKOVA,30 NOV 1984,KAZ,,,"Athletic Center Olga Rypakova, Ust-Kamenogorsk (KAZ) (i)",30 JAN 2021,1086.0,women_TJ,2021,https://worldathletics.org/athletes/athlete=14288693,toplist
72.0,13.69,1.9,Crystal MANNING,15 APR 1986,USA,1,,"CVEATC, Chula Vista, CA (USA)",06 JUN 2021,1086.0,women_TJ,2021,https://worldathletics.org/athletes/athlete=14315962,toplist
72.0,13.69,-2.4,Eva PEPELNAK,04 OCT 2000,SLO,4,,"Kadrioru staadion, Tallinn (EST)",09 JUL 2021,1100.0,women_TJ,2021,https://worldathletics.org/athletes/athlete=14589381,toplist
75.0,13.68,,Diana Ana Maria ION,27 NOV 2000,ROU,2,,"Sala de Atletism Ioan Soter, Bucureşti (ROU) (i)",05 FEB 2021,1085.0,women_TJ,2021,https://worldathletics.org/athletes/athlete=14629838,toplist
75.0,13.68,,Diana ZAGAINOVA,20 JUN 1997,LTU,1,,"LAM, Klaipėda (LTU) (i)",21 FEB 2021,1085.0,women_TJ,2021,https://worldathletics.org/athletes/athlete=14565366,toplist
75.0,13.68,2.0,Anne-Suzanna FOSTHER-KATTA,13 NOV 1998,FRA,2,,"Stade Philippides, Montpellier (FRA)",08 MAY 2021,1085.0,women_TJ,2021,https://worldathletics.org/athletes/cameroon/anne-suzanna-fosther-katta-14645336,toplist
75.0,13.68,0.5,Titiana MARSH,13 DEC 1999,USA,7,,"Hayward Field, Eugene, OR (USA)",12 JUN 2021,1085.0,women_TJ,2021,https://worldathletics.org/athletes/athlete=14596396,toplist
79.0,13.67,-1.6,Sandisha ANTOINE,05 NOV 1991,LCA,2,,"National Stadium, Kingston (JAM)",17 APR 2021,1093.0,women_TJ,2021,https://worldathletics.org/athletes/athlete=14258746,toplist
79.0,13.67,-0.4,Ariana KUZMANOVA,15 NOV 2000,BUL,4,,"Grigoris Lambrakis Stadium, Kallithea, Athina (GRE)",26 MAY 2021,1086.0,women_TJ,2021,https://worldathletics.org/athletes/athlete=14703416,toplist
79.0,13.67,2.0,Gabriele SANTOS,23 FEB 1995,BRA,1,,"CNDA, Bragança Paulista (BRA)",20 JUN 2021,1084.0,women_TJ,2021,https://worldathletics.org/athletes/athlete=14496363,toplist
79.0,13.67,1.8,Ana Margarida OLIVEIRA,18 JUL 1995,POR,1,,Santa Cruz de Tenerife (ESP),21 JUL 2021,1084.0,women_TJ,2021,https://worldathletics.org/athletes/athlete=14435135,toplist
83.0,13.66,-0.3,Dominque RUOTOLO,19 APR 2000,USA,1,,"Katherine B. Loker Stadium, Los Angeles, CA (USA)",16 MAY 2021,1084.0,women_TJ,2021,https://worldathletics.org/athletes/athlete=14769059,toplist
83.0,13.66,1.7,Anastasiya BELOVA,20 FEB 2001,RUS,,,"Yelena Yelesina Stadium, Chelyabinsk (RUS)",20 JUN 2021,1083.0,women_TJ,2021,https://worldathletics.org/athletes/athlete=14817647,toplist
85.0,13.65,0.5,Sohane AUCAGOS,17 MAR 2003,FRA,2,,"Stade Annexe Stade de France, St-Denis (FRA)",12 JUN 2021,1082.0,women_TJ,2021,https://worldathletics.org/athletes/athlete=14772714,toplist
85.0,13.65,-0.5,Tetyana PTASHKINA,10 JAN 1993,UKR,1,,"Avangard Stadium, Lutsk (UKR)",20 JUN 2021,1085.0,women_TJ,2021,https://worldathletics.org/athletes/athlete=14483029,toplist
85.0,13.65,0.8,Valeriya VOLOVLIKOVA,07 OCT 2002,ANA,2,,"Kadrioru staadion, Tallinn (EST)",16 JUL 2021,1082.0,women_TJ,2021,https://worldathletics.org/athletes/athlete=14913000,toplist
88.0,13.64,0.1,Liuba Maria ZALDÍVAR,05 APR 1993,ECU,2,,Ibagué (COL),11 APR 2021,1081.0,women_TJ,2021,https://worldathletics.org/athletes/athlete=14412596,toplist
88.0,13.64,1.6,Ilionis GUILLAUME,13 JAN 1998,FRA,3,,"Stade Philippides, Montpellier (FRA)",08 MAY 2021,1081.0,women_TJ,2021,https://worldathletics.org/athletes/athlete=14516275,toplist
88.0,13.64,1.1,Rebecka ABRAHAMSSON,26 APR 1994,SWE,2,,"Olympiastadion, Stockholm (SWE)",05 SEP 2021,1081.0,women_TJ,2021,https://worldathletics.org/athletes/athlete=14456805,toplist
91.0,13.63,2.0,Zinzi XULU,28 SEP 1996,RSA,1,,"Stadium, Boksburg (RSA)",27 MAR 2021,1080.0,women_TJ,2021,https://worldathletics.org/athletes/athlete=14544117,toplist
91.0,13.63,0.4,Charisma TAYLOR,03 SEP 1999,BAH,3q1,,"Cushing Stadium, College Station, TX (USA)",29 MAY 2021,1080.0,women_TJ,2021,https://worldathletics.org/athletes/athlete=14630926,toplist
91.0,13.63,2.0,Caroline JOYEUX,26 MAR 2001,GER,1q1,,"Kadrioru staadion, Tallinn (EST)",08 JUL 2021,1080.0,women_TJ,2021,https://worldathletics.org/athletes/athlete=14736473,toplist
91.0,13.63,0.4,Tessy EBOSELE,28 JUL 2002,ESP,2,,"Moi International Sports Centre, Kasarani, Nairobi (KEN)",20 AUG 2021,1080.0,women_TJ,2021,https://worldathletics.org/athletes/athlete=14758987,toplist
95.0,13.62,-0.1,Temi OJORA,24 JAN 2002,GBR,4q1,,"Cushing Stadium, College Station, TX (USA)",29 MAY 2021,1079.0,women_TJ,2021,https://worldathletics.org/athletes/athlete=14789081,toplist
95.0,13.62,0.4,Darja SOPOVA,18 FEB 2002,LAT,3,,"Kadrioru staadion, Tallinn (EST)",16 JUL 2021,1079.0,women_TJ,2021,https://worldathletics.org/athletes/athlete=14735056,toplist
97.0,13.61,,Anigbata CHINONYELUM,16 SEP 1998,NGR,1,,"Randal Tyson Indoor Center, Fayetteville, AR (USA) (i)",05 FEB 2021,1078.0,women_TJ,2021,https://worldathletics.org/athletes/athlete=14636845,toplist
97.0,13.61,0.3,Ting CHEN,28 AUG 1997,CHN,5,,Xi'an (CHN),21 SEP 2021,1078.0,women_TJ,2021,https://worldathletics.org/athletes/athlete=14744970,toplist
99.0,13.6,,Chantoba BRIGHT,04 APR 2000,GUY,2,,"Sports Performance Center, Lubbock, TX (USA) (i)",27 FEB 2021,1076.0,women_TJ,2021,https://worldathletics.org/athletes/athlete=14747303,toplist
99.0,13.6,0.4,Maria Natalia LONDA,29 OCT 1990,INA,1,,"Mimika Sport Complex, Timika (INA)",06 OCT 2021,1076.0,women_TJ,2021,https://worldathletics.org/athletes/athlete=14282715,toplist
1.0,15.74,,Yulimar ROJAS,21 OCT 1995,VEN,1,,"Štark Arena, Beograd (SRB) (i)",20 MAR 2022,1297.0,women_TJ,2022,https://worldathletics.org/athletes/athlete=14436431,toplist
2.0,15.02,1.9,Maryna BEKH-ROMANCHUK,18 JUL 1995,UKR,1,,"Olympiastadion, München (GER)",19 AUG 2022,1222.0,women_TJ,2022,https://worldathletics.org/athletes/athlete=14434131,toplist
3.0,14.94,1.4,Shanieka RICKETTS,02 FEB 1992,JAM,1,,"Alexander Stadium, Birmingham (GBR)",05 AUG 2022,1214.0,women_TJ,2022,https://worldathletics.org/athletes/athlete=14413464,toplist
4.0,14.86,0.5,Tori FRANKLIN,07 OCT 1992,USA,3,,"Stade Louis II, Monaco (MON)",10 AUG 2022,1206.0,women_TJ,2022,https://worldathletics.org/athletes/athlete=14425445,toplist
5.0,14.79,1.8,Keturah ORJI,05 MAR 1996,USA,1,,"Hayward Field, Eugene, OR (USA)",25 JUN 2022,1199.0,women_TJ,2022,https://worldathletics.org/athletes/athlete=14503156,toplist
6.0,14.7,1.9,Leyanis PÉREZ HERNÁNDEZ,10 JAN 2002,CUB,4,,"Hayward Field, Eugene, OR (USA)",18 JUL 2022,1189.0,women_TJ,2022,https://worldathletics.org/athletes/athlete=14828679,toplist
7.0,14.64,-0.4,Kristiina MÄKELÄ,20 NOV 1992,FIN,2,,"Olympiastadion, München (GER)",19 AUG 2022,1185.0,women_TJ,2022,https://worldathletics.org/athletes/athlete=14365370,toplist
8.0,14.62,,Thea LAFOND,05 APR 1994,DMA,1,,"Convention Center, Albuquerque, NM (USA) (i)",22 JAN 2022,1181.0,women_TJ,2022,https://worldathletics.org/athletes/athlete=14416826,toplist
8.0,14.62,,Kimberly WILLIAMS,03 NOV 1988,JAM,3,,"Štark Arena, Beograd (SRB) (i)",20 MAR 2022,1181.0,women_TJ,2022,https://worldathletics.org/athletes/athlete=14285998,toplist
10.0,14.57,,Jasmine MOORE,01 MAY 2001,USA,1,,"CrossPlex Athletic Facility, Birmingham, AL (USA) (i)",12 MAR 2022,1176.0,women_TJ,2022,https://worldathletics.org/athletes/athlete=14715853,toplist
11.0,14.53,1.5,Neele ECKHARDT-NOACK,02 JUL 1992,GER,1q2,,"Olympiastadion, München (GER)",17 AUG 2022,1172.0,women_TJ,2022,https://worldathletics.org/athletes/athlete=14277447,toplist
12.0,14.47,1.4,Hanna MINENKO,25 SEP 1989,ISR,1,,"CVEATC, Chula Vista, CA (USA)",09 JUL 2022,1166.0,women_TJ,2022,https://worldathletics.org/athletes/athlete=14303717,toplist
13.0,14.45,,Liadagmis POVEA,06 FEB 1996,CUB,5,,"Štark Arena, Beograd (SRB) (i)",20 MAR 2022,1164.0,women_TJ,2022,https://worldathletics.org/athletes/athlete=14574170,toplist
13.0,14.45,1.4,Patrícia MAMONA,21 NOV 1988,POR,1q1,,"Olympiastadion, München (GER)",17 AUG 2022,1164.0,women_TJ,2022,https://worldathletics.org/athletes/athlete=14294964,toplist
15.0,14.42,-0.4,Neja FILIPIČ,22 APR 1995,SLO,3,,"Complexe Sportif Prince Moulay Abdellah, Rabat (MAR)",05 JUN 2022,1162.0,women_TJ,2022,https://worldathletics.org/athletes/athlete=14474496,toplist
15.0,14.42,0.1,Yekaterina KONEVA,25 SEP 1988,RUS,1,,"Yelena Yelesina Stadium, Chelyabinsk (RUS)",28 AUG 2022,1160.0,women_TJ,2022,https://worldathletics.org/athletes/athlete=14298189,toplist
17.0,14.37,0.7,Naomi METZGER,18 APR 1998,GBR,3,,"Alexander Stadium, Birmingham (GBR)",05 AUG 2022,1155.0,women_TJ,2022,https://worldathletics.org/athletes/athlete=14590572,toplist
18.0,14.36,0.1,Ackelia SMITH,05 FEB 2002,JAM,6q1,,"Hayward Field, Eugene, OR (USA)",16 JUL 2022,1154.0,women_TJ,2022,https://worldathletics.org/athletes/athlete=14693884,toplist
19.0,14.32,0.8,Rouguy DIALLO,05 FEB 1995,FRA,2,,"Estadio Vallehermoso, Madrid (ESP)",18 JUN 2022,1150.0,women_TJ,2022,https://worldathletics.org/athletes/athlete=14410309,toplist
19.0,14.32,1.1,Senni SALMINEN,29 JAN 1996,FIN,2,,"Kuortaneen keskusurheilukenttä, Kuortane (FIN)",18 JUN 2022,1150.0,women_TJ,2022,https://worldathletics.org/athletes/athlete=14454573,toplist
21.0,14.3,,Ana PELETEIRO,02 DEC 1995,ESP,8,,"Štark Arena, Beograd (SRB) (i)",20 MAR 2022,1148.0,women_TJ,2022,https://worldathletics.org/athletes/athlete=14454805,toplist
22.0,14.26,,Dariya DERKACH,27 MAR 1993,ITA,1,,"Palaindoor Ancona, Ancona (ITA) (i)",26 FEB 2022,1144.0,women_TJ,2022,https://worldathletics.org/athletes/athlete=14363463,toplist
23.0,14.24,1.1,Ivana VULETA,10 MAY 1990,SRB,1,,"Stadionul de atletism ""Nicolae Mărășescu"", Craiova (ROU)",18 JUN 2022,1142.0,women_TJ,2022,https://worldathletics.org/athletes/athlete=14300421,toplist
24.0,14.22,0.1,Davisleydi VELAZCO,04 SEP 1999,CUB,1,,"Estadio Panamericano, La Habana (CUB)",19 MAR 2022,1140.0,women_TJ,2022,https://worldathletics.org/athletes/athlete=14663467,toplist
24.0,14.22,1.7,Ottavia CESTONARO,12 JAN 1995,ITA,3,,"Estadio Vallehermoso, Madrid (ESP)",18 JUN 2022,1140.0,women_TJ,2022,https://worldathletics.org/athletes/athlete=14406580,toplist
26.0,14.17,,Fátima DIAME,22 SEP 1996,ESP,1,,"Gallur, Madrid (ESP) (i)",12 FEB 2022,1135.0,women_TJ,2022,https://worldathletics.org/athletes/athlete=14458906,toplist
27.0,14.15,,Tuğba DANIŞMAZ,01 SEP 1999,TUR,1,,"Atıcılar Atletizm Sahası, Bursa (TUR) (i)",11 JUN 2022,1133.0,women_TJ,2022,https://worldathletics.org/athletes/athlete=14589446,toplist
28.0,14.14,0.9,Dovilė KILTY,14 JUL 1993,LTU,1,,"Jāņa Daliņa Stadium, Valmiera (LAT)",30 JUL 2022,1132.0,women_TJ,2022,https://worldathletics.org/athletes/athlete=14363902,toplist
29.0,14.11,0.0,Ruth USORO,08 OCT 1997,NGR,1,,"Samuel Ogbemudia Stadium, Benin City (NGR)",25 JUN 2022,1129.0,women_TJ,2022,https://worldathletics.org/athletes/athlete=14636870,toplist
30.0,14.1,,Natricia HOOPER,24 NOV 1998,GUY,2,,"Clemson Indoor Track & Field Complex, Clemson, SC (USA) (i)",29 JAN 2022,1128.0,women_TJ,2022,https://worldathletics.org/athletes/athlete=14641923,toplist
30.0,14.1,,Nubia SOARES,26 MAR 1996,BRA,2,,"Gallur, Madrid (ESP) (i)",12 FEB 2022,1128.0,women_TJ,2022,https://worldathletics.org/athletes/athlete=14530395,toplist
30.0,14.1,0.0,Darya NIDBAYKINA,26 DEC 1994,RUS,1,,"Znamenskikh Stadion, Moskva (RUS)",20 JUL 2022,1128.0,women_TJ,2022,https://worldathletics.org/athletes/athlete=14513831,toplist
33.0,14.04,0.0,Sharifa DAVRONOVA,27 SEP 2006,UZB,1,,"Pascual Guerrero Stadium, Cali (COL)",06 AUG 2022,1121.0,women_TJ,2022,https://worldathletics.org/athletes/athlete=14956284,toplist
34.0,14.03,0.9,Gabriele SANTOS,23 FEB 1995,BRA,1,,"COTP Stadium, São Paulo (BRA)",16 APR 2022,1120.0,women_TJ,2022,https://worldathletics.org/athletes/athlete=14496363,toplist
35.0,14.02,,Viyaleta SKVARTSOVA,15 APR 1998,BLR,,,"Athletics Hall, Gomel (BLR) (i)",29 JAN 2022,1119.0,women_TJ,2022,https://worldathletics.org/athletes/athlete=14687147,toplist
36.0,14.01,-0.7,Mariya YEFREMOVA,19 OCT 1998,KAZ,1,,"Central Stadium, Almaty (KAZ)",25 JUN 2022,1122.0,women_TJ,2022,https://worldathletics.org/athletes/athlete=14646811,toplist
36.0,14.01,1.7,Gabriela PETROVA,29 JUN 1992,BUL,,,"Vasil Levski National Stadium, Sofia (BUL)",09 JUL 2022,1118.0,women_TJ,2022,https://worldathletics.org/athletes/athlete=14268585,toplist
36.0,14.01,0.4,Elena Andreea TALOȘ,24 FEB 1995,ROU,8,,"Olympiastadion, München (GER)",19 AUG 2022,1118.0,women_TJ,2022,https://worldathletics.org/athletes/athlete=14408349,toplist
39.0,14.0,,Jessie MADUKA,23 APR 1996,GER,1,,"Quarterback Immobilien Arena, Leipzig (GER) (i)",26 FEB 2022,1117.0,women_TJ,2022,https://worldathletics.org/athletes/athlete=14450062,toplist
39.0,14.0,-0.2,Kristin GIERISCH,20 AUG 1990,GER,2,,"Olympiastadion, Berlin (GER)",25 JUN 2022,1118.0,women_TJ,2022,https://worldathletics.org/athletes/athlete=14277718,toplist
41.0,13.98,-1.0,Aina GRIKŠAITĖ,23 NOV 1994,LTU,1,,"Centrinis Stadionas, Šiauliai (LTU)",26 JUN 2022,1121.0,women_TJ,2022,https://worldathletics.org/athletes/athlete=14448358,toplist
42.0,13.96,,Charisma TAYLOR,03 SEP 1999,BAH,3,,"CrossPlex Athletic Facility, Birmingham, AL (USA) (i)",12 MAR 2022,1113.0,women_TJ,2022,https://worldathletics.org/athletes/athlete=14630926,toplist
43.0,13.94,0.0,Aishwarya BABU SAB,15 JUN 1997,IND,1,,Thiruvanthapuram (IND),23 MAR 2022,1111.0,women_TJ,2022,https://worldathletics.org/athletes/athlete=14735672,toplist
44.0,13.93,1.2,Anne-Suzanna FOSTHER-KATTA,13 NOV 1998,FRA,1,,"Terry & Linda Fuller T&F Complex, Lubbock, TX (USA)",02 APR 2022,1110.0,women_TJ,2022,https://worldathletics.org/athletes/cameroon/anne-suzanna-fosther-katta-14645336,toplist
45.0,13.92,1.3,Aleksandra NACHEVA,20 AUG 2001,BUL,1,,"Municipal Sports Center, Alexandria (GRE)",17 MAY 2022,1109.0,women_TJ,2022,https://worldathletics.org/athletes/athlete=14705690,toplist
46.0,13.9,-0.3,Kira WITTMANN,13 JUL 2000,GER,1,,"Lohrheidestadion, Wattenscheid, Bochum (GER)",23 JUL 2022,1108.0,women_TJ,2022,https://worldathletics.org/athletes/athlete=14650718,toplist
47.0,13.89,0.3,Rūta Kate LASMANE,17 DEC 2000,LAT,3,,"Hayward Field, Eugene, OR (USA)",11 JUN 2022,1106.0,women_TJ,2022,https://worldathletics.org/athletes/athlete=14734471,toplist
48.0,13.88,,Deborah ACQUAH,23 MAY 1996,GHA,5,,"CrossPlex Athletic Facility, Birmingham, AL (USA) (i)",12 MAR 2022,1105.0,women_TJ,2022,https://worldathletics.org/athletes/athlete=14757812,toplist
49.0,13.87,0.4,Ting CHEN,28 AUG 1997,CHN,1,,Huzhou (CHN),02 NOV 2022,1104.0,women_TJ,2022,https://worldathletics.org/athletes/athlete=14744970,toplist
50.0,13.86,1.9,Gizem AKGÖZ,05 JAN 2001,TUR,1,,"Seha Aksoy Atletizm Pisti, Izmir (TUR)",20 MAY 2022,1103.0,women_TJ,2022,https://worldathletics.org/athletes/athlete=14679940,toplist
50.0,13.86,1.5,María VICENTE,28 MAR 2001,ESP,1,,"Estadio Enrique Lopez Cuenca, Nerja (ESP)",25 JUN 2022,1103.0,women_TJ,2022,https://worldathletics.org/athletes/athlete=14648429,toplist
52.0,13.84,1.3,Adrianna SZÓSTAK,02 MAR 1996,POL,1,,"Stadion Lekkoatletyczny, Suwalki (POL)",10 JUN 2022,1101.0,women_TJ,2022,https://worldathletics.org/athletes/athlete=14436867,toplist
52.0,13.84,1.3,Mariko MORIMOTO,17 MAR 1995,JPN,1,,"Ishin Me-Life Stadium, Yamaguchi (JPN)",16 OCT 2022,1101.0,women_TJ,2022,https://worldathletics.org/athletes/athlete=14458247,toplist
54.0,13.83,1.3,Yekaterina SARIYEVA,18 DEC 1995,AZE,1,,Baku (AZE),13 MAY 2022,1100.0,women_TJ,2022,https://worldathletics.org/athletes/athlete=14476658,toplist
55.0,13.82,0.6,Spyridoula KARYDI,30 JAN 2001,GRE,4,,"Stadionul de atletism ""Nicolae Mărășescu"", Craiova (ROU)",18 JUN 2022,1099.0,women_TJ,2022,https://worldathletics.org/athletes/athlete=14759227,toplist
56.0,13.81,0.1,Véronique KOSSENDA REY,23 SEP 1996,CMR,1,,"Stade de la Réunification de Bepanda, Douala (CMR)",25 MAR 2022,1098.0,women_TJ,2022,https://worldathletics.org/athletes/athlete=14912624,toplist
56.0,13.81,-0.4,Liuba Maria ZALDÍVAR,05 APR 1993,ECU,3,,São Paulo (BRA),27 APR 2022,1100.0,women_TJ,2022,https://worldathletics.org/athletes/athlete=14412596,toplist
56.0,13.81,-0.2,Akari FUNADA,27 AUG 2000,JPN,1,,"Keio Univ. Hiyoshi Athletics Field, Yokohama (JPN)",07 AUG 2022,1099.0,women_TJ,2022,https://worldathletics.org/athletes/athlete=14855859,toplist
59.0,13.8,0.0,Rui ZENG,06 FEB 1998,CHN,1,,Huangshi (CHN),16 JUL 2022,1097.0,women_TJ,2022,https://worldathletics.org/athletes/athlete=14714513,toplist
59.0,13.8,0.4,Yingying HUANG,18 AUG 2004,CHN,1,,Fuzhou (CHN),23 OCT 2022,1097.0,women_TJ,2022,https://worldathletics.org/athletes/pr-of-china/yingying-huang-14980007,toplist
61.0,13.77,,Susana COSTA,22 SEP 1984,POR,1,,"Centro Desportivo Nacional do Jamor, Lisboa (POR) (i)",16 JAN 2022,1094.0,women_TJ,2022,https://worldathletics.org/athletes/athlete=14294840,toplist
61.0,13.77,1.0,Mariia SINEY,29 MAR 1997,UKR,5,,"Stadionul de atletism ""Nicolae Mărășescu"", Craiova (ROU)",18 JUN 2022,1094.0,women_TJ,2022,https://worldathletics.org/athletes/athlete=14535147,toplist
61.0,13.77,0.3,Caroline JOYEUX,26 MAR 2001,GER,1,,"Lohrheidestadion, Wattenscheid, Bochum (GER)",06 AUG 2022,1094.0,women_TJ,2022,https://worldathletics.org/athletes/athlete=14736473,toplist
64.0,13.76,1.2,Sangoné KANDJI,09 JUN 1992,SEN,1,,"Cote d'Or National Sports Complex, St Pierre (MRI)",12 JUN 2022,1093.0,women_TJ,2022,https://worldathletics.org/athletes/athlete=14377862,toplist
65.0,13.75,1.0,Mikeisha WELCOME,06 AUG 2000,VIN,q1,,"John McDonnell Field, Fayetteville, AR (USA)",28 MAY 2022,1092.0,women_TJ,2022,https://worldathletics.org/athletes/athlete=14707720,toplist
65.0,13.75,0.2,Saly SARR,14 OCT 2002,SEN,1,,"Parc de La Colombiere, Epinal (FRA)",24 JUL 2022,1092.0,women_TJ,2022,https://worldathletics.org/athletes/athlete=14894836,toplist
67.0,13.72,,Diana ZAGAINOVA,20 JUN 1997,LTU,2,,"LAM, Klaipėda (LTU) (i)",27 FEB 2022,1089.0,women_TJ,2022,https://worldathletics.org/athletes/athlete=14565366,toplist
67.0,13.72,0.7,Clémence ROUGIER,27 MAR 2005,FRA,1f1,,"Givat Ram Stadium, Jerusalem (ISR)",05 JUL 2022,1089.0,women_TJ,2022,https://worldathletics.org/athletes/athlete=14907792,toplist
69.0,13.71,1.8,Caroline EHRHARDT,06 FEB 1992,CAN,1,,"Cougar Athletic Stadium, Azusa, CA (USA)",15 APR 2022,1088.0,women_TJ,2022,https://worldathletics.org/athletes/athlete=14329895,toplist
69.0,13.71,1.5,Onaara OBAMUWAGUN,09 JAN 1999,NGR,3,,"Terry & Linda Fuller T&F Complex, Lubbock, TX (USA)",15 MAY 2022,1088.0,women_TJ,2022,https://worldathletics.org/athletes/athlete=14820373,toplist
69.0,13.71,0.2,Patricia SARRAPIO,16 NOV 1982,ESP,3,,La Nucia (ESP),22 MAY 2022,1088.0,women_TJ,2022,https://worldathletics.org/athletes/athlete=14260478,toplist
72.0,13.7,0.3,Olha KORSUN,11 NOV 1996,UKR,1,,"Avangard Stadium, Lutsk (UKR)",25 JUN 2022,1087.0,women_TJ,2022,https://worldathletics.org/athletes/athlete=14535102,toplist
72.0,13.7,-0.1,Maja ÅSKAG,18 DEC 2002,SWE,1,,"Hällåsens IP, Söderhamn (SWE)",26 JUL 2022,1087.0,women_TJ,2022,https://worldathletics.org/athletes/athlete=14774822,toplist
74.0,13.69,0.0,Tamara MYERS,27 JUL 1993,BAH,4,,"Grand Bahama Sports Complex, Freeport (BAH)",21 AUG 2022,1086.0,women_TJ,2022,https://worldathletics.org/athletes/athlete=14469981,toplist
75.0,13.68,,Imani OLIVER,07 MAR 1993,USA,2,,"Armory Track&Field Center, New York, NY (USA) (i)",05 FEB 2022,1085.0,women_TJ,2022,https://worldathletics.org/athletes/athlete=14440164,toplist
75.0,13.68,,Yuyue CHAI,20 OCT 1999,CHN,1,,Nanjing (CHN) (i),05 MAR 2022,1085.0,women_TJ,2022,https://worldathletics.org/athletes/athlete=14691784,toplist
75.0,13.68,1.3,Roksana KHUDOYAROVA,30 JAN 2001,UZB,5,,"Kallithea, Athina (GRE)",25 MAY 2022,1085.0,women_TJ,2022,https://worldathletics.org/athletes/athlete=14791399,toplist
75.0,13.68,-0.2,Thalía de la C. PEDROSO,27 DEC 2001,CUB,1,,"Estadio Panamericano, La Habana (CUB)",27 MAY 2022,1086.0,women_TJ,2022,https://worldathletics.org/athletes/athlete=14709135,toplist
79.0,13.67,0.7,Victoria JOSSE,29 OCT 2000,FRA,1,,"Stade A. Delaune, Maisons-Alfort (FRA)",21 MAY 2022,1084.0,women_TJ,2022,https://worldathletics.org/athletes/athlete=14701598,toplist
79.0,13.67,-1.6,Oxana KORENEVA,29 SEP 1992,GRE,1,,"Kaftanzoglio Stadium, Thessaloniki (GRE)",25 JUN 2022,1093.0,women_TJ,2022,https://worldathletics.org/athletes/athlete=14757583,toplist
81.0,13.66,0.8,Nastassia MIRONCHYK-IVANOVA,13 APR 1989,BLR,2,,"Regional Sport Complex, Brest (BLR)",14 JUL 2022,1083.0,women_TJ,2022,https://worldathletics.org/athletes/athlete=14269729,toplist
81.0,13.66,0.4,Ying LI,29 MAR 1994,CHN,2,,Huangshi (CHN),16 JUL 2022,1083.0,women_TJ,2022,https://worldathletics.org/athletes/athlete=14441107,toplist
83.0,13.65,0.6,Maria PURTSA,18 AUG 1995,GER,5,,"Olympiastadion, Berlin (GER)",25 JUN 2022,1082.0,women_TJ,2022,https://worldathletics.org/athletes/athlete=14485198,toplist
84.0,13.63,,Viktoria GORLOVA,22 MAY 2001,RUS,3,,"Clemson Indoor Track & Field Complex, Clemson, SC (USA) (i)",12 FEB 2022,1080.0,women_TJ,2022,https://worldathletics.org/athletes/athlete=14676544,toplist
84.0,13.63,0.4,Silvana SEGURA,06 NOV 1990,PER,1,,"Estadio Atlético de la VIDENA, Lima (PER)",05 MAR 2022,1080.0,women_TJ,2022,https://worldathletics.org/athletes/athlete=14408706,toplist
84.0,13.63,0.5,Arianna FISHER,12 NOV 2000,USA,4,,"Hayward Field, Eugene, OR (USA)",25 JUN 2022,1080.0,women_TJ,2022,https://worldathletics.org/athletes/athlete=14747729,toplist
84.0,13.63,0.5,Tessy EBOSELE,28 JUL 2002,ESP,3,,"Stade Complexe Olympique, Oran (ALG)",02 JUL 2022,1080.0,women_TJ,2022,https://worldathletics.org/athletes/athlete=14758987,toplist
84.0,13.63,0.5,Ilionis GUILLAUME,13 JAN 1998,FRA,2,,"Parc de La Colombiere, Epinal (FRA)",24 JUL 2022,1080.0,women_TJ,2022,https://worldathletics.org/athletes/athlete=14516275,toplist
89.0,13.61,,Jovana ILIC,27 MAY 1997,SRB,2,,"Velesajam Hall, Zagreb (CRO) (i)",01 FEB 2022,1078.0,women_TJ,2022,https://worldathletics.org/athletes/athlete=14453857,toplist
89.0,13.61,1.7,Destiny LAWRENCE,2001,USA,1,,"Tom Tellez Track, Houston, TX (USA)",02 APR 2022,1078.0,women_TJ,2022,https://worldathletics.org/athletes/athlete=14761495,toplist
89.0,13.61,0.7,Sohane AUCAGOS,17 MAR 2003,FRA,1,,Montgeron (FRA),15 MAY 2022,1078.0,women_TJ,2022,https://worldathletics.org/athletes/athlete=14772714,toplist
89.0,13.61,-0.5,Karolina MŁODAWSKA,04 OCT 1996,POL,3,,"Stadion Lekkoatletyczny, Suwalki (POL)",10 JUN 2022,1081.0,women_TJ,2022,https://worldathletics.org/athletes/athlete=14507777,toplist
89.0,13.61,1.8,Darya SLEPOVA,10 APR 2000,RUS,2,,"Central Stadium, Kazan (RUS)",14 JUL 2022,1078.0,women_TJ,2022,https://worldathletics.org/athletes/athlete=14705021,toplist
94.0,13.59,1.0,Jahisha THOMAS,22 NOV 1994,GBR,1,,"Iowa Francis X. Cretzmeyer Trac, Iowa City, IA (USA)",23 APR 2022,1075.0,women_TJ,2022,https://worldathletics.org/athletes/athlete=14433083,toplist
95.0,13.58,1.7,Agnieszka BEDNAREK,14 JUN 1998,POL,1,,"Arena Lekkoatletyczna, Gliwice (POL)",19 JUN 2022,1074.0,women_TJ,2022,https://worldathletics.org/athletes/athlete=14564261,toplist
95.0,13.58,1.1,Anastasiya BELOVA,20 FEB 2001,RUS,,,"Central Stadium, Kazan (RUS)",14 JUL 2022,1074.0,women_TJ,2022,https://worldathletics.org/athletes/athlete=14817647,toplist
97.0,13.57,1.0,Lexi ELLIS,15 OCT 1999,USA,1,,"Hilmer Lodge Stadium, Walnut, CA (USA)",15 APR 2022,1073.0,women_TJ,2022,https://worldathletics.org/athletes/athlete=14554473,toplist
98.0,13.56,,Titiana MARSH,13 DEC 1999,USA,2,,"Clemson Indoor Track & Field Complex, Clemson, SC (USA) (i)",15 JAN 2022,1072.0,women_TJ,2022,https://worldathletics.org/athletes/athlete=14596396,toplist
98.0,13.56,,Evelise VEIGA,03 MAR 1996,POR,2,,"Centro Desportivo Nacional do Jamor, Lisboa (POR) (i)",16 JAN 2022,1072.0,women_TJ,2022,https://worldathletics.org/athletes/athlete=14509493,toplist
98.0,13.56,1.9,Kristina ALVERTSIAN,04 JUL 1990,ARM,2,,"Municipal Sports Center, Alexandria (GRE)",17 MAY 2022,1072.0,women_TJ,2022,https://worldathletics.org/athletes/athlete=14459789,toplist
1.0,15.35,1.2,Yulimar ROJAS,21 OCT 1995,VEN,1,,"Hayward Field, Eugene, OR (USA)",16 SEP 2023,1256.0,women_TJ,2023,https://worldathletics.org/athletes/athlete=14436431,toplist
2.0,15.12,,Jasmine MOORE,01 MAY 2001,USA,1,,"Convention Center, Albuquerque, NM (USA) (i)",11 MAR 2023,1233.0,women_TJ,2023,https://worldathletics.org/athletes/athlete=14715853,toplist
3.0,15.03,0.0,Shanieka RICKETTS,02 FEB 1992,JAM,2,,"Hayward Field, Eugene, OR (USA)",16 SEP 2023,1223.0,women_TJ,2023,https://worldathletics.org/athletes/athlete=14413464,toplist
4.0,15.0,0.1,Maryna BEKH-ROMANCHUK,18 JUL 1995,UKR,2,,"Nemzeti Atlétikai Központ, Budapest (HUN)",25 AUG 2023,1220.0,women_TJ,2023,https://worldathletics.org/athletes/athlete=14434131,toplist
5.0,14.98,0.8,Leyanis PÉREZ HERNÁNDEZ,10 JAN 2002,CUB,2,,San Salvador (ESA),05 JUL 2023,1218.0,women_TJ,2023,https://worldathletics.org/athletes/athlete=14828679,toplist
6.0,14.9,-0.2,Thea LAFOND,05 APR 1994,DMA,5,,"Nemzeti Atlétikai Központ, Budapest (HUN)",25 AUG 2023,1211.0,women_TJ,2023,https://worldathletics.org/athletes/athlete=14416826,toplist
7.0,14.88,,Charisma TAYLOR,03 SEP 1999,BAH,2,,"Convention Center, Albuquerque, NM (USA) (i)",11 MAR 2023,1208.0,women_TJ,2023,https://worldathletics.org/athletes/athlete=14630926,toplist
8.0,14.87,-0.1,Liadagmis POVEA,06 FEB 1996,CUB,6,,"Nemzeti Atlétikai Központ, Budapest (HUN)",25 AUG 2023,1207.0,women_TJ,2023,https://worldathletics.org/athletes/athlete=14574170,toplist
9.0,14.79,1.1,Yekaterina KONEVA,25 SEP 1988,RUS,1,,"Yelena Yelesina Stadium, Chelyabinsk (RUS)",06 AUG 2023,1199.0,women_TJ,2023,https://worldathletics.org/athletes/athlete=14298189,toplist
10.0,14.61,-0.1,Kimberly WILLIAMS,03 NOV 1988,JAM,3,,"Hayward Field, Eugene, OR (USA)",16 SEP 2023,1180.0,women_TJ,2023,https://worldathletics.org/athletes/athlete=14285998,toplist
11.0,14.59,1.2,Viyaleta SKVARTSOVA,15 APR 1998,BLR,1,,"Luzhniki, South Arena, Moskva (RUS)",10 JUN 2023,1178.0,women_TJ,2023,https://worldathletics.org/athletes/athlete=14687147,toplist
12.0,14.54,1.9,Ackelia SMITH,05 FEB 2002,JAM,2,,"Mike A. Myers Stadium, Austin, TX (USA)",10 JUN 2023,1173.0,women_TJ,2023,https://worldathletics.org/athletes/athlete=14693884,toplist
13.0,14.52,0.8,Dariya DERKACH,27 MAR 1993,ITA,4,,"Hayward Field, Eugene, OR (USA)",16 SEP 2023,1171.0,women_TJ,2023,https://worldathletics.org/athletes/athlete=14363463,toplist
14.0,14.44,0.2,Tori FRANKLIN,07 OCT 1992,USA,1,,"Hayward Field, Eugene, OR (USA)",06 JUL 2023,1162.0,women_TJ,2023,https://worldathletics.org/athletes/athlete=14425445,toplist
15.0,14.43,0.8,Keturah ORJI,05 MAR 1996,USA,2,,"Hayward Field, Eugene, OR (USA)",06 JUL 2023,1161.0,women_TJ,2023,https://worldathletics.org/athletes/athlete=14503156,toplist
16.0,14.41,,Patrícia MAMONA,21 NOV 1988,POR,1,,"Expocentro, Pombal (POR) (i)",12 FEB 2023,1159.0,women_TJ,2023,https://worldathletics.org/athletes/athlete=14294964,toplist
17.0,14.39,-1.0,Darya NIDBAYKINA,26 DEC 1994,RUS,2,,"Yelena Yelesina Stadium, Chelyabinsk (RUS)",06 AUG 2023,1163.0,women_TJ,2023,https://worldathletics.org/athletes/athlete=14513831,toplist
18.0,14.31,,Tuğba DANIŞMAZ,01 SEP 1999,TUR,1,,"Ataköy Arena, Istanbul (TUR) (i)",04 MAR 2023,1149.0,women_TJ,2023,https://worldathletics.org/athletes/athlete=14589446,toplist
19.0,14.27,1.5,Maja ÅSKAG,18 DEC 2002,SWE,1,,"Olympiastadion, Stockholm (SWE)",03 SEP 2023,1145.0,women_TJ,2023,https://worldathletics.org/athletes/athlete=14774822,toplist
20.0,14.26,0.1,Rui ZENG,06 FEB 1998,CHN,1,,"Olympic Center, Shenyang (CHN)",29 JUN 2023,1144.0,women_TJ,2023,https://worldathletics.org/athletes/athlete=14714513,toplist
21.0,14.21,,Mikeisha WELCOME,06 AUG 2000,VIN,4,,"Convention Center, Albuquerque, NM (USA) (i)",11 MAR 2023,1139.0,women_TJ,2023,https://worldathletics.org/athletes/athlete=14707720,toplist
21.0,14.21,1.9,María VICENTE,28 MAR 2001,ESP,1,,"Estadi Natalia Rodríguez, Tarragona (ESP)",02 JUL 2023,1139.0,women_TJ,2023,https://worldathletics.org/athletes/athlete=14648429,toplist
21.0,14.21,0.2,Ana PELETEIRO,02 DEC 1995,ESP,1,,"Pista Parc Central, Torrent (ESP)",30 JUL 2023,1139.0,women_TJ,2023,https://worldathletics.org/athletes/athlete=14454805,toplist
24.0,14.2,,Anne-Suzanna FOSTHER-KATTA,13 NOV 1998,FRA,5,,"Convention Center, Albuquerque, NM (USA) (i)",11 MAR 2023,1138.0,women_TJ,2023,https://worldathletics.org/athletes/cameroon/anne-suzanna-fosther-katta-14645336,toplist
24.0,14.2,0.3,Ottavia CESTONARO,12 JAN 1995,ITA,5q1,,"Nemzeti Atlétikai Központ, Budapest (HUN)",23 AUG 2023,1138.0,women_TJ,2023,https://worldathletics.org/athletes/athlete=14406580,toplist
26.0,14.16,0.7,Mariko MORIMOTO,17 MAR 1995,JPN,1,,"Yanmar Stadium Nagai, Osaka (JPN)",03 JUN 2023,1134.0,women_TJ,2023,https://worldathletics.org/athletes/athlete=14458247,toplist
26.0,14.16,1.5,Diana Ana Maria ION,27 NOV 2000,ROU,1,,"Stadionul de atletism ""Nicolae Mărășescu"", Craiova (ROU)",08 JUL 2023,1134.0,women_TJ,2023,https://worldathletics.org/athletes/athlete=14629838,toplist
28.0,14.13,,Agate DE SOUSA,05 JUN 2000,STP,2,,"Expocentro, Pombal (POR) (i)",12 FEB 2023,1131.0,women_TJ,2023,https://worldathletics.org/athletes/athlete=14816707,toplist
29.0,14.12,0.5,Ruth USORO,08 OCT 1997,NGR,1,,"Terry & Linda Fuller T&F Complex, Lubbock, TX (USA)",29 APR 2023,1130.0,women_TJ,2023,https://worldathletics.org/athletes/athlete=14636870,toplist
29.0,14.12,1.7,Adrianna LASKOWSKA,02 MAR 1996,POL,1,,"Golęcin Stadion, Poznan (POL)",21 MAY 2023,1130.0,women_TJ,2023,https://worldathletics.org/athletes/athlete=14436867,toplist
29.0,14.12,0.1,Mariia SINEY,29 MAR 1997,UKR,1,,"Avangard Stadium, Lutsk (UKR)",30 JUL 2023,1130.0,women_TJ,2023,https://worldathletics.org/athletes/athlete=14535147,toplist
32.0,14.09,0.3,Sharifa DAVRONOVA,27 SEP 2006,UZB,1,,"HOC Stadium, Hangzhou (CHN)",04 OCT 2023,1127.0,women_TJ,2023,https://worldathletics.org/athletes/athlete=14956284,toplist
33.0,14.08,,Kira WITTMANN,13 JUL 2000,GER,1,,"Helmut-Körnig-Halle, Dortmund (GER) (i)",18 FEB 2023,1126.0,women_TJ,2023,https://worldathletics.org/athletes/athlete=14650718,toplist
33.0,14.08,,Aina GRIKŠAITĖ,23 NOV 1994,LTU,1,,"LAM, Klaipėda (LTU) (i)",19 FEB 2023,1126.0,women_TJ,2023,https://worldathletics.org/athletes/athlete=14448358,toplist
35.0,14.07,0.9,Rūta Kate LASMANE,17 DEC 2000,LAT,1q1,,"Hornet Stadium - Sac St., Sacramento, CA (USA)",27 MAY 2023,1125.0,women_TJ,2023,https://worldathletics.org/athletes/athlete=14734471,toplist
36.0,14.06,,Arianna FISHER,12 NOV 2000,USA,6,,"Convention Center, Albuquerque, NM (USA) (i)",11 MAR 2023,1124.0,women_TJ,2023,https://worldathletics.org/athletes/athlete=14747729,toplist
36.0,14.06,0.8,Elena Andreea TALOȘ,24 FEB 1995,ROU,2,,"Stadionul de atletism ""Nicolae Mărășescu"", Craiova (ROU)",08 JUL 2023,1124.0,women_TJ,2023,https://worldathletics.org/athletes/athlete=14408349,toplist
38.0,14.04,0.8,Dovilė KILTY,14 JUL 1993,LTU,3,,"Stadio Quercia, Rovereto (ITA)",06 SEP 2023,1121.0,women_TJ,2023,https://worldathletics.org/athletes/athlete=14363902,toplist
39.0,14.03,0.8,Caroline EHRHARDT,06 FEB 1992,CAN,1,,"Alumni Stadium, London (CAN)",28 MAY 2023,1120.0,women_TJ,2023,https://worldathletics.org/athletes/athlete=14329895,toplist
39.0,14.03,0.1,Senni SALMINEN,29 JAN 1996,FIN,1,,"Kimpisen yleisurheilukenttä, Lappeenranta (FIN)",19 JUL 2023,1120.0,women_TJ,2023,https://worldathletics.org/athletes/athlete=14454573,toplist
41.0,14.02,,Kristiina MÄKELÄ,20 NOV 1992,FIN,5,,"Messehalle, Karlsruhe (GER) (i)",27 JAN 2023,1119.0,women_TJ,2023,https://worldathletics.org/athletes/athlete=14365370,toplist
41.0,14.02,0.6,Maria PURTSA,18 AUG 1995,GER,1,,"Auestadion, Kassel (GER)",08 JUL 2023,1119.0,women_TJ,2023,https://worldathletics.org/athletes/athlete=14485198,toplist
41.0,14.02,0.2,Diana ZAGAINOVA,20 JUN 1997,LTU,2,,"Shuangliu Sports Centre, Chengdu (CHN)",05 AUG 2023,1119.0,women_TJ,2023,https://worldathletics.org/athletes/athlete=14565366,toplist
44.0,14.0,1.1,Eva PEPELNAK,04 OCT 2000,SLO,2,,"Bislett Stadion, Oslo (NOR)",28 JUN 2023,1117.0,women_TJ,2023,https://worldathletics.org/athletes/athlete=14589381,toplist
44.0,14.0,-0.7,Saly SARR,14 OCT 2002,SEN,1,,"Stade des Martyrs, Kinshasa (COD)",04 AUG 2023,1121.0,women_TJ,2023,https://worldathletics.org/athletes/athlete=14894836,toplist
46.0,13.99,0.7,Gabriele SANTOS,23 FEB 1995,BRA,1,,"COTP Stadium, São Paulo (BRA)",12 MAR 2023,1116.0,women_TJ,2023,https://worldathletics.org/athletes/athlete=14496363,toplist
47.0,13.98,,Emilia SJÖSTRAND,16 MAR 2002,SWE,7,,"Convention Center, Albuquerque, NM (USA) (i)",11 MAR 2023,1115.0,women_TJ,2023,https://worldathletics.org/athletes/athlete=14758589,toplist
48.0,13.97,,Lexi ELLIS,15 OCT 1999,USA,8,,"Convention Center, Albuquerque, NM (USA) (i)",11 MAR 2023,1114.0,women_TJ,2023,https://worldathletics.org/athletes/athlete=14554473,toplist
48.0,13.97,1.8,Olha KORSUN,11 NOV 1996,UKR,,,"Bislett Stadion, Oslo (NOR)",28 JUN 2023,1114.0,women_TJ,2023,https://worldathletics.org/athletes/athlete=14535102,toplist
48.0,13.97,-0.2,Véronique KOSSENDA REY,23 SEP 1996,CMR,2,,"Stade des Martyrs, Kinshasa (COD)",04 AUG 2023,1115.0,women_TJ,2023,https://worldathletics.org/athletes/athlete=14912624,toplist
51.0,13.96,0.8,Neele ECKHARDT-NOACK,02 JUL 1992,GER,1,,"Stade Omnisports Schlossberg, Forbach (FRA)",28 MAY 2023,1113.0,women_TJ,2023,https://worldathletics.org/athletes/athlete=14277447,toplist
52.0,13.94,,Florentina Costina IUSCO,08 APR 1996,ROU,1,,"Sala de Atletism Ioan Soter, Bucureşti (ROU) (i)",18 FEB 2023,1111.0,women_TJ,2023,https://worldathletics.org/athletes/athlete=14436399,toplist
52.0,13.94,,Neja FILIPIČ,22 APR 1995,SLO,6q1,,"Ataköy Arena, Istanbul (TUR) (i)",03 MAR 2023,1111.0,women_TJ,2023,https://worldathletics.org/athletes/athlete=14474496,toplist
54.0,13.93,-0.1,Jie CHEN,02 MAR 1998,CHN,2,,"Olympic Center, Shenyang (CHN)",29 JUN 2023,1110.0,women_TJ,2023,https://worldathletics.org/athletes/athlete=14691876,toplist
55.0,13.9,1.6,Ilionis GUILLAUME,13 JAN 1998,FRA,1,,"Stade Philippides, Montpellier (FRA)",11 JUN 2023,1107.0,women_TJ,2023,https://worldathletics.org/athletes/athlete=14516275,toplist
56.0,13.89,1.0,Yekaterina SARIYEVA,18 DEC 1995,AZE,1,,"Central Stadium, Almaty (KAZ)",02 JUL 2023,1106.0,women_TJ,2023,https://worldathletics.org/athletes/athlete=14476658,toplist
57.0,13.88,1.6,Valeriya VOLOVLIKOVA,07 OCT 2002,RUS,2,,"Kalininets Stadium, Yekaterinburg (RUS)",02 JUL 2023,1105.0,women_TJ,2023,https://worldathletics.org/athletes/athlete=14913000,toplist
58.0,13.87,0.6,Jessica KÄHÄRÄ,01 AUG 2001,FIN,2,,"Kuortaneen keskusurheilukenttä, Kuortane (FIN)",17 JUN 2023,1104.0,women_TJ,2023,https://worldathletics.org/athletes/athlete=14667309,toplist
58.0,13.87,1.3,Oxana KORENEVA,29 SEP 1992,GRE,,,"Panthessaliko Stadium, Volos (GRE)",08 JUL 2023,1104.0,women_TJ,2023,https://worldathletics.org/athletes/athlete=14757583,toplist
60.0,13.83,-1.4,Davisleydi VELAZCO,04 SEP 1999,CUB,1,,"Estadio de la Universidad Militar Bolivariana, Caracas (VEN)",28 APR 2023,1108.0,women_TJ,2023,https://worldathletics.org/athletes/athlete=14663467,toplist
61.0,13.82,-0.1,Kayla CUBA,06 AUG 1999,AUS,1,,"SA Athletic Stadium, Adelaide (AUS)",11 FEB 2023,1099.0,women_TJ,2023,https://worldathletics.org/athletes/athlete=14674567,toplist
61.0,13.82,1.3,Maoko TAKASHIMA,07 JUL 1999,JPN,2,,"Yanmar Stadium Nagai, Osaka (JPN)",03 JUN 2023,1099.0,women_TJ,2023,https://worldathletics.org/athletes/athlete=14815116,toplist
61.0,13.82,0.5,Ying LI,29 MAR 1994,CHN,1,,"Sports Center, Quzhou (CHN)",23 JUL 2023,1099.0,women_TJ,2023,https://worldathletics.org/athletes/athlete=14441107,toplist
64.0,13.8,,Kristin GIERISCH,20 AUG 1990,GER,3,,"Helmut-Körnig-Halle, Dortmund (GER) (i)",18 FEB 2023,1097.0,women_TJ,2023,https://worldathletics.org/athletes/athlete=14277718,toplist
64.0,13.8,,Titiana MARSH,13 DEC 1999,USA,9,,"Convention Center, Albuquerque, NM (USA) (i)",11 MAR 2023,1097.0,women_TJ,2023,https://worldathletics.org/athletes/athlete=14596396,toplist
64.0,13.8,1.0,Karolina MŁODAWSKA,04 OCT 1996,POL,1,,"Stadion RKS, Łódź (POL)",28 MAY 2023,1097.0,women_TJ,2023,https://worldathletics.org/athletes/athlete=14507777,toplist
64.0,13.8,0.0,Yang YANG,23 AUG 2001,CHN,3,,"Olympic Center, Shenyang (CHN)",29 JUN 2023,1097.0,women_TJ,2023,https://worldathletics.org/athletes/athlete=14795854,toplist
64.0,13.8,0.1,Anna KRASUTSKA,20 JUL 1995,UKR,2,,"Avangard Stadium, Lutsk (UKR)",30 JUL 2023,1097.0,women_TJ,2023,https://worldathletics.org/athletes/athlete=14400461,toplist
64.0,13.8,-0.6,Liliane POTIRON,14 MAY 1998,MRI,4,,"Stade des Martyrs, Kinshasa (COD)",04 AUG 2023,1100.0,women_TJ,2023,https://worldathletics.org/athletes/athlete=14696359,toplist
70.0,13.78,-1.0,Ting CHEN,28 AUG 1997,CHN,2,,"Sports Center, Quzhou (CHN)",23 JUL 2023,1101.0,women_TJ,2023,https://worldathletics.org/athletes/athlete=14744970,toplist
71.0,13.77,,Caroline JOYEUX,26 MAR 2001,GER,2,,"Hartwig-Gauder-Halle, Erfurt (GER) (i)",03 FEB 2023,1094.0,women_TJ,2023,https://worldathletics.org/athletes/athlete=14736473,toplist
72.0,13.76,0.0,Huiling QIN,29 NOV 2003,CHN,2,,Taizhou (CHN),28 MAY 2023,1093.0,women_TJ,2023,https://worldathletics.org/athletes/athlete=14884042,toplist
72.0,13.76,0.6,Aliena Juliette HEINZMANN,22 FEB 2002,GER,1,,"Jahnstadion, Göttingen (GER)",01 JUL 2023,1093.0,women_TJ,2023,https://worldathletics.org/athletes/athlete=14825286,toplist
74.0,13.73,1.1,Anna GRÄFIN KEYSERLINGK,03 SEP 2003,GER,1,,"Jahnstadion, Osterode (GER)",10 JUN 2023,1090.0,women_TJ,2023,https://worldathletics.org/athletes/athlete=14806425,toplist
75.0,13.72,0.9,Clémence ROUGIER,27 MAR 2005,FRA,1q2,,"Givat Ram Stadium, Jerusalem (ISR)",07 AUG 2023,1089.0,women_TJ,2023,https://worldathletics.org/athletes/athlete=14907792,toplist
76.0,13.69,0.7,Yingying HUANG,18 AUG 2004,CHN,5,,"Olympic Center, Shenyang (CHN)",29 JUN 2023,1086.0,women_TJ,2023,https://worldathletics.org/athletes/pr-of-china/yingying-huang-14980007,toplist
76.0,13.69,0.3,Valentina KOSOLAPOVA,11 JUL 1997,RUS,4,,"Kalininets Stadium, Yekaterinburg (RUS)",18 AUG 2023,1086.0,women_TJ,2023,https://worldathletics.org/athletes/athlete=14576069,toplist
76.0,13.69,1.2,Ilona MASSON,31 AUG 2001,BEL,1,,"Piste Olympique Adeps de Jambes, Jambes (BEL)",10 SEP 2023,1086.0,women_TJ,2023,https://worldathletics.org/athletes/athlete=14734871,toplist
79.0,13.68,0.3,Thi Huong NGUYEN,24 NOV 2001,VIE,3,,"Supachalasai National Stadium, Bangkok (THA)",12 JUL 2023,1085.0,women_TJ,2023,https://worldathletics.org/athletes/athlete=14816367,toplist
80.0,13.67,0.2,Aleksandra NACHEVA,20 AUG 2001,BUL,3f1,,"Stadion Śląski, Chorzów (POL)",21 JUN 2023,1084.0,women_TJ,2023,https://worldathletics.org/athletes/athlete=14705690,toplist
81.0,13.66,1.6,Temi OJORA,24 JAN 2002,GBR,1,,"USC Cromwell Field at Loker Track Stadium, Los Angeles, CA (USA)",08 APR 2023,1083.0,women_TJ,2023,https://worldathletics.org/athletes/athlete=14789081,toplist
81.0,13.66,0.3,Lu CHEN,02 AUG 2001,CHN,2,,"Zhaoqing Sports Center, Zhaoqing (CHN)",23 APR 2023,1083.0,women_TJ,2023,https://worldathletics.org/athletes/athlete=14843211,toplist
83.0,13.65,1.8,Viktoria GORLOVA,22 MAY 2001,RUS,,,"Kalininets Stadium, Yekaterinburg (RUS)",02 JUL 2023,1082.0,women_TJ,2023,https://worldathletics.org/athletes/athlete=14676544,toplist
83.0,13.65,1.8,Gizem AKGÖZ,05 JAN 2001,TUR,2,,"Seha Aksoy Atletizm Pisti, Izmir (TUR)",04 JUL 2023,1082.0,women_TJ,2023,https://worldathletics.org/athletes/athlete=14679940,toplist
85.0,13.63,0.4,Oleksandra CHERNUKHA,02 SEP 2004,UKR,1,,"Givat Ram Stadium, Jerusalem (ISR)",08 AUG 2023,1080.0,women_TJ,2023,https://worldathletics.org/athletes/athlete=14828105,toplist
86.0,13.61,-0.1,Mylana HEARN,05 MAR 1995,USA,2,,"Grand Bahama Sports Complex, Freeport (BAH)",13 MAY 2023,1078.0,women_TJ,2023,https://worldathletics.org/athletes/athlete=14479115,toplist
86.0,13.61,-1.3,Rhianna PHIPPS,11 FEB 2001,JAM,1,,"Estadio Nacional - La Sabana, San José (CRC)",23 JUL 2023,1085.0,women_TJ,2023,https://worldathletics.org/athletes/athlete=14690152,toplist
86.0,13.61,0.6,Emelie NYMAN-WÄNSETH,08 MAY 1998,SWE,2,,"Hällåsens IP, Söderhamn (SWE)",29 JUL 2023,1078.0,women_TJ,2023,https://worldathletics.org/athletes/athlete=14551948,toplist
89.0,13.6,,Spyridoula KARYDI,30 JAN 2001,GRE,10q1,,"Ataköy Arena, Istanbul (TUR) (i)",03 MAR 2023,1076.0,women_TJ,2023,https://worldathletics.org/athletes/athlete=14759227,toplist
89.0,13.6,1.6,Eunice ILUNGA MBUYI,01 JUL 2002,FRA,4,,"Mike A. Myers Stadium, Austin, TX (USA)",31 MAR 2023,1076.0,women_TJ,2023,https://worldathletics.org/athletes/athlete=14835860,toplist
89.0,13.6,0.0,Nellickal Verkay SHEENA,22 NOV 1992,IND,1,,"Kalinga Stadium, Bhubaneshwar (IND)",16 JUN 2023,1076.0,women_TJ,2023,https://worldathletics.org/athletes/athlete=14498425,toplist
92.0,13.58,,Jessie MADUKA,23 APR 1996,GER,5f,,"Halle Michel d'Ornano, Mondeville (FRA) (i)",08 FEB 2023,1074.0,women_TJ,2023,https://worldathletics.org/athletes/athlete=14450062,toplist
92.0,13.58,,Anigbata CHINONYELUM,16 SEP 1998,NGR,10,,"Convention Center, Albuquerque, NM (USA) (i)",11 MAR 2023,1074.0,women_TJ,2023,https://worldathletics.org/athletes/athlete=14636845,toplist
92.0,13.58,0.0,Parinya CHUAIMAROENG,16 DEC 1997,THA,5,,"Supachalasai National Stadium, Bangkok (THA)",12 JUL 2023,1074.0,women_TJ,2023,https://worldathletics.org/athletes/athlete=14603339,toplist
95.0,13.57,1.3,Randi HEMASHA COORAY,29 APR 1999,SRI,1,,"Mahinda Rajapaksha Stadium, Diyagama (SRI)",21 MAR 2023,1073.0,women_TJ,2023,https://worldathletics.org/athletes/athlete=14695749,toplist
95.0,13.57,0.0,Liuba Maria ZALDÍVAR,05 APR 1993,ECU,1,,Quito (ECU),01 JUL 2023,1073.0,women_TJ,2023,https://worldathletics.org/athletes/athlete=14412596,toplist
95.0,13.57,0.6,Esraa OWIS,15 OCT 1997,EGY,1,,"Complexe Olympique Mohamed Boudiaf, Algiers (ALG)",07 JUL 2023,1073.0,women_TJ,2023,https://worldathletics.org/athletes/athlete=14661496,toplist
98.0,13.56,-0.4,Yazhan XIE,30 JAN 2002,CHN,1,,"Olympic Sports Center, Huangshi (CHN)",11 JUN 2023,1074.0,women_TJ,2023,https://worldathletics.org/athletes/pr-of-china/yazhan-xie-14942330,toplist
98.0,13.56,-0.2,Daniela-martine WAMOKPEGO,27 NOV 2001,FRA,1,,"Stade Philippe Mahut, Fontainebleau (FRA)",01 JUL 2023,1073.0,women_TJ,2023,https://worldathletics.org/athletes/athlete=14770109,toplist
98.0,13.56,0.9,Georgie FORDE-WELLS,14 NOV 2002,GBR,1,,"Manchester Regional Arena, Manchester (GBR)",08 JUL 2023,1072.0,women_TJ,2023,https://worldathletics.org/athletes/athlete=14932295,toplist
1.0,15.02,-0.4,Thea LAFOND,05 APR 1994,DMA,1,,"Stade de France, Paris (FRA)",03 AUG 2024,1224.0,women_TJ,2024,https://worldathletics.org/athletes/athlete=14416826,toplist
2.0,14.96,1.7,Leyanis PÉREZ HERNÁNDEZ,10 JAN 2002,CUB,1,,"Stade Louis II, Monaco (MON)",12 JUL 2024,1216.0,women_TJ,2024,https://worldathletics.org/athletes/athlete=14828679,toplist
3.0,14.87,-0.7,Shanieka RICKETTS,02 FEB 1992,JAM,2,,"Stade de France, Paris (FRA)",03 AUG 2024,1211.0,women_TJ,2024,https://worldathletics.org/athletes/athlete=14413464,toplist
4.0,14.85,0.3,Viyaleta SKVARTSOVA,15 APR 1998,BLR,1,,"Slava Metreveli Stadium, Sochi (RUS)",22 MAY 2024,1205.0,women_TJ,2024,https://worldathletics.org/athletes/athlete=14687147,toplist
4.0,14.85,-0.5,Ana PELETEIRO-COMPAORÉ,02 DEC 1995,ESP,1,,"Stadio Olimpico, Roma (ITA)",09 JUN 2024,1208.0,women_TJ,2024,https://worldathletics.org/athletes/athlete=14454805,toplist
6.0,14.81,2.0,Maryna BEKH-ROMANCHUK,18 JUL 1995,UKR,3,,"Stade Louis II, Monaco (MON)",12 JUL 2024,1201.0,women_TJ,2024,https://worldathletics.org/athletes/athlete=14434131,toplist
7.0,14.73,1.9,Liadagmis POVEA,06 FEB 1996,CUB,,,"Pista atletismo Fuente de la Niña, Guadalajara (ESP)",23 JUN 2024,1192.0,women_TJ,2024,https://worldathletics.org/athletes/athlete=14574170,toplist
8.0,14.67,0.7,Jasmine MOORE,01 MAY 2001,USA,3,,"Stade de France, Paris (FRA)",03 AUG 2024,1186.0,women_TJ,2024,https://worldathletics.org/athletes/athlete=14715853,toplist
9.0,14.59,1.9,Ilionis GUILLAUME,13 JAN 1998,FRA,,,"Pista atletismo Fuente de la Niña, Guadalajara (ESP)",23 JUN 2024,1178.0,women_TJ,2024,https://worldathletics.org/athletes/athlete=14516275,toplist
10.0,14.57,-0.8,Tuğba DANIŞMAZ,01 SEP 1999,TUR,2,,"Stadio Olimpico, Roma (ITA)",09 JUN 2024,1180.0,women_TJ,2024,https://worldathletics.org/athletes/athlete=14589446,toplist
11.0,14.52,0.9,Ackelia SMITH,05 FEB 2002,JAM,1,,"Hayward Field, Eugene, OR (USA)",08 JUN 2024,1171.0,women_TJ,2024,https://worldathletics.org/athletes/athlete=14693884,toplist
12.0,14.5,,Keturah ORJI,05 MAR 1996,USA,1,,"Convention Center, Albuquerque, NM (USA) (i)",17 FEB 2024,1169.0,women_TJ,2024,https://worldathletics.org/athletes/athlete=14503156,toplist
13.0,14.47,,Rūta Kate LASMANE,17 DEC 2000,LAT,1,,"The Track at New Balance, Boston, MA (USA) (i)",09 MAR 2024,1166.0,women_TJ,2024,https://worldathletics.org/athletes/athlete=14734471,toplist
14.0,14.38,,Gabriela PETROVA,29 JUN 1992,BUL,1,,"Asics Arena, Sofia (BUL) (i)",20 JAN 2024,1156.0,women_TJ,2024,https://worldathletics.org/athletes/athlete=14268585,toplist
15.0,14.35,-0.9,Aleksandra NACHEVA,20 AUG 2001,BUL,4,,"Stadio Olimpico, Roma (ITA)",09 JUN 2024,1158.0,women_TJ,2024,https://worldathletics.org/athletes/athlete=14705690,toplist
15.0,14.35,-0.4,Elena Andreea TALOȘ,24 FEB 1995,ROU,1,,"Cluj Arena, Cluj-Napoca (ROU)",29 JUN 2024,1155.0,women_TJ,2024,https://worldathletics.org/athletes/athlete=14408349,toplist
15.0,14.35,0.3,Dariya DERKACH,27 MAR 1993,ITA,4q2,,"Stade de France, Paris (FRA)",02 AUG 2024,1153.0,women_TJ,2024,https://worldathletics.org/athletes/athlete=14363463,toplist
18.0,14.27,2.0,Tori FRANKLIN,07 OCT 1992,USA,1,,"Municipal Sports Center, Alexandria (GRE)",08 MAY 2024,1145.0,women_TJ,2024,https://worldathletics.org/athletes/athlete=14425445,toplist
18.0,14.27,0.1,Darya NIDBAYKINA,26 DEC 1994,RUS,2,,"Slava Metreveli Stadium, Sochi (RUS)",22 MAY 2024,1145.0,women_TJ,2024,https://worldathletics.org/athletes/athlete=14513831,toplist
20.0,14.26,1.9,Neja FILIPIČ,22 APR 1995,SLO,7,,"Stade Louis II, Monaco (MON)",12 JUL 2024,1144.0,women_TJ,2024,https://worldathletics.org/athletes/athlete=14474496,toplist
21.0,14.24,0.1,Yekaterina KONEVA,25 SEP 1988,RUS,3,,"Slava Metreveli Stadium, Sochi (RUS)",22 MAY 2024,1142.0,women_TJ,2024,https://worldathletics.org/athletes/athlete=14298189,toplist
22.0,14.23,-0.1,Diana Ana Maria ION,27 NOV 2000,ROU,5,,"Stadio Olimpico, Roma (ITA)",09 JUN 2024,1141.0,women_TJ,2024,https://worldathletics.org/athletes/athlete=14629838,toplist
23.0,14.22,0.9,Gabriele SANTOS,23 FEB 1995,BRA,1f1,,"COTP Stadium, São Paulo (BRA)",23 AUG 2024,1140.0,women_TJ,2024,https://worldathletics.org/athletes/athlete=14496363,toplist
24.0,14.2,2.0,Olha KORSUN,11 NOV 1996,UKR,1,,"Avangard Stadium, Lutsk (UKR)",19 MAY 2024,1138.0,women_TJ,2024,https://worldathletics.org/athletes/athlete=14535102,toplist
25.0,14.18,0.2,Saly SARR,14 OCT 2002,SEN,1,,"Parc des Sports C. Ehrmann, Nice (FRA)",15 JUN 2024,1136.0,women_TJ,2024,https://worldathletics.org/athletes/athlete=14894836,toplist
26.0,14.15,,Jessie MADUKA,23 APR 1996,GER,1,,"Leichtathletikhallen Manfort, Leverkusen (GER) (i)",20 JAN 2024,1133.0,women_TJ,2024,https://worldathletics.org/athletes/athlete=14450062,toplist
27.0,14.12,1.5,Dovilė KILTY,14 JUL 1993,LTU,2,,"Dubai Police Club Stadium, Dubai (UAE)",03 MAY 2024,1130.0,women_TJ,2024,https://worldathletics.org/athletes/athlete=14363902,toplist
28.0,14.11,,Charisma TAYLOR,03 SEP 1999,BAH,6,,"Glasgow Arena, Glasgow (GBR) (i)",03 MAR 2024,1129.0,women_TJ,2024,https://worldathletics.org/athletes/athlete=14630926,toplist
28.0,14.11,1.0,Gizem AKGÖZ,05 JAN 2001,TUR,1,,"Seha Aksoy Atletizm Pisti, Izmir (TUR)",29 JUN 2024,1129.0,women_TJ,2024,https://worldathletics.org/athletes/athlete=14679940,toplist
30.0,14.09,,Emilia SJÖSTRAND,16 MAR 2002,SWE,1,,"Convention Center, Albuquerque, NM (USA) (i)",24 FEB 2024,1127.0,women_TJ,2024,https://worldathletics.org/athletes/athlete=14758589,toplist
30.0,14.09,1.3,Anna KRASUTSKA,20 JUL 1995,UKR,2,,"Avangard Stadium, Lutsk (UKR)",19 MAY 2024,1127.0,women_TJ,2024,https://worldathletics.org/athletes/athlete=14400461,toplist
32.0,14.08,,María VICENTE,28 MAR 2001,ESP,2,,"Velódromo Luis Puig, Valencia (ESP) (i)",07 FEB 2024,1126.0,women_TJ,2024,https://worldathletics.org/athletes/athlete=14648429,toplist
33.0,14.07,,Kimberly WILLIAMS,03 NOV 1988,JAM,7,,"Glasgow Arena, Glasgow (GBR) (i)",03 MAR 2024,1125.0,women_TJ,2024,https://worldathletics.org/athletes/athlete=14285998,toplist
34.0,14.05,0.6,Zinzi XULU,28 SEP 1996,RSA,1,,"Pilditch Stadium, Pretoria (RSA)",18 MAY 2024,1122.0,women_TJ,2024,https://worldathletics.org/athletes/athlete=14544117,toplist
34.0,14.05,0.9,Aina GRIKŠAITĖ,23 NOV 1994,LTU,3,,"Golęcin Stadion, Poznan (POL)",23 JUN 2024,1122.0,women_TJ,2024,https://worldathletics.org/athletes/athlete=14448358,toplist
36.0,14.01,1.3,Darja SOPOVA,18 FEB 2002,LAT,2,,"Hayward Field, Eugene, OR (USA)",08 JUN 2024,1118.0,women_TJ,2024,https://worldathletics.org/athletes/athlete=14735056,toplist
36.0,14.01,0.6,Senni SALMINEN,29 JAN 1996,FIN,4,,"Paavo Nurmen Stadion, Turku (FIN)",18 JUN 2024,1118.0,women_TJ,2024,https://worldathletics.org/athletes/athlete=14454573,toplist
38.0,13.99,-0.2,Yi LI,26 NOV 2005,CHN,1,,"Sports Center, Bengbu (CHN)",10 MAY 2024,1117.0,women_TJ,2024,https://worldathletics.org/athletes/pr-of-china/yi-li-15052012,toplist
38.0,13.99,2.0,Kristiina MÄKELÄ,20 NOV 1992,FIN,2,,"Stade Omnisports Schlossberg, Forbach (FRA)",26 MAY 2024,1116.0,women_TJ,2024,https://worldathletics.org/athletes/athlete=14365370,toplist
40.0,13.98,0.1,Valeriya VOLOVLIKOVA,07 OCT 2002,RUS,4,,"Slava Metreveli Stadium, Sochi (RUS)",22 MAY 2024,1115.0,women_TJ,2024,https://worldathletics.org/athletes/athlete=14913000,toplist
40.0,13.98,0.1,Taisiya DMITRIYEVA,13 MAY 2003,RUS,5,,"Slava Metreveli Stadium, Sochi (RUS)",22 MAY 2024,1115.0,women_TJ,2024,https://worldathletics.org/athletes/athlete=14822569,toplist
42.0,13.95,1.3,Shantae FOREMAN,22 OCT 2002,JAM,1q1,,"Un. of Kentucky Outdoor Track Facility, Lexington, KY (USA)",25 MAY 2024,1112.0,women_TJ,2024,https://worldathletics.org/athletes/athlete=14693847,toplist
42.0,13.95,1.4,Maria PURTSA,18 AUG 1995,GRE,4,,"Golęcin Stadion, Poznan (POL)",23 JUN 2024,1112.0,women_TJ,2024,https://worldathletics.org/athletes/athlete=14485198,toplist
44.0,13.94,0.0,Viktoriia BARANIVSKA,19 DEC 2002,UKR,1,,"Pioneer Stadium, Kyiv (UKR)",14 JUN 2024,1111.0,women_TJ,2024,https://worldathletics.org/athletes/athlete=14845871,toplist
45.0,13.93,1.5,Imani OLIVER,07 MAR 1993,USA,2,,"CVEATC, Chula Vista, CA (USA)",08 JUN 2024,1110.0,women_TJ,2024,https://worldathletics.org/athletes/athlete=14440164,toplist
46.0,13.91,-0.7,Kristin GIERISCH,20 AUG 1990,GER,5q2,,"Stadio Olimpico, Roma (ITA)",07 JUN 2024,1112.0,women_TJ,2024,https://worldathletics.org/athletes/athlete=14277718,toplist
47.0,13.9,2.0,Temi OJORA,24 JAN 2002,GBR,2q,,"John McDonnell Field, Fayetteville, AR (USA)",25 MAY 2024,1107.0,women_TJ,2024,https://worldathletics.org/athletes/athlete=14789081,toplist
48.0,13.89,,Ruth USORO,08 OCT 1997,NGR,1,,"Sports Performance Center, Lubbock, TX (USA) (i)",20 JAN 2024,1106.0,women_TJ,2024,https://worldathletics.org/athletes/athlete=14636870,toplist
48.0,13.89,0.7,Rouguy DIALLO,05 FEB 1995,FRA,6,,"Estadio Vallehermoso, Madrid (ESP)",21 JUN 2024,1106.0,women_TJ,2024,https://worldathletics.org/athletes/athlete=14410309,toplist
48.0,13.89,1.8,Sharifa DAVRONOVA,27 SEP 2006,UZB,1,,"AFU Athletics Stadium, Tashkent (UZB)",29 JUN 2024,1106.0,women_TJ,2024,https://worldathletics.org/athletes/athlete=14956284,toplist
51.0,13.87,-0.1,Rui ZENG,06 FEB 1998,CHN,1,,"Kuishan Sports Center, Rizhao (CHN)",30 JUN 2024,1104.0,women_TJ,2024,https://worldathletics.org/athletes/athlete=14714513,toplist
52.0,13.86,2.0,Oxana KORENEVA,29 SEP 1992,GRE,2,,"Municipal Sports Center, Alexandria (GRE)",08 MAY 2024,1103.0,women_TJ,2024,https://worldathletics.org/athletes/athlete=14757583,toplist
52.0,13.86,0.2,Maja ÅSKAG,18 DEC 2002,SWE,,,"Paavo Nurmen Stadion, Turku (FIN)",18 JUN 2024,1103.0,women_TJ,2024,https://worldathletics.org/athletes/athlete=14774822,toplist
52.0,13.86,1.9,Sarah-Michelle KUDLA,24 MAR 2002,GER,1,,"Besagroup-Sportpark, Rhede (GER)",14 JUL 2024,1103.0,women_TJ,2024,https://worldathletics.org/athletes/athlete=14821416,toplist
55.0,13.84,-1.6,Linda SUCHÁ,28 SEP 2001,CZE,1,,"Stadion Mládeže, Zlín (CZE)",26 MAY 2024,1110.0,women_TJ,2024,https://worldathletics.org/athletes/athlete=14683914,toplist
56.0,13.83,1.6,Maoko TAKASHIMA,07 JUL 1999,JPN,,,"Fukuoka University Stadium, Fukuoka (JPN)",30 MAR 2024,1100.0,women_TJ,2024,https://worldathletics.org/athletes/athlete=14815116,toplist
56.0,13.83,1.2,Eva PEPELNAK,04 OCT 2000,SLO,3,,"Givat Ram Stadium, Jerusalem (ISR)",19 MAY 2024,1100.0,women_TJ,2024,https://worldathletics.org/athletes/athlete=14589381,toplist
56.0,13.83,1.2,Anne-Suzanna FOSTHER-KATTA,13 NOV 1998,FRA,4q,,"John McDonnell Field, Fayetteville, AR (USA)",25 MAY 2024,1100.0,women_TJ,2024,https://worldathletics.org/athletes/cameroon/anne-suzanna-fosther-katta-14645336,toplist
56.0,13.83,1.7,Clémence ROUGIER,27 MAR 2005,FRA,1,,"Stade de Beaublanc, Limoges (FRA)",01 JUN 2024,1100.0,women_TJ,2024,https://worldathletics.org/athletes/athlete=14907792,toplist
56.0,13.83,1.7,Valentina KOSOLAPOVA,11 JUL 1997,RUS,1,,"Olympic Stadium, Cheboksary (RUS)",22 JUN 2024,1100.0,women_TJ,2024,https://worldathletics.org/athletes/athlete=14576069,toplist
56.0,13.83,-0.3,Yazhan XIE,30 JAN 2002,CHN,1,,"Sports Center, Quzhou (CHN)",16 SEP 2024,1101.0,women_TJ,2024,https://worldathletics.org/athletes/pr-of-china/yazhan-xie-14942330,toplist
62.0,13.82,,Agate DE SOUSA,05 JUN 2000,STP,1,,"Expocentro, Pombal (POR) (i)",11 FEB 2024,1099.0,women_TJ,2024,https://worldathletics.org/athletes/athlete=14816707,toplist
63.0,13.81,,Mylana HEARN,05 MAR 1995,USA,3,,"Convention Center, Albuquerque, NM (USA) (i)",17 FEB 2024,1098.0,women_TJ,2024,https://worldathletics.org/athletes/athlete=14479115,toplist
63.0,13.81,,Jie CHEN,02 MAR 1998,CHN,1f1,,"Xipu Training Base Indoor Athletics Stadium, Chengdu (CHN) (i)",28 FEB 2024,1098.0,women_TJ,2024,https://worldathletics.org/athletes/athlete=14691876,toplist
63.0,13.81,0.8,Diana ZAGAINOVA,20 JUN 1997,LTU,4,,"Givat Ram Stadium, Jerusalem (ISR)",19 MAY 2024,1098.0,women_TJ,2024,https://worldathletics.org/athletes/athlete=14565366,toplist
66.0,13.78,1.8,Kayla CUBA,06 AUG 1999,AUS,1,,"AIS Athletics Track, Canberra (AUS)",02 MAR 2024,1095.0,women_TJ,2024,https://worldathletics.org/athletes/athlete=14674567,toplist
66.0,13.78,0.6,Mikeisha WELCOME,06 AUG 2000,VIN,1,,"Track and Field Centre Outdoor Track, Toronto (CAN)",18 JUN 2024,1095.0,women_TJ,2024,https://worldathletics.org/athletes/athlete=14707720,toplist
68.0,13.77,-0.8,Shuiqing CHEN,12 APR 2000,CHN,2,,"Sports Center, Quzhou (CHN)",16 SEP 2024,1098.0,women_TJ,2024,https://worldathletics.org/athletes/athlete=14795856,toplist
68.0,13.77,-0.9,Yingying HUANG,18 AUG 2004,CHN,3,,"Sports Center, Quzhou (CHN)",16 SEP 2024,1099.0,women_TJ,2024,https://worldathletics.org/athletes/pr-of-china/yingying-huang-14980007,toplist
70.0,13.76,1.9,Adrianna LASKOWSKA,02 MAR 1996,POL,5,,"Golęcin Stadion, Poznan (POL)",23 JUN 2024,1093.0,women_TJ,2024,https://worldathletics.org/athletes/athlete=14436867,toplist
70.0,13.76,-0.8,Qiujiao TAN,28 MAY 2000,CHN,4,,"Sports Center, Quzhou (CHN)",16 SEP 2024,1097.0,women_TJ,2024,https://worldathletics.org/athletes/athlete=14795857,toplist
72.0,13.75,0.0,Natricia HOOPER,24 NOV 1998,GUY,,,"LSU Bernie Moore Stadium, Baton Rouge, LA (USA)",27 APR 2024,1092.0,women_TJ,2024,https://worldathletics.org/athletes/athlete=14641923,toplist
73.0,13.73,0.4,Zenghuan CHENG,12 OCT 2004,CHN,1,,"Sports Center, Nanping (CHN)",17 JUL 2024,1090.0,women_TJ,2024,https://worldathletics.org/athletes/pr-of-china/zenghuan-cheng-15117680,toplist
73.0,13.73,1.2,Regiclecia CANDIDO,31 JAN 2002,BRA,1,,"Estadio de Atletismo La Flora, Bucaramanga (COL)",28 SEP 2024,1090.0,women_TJ,2024,https://worldathletics.org/athletes/athlete=14897112,toplist
75.0,13.71,-0.3,Mariia SINEY,29 MAR 1997,UKR,1,,"Bezirkssportanlage Überruhr, Essen (GER)",09 MAY 2024,1089.0,women_TJ,2024,https://worldathletics.org/athletes/athlete=14535147,toplist
75.0,13.71,0.2,Naomi METZGER,18 APR 1998,GBR,1,,"Manchester Regional Arena, Manchester (GBR)",29 JUN 2024,1088.0,women_TJ,2024,https://worldathletics.org/athletes/athlete=14590572,toplist
77.0,13.68,0.7,Desleigh OWUSU,20 SEP 2001,AUS,1,,"SOPAC, Sydney (AUS)",15 MAR 2024,1085.0,women_TJ,2024,https://worldathletics.org/athletes/athlete=14764659,toplist
77.0,13.68,0.1,Ying LI,29 MAR 1994,CHN,3,,"Sports Center, Bengbu (CHN)",10 MAY 2024,1085.0,women_TJ,2024,https://worldathletics.org/athletes/athlete=14441107,toplist
79.0,13.67,,Kira WITTMANN,13 JUL 2000,GER,1,,"Hartwig-Gauder-Halle, Erfurt (GER) (i)",02 FEB 2024,1084.0,women_TJ,2024,https://worldathletics.org/athletes/athlete=14650718,toplist
80.0,13.66,,Winny Chepngetich BII,27 DEC 2003,KEN,1,,"Sports Performance Center, Lubbock, TX (USA) (i)",24 FEB 2024,1083.0,women_TJ,2024,https://worldathletics.org/athletes/athlete=14989863,toplist
80.0,13.66,0.1,Jessica KÄHÄRÄ,01 AUG 2001,FIN,2,,"Kimpisen yleisurheilukenttä, Lappeenranta (FIN)",17 JUL 2024,1083.0,women_TJ,2024,https://worldathletics.org/athletes/athlete=14667309,toplist
82.0,13.65,,Viktoria GORLOVA,22 MAY 2001,RUS,4,,"The Track at New Balance, Boston, MA (USA) (i)",09 MAR 2024,1082.0,women_TJ,2024,https://worldathletics.org/athletes/athlete=14676544,toplist
83.0,13.64,0.2,Mariko MORIMOTO,17 MAR 1995,JPN,1,,"Denka Big Swan Stadium, Niigata (JPN)",28 JUN 2024,1081.0,women_TJ,2024,https://worldathletics.org/athletes/athlete=14458247,toplist
83.0,13.64,0.7,Caroline JOYEUX,26 MAR 2001,GER,1,,"Mommsenstadion, Berlin (GER)",17 JUL 2024,1081.0,women_TJ,2024,https://worldathletics.org/athletes/athlete=14736473,toplist
85.0,13.63,0.1,Arianna FISHER,12 NOV 2000,USA,2,,"Stade L. Achille, Fort-de-France (FRA)",18 MAY 2024,1080.0,women_TJ,2024,https://worldathletics.org/athletes/athlete=14747729,toplist
85.0,13.63,1.6,Ashley MCELMURRY,10 MAY 2001,USA,9q,,"John McDonnell Field, Fayetteville, AR (USA)",25 MAY 2024,1080.0,women_TJ,2024,https://worldathletics.org/athletes/athlete=14798722,toplist
85.0,13.63,0.3,Ottavia CESTONARO,12 JAN 1995,ITA,13q1,,"Stade de France, Paris (FRA)",02 AUG 2024,1080.0,women_TJ,2024,https://worldathletics.org/athletes/athlete=14406580,toplist
88.0,13.62,0.9,Saliyya GUISSE,08 JUL 1996,BEL,1,,"Stade Communal de Herve, Herve (BEL)",17 AUG 2024,1079.0,women_TJ,2024,https://worldathletics.org/athletes/athlete=14516013,toplist
88.0,13.62,-0.7,Mengyuan PENG,05 SEP 1996,CHN,5,,"Sports Center, Quzhou (CHN)",16 SEP 2024,1083.0,women_TJ,2024,https://worldathletics.org/athletes/athlete=14782304,toplist
90.0,13.61,,Hui ZHOU,08 JAN 2006,CHN,1,,"Jiangsu Sports Bureau Training Center, Nanjing (CHN) (i)",16 MAR 2024,1078.0,women_TJ,2024,https://worldathletics.org/athletes/pr-of-china/hui-zhou-15094403,toplist
90.0,13.61,1.8,Spyridoula KARYDI,30 JAN 2001,GRE,3,,"Municipal Sports Center, Alexandria (GRE)",08 MAY 2024,1078.0,women_TJ,2024,https://worldathletics.org/athletes/athlete=14759227,toplist
90.0,13.61,1.2,Irma GUNNARSDÓTTIR,04 FEB 1998,ISL,1,,"Þórsvöllur, Akureyri (ISL)",30 JUN 2024,1078.0,women_TJ,2024,https://worldathletics.org/athletes/athlete=14568141,toplist
93.0,13.59,,Karolina MŁODAWSKA,04 OCT 1996,POL,1,,"Arena Toruń, Toruń (POL) (i)",17 FEB 2024,1075.0,women_TJ,2024,https://worldathletics.org/athletes/athlete=14507777,toplist
93.0,13.59,-0.1,Jeanine ASSANI ISSOUF,17 AUG 1992,FRA,2,,"Stade Josette et Roger Mikulak, Angers (FRA)",28 JUN 2024,1075.0,women_TJ,2024,https://worldathletics.org/athletes/athlete=14334954,toplist
93.0,13.59,2.0,Khushnoza SHAVKATOVA,11 JUN 2005,UZB,2,,"AFU Athletics Stadium, Tashkent (UZB)",29 JUN 2024,1075.0,women_TJ,2024,https://worldathletics.org/athletes/athlete=14956285,toplist
96.0,13.57,1.9,Wenjing LI,07 FEB 2002,CHN,2,,"Sports Center, Nanping (CHN)",17 JUL 2024,1073.0,women_TJ,2024,https://worldathletics.org/athletes/athlete=14884049,toplist
97.0,13.56,,Yekaterina SARIYEVA,18 DEC 1995,AZE,1,,"Republican Olympic Center, Baku (AZE) (i)",26 JAN 2024,1072.0,women_TJ,2024,https://worldathletics.org/athletes/athlete=14476658,toplist
97.0,13.56,1.2,Agnieszka BEDNAREK,14 JUN 1998,POL,1,,"Estadio Universitario, Lisboa (POR)",18 MAY 2024,1072.0,women_TJ,2024,https://worldathletics.org/athletes/athlete=14564261,toplist
97.0,13.56,1.8,Hanna MINENKO,25 SEP 1989,ISR,7,,"Givat Ram Stadium, Jerusalem (ISR)",19 MAY 2024,1072.0,women_TJ,2024,https://worldathletics.org/athletes/athlete=14303717,toplist
100.0,13.55,,Ilona MASSON,31 AUG 2001,BEL,1,,"Salle Maryvonne Dupureur, St-Brieuc (FRA) (i)",02 MAR 2024,1071.0,women_TJ,2024,https://worldathletics.org/athletes/athlete=14734871,toplist
1.0,14.94,-0.3,Leyanis PÉREZ HERNÁNDEZ,10 JAN 2002,CUB,1,,"National Stadium, Tokyo (JPN)",18 SEP 2025,1215.0,women_TJ,2025,https://worldathletics.org/athletes/athlete=14828679,toplist
2.0,14.89,1.0,Thea LAFOND,05 APR 1994,DMA,2,,"National Stadium, Tokyo (JPN)",18 SEP 2025,1209.0,women_TJ,2025,https://worldathletics.org/athletes/athlete=14416826,toplist
3.0,14.84,-0.3,Liadagmis POVEA,06 FEB 1996,CUB,2,,"Centro Gabre Gabric, Brescia (ITA)",15 JUL 2025,1205.0,women_TJ,2025,https://worldathletics.org/athletes/athlete=14574170,toplist
4.0,14.76,0.3,Yulimar ROJAS,21 OCT 1995,VEN,3,,"National Stadium, Tokyo (JPN)",18 SEP 2025,1195.0,women_TJ,2025,https://worldathletics.org/athletes/athlete=14436431,toplist
5.0,14.72,-0.1,Davisleydi VELAZCO,04 SEP 1999,CUB,2,,"Boudewijnstadion, Bruxelles (BEL)",22 AUG 2025,1191.0,women_TJ,2025,https://worldathletics.org/athletes/athlete=14663467,toplist
6.0,14.68,1.8,Jasmine MOORE,01 MAY 2001,USA,1,,"Hayward Field, Eugene, OR (USA)",02 AUG 2025,1187.0,women_TJ,2025,https://worldathletics.org/athletes/athlete=14715853,toplist
7.0,14.64,-0.7,Shanieka RICKETTS,02 FEB 1992,JAM,1,,"Stadio Olimpico, Roma (ITA)",06 JUN 2025,1187.0,women_TJ,2025,https://worldathletics.org/athletes/athlete=14413464,toplist
8.0,14.55,-0.4,Saly SARR,14 OCT 2002,SEN,6,,"National Stadium, Tokyo (JPN)",18 SEP 2025,1176.0,women_TJ,2025,https://worldathletics.org/athletes/athlete=14894836,toplist
9.0,14.45,0.2,Caroline JOYEUX,26 MAR 2001,GER,1,,"Kennedyplatz, Essen (GER)",01 JUN 2025,1164.0,women_TJ,2025,https://worldathletics.org/athletes/athlete=14736473,toplist
10.0,14.44,1.3,Ackelia SMITH,05 FEB 2002,JAM,2,,"National Stadium, Kingston (JAM)",28 JUN 2025,1162.0,women_TJ,2025,https://worldathletics.org/athletes/athlete=14693884,toplist
11.0,14.42,0.7,Neja FILIPIČ,22 APR 1995,SLO,2,,"Sports Park Mladost, Zagreb (CRO)",24 MAY 2025,1160.0,women_TJ,2025,https://worldathletics.org/athletes/athlete=14474496,toplist
11.0,14.42,-0.4,Tuğba DANIŞMAZ,01 SEP 1999,TUR,1,,"Atatürk Stadyumu, Izmir (TUR)",02 SEP 2025,1162.0,women_TJ,2025,https://worldathletics.org/athletes/athlete=14589446,toplist
13.0,14.41,-0.1,Gabriela PETROVA,29 JUN 1992,BUL,4,,"Centro Gabre Gabric, Brescia (ITA)",15 JUL 2025,1159.0,women_TJ,2025,https://worldathletics.org/athletes/athlete=14268585,toplist
14.0,14.38,1.7,Yekaterina KONEVA,25 SEP 1988,RUS,,,"Regional Sport Complex, Brest (BLR)",13 JUL 2025,1156.0,women_TJ,2025,https://worldathletics.org/athletes/athlete=14298189,toplist
15.0,14.37,,Ana PELETEIRO-COMPAORÉ,02 DEC 1995,ESP,1,,"Omnisport, Apeldoorn (NED) (i)",07 MAR 2025,1155.0,women_TJ,2025,https://worldathletics.org/athletes/athlete=14454805,toplist
16.0,14.33,1.2,Sharifa DAVRONOVA,27 SEP 2006,UZB,1,,"Lohrheidestadion, Wattenscheid, Bochum (GER)",27 JUL 2025,1151.0,women_TJ,2025,https://worldathletics.org/athletes/athlete=14956284,toplist
17.0,14.31,,Diana Ana Maria ION,27 NOV 2000,ROU,2,,"Omnisport, Apeldoorn (NED) (i)",07 MAR 2025,1149.0,women_TJ,2025,https://worldathletics.org/athletes/athlete=14629838,toplist
17.0,14.31,1.2,Gabriele SANTOS,23 FEB 1995,BRA,1,,"Centro de Treinamento Paralímpico Brasileiro, São Paulo (BRA)",03 AUG 2025,1149.0,women_TJ,2025,https://worldathletics.org/athletes/athlete=14496363,toplist
19.0,14.24,0.0,Erika Giorgia Anoeta SARACENI,21 MAY 2006,ITA,1,,"Ratinan Stadion, Tampere (FIN)",08 AUG 2025,1142.0,women_TJ,2025,https://worldathletics.org/athletes/italy/erika-giorgia-anoeta-saraceni-14974281,toplist
20.0,14.19,1.6,Elena Andreea TALOȘ,24 FEB 1995,ROU,2,,"Filothei Stadium, Athina (GRE)",10 JUN 2025,1137.0,women_TJ,2025,https://worldathletics.org/athletes/athlete=14408349,toplist
20.0,14.19,1.8,Ilionis GUILLAUME,13 JAN 1998,FRA,1f2,,"Stade Annexe Stade de France, St-Denis (FRA)",20 JUL 2025,1137.0,women_TJ,2025,https://worldathletics.org/athletes/athlete=14516275,toplist
22.0,14.18,0.3,Maja ÅSKAG,18 DEC 2002,SWE,2f1,,"Estadio Vallehermoso, Madrid (ESP)",28 JUN 2025,1136.0,women_TJ,2025,https://worldathletics.org/athletes/athlete=14774822,toplist
23.0,14.17,,Regiclecia CANDIDO,31 JAN 2002,BRA,1,,"Gobierno Autónomo Municipal de Cochabamba, Cochabamba (BOL) (i)",23 FEB 2025,1135.0,women_TJ,2025,https://worldathletics.org/athletes/athlete=14897112,toplist
24.0,14.15,0.0,Ivana ŠPANOVIĆ,10 MAY 1990,SRB,2,,"Atletski stadion Poljane, Maribor (SLO)",29 JUN 2025,1133.0,women_TJ,2025,https://worldathletics.org/athletes/athlete=14300421,toplist
25.0,14.14,1.9,Anastasiya KOBYLYANSKIKH,17 AUG 2006,RUS,2,,"Regional Sport Complex, Brest (BLR)",13 JUL 2025,1132.0,women_TJ,2025,https://worldathletics.org/athletes/russia/anastasiya-kobylyanskikh-14968918,toplist
26.0,14.13,0.1,Janne NIELSEN,24 APR 1993,DEN,1,,"Centro de Atletismo de Tenerife, Santa Cruz de Tenerife (ESP)",31 MAY 2025,1131.0,women_TJ,2025,https://worldathletics.org/athletes/athlete=14448020,toplist
26.0,14.13,1.4,Senni SALMINEN,29 JAN 1996,FIN,1,,"Keskusurheilukenttä, Joensuu (FIN)",12 JUL 2025,1131.0,women_TJ,2025,https://worldathletics.org/athletes/athlete=14454573,toplist
26.0,14.13,2.0,Nastassia DROZD,19 DEC 2004,BLR,3,,"Regional Sport Complex, Brest (BLR)",13 JUL 2025,1131.0,women_TJ,2025,https://worldathletics.org/athletes/athlete=14883057,toplist
29.0,14.1,0.1,Taisiya DMITRIYEVA,13 MAY 2003,RUS,4,,"Regional Sport Complex, Brest (BLR)",13 JUL 2025,1128.0,women_TJ,2025,https://worldathletics.org/athletes/athlete=14822569,toplist
30.0,14.08,,Anne-Suzanna FOSTHER-KATTA,13 NOV 1998,CMR,1,,"Stade de la Réunification de Bepanda, Douala (CMR)",09 AUG 2025,1126.0,women_TJ,2025,https://worldathletics.org/athletes/cameroon/anne-suzanna-fosther-katta-14645336,toplist
31.0,14.06,0.1,Ilona MASSON,31 AUG 2001,BEL,1,,"Centre sportif Bout-du-Monde, Genève (SUI)",21 JUN 2025,1124.0,women_TJ,2025,https://worldathletics.org/athletes/athlete=14734871,toplist
31.0,14.06,-0.6,Hui ZHOU,08 JAN 2006,CHN,1,,"Guangdong Ersha Sports Training Center, Guangzhou (CHN)",16 NOV 2025,1127.0,women_TJ,2025,https://worldathletics.org/athletes/pr-of-china/hui-zhou-15094403,toplist
33.0,14.05,1.8,Alexia Ioana DOSPIN,04 JUL 2003,ROU,1,,"Fana Stadion, Bergen (NOR)",18 JUL 2025,1122.0,women_TJ,2025,https://worldathletics.org/athletes/athlete=14777876,toplist
34.0,14.04,,Jessie MADUKA,23 APR 1996,GER,1,,"Helmut-Körnig-Halle, Dortmund (GER) (i)",22 FEB 2025,1121.0,women_TJ,2025,https://worldathletics.org/athletes/athlete=14450062,toplist
35.0,14.03,2.0,Oxana KORENEVA,29 SEP 1992,GRE,1,,"Municipal Sports Center, Alexandria (GRE)",07 JUN 2025,1120.0,women_TJ,2025,https://worldathletics.org/athletes/athlete=14757583,toplist
35.0,14.03,1.1,Linda SUCHÁ,28 SEP 2001,CZE,1,,"Atletický stadion Střelnice, Jablonec nad Nisou (CZE)",23 AUG 2025,1120.0,women_TJ,2025,https://worldathletics.org/athletes/athlete=14683914,toplist
37.0,14.02,,Viktoria GORLOVA,22 MAY 2001,RUS,1,,"Znamenskikh Arena, Moskva (RUS) (i)",09 JAN 2025,1119.0,women_TJ,2025,https://worldathletics.org/athletes/athlete=14676544,toplist
37.0,14.02,,Darya NIDBAYKINA,26 DEC 1994,RUS,,,"Olimpiyets, Mogilyov (BLR) (i)",15 FEB 2025,1119.0,women_TJ,2025,https://worldathletics.org/athletes/athlete=14513831,toplist
39.0,14.01,,Winny Chepngetich BII,27 DEC 2003,KEN,1,,"Clemson Indoor Track & Field Complex, Clemson, SC (USA) (i)",15 FEB 2025,1118.0,women_TJ,2025,https://worldathletics.org/athletes/athlete=14989863,toplist
39.0,14.01,,Emilia SJÖSTRAND,16 MAR 2002,SWE,1,,"Convention Center, Albuquerque, NM (USA) (i)",01 MAR 2025,1118.0,women_TJ,2025,https://worldathletics.org/athletes/athlete=14758589,toplist
39.0,14.01,-2.0,Shantae FOREMAN,22 OCT 2002,JAM,1q1,,"University of North Florda Jax Track at Hodges Stadium, Jacksonville, FL (USA)",31 MAY 2025,1130.0,women_TJ,2025,https://worldathletics.org/athletes/athlete=14693847,toplist
42.0,14.0,,Rūta Kate LASMANE,17 DEC 2000,LAT,1,,"Sports Performance Center, Lubbock, TX (USA) (i)",24 JAN 2025,1117.0,women_TJ,2025,https://worldathletics.org/athletes/athlete=14734471,toplist
43.0,13.98,,Natricia HOOPER,24 NOV 1998,GUY,2,,"Clemson Indoor Track & Field Complex, Clemson, SC (USA) (i)",15 FEB 2025,1115.0,women_TJ,2025,https://worldathletics.org/athletes/athlete=14641923,toplist
43.0,13.98,0.5,Georgie FORDE-WELLS,14 NOV 2002,GBR,2,,"Municipal Sports Center, Alexandria (GRE)",07 JUN 2025,1115.0,women_TJ,2025,https://worldathletics.org/athletes/athlete=14932295,toplist
45.0,13.97,0.1,Qiujiao TAN,28 MAY 2000,CHN,1,,Chongqing (CHN),16 MAY 2025,1114.0,women_TJ,2025,https://worldathletics.org/athletes/athlete=14795857,toplist
45.0,13.97,0.7,Kira WITTMANN,13 JUL 2000,GER,2,,"Heinz-Steyer-Stadion, Dresden (GER)",02 AUG 2025,1114.0,women_TJ,2025,https://worldathletics.org/athletes/athlete=14650718,toplist
47.0,13.96,,Mariia SINEY,29 MAR 1997,UKR,1,,"KMSHVSM Arena, Kyiv (UKR) (i)",23 FEB 2025,1113.0,women_TJ,2025,https://worldathletics.org/athletes/athlete=14535147,toplist
47.0,13.96,0.6,Lisay DE LA C. GONZÁLEZ,10 JAN 2006,CUB,1,,"Parque Olímpico Pista De Atletismo, Luque, Asunción (PAR)",21 AUG 2025,1113.0,women_TJ,2025,https://worldathletics.org/athletes/athlete=14902540,toplist
47.0,13.96,0.2,Yingying HUANG,18 AUG 2004,CHN,1,,"Kuishan Sports Center, Rizhao (CHN)",28 SEP 2025,1113.0,women_TJ,2025,https://worldathletics.org/athletes/pr-of-china/yingying-huang-14980007,toplist
50.0,13.95,1.0,Diana ZAGAINOVA,20 JUN 1997,LTU,1,,"Pista atletismo Fuente de la Niña, Guadalajara (ESP)",14 AUG 2025,1112.0,women_TJ,2025,https://worldathletics.org/athletes/athlete=14565366,toplist
50.0,13.95,0.0,Dovilė KILTY,14 JUL 1993,LTU,2,,"Pista atletismo Fuente de la Niña, Guadalajara (ESP)",14 AUG 2025,1112.0,women_TJ,2025,https://worldathletics.org/athletes/athlete=14363902,toplist
52.0,13.94,1.6,Maoko TAKASHIMA,07 JUL 1999,JPN,,,"Lemon Gas Stadium, Hiratsuka (JPN)",09 AUG 2025,1111.0,women_TJ,2025,https://worldathletics.org/athletes/athlete=14815116,toplist
53.0,13.93,-0.2,Yi LI,26 NOV 2005,CHN,1,,"Sports Center, Bengbu (CHN)",13 JUN 2025,1111.0,women_TJ,2025,https://worldathletics.org/athletes/pr-of-china/yi-li-15052012,toplist
54.0,13.92,2.0,Aleksandrija MITROVIĆ,14 APR 2004,SRB,3,,"Municipal Sports Center, Alexandria (GRE)",07 JUN 2025,1109.0,women_TJ,2025,https://worldathletics.org/athletes/athlete=14860305,toplist
54.0,13.92,1.9,Viktoriia BARANIVSKA,19 DEC 2002,UKR,1,,"Avangard Stadium, Lutsk (UKR)",07 JUN 2025,1109.0,women_TJ,2025,https://worldathletics.org/athletes/athlete=14845871,toplist
56.0,13.91,,Jie CHEN,02 MAR 1998,CHN,2,,"Shanxi Athletics Administrative Center, Xi'an (CHN) (i)",15 FEB 2025,1108.0,women_TJ,2025,https://worldathletics.org/athletes/athlete=14691876,toplist
56.0,13.91,-0.5,Rui ZENG,06 FEB 1998,CHN,3,,"Guangdong Ersha Sports Training Center, Guangzhou (CHN)",16 NOV 2025,1111.0,women_TJ,2025,https://worldathletics.org/athletes/athlete=14714513,toplist
58.0,13.9,1.4,Yazhan XIE,30 JAN 2002,CHN,1,,"Sports Center, Jiaxing (CHN)",30 APR 2025,1107.0,women_TJ,2025,https://worldathletics.org/athletes/pr-of-china/yazhan-xie-14942330,toplist
59.0,13.89,0.9,Adrianna LASKOWSKA,02 MAR 1996,POL,1,,"Forest Stadium, Sopot (POL)",15 JUN 2025,1106.0,women_TJ,2025,https://worldathletics.org/athletes/athlete=14436867,toplist
59.0,13.89,0.2,Saliyya GUISSE,08 JUL 1996,BEL,1,,"Boudewijnstadion, Bruxelles (BEL)",03 AUG 2025,1106.0,women_TJ,2025,https://worldathletics.org/athletes/athlete=14516013,toplist
61.0,13.87,,Mariya YEFREMOVA,19 OCT 1998,KAZ,1,,"Athletic Center Olga Rypakova, Ust-Kamenogorsk (KAZ) (i)",01 MAR 2025,1104.0,women_TJ,2025,https://worldathletics.org/athletes/athlete=14646811,toplist
61.0,13.87,0.4,Akari FUNADA,27 AUG 2000,JPN,1,,"Hokuroku Park Athletic Field, Fujiyoshida (JPN)",03 AUG 2025,1104.0,women_TJ,2025,https://worldathletics.org/athletes/athlete=14855859,toplist
63.0,13.86,0.9,Desleigh OWUSU,20 SEP 2001,AUS,3,,"Lohrheidestadion, Wattenscheid, Bochum (GER)",27 JUL 2025,1103.0,women_TJ,2025,https://worldathletics.org/athletes/athlete=14764659,toplist
64.0,13.85,1.3,Sarah-Michelle KUDLA,24 MAR 2002,GER,4,,"Heinz-Steyer-Stadion, Dresden (GER)",02 AUG 2025,1102.0,women_TJ,2025,https://worldathletics.org/athletes/athlete=14821416,toplist
64.0,13.85,1.3,Maria Natalia LONDA,29 OCT 1990,INA,1,,"Supachalasai National Stadium, Bangkok (THA)",13 DEC 2025,1102.0,women_TJ,2025,https://worldathletics.org/athletes/athlete=14282715,toplist
66.0,13.84,1.7,Zenghuan CHENG,12 OCT 2004,CHN,2,,"Sports Center, Jiaxing (CHN)",30 APR 2025,1101.0,women_TJ,2025,https://worldathletics.org/athletes/pr-of-china/zenghuan-cheng-15117680,toplist
66.0,13.84,1.9,Agnieszka BEDNAREK,14 JUN 1998,POL,1,,"Stadion MKS, Aleksandrów Łódzki (POL)",08 JUN 2025,1101.0,women_TJ,2025,https://worldathletics.org/athletes/athlete=14564261,toplist
68.0,13.83,0.8,Mariko MORIMOTO,17 MAR 1995,JPN,4,,"Billy J. Murphy Track and Field Complex, Memphis, TN (USA)",12 JUL 2025,1100.0,women_TJ,2025,https://worldathletics.org/athletes/athlete=14458247,toplist
69.0,13.82,,Tessy EBOSELE,28 JUL 2002,ESP,1,,"Pista Coberta de Catalunya, Sabadell (ESP) (i)",10 JAN 2025,1099.0,women_TJ,2025,https://worldathletics.org/athletes/athlete=14758987,toplist
69.0,13.82,-2.2,Olha KORSUN,11 NOV 1996,UKR,3,,"Stade Senghor, Dakar (SEN)",24 MAY 2025,1112.0,women_TJ,2025,https://worldathletics.org/athletes/athlete=14535102,toplist
69.0,13.82,0.5,Ting CHEN,28 AUG 1997,CHN,2,,"Sports Center, Bengbu (CHN)",13 JUN 2025,1099.0,women_TJ,2025,https://worldathletics.org/athletes/athlete=14744970,toplist
72.0,13.81,,Aina GRIKŠAITĖ,23 NOV 1994,LTU,2,,"Athletic Center Olga Rypakova, Ust-Kamenogorsk (KAZ) (i)",01 MAR 2025,1098.0,women_TJ,2025,https://worldathletics.org/athletes/athlete=14448358,toplist
73.0,13.8,1.9,Agur DWOL,16 JUL 2004,USA,,,"Un. of Kentucky Outdoor Track Facility, Lexington, KY (USA)",17 MAY 2025,1097.0,women_TJ,2025,https://worldathletics.org/athletes/athlete=14931788,toplist
73.0,13.8,1.7,Clémence ROUGIER,27 MAR 2005,FRA,1,,"Stade Du Moulin Boisseau, Carquefou (FRA)",28 JUN 2025,1097.0,women_TJ,2025,https://worldathletics.org/athletes/athlete=14907792,toplist
73.0,13.8,-2.5,Kimberly WILLIAMS,03 NOV 1988,JAM,3,,"National Stadium, Kingston (JAM)",28 JUN 2025,1112.0,women_TJ,2025,https://worldathletics.org/athletes/athlete=14285998,toplist
76.0,13.79,1.3,Parinya CHUAIMAROENG,16 DEC 1997,THA,2,,"Supachalasai National Stadium, Bangkok (THA)",13 DEC 2025,1096.0,women_TJ,2025,https://worldathletics.org/athletes/athlete=14603339,toplist
77.0,13.78,,Simone JOHNSON,24 JUL 2002,USA,1,,"Convention Center, Albuquerque, NM (USA) (i)",15 FEB 2025,1095.0,women_TJ,2025,https://worldathletics.org/athletes/athlete=14888004,toplist
78.0,13.77,1.8,Adriana CHILA,31 OCT 1996,ECU,2,,"CNDA, Bragança Paulista (BRA)",24 AUG 2025,1094.0,women_TJ,2025,https://worldathletics.org/athletes/athlete=14544616,toplist
79.0,13.75,1.3,Zinzi XULU,28 SEP 1996,RSA,1,,"Dubai Police Club Stadium, Dubai (UAE)",11 MAY 2025,1092.0,women_TJ,2025,https://worldathletics.org/athletes/athlete=14544117,toplist
79.0,13.75,0.2,Mengyuan PENG,05 SEP 1996,CHN,3,,"Sports Center, Bengbu (CHN)",13 JUN 2025,1092.0,women_TJ,2025,https://worldathletics.org/athletes/athlete=14782304,toplist
79.0,13.75,0.9,Ruth HILDEBRAND,16 OCT 2004,GER,1,,"Donaustadion, Ulm (GER)",05 JUL 2025,1092.0,women_TJ,2025,https://worldathletics.org/athletes/athlete=14858149,toplist
79.0,13.75,1.1,Alyona CHASS,25 AUG 2005,UKR,4,,"Fana Stadion, Bergen (NOR)",18 JUL 2025,1092.0,women_TJ,2025,https://worldathletics.org/athletes/athlete=14929233,toplist
79.0,13.75,-1.2,Daria VRÎNCEANU,27 MAR 2008,ROU,2,,"Ratinan Stadion, Tampere (FIN)",08 AUG 2025,1099.0,women_TJ,2025,https://worldathletics.org/athletes/romania/daria-vrinceanu-14968135,toplist
79.0,13.75,1.9,Veronika SEMASHKO,17 OCT 1990,RUS,3,,"Kalininets Stadium, Yekaterinburg (RUS)",24 AUG 2025,1092.0,women_TJ,2025,https://worldathletics.org/athletes/athlete=14298669,toplist
85.0,13.73,,Imani OLIVER,07 MAR 1993,JAM,1,,"Ocean Breeze Athl. Complex, New York, NY (USA) (i)",28 FEB 2025,1090.0,women_TJ,2025,https://worldathletics.org/athletes/athlete=14440164,toplist
85.0,13.73,0.7,Ottavia CESTONARO,12 JAN 1995,ITA,4,,"Centro Sportivo Fontanassa, Savona (ITA)",21 MAY 2025,1090.0,women_TJ,2025,https://worldathletics.org/athletes/athlete=14406580,toplist
87.0,13.72,,Tamiah WASHINGTON,2004,USA,2,,"Virginia Beach Sports Center, Virginia Beach, VA (USA) (i)",15 MAR 2025,1089.0,women_TJ,2025,https://worldathletics.org/athletes/united-states/tamiah-washington-14992278,toplist
87.0,13.72,0.7,Irma GUNNARSDÓTTIR,04 FEB 1998,ISL,2,,"Atletski stadion Poljane, Maribor (SLO)",25 JUN 2025,1089.0,women_TJ,2025,https://worldathletics.org/athletes/athlete=14568141,toplist
87.0,13.72,0.8,Anastasia SENCHIV,02 JAN 1998,MDA,6,,"Panthessaliko Stadium, Volos (GRE)",26 JUL 2025,1089.0,women_TJ,2025,https://worldathletics.org/athletes/athlete=14595675,toplist
90.0,13.71,1.0,Huiling QIN,29 NOV 2003,CHN,3,,Chongqing (CHN),16 MAY 2025,1088.0,women_TJ,2025,https://worldathletics.org/athletes/athlete=14884042,toplist
91.0,13.7,,Temi OJORA,24 JAN 2002,GBR,3,,"Virginia Beach Sports Center, Virginia Beach, VA (USA) (i)",15 MAR 2025,1087.0,women_TJ,2025,https://worldathletics.org/athletes/athlete=14789081,toplist
91.0,13.7,0.0,Mylana HEARN,05 MAR 1995,USA,2,,"Univ. of Arizona Roy P. Drachman Stadium, Tucson, AZ (USA)",24 MAY 2025,1087.0,women_TJ,2025,https://worldathletics.org/athletes/athlete=14479115,toplist
91.0,13.7,0.9,Ana Estrella DE LEON,07 APR 2008,ESP,1,,"Estadi Natalia Rodríguez, Tarragona (ESP)",02 AUG 2025,1087.0,women_TJ,2025,https://worldathletics.org/athletes/spain/ana-estrella-de-leon-15013815,toplist
94.0,13.69,0.6,Dariya DERKACH,27 MAR 1993,ITA,12q1,,"National Stadium, Tokyo (JPN)",16 SEP 2025,1086.0,women_TJ,2025,https://worldathletics.org/athletes/athlete=14363463,toplist
95.0,13.68,1.9,Thi Ngoc Ha VU,21 MAY 2000,VIE,3,,"Supachalasai National Stadium, Bangkok (THA)",13 DEC 2025,1085.0,women_TJ,2025,https://worldathletics.org/athletes/athlete=14794031,toplist
96.0,13.65,2.0,Yekaterina SARIYEVA,18 DEC 1995,AZE,,,"ASAPES Stadium, Baku (AZE)",13 JUN 2025,1082.0,women_TJ,2025,https://worldathletics.org/athletes/athlete=14476658,toplist
97.0,13.64,0.7,Jingjing LIN,18 MAY 2002,CHN,4,,Chongqing (CHN),16 MAY 2025,1081.0,women_TJ,2025,https://worldathletics.org/athletes/athlete=14884048,toplist
97.0,13.64,1.2,Euphenie ANDRE,16 MAR 2001,USA,3,,"Hayward Field, Eugene, OR (USA)",02 AUG 2025,1081.0,women_TJ,2025,https://worldathletics.org/athletes/athlete=14883804,toplist
97.0,13.64,1.5,Yuliya YAKUNINA,08 FEB 2002,RUS,5,,"Kalininets Stadium, Yekaterinburg (RUS)",24 AUG 2025,1081.0,women_TJ,2025,https://worldathletics.org/athletes/athlete=14928407,toplist
100.0,13.62,2.0,Adelaide OMITOWOJU,22 OCT 1999,GBR,1,,"Alexander Stadium, Birmingham (GBR)",02 AUG 2025,1079.0,women_TJ,2025,https://worldathletics.org/athletes/athlete=14688953,toplist
,14.80,,Caterine IBARGUEN,12 FEB 1984,COL,1.,,Shanghai IAAF Diamond League,12 MAY 2018,,,2018,,dl_meeting
,14.55,,Shanieka RICKETTS,02 FEB 1992,JAM,2.,,Shanghai IAAF Diamond League,12 MAY 2018,,,2018,,dl_meeting
,14.35,,Kimberly WILLIAMS,03 NOV 1988,JAM,3.,,Shanghai IAAF Diamond League,12 MAY 2018,,,2018,,dl_meeting
,14.21,,Rouguy DIALLO,05 FEB 1995,FRA,4.,,Shanghai IAAF Diamond League,12 MAY 2018,,,2018,,dl_meeting
,14.19,,Hanna MINENKO,25 SEP 1989,ISR,5.,,Shanghai IAAF Diamond League,12 MAY 2018,,,2018,,dl_meeting
,13.93,,Viktoriya PROKOPENKO,17 APR 1991,ANA,6.,,Shanghai IAAF Diamond League,12 MAY 2018,,,2018,,dl_meeting
,13.73,,Dovilė DZINDZALETAITĖ,14 JUL 1993,LTU,7.,,Shanghai IAAF Diamond League,12 MAY 2018,,,2018,,dl_meeting
,13.67,,Anna JAGACIAK,10 FEB 1990,POL,8.,,Shanghai IAAF Diamond League,12 MAY 2018,,,2018,,dl_meeting
,13.18,,Wupin WANG,18 JAN 1991,CHN,9.,,Shanghai IAAF Diamond League,12 MAY 2018,,,2018,,dl_meeting
,14.89,,Caterine IBARGUEN,12 FEB 1984,COL,1.,,Oslo Bislett Games,07 JUN 2018,,,2018,,dl_meeting
,14.57,,Tori FRANKLIN,07 OCT 1992,USA,2.,,Oslo Bislett Games,07 JUN 2018,,,2018,,dl_meeting
,14.50,,Kimberly WILLIAMS,03 NOV 1988,JAM,3.,,Oslo Bislett Games,07 JUN 2018,,,2018,,dl_meeting
,14.44,,Shanieka RICKETTS,02 FEB 1992,JAM,4.,,Oslo Bislett Games,07 JUN 2018,,,2018,,dl_meeting
,14.37,,Kristin GIERISCH,20 AUG 1990,GER,5.,,Oslo Bislett Games,07 JUN 2018,,,2018,,dl_meeting
,14.12,,Olga RYPAKOVA,30 NOV 1984,KAZ,6.,,Oslo Bislett Games,07 JUN 2018,,,2018,,dl_meeting
,14.02,,Olha SALADUKHA,04 JUN 1983,UKR,7.,,Oslo Bislett Games,07 JUN 2018,,,2018,,dl_meeting
,13.23,,Oda Utsi ONSTAD,12 MAY 1990,NOR,8.,,Oslo Bislett Games,07 JUN 2018,,,2018,,dl_meeting
,14.83,,Caterine IBARGUEN,12 FEB 1984,COL,,,Oslo Bislett Games,07 JUN 2018,,,2018,,dl_meeting
,14.06,,Olga RYPAKOVA,30 NOV 1984,KAZ,,,Oslo Bislett Games,07 JUN 2018,,,2018,,dl_meeting
,NM,,Paraskevi PAPACHRISTOU,17 APR 1989,GRE,,,Oslo Bislett Games,07 JUN 2018,,,2018,,dl_meeting
,14.83,,Caterine IBARGUEN,12 FEB 1984,COL,1.,,Meeting de Paris,30 JUN 2018,,,2018,,dl_meeting
,14.56,,Kimberly WILLIAMS,03 NOV 1988,JAM,2.,,Meeting de Paris,30 JUN 2018,,,2018,,dl_meeting
,14.49,,Tori FRANKLIN,07 OCT 1992,USA,3.,,Meeting de Paris,30 JUN 2018,,,2018,,dl_meeting
,14.42,,Kristin GIERISCH,20 AUG 1990,GER,4.,,Meeting de Paris,30 JUN 2018,,,2018,,dl_meeting
,14.38,,Shanieka RICKETTS,02 FEB 1992,JAM,5.,,Meeting de Paris,30 JUN 2018,,,2018,,dl_meeting
,14.31,,Ana PELETEIRO,02 DEC 1995,ESP,6.,,Meeting de Paris,30 JUN 2018,,,2018,,dl_meeting
,14.27,,Rouguy DIALLO,05 FEB 1995,FRA,7.,,Meeting de Paris,30 JUN 2018,,,2018,,dl_meeting
,14.25,,Olga RYPAKOVA,30 NOV 1984,KAZ,8.,,Meeting de Paris,30 JUN 2018,,,2018,,dl_meeting
,14.16,,Jeanine ASSANI ISSOUF,17 AUG 1992,FRA,9.,,Meeting de Paris,30 JUN 2018,,,2018,,dl_meeting
,14.04,,Hanna MINENKO,25 SEP 1989,ISR,10.,,Meeting de Paris,30 JUN 2018,,,2018,,dl_meeting
,13.94,,Nubia SOARES,26 MAR 1996,BRA,11.,,Meeting de Paris,30 JUN 2018,,,2018,,dl_meeting
,14.96,,Caterine IBARGUEN,12 FEB 1984,COL,1.,,Meeting International Mohammed VI d'Athletisme de Rabat,13 JUL 2018,,,2018,,dl_meeting
,14.47,,Kimberly WILLIAMS,03 NOV 1988,JAM,2.,,Meeting International Mohammed VI d'Athletisme de Rabat,13 JUL 2018,,,2018,,dl_meeting
,14.42,,Tori FRANKLIN,07 OCT 1992,USA,3.,,Meeting International Mohammed VI d'Athletisme de Rabat,13 JUL 2018,,,2018,,dl_meeting
,14.40,,Gabriela PETROVA,29 JUN 1992,BUL,4.,,Meeting International Mohammed VI d'Athletisme de Rabat,13 JUL 2018,,,2018,,dl_meeting
,14.30,,Nubia SOARES,26 MAR 1996,BRA,5.,,Meeting International Mohammed VI d'Athletisme de Rabat,13 JUL 2018,,,2018,,dl_meeting
,14.29,,Ana PELETEIRO,02 DEC 1995,ESP,6.,,Meeting International Mohammed VI d'Athletisme de Rabat,13 JUL 2018,,,2018,,dl_meeting
,14.15,,Andreea PANȚUROIU,24 FEB 1995,ROU,7.,,Meeting International Mohammed VI d'Athletisme de Rabat,13 JUL 2018,,,2018,,dl_meeting
,13.83,,Olga RYPAKOVA,30 NOV 1984,KAZ,8.,,Meeting International Mohammed VI d'Athletisme de Rabat,13 JUL 2018,,,2018,,dl_meeting
,13.66,,Rouguy DIALLO,05 FEB 1995,FRA,9.,,Meeting International Mohammed VI d'Athletisme de Rabat,13 JUL 2018,,,2018,,dl_meeting
,14.79,,Caterine IBARGUEN,12 FEB 1984,COL,1.,,Oslo Bislett Games,13 JUN 2019,,,2019,,dl_meeting
,14.53,,Keturah ORJI,05 MAR 1996,USA,2.,,Oslo Bislett Games,13 JUN 2019,,,2019,,dl_meeting
,14.41,,Shanieka RICKETTS,02 FEB 1992,JAM,3.,,Oslo Bislett Games,13 JUN 2019,,,2019,,dl_meeting
,14.36,,Kimberly WILLIAMS,03 NOV 1988,JAM,4.,,Oslo Bislett Games,13 JUN 2019,,,2019,,dl_meeting
,14.34,,Paraskevi PAPACHRISTOU,17 APR 1989,GRE,5.,,Oslo Bislett Games,13 JUN 2019,,,2019,,dl_meeting
,14.30,,Olha SALADUKHA,04 JUN 1983,UKR,6.,,Oslo Bislett Games,13 JUN 2019,,,2019,,dl_meeting
,14.09,,Patrícia MAMONA,21 NOV 1988,POR,7.,,Oslo Bislett Games,13 JUN 2019,,,2019,,dl_meeting
,13.71,,Kristin GIERISCH,20 AUG 1990,GER,8.,,Oslo Bislett Games,13 JUN 2019,,,2019,,dl_meeting
,13.68,,Tori FRANKLIN,07 OCT 1992,USA,9.,,Oslo Bislett Games,13 JUN 2019,,,2019,,dl_meeting
,11.85,,Rouguy DIALLO,05 FEB 1995,FRA,10.,,Oslo Bislett Games,13 JUN 2019,,,2019,,dl_meeting
,14.89,,Caterine IBARGUEN,12 FEB 1984,COL,1.,,Athletissima Lausanne,05 JUL 2019,,,2019,,dl_meeting
,14.82,,Yulimar ROJAS,21 OCT 1995,VEN,2.,,Athletissima Lausanne,05 JUL 2019,,,2019,,dl_meeting
,14.77,,Liadagmis POVEA,06 FEB 1996,CUB,3.,,Athletissima Lausanne,05 JUL 2019,,,2019,,dl_meeting
,14.65,,Shanieka RICKETTS,02 FEB 1992,JAM,4.,,Athletissima Lausanne,05 JUL 2019,,,2019,,dl_meeting
,14.52,,Kimberly WILLIAMS,03 NOV 1988,JAM,5.,,Athletissima Lausanne,05 JUL 2019,,,2019,,dl_meeting
,14.51,,Paraskevi PAPACHRISTOU,17 APR 1989,GRE,6.,,Athletissima Lausanne,05 JUL 2019,,,2019,,dl_meeting
,14.49,,Olha SALADUKHA,04 JUN 1983,UKR,7.,,Athletissima Lausanne,05 JUL 2019,,,2019,,dl_meeting
,14.35,,Olga RYPAKOVA,30 NOV 1984,KAZ,8.,,Athletissima Lausanne,05 JUL 2019,,,2019,,dl_meeting
,14.16,,Ana PELETEIRO,02 DEC 1995,ESP,9.,,Athletissima Lausanne,05 JUL 2019,,,2019,,dl_meeting
,13.94,,Patrícia MAMONA,21 NOV 1988,POR,10.,,Athletissima Lausanne,05 JUL 2019,,,2019,,dl_meeting
,13.88,,Kristin GIERISCH,20 AUG 1990,GER,11.,,Athletissima Lausanne,05 JUL 2019,,,2019,,dl_meeting
,14.98,,Yulimar ROJAS,21 OCT 1995,VEN,1.,,Herculis,11 JUL 2019,,,2019,,dl_meeting
,14.71,,Liadagmis POVEA,06 FEB 1996,CUB,2.,,Herculis,11 JUL 2019,,,2019,,dl_meeting
,14.67,,Shanieka RICKETTS,02 FEB 1992,JAM,3.,,Herculis,11 JUL 2019,,,2019,,dl_meeting
,14.56,,Kimberly WILLIAMS,03 NOV 1988,JAM,4.,,Herculis,11 JUL 2019,,,2019,,dl_meeting
,14.39,,Olha SALADUKHA,04 JUN 1983,UKR,5.,,Herculis,11 JUL 2019,,,2019,,dl_meeting
,14.33,,Caterine IBARGUEN,12 FEB 1984,COL,6.,,Herculis,11 JUL 2019,,,2019,,dl_meeting
,14.31,,Olga RYPAKOVA,30 NOV 1984,KAZ,7.,,Herculis,11 JUL 2019,,,2019,,dl_meeting
,14.31,,Paraskevi PAPACHRISTOU,17 APR 1989,GRE,8.,,Herculis,11 JUL 2019,,,2019,,dl_meeting
,14.20,,Keturah ORJI,05 MAR 1996,USA,9.,,Herculis,11 JUL 2019,,,2019,,dl_meeting
,14.20,,Rouguy DIALLO,05 FEB 1995,FRA,10.,,Herculis,11 JUL 2019,,,2019,,dl_meeting
,14.17,,Ana PELETEIRO,02 DEC 1995,ESP,11.,,Herculis,11 JUL 2019,,,2019,,dl_meeting
,15.05,,Yulimar ROJAS,21 OCT 1995,VEN,1.,,Meeting de Paris,24 AUG 2019,,,2019,,dl_meeting
,14.75,,Liadagmis POVEA,06 FEB 1996,CUB,2.,,Meeting de Paris,24 AUG 2019,,,2019,,dl_meeting
,14.72,,Keturah ORJI,05 MAR 1996,USA,3.,,Meeting de Paris,24 AUG 2019,,,2019,,dl_meeting
,14.71,,Shanieka RICKETTS,02 FEB 1992,JAM,4.,,Meeting de Paris,24 AUG 2019,,,2019,,dl_meeting
,14.59,,Ana PELETEIRO,02 DEC 1995,ESP,5.,,Meeting de Paris,24 AUG 2019,,,2019,,dl_meeting
,14.45,,Kimberly WILLIAMS,03 NOV 1988,JAM,6.,,Meeting de Paris,24 AUG 2019,,,2019,,dl_meeting
,14.30,,Olha SALADUKHA,04 JUN 1983,UKR,7.,,Meeting de Paris,24 AUG 2019,,,2019,,dl_meeting
,14.16,,Olga RYPAKOVA,30 NOV 1984,KAZ,8.,,Meeting de Paris,24 AUG 2019,,,2019,,dl_meeting
,13.90,,Paraskevi PAPACHRISTOU,17 APR 1989,GRE,9.,,Meeting de Paris,24 AUG 2019,,,2019,,dl_meeting
,13.43,,Yanis DAVID,12 DEC 1997,FRA,10.,,Meeting de Paris,24 AUG 2019,,,2019,,dl_meeting
,14.40,,Shanieka RICKETTS,02 FEB 1992,JAM,1.,,Müller Grand Prix Gateshead,23 MAY 2021,,,2021,,dl_meeting
,14.37,,Patrícia MAMONA,21 NOV 1988,POR,2.,,Müller Grand Prix Gateshead,23 MAY 2021,,,2021,,dl_meeting
,14.29,,Naomi OGBETA,18 APR 1998,GBR,3.,,Müller Grand Prix Gateshead,23 MAY 2021,,,2021,,dl_meeting
,14.15,,Kimberly WILLIAMS,03 NOV 1988,JAM,4.,,Müller Grand Prix Gateshead,23 MAY 2021,,,2021,,dl_meeting
,13.96,,Keturah ORJI,05 MAR 1996,USA,5.,,Müller Grand Prix Gateshead,23 MAY 2021,,,2021,,dl_meeting
,13.62,,Paraskevi PAPACHRISTOU,17 APR 1989,GRE,6.,,Müller Grand Prix Gateshead,23 MAY 2021,,,2021,,dl_meeting
,12.96,,Dovilė KILTY,14 JUL 1993,LTU,7.,,Müller Grand Prix Gateshead,23 MAY 2021,,,2021,,dl_meeting
,13.76,,Keturah ORJI,05 MAR 1996,USA,,,Müller Grand Prix Gateshead,23 MAY 2021,,,2021,,dl_meeting
,13.62,,Patrícia MAMONA,21 NOV 1988,POR,,,Müller Grand Prix Gateshead,23 MAY 2021,,,2021,,dl_meeting
,13.53,,Naomi OGBETA,18 APR 1998,GBR,,,Müller Grand Prix Gateshead,23 MAY 2021,,,2021,,dl_meeting
,12.93,,Dovilė KILTY,14 JUL 1993,LTU,,,Müller Grand Prix Gateshead,23 MAY 2021,,,2021,,dl_meeting
,DNS,,Olha SALADUKHA,04 JUN 1983,UKR,,,Müller Grand Prix Gateshead,23 MAY 2021,,,2021,,dl_meeting
,15.15,,Yulimar ROJAS,21 OCT 1995,VEN,1.,,Diamond League Meeting,28 MAY 2021,,,2021,,dl_meeting
,14.69,,Kimberly WILLIAMS,03 NOV 1988,JAM,2.,,Diamond League Meeting,28 MAY 2021,,,2021,,dl_meeting
,14.98,,Shanieka RICKETTS,02 FEB 1992,JAM,3.,,Diamond League Meeting,28 MAY 2021,,,2021,,dl_meeting
,14.57,,Thea LAFOND,05 APR 1994,DMA,4.,,Diamond League Meeting,28 MAY 2021,,,2021,,dl_meeting
,14.37,,Keturah ORJI,05 MAR 1996,USA,5.,,Diamond League Meeting,28 MAY 2021,,,2021,,dl_meeting
,14.04,,Olha SALADUKHA,04 JUN 1983,UKR,6.,,Diamond League Meeting,28 MAY 2021,,,2021,,dl_meeting
,13.98,,Parinya CHUAIMAROENG,16 DEC 1997,THA,7.,,Diamond League Meeting,28 MAY 2021,,,2021,,dl_meeting
,13.86,,Caterine IBARGUEN,12 FEB 1984,COL,8.,,Diamond League Meeting,28 MAY 2021,,,2021,,dl_meeting
,13.83,,Paraskevi PAPACHRISTOU,17 APR 1989,GRE,9.,,Diamond League Meeting,28 MAY 2021,,,2021,,dl_meeting
,13.58,,Olga RYPAKOVA,30 NOV 1984,KAZ,10.,,Diamond League Meeting,28 MAY 2021,,,2021,,dl_meeting
,14.18,,Thea LAFOND,05 APR 1994,DMA,,,Diamond League Meeting,28 MAY 2021,,,2021,,dl_meeting
,13.92,,Olha SALADUKHA,04 JUN 1983,UKR,,,Diamond League Meeting,28 MAY 2021,,,2021,,dl_meeting
,14.75,,Shanieka RICKETTS,02 FEB 1992,JAM,1.,,Herculis,09 JUL 2021,,,2021,,dl_meeting
,15.12,,Yulimar ROJAS,21 OCT 1995,VEN,2.,,Herculis,09 JUL 2021,,,2021,,dl_meeting
,14.66,,Patrícia MAMONA,21 NOV 1988,POR,3.,,Herculis,09 JUL 2021,,,2021,,dl_meeting
,14.57,,Ana PELETEIRO,02 DEC 1995,ESP,4.,,Herculis,09 JUL 2021,,,2021,,dl_meeting
,14.50,,Kimberly WILLIAMS,03 NOV 1988,JAM,5.,,Herculis,09 JUL 2021,,,2021,,dl_meeting
,14.34,,Senni SALMINEN,29 JAN 1996,FIN,6.,,Herculis,09 JUL 2021,,,2021,,dl_meeting
,14.25,,Paraskevi PAPACHRISTOU,17 APR 1989,GRE,7.,,Herculis,09 JUL 2021,,,2021,,dl_meeting
,14.11,,Nubia SOARES,26 MAR 1996,BRA,8.,,Herculis,09 JUL 2021,,,2021,,dl_meeting
,13.81,,Dariya DERKACH,27 MAR 1993,ITA,9.,,Herculis,09 JUL 2021,,,2021,,dl_meeting
,15.56,,Yulimar ROJAS,21 OCT 1995,VEN,1.,,Athletissima Lausanne,26 AUG 2021,,,2021,,dl_meeting
,15.02,,Shanieka RICKETTS,02 FEB 1992,JAM,2.,,Athletissima Lausanne,26 AUG 2021,,,2021,,dl_meeting
,14.47,,Hanna MINENKO,25 SEP 1989,ISR,3.,,Athletissima Lausanne,26 AUG 2021,,,2021,,dl_meeting
,14.29,,Kimberly WILLIAMS,03 NOV 1988,JAM,4.,,Athletissima Lausanne,26 AUG 2021,,,2021,,dl_meeting
,14.21,,Patrícia MAMONA,21 NOV 1988,POR,5.,,Athletissima Lausanne,26 AUG 2021,,,2021,,dl_meeting
,14.14,,Thea LAFOND,05 APR 1994,DMA,6.,,Athletissima Lausanne,26 AUG 2021,,,2021,,dl_meeting
,14.06,,Liadagmis POVEA,06 FEB 1996,CUB,7.,,Athletissima Lausanne,26 AUG 2021,,,2021,,dl_meeting
,13.93,,Kristiina MÄKELÄ,20 NOV 1992,FIN,8.,,Athletissima Lausanne,26 AUG 2021,,,2021,,dl_meeting
,15.52,,Yulimar ROJAS,21 OCT 1995,VEN,,,Athletissima Lausanne,26 AUG 2021,,,2021,,dl_meeting
,14.82,,Shanieka RICKETTS,02 FEB 1992,JAM,,,Athletissima Lausanne,26 AUG 2021,,,2021,,dl_meeting
,NM,,Senni SALMINEN,29 JAN 1996,FIN,,,Athletissima Lausanne,26 AUG 2021,,,2021,,dl_meeting
,14.82,,Shanieka RICKETTS,02 FEB 1992,JAM,1.,,Ooredoo Doha Meeting,13 MAY 2022,,,2022,,dl_meeting
,14.73,,Maryna BEKH-ROMANCHUK,18 JUL 1995,UKR,2.,,Ooredoo Doha Meeting,13 MAY 2022,,,2022,,dl_meeting
,14.46,,Thea LAFOND,05 APR 1994,DMA,3.,,Ooredoo Doha Meeting,13 MAY 2022,,,2022,,dl_meeting
,14.43,,Neja FILIPIČ,22 APR 1995,SLO,4.,,Ooredoo Doha Meeting,13 MAY 2022,,,2022,,dl_meeting
,14.40,,Patrícia MAMONA,21 NOV 1988,POR,5.,,Ooredoo Doha Meeting,13 MAY 2022,,,2022,,dl_meeting
,14.28,,Kimberly WILLIAMS,03 NOV 1988,JAM,6.,,Ooredoo Doha Meeting,13 MAY 2022,,,2022,,dl_meeting
,14.24,,Naomi METZGER,18 APR 1998,GBR,7.,,Ooredoo Doha Meeting,13 MAY 2022,,,2022,,dl_meeting
,13.64,,Paola BOROVIĆ,26 JUN 1995,CRO,8.,,Ooredoo Doha Meeting,13 MAY 2022,,,2022,,dl_meeting
,DQ,,Ana Lucia JOSE TIMA,10 OCT 1989,DOM, - ,,Ooredoo Doha Meeting,13 MAY 2022,,,2022,,dl_meeting
,14.46,,Thea LAFOND,05 APR 1994,DMA,1.,,Meeting International Mohammed VI d'Athletisme de Rabat,05 JUN 2022,,,2022,,dl_meeting
,14.43,,Shanieka RICKETTS,02 FEB 1992,JAM,2.,,Meeting International Mohammed VI d'Athletisme de Rabat,05 JUN 2022,,,2022,,dl_meeting
,14.42,,Neja FILIPIČ,22 APR 1995,SLO,3.,,Meeting International Mohammed VI d'Athletisme de Rabat,05 JUN 2022,,,2022,,dl_meeting
,14.35,,Patrícia MAMONA,21 NOV 1988,POR,4.,,Meeting International Mohammed VI d'Athletisme de Rabat,05 JUN 2022,,,2022,,dl_meeting
,14.27,,Liadagmis POVEA,06 FEB 1996,CUB,5.,,Meeting International Mohammed VI d'Athletisme de Rabat,05 JUN 2022,,,2022,,dl_meeting
,14.20,,Leyanis PÉREZ HERNÁNDEZ,10 JAN 2002,CUB,6.,,Meeting International Mohammed VI d'Athletisme de Rabat,05 JUN 2022,,,2022,,dl_meeting
,13.81,,Hanna MINENKO,25 SEP 1989,ISR,7.,,Meeting International Mohammed VI d'Athletisme de Rabat,05 JUN 2022,,,2022,,dl_meeting
,DQ,,Ana Lucia JOSE TIMA,10 OCT 1989,DOM, - ,,Meeting International Mohammed VI d'Athletisme de Rabat,05 JUN 2022,,,2022,,dl_meeting
,15.01,,Yulimar ROJAS,21 OCT 1995,VEN,1.,,Herculis Meeting International d’Athlétisme EBS,10 AUG 2022,,,2022,,dl_meeting
,14.91,,Shanieka RICKETTS,02 FEB 1992,JAM,2.,,Herculis Meeting International d’Athlétisme EBS,10 AUG 2022,,,2022,,dl_meeting
,14.86,,Tori FRANKLIN,07 OCT 1992,USA,3.,,Herculis Meeting International d’Athlétisme EBS,10 AUG 2022,,,2022,,dl_meeting
,14.59,,Maryna BEKH-ROMANCHUK,18 JUL 1995,UKR,4.,,Herculis Meeting International d’Athlétisme EBS,10 AUG 2022,,,2022,,dl_meeting
,14.56,,Keturah ORJI,05 MAR 1996,USA,5.,,Herculis Meeting International d’Athlétisme EBS,10 AUG 2022,,,2022,,dl_meeting
,14.45,,Thea LAFOND,05 APR 1994,DMA,6.,,Herculis Meeting International d’Athlétisme EBS,10 AUG 2022,,,2022,,dl_meeting
,14.37,,Leyanis PÉREZ HERNÁNDEZ,10 JAN 2002,CUB,7.,,Herculis Meeting International d’Athlétisme EBS,10 AUG 2022,,,2022,,dl_meeting
,14.23,,Patrícia MAMONA,21 NOV 1988,POR,8.,,Herculis Meeting International d’Athlétisme EBS,10 AUG 2022,,,2022,,dl_meeting
,15.31,,Yulimar ROJAS,21 OCT 1995,VEN,1.,,Athletissima Lausanne,26 AUG 2022,,,2022,,dl_meeting
,14.64,,Shanieka RICKETTS,02 FEB 1992,JAM,2.,,Athletissima Lausanne,26 AUG 2022,,,2022,,dl_meeting
,14.31,,Maryna BEKH-ROMANCHUK,18 JUL 1995,UKR,3.,,Athletissima Lausanne,26 AUG 2022,,,2022,,dl_meeting
,14.22,,Patrícia MAMONA,21 NOV 1988,POR,4.,,Athletissima Lausanne,26 AUG 2022,,,2022,,dl_meeting
,14.21,,Tori FRANKLIN,07 OCT 1992,USA,5.,,Athletissima Lausanne,26 AUG 2022,,,2022,,dl_meeting
,14.12,,Kimberly WILLIAMS,03 NOV 1988,JAM,6.,,Athletissima Lausanne,26 AUG 2022,,,2022,,dl_meeting
,13.99,,Kristiina MÄKELÄ,20 NOV 1992,FIN,7.,,Athletissima Lausanne,26 AUG 2022,,,2022,,dl_meeting
,13.98,,Hanna MINENKO,25 SEP 1989,ISR,8.,,Athletissima Lausanne,26 AUG 2022,,,2022,,dl_meeting
,13.85,,Thea LAFOND,05 APR 1994,DMA,9.,,Athletissima Lausanne,26 AUG 2022,,,2022,,dl_meeting
,14.84,,Leyanis PÉREZ HERNÁNDEZ,10 JAN 2002,CUB,1.,,Meeting International Mohammed VI d'Athletisme de Rabat,28 MAY 2023,,,2023,,dl_meeting
,14.65,,Maryna BEKH-ROMANCHUK,18 JUL 1995,UKR,2.,,Meeting International Mohammed VI d'Athletisme de Rabat,28 MAY 2023,,,2023,,dl_meeting
,14.53,,Shanieka RICKETTS,02 FEB 1992,JAM,3.,,Meeting International Mohammed VI d'Athletisme de Rabat,28 MAY 2023,,,2023,,dl_meeting
,14.27,,Liadagmis POVEA,06 FEB 1996,CUB,4.,,Meeting International Mohammed VI d'Athletisme de Rabat,28 MAY 2023,,,2023,,dl_meeting
,14.22,,Tori FRANKLIN,07 OCT 1992,USA,5.,,Meeting International Mohammed VI d'Athletisme de Rabat,28 MAY 2023,,,2023,,dl_meeting
,14.18,,Thea LAFOND,05 APR 1994,DMA,6.,,Meeting International Mohammed VI d'Athletisme de Rabat,28 MAY 2023,,,2023,,dl_meeting
,13.90,,Keturah ORJI,05 MAR 1996,USA,7.,,Meeting International Mohammed VI d'Athletisme de Rabat,28 MAY 2023,,,2023,,dl_meeting
,13.67,,Kristiina MÄKELÄ,20 NOV 1992,FIN,8.,,Meeting International Mohammed VI d'Athletisme de Rabat,28 MAY 2023,,,2023,,dl_meeting
,13.04,,Kimberly WILLIAMS,03 NOV 1988,JAM,9.,,Meeting International Mohammed VI d'Athletisme de Rabat,28 MAY 2023,,,2023,,dl_meeting
,NM,,Hanna MINENKO,25 SEP 1989,ISR,,,Meeting International Mohammed VI d'Athletisme de Rabat,28 MAY 2023,,,2023,,dl_meeting
,14.91,,Yulimar ROJAS,21 OCT 1995,VEN,1.,,Oslo Bislett Games,15 JUN 2023,,,2023,,dl_meeting
,14.87,,Leyanis PÉREZ HERNÁNDEZ,10 JAN 2002,CUB,2.,,Oslo Bislett Games,15 JUN 2023,,,2023,,dl_meeting
,14.75,,Maryna BEKH-ROMANCHUK,18 JUL 1995,UKR,3.,,Oslo Bislett Games,15 JUN 2023,,,2023,,dl_meeting
,14.33,,Shanieka RICKETTS,02 FEB 1992,JAM,4.,,Oslo Bislett Games,15 JUN 2023,,,2023,,dl_meeting
,14.21,,Thea LAFOND,05 APR 1994,DMA,5.,,Oslo Bislett Games,15 JUN 2023,,,2023,,dl_meeting
,14.16,,Tori FRANKLIN,07 OCT 1992,USA,6.,,Oslo Bislett Games,15 JUN 2023,,,2023,,dl_meeting
,14.15,,Keturah ORJI,05 MAR 1996,USA,7.,,Oslo Bislett Games,15 JUN 2023,,,2023,,dl_meeting
,13.73,,Maja ÅSKAG,18 DEC 2002,SWE,8.,,Oslo Bislett Games,15 JUN 2023,,,2023,,dl_meeting
,14.86,,Yulimar ROJAS,21 OCT 1995,VEN,,,Oslo Bislett Games,15 JUN 2023,,,2023,,dl_meeting
,15.18,,Yulimar ROJAS,21 OCT 1995,VEN,1.,,Silesia Kamila Skolimowska Memorial,16 JUL 2023,,,2023,,dl_meeting
,14.70,,Maryna BEKH-ROMANCHUK,18 JUL 1995,UKR,2.,,Silesia Kamila Skolimowska Memorial,16 JUL 2023,,,2023,,dl_meeting
,14.67,,Leyanis PÉREZ HERNÁNDEZ,10 JAN 2002,CUB,3.,,Silesia Kamila Skolimowska Memorial,16 JUL 2023,,,2023,,dl_meeting
,14.62,,Liadagmis POVEA,06 FEB 1996,CUB,4.,,Silesia Kamila Skolimowska Memorial,16 JUL 2023,,,2023,,dl_meeting
,14.56,,Shanieka RICKETTS,02 FEB 1992,JAM,5.,,Silesia Kamila Skolimowska Memorial,16 JUL 2023,,,2023,,dl_meeting
,14.43,,Thea LAFOND,05 APR 1994,DMA,6.,,Silesia Kamila Skolimowska Memorial,16 JUL 2023,,,2023,,dl_meeting
,14.06,,Keturah ORJI,05 MAR 1996,USA,7.,,Silesia Kamila Skolimowska Memorial,16 JUL 2023,,,2023,,dl_meeting
,13.49,,Tori FRANKLIN,07 OCT 1992,USA,8.,,Silesia Kamila Skolimowska Memorial,16 JUL 2023,,,2023,,dl_meeting
,15.15,,Yulimar ROJAS,21 OCT 1995,VEN,1.,,Weltklasse Zürich,31 AUG 2023,,,2023,,dl_meeting
,14.78,,Shanieka RICKETTS,02 FEB 1992,JAM,2.,,Weltklasse Zürich,31 AUG 2023,,,2023,,dl_meeting
,14.73,,Liadagmis POVEA,06 FEB 1996,CUB,3.,,Weltklasse Zürich,31 AUG 2023,,,2023,,dl_meeting
,14.62,,Leyanis PÉREZ HERNÁNDEZ,10 JAN 2002,CUB,4.,,Weltklasse Zürich,31 AUG 2023,,,2023,,dl_meeting
,14.42,,Thea LAFOND,05 APR 1994,DMA,5.,,Weltklasse Zürich,31 AUG 2023,,,2023,,dl_meeting
,14.37,,Maryna BEKH-ROMANCHUK,18 JUL 1995,UKR,6.,,Weltklasse Zürich,31 AUG 2023,,,2023,,dl_meeting
,14.18,,Dariya DERKACH,27 MAR 1993,ITA,7.,,Weltklasse Zürich,31 AUG 2023,,,2023,,dl_meeting
,14.11,,Ottavia CESTONARO,12 JAN 1995,ITA,8.,,Weltklasse Zürich,31 AUG 2023,,,2023,,dl_meeting
,13.75,,Kimberly WILLIAMS,03 NOV 1988,JAM,9.,,Weltklasse Zürich,31 AUG 2023,,,2023,,dl_meeting
,13.55,,Keturah ORJI,05 MAR 1996,USA,10.,,Weltklasse Zürich,31 AUG 2023,,,2023,,dl_meeting
,15.01,,Shanieka RICKETTS,02 FEB 1992,JAM,1.,,Memorial van Damme,08 SEP 2023,,,2023,,dl_meeting
,14.57,,Maryna BEKH-ROMANCHUK,18 JUL 1995,UKR,2.,,Memorial van Damme,08 SEP 2023,,,2023,,dl_meeting
,14.49,,Thea LAFOND,05 APR 1994,DMA,3.,,Memorial van Damme,08 SEP 2023,,,2023,,dl_meeting
,14.17,,Dariya DERKACH,27 MAR 1993,ITA,4.,,Memorial van Damme,08 SEP 2023,,,2023,,dl_meeting
,13.96,,Kimberly WILLIAMS,03 NOV 1988,JAM,5.,,Memorial van Damme,08 SEP 2023,,,2023,,dl_meeting
,13.76,,Ottavia CESTONARO,12 JAN 1995,ITA,6.,,Memorial van Damme,08 SEP 2023,,,2023,,dl_meeting
,13.44,,Dovilė KILTY,14 JUL 1993,LTU,7.,,Memorial van Damme,08 SEP 2023,,,2023,,dl_meeting
,13.26,,Diana ZAGAINOVA,20 JUN 1997,LTU,8.,,Memorial van Damme,08 SEP 2023,,,2023,,dl_meeting
,14.73,,Leyanis PÉREZ HERNÁNDEZ,10 JAN 2002,CUB,1.,,Prefontaine Classic,25 MAY 2024,,,2024,,dl_meeting
,14.62,,Thea LAFOND,05 APR 1994,DMA,2.,,Prefontaine Classic,25 MAY 2024,,,2024,,dl_meeting
,14.55,,Shanieka RICKETTS,02 FEB 1992,JAM,3.,,Prefontaine Classic,25 MAY 2024,,,2024,,dl_meeting
,14.13,,Keturah ORJI,05 MAR 1996,USA,4.,,Prefontaine Classic,25 MAY 2024,,,2024,,dl_meeting
,13.97,,Tori FRANKLIN,07 OCT 1992,USA,5.,,Prefontaine Classic,25 MAY 2024,,,2024,,dl_meeting
,13.93,,Jasmine MOORE,01 MAY 2001,USA,6.,,Prefontaine Classic,25 MAY 2024,,,2024,,dl_meeting
,13.74,,Kimberly WILLIAMS,03 NOV 1988,JAM,7.,,Prefontaine Classic,25 MAY 2024,,,2024,,dl_meeting
,14.56,,Leyanis PÉREZ HERNÁNDEZ,10 JAN 2002,CUB,,,Prefontaine Classic,25 MAY 2024,,,2024,,dl_meeting
,14.67,,Leyanis PÉREZ HERNÁNDEZ,10 JAN 2002,CUB,1.,,BAUHAUS-Galan,02 JUN 2024,,,2024,,dl_meeting
,14.40,,Shanieka RICKETTS,02 FEB 1992,JAM,2.,,BAUHAUS-Galan,02 JUN 2024,,,2024,,dl_meeting
,14.26,,Thea LAFOND,05 APR 1994,DMA,3.,,BAUHAUS-Galan,02 JUN 2024,,,2024,,dl_meeting
,13.95,,Tuğba DANIŞMAZ,01 SEP 1999,TUR,4.,,BAUHAUS-Galan,02 JUN 2024,,,2024,,dl_meeting
,13.78,,Maja ÅSKAG,18 DEC 2002,SWE,5.,,BAUHAUS-Galan,02 JUN 2024,,,2024,,dl_meeting
,13.75,,Keturah ORJI,05 MAR 1996,USA,6.,,BAUHAUS-Galan,02 JUN 2024,,,2024,,dl_meeting
,13.74,,Neja FILIPIČ,22 APR 1995,SLO,7.,,BAUHAUS-Galan,02 JUN 2024,,,2024,,dl_meeting
,13.55,,Emilia SJÖSTRAND,16 MAR 2002,SWE,8.,,BAUHAUS-Galan,02 JUN 2024,,,2024,,dl_meeting
,13.48,,Kimberly WILLIAMS,03 NOV 1988,JAM,9.,,BAUHAUS-Galan,02 JUN 2024,,,2024,,dl_meeting
,14.96,,Leyanis PÉREZ HERNÁNDEZ,10 JAN 2002,CUB,1.,,Meeting International d’Athlétisme Herculis EBS,12 JUL 2024,,,2024,,dl_meeting
,14.87,,Thea LAFOND,05 APR 1994,DMA,2.,,Meeting International d’Athlétisme Herculis EBS,12 JUL 2024,,,2024,,dl_meeting
,14.81,,Maryna BEKH-ROMANCHUK,18 JUL 1995,UKR,3.,,Meeting International d’Athlétisme Herculis EBS,12 JUL 2024,,,2024,,dl_meeting
,14.67,,Shanieka RICKETTS,02 FEB 1992,JAM,4.,,Meeting International d’Athlétisme Herculis EBS,12 JUL 2024,,,2024,,dl_meeting
,14.30,,Ackelia SMITH,05 FEB 2002,JAM,5.,,Meeting International d’Athlétisme Herculis EBS,12 JUL 2024,,,2024,,dl_meeting
,14.27,,Liadagmis POVEA,06 FEB 1996,CUB,6.,,Meeting International d’Athlétisme Herculis EBS,12 JUL 2024,,,2024,,dl_meeting
,14.26,,Neja FILIPIČ,22 APR 1995,SLO,7.,,Meeting International d’Athlétisme Herculis EBS,12 JUL 2024,,,2024,,dl_meeting
,14.21,,Ana PELETEIRO-COMPAORÉ,02 DEC 1995,ESP,8.,,Meeting International d’Athlétisme Herculis EBS,12 JUL 2024,,,2024,,dl_meeting
,13.84,,Ilionis GUILLAUME,13 JAN 1998,FRA,9.,,Meeting International d’Athlétisme Herculis EBS,12 JUL 2024,,,2024,,dl_meeting
,14.50,,Shanieka RICKETTS,02 FEB 1992,JAM,1.,,Silesia Kamila Skolimowska Memorial,25 AUG 2024,,,2024,,dl_meeting
,14.42,,Leyanis PÉREZ HERNÁNDEZ,10 JAN 2002,CUB,2.,,Silesia Kamila Skolimowska Memorial,25 AUG 2024,,,2024,,dl_meeting
,14.02,,Dariya DERKACH,27 MAR 1993,ITA,3.,,Silesia Kamila Skolimowska Memorial,25 AUG 2024,,,2024,,dl_meeting
,13.84,,Jasmine MOORE,01 MAY 2001,USA,4.,,Silesia Kamila Skolimowska Memorial,25 AUG 2024,,,2024,,dl_meeting
,13.78,,Ackelia SMITH,05 FEB 2002,JAM,5.,,Silesia Kamila Skolimowska Memorial,25 AUG 2024,,,2024,,dl_meeting
,13.58,,Saly SARR,14 OCT 2002,SEN,6.,,Silesia Kamila Skolimowska Memorial,25 AUG 2024,,,2024,,dl_meeting
,13.43,,Ilionis GUILLAUME,13 JAN 1998,FRA,7.,,Silesia Kamila Skolimowska Memorial,25 AUG 2024,,,2024,,dl_meeting
,13.33,,Liadagmis POVEA,06 FEB 1996,CUB,8.,,Silesia Kamila Skolimowska Memorial,25 AUG 2024,,,2024,,dl_meeting
,14.72,,Shanieka RICKETTS,02 FEB 1992,JAM,1.,,Doha Meeting,16 MAY 2025,,,2025,,dl_meeting
,14.39,,Thea LAFOND,05 APR 1994,DMA,2.,,Doha Meeting,16 MAY 2025,,,2025,,dl_meeting
,14.20,,Ilionis GUILLAUME,13 JAN 1998,FRA,3.,,Doha Meeting,16 MAY 2025,,,2025,,dl_meeting
,14.03,,Tuğba DANIŞMAZ,01 SEP 1999,TUR,4.,,Doha Meeting,16 MAY 2025,,,2025,,dl_meeting
,14.02,,Neja FILIPIČ,22 APR 1995,SLO,5.,,Doha Meeting,16 MAY 2025,,,2025,,dl_meeting
,13.90,,Senni SALMINEN,29 JAN 1996,FIN,6.,,Doha Meeting,16 MAY 2025,,,2025,,dl_meeting
,13.76,,Ivana ŠPANOVIĆ,10 MAY 1990,SRB,7.,,Doha Meeting,16 MAY 2025,,,2025,,dl_meeting
,13.72,,Diana Ana Maria ION,27 NOV 2000,ROU,8.,,Doha Meeting,16 MAY 2025,,,2025,,dl_meeting
,13.60,,Dovilė KILTY,14 JUL 1993,LTU,9.,,Doha Meeting,16 MAY 2025,,,2025,,dl_meeting
,14.30,,Shanieka RICKETTS,02 FEB 1992,JAM,,,Doha Meeting,16 MAY 2025,,,2025,,dl_meeting
,13.83,,Neja FILIPIČ,22 APR 1995,SLO,,,Doha Meeting,16 MAY 2025,,,2025,,dl_meeting
,13.56,,Diana Ana Maria ION,27 NOV 2000,ROU,,,Doha Meeting,16 MAY 2025,,,2025,,dl_meeting
,13.56,,Senni SALMINEN,29 JAN 1996,FIN,,,Doha Meeting,16 MAY 2025,,,2025,,dl_meeting
,14.64,,Shanieka RICKETTS,02 FEB 1992,JAM,1.,,Golden Gala,06 JUN 2025,,,2025,,dl_meeting
,14.46,,Leyanis PÉREZ HERNÁNDEZ,10 JAN 2002,CUB,2.,,Golden Gala,06 JUN 2025,,,2025,,dl_meeting
,14.30,,Thea LAFOND,05 APR 1994,DMA,3.,,Golden Gala,06 JUN 2025,,,2025,,dl_meeting
,14.17,,Liadagmis POVEA,06 FEB 1996,CUB,4.,,Golden Gala,06 JUN 2025,,,2025,,dl_meeting
,14.15,,Jasmine MOORE,01 MAY 2001,USA,5.,,Golden Gala,06 JUN 2025,,,2025,,dl_meeting
,13.84,,Neja FILIPIČ,22 APR 1995,SLO,6.,,Golden Gala,06 JUN 2025,,,2025,,dl_meeting
,13.76,,Diana Ana Maria ION,27 NOV 2000,ROU,7.,,Golden Gala,06 JUN 2025,,,2025,,dl_meeting
,13.59,,Ilionis GUILLAUME,13 JAN 1998,FRA,8.,,Golden Gala,06 JUN 2025,,,2025,,dl_meeting
,13.04,,Ana PELETEIRO-COMPAORÉ,02 DEC 1995,ESP,9.,,Golden Gala,06 JUN 2025,,,2025,,dl_meeting
,14.72,,Leyanis PÉREZ HERNÁNDEZ,10 JAN 2002,CUB,1.,,Oslo Bislett Games,12 JUN 2025,,,2025,,dl_meeting
,14.57,,Shanieka RICKETTS,02 FEB 1992,JAM,2.,,Oslo Bislett Games,12 JUN 2025,,,2025,,dl_meeting
,14.41,,Jasmine MOORE,01 MAY 2001,USA,3.,,Oslo Bislett Games,12 JUN 2025,,,2025,,dl_meeting
,14.31,,Liadagmis POVEA,06 FEB 1996,CUB,4.,,Oslo Bislett Games,12 JUN 2025,,,2025,,dl_meeting
,14.26,,Thea LAFOND,05 APR 1994,DMA,5.,,Oslo Bislett Games,12 JUN 2025,,,2025,,dl_meeting
,14.26,,Ackelia SMITH,05 FEB 2002,JAM,6.,,Oslo Bislett Games,12 JUN 2025,,,2025,,dl_meeting
,13.77,,Maja ÅSKAG,18 DEC 2002,SWE,7.,,Oslo Bislett Games,12 JUN 2025,,,2025,,dl_meeting
,13.71,,Ana PELETEIRO-COMPAORÉ,02 DEC 1995,ESP,8.,,Oslo Bislett Games,12 JUN 2025,,,2025,,dl_meeting
,14.78,,Leyanis PÉREZ HERNÁNDEZ,10 JAN 2002,CUB,1.,,Memorial van Damme,22 AUG 2025,,,2025,,dl_meeting
,14.72,,Davisleydi VELAZCO,04 SEP 1999,CUB,2.,,Memorial van Damme,22 AUG 2025,,,2025,,dl_meeting
,14.38,,Jasmine MOORE,01 MAY 2001,USA,3.,,Memorial van Damme,22 AUG 2025,,,2025,,dl_meeting
,14.29,,Shanieka RICKETTS,02 FEB 1992,JAM,4.,,Memorial van Damme,22 AUG 2025,,,2025,,dl_meeting
,14.28,,Liadagmis POVEA,06 FEB 1996,CUB,5.,,Memorial van Damme,22 AUG 2025,,,2025,,dl_meeting
,14.15,,Thea LAFOND,05 APR 1994,DMA,6.,,Memorial van Damme,22 AUG 2025,,,2025,,dl_meeting
,13.97,,Ackelia SMITH,05 FEB 2002,JAM,7.,,Memorial van Damme,22 AUG 2025,,,2025,,dl_meeting
,13.79,,Ilona MASSON,31 AUG 2001,BEL,8.,,Memorial van Damme,22 AUG 2025,,,2025,,dl_meeting
,13.75,,Neja FILIPIČ,22 APR 1995,SLO,9.,,Memorial van Damme,22 AUG 2025,,,2025,,dl_meeting
1.0,15.39,0.5,Francoise MBANGO ETONE,14 APR 1976,CMR,1,,"National Stadium, Beijing (CHN)",17 AUG 2008,1260.0,women_TJ,2008,https://worldathletics.org/athletes/athlete=14264112,toplist
2.0,15.20,1.3,Yargelis SAVIGNE,13 NOV 1984,CUB,1,,Rethymno (GRE),14 JUL 2008,1241.0,women_TJ,2008,https://worldathletics.org/athletes/athlete=14263384,toplist
3.0,15.11,0.3,Olga RYPAKOVA,30 NOV 1984,KAZ,2,,"National Stadium, Beijing (CHN)",17 AUG 2008,1232.0,women_TJ,2008,https://worldathletics.org/athletes/athlete=14288693,toplist
4.0,15.08,,Marija ŠESTAK,17 APR 1979,SLO,1,,Athina (GRE) (i),13 FEB 2008,1228.0,women_TJ,2008,https://worldathletics.org/athletes/athlete=14300186,toplist
5.0,14.94,,Oksana UDMURTOVA,01 FEB 1982,RUS,1,,Tartu (EST) (i),20 FEB 2008,1214.0,women_TJ,2008,https://worldathletics.org/athletes/athlete=14299633,toplist
6.0,14.92,0.2,Tatyana LEBEDEVA,21 JUL 1976,RUS,1,,Kazan (RUS),19 JUL 2008,1212.0,women_TJ,2008,https://worldathletics.org/athletes/athlete=14298427,toplist
7.0,14.91,0.3,Anna PYATYKH,04 APR 1981,RUS,1,,Rieti (ITA),07 SEP 2008,1211.0,women_TJ,2008,https://worldathletics.org/athletes/athlete=14299042,toplist
8.0,14.85,1.2,Viktoriya GUROVA,22 MAY 1982,RUS,3,,Kazan (RUS),19 JUL 2008,1205.0,women_TJ,2008,https://worldathletics.org/athletes/athlete=14297891,toplist
9.0,14.84,0.0,Olha SALADUKHA,04 JUN 1983,UKR,1,,Kyiv (UKR),03 JUL 2008,1204.0,women_TJ,2008,https://worldathletics.org/athletes/athlete=14304115,toplist
10.0,14.78,,Adelina GAVRILĂ,26 NOV 1978,ROU,1,,Bucureşti (ROU) (i),02 FEB 2008,1197.0,women_TJ,2008,https://worldathletics.org/athletes/athlete=14295619,toplist
11.0,14.59,,Yekaterina KAYUKOVA-CHERNENKO,09 OCT 1986,RUS,1,,Chelyabinsk (RUS),29 JUN 2008,1178.0,women_TJ,2008,https://worldathletics.org/athletes/athlete=14298053,toplist
12.0,14.54,,Olesya IVANENKO,06 OCT 1982,RUS,1f,,Krasnodar (RUS) (i),15 JAN 2008,1173.0,women_TJ,2008,https://worldathletics.org/athletes/athlete=14297458,toplist
13.0,14.53,,Teresa NZOLA MESO,30 NOV 1983,FRA,2,,Athina (GRE) (i),13 FEB 2008,1172.0,women_TJ,2008,https://worldathletics.org/athletes/athlete=14273352,toplist
14.0,14.51,1.3,Dana VELĎÁKOVÁ,03 JUN 1981,SVK,1,,Pavia (ITA),11 MAY 2008,1170.0,women_TJ,2008,https://worldathletics.org/athletes/athlete=14301624,toplist
14.0,14.51,0.8,Yamilé ALDAMA,14 AUG 1972,SUD,4,,Rethymno (GRE),14 JUL 2008,1170.0,women_TJ,2008,https://worldathletics.org/athletes/athlete=14300566,toplist
16.0,14.49,1.4,Biljana TOPIĆ,17 OCT 1977,SRB,3,,Padova (ITA),31 AUG 2008,1168.0,women_TJ,2008,https://worldathletics.org/athletes/athlete=14300387,toplist
17.0,14.43,0.5,Nadezhda ALYOKHINA,22 SEP 1978,RUS,q,,Kazan (RUS),17 JUL 2008,1161.0,women_TJ,2008,https://worldathletics.org/athletes/athlete=14297338,toplist
18.0,14.42,0.1,Magdelín MARTÍNEZ,10 FEB 1976,ITA,4,,Torino (ITA),06 JUN 2008,1160.0,women_TJ,2008,https://worldathletics.org/athletes/athlete=14284759,toplist
19.0,14.41,1.9,Mabel GAY,05 MAY 1983,CUB,1,,Cali (COL),12 JUL 2008,1159.0,women_TJ,2008,https://worldathletics.org/athletes/athlete=14263558,toplist
20.0,14.39,0.0,Limei XIE,27 JUN 1986,CHN,1,,Beijing (CHN),25 MAY 2008,1157.0,women_TJ,2008,https://worldathletics.org/athletes/athlete=14264849,toplist
21.0,14.38,1.4,Shani MARKS,24 AUG 1980,USA,1,,"Eugene, OR (USA)",29 JUN 2008,1156.0,women_TJ,2008,https://worldathletics.org/athletes/athlete=14316037,toplist
22.0,14.36,1.3,Anastasiya POTAPOVA,06 SEP 1985,RUS,1,,Sochi (RUS),27 MAY 2008,1154.0,women_TJ,2008,https://worldathletics.org/athletes/athlete=14299520,toplist
23.0,14.33,-0.5,Yelena PARFENOVA,26 JAN 1974,KAZ,1,,Almaty (KAZ),07 JUN 2008,1154.0,women_TJ,2008,https://worldathletics.org/athletes/athlete=14288679,toplist
23.0,14.33,0.0,Irina EKTOVA,08 JAN 1987,KAZ,1,,Bangkok (THA),23 JUN 2008,1151.0,women_TJ,2008,https://worldathletics.org/athletes/athlete=14288653,toplist
25.0,14.32,,Natalya ALEKSEYEVA,28 NOV 1986,RUS,2,,Chelyabinsk (RUS),29 JUN 2008,1150.0,women_TJ,2008,https://worldathletics.org/athletes/athlete=14298366,toplist
26.0,14.31,1.4,Yarianna MARTÍNEZ,20 SEP 1984,CUB,2,,Cali (COL),12 JUL 2008,1149.0,women_TJ,2008,https://worldathletics.org/athletes/athlete=14263491,toplist
27.0,14.29,0.7,Carolina KLÜFT,02 FEB 1983,SWE,1,,Växjö (SWE),08 JUN 2008,1147.0,women_TJ,2008,https://worldathletics.org/athletes/athlete=14302090,toplist
27.0,14.29,0.4,Carlota CASTREJANA,25 APR 1973,ESP,1,,Alcalá de Henáres (ESP),13 JUL 2008,1147.0,women_TJ,2008,https://worldathletics.org/athletes/athlete=14261845,toplist
29.0,14.28,,Alsu MURTAZINA,12 DEC 1987,RUS,1,,Penza (RUS) (i),02 MAR 2008,1146.0,women_TJ,2008,https://worldathletics.org/athletes/athlete=14298683,toplist
29.0,14.28,-0.9,Gisele LIMA DE OLIVEIRA,01 AUG 1980,BRA,1,,São Paulo (BRA),16 APR 2008,1151.0,women_TJ,2008,https://worldathletics.org/athletes/athlete=14268998,toplist
31.0,14.26,,Kaire LEIBAK,21 MAY 1988,EST,1,,Tartu (EST) (i),09 FEB 2008,1144.0,women_TJ,2008,https://worldathletics.org/athletes/athlete=14260106,toplist
31.0,14.26,-0.2,Svitlana MAMYEYEVA,19 APR 1982,UKR,2,,Kyiv (UKR),03 JUL 2008,1145.0,women_TJ,2008,https://worldathletics.org/athletes/athlete=14303876,toplist
33.0,14.25,0.5,Dailenys ALCÁNTARA,10 AUG 1991,CUB,1,,"Zdzisław Krzyszkowiak Stadium, Bydgoszcz (POL)",10 JUL 2008,1143.0,women_TJ,2008,https://worldathletics.org/athletes/athlete=14263704,toplist
34.0,14.24,,Athanasia PERRA,02 FEB 1983,GRE,1,,Athina (GRE) (i),26 JAN 2008,1142.0,women_TJ,2008,https://worldathletics.org/athletes/athlete=14280861,toplist
34.0,14.24,0.0,Liliya KULIK,27 JAN 1987,UKR,3,,Kyiv (UKR),03 JUL 2008,1142.0,women_TJ,2008,https://worldathletics.org/athletes/athlete=14303800,toplist
34.0,14.24,0.0,Gita DODOVA,02 MAY 1982,BUL,,,Argos Orestiko (GRE),19 JUL 2008,1142.0,women_TJ,2008,https://worldathletics.org/athletes/athlete=14268721,toplist
37.0,14.20,,Erica MCLAIN,24 JAN 1986,USA,1,,"Fayetteville, AR (USA) (i)",15 MAR 2008,1138.0,women_TJ,2008,https://worldathletics.org/athletes/athlete=14316668,toplist
37.0,14.20,0.0,Oleksandra STADNYUK-SHISHLYUK,16 APR 1980,UKR,1,,Yalta (UKR),08 JUN 2008,1138.0,women_TJ,2008,https://worldathletics.org/athletes/athlete=14304230,toplist
39.0,14.18,0.3,Trecia Kaye SMITH,05 NOV 1975,JAM,5q2,,"National Stadium, Beijing (CHN)",15 AUG 2008,1136.0,women_TJ,2008,https://worldathletics.org/athletes/athlete=14285924,toplist
40.0,14.17,0.4,Shakeema WALKER-WELSCH,10 NOV 1976,USA,2,,Alcalá de Henáres (ESP),13 JUL 2008,1135.0,women_TJ,2008,https://worldathletics.org/athletes/athlete=14323545,toplist
41.0,14.16,0.7,Natallia SAFRONAVA,11 APR 1974,BLR,5,,"Parc des Sports, Annecy (FRA)",21 JUN 2008,1134.0,women_TJ,2008,https://worldathletics.org/athletes/athlete=14269651,toplist
41.0,14.16,0.5,Martina DARMOVZALOVÁ-ŠESTÁKOVÁ,12 OCT 1978,CZE,1,,Tábor (CZE),05 JUL 2008,1134.0,women_TJ,2008,https://worldathletics.org/athletes/athlete=14263176,toplist
43.0,14.15,-0.2,Tingting XU,12 JUL 1989,CHN,1,,Shijiazhuang (CHN),12 OCT 2008,1134.0,women_TJ,2008,https://worldathletics.org/athletes/athlete=14264774,toplist
44.0,14.14,0.5,Chinoye OHADUGHA,24 MAR 1986,NGR,3,,Addis Ababa (ETH),04 MAY 2008,1132.0,women_TJ,2008,https://worldathletics.org/athletes/athlete=14292476,toplist
44.0,14.14,1.9,Yelena IVANOVA,16 MAR 1979,RUS,2,,Sochi (RUS),27 MAY 2008,1132.0,women_TJ,2008,https://worldathletics.org/athletes/athlete=14297969,toplist
46.0,14.13,0.2,Baya RAHOULI,27 JUL 1979,ALG,1,,Castres (FRA),15 JUL 2008,1131.0,women_TJ,2008,https://worldathletics.org/athletes/athlete=14272772,toplist
47.0,14.10,-0.5,Petya DACHEVA,10 MAR 1985,BUL,1f1,,Plovdiv (BUL),01 JUN 2008,1131.0,women_TJ,2008,https://worldathletics.org/athletes/athlete=14268743,toplist
47.0,14.10,0.0,Irene DIMITRAKI,08 AUG 1980,GRE,2,,Athina (GRE),15 JUN 2008,1128.0,women_TJ,2008,https://worldathletics.org/athletes/athlete=14280579,toplist
49.0,14.07,,Cristina-Ioana BUJIN,12 APR 1988,ROU,2,,Bucureşti (ROU) (i),15 FEB 2008,1125.0,women_TJ,2008,https://worldathletics.org/athletes/athlete=14295465,toplist
49.0,14.07,,Blessing OKAGBARE,09 OCT 1988,NGR,1,,Abuja (NGR),03 JUL 2008,1125.0,women_TJ,2008,https://worldathletics.org/athletes/athlete=14292330,toplist
51.0,14.06,0.6,Snežana VUKMIROVIČ,19 AUG 1982,SLO,1,,Ljubljana (SLO),07 JUN 2008,1124.0,women_TJ,2008,https://worldathletics.org/athletes/athlete=14300285,toplist
51.0,14.06,-0.1,Patricia SYLVESTER,03 FEB 1983,GRN,2,,"Athens, GA (USA)",07 JUN 2008,1124.0,women_TJ,2008,https://worldathletics.org/athletes/athlete=14281047,toplist
53.0,14.04,-1.0,Natallia VYATKINA,10 FEB 1987,BLR,1,,Minsk (BLR),12 JUN 2008,1127.0,women_TJ,2008,https://worldathletics.org/athletes/athlete=14269537,toplist
54.0,14.03,0.2,Amy ZONGO,04 OCT 1980,FRA,2,,Castres (FRA),15 JUL 2008,1120.0,women_TJ,2008,https://worldathletics.org/athletes/athlete=14274319,toplist
54.0,14.03,1.6,Yufei CHEN,26 JAN 1989,CHN,1,,Taian (CHN),03 NOV 2008,1120.0,women_TJ,2008,https://worldathletics.org/athletes/athlete=14266640,toplist
56.0,14.02,0.0,Niki PANETTA,21 APR 1986,GRE,3,,Athina (GRE),15 JUN 2008,1119.0,women_TJ,2008,https://worldathletics.org/athletes/athlete=14280822,toplist
56.0,14.02,,Anastasiya MATVEYEVA,12 DEC 1988,RUS,3,,Chelyabinsk (RUS),29 JUN 2008,1119.0,women_TJ,2008,https://worldathletics.org/athletes/athlete=14298574,toplist
58.0,14.00,1.0,Katja DEMUT,21 DEC 1983,GER,1,,Garbsen (GER),25 MAY 2008,1117.0,women_TJ,2008,https://worldathletics.org/athletes/athlete=14277335,toplist
58.0,14.00,0.3,Marina SAMBORSKAYA,06 APR 1977,UKR,4,,Kyiv (UKR),03 JUL 2008,1117.0,women_TJ,2008,https://worldathletics.org/athletes/athlete=14304117,toplist
60.0,13.99,2.0,Simidele ADEAGBO,29 JUL 1981,USA,1q1,,"Eugene, OR (USA)",27 JUN 2008,1116.0,women_TJ,2008,https://worldathletics.org/athletes/athlete=14304515,toplist
60.0,13.99,1.8,Toni SMITH,13 OCT 1984,USA,2q2,,"Eugene, OR (USA)",27 JUN 2008,1116.0,women_TJ,2008,https://worldathletics.org/athletes/athlete=14321630,toplist
62.0,13.98,1.9,Brenda FALUADE,27 OCT 1984,USA,1,,"Gainesville, FL (USA)",05 APR 2008,1115.0,women_TJ,2008,https://worldathletics.org/athletes/athlete=14309896,toplist
63.0,13.97,-0.8,Li SHA,14 AUG 1988,CHN,1,,Hangzhou (CHN),12 APR 2008,1118.0,women_TJ,2008,https://worldathletics.org/athletes/athlete=14265397,toplist
64.0,13.95,0.0,Patricia SARRAPIO,16 NOV 1982,ESP,6,,Zaragoza (ESP),31 MAY 2008,1112.0,women_TJ,2008,https://worldathletics.org/athletes/athlete=14260478,toplist
65.0,13.93,0.0,Qian LI,20 OCT 1985,CHN,2,,Beijing (CHN),25 MAY 2008,1110.0,women_TJ,2008,https://worldathletics.org/athletes/athlete=14265985,toplist
65.0,13.93,0.0,Svetlana SEMYONOVA,24 AUG 1980,RUS,3,,Patra (GRE),30 JUN 2008,1110.0,women_TJ,2008,https://worldathletics.org/athletes/athlete=14299213,toplist
67.0,13.92,0.5,Camélia Chiraz SAHNOUNE,05 APR 1986,ALG,2,,Algiers (ALG),29 MAY 2008,1109.0,women_TJ,2008,https://worldathletics.org/athletes/athlete=14272767,toplist
67.0,13.92,1.1,Veera BARANOVA,12 FEB 1984,EST,1,,Valga (EST),15 JUN 2008,1109.0,women_TJ,2008,https://worldathletics.org/athletes/athlete=14260200,toplist
67.0,13.92,1.6,Tabia CHARLES,06 APR 1985,CAN,1,,Windsor (CAN),06 JUL 2008,1109.0,women_TJ,2008,https://worldathletics.org/athletes/athlete=14268220,toplist
67.0,13.92,1.6,Nuai LIN,06 JAN 1984,CHN,2,,Zhaoqing (CHN),09 NOV 2008,1109.0,women_TJ,2008,https://worldathletics.org/athletes/athlete=14265857,toplist
71.0,13.90,,Alina POPESCU,27 OCT 1985,ROU,2,,Bucureşti (ROU) (i),02 FEB 2008,1107.0,women_TJ,2008,https://worldathletics.org/athletes/athlete=14295866,toplist
71.0,13.90,0.9,Yanan LIU,18 JAN 1987,CHN,2q1,,Beijing (CHN),24 MAY 2008,1107.0,women_TJ,2008,https://worldathletics.org/athletes/athlete=14265724,toplist
73.0,13.89,0.7,Kseniya DZIATSUK,23 APR 1986,BLR,1,,Grodno (BLR),08 JUL 2008,1106.0,women_TJ,2008,https://worldathletics.org/athletes/athlete=14269678,toplist
74.0,13.88,,Tatyana YAKOVLEVA,09 SEP 1986,RUS,1,,Moskva (RUS) (i),21 FEB 2008,1105.0,women_TJ,2008,https://worldathletics.org/athletes/athlete=14299773,toplist
74.0,13.88,0.4,Tânia FERREIRA DA SILVA,17 DEC 1986,BRA,2,,São Paulo (BRA),16 APR 2008,1105.0,women_TJ,2008,https://worldathletics.org/athletes/athlete=14269058,toplist
76.0,13.87,0.6,Josleidy RIBALTA,02 MAY 1990,CUB,5,,La Habana (CUB),01 JUN 2008,1104.0,women_TJ,2008,https://worldathletics.org/athletes/athlete=14263410,toplist
76.0,13.87,0.0,Nataliya YASTREBOVA,12 OCT 1984,UKR,5,,Kyiv (UKR),03 JUL 2008,1104.0,women_TJ,2008,https://worldathletics.org/athletes/athlete=14304265,toplist
78.0,13.86,,Paraskevi PAPACHRISTOU,17 APR 1989,GRE,1,,Athina (GRE) (i),02 FEB 2008,1103.0,women_TJ,2008,https://worldathletics.org/athletes/athlete=14280843,toplist
78.0,13.86,,Paraskevi SIDIROPOULOU,09 NOV 1978,GRE,2,,Athina (GRE) (i),02 FEB 2008,1103.0,women_TJ,2008,https://worldathletics.org/athletes/athlete=14280898,toplist
78.0,13.86,-1.0,Qian LI,20 JAN 1985,CHN,3,,Hangzhou (CHN),12 APR 2008,1109.0,women_TJ,2008,https://worldathletics.org/athletes/pr-of-china/qian-li-14265894,toplist
81.0,13.85,1.6,Yasmine REGIS,12 DEC 1986,GBR,1,,"Boulder, CO (USA)",18 MAY 2008,1102.0,women_TJ,2008,https://worldathletics.org/athletes/athlete=14276158,toplist
82.0,13.84,1.4,Amanda SMOCK,27 APR 1982,USA,3,,"Chula Vista, CA (USA)",13 JUN 2008,1101.0,women_TJ,2008,https://worldathletics.org/athletes/athlete=14403625,toplist
82.0,13.84,0.5,Yvette LEWIS,16 MAR 1985,USA,4,,"Eugene, OR (USA)",29 JUN 2008,1101.0,women_TJ,2008,https://worldathletics.org/athletes/athlete=14315378,toplist
84.0,13.82,,Kimberly WILLIAMS,03 NOV 1988,JAM,2,,"Fayetteville, AR (USA) (i)",15 MAR 2008,1099.0,women_TJ,2008,https://worldathletics.org/athletes/athlete=14285998,toplist
85.0,13.81,,Anna KRYLOVA,03 OCT 1985,RUS,1,,St. Petersburg (RUS) (i),07 JAN 2008,1098.0,women_TJ,2008,https://worldathletics.org/athletes/athlete=14298358,toplist
86.0,13.80,1.0,Johana TRIVIÑO-URRUTIA,24 MAR 1981,COL,1,,Ponce (PUR),12 APR 2008,1097.0,women_TJ,2008,https://worldathletics.org/athletes/athlete=14263904,toplist
86.0,13.80,0.7,Ioanna GRAMATIKOPOULOU,19 OCT 1983,GRE,1,,Chania (GRE),07 JUN 2008,1097.0,women_TJ,2008,https://worldathletics.org/athletes/athlete=14280632,toplist
88.0,13.79,0.2,Simona LA MANTIA,14 APR 1983,ITA,1,,Catania (ITA),17 MAY 2008,1096.0,women_TJ,2008,https://worldathletics.org/athletes/athlete=14284563,toplist
88.0,13.79,0.7,Caterine IBARGUEN,12 FEB 1984,COL,1,,Bogotá (COL),19 JUL 2008,1096.0,women_TJ,2008,https://worldathletics.org/athletes/athlete=14263994,toplist
90.0,13.78,,Irina VASILYEVA,09 APR 1979,RUS,1,,Moskva (RUS),22 JUN 2008,1095.0,women_TJ,2008,https://worldathletics.org/athletes/athlete=14299673,toplist
90.0,13.78,-0.2,Jiajia YAO,07 APR 1988,CHN,4,,Shijiazhuang (CHN),12 OCT 2008,1096.0,women_TJ,2008,https://worldathletics.org/athletes/athlete=14266226,toplist
92.0,13.77,,Susana COSTA,22 SEP 1984,POR,1,,Pombal (POR) (i),24 FEB 2008,1094.0,women_TJ,2008,https://worldathletics.org/athletes/athlete=14294840,toplist
92.0,13.77,,Małgorzata TRYBAŃSKA,21 JUN 1981,POL,1,,Spala (POL) (i),24 FEB 2008,1094.0,women_TJ,2008,https://worldathletics.org/athletes/athlete=14294570,toplist
94.0,13.76,0.0,Sheena GORDON,26 SEP 1983,USA,3,,"Athens, GA (USA)",07 JUN 2008,1093.0,women_TJ,2008,https://worldathletics.org/athletes/athlete=14311185,toplist
94.0,13.76,,Domike NKIRUKA,28 AUG 1985,NGR,3,,Abuja (NGR),03 JUL 2008,1093.0,women_TJ,2008,https://worldathletics.org/athletes/athlete=14292447,toplist
96.0,13.75,1.1,Aneta SADACH,22 APR 1975,POL,1,,Biala Podlaska (POL),31 MAY 2008,1092.0,women_TJ,2008,https://worldathletics.org/athletes/athlete=14294384,toplist
96.0,13.75,1.0,Nelly TCHAYEM,04 AUG 1983,FRA,1q1,,"Des Moines, IA (USA)",13 JUN 2008,1092.0,women_TJ,2008,https://worldathletics.org/athletes/athlete=14274020,toplist
96.0,13.75,1.3,Thitima MUANGJAN,13 APR 1983,THA,3,,Korat (THA),26 JUN 2008,1092.0,women_TJ,2008,https://worldathletics.org/athletes/athlete=14302684,toplist
96.0,13.75,0.4,Verónica Cecilia DAVIS,22 MAY 1987,VEN,3,,Cali (COL),12 JUL 2008,1092.0,women_TJ,2008,https://worldathletics.org/athletes/athlete=14325116,toplist
100.0,13.74,0.2,Liliana ZAGACKA,28 JAN 1977,POL,1,,Szczecin (POL),06 JUL 2008,1091.0,women_TJ,2008,https://worldathletics.org/athletes/athlete=14294711,toplist
1.0,15.14,1.9,Nadezhda ALYOKHINA,22 SEP 1978,RUS,1,,Cheboksary (RUS),26 JUL 2009,1235.0,women_TJ,2009,https://worldathletics.org/athletes/athlete=14297338,toplist
2.0,15.00,1.1,Yargelis SAVIGNE,13 NOV 1984,CUB,1,,"Olympic Stadium, Athina (GRE)",13 JUL 2009,1220.0,women_TJ,2009,https://worldathletics.org/athletes/athlete=14263384,toplist
3.0,14.68,,Anastasiya POTAPOVA,06 SEP 1985,RUS,1,,"Oval Lingotto, Torino (ITA) (i)",08 MAR 2009,1187.0,women_TJ,2009,https://worldathletics.org/athletes/athlete=14299520,toplist
4.0,14.67,0.0,Anna PYATYKH,04 APR 1981,RUS,2,,Cheboksary (RUS),26 JUL 2009,1186.0,women_TJ,2009,https://worldathletics.org/athletes/athlete=14299042,toplist
5.0,14.64,1.3,Yekaterina KAYUKOVA-CHERNENKO,09 OCT 1986,RUS,2,,Cheboksary (RUS),26 JUL 2009,1183.0,women_TJ,2009,https://worldathletics.org/athletes/athlete=14298053,toplist
5.0,14.64,0.3,Mabel GAY,05 MAY 1983,CUB,1,,Tallinn (EST),25 AUG 2009,1183.0,women_TJ,2009,https://worldathletics.org/athletes/athlete=14263558,toplist
7.0,14.62,,Oksana UDMURTOVA,01 FEB 1982,RUS,2f1,,Volgograd (RUS) (i),24 JAN 2009,1181.0,women_TJ,2009,https://worldathletics.org/athletes/athlete=14299633,toplist
7.0,14.62,0.3,Athanasia PERRA,02 FEB 1983,GRE,1,,Pescara (ITA),02 JUL 2009,1181.0,women_TJ,2009,https://worldathletics.org/athletes/athlete=14280861,toplist
7.0,14.62,0.5,Limei XIE,27 JUN 1986,CHN,1q2,,"Olympiastadion, Berlin (GER)",15 AUG 2009,1181.0,women_TJ,2009,https://worldathletics.org/athletes/athlete=14264849,toplist
10.0,14.60,,Marija ŠESTAK,17 APR 1979,SLO,2,,"Oval Lingotto, Torino (ITA) (i)",08 MAR 2009,1179.0,women_TJ,2009,https://worldathletics.org/athletes/athlete=14300186,toplist
11.0,14.56,-0.4,Biljana TOPIĆ,17 OCT 1977,SRB,2,,Thessaloniki (GRE),13 SEP 2009,1177.0,women_TJ,2009,https://worldathletics.org/athletes/athlete=14300387,toplist
12.0,14.53,0.2,Olga RYPAKOVA,30 NOV 1984,KAZ,1,,Guangzhou (CHN),11 NOV 2009,1172.0,women_TJ,2009,https://worldathletics.org/athletes/athlete=14288693,toplist
13.0,14.48,0.6,Yamilé ALDAMA,14 AUG 1972,SUD,1,,Chania (GRE),01 JUN 2009,1167.0,women_TJ,2009,https://worldathletics.org/athletes/athlete=14300566,toplist
13.0,14.48,-0.2,Trecia Kaye SMITH,05 NOV 1975,JAM,5,,"Olympiastadion, Berlin (GER)",17 AUG 2009,1168.0,women_TJ,2009,https://worldathletics.org/athletes/athlete=14285924,toplist
15.0,14.47,,Paraskevi PAPACHRISTOU,17 APR 1989,GRE,2q,,"Oval Lingotto, Torino (ITA) (i)",06 MAR 2009,1166.0,women_TJ,2009,https://worldathletics.org/athletes/athlete=14280843,toplist
16.0,14.44,1.9,Alsu MURTAZINA,12 DEC 1987,RUS,1,,Kazan (RUS),18 JUN 2009,1162.0,women_TJ,2009,https://worldathletics.org/athletes/athlete=14298683,toplist
17.0,14.43,1.1,Dana VELĎÁKOVÁ,03 JUN 1981,SVK,1,,Thessaloniki (GRE),10 JUN 2009,1161.0,women_TJ,2009,https://worldathletics.org/athletes/athlete=14301624,toplist
18.0,14.42,0.8,Cristina-Ioana BUJIN,12 APR 1988,ROU,1,,Bucureşti (ROU),01 AUG 2009,1160.0,women_TJ,2009,https://worldathletics.org/athletes/athlete=14295465,toplist
19.0,14.40,1.5,Teresa NZOLA MESO,30 NOV 1983,FRA,1,,"Estádio Dr. Magalhães Pessoa, Leiria (POR)",20 JUN 2009,1158.0,women_TJ,2009,https://worldathletics.org/athletes/athlete=14273352,toplist
19.0,14.40,0.8,Yarianna MARTÍNEZ,20 SEP 1984,CUB,1,,Beograd (SRB),11 JUL 2009,1158.0,women_TJ,2009,https://worldathletics.org/athletes/athlete=14263491,toplist
19.0,14.40,0.5,Viktoriya GUROVA,22 MAY 1982,RUS,3,,Cheboksary (RUS),26 JUL 2009,1158.0,women_TJ,2009,https://worldathletics.org/athletes/athlete=14297891,toplist
22.0,14.38,1.8,Svitlana MAMYEYEVA,19 APR 1982,UKR,1,,Yalta (UKR),23 JUL 2009,1156.0,women_TJ,2009,https://worldathletics.org/athletes/athlete=14303876,toplist
23.0,14.36,0.0,Dailenys ALCÁNTARA,10 AUG 1991,CUB,3,,La Habana (CUB),29 MAY 2009,1154.0,women_TJ,2009,https://worldathletics.org/athletes/athlete=14263704,toplist
24.0,14.33,2.0,Magdelín MARTÍNEZ,10 FEB 1976,ITA,4,,"Olympic Stadium, Athina (GRE)",13 JUL 2009,1151.0,women_TJ,2009,https://worldathletics.org/athletes/athlete=14284759,toplist
25.0,14.29,0.5,Carmen Cristina TOMA,28 MAR 1989,ROU,1,,Bucureşti (ROU),12 JUN 2009,1147.0,women_TJ,2009,https://worldathletics.org/athletes/athlete=14295988,toplist
26.0,14.27,1.3,Liliya KULIK,27 JAN 1987,UKR,1,,Yalta (UKR),05 JUN 2009,1145.0,women_TJ,2009,https://worldathletics.org/athletes/athlete=14303800,toplist
26.0,14.27,-0.3,Svetlana BOLSHAKOVA,14 OCT 1984,BEL,4,,Thessaloniki (GRE),10 JUN 2009,1146.0,women_TJ,2009,https://worldathletics.org/athletes/athlete=14297425,toplist
28.0,14.26,0.7,Johana TRIVIÑO-URRUTIA,24 MAR 1981,COL,1,,Ponce (PUR),25 APR 2009,1144.0,women_TJ,2009,https://worldathletics.org/athletes/athlete=14263904,toplist
29.0,14.20,,Kaire LEIBAK,21 MAY 1988,EST,1f1,,Tallinn (EST) (i),04 FEB 2009,1138.0,women_TJ,2009,https://worldathletics.org/athletes/athlete=14260106,toplist
29.0,14.20,1.1,Katja DEMUT,21 DEC 1983,GER,1,,Ulm (GER),04 JUL 2009,1138.0,women_TJ,2009,https://worldathletics.org/athletes/athlete=14277335,toplist
31.0,14.18,,Snežana VUKMIROVIČ,19 AUG 1982,SLO,1,,Zagreb (CRO) (i),24 JAN 2009,1136.0,women_TJ,2009,https://worldathletics.org/athletes/athlete=14300285,toplist
31.0,14.18,1.1,Petya DACHEVA,10 MAR 1985,BUL,,,Sofia (BUL),04 JUL 2009,1136.0,women_TJ,2009,https://worldathletics.org/athletes/athlete=14268743,toplist
31.0,14.18,,Martina DARMOVZALOVÁ-ŠESTÁKOVÁ,12 OCT 1978,CZE,1,,Kladno (CZE),05 JUL 2009,1136.0,women_TJ,2009,https://worldathletics.org/athletes/athlete=14263176,toplist
34.0,14.17,0.3,Małgorzata TRYBAŃSKA,21 JUN 1981,POL,1,,Kraków (POL),26 JUN 2009,1135.0,women_TJ,2009,https://worldathletics.org/athletes/athlete=14294570,toplist
35.0,14.16,0.4,Gisele LIMA DE OLIVEIRA,01 AUG 1980,BRA,1,,Rio de Janeiro (BRA),05 JUN 2009,1134.0,women_TJ,2009,https://worldathletics.org/athletes/athlete=14268998,toplist
35.0,14.16,,Natalya ALEKSEYEVA,28 NOV 1986,RUS,1,,Moskva (RUS),28 JUN 2009,1134.0,women_TJ,2009,https://worldathletics.org/athletes/athlete=14298366,toplist
37.0,14.14,,Anna KRYLOVA,03 OCT 1985,RUS,2,,Moskva (RUS) (i),15 FEB 2009,1132.0,women_TJ,2009,https://worldathletics.org/athletes/athlete=14298358,toplist
38.0,14.13,1.0,Vanessa GLADONE,03 JUN 1982,FRA,1,,Angers (FRA),23 JUL 2009,1131.0,women_TJ,2009,https://worldathletics.org/athletes/athlete=14257311,toplist
39.0,14.11,-0.2,Yufei CHEN,26 JAN 1989,CHN,1,,Jinan (CHN),25 OCT 2009,1130.0,women_TJ,2009,https://worldathletics.org/athletes/athlete=14266640,toplist
39.0,14.11,2.0,Tingting XU,12 JUL 1989,CHN,2,,Guangzhou (CHN),11 NOV 2009,1129.0,women_TJ,2009,https://worldathletics.org/athletes/athlete=14264774,toplist
41.0,14.10,,Joanna SKIBIŃSKA,21 FEB 1985,POL,1,,Spala (POL) (i),22 FEB 2009,1128.0,women_TJ,2009,https://worldathletics.org/athletes/athlete=14294416,toplist
41.0,14.10,,Josleidy RIBALTA,02 MAY 1990,CUB,1,,La Habana (CUB),11 JUN 2009,1128.0,women_TJ,2009,https://worldathletics.org/athletes/athlete=14263410,toplist
43.0,14.09,-0.6,Yanan LIU,18 JAN 1987,CHN,4,,Shanghai (CHN),20 SEP 2009,1130.0,women_TJ,2009,https://worldathletics.org/athletes/athlete=14265724,toplist
44.0,14.08,,Amy ZONGO,04 OCT 1980,FRA,1f1,,Metz (FRA) (i),28 JAN 2009,1126.0,women_TJ,2009,https://worldathletics.org/athletes/athlete=14274319,toplist
44.0,14.08,0.9,Kimberly WILLIAMS,03 NOV 1988,JAM,7q1,,"Olympiastadion, Berlin (GER)",15 AUG 2009,1126.0,women_TJ,2009,https://worldathletics.org/athletes/athlete=14285998,toplist
46.0,14.03,0.5,Nataliya YASTREBOVA,12 OCT 1984,UKR,2,,Yalta (UKR),23 JUL 2009,1120.0,women_TJ,2009,https://worldathletics.org/athletes/athlete=14304265,toplist
47.0,14.02,1.8,Natallia VYATKINA,10 FEB 1987,BLR,1,,Minsk (BLR),29 MAY 2009,1119.0,women_TJ,2009,https://worldathletics.org/athletes/athlete=14269537,toplist
47.0,14.02,0.0,Kristin GIERISCH,20 AUG 1990,GER,1,,Göttingen (GER),28 JUN 2009,1119.0,women_TJ,2009,https://worldathletics.org/athletes/athlete=14277718,toplist
49.0,14.01,-0.9,Ioanna GRAMATIKOPOULOU,19 OCT 1983,GRE,1,,Kavala (GRE),17 JUN 2009,1123.0,women_TJ,2009,https://worldathletics.org/athletes/athlete=14280632,toplist
50.0,13.99,1.6,Adelina GAVRILĂ,26 NOV 1978,ROU,2,,Bucureşti (ROU),01 AUG 2009,1116.0,women_TJ,2009,https://worldathletics.org/athletes/athlete=14295619,toplist
50.0,13.99,1.5,Irina EKTOVA,08 JAN 1987,KAZ,3,,Guangzhou (CHN),11 NOV 2009,1116.0,women_TJ,2009,https://worldathletics.org/athletes/athlete=14288653,toplist
52.0,13.97,0.5,Erica MCLAIN,24 JAN 1986,USA,,,Albertville (FRA),09 JUL 2009,1114.0,women_TJ,2009,https://worldathletics.org/athletes/athlete=14316668,toplist
52.0,13.97,-0.4,Verónica Cecilia DAVIS,22 MAY 1987,VEN,1,,Sucre (BOL),24 NOV 2009,1116.0,women_TJ,2009,https://worldathletics.org/athletes/athlete=14325116,toplist
54.0,13.96,0.6,Ayanna ALEXANDER,20 JUL 1982,TTO,1,,Port-of-Spain (TTO),20 JUN 2009,1113.0,women_TJ,2009,https://worldathletics.org/athletes/athlete=14302968,toplist
54.0,13.96,-0.3,Caterine IBARGUEN,12 FEB 1984,COL,2,,Sucre (BOL),24 NOV 2009,1114.0,women_TJ,2009,https://worldathletics.org/athletes/athlete=14263994,toplist
56.0,13.95,0.2,Domike NKIRUKA,28 AUG 1985,NGR,1,,Abuja (NGR),25 JUL 2009,1112.0,women_TJ,2009,https://worldathletics.org/athletes/athlete=14292447,toplist
57.0,13.94,0.6,Sarah NAMBAWA,23 SEP 1985,UGA,1,,"Louisville, KY (USA)",30 MAY 2009,1111.0,women_TJ,2009,https://worldathletics.org/athletes/athlete=14317714,toplist
57.0,13.94,0.5,Oleksandra STADNYUK-SHISHLYUK,16 APR 1980,UKR,3,,Yalta (UKR),23 JUL 2009,1111.0,women_TJ,2009,https://worldathletics.org/athletes/athlete=14304230,toplist
57.0,13.94,1.1,Aleksandra KOTLYAROVA,10 OCT 1988,UZB,4,,Guangzhou (CHN),11 NOV 2009,1111.0,women_TJ,2009,https://worldathletics.org/athletes/athlete=14325034,toplist
60.0,13.92,1.6,Shakeema WALKER-WELSCH,10 NOV 1976,USA,1,,"Walnut, CA (USA)",18 APR 2009,1109.0,women_TJ,2009,https://worldathletics.org/athletes/athlete=14323545,toplist
61.0,13.89,1.4,Anastasiya MATVEYEVA,12 DEC 1988,RUS,2,,Kazan (RUS),18 JUN 2009,1106.0,women_TJ,2009,https://worldathletics.org/athletes/athlete=14298574,toplist
61.0,13.89,-1.0,Liane PINTSAAR,17 MAR 1990,EST,1,,"Karađorđe Stadium, Novi Sad (SRB)",26 JUL 2009,1112.0,women_TJ,2009,https://worldathletics.org/athletes/athlete=14260044,toplist
63.0,13.88,,Marina SAMBORSKAYA,06 APR 1977,UKR,1f1,,Zaporozhye (UKR) (i),28 JAN 2009,1105.0,women_TJ,2009,https://worldathletics.org/athletes/athlete=14304117,toplist
64.0,13.86,2.0,Toni SMITH,13 OCT 1984,USA,f2,,"Eugene, OR (USA)",26 JUN 2009,1103.0,women_TJ,2009,https://worldathletics.org/athletes/athlete=14321630,toplist
64.0,13.86,0.0,Ekaterina MENNE,11 OCT 1987,GER,2,,Göttingen (GER),28 JUN 2009,1103.0,women_TJ,2009,https://worldathletics.org/athletes/athlete=14278863,toplist
66.0,13.83,1.1,Patrícia MAMONA,21 NOV 1988,POR,2,,Salamanca (ESP),08 JUL 2009,1100.0,women_TJ,2009,https://worldathletics.org/athletes/athlete=14294964,toplist
66.0,13.83,1.0,Francoise MBANGO ETONE,14 APR 1976,CMR,6,,Rethymno (GRE),20 JUL 2009,1100.0,women_TJ,2009,https://worldathletics.org/athletes/athlete=14264112,toplist
68.0,13.82,-0.1,Yvette LEWIS,16 MAR 1985,USA,1,,"Carson, CA (USA)",16 MAY 2009,1099.0,women_TJ,2009,https://worldathletics.org/athletes/athlete=14315378,toplist
69.0,13.81,2.0,Zhanna KNYAZHEVA,25 SEP 1989,UKR,5,,Yalta (UKR),23 JUL 2009,1098.0,women_TJ,2009,https://worldathletics.org/athletes/athlete=14303717,toplist
70.0,13.80,0.0,Crystal MANNING,15 APR 1986,USA,1,,"Walnut, CA (USA)",06 JUN 2009,1097.0,women_TJ,2009,https://worldathletics.org/athletes/athlete=14315962,toplist
70.0,13.80,1.7,Andriyana BANOVA,01 MAY 1987,BUL,1,,Sofia (BUL),14 JUN 2009,1097.0,women_TJ,2009,https://worldathletics.org/athletes/athlete=14268751,toplist
72.0,13.79,0.5,Simona LA MANTIA,14 APR 1983,ITA,1,,Palermo (ITA),27 JUN 2009,1096.0,women_TJ,2009,https://worldathletics.org/athletes/athlete=14284563,toplist
72.0,13.79,1.9,Federica DE SANTIS,19 OCT 1989,ITA,2,,Milano (ITA),01 AUG 2009,1096.0,women_TJ,2009,https://worldathletics.org/athletes/athlete=14284192,toplist
74.0,13.78,,Thitima MUANGJAN,13 APR 1983,THA,3,,Hanoi (VIE) (i),31 OCT 2009,1095.0,women_TJ,2009,https://worldathletics.org/athletes/athlete=14302684,toplist
75.0,13.77,1.7,Silvia CUCCHI,10 JAN 1978,ITA,3,,Milano (ITA),01 AUG 2009,1094.0,women_TJ,2009,https://worldathletics.org/athletes/athlete=14284133,toplist
76.0,13.76,,Yanmei LI,06 FEB 1990,CHN,1,,Nanjing (CHN) (i),14 FEB 2009,1093.0,women_TJ,2009,https://worldathletics.org/athletes/athlete=14265929,toplist
76.0,13.76,0.0,Patricia SYLVESTER,03 FEB 1983,GRN,4,,La Habana (CUB),03 JUL 2009,1093.0,women_TJ,2009,https://worldathletics.org/athletes/athlete=14281047,toplist
78.0,13.75,,Natallia SAFRONAVA,11 APR 1974,BLR,1f1,,Mogilyov (BLR) (i),31 JAN 2009,1092.0,women_TJ,2009,https://worldathletics.org/athletes/athlete=14269651,toplist
78.0,13.75,1.1,Irene DIMITRAKI,08 AUG 1980,GRE,3,,Athina (GRE),27 MAY 2009,1092.0,women_TJ,2009,https://worldathletics.org/athletes/athlete=14280579,toplist
78.0,13.75,1.8,Yasmine REGIS,12 DEC 1986,GBR,1,,"Norman, OK (USA)",30 MAY 2009,1092.0,women_TJ,2009,https://worldathletics.org/athletes/athlete=14276158,toplist
78.0,13.75,0.0,Tetyana DYACHENKO,25 JAN 1986,UKR,4,,Yalta (UKR),05 JUN 2009,1092.0,women_TJ,2009,https://worldathletics.org/athletes/athlete=14303556,toplist
82.0,13.74,0.6,Shara PROCTOR,16 SEP 1988,AIA,2,,"Greensboro, NC (USA)",30 MAY 2009,1091.0,women_TJ,2009,https://worldathletics.org/athletes/athlete=14272929,toplist
83.0,13.73,,Kseniya DZIATSUK,23 APR 1986,BLR,1f1,,Minsk (BLR) (i),17 JAN 2009,1090.0,women_TJ,2009,https://worldathletics.org/athletes/athlete=14269678,toplist
83.0,13.73,,Patricia SARRAPIO,16 NOV 1982,ESP,15q,,"Oval Lingotto, Torino (ITA) (i)",06 MAR 2009,1090.0,women_TJ,2009,https://worldathletics.org/athletes/athlete=14260478,toplist
85.0,13.72,0.8,Ruslana TSYKHOTSKA,23 MAR 1986,UKR,5,,Yalta (UKR),05 JUN 2009,1089.0,women_TJ,2009,https://worldathletics.org/athletes/athlete=14304274,toplist
85.0,13.72,1.5,Elina TORRO,22 JUL 1986,FIN,1,,Jämsä (FIN),27 JUN 2009,1089.0,women_TJ,2009,https://worldathletics.org/athletes/athlete=14258968,toplist
85.0,13.72,1.4,Jolanta VERSECKAITÉ,09 FEB 1988,LTU,1,,Kaunas (LTU),02 AUG 2009,1089.0,women_TJ,2009,https://worldathletics.org/athletes/athlete=14290431,toplist
88.0,13.71,1.7,Hye-kyong CHUNG,13 APR 1981,KOR,1,,Daejeon (KOR),20 OCT 2009,1088.0,women_TJ,2009,https://worldathletics.org/athletes/athlete=14289625,toplist
89.0,13.70,,Svetlana SEMYONOVA,24 AUG 1980,RUS,2,,St. Petersburg (RUS) (i),06 JAN 2009,1087.0,women_TJ,2009,https://worldathletics.org/athletes/athlete=14299213,toplist
90.0,13.69,,Nastassia MIRONCHYK-IVANOVA,13 APR 1989,BLR,2f1,,Mogilyov (BLR) (i),31 JAN 2009,1086.0,women_TJ,2009,https://worldathletics.org/athletes/athlete=14269729,toplist
90.0,13.69,-1.0,Haoua KESSELY,02 FEB 1988,FRA,8,,"S. Darius & S. Girėnas Stadium, Kaunas (LTU)",17 JUL 2009,1092.0,women_TJ,2009,https://worldathletics.org/athletes/athlete=14256931,toplist
92.0,13.67,,Linuo DENG,16 MAR 1992,CHN,3,,Shanghai (CHN) (i),18 FEB 2009,1084.0,women_TJ,2009,https://worldathletics.org/athletes/athlete=14266563,toplist
92.0,13.67,2.0,Nadia WILLIAMS,17 NOV 1981,GBR,1,,Birmingham (GBR),10 JUL 2009,1084.0,women_TJ,2009,https://worldathletics.org/athletes/athlete=14276762,toplist
92.0,13.67,0.3,Shani MARKS,24 AUG 1980,USA,13q1,,"Olympiastadion, Berlin (GER)",15 AUG 2009,1084.0,women_TJ,2009,https://worldathletics.org/athletes/athlete=14316037,toplist
95.0,13.66,0.5,Jenny ELBE,18 APR 1990,GER,2,,Mannheim (GER),13 JUN 2009,1083.0,women_TJ,2009,https://worldathletics.org/athletes/athlete=14277482,toplist
96.0,13.65,0.2,Tânia FERREIRA DA SILVA,17 DEC 1986,BRA,2,,Rio de Janeiro (BRA),05 JUN 2009,1082.0,women_TJ,2009,https://worldathletics.org/athletes/athlete=14269058,toplist
96.0,13.65,0.0,Nelly TCHAYEM,04 AUG 1983,FRA,2,,"Walnut, CA (USA)",06 JUN 2009,1082.0,women_TJ,2009,https://worldathletics.org/athletes/athlete=14274020,toplist
98.0,13.64,2.0,Karoline KÖHLER,20 FEB 1984,GER,1,,"Eugene, OR (USA)",30 MAY 2009,1081.0,women_TJ,2009,https://worldathletics.org/athletes/athlete=14278459,toplist
98.0,13.64,1.4,Zignia GOMIS,19 AUG 1982,FRA,2,,Forbach (FRA),31 MAY 2009,1081.0,women_TJ,2009,https://worldathletics.org/athletes/athlete=14257283,toplist
98.0,13.64,1.8,Nuai LIN,06 JAN 1984,CHN,2,,Jinan (CHN),04 JUL 2009,1081.0,women_TJ,2009,https://worldathletics.org/athletes/athlete=14265857,toplist
1.0,15.25,1.7,Olga RYPAKOVA,30 NOV 1984,KAZ,1,,"Poljud Stadion, Split (CRO)",04 SEP 2010,1246.0,women_TJ,2010,https://worldathletics.org/athletes/athlete=14288693,toplist
2.0,15.09,0.2,Yargelis SAVIGNE,13 NOV 1984,CUB,1,,"Stade Louis II, Monaco (MON)",22 JUL 2010,1229.0,women_TJ,2010,https://worldathletics.org/athletes/athlete=14263384,toplist
3.0,14.81,1.1,Olha SALADUKHA,04 JUN 1983,UKR,1,,"Estadio Olímpico, Barcelona (ESP)",31 JUL 2010,1201.0,women_TJ,2010,https://worldathletics.org/athletes/athlete=14304115,toplist
4.0,14.77,1.8,Nadezhda ALYOKHINA,22 SEP 1978,RUS,,,Saransk (RUS),15 JUL 2010,1196.0,women_TJ,2010,https://worldathletics.org/athletes/athlete=14297338,toplist
5.0,14.68,1.0,Anna PYATYKH,04 APR 1981,RUS,1,,Rabat (MAR),06 JUN 2010,1187.0,women_TJ,2010,https://worldathletics.org/athletes/athlete=14299042,toplist
6.0,14.56,-0.1,Simona LA MANTIA,14 APR 1983,ITA,2,,"Estadio Olímpico, Barcelona (ESP)",31 JUL 2010,1175.0,women_TJ,2010,https://worldathletics.org/athletes/athlete=14284563,toplist
7.0,14.55,1.7,Natalya ALEKSEYEVA,28 NOV 1986,RUS,1,,Istanbul (TUR),12 JUN 2010,1174.0,women_TJ,2010,https://worldathletics.org/athletes/athlete=14298366,toplist
7.0,14.55,2.0,Svetlana BOLSHAKOVA,14 OCT 1984,BEL,3,,"Estadio Olímpico, Barcelona (ESP)",31 JUL 2010,1174.0,women_TJ,2010,https://worldathletics.org/athletes/athlete=14297425,toplist
9.0,14.48,0.4,Adelina GAVRILĂ,26 NOV 1978,ROU,3q1,,"Estadio Olímpico, Barcelona (ESP)",29 JUL 2010,1167.0,women_TJ,2010,https://worldathletics.org/athletes/athlete=14295619,toplist
10.0,14.47,1.5,Snežana VUKMIROVIČ,19 AUG 1982,SLO,2q2,,"Estadio Olímpico, Barcelona (ESP)",29 JUL 2010,1166.0,women_TJ,2010,https://worldathletics.org/athletes/athlete=14300285,toplist
11.0,14.45,2.0,Petya DACHEVA,10 MAR 1985,BUL,1,,Sofia (BUL),26 JUN 2010,1164.0,women_TJ,2010,https://worldathletics.org/athletes/athlete=14268743,toplist
12.0,14.44,,Anastasiya POTAPOVA,06 SEP 1985,RUS,1,,Moskva (RUS) (i),28 FEB 2010,1162.0,women_TJ,2010,https://worldathletics.org/athletes/athlete=14299520,toplist
12.0,14.44,1.8,Małgorzata TRYBAŃSKA,21 JUN 1981,POL,3q2,,"Estadio Olímpico, Barcelona (ESP)",29 JUL 2010,1162.0,women_TJ,2010,https://worldathletics.org/athletes/athlete=14294570,toplist
14.0,14.42,-3.0,Kseniya DZIATSUK,23 APR 1986,BLR,1,,Vitebsk (BLR),13 MAY 2010,1178.0,women_TJ,2010,https://worldathletics.org/athletes/athlete=14269678,toplist
14.0,14.42,2.0,Yekaterina KAYUKOVA-CHERNENKO,09 OCT 1986,RUS,4,,Saransk (RUS),15 JUL 2010,1160.0,women_TJ,2010,https://worldathletics.org/athletes/athlete=14298053,toplist
16.0,14.38,0.7,Yarianna MARTÍNEZ,20 SEP 1984,CUB,1,,La Habana (CUB),18 JUN 2010,1156.0,women_TJ,2010,https://worldathletics.org/athletes/athlete=14263491,toplist
17.0,14.35,1.6,Limei XIE,27 JUN 1986,CHN,4,,"Poljud Stadion, Split (CRO)",04 SEP 2010,1153.0,women_TJ,2010,https://worldathletics.org/athletes/athlete=14264849,toplist
18.0,14.34,2.0,Dailenys ALCÁNTARA,10 AUG 1991,CUB,,,La Habana (CUB),21 MAR 2010,1152.0,women_TJ,2010,https://worldathletics.org/athletes/athlete=14263704,toplist
18.0,14.34,0.2,Yusmay BICET,08 DEC 1983,CUB,1,,La Habana (CUB),03 JUL 2010,1152.0,women_TJ,2010,https://worldathletics.org/athletes/athlete=14263675,toplist
20.0,14.33,-0.3,Erica MCLAIN,24 JAN 1986,USA,3,,"Hayward Field, Eugene, OR (USA)",03 JUL 2010,1152.0,women_TJ,2010,https://worldathletics.org/athletes/athlete=14316668,toplist
21.0,14.32,1.3,Dana VELĎÁKOVÁ,03 JUN 1981,SVK,,,Beograd (SRB),20 JUN 2010,1150.0,women_TJ,2010,https://worldathletics.org/athletes/athlete=14301624,toplist
21.0,14.32,0.9,Natallia VYATKINA,10 FEB 1987,BLR,1,,Viljandi (EST),06 JUL 2010,1150.0,women_TJ,2010,https://worldathletics.org/athletes/athlete=14269537,toplist
23.0,14.31,2.0,Katja DEMUT,21 DEC 1983,GER,2,,Baunatal (GER),02 JUN 2010,1149.0,women_TJ,2010,https://worldathletics.org/athletes/athlete=14277335,toplist
23.0,14.31,1.9,Alsu MURTAZINA,12 DEC 1987,RUS,,,Saransk (RUS),15 JUL 2010,1149.0,women_TJ,2010,https://worldathletics.org/athletes/athlete=14298683,toplist
25.0,14.30,,Mabel GAY,05 MAY 1983,CUB,5,,"Aspire Dome, Doha (QAT) (i)",13 MAR 2010,1148.0,women_TJ,2010,https://worldathletics.org/athletes/athlete=14263558,toplist
26.0,14.29,2.0,Caterine IBARGUEN,12 FEB 1984,COL,2,,San Fernando (ESP),05 JUN 2010,1147.0,women_TJ,2010,https://worldathletics.org/athletes/athlete=14263994,toplist
27.0,14.27,1.1,Liliya KULIK,27 JAN 1987,UKR,1,,Donetsk (UKR),04 JUL 2010,1145.0,women_TJ,2010,https://worldathletics.org/athletes/athlete=14303800,toplist
28.0,14.23,,Kimberly WILLIAMS,03 NOV 1988,JAM,1,,"Blacksburg, VA (USA) (i)",27 FEB 2010,1141.0,women_TJ,2010,https://worldathletics.org/athletes/athlete=14285998,toplist
29.0,14.21,0.9,Andriyana BANOVA,01 MAY 1987,BUL,1,,Sofia (BUL),13 JUN 2010,1139.0,women_TJ,2010,https://worldathletics.org/athletes/athlete=14268751,toplist
30.0,14.19,0.0,Trecia Kaye SMITH,05 NOV 1975,JAM,1,,New Delhi (IND),08 OCT 2010,1137.0,women_TJ,2010,https://worldathletics.org/athletes/athlete=14285924,toplist
31.0,14.17,0.7,Veera BARANOVA,12 FEB 1984,EST,2,,Viljandi (EST),06 JUL 2010,1135.0,women_TJ,2010,https://worldathletics.org/athletes/athlete=14260200,toplist
32.0,14.14,0.0,Josleidy RIBALTA,02 MAY 1990,CUB,2,,La Habana (CUB),21 MAY 2010,1132.0,women_TJ,2010,https://worldathletics.org/athletes/athlete=14263410,toplist
33.0,14.12,1.7,Patrícia MAMONA,21 NOV 1988,POR,6q1,,"Estadio Olímpico, Barcelona (ESP)",29 JUL 2010,1130.0,women_TJ,2010,https://worldathletics.org/athletes/athlete=14294964,toplist
34.0,14.10,0.8,Patricia SARRAPIO,16 NOV 1982,ESP,3,,San Fernando (ESP),05 JUN 2010,1128.0,women_TJ,2010,https://worldathletics.org/athletes/athlete=14260478,toplist
35.0,14.09,,Aleksandra KOTLYAROVA,10 OCT 1988,UZB,1,,Tashkent (UZB) (i),20 FEB 2010,1127.0,women_TJ,2010,https://worldathletics.org/athletes/athlete=14325034,toplist
36.0,14.07,1.8,Shakeema WALKER-WELSCH,10 NOV 1976,USA,2,,"Drake Stadium, Des Moines, IA (USA)",24 JUN 2010,1125.0,women_TJ,2010,https://worldathletics.org/athletes/athlete=14323545,toplist
37.0,14.06,1.0,Teresa NZOLA MESO,30 NOV 1983,FRA,3,,Rabat (MAR),06 JUN 2010,1124.0,women_TJ,2010,https://worldathletics.org/athletes/athlete=14273352,toplist
38.0,14.05,,Joanna SKIBIŃSKA,21 FEB 1985,POL,1,,Spala (POL) (i),28 FEB 2010,1122.0,women_TJ,2010,https://worldathletics.org/athletes/athlete=14294416,toplist
39.0,14.02,,Anna KRYLOVA,03 OCT 1985,RUS,1,,St. Petersburg (RUS) (i),24 JAN 2010,1119.0,women_TJ,2010,https://worldathletics.org/athletes/athlete=14298358,toplist
39.0,14.02,1.8,Yelena SIDORKINA,27 SEP 1988,RUS,1,,Saransk (RUS),14 AUG 2010,1119.0,women_TJ,2010,https://worldathletics.org/athletes/athlete=14299348,toplist
41.0,14.00,,Sun YAN,30 MAR 1991,CHN,1,,Beijing (CHN),13 MAY 2010,1117.0,women_TJ,2010,https://worldathletics.org/athletes/athlete=14264714,toplist
41.0,14.00,0.0,Nataliya YASTREBOVA,12 OCT 1984,UKR,2,,Yalta (UKR),29 MAY 2010,1117.0,women_TJ,2010,https://worldathletics.org/athletes/athlete=14304265,toplist
43.0,13.99,,Ayanna ALEXANDER,20 JUL 1982,TTO,1,,"Blacksburg, VA (USA) (i)",20 FEB 2010,1116.0,women_TJ,2010,https://worldathletics.org/athletes/athlete=14302968,toplist
43.0,13.99,0.6,Tabia CHARLES,06 APR 1985,CAN,4,,"Hayward Field, Eugene, OR (USA)",03 JUL 2010,1116.0,women_TJ,2010,https://worldathletics.org/athletes/athlete=14268220,toplist
45.0,13.96,1.2,Crystal MANNING,15 APR 1986,USA,1,,"Walnut, CA (USA)",17 APR 2010,1113.0,women_TJ,2010,https://worldathletics.org/athletes/athlete=14315962,toplist
46.0,13.95,,Yufei CHEN,26 JAN 1989,CHN,1,,Nanjing (CHN) (i),10 MAR 2010,1112.0,women_TJ,2010,https://worldathletics.org/athletes/athlete=14266640,toplist
46.0,13.95,,Yanan LIU,18 JAN 1987,CHN,2,,Beijing (CHN),13 MAY 2010,1112.0,women_TJ,2010,https://worldathletics.org/athletes/athlete=14265724,toplist
46.0,13.95,-2.6,Sarah NAMBAWA,23 SEP 1985,UGA,1,,"Nyayo National Stadium, Nairobi (KEN)",01 AUG 2010,1127.0,women_TJ,2010,https://worldathletics.org/athletes/athlete=14317714,toplist
49.0,13.94,,Paraskevi PAPACHRISTOU,17 APR 1989,GRE,1,,Athina (GRE) (i),06 FEB 2010,1111.0,women_TJ,2010,https://worldathletics.org/athletes/athlete=14280843,toplist
49.0,13.94,,Magdelín MARTÍNEZ,10 FEB 1976,ITA,1,,Torino (ITA) (i),28 FEB 2010,1111.0,women_TJ,2010,https://worldathletics.org/athletes/athlete=14284759,toplist
49.0,13.94,,Huiqin WANG,07 FEB 1990,CHN,3,,Beijing (CHN),13 MAY 2010,1111.0,women_TJ,2010,https://worldathletics.org/athletes/athlete=14265127,toplist
49.0,13.94,1.8,Martina DARMOVZALOVÁ-ŠESTÁKOVÁ,12 OCT 1978,CZE,1,,Třinec (CZE),18 JUL 2010,1111.0,women_TJ,2010,https://worldathletics.org/athletes/athlete=14263176,toplist
53.0,13.93,1.5,Ioanna GRAMATIKOPOULOU,19 OCT 1983,GRE,2,,Chania (GRE),31 MAY 2010,1110.0,women_TJ,2010,https://worldathletics.org/athletes/athlete=14280632,toplist
53.0,13.93,,Yekaterina KONEVA,25 SEP 1988,RUS,1q1,,Cheboksary (RUS),03 JUL 2010,1110.0,women_TJ,2010,https://worldathletics.org/athletes/athlete=14298189,toplist
53.0,13.93,1.2,Anna JAGACIAK,10 FEB 1990,POL,,,Bielsko-Biala (POL),10 JUL 2010,1110.0,women_TJ,2010,https://worldathletics.org/athletes/athlete=14293741,toplist
53.0,13.93,0.2,Alina POPESCU,27 OCT 1985,ROU,2,,Bucureşti (ROU),16 JUL 2010,1110.0,women_TJ,2010,https://worldathletics.org/athletes/athlete=14295866,toplist
57.0,13.92,1.3,Carmen Cristina TOMA,28 MAR 1989,ROU,q2,,"Estadio Olímpico, Barcelona (ESP)",29 JUL 2010,1109.0,women_TJ,2010,https://worldathletics.org/athletes/athlete=14295988,toplist
58.0,13.91,,Toni SMITH,13 OCT 1984,USA,f1,,"Sacramento, CA (USA)",29 MAY 2010,1108.0,women_TJ,2010,https://worldathletics.org/athletes/athlete=14321630,toplist
59.0,13.90,,Niki PANETTA,21 APR 1986,GRE,2,,Athina (GRE) (i),06 FEB 2010,1107.0,women_TJ,2010,https://worldathletics.org/athletes/athlete=14280822,toplist
60.0,13.89,,Ineta RADEVIČA,13 JUL 1981,LAT,2,,Moskva (RUS) (i),27 JAN 2010,1106.0,women_TJ,2010,https://worldathletics.org/athletes/athlete=14290066,toplist
60.0,13.89,-0.4,Valeriya KANATOVA,29 AUG 1992,UZB,3,,Bengaluru (IND),05 JUN 2010,1108.0,women_TJ,2010,https://worldathletics.org/athletes/athlete=14325021,toplist
62.0,13.88,,Shara PROCTOR,16 SEP 1988,AIA,1,,"Blacksburg, VA (USA) (i)",06 FEB 2010,1105.0,women_TJ,2010,https://worldathletics.org/athletes/athlete=14272929,toplist
62.0,13.88,0.7,Hanna DEMYDOVA,08 APR 1987,UKR,3,,Yalta (UKR),29 MAY 2010,1105.0,women_TJ,2010,https://worldathletics.org/athletes/athlete=14303525,toplist
62.0,13.88,0.8,Svitlana MAMYEYEVA,19 APR 1982,UKR,2,,Donetsk (UKR),04 JUL 2010,1105.0,women_TJ,2010,https://worldathletics.org/athletes/athlete=14303876,toplist
65.0,13.87,,Yanmei LI,06 FEB 1990,CHN,2,,Nanjing (CHN) (i),10 MAR 2010,1104.0,women_TJ,2010,https://worldathletics.org/athletes/athlete=14265929,toplist
66.0,13.86,1.6,Anastasiya MATVEYEVA,12 DEC 1988,RUS,,,Saransk (RUS),15 JUL 2010,1103.0,women_TJ,2010,https://worldathletics.org/athletes/athlete=14298574,toplist
66.0,13.86,-1.8,Anastasiya ZHURAVLYEVA,09 OCT 1981,UZB,1,,Tashkent (UZB),28 SEP 2010,1113.0,women_TJ,2010,https://worldathletics.org/athletes/athlete=14325082,toplist
66.0,13.86,,Alisa VLASOVA,16 SEP 1990,RUS,1,,St. Petersburg (RUS) (i),26 DEC 2010,1103.0,women_TJ,2010,https://worldathletics.org/athletes/athlete=14299720,toplist
69.0,13.85,0.3,Thitima MUANGJAN,13 APR 1983,THA,4,,Bengaluru (IND),05 JUN 2010,1102.0,women_TJ,2010,https://worldathletics.org/athletes/athlete=14302684,toplist
70.0,13.84,0.3,Kristin GIERISCH,20 AUG 1990,GER,2,,Bilbao (ESP),19 JUN 2010,1101.0,women_TJ,2010,https://worldathletics.org/athletes/athlete=14277718,toplist
71.0,13.83,1.3,Gisele LIMA DE OLIVEIRA,01 AUG 1980,BRA,4,,San Fernando (ESP),05 JUN 2010,1100.0,women_TJ,2010,https://worldathletics.org/athletes/athlete=14268998,toplist
71.0,13.83,1.2,Svetlana SEMYONOVA,24 AUG 1980,RUS,,,Saransk (RUS),15 JUL 2010,1100.0,women_TJ,2010,https://worldathletics.org/athletes/athlete=14299213,toplist
73.0,13.81,1.4,Tingting XU,12 JUL 1989,CHN,3,,Suzhou (CHN),24 APR 2010,1098.0,women_TJ,2010,https://worldathletics.org/athletes/athlete=14264774,toplist
74.0,13.80,1.7,Ruslana TSYKHOTSKA,23 MAR 1986,UKR,4,,Donetsk (UKR),04 JUL 2010,1097.0,women_TJ,2010,https://worldathletics.org/athletes/athlete=14304274,toplist
75.0,13.79,,Haoua KESSELY,02 FEB 1988,FRA,1,,Aubière (FRA) (i),13 FEB 2010,1096.0,women_TJ,2010,https://worldathletics.org/athletes/athlete=14256931,toplist
75.0,13.79,1.0,Keila COSTA,06 FEB 1983,BRA,,,São Paulo (BRA),16 SEP 2010,1096.0,women_TJ,2010,https://worldathletics.org/athletes/athlete=14269284,toplist
77.0,13.78,0.5,Marija ŠESTAK,17 APR 1979,SLO,4,,Barcelona (ESP),09 JUL 2010,1095.0,women_TJ,2010,https://worldathletics.org/athletes/athlete=14300186,toplist
78.0,13.76,2.0,Nelly TCHAYEM,04 AUG 1983,FRA,1,,Valence (FRA),10 JUL 2010,1093.0,women_TJ,2010,https://worldathletics.org/athletes/athlete=14274020,toplist
79.0,13.75,,Biljana TOPIĆ,17 OCT 1977,SRB,5,,Düsseldorf (GER) (i),03 FEB 2010,1092.0,women_TJ,2010,https://worldathletics.org/athletes/athlete=14300387,toplist
79.0,13.75,0.9,Laura SAMUEL,19 FEB 1991,GBR,2,,"Croix-Bleue Medavie Stadium, Moncton (CAN)",22 JUL 2010,1092.0,women_TJ,2010,https://worldathletics.org/athletes/athlete=14276265,toplist
81.0,13.73,-0.7,Ana Lucia JOSE TIMA,10 OCT 1989,DOM,5,,La Habana (CUB),21 MAY 2010,1094.0,women_TJ,2010,https://worldathletics.org/athletes/athlete=14369521,toplist
82.0,13.72,1.8,Linuo DENG,16 MAR 1992,CHN,3,,"Croix-Bleue Medavie Stadium, Moncton (CAN)",22 JUL 2010,1089.0,women_TJ,2010,https://worldathletics.org/athletes/athlete=14266563,toplist
82.0,13.72,0.0,Maliakhal PRAJUSHA,20 MAY 1987,IND,4,,New Delhi (IND),08 OCT 2010,1089.0,women_TJ,2010,https://worldathletics.org/athletes/athlete=14283002,toplist
84.0,13.71,0.3,Maja BRATKIČ,14 MAY 1991,SLO,1,,Novo Mesto (SLO),29 JUN 2010,1088.0,women_TJ,2010,https://worldathletics.org/athletes/athlete=14300092,toplist
84.0,13.71,1.0,Jolanta VERSECKAITÉ,09 FEB 1988,LTU,1,,Kaunas (LTU),10 JUL 2010,1088.0,women_TJ,2010,https://worldathletics.org/athletes/athlete=14290431,toplist
84.0,13.71,-2.5,Domike NKIRUKA,28 AUG 1985,NGR,2,,"Nyayo National Stadium, Nairobi (KEN)",01 AUG 2010,1103.0,women_TJ,2010,https://worldathletics.org/athletes/athlete=14292447,toplist
84.0,13.71,-0.4,Tânia FERREIRA DA SILVA,17 DEC 1986,BRA,,,São Paulo (BRA),16 SEP 2010,1090.0,women_TJ,2010,https://worldathletics.org/athletes/athlete=14269058,toplist
88.0,13.70,,Nastassia MIRONCHYK-IVANOVA,13 APR 1989,BLR,2,,Mogilyov (BLR) (i),12 FEB 2010,1087.0,women_TJ,2010,https://worldathletics.org/athletes/athlete=14269729,toplist
88.0,13.70,1.0,Yanmei LIU,29 AUG 1987,CHN,1,,Hefei (CHN),13 JUN 2010,1087.0,women_TJ,2010,https://worldathletics.org/athletes/athlete=14941220,toplist
88.0,13.70,0.0,Yana BORODINA,21 APR 1992,RUS,1q1,,Cheboksary (RUS),19 JUN 2010,1087.0,women_TJ,2010,https://worldathletics.org/athletes/athlete=14330061,toplist
91.0,13.69,2.0,Jenny ELBE,18 APR 1990,GER,1,,Chemnitz (GER),20 JUN 2010,1086.0,women_TJ,2010,https://worldathletics.org/athletes/athlete=14277482,toplist
92.0,13.68,,Karoline KÖHLER,20 FEB 1984,GER,4,,"Fayetteville, AR (USA) (i)",13 MAR 2010,1085.0,women_TJ,2010,https://worldathletics.org/athletes/athlete=14278459,toplist
92.0,13.68,0.8,Gita DODOVA,02 MAY 1982,BUL,,,Sofia (BUL),13 JUN 2010,1085.0,women_TJ,2010,https://worldathletics.org/athletes/athlete=14268721,toplist
92.0,13.68,0.0,Mayookha JOHNY,04 SEP 1988,IND,1,,Patiala (IND),06 AUG 2010,1085.0,women_TJ,2010,https://worldathletics.org/athletes/athlete=14282867,toplist
92.0,13.68,0.3,Xianting YAN,16 MAY 1990,CHN,5,,Jinan (CHN),07 AUG 2010,1085.0,women_TJ,2010,https://worldathletics.org/athletes/athlete=14264709,toplist
92.0,13.68,0.4,Nadia WILLIAMS,17 NOV 1981,GBR,2f1,,Hendon (GBR),08 AUG 2010,1085.0,women_TJ,2010,https://worldathletics.org/athletes/athlete=14276762,toplist
97.0,13.67,,Marina SAMBORSKAYA,06 APR 1977,UKR,2,,Zaporozhye (UKR) (i),30 JAN 2010,1084.0,women_TJ,2010,https://worldathletics.org/athletes/athlete=14304117,toplist
98.0,13.65,1.5,Zhanna KNYAZHEVA,25 SEP 1989,UKR,5,,Yalta (UKR),29 MAY 2010,1082.0,women_TJ,2010,https://worldathletics.org/athletes/athlete=14303717,toplist
98.0,13.65,0.0,Otonye IWORIMA,13 APR 1976,NGR,3,,"Nyayo National Stadium, Nairobi (KEN)",01 AUG 2010,1082.0,women_TJ,2010,https://worldathletics.org/athletes/athlete=14292508,toplist
100.0,13.64,-1.4,Baya RAHOULI,27 JUL 1979,ALG,4,,"Nyayo National Stadium, Nairobi (KEN)",01 AUG 2010,1089.0,women_TJ,2010,https://worldathletics.org/athletes/athlete=14272772,toplist
1.0,14.99,-0.1,Yargelis SAVIGNE,13 NOV 1984,CUB,1,,"Stade de France, Paris-St-Denis (FRA)",08 JUL 2011,1219.0,women_TJ,2011,https://worldathletics.org/athletes/athlete=14263384,toplist
1.0,14.99,1.7,Caterine IBARGUEN,12 FEB 1984,COL,1,,Bogotá (COL),13 AUG 2011,1219.0,women_TJ,2011,https://worldathletics.org/athletes/athlete=14263994,toplist
3.0,14.98,0.6,Olha SALADUKHA,04 JUN 1983,UKR,1,,"Hayward Field, Eugene, OR (USA)",04 JUN 2011,1218.0,women_TJ,2011,https://worldathletics.org/athletes/athlete=14304115,toplist
4.0,14.96,1.9,Olga RYPAKOVA,30 NOV 1984,KAZ,1,,Almaty (KAZ),27 JUL 2011,1216.0,women_TJ,2011,https://worldathletics.org/athletes/athlete=14288693,toplist
5.0,14.72,1.0,Paraskevi PAPACHRISTOU,17 APR 1989,GRE,1,,Chania (GRE),11 JUN 2011,1191.0,women_TJ,2011,https://worldathletics.org/athletes/athlete=14280843,toplist
6.0,14.67,1.5,Natalya ALEKSEYEVA,28 NOV 1986,RUS,1,,Huelva (ESP),02 JUN 2011,1186.0,women_TJ,2011,https://worldathletics.org/athletes/athlete=14298366,toplist
6.0,14.67,0.4,Mabel GAY,05 MAY 1983,CUB,4,,"DS, Daegu (KOR)",01 SEP 2011,1186.0,women_TJ,2011,https://worldathletics.org/athletes/athlete=14263558,toplist
8.0,14.61,-0.2,Josleidy RIBALTA,02 MAY 1990,CUB,2,,La Habana (CUB),18 FEB 2011,1181.0,women_TJ,2011,https://worldathletics.org/athletes/athlete=14263410,toplist
9.0,14.60,,Simona LA MANTIA,14 APR 1983,ITA,1,,"Palais Omnisports de Paris-Bercy, Paris (FRA) (i)",05 MAR 2011,1179.0,women_TJ,2011,https://worldathletics.org/athletes/athlete=14284563,toplist
10.0,14.57,1.2,Katja DEMUT,21 DEC 1983,GER,1,,Wesel (GER),13 JUN 2011,1176.0,women_TJ,2011,https://worldathletics.org/athletes/athlete=14277335,toplist
11.0,14.56,2.0,Dailenys ALCÁNTARA,10 AUG 1991,CUB,3,,La Habana (CUB),18 FEB 2011,1175.0,women_TJ,2011,https://worldathletics.org/athletes/athlete=14263704,toplist
12.0,14.55,0.5,Alsu MURTAZINA,12 DEC 1987,RUS,1,,Cheboksary (RUS),24 JUL 2011,1174.0,women_TJ,2011,https://worldathletics.org/athletes/athlete=14298683,toplist
12.0,14.55,1.2,Niki PANETTA,21 APR 1986,GRE,2,,Athina (GRE),30 JUL 2011,1174.0,women_TJ,2011,https://worldathletics.org/athletes/athlete=14280822,toplist
14.0,14.54,1.9,Limei XIE,27 JUN 1986,CHN,1,,Kobe (JPN),09 JUL 2011,1173.0,women_TJ,2011,https://worldathletics.org/athletes/athlete=14264849,toplist
15.0,14.50,1.7,Nataliya YASTREBOVA,12 OCT 1984,UKR,1,,Yalta (UKR),01 JUN 2011,1169.0,women_TJ,2011,https://worldathletics.org/athletes/athlete=14304265,toplist
15.0,14.50,0.4,Yamilé ALDAMA,14 AUG 1972,GBR,5,,"DS, Daegu (KOR)",01 SEP 2011,1169.0,women_TJ,2011,https://worldathletics.org/athletes/athlete=14300566,toplist
17.0,14.48,1.1,Yekaterina EKTOVA,30 AUG 1992,KAZ,2,,Almaty (KAZ),27 JUL 2011,1167.0,women_TJ,2011,https://worldathletics.org/athletes/athlete=14288595,toplist
17.0,14.48,0.9,Dana VELĎÁKOVÁ,03 JUN 1981,SVK,3,,"Crystal Palace, London (GBR)",05 AUG 2011,1167.0,women_TJ,2011,https://worldathletics.org/athletes/athlete=14301624,toplist
19.0,14.45,,Olesya IVANENKO,06 OCT 1982,RUS,2,,"Palais Omnisports de Paris-Bercy, Paris (FRA) (i)",05 MAR 2011,1164.0,women_TJ,2011,https://worldathletics.org/athletes/athlete=14297458,toplist
19.0,14.45,1.3,Ruslana TSYKHOTSKA,23 MAR 1986,UKR,2,,Yalta (UKR),01 JUN 2011,1164.0,women_TJ,2011,https://worldathletics.org/athletes/athlete=14304274,toplist
21.0,14.42,1.2,Yarianna MARTÍNEZ,20 SEP 1984,CUB,4,,La Habana (CUB),18 FEB 2011,1160.0,women_TJ,2011,https://worldathletics.org/athletes/athlete=14263491,toplist
21.0,14.42,1.5,Patrícia MAMONA,21 NOV 1988,POR,1,,Lisboa (POR),31 JUL 2011,1160.0,women_TJ,2011,https://worldathletics.org/athletes/athlete=14294964,toplist
23.0,14.39,1.7,Baya RAHOULI,27 JUL 1979,ALG,2,,Castres (FRA),19 JUL 2011,1157.0,women_TJ,2011,https://worldathletics.org/athletes/athlete=14272772,toplist
24.0,14.35,,Snežana VUKMIROVIČ,19 AUG 1982,SLO,4,,"Palais Omnisports de Paris-Bercy, Paris (FRA) (i)",05 MAR 2011,1153.0,women_TJ,2011,https://worldathletics.org/athletes/athlete=14300285,toplist
24.0,14.35,0.3,Yanmei LI,06 FEB 1990,CHN,2,,"Shanghai Stadium, Shanghai (CHN)",15 MAY 2011,1153.0,women_TJ,2011,https://worldathletics.org/athletes/athlete=14265929,toplist
24.0,14.35,2.0,Anna KRYLOVA,03 OCT 1985,RUS,1,,Sochi (RUS),25 MAY 2011,1153.0,women_TJ,2011,https://worldathletics.org/athletes/athlete=14298358,toplist
24.0,14.35,1.4,Aleksandra KOTLYAROVA,10 OCT 1988,UZB,1,,Tashkent (UZB),11 JUN 2011,1153.0,women_TJ,2011,https://worldathletics.org/athletes/athlete=14325034,toplist
24.0,14.35,,Yana BORODINA,21 APR 1992,RUS,1,,Moskva (RUS),15 JUN 2011,1153.0,women_TJ,2011,https://worldathletics.org/athletes/athlete=14330061,toplist
29.0,14.34,1.3,Andriyana BANOVA,01 MAY 1987,BUL,1,,Sliven (BUL),02 JUL 2011,1152.0,women_TJ,2011,https://worldathletics.org/athletes/athlete=14268751,toplist
30.0,14.33,0.9,Trecia Kaye SMITH,05 NOV 1975,JAM,1,,Montgeron (FRA),15 MAY 2011,1151.0,women_TJ,2011,https://worldathletics.org/athletes/athlete=14285924,toplist
31.0,14.32,0.4,Anastasiya ZHURAVLYEVA,09 OCT 1981,UZB,2,,Tashkent (UZB),11 JUN 2011,1150.0,women_TJ,2011,https://worldathletics.org/athletes/athlete=14325082,toplist
31.0,14.32,1.2,Natallia VYATKINA,10 FEB 1987,BLR,1,,Minsk (BLR),22 JUN 2011,1150.0,women_TJ,2011,https://worldathletics.org/athletes/athlete=14269537,toplist
33.0,14.31,,Svetlana BOLSHAKOVA,14 OCT 1984,BEL,1,,Gent (BEL) (i),13 FEB 2011,1149.0,women_TJ,2011,https://worldathletics.org/athletes/athlete=14297425,toplist
34.0,14.30,0.9,Yusmay BICET,08 DEC 1983,CUB,5,,La Habana (CUB),18 FEB 2011,1148.0,women_TJ,2011,https://worldathletics.org/athletes/athlete=14263675,toplist
34.0,14.30,1.8,Marija ŠESTAK,17 APR 1979,SLO,1,,Ljubljana (SLO),27 JUL 2011,1148.0,women_TJ,2011,https://worldathletics.org/athletes/athlete=14300186,toplist
34.0,14.30,0.3,Cristina-Ioana BUJIN,12 APR 1988,ROU,1q2,,"National Stadium, Shenzhen (CHN)",18 AUG 2011,1148.0,women_TJ,2011,https://worldathletics.org/athletes/athlete=14295465,toplist
37.0,14.29,1.9,Nastassia MIRONCHYK-IVANOVA,13 APR 1989,BLR,1,,Minsk (BLR),04 JUN 2011,1147.0,women_TJ,2011,https://worldathletics.org/athletes/athlete=14269729,toplist
38.0,14.28,0.9,Valeriya KANATOVA,29 AUG 1992,UZB,3,,Tashkent (UZB),11 JUN 2011,1146.0,women_TJ,2011,https://worldathletics.org/athletes/athlete=14325021,toplist
39.0,14.27,-0.5,Adelina GAVRILĂ,26 NOV 1978,ROU,1,,Constanta (ROU),03 JUN 2011,1148.0,women_TJ,2011,https://worldathletics.org/athletes/athlete=14295619,toplist
40.0,14.26,,Maria KOTROUTSOU,1991,GRE,2,,Peania (GRE) (i),20 FEB 2011,1144.0,women_TJ,2011,https://worldathletics.org/athletes/greece/maria-kotroutsou-14409162,toplist
40.0,14.26,1.3,Svitlana MAMYEYEVA,19 APR 1982,UKR,3,,Yalta (UKR),01 JUN 2011,1144.0,women_TJ,2011,https://worldathletics.org/athletes/athlete=14303876,toplist
42.0,14.25,-1.2,Kimberly WILLIAMS,03 NOV 1988,JAM,1,,"National Stadium, Kingston (JAM)",07 MAY 2011,1150.0,women_TJ,2011,https://worldathletics.org/athletes/athlete=14285998,toplist
42.0,14.25,2.0,Anna JAGACIAK,10 FEB 1990,POL,1,,Gdansk (POL),03 JUL 2011,1143.0,women_TJ,2011,https://worldathletics.org/athletes/athlete=14293741,toplist
42.0,14.25,0.6,Yekaterina KONEVA,25 SEP 1988,RUS,1,,"National Stadium, Shenzhen (CHN)",20 AUG 2011,1143.0,women_TJ,2011,https://worldathletics.org/athletes/athlete=14298189,toplist
45.0,14.24,-0.8,Keila COSTA,06 FEB 1983,BRA,1,,São Paulo (BRA),23 FEB 2011,1146.0,women_TJ,2011,https://worldathletics.org/athletes/athlete=14269284,toplist
45.0,14.24,-0.6,Anna PYATYKH,04 APR 1981,RUS,1,,Moskva (RUS),10 JUL 2011,1145.0,women_TJ,2011,https://worldathletics.org/athletes/athlete=14299042,toplist
47.0,14.21,0.1,Biljana TOPIĆ,17 OCT 1977,SRB,6q2,,"DS, Daegu (KOR)",30 AUG 2011,1139.0,women_TJ,2011,https://worldathletics.org/athletes/athlete=14300387,toplist
48.0,14.20,,Petya DACHEVA,10 MAR 1985,BUL,5q,,"Palais Omnisports de Paris-Bercy, Paris (FRA) (i)",04 MAR 2011,1138.0,women_TJ,2011,https://worldathletics.org/athletes/athlete=14268743,toplist
48.0,14.20,1.9,Zhanna KNYAZHEVA,25 SEP 1989,UKR,4,,Yalta (UKR),01 JUN 2011,1138.0,women_TJ,2011,https://worldathletics.org/athletes/athlete=14303717,toplist
50.0,14.18,2.0,Amanda SMOCK,27 APR 1982,USA,1,,"Chula Vista, CA (USA)",06 AUG 2011,1136.0,women_TJ,2011,https://worldathletics.org/athletes/athlete=14403625,toplist
51.0,14.16,,Małgorzata TRYBAŃSKA,21 JUN 1981,POL,2,,Chemnitz (GER) (i),27 JAN 2011,1134.0,women_TJ,2011,https://worldathletics.org/athletes/athlete=14294570,toplist
52.0,14.14,0.9,Irina GUMENYUK,06 JAN 1988,RUS,6,,Cheboksary (RUS),24 JUL 2011,1132.0,women_TJ,2011,https://worldathletics.org/athletes/athlete=14297885,toplist
53.0,14.12,1.4,Valeriya ZAVYALOVA,16 JAN 1988,RUS,8,,Cheboksary (RUS),24 JUL 2011,1130.0,women_TJ,2011,https://worldathletics.org/athletes/athlete=14299863,toplist
53.0,14.12,1.4,Gisele LIMA DE OLIVEIRA,01 AUG 1980,BRA,,,São Paulo (BRA),26 AUG 2011,1130.0,women_TJ,2011,https://worldathletics.org/athletes/athlete=14268998,toplist
55.0,14.11,0.9,Mayookha JOHNY,04 SEP 1988,IND,3,,Kobe (JPN),09 JUL 2011,1129.0,women_TJ,2011,https://worldathletics.org/athletes/athlete=14282867,toplist
56.0,14.10,,Kristin GIERISCH,20 AUG 1990,GER,1,,Chemnitz (GER) (i),23 JAN 2011,1128.0,women_TJ,2011,https://worldathletics.org/athletes/athlete=14277718,toplist
56.0,14.10,1.7,Patricia SARRAPIO,16 NOV 1982,ESP,3,,"Olympiastadion, Stockholm (SWE)",18 JUN 2011,1128.0,women_TJ,2011,https://worldathletics.org/athletes/athlete=14260478,toplist
58.0,14.07,0.7,Carmen Cristina TOMA,28 MAR 1989,ROU,2,,Bucureşti (ROU),09 AUG 2011,1125.0,women_TJ,2011,https://worldathletics.org/athletes/athlete=14295988,toplist
59.0,14.06,0.0,Sarah NAMBAWA,23 SEP 1985,UGA,1,,"Nashville, TN (USA)",09 APR 2011,1124.0,women_TJ,2011,https://worldathletics.org/athletes/athlete=14317714,toplist
59.0,14.06,1.0,Blessing UFODIAMA,28 NOV 1981,USA,2,,"Hayward Field, Eugene, OR (USA)",04 JUN 2011,1124.0,women_TJ,2011,https://worldathletics.org/athletes/athlete=14323129,toplist
61.0,14.05,1.5,Kseniya DZIATSUK,23 APR 1986,BLR,2,,Grodno (BLR),08 JUL 2011,1122.0,women_TJ,2011,https://worldathletics.org/athletes/athlete=14269678,toplist
62.0,14.03,0.0,Francoise MBANGO ETONE,14 APR 1976,FRA,1,,Forbach (FRA),29 MAY 2011,1120.0,women_TJ,2011,https://worldathletics.org/athletes/athlete=14264112,toplist
63.0,14.02,,Yekaterina KAYUKOVA-CHERNENKO,09 OCT 1986,RUS,5,,Moskva (RUS) (i),18 FEB 2011,1119.0,women_TJ,2011,https://worldathletics.org/athletes/athlete=14298053,toplist
64.0,14.01,0.1,Nathalie MARIE-NELY,24 NOV 1986,FRA,2,,Forbach (FRA),29 MAY 2011,1118.0,women_TJ,2011,https://worldathletics.org/athletes/athlete=14273033,toplist
64.0,14.01,-0.3,Irina EKTOVA,08 JAN 1987,KAZ,1,,Almaty (KAZ),18 JUN 2011,1119.0,women_TJ,2011,https://worldathletics.org/athletes/athlete=14288653,toplist
66.0,14.00,0.8,Anastasiya POTAPOVA,06 SEP 1985,RUS,,,Cheboksary (RUS),24 JUL 2011,1117.0,women_TJ,2011,https://worldathletics.org/athletes/athlete=14299520,toplist
67.0,13.97,2.0,Martyna BIELAWSKA,15 NOV 1990,POL,2,,Gdansk (POL),03 JUL 2011,1114.0,women_TJ,2011,https://worldathletics.org/athletes/athlete=14293430,toplist
68.0,13.96,1.5,Veera BARANOVA,12 FEB 1984,EST,,,Rakvere (EST),07 JUN 2011,1113.0,women_TJ,2011,https://worldathletics.org/athletes/athlete=14260200,toplist
69.0,13.95,1.4,Viktoriya RYBALKO,26 OCT 1982,UKR,5,,Yalta (UKR),01 JUN 2011,1112.0,women_TJ,2011,https://worldathletics.org/athletes/athlete=14304108,toplist
70.0,13.94,0.2,Nadezhda ALYOKHINA,22 SEP 1978,RUS,3,,"Hayward Field, Eugene, OR (USA)",04 JUN 2011,1111.0,women_TJ,2011,https://worldathletics.org/athletes/athlete=14297338,toplist
70.0,13.94,2.0,Crystal MANNING,15 APR 1986,USA,2,,"Hayward Field, Eugene, OR (USA)",24 JUN 2011,1111.0,women_TJ,2011,https://worldathletics.org/athletes/athlete=14315962,toplist
72.0,13.93,0.3,Haoua KESSELY,02 FEB 1988,FRA,1,,Paris (FRA),10 JUL 2011,1110.0,women_TJ,2011,https://worldathletics.org/athletes/athlete=14256931,toplist
72.0,13.93,0.6,Huiqin WANG,07 FEB 1990,CHN,2,,Hefei (CHN),10 SEP 2011,1110.0,women_TJ,2011,https://worldathletics.org/athletes/athlete=14265127,toplist
74.0,13.92,,Jenny ELBE,18 APR 1990,GER,4,,Chemnitz (GER) (i),27 JAN 2011,1109.0,women_TJ,2011,https://worldathletics.org/athletes/athlete=14277482,toplist
75.0,13.90,0.3,Nelly TCHAYEM,04 AUG 1983,FRA,2,,"Walnut, CA (USA)",16 APR 2011,1107.0,women_TJ,2011,https://worldathletics.org/athletes/athlete=14274020,toplist
76.0,13.89,,Ineta RADEVIČA,13 JUL 1981,LAT,11q,,"Palais Omnisports de Paris-Bercy, Paris (FRA) (i)",04 MAR 2011,1106.0,women_TJ,2011,https://worldathletics.org/athletes/athlete=14290066,toplist
76.0,13.89,1.7,Toni SMITH,13 OCT 1984,USA,1,,"Jacksonville, FL (USA)",14 MAY 2011,1106.0,women_TJ,2011,https://worldathletics.org/athletes/athlete=14321630,toplist
76.0,13.89,0.0,Linuo DENG,16 MAR 1992,CHN,2q2,,"National Stadium, Shenzhen (CHN)",18 AUG 2011,1106.0,women_TJ,2011,https://worldathletics.org/athletes/athlete=14266563,toplist
79.0,13.88,,Hanna DEMYDOVA,08 APR 1987,UKR,1,,"Houston, TX (USA) (i)",26 FEB 2011,1105.0,women_TJ,2011,https://worldathletics.org/athletes/athlete=14303525,toplist
80.0,13.83,1.5,Anja VALANT-VELEPEC,08 SEP 1977,SLO,2,,Celje (SLO),08 JUN 2011,1100.0,women_TJ,2011,https://worldathletics.org/athletes/athlete=14300273,toplist
81.0,13.82,0.3,Shakeema WALKER-WELSCH,10 NOV 1976,USA,3,,"Walnut, CA (USA)",16 APR 2011,1099.0,women_TJ,2011,https://worldathletics.org/athletes/athlete=14323545,toplist
81.0,13.82,0.2,Linda LEVERTON,22 MAR 1987,AUS,5,,Wunjiang (CHN),29 MAY 2011,1099.0,women_TJ,2011,https://worldathletics.org/athletes/athlete=14272518,toplist
81.0,13.82,0.7,Tingting XU,12 JUL 1989,CHN,2,,Nanchang (CHN),17 JUL 2011,1099.0,women_TJ,2011,https://worldathletics.org/athletes/athlete=14264774,toplist
84.0,13.81,2.0,Māra GRĪVA,04 AUG 1989,LAT,1,,"Norman, OK (USA)",13 MAY 2011,1098.0,women_TJ,2011,https://worldathletics.org/athletes/athlete=14289988,toplist
85.0,13.80,,Yelena IVANOVA,16 MAR 1979,RUS,2,,St. Petersburg (RUS) (i),23 JAN 2011,1097.0,women_TJ,2011,https://worldathletics.org/athletes/athlete=14297969,toplist
86.0,13.78,1.1,Ruth NDOUMBE,01 JAN 1987,ESP,2,,Málaga (ESP),06 AUG 2011,1095.0,women_TJ,2011,https://worldathletics.org/athletes/athlete=14260905,toplist
87.0,13.77,1.7,Nadia WILLIAMS,17 NOV 1981,GBR,1,,Bedford (GBR),12 JUN 2011,1094.0,women_TJ,2011,https://worldathletics.org/athletes/athlete=14276762,toplist
88.0,13.76,,Domike NKIRUKA,28 AUG 1985,NGR,2,,"Fayetteville, AR (USA) (i)",12 FEB 2011,1093.0,women_TJ,2011,https://worldathletics.org/athletes/athlete=14292447,toplist
88.0,13.76,0.0,Yasmine REGIS,12 DEC 1986,GBR,6,,"Crystal Palace, London (GBR)",05 AUG 2011,1093.0,women_TJ,2011,https://worldathletics.org/athletes/athlete=14276158,toplist
88.0,13.76,-0.5,Huy Hoa TRAN,08 AUG 1991,VIE,1,,Palembang (INA),14 NOV 2011,1096.0,women_TJ,2011,https://worldathletics.org/athletes/athlete=14377267,toplist
91.0,13.75,,Yanan LIU,18 JAN 1987,CHN,3,,Nanjing (CHN) (i),23 FEB 2011,1092.0,women_TJ,2011,https://worldathletics.org/athletes/athlete=14265724,toplist
91.0,13.75,1.3,Hye-kyong CHUNG,13 APR 1981,KOR,1,,Andong (KOR),12 APR 2011,1092.0,women_TJ,2011,https://worldathletics.org/athletes/athlete=14289625,toplist
91.0,13.75,1.0,Ioanna GRAMATIKOPOULOU,19 OCT 1983,GRE,4,,Chania (GRE),11 JUN 2011,1092.0,women_TJ,2011,https://worldathletics.org/athletes/athlete=14280632,toplist
94.0,13.73,0.6,Maria Natalia LONDA,29 OCT 1990,INA,2,,Palembang (INA),14 NOV 2011,1090.0,women_TJ,2011,https://worldathletics.org/athletes/athlete=14282715,toplist
95.0,13.72,1.0,Katarzyna PLONKA,28 JUN 1988,POL,1,,Łódź (POL),22 MAY 2011,1089.0,women_TJ,2011,https://worldathletics.org/athletes/athlete=14294280,toplist
96.0,13.70,,Jiajia YAO,07 APR 1988,CHN,1,,Shanghai (CHN) (i),27 FEB 2011,1087.0,women_TJ,2011,https://worldathletics.org/athletes/athlete=14266226,toplist
96.0,13.70,1.9,Anna VENHRUS,10 NOV 1988,UKR,2,,Yalta (UKR),19 MAY 2011,1087.0,women_TJ,2011,https://worldathletics.org/athletes/athlete=14303730,toplist
96.0,13.70,0.0,Liuba Maria ZALDÍVAR,05 APR 1993,CUB,1,,La Habana (CUB),10 JUN 2011,1087.0,women_TJ,2011,https://worldathletics.org/athletes/athlete=14412596,toplist
96.0,13.70,1.9,Otonye IWORIMA,13 APR 1976,NGR,1,,Calabar (NGR),23 JUN 2011,1087.0,women_TJ,2011,https://worldathletics.org/athletes/athlete=14292508,toplist
96.0,13.70,0.9,Susana COSTA,22 SEP 1984,POR,,,Lisboa (POR),31 JUL 2011,1087.0,women_TJ,2011,https://worldathletics.org/athletes/athlete=14294840,toplist
1.0,14.99,0.2,Olha SALADUKHA,04 JUN 1983,UKR,1,,"Olympiastadion, Helsinki (FIN)",29 JUN 2012,1219.0,women_TJ,2012,https://worldathletics.org/athletes/athlete=14304115,toplist
2.0,14.98,-0.4,Olga RYPAKOVA,30 NOV 1984,KAZ,1,,"Olympic Stadium, London (GBR)",05 AUG 2012,1220.0,women_TJ,2012,https://worldathletics.org/athletes/athlete=14288693,toplist
3.0,14.95,0.9,Caterine IBARGUEN,12 FEB 1984,COL,1,,Medellín (COL),28 APR 2012,1215.0,women_TJ,2012,https://worldathletics.org/athletes/athlete=14263994,toplist
4.0,14.82,,Yamilé ALDAMA,14 AUG 1972,GBR,1,,"Ataköy Arena, Istanbul (TUR) (i)",10 MAR 2012,1202.0,women_TJ,2012,https://worldathletics.org/athletes/athlete=14300566,toplist
5.0,14.76,0.4,Kseniya DZIATSUK,23 APR 1986,BLR,,,Brest (BLR),26 MAY 2012,1195.0,women_TJ,2012,https://worldathletics.org/athletes/athlete=14269678,toplist
6.0,14.71,2.0,Zhanna KNYAZHEVA,25 SEP 1989,UKR,1,,Yalta (UKR),15 JUN 2012,1190.0,women_TJ,2012,https://worldathletics.org/athletes/athlete=14303717,toplist
6.0,14.71,1.4,Athanasia PERRA,02 FEB 1983,GRE,1,,Athina (GRE),16 JUN 2012,1190.0,women_TJ,2012,https://worldathletics.org/athletes/athlete=14280861,toplist
8.0,14.68,,Tatyana LEBEDEVA,21 JUL 1976,RUS,1,,Cheboksary (RUS),04 JUL 2012,1187.0,women_TJ,2012,https://worldathletics.org/athletes/athlete=14298427,toplist
9.0,14.64,,Viktoriya GUROVA,22 MAY 1982,RUS,2,,Cheboksary (RUS),04 JUL 2012,1183.0,women_TJ,2012,https://worldathletics.org/athletes/athlete=14297891,toplist
10.0,14.60,,Yekaterina KONEVA,25 SEP 1988,RUS,1,,Krasnodar (RUS) (i),29 JAN 2012,1179.0,women_TJ,2012,https://worldathletics.org/athletes/athlete=14298189,toplist
11.0,14.58,-1.4,Dailenys ALCÁNTARA,10 AUG 1991,CUB,1,,La Habana (CUB),27 MAY 2012,1185.0,women_TJ,2012,https://worldathletics.org/athletes/athlete=14263704,toplist
11.0,14.58,0.9,Paraskevi PAPACHRISTOU,17 APR 1989,GRE,2,,Athina (GRE),16 JUN 2012,1177.0,women_TJ,2012,https://worldathletics.org/athletes/athlete=14280843,toplist
13.0,14.55,,Yargelis SAVIGNE,13 NOV 1984,CUB,1,,Metz (FRA) (i),29 FEB 2012,1174.0,women_TJ,2012,https://worldathletics.org/athletes/athlete=14263384,toplist
14.0,14.53,1.0,Ruslana TSYKHOTSKA,23 MAR 1986,UKR,1,,Yalta (UKR),29 MAY 2012,1172.0,women_TJ,2012,https://worldathletics.org/athletes/athlete=14304274,toplist
14.0,14.53,0.0,Kimberly WILLIAMS,03 NOV 1988,JAM,1q1,,"Olympic Stadium, London (GBR)",03 AUG 2012,1172.0,women_TJ,2012,https://worldathletics.org/athletes/athlete=14285998,toplist
16.0,14.52,1.8,Patrícia MAMONA,21 NOV 1988,POR,2,,"Olympiastadion, Helsinki (FIN)",29 JUN 2012,1171.0,women_TJ,2012,https://worldathletics.org/athletes/athlete=14294964,toplist
17.0,14.50,1.9,Hanna DEMYDOVA,08 APR 1987,UKR,2,,Yalta (UKR),15 JUN 2012,1169.0,women_TJ,2012,https://worldathletics.org/athletes/athlete=14303525,toplist
17.0,14.50,1.7,Niki PANETTA,21 APR 1986,GRE,3,,Athina (GRE),16 JUN 2012,1169.0,women_TJ,2012,https://worldathletics.org/athletes/athlete=14280822,toplist
17.0,14.50,,Veronika SEMASHKO,17 OCT 1990,RUS,3,,Cheboksary (RUS),04 JUL 2012,1169.0,women_TJ,2012,https://worldathletics.org/athletes/athlete=14298669,toplist
20.0,14.43,0.3,Yekaterina KAYUKOVA-CHERNENKO,09 OCT 1986,RUS,2,,Moskva (RUS),21 JUN 2012,1161.0,women_TJ,2012,https://worldathletics.org/athletes/athlete=14298053,toplist
21.0,14.41,1.8,Yana BORODINA,21 APR 1992,RUS,1,,Sochi (RUS),27 MAY 2012,1159.0,women_TJ,2012,https://worldathletics.org/athletes/athlete=14330061,toplist
21.0,14.41,,Olesya IVANENKO,06 OCT 1982,RUS,4,,Cheboksary (RUS),04 JUL 2012,1159.0,women_TJ,2012,https://worldathletics.org/athletes/athlete=14297458,toplist
23.0,14.40,0.7,Mabel GAY,05 MAY 1983,CUB,1,,Belém (BRA),06 MAY 2012,1158.0,women_TJ,2012,https://worldathletics.org/athletes/athlete=14263558,toplist
23.0,14.40,,Anna KRYLOVA,03 OCT 1985,RUS,5,,Cheboksary (RUS),04 JUL 2012,1158.0,women_TJ,2012,https://worldathletics.org/athletes/athlete=14298358,toplist
25.0,14.37,0.1,Valeriya ZAVYALOVA,16 JAN 1988,RUS,1,,Krasnodar (RUS),09 JUN 2012,1155.0,women_TJ,2012,https://worldathletics.org/athletes/athlete=14299863,toplist
26.0,14.36,0.5,Dana VELĎÁKOVÁ,03 JUN 1981,SVK,3q2,,"Olympiastadion, Helsinki (FIN)",27 JUN 2012,1154.0,women_TJ,2012,https://worldathletics.org/athletes/athlete=14301624,toplist
27.0,14.35,1.8,Viktoriya PROKOPENKO,17 APR 1991,RUS,1,,Yerino (RUS),22 JUL 2012,1153.0,women_TJ,2012,https://worldathletics.org/athletes/athlete=14442670,toplist
27.0,14.35,-0.2,Trecia Kaye SMITH,05 NOV 1975,JAM,7,,"Olympic Stadium, London (GBR)",05 AUG 2012,1154.0,women_TJ,2012,https://worldathletics.org/athletes/athlete=14285924,toplist
29.0,14.34,0.2,Anastasiya ZHURAVLYEVA,09 OCT 1981,UZB,1,,Tashkent (UZB),24 APR 2012,1152.0,women_TJ,2012,https://worldathletics.org/athletes/athlete=14325082,toplist
30.0,14.31,0.5,Keila COSTA,06 FEB 1983,BRA,2,,"Suhaim bin Hamad Stadium, Doha (QAT)",11 MAY 2012,1149.0,women_TJ,2012,https://worldathletics.org/athletes/athlete=14269284,toplist
31.0,14.30,1.6,Josleidy RIBALTA,02 MAY 1990,CUB,1,,La Habana (CUB),17 FEB 2012,1148.0,women_TJ,2012,https://worldathletics.org/athletes/athlete=14263410,toplist
32.0,14.29,0.5,Simona LA MANTIA,14 APR 1983,ITA,1,,Torino (ITA),08 JUN 2012,1147.0,women_TJ,2012,https://worldathletics.org/athletes/athlete=14284563,toplist
32.0,14.29,0.0,Irina EKTOVA,08 JAN 1987,KAZ,2,,Almaty (KAZ),30 JUN 2012,1147.0,women_TJ,2012,https://worldathletics.org/athletes/athlete=14288653,toplist
34.0,14.28,1.5,Yarianna MARTÍNEZ,20 SEP 1984,CUB,3,,La Habana (CUB),03 FEB 2012,1146.0,women_TJ,2012,https://worldathletics.org/athletes/athlete=14263491,toplist
34.0,14.28,0.4,Svetlana BOLSHAKOVA,14 OCT 1984,BEL,1,,Lokeren (BEL),28 MAY 2012,1146.0,women_TJ,2012,https://worldathletics.org/athletes/athlete=14297425,toplist
36.0,14.27,0.9,Francoise MBANGO ETONE,14 APR 1976,FRA,1,,Angers (FRA),17 JUN 2012,1145.0,women_TJ,2012,https://worldathletics.org/athletes/athlete=14264112,toplist
37.0,14.26,-0.4,Marija ŠESTAK,17 APR 1979,SLO,1,,Velenje (SLO),14 JUN 2012,1146.0,women_TJ,2012,https://worldathletics.org/athletes/athlete=14300186,toplist
38.0,14.24,,Adelina GAVRILĂ,26 NOV 1978,ROU,1,,Bucureşti (ROU) (i),24 FEB 2012,1142.0,women_TJ,2012,https://worldathletics.org/athletes/athlete=14295619,toplist
38.0,14.24,,Irina GUMENYUK,06 JAN 1988,RUS,1,,St. Petersburg (RUS) (i),29 DEC 2012,1142.0,women_TJ,2012,https://worldathletics.org/athletes/athlete=14297885,toplist
40.0,14.23,,Anastasiya POTAPOVA,06 SEP 1985,RUS,3,,Krasnodar (RUS) (i),29 JAN 2012,1141.0,women_TJ,2012,https://worldathletics.org/athletes/athlete=14299520,toplist
40.0,14.23,,Yanmei LI,06 FEB 1990,CHN,2q2,,"Ataköy Arena, Istanbul (TUR) (i)",09 MAR 2012,1141.0,women_TJ,2012,https://worldathletics.org/athletes/athlete=14265929,toplist
42.0,14.21,,Limei XIE,27 JUN 1986,CHN,1,,Nanjing (CHN) (i),14 FEB 2012,1139.0,women_TJ,2012,https://worldathletics.org/athletes/athlete=14264849,toplist
42.0,14.21,1.0,Katja DEMUT,21 DEC 1983,GER,1,,Wesel (GER),28 MAY 2012,1139.0,women_TJ,2012,https://worldathletics.org/athletes/athlete=14277335,toplist
44.0,14.20,0.7,Snežana VUKMIROVIČ,19 AUG 1982,SLO,2,,Ljubljana (SLO),07 JUN 2012,1138.0,women_TJ,2012,https://worldathletics.org/athletes/athlete=14300285,toplist
45.0,14.19,,Kristin GIERISCH,20 AUG 1990,GER,1,,Karlsruhe (GER) (i),25 FEB 2012,1137.0,women_TJ,2012,https://worldathletics.org/athletes/athlete=14277718,toplist
45.0,14.19,1.1,Susana COSTA,22 SEP 1984,POR,2,,Lisboa (POR),08 JUL 2012,1137.0,women_TJ,2012,https://worldathletics.org/athletes/athlete=14294840,toplist
47.0,14.18,0.8,Nataliya YASTREBOVA,12 OCT 1984,UKR,3,,Yalta (UKR),29 MAY 2012,1136.0,women_TJ,2012,https://worldathletics.org/athletes/athlete=14304265,toplist
47.0,14.18,1.9,Qian HU,14 JAN 1989,CHN,1,,Fuzhou (CHN),24 JUN 2012,1136.0,women_TJ,2012,https://worldathletics.org/athletes/athlete=14266308,toplist
49.0,14.17,-1.0,Ana PELETEIRO,02 DEC 1995,ESP,1,,"Estadio Olímpico, Barcelona (ESP)",12 JUL 2012,1141.0,women_TJ,2012,https://worldathletics.org/athletes/athlete=14454805,toplist
49.0,14.17,1.6,Dovilė DZINDZALETAITĖ,14 JUL 1993,LTU,2,,"Estadio Olímpico, Barcelona (ESP)",12 JUL 2012,1135.0,women_TJ,2012,https://worldathletics.org/athletes/athlete=14363902,toplist
51.0,14.16,-0.6,Huiqin WANG,07 FEB 1990,CHN,1,,Wuhan (CHN),29 APR 2012,1137.0,women_TJ,2012,https://worldathletics.org/athletes/athlete=14265127,toplist
52.0,14.15,1.0,Ayanna ALEXANDER,20 JUL 1982,TTO,1,,Port-of-Spain (TTO),19 MAY 2012,1133.0,women_TJ,2012,https://worldathletics.org/athletes/athlete=14302968,toplist
53.0,14.14,,Cristina-Ioana BUJIN,12 APR 1988,ROU,1,,Bucureşti (ROU) (i),27 JAN 2012,1132.0,women_TJ,2012,https://worldathletics.org/athletes/athlete=14295465,toplist
53.0,14.14,,Andriyana BANOVA,01 MAY 1987,BUL,1,,Dobrich (BUL) (i),11 FEB 2012,1132.0,women_TJ,2012,https://worldathletics.org/athletes/athlete=14268751,toplist
55.0,14.11,0.1,Yelena SIDORKINA,27 SEP 1988,RUS,2,,Krasnodar (RUS),09 JUN 2012,1129.0,women_TJ,2012,https://worldathletics.org/athletes/athlete=14299348,toplist
56.0,14.08,1.7,Alsu MURTAZINA,12 DEC 1987,RUS,1,,Yerino (RUS),14 JUL 2012,1126.0,women_TJ,2012,https://worldathletics.org/athletes/athlete=14298683,toplist
57.0,14.06,0.5,Jenny ELBE,18 APR 1990,GER,1,,"Wattenscheid, Bochum (GER)",17 JUN 2012,1124.0,women_TJ,2012,https://worldathletics.org/athletes/athlete=14277482,toplist
58.0,14.05,1.5,Gisele LIMA DE OLIVEIRA,01 AUG 1980,BRA,1,,São Paulo (BRA),20 MAY 2012,1122.0,women_TJ,2012,https://worldathletics.org/athletes/athlete=14268998,toplist
59.0,14.04,,Nadezhda ALYOKHINA,22 SEP 1978,RUS,6,,Moskva (RUS) (i),24 FEB 2012,1121.0,women_TJ,2012,https://worldathletics.org/athletes/athlete=14297338,toplist
60.0,14.03,-0.3,Nina SERBEZOVA,06 MAY 1981,BUL,2,,Athina (GRE),30 MAY 2012,1121.0,women_TJ,2012,https://worldathletics.org/athletes/athlete=14268572,toplist
60.0,14.03,0.4,Nathalie MARIE-NELY,24 NOV 1986,FRA,2,,Montreuil-sous-Bois (FRA),05 JUN 2012,1120.0,women_TJ,2012,https://worldathletics.org/athletes/athlete=14273033,toplist
62.0,14.02,2.0,Teresa NZOLA MESO,30 NOV 1983,FRA,3,,Montreuil-sous-Bois (FRA),05 JUN 2012,1119.0,women_TJ,2012,https://worldathletics.org/athletes/athlete=14273352,toplist
62.0,14.02,2.0,Amy ZONGO,04 OCT 1980,FRA,1,,St-Denis-Réunion (FRA),22 JUN 2012,1119.0,women_TJ,2012,https://worldathletics.org/athletes/athlete=14274319,toplist
64.0,14.01,,Aleksandra KOTLYAROVA,10 OCT 1988,UZB,4,,Krasnodar (RUS) (i),29 JAN 2012,1118.0,women_TJ,2012,https://worldathletics.org/athletes/athlete=14325034,toplist
65.0,14.00,,Valeriya KANATOVA,29 AUG 1992,UZB,5,,Krasnodar (RUS) (i),29 JAN 2012,1117.0,women_TJ,2012,https://worldathletics.org/athletes/athlete=14325021,toplist
65.0,14.00,-0.8,Svitlana MAMYEYEVA,19 APR 1982,UKR,4,,Yalta (UKR),29 MAY 2012,1121.0,women_TJ,2012,https://worldathletics.org/athletes/athlete=14303876,toplist
67.0,13.97,0.3,Yufei CHEN,26 JAN 1989,CHN,2,,Kunshan (CHN),24 SEP 2012,1114.0,women_TJ,2012,https://worldathletics.org/athletes/athlete=14266640,toplist
68.0,13.96,1.5,Erica MCLAIN,24 JAN 1986,USA,1f1,,"Palo Alto, CA (USA)",07 APR 2012,1113.0,women_TJ,2012,https://worldathletics.org/athletes/athlete=14316668,toplist
68.0,13.96,1.1,Petya DACHEVA,10 MAR 1985,BUL,2,,Sliven (BUL),16 JUN 2012,1113.0,women_TJ,2012,https://worldathletics.org/athletes/athlete=14268743,toplist
70.0,13.95,,Mayookha JOHNY,04 SEP 1988,IND,5q2,,"Ataköy Arena, Istanbul (TUR) (i)",09 MAR 2012,1112.0,women_TJ,2012,https://worldathletics.org/athletes/athlete=14282867,toplist
71.0,13.94,1.2,Amanda SMOCK,27 APR 1982,USA,1,,"Hayward Field, Eugene, OR (USA)",25 JUN 2012,1111.0,women_TJ,2012,https://worldathletics.org/athletes/athlete=14403625,toplist
72.0,13.92,0.1,Sarah NAMBAWA,23 SEP 1985,UGA,1,,Kumasi (GHA),06 JUL 2012,1109.0,women_TJ,2012,https://worldathletics.org/athletes/athlete=14317714,toplist
73.0,13.91,0.0,Liuba Maria ZALDÍVAR,05 APR 1993,CUB,4,,La Habana (CUB),27 MAY 2012,1108.0,women_TJ,2012,https://worldathletics.org/athletes/athlete=14412596,toplist
74.0,13.90,-0.7,Patricia SARRAPIO,16 NOV 1982,ESP,7q1,,"Olympiastadion, Helsinki (FIN)",27 JUN 2012,1111.0,women_TJ,2012,https://worldathletics.org/athletes/athlete=14260478,toplist
74.0,13.90,0.1,Amira NAFIAH NOOR,16 JUL 1989,MAS,1,,Kuala Lumpur (MAS),06 OCT 2012,1107.0,women_TJ,2012,https://worldathletics.org/athletes/athlete=14360046,toplist
76.0,13.89,0.6,Patience NTSHINGILA,26 AUG 1989,RSA,1,,Potchefstroom (RSA),24 MAR 2012,1106.0,women_TJ,2012,https://worldathletics.org/athletes/athlete=14361354,toplist
76.0,13.89,1.4,Olesya TIKHONOVA,28 JAN 1990,RUS,4,,Yerino (RUS),22 JUL 2012,1106.0,women_TJ,2012,https://worldathletics.org/athletes/athlete=14299550,toplist
78.0,13.88,0.9,Małgorzata TRYBAŃSKA,21 JUN 1981,POL,1,,Bielsko-Biala (POL),15 JUN 2012,1105.0,women_TJ,2012,https://worldathletics.org/athletes/athlete=14294570,toplist
79.0,13.87,1.2,Toni SMITH,13 OCT 1984,USA,2,,"Walnut, CA (USA)",21 APR 2012,1104.0,women_TJ,2012,https://worldathletics.org/athletes/athlete=14321630,toplist
79.0,13.87,1.7,Anna JAGACIAK,10 FEB 1990,POL,1,,Radom (POL),02 SEP 2012,1104.0,women_TJ,2012,https://worldathletics.org/athletes/athlete=14293741,toplist
81.0,13.85,,Biljana TOPIĆ,17 OCT 1977,SRB,1,,Chemnitz (GER) (i),27 JAN 2012,1102.0,women_TJ,2012,https://worldathletics.org/athletes/athlete=14300387,toplist
81.0,13.85,0.9,Xiaohong LI,08 JAN 1995,CHN,3,,Kunshan (CHN),24 SEP 2012,1102.0,women_TJ,2012,https://worldathletics.org/athletes/athlete=14462015,toplist
83.0,13.84,,Natallia VYATKINA,10 FEB 1987,BLR,1,,Kaunas (LTU) (i),18 FEB 2012,1101.0,women_TJ,2012,https://worldathletics.org/athletes/athlete=14269537,toplist
83.0,13.84,1.7,Andrea GEUBELLE,21 JUN 1991,USA,3,,"Des Moines, IA (USA)",09 JUN 2012,1101.0,women_TJ,2012,https://worldathletics.org/athletes/athlete=14329998,toplist
85.0,13.83,,Baya RAHOULI,27 JUL 1979,ALG,9q1,,"Ataköy Arena, Istanbul (TUR) (i)",09 MAR 2012,1100.0,women_TJ,2012,https://worldathletics.org/athletes/athlete=14272772,toplist
85.0,13.83,-0.5,Sheena GORDON,26 SEP 1983,USA,2,,"Hayward Field, Eugene, OR (USA)",25 JUN 2012,1103.0,women_TJ,2012,https://worldathletics.org/athletes/athlete=14311185,toplist
87.0,13.82,1.0,Blessing IBRAHIM,11 OCT 1992,NGR,2,,Kumasi (GHA),06 JUL 2012,1099.0,women_TJ,2012,https://worldathletics.org/athletes/athlete=14292411,toplist
88.0,13.81,,Crystal MANNING,15 APR 1986,USA,1,,"Albuquerque, NM (USA) (i)",20 JAN 2012,1098.0,women_TJ,2012,https://worldathletics.org/athletes/athlete=14315962,toplist
89.0,13.80,1.1,Charlene POTGIETER,22 SEP 1985,RSA,1,,Tampere (FIN),10 JUN 2012,1097.0,women_TJ,2012,https://worldathletics.org/athletes/athlete=14296390,toplist
90.0,13.79,0.1,Tingting XU,12 JUL 1989,CHN,3,,Zhaoqing (CHN),15 APR 2012,1096.0,women_TJ,2012,https://worldathletics.org/athletes/athlete=14264774,toplist
91.0,13.78,1.4,Sun YAN,30 MAR 1991,CHN,4,,Zhaoqing (CHN),15 APR 2012,1095.0,women_TJ,2012,https://worldathletics.org/athletes/athlete=14264714,toplist
92.0,13.77,,Mudan CHEN,04 OCT 1993,CHN,1,,Chengdu (CHN) (i),11 MAR 2012,1094.0,women_TJ,2012,https://worldathletics.org/athletes/athlete=14462000,toplist
92.0,13.77,-0.2,Yanan LIU,18 JAN 1987,CHN,2,,Fuzhou (CHN),24 JUN 2012,1095.0,women_TJ,2012,https://worldathletics.org/athletes/athlete=14265724,toplist
94.0,13.76,0.4,Rong WANG,01 JUL 1996,CHN,3,,Fuzhou (CHN),24 JUN 2012,1093.0,women_TJ,2012,https://worldathletics.org/athletes/athlete=14514481,toplist
95.0,13.75,0.7,Maja BRATKIČ,14 MAY 1991,SLO,2,,Nova Gorica (SLO),02 JUN 2012,1092.0,women_TJ,2012,https://worldathletics.org/athletes/athlete=14300092,toplist
95.0,13.75,1.7,Laura SAMUEL,19 FEB 1991,GBR,1,,Bedford (GBR),17 JUN 2012,1092.0,women_TJ,2012,https://worldathletics.org/athletes/athlete=14276265,toplist
95.0,13.75,2.0,Jamaa CHNAIK,28 JUL 1984,MAR,3,,Porto Novo (BEN),01 JUL 2012,1092.0,women_TJ,2012,https://worldathletics.org/athletes/athlete=14290627,toplist
98.0,13.72,1.1,Santa MATULE,13 DEC 1992,LAT,1,,Valmiera (LAT),08 JUN 2012,1089.0,women_TJ,2012,https://worldathletics.org/athletes/athlete=14373185,toplist
99.0,13.71,0.7,Nadia WILLIAMS,17 NOV 1981,GBR,1,,Birmingham (GBR),02 JUN 2012,1088.0,women_TJ,2012,https://worldathletics.org/athletes/athlete=14276762,toplist
99.0,13.71,0.0,Inger Anne FRØYSEDAL,25 APR 1989,NOR,1,,Kristiansand (NOR),24 AUG 2012,1088.0,women_TJ,2012,https://worldathletics.org/athletes/athlete=14292618,toplist
1.0,14.88,,Olha SALADUKHA,04 JUN 1983,UKR,1,,"Scandinavium, Göteborg (SWE) (i)",03 MAR 2013,1208.0,women_TJ,2013,https://worldathletics.org/athletes/athlete=14304115,toplist
2.0,14.85,0.2,Caterine IBARGUEN,12 FEB 1984,COL,1,,"Luzhniki Stadion, Moskva (RUS)",15 AUG 2013,1205.0,women_TJ,2013,https://worldathletics.org/athletes/athlete=14263994,toplist
3.0,14.82,-0.2,Yekaterina KONEVA,25 SEP 1988,RUS,1,,"Central Stadium, Kazan (RUS)",11 JUL 2013,1203.0,women_TJ,2013,https://worldathletics.org/athletes/athlete=14298189,toplist
4.0,14.62,0.6,Kimberly WILLIAMS,03 NOV 1988,JAM,4,,"Luzhniki Stadion, Moskva (RUS)",15 AUG 2013,1181.0,women_TJ,2013,https://worldathletics.org/athletes/athlete=14285998,toplist
5.0,14.58,2.0,Keila COSTA,06 FEB 1983,BRA,1,,São Paulo (BRA),07 JUN 2013,1177.0,women_TJ,2013,https://worldathletics.org/athletes/athlete=14269284,toplist
5.0,14.58,2.0,Snežana VUKMIROVIČ,19 AUG 1982,SLO,1,,Nova Gorica (SLO),15 JUN 2013,1177.0,women_TJ,2013,https://worldathletics.org/athletes/athlete=14300285,toplist
5.0,14.58,1.5,Irina GUMENYUK,06 JAN 1988,RUS,2,,Yerino (RUS),16 JUN 2013,1177.0,women_TJ,2013,https://worldathletics.org/athletes/athlete=14297885,toplist
5.0,14.58,-0.6,Hanna MINENKO,25 SEP 1989,ISR,2,,"Stade de France, Paris-St-Denis (FRA)",06 JUL 2013,1180.0,women_TJ,2013,https://worldathletics.org/athletes/athlete=14303717,toplist
9.0,14.54,1.4,Alsu MURTAZINA,12 DEC 1987,RUS,3,,Yerino (RUS),16 JUN 2013,1173.0,women_TJ,2013,https://worldathletics.org/athletes/athlete=14298683,toplist
10.0,14.50,,Natalya ALEKSEYEVA,28 NOV 1986,RUS,1q,,Moskva (RUS) (i),13 FEB 2013,1169.0,women_TJ,2013,https://worldathletics.org/athletes/athlete=14298366,toplist
11.0,14.48,1.9,Athanasia PERRA,02 FEB 1983,GRE,1,,Mersin (TUR),28 JUN 2013,1167.0,women_TJ,2013,https://worldathletics.org/athletes/athlete=14280861,toplist
12.0,14.45,1.2,Mabel GAY,05 MAY 1983,CUB,5,,"Luzhniki Stadion, Moskva (RUS)",15 AUG 2013,1164.0,women_TJ,2013,https://worldathletics.org/athletes/athlete=14263558,toplist
13.0,14.41,,Viktoriya PROKOPENKO,17 APR 1991,RUS,2,,Moskva (RUS) (i),14 FEB 2013,1159.0,women_TJ,2013,https://worldathletics.org/athletes/athlete=14442670,toplist
14.0,14.40,1.9,Yekaterina KAYUKOVA-CHERNENKO,09 OCT 1986,RUS,2,,Sochi (RUS),26 MAY 2013,1158.0,women_TJ,2013,https://worldathletics.org/athletes/athlete=14298053,toplist
14.0,14.40,2.0,Natallia VYATKINA,10 FEB 1987,BLR,1,,Brest (BLR),30 MAY 2013,1158.0,women_TJ,2013,https://worldathletics.org/athletes/athlete=14269537,toplist
16.0,14.39,0.8,Limei XIE,27 JUN 1986,CHN,1,,Shenyang (CHN),11 SEP 2013,1157.0,women_TJ,2013,https://worldathletics.org/athletes/athlete=14264849,toplist
17.0,14.37,1.7,Yarianna MARTÍNEZ,20 SEP 1984,CUB,1,,La Habana (CUB),08 JUN 2013,1155.0,women_TJ,2013,https://worldathletics.org/athletes/athlete=14263491,toplist
18.0,14.35,0.0,Yanmei LI,06 FEB 1990,CHN,2,,Shenyang (CHN),11 SEP 2013,1153.0,women_TJ,2013,https://worldathletics.org/athletes/athlete=14265929,toplist
19.0,14.31,0.6,Dana VELĎÁKOVÁ,03 JUN 1981,SVK,4,,"Hayward Field, Eugene, OR (USA)",01 JUN 2013,1149.0,women_TJ,2013,https://worldathletics.org/athletes/athlete=14301624,toplist
20.0,14.30,,Veronika SEMASHKO,17 OCT 1990,RUS,3,,Moskva (RUS) (i),14 FEB 2013,1148.0,women_TJ,2013,https://worldathletics.org/athletes/athlete=14298669,toplist
21.0,14.29,,Niki PANETTA,21 APR 1986,GRE,1,,Pireaus (GRE) (i),17 FEB 2013,1147.0,women_TJ,2013,https://worldathletics.org/athletes/athlete=14280822,toplist
21.0,14.29,,Baya RAHOULI,27 JUL 1979,ALG,1,,Doha (QAT),24 MAY 2013,1147.0,women_TJ,2013,https://worldathletics.org/athletes/athlete=14272772,toplist
23.0,14.27,2.0,Anna KRYLOVA,03 OCT 1985,RUS,4,,Yerino (RUS),16 JUN 2013,1145.0,women_TJ,2013,https://worldathletics.org/athletes/athlete=14298358,toplist
24.0,14.26,,Simona LA MANTIA,14 APR 1983,ITA,3,,"Scandinavium, Göteborg (SWE) (i)",03 MAR 2013,1144.0,women_TJ,2013,https://worldathletics.org/athletes/athlete=14284563,toplist
24.0,14.26,1.9,Ruslana TSYKHOTSKA,23 MAR 1986,UKR,1,,Yalta (UKR),07 JUN 2013,1144.0,women_TJ,2013,https://worldathletics.org/athletes/athlete=14304274,toplist
26.0,14.24,,Cristina-Ioana BUJIN,12 APR 1988,ROU,1,,Bucureşti (ROU) (i),25 JAN 2013,1142.0,women_TJ,2013,https://worldathletics.org/athletes/athlete=14295465,toplist
27.0,14.23,-0.1,Irina EKTOVA,08 JAN 1987,KAZ,1,,Almaty (KAZ),19 JUL 2013,1141.0,women_TJ,2013,https://worldathletics.org/athletes/athlete=14288653,toplist
28.0,14.21,0.3,Paraskevi PAPACHRISTOU,17 APR 1989,GRE,1,,Patra (GRE),12 JUN 2013,1139.0,women_TJ,2013,https://worldathletics.org/athletes/athlete=14280843,toplist
28.0,14.21,-0.4,Anna JAGACIAK,10 FEB 1990,POL,2,,"Central Stadium, Kazan (RUS)",11 JUL 2013,1141.0,women_TJ,2013,https://worldathletics.org/athletes/athlete=14293741,toplist
30.0,14.20,,Trecia Kaye SMITH,05 NOV 1975,JAM,2,,"National Indoor Arena, Birmingham (GBR) (i)",16 FEB 2013,1138.0,women_TJ,2013,https://worldathletics.org/athletes/athlete=14285924,toplist
30.0,14.20,,Liuba Maria ZALDÍVAR,05 APR 1993,CUB,1,,La Habana (CUB),23 FEB 2013,1138.0,women_TJ,2013,https://worldathletics.org/athletes/athlete=14412596,toplist
30.0,14.20,0.5,Anastasiya ZHURAVLYEVA,09 OCT 1981,UZB,1,,Tashkent (UZB),04 MAY 2013,1138.0,women_TJ,2013,https://worldathletics.org/athletes/athlete=14325082,toplist
33.0,14.19,0.7,Kseniya DZIATSUK,23 APR 1986,BLR,2,,Brest (BLR),30 MAY 2013,1137.0,women_TJ,2013,https://worldathletics.org/athletes/athlete=14269678,toplist
34.0,14.18,,Andrea GEUBELLE,21 JUN 1991,USA,1f1,,"Fayetteville, AR (USA) (i)",09 MAR 2013,1136.0,women_TJ,2013,https://worldathletics.org/athletes/athlete=14329998,toplist
35.0,14.17,-0.7,Maria Natalia LONDA,29 OCT 1990,INA,1,,Naypiydaw (MYA),17 DEC 2013,1139.0,women_TJ,2013,https://worldathletics.org/athletes/athlete=14282715,toplist
36.0,14.16,1.9,Anna PYATYKH,04 APR 1981,RUS,5,,Sochi (RUS),26 MAY 2013,1134.0,women_TJ,2013,https://worldathletics.org/athletes/athlete=14299042,toplist
36.0,14.16,1.5,Susana COSTA,22 SEP 1984,POR,2,,"Moratalaz, Madrid (ESP)",13 JUL 2013,1134.0,women_TJ,2013,https://worldathletics.org/athletes/athlete=14294840,toplist
36.0,14.16,-0.6,Thitima MUANGJAN,13 APR 1983,THA,2,,Naypiydaw (MYA),17 DEC 2013,1137.0,women_TJ,2013,https://worldathletics.org/athletes/athlete=14302684,toplist
39.0,14.15,1.8,Shanieka RICKETTS,02 FEB 1992,JAM,1,,"Las Vegas, NV (USA)",11 MAY 2013,1133.0,women_TJ,2013,https://worldathletics.org/athletes/athlete=14413464,toplist
40.0,14.14,,Gabriela PETROVA,29 JUN 1992,BUL,1,,Dobrich (BUL) (i),16 FEB 2013,1132.0,women_TJ,2013,https://worldathletics.org/athletes/athlete=14268585,toplist
40.0,14.14,0.2,Carmen Cristina TOMA,28 MAR 1989,ROU,3,,"Central Stadium, Kazan (RUS)",11 JUL 2013,1132.0,women_TJ,2013,https://worldathletics.org/athletes/athlete=14295988,toplist
42.0,14.12,-0.9,Jenny ELBE,18 APR 1990,GER,1f1,,Garbsen (GER),19 MAY 2013,1135.0,women_TJ,2013,https://worldathletics.org/athletes/athlete=14277482,toplist
42.0,14.12,-1.9,Huy Hoa TRAN,08 AUG 1991,VIE,3,,Naypiydaw (MYA),17 DEC 2013,1141.0,women_TJ,2013,https://worldathletics.org/athletes/athlete=14377267,toplist
44.0,14.11,,Valeriya ZAVYALOVA,16 JAN 1988,RUS,6,,Moskva (RUS) (i),14 FEB 2013,1129.0,women_TJ,2013,https://worldathletics.org/athletes/athlete=14299863,toplist
44.0,14.11,0.0,Yana BORODINA,21 APR 1992,RUS,1,,Cheboksary (RUS),26 JUN 2013,1129.0,women_TJ,2013,https://worldathletics.org/athletes/athlete=14330061,toplist
46.0,14.09,,Rong WANG,01 JUL 1996,CHN,1,,Nanjing (CHN) (i),07 MAR 2013,1127.0,women_TJ,2013,https://worldathletics.org/athletes/athlete=14514481,toplist
47.0,14.08,1.7,Yosiris URRUTIA,26 JUN 1986,COL,1,,Trujillo (PER),27 NOV 2013,1126.0,women_TJ,2013,https://worldathletics.org/athletes/athlete=14263900,toplist
48.0,14.07,,Patricia SARRAPIO,16 NOV 1982,ESP,5,,"Scandinavium, Göteborg (SWE) (i)",03 MAR 2013,1125.0,women_TJ,2013,https://worldathletics.org/athletes/athlete=14260478,toplist
49.0,14.06,,Xiaohong LI,08 JAN 1995,CHN,2,,Nanjing (CHN) (i),07 MAR 2013,1124.0,women_TJ,2013,https://worldathletics.org/athletes/athlete=14462015,toplist
49.0,14.06,1.5,Yamilé ALDAMA,14 AUG 1972,GBR,7,,"Hayward Field, Eugene, OR (USA)",01 JUN 2013,1124.0,women_TJ,2013,https://worldathletics.org/athletes/athlete=14300566,toplist
51.0,14.05,0.2,Yargelis SAVIGNE,13 NOV 1984,CUB,3,,La Habana (CUB),08 JUN 2013,1122.0,women_TJ,2013,https://worldathletics.org/athletes/athlete=14263384,toplist
52.0,14.04,0.2,Nataliya YASTREBOVA,12 OCT 1984,UKR,1q1,,Donetsk (UKR),26 JUL 2013,1121.0,women_TJ,2013,https://worldathletics.org/athletes/athlete=14304265,toplist
53.0,14.02,0.7,Dailenys ALCÁNTARA,10 AUG 1991,CUB,2,,La Habana (CUB),04 JUN 2013,1119.0,women_TJ,2013,https://worldathletics.org/athletes/athlete=14263704,toplist
53.0,14.02,1.0,Patrícia MAMONA,21 NOV 1988,POR,,,"Moratalaz, Madrid (ESP)",13 JUL 2013,1119.0,women_TJ,2013,https://worldathletics.org/athletes/athlete=14294964,toplist
55.0,13.99,,Gita DODOVA,02 MAY 1982,BUL,1,,Dobrich (BUL) (i),12 FEB 2013,1116.0,women_TJ,2013,https://worldathletics.org/athletes/athlete=14268721,toplist
55.0,13.99,2.0,Toni SMITH,13 OCT 1984,USA,1,,"Chula Vista, CA (USA)",17 JUL 2013,1116.0,women_TJ,2013,https://worldathletics.org/athletes/athlete=14321630,toplist
57.0,13.98,0.0,Nadezhda ALYOKHINA,22 SEP 1978,RUS,1q1,,Moskva (RUS),23 JUL 2013,1115.0,women_TJ,2013,https://worldathletics.org/athletes/athlete=14297338,toplist
58.0,13.97,1.8,Giselly Andrea LANDAZURI,08 AUG 1992,COL,2,,Medellín (COL),25 MAY 2013,1114.0,women_TJ,2013,https://worldathletics.org/athletes/athlete=14375674,toplist
58.0,13.97,2.0,Amanda SMOCK,27 APR 1982,USA,1,,"Chula Vista, CA (USA)",05 JUL 2013,1114.0,women_TJ,2013,https://worldathletics.org/athletes/athlete=14403625,toplist
58.0,13.97,0.0,Tatyana LEBEDEVA,21 JUL 1976,RUS,4,,Moskva (RUS),25 JUL 2013,1114.0,women_TJ,2013,https://worldathletics.org/athletes/athlete=14298427,toplist
61.0,13.96,,Svetlana BIRYUKOVA,01 APR 1991,RUS,1,,Moskva (RUS) (i),19 JAN 2013,1113.0,women_TJ,2013,https://worldathletics.org/athletes/athlete=14297602,toplist
61.0,13.96,-1.4,Aleksandra KOTLYAROVA,10 OCT 1988,UZB,1,,Tashkent (UZB),01 JUN 2013,1121.0,women_TJ,2013,https://worldathletics.org/athletes/athlete=14325034,toplist
63.0,13.95,1.1,Sevim SINMEZ SERBEST,20 APR 1987,TUR,1,,Istanbul (TUR),15 JUN 2013,1112.0,women_TJ,2013,https://worldathletics.org/athletes/athlete=14303329,toplist
64.0,13.93,1.8,Iryna NIKOLAYEVA,20 JAN 1984,UKR,2,,Yalta (UKR),07 JUN 2013,1110.0,women_TJ,2013,https://worldathletics.org/athletes/athlete=14303964,toplist
65.0,13.92,1.1,Dariya DERKACH,27 MAR 1993,ITA,1,,Rieti (ITA),16 JUN 2013,1109.0,women_TJ,2013,https://worldathletics.org/athletes/athlete=14363463,toplist
65.0,13.92,0.1,Linuo DENG,16 MAR 1992,CHN,3,,Shenyang (CHN),11 SEP 2013,1109.0,women_TJ,2013,https://worldathletics.org/athletes/athlete=14266563,toplist
65.0,13.92,0.0,Yanan LIU,18 JAN 1987,CHN,4,,Shenyang (CHN),11 SEP 2013,1109.0,women_TJ,2013,https://worldathletics.org/athletes/athlete=14265724,toplist
68.0,13.91,,Kristin GIERISCH,20 AUG 1990,GER,2,,Düsseldorf (GER) (i),08 FEB 2013,1108.0,women_TJ,2013,https://worldathletics.org/athletes/athlete=14277718,toplist
68.0,13.91,0.5,Teresa NZOLA MESO,30 NOV 1983,FRA,1,,Pierre-Bénite (FRA),07 JUN 2013,1108.0,women_TJ,2013,https://worldathletics.org/athletes/athlete=14273352,toplist
70.0,13.89,1.3,Nathalie MARIE-NELY,24 NOV 1986,FRA,2,,Pierre-Bénite (FRA),07 JUN 2013,1106.0,women_TJ,2013,https://worldathletics.org/athletes/athlete=14273033,toplist
70.0,13.89,1.7,April SINKLER,01 SEP 1987,USA,2,,"Chula Vista, CA (USA)",05 JUL 2013,1106.0,women_TJ,2013,https://worldathletics.org/athletes/athlete=14321380,toplist
72.0,13.88,1.1,Sarah NAMBAWA,23 SEP 1985,UGA,1,,Calabar (NGR),19 JUN 2013,1105.0,women_TJ,2013,https://worldathletics.org/athletes/athlete=14317714,toplist
73.0,13.87,1.4,Josleidy RIBALTA,02 MAY 1990,CUB,3,,La Habana (CUB),25 MAY 2013,1104.0,women_TJ,2013,https://worldathletics.org/athletes/athlete=14263410,toplist
74.0,13.86,2.0,Crystal MANNING,15 APR 1986,USA,1,,"Los Angeles, CA (USA)",04 MAY 2013,1103.0,women_TJ,2013,https://worldathletics.org/athletes/athlete=14315962,toplist
75.0,13.85,1.6,Ciarra BREWER,12 MAR 1993,USA,1,,"Columbia, SC (USA)",12 MAY 2013,1102.0,women_TJ,2013,https://worldathletics.org/athletes/athlete=14306392,toplist
76.0,13.84,,Svetlana BOLSHAKOVA,14 OCT 1984,BEL,3,,Gent (BEL) (i),10 FEB 2013,1101.0,women_TJ,2013,https://worldathletics.org/athletes/athlete=14297425,toplist
76.0,13.84,-0.6,Yufei CHEN,26 JAN 1989,CHN,2,,Jinan (CHN),11 MAY 2013,1104.0,women_TJ,2013,https://worldathletics.org/athletes/athlete=14266640,toplist
76.0,13.84,-1.8,Yekaterina EKTOVA,30 AUG 1992,KAZ,1,,Almaty (KAZ),15 MAY 2013,1111.0,women_TJ,2013,https://worldathletics.org/athletes/athlete=14288595,toplist
76.0,13.84,,Irina KONSTANTS,01 MAR 1990,RUS,1,,St. Petersburg (RUS) (i),22 DEC 2013,1101.0,women_TJ,2013,https://worldathletics.org/athletes/athlete=14298243,toplist
80.0,13.83,-0.2,Guanlian HU,18 JUL 1990,CHN,2,,Suzhou (CHN),31 MAY 2013,1101.0,women_TJ,2013,https://worldathletics.org/athletes/athlete=14333989,toplist
81.0,13.82,,Sun YAN,30 MAR 1991,CHN,3,,Nanjing (CHN) (i),07 MAR 2013,1099.0,women_TJ,2013,https://worldathletics.org/athletes/athlete=14264714,toplist
82.0,13.81,,Qian HU,14 JAN 1989,CHN,4,,Nanjing (CHN) (i),07 MAR 2013,1098.0,women_TJ,2013,https://worldathletics.org/athletes/athlete=14266308,toplist
82.0,13.81,-2.4,Florentina Costina MARINCU,08 APR 1996,ROU,1,,Edirne (TUR),03 AUG 2013,1112.0,women_TJ,2013,https://worldathletics.org/athletes/athlete=14436399,toplist
84.0,13.80,0.8,Linda LEVERTON,22 MAR 1987,AUS,1,,Brisbane (AUS),23 MAR 2013,1097.0,women_TJ,2013,https://worldathletics.org/athletes/athlete=14272518,toplist
85.0,13.78,0.6,Anna ZYCH,15 MAY 1988,POL,5,,"Puskás Ferenc Stadion, Budapest (HUN)",10 JUL 2013,1095.0,women_TJ,2013,https://worldathletics.org/athletes/athlete=14329275,toplist
86.0,13.76,1.5,Iryna VASKOUSKAYA,02 APR 1991,BLR,1,,Minsk (BLR),14 JUN 2013,1093.0,women_TJ,2013,https://worldathletics.org/athletes/athlete=14404033,toplist
87.0,13.75,,Ana PELETEIRO,02 DEC 1995,ESP,2,,Sabadell (ESP) (i),17 FEB 2013,1092.0,women_TJ,2013,https://worldathletics.org/athletes/athlete=14454805,toplist
87.0,13.75,0.3,Debora CALVERAS,26 DEC 1988,ESP,1,,Barcelona (ESP),19 JUN 2013,1092.0,women_TJ,2013,https://worldathletics.org/athletes/athlete=14261902,toplist
89.0,13.74,-0.1,Huiqin WANG,07 FEB 1990,CHN,5,,Shenyang (CHN),11 SEP 2013,1091.0,women_TJ,2013,https://worldathletics.org/athletes/athlete=14265127,toplist
90.0,13.73,0.4,Ayanna ALEXANDER,20 JUL 1982,TTO,3,,"National Stadium, Kingston (JAM)",04 MAY 2013,1090.0,women_TJ,2013,https://worldathletics.org/athletes/athlete=14302968,toplist
90.0,13.73,2.0,Alisa VLASOVA,16 SEP 1990,RUS,8,,Yerino (RUS),16 JUN 2013,1090.0,women_TJ,2013,https://worldathletics.org/athletes/athlete=14299720,toplist
90.0,13.73,0.8,Laura SAMUEL,19 FEB 1991,GBR,,,Birmingham (GBR),13 JUL 2013,1090.0,women_TJ,2013,https://worldathletics.org/athletes/athlete=14276265,toplist
93.0,13.72,1.1,Gisele LIMA DE OLIVEIRA,01 AUG 1980,BRA,,,São Paulo (BRA),23 FEB 2013,1089.0,women_TJ,2013,https://worldathletics.org/athletes/athlete=14268998,toplist
94.0,13.71,1.6,Dovilė DZINDZALETAITĖ,14 JUL 1993,LTU,1,,Kaunas (LTU),01 JUN 2013,1088.0,women_TJ,2013,https://worldathletics.org/athletes/athlete=14363902,toplist
94.0,13.71,0.0,Cristina Mihaela SANDU,04 MAR 1990,ROU,2,,Bucureşti (ROU),24 AUG 2013,1088.0,women_TJ,2013,https://worldathletics.org/athletes/athlete=14295923,toplist
96.0,13.69,1.2,Ottavia CESTONARO,12 JAN 1995,ITA,1,,Rieti (ITA),15 JUN 2013,1086.0,women_TJ,2013,https://worldathletics.org/athletes/athlete=14406580,toplist
96.0,13.69,1.4,Elina TORRO,22 JUL 1986,FIN,1,,Jyväskylä (FIN),19 JUN 2013,1086.0,women_TJ,2013,https://worldathletics.org/athletes/athlete=14258968,toplist
96.0,13.69,0.8,Keturah ORJI,05 MAR 1996,USA,3,,Donetsk (UKR),12 JUL 2013,1086.0,women_TJ,2013,https://worldathletics.org/athletes/athlete=14503156,toplist
99.0,13.68,0.1,Anna VENHRUS,10 NOV 1988,UKR,1,,Yalta (UKR),19 MAY 2013,1085.0,women_TJ,2013,https://worldathletics.org/athletes/athlete=14303730,toplist
99.0,13.68,2.0,Yudelsi GONZÁLEZ,23 OCT 1992,VEN,3,,Medellín (COL),25 MAY 2013,1085.0,women_TJ,2013,https://worldathletics.org/athletes/athlete=14377417,toplist
1.0,15.31,0.0,Caterine IBARGUEN,12 FEB 1984,COL,1,,"Stade Louis II, Monaco (MON)",18 JUL 2014,1252.0,women_TJ,2014,https://worldathletics.org/athletes/athlete=14263994,toplist
2.0,14.89,0.6,Yekaterina KONEVA,25 SEP 1988,RUS,2,,"Stade Louis II, Monaco (MON)",18 JUL 2014,1209.0,women_TJ,2014,https://worldathletics.org/athletes/athlete=14298189,toplist
3.0,14.73,-0.4,Olha SALADUKHA,04 JUN 1983,UKR,1,,"Letzigrund, Zürich (SUI)",16 AUG 2014,1194.0,women_TJ,2014,https://worldathletics.org/athletes/athlete=14304115,toplist
4.0,14.59,1.2,Kimberly WILLIAMS,03 NOV 1988,JAM,3,,"Stade Louis II, Monaco (MON)",18 JUL 2014,1178.0,women_TJ,2014,https://worldathletics.org/athletes/athlete=14285998,toplist
5.0,14.58,0.7,Yosiris URRUTIA,26 JUN 1986,COL,4,,"Stade Louis II, Monaco (MON)",18 JUL 2014,1177.0,women_TJ,2014,https://worldathletics.org/athletes/athlete=14263900,toplist
6.0,14.53,-0.1,Mabel GAY,05 MAY 1983,CUB,1,,Ciudad de México (MEX),16 AUG 2014,1172.0,women_TJ,2014,https://worldathletics.org/athletes/athlete=14263558,toplist
7.0,14.50,1.9,Alsu MURTAZINA,12 DEC 1987,RUS,2,,Kazan (RUS),26 JUL 2014,1169.0,women_TJ,2014,https://worldathletics.org/athletes/athlete=14298683,toplist
8.0,14.46,-0.2,Irina GUMENYUK,06 JAN 1988,RUS,3,,"Letzigrund, Zürich (SUI)",16 AUG 2014,1166.0,women_TJ,2014,https://worldathletics.org/athletes/athlete=14297885,toplist
9.0,14.45,1.9,Dailenys ALCÁNTARA,10 AUG 1991,CUB,1,,La Habana (CUB),27 JUN 2014,1164.0,women_TJ,2014,https://worldathletics.org/athletes/athlete=14263704,toplist
10.0,14.40,0.0,Ayanna ALEXANDER,20 JUL 1982,TTO,1,,"Alexandria, VA (USA)",31 AUG 2014,1158.0,women_TJ,2014,https://worldathletics.org/athletes/athlete=14302968,toplist
11.0,14.37,0.0,Olga RYPAKOVA,30 NOV 1984,KAZ,2,,"Alexander Stadium, Birmingham (GBR)",24 AUG 2014,1155.0,women_TJ,2014,https://worldathletics.org/athletes/athlete=14288693,toplist
12.0,14.36,0.0,Yarianna MARTÍNEZ,20 SEP 1984,CUB,1,,La Habana (CUB),07 FEB 2014,1154.0,women_TJ,2014,https://worldathletics.org/athletes/athlete=14263491,toplist
12.0,14.36,,Patrícia MAMONA,21 NOV 1988,POR,1,,Pombal (POR) (i),22 FEB 2014,1154.0,women_TJ,2014,https://worldathletics.org/athletes/athlete=14294964,toplist
14.0,14.35,0.1,Natallia VYATKINA,10 FEB 1987,BLR,1,,Grodno (BLR),25 JUL 2014,1153.0,women_TJ,2014,https://worldathletics.org/athletes/athlete=14269537,toplist
15.0,14.34,,Kseniya DZIATSUK,23 APR 1986,BLR,1,,Gomel (BLR) (i),08 FEB 2014,1152.0,women_TJ,2014,https://worldathletics.org/athletes/athlete=14269678,toplist
16.0,14.32,0.1,Andriyana BANOVA,01 MAY 1987,BUL,1,,Kragujevac (SRB),03 AUG 2014,1150.0,women_TJ,2014,https://worldathletics.org/athletes/athlete=14268751,toplist
17.0,14.31,1.4,Kristin GIERISCH,20 AUG 1990,GER,,,Ulm (GER),27 JUL 2014,1149.0,women_TJ,2014,https://worldathletics.org/athletes/athlete=14277718,toplist
18.0,14.29,2.0,Hanna MINENKO,25 SEP 1989,ISR,1,,Lisboa (POR),27 JUL 2014,1147.0,women_TJ,2014,https://worldathletics.org/athletes/athlete=14303717,toplist
19.0,14.24,1.6,Katja DEMUT,21 DEC 1983,GER,1,,Jena (GER),13 JUL 2014,1142.0,women_TJ,2014,https://worldathletics.org/athletes/athlete=14277335,toplist
20.0,14.22,1.0,Nubia SOARES,26 MAR 1996,BRA,1,,São Paulo (BRA),12 OCT 2014,1140.0,women_TJ,2014,https://worldathletics.org/athletes/athlete=14530395,toplist
21.0,14.20,-0.1,Jenny ELBE,18 APR 1990,GER,,,Ingolstadt (GER),24 MAY 2014,1138.0,women_TJ,2014,https://worldathletics.org/athletes/athlete=14277482,toplist
21.0,14.20,0.8,Anna JAGACIAK,10 FEB 1990,POL,3,,"FBK Stadium, Hengelo (NED)",08 JUN 2014,1138.0,women_TJ,2014,https://worldathletics.org/athletes/athlete=14293741,toplist
21.0,14.20,1.8,Rouguy DIALLO,05 FEB 1995,FRA,,,"Hayward Field, Eugene, OR (USA)",26 JUL 2014,1138.0,women_TJ,2014,https://worldathletics.org/athletes/athlete=14410309,toplist
24.0,14.19,,Yanmei LI,06 FEB 1990,CHN,5,,"Ergo Arena, Sopot (POL) (i)",08 MAR 2014,1137.0,women_TJ,2014,https://worldathletics.org/athletes/athlete=14265929,toplist
25.0,14.15,1.6,Ruth NDOUMBE,01 JAN 1987,ESP,1,,Alcobendas (ESP),26 JUL 2014,1133.0,women_TJ,2014,https://worldathletics.org/athletes/athlete=14260905,toplist
26.0,14.13,0.2,Keila COSTA,06 FEB 1983,BRA,2,,"Mangueirão, Belém (BRA)",10 AUG 2014,1131.0,women_TJ,2014,https://worldathletics.org/athletes/athlete=14269284,toplist
26.0,14.13,0.1,Gabriela PETROVA,29 JUN 1992,BUL,5,,"Letzigrund, Zürich (SUI)",16 AUG 2014,1131.0,women_TJ,2014,https://worldathletics.org/athletes/athlete=14268585,toplist
28.0,14.12,0.0,Josleidy RIBALTA,02 MAY 1990,CUB,1,,La Habana (CUB),15 FEB 2014,1130.0,women_TJ,2014,https://worldathletics.org/athletes/athlete=14263410,toplist
28.0,14.12,0.0,Liuba Maria ZALDÍVAR,05 APR 1993,CUB,4,,La Habana (CUB),21 FEB 2014,1130.0,women_TJ,2014,https://worldathletics.org/athletes/athlete=14412596,toplist
30.0,14.11,-0.7,Susana COSTA,22 SEP 1984,POR,5,,"FBK Stadium, Hengelo (NED)",08 JUN 2014,1133.0,women_TJ,2014,https://worldathletics.org/athletes/athlete=14294840,toplist
30.0,14.11,1.9,Irina KONSTANTS,01 MAR 1990,RUS,4,,Kazan (RUS),26 JUL 2014,1129.0,women_TJ,2014,https://worldathletics.org/athletes/athlete=14298243,toplist
30.0,14.11,1.1,Cristina-Ioana BUJIN,12 APR 1988,ROU,1,,Pitesti (ROU),26 JUL 2014,1129.0,women_TJ,2014,https://worldathletics.org/athletes/athlete=14295465,toplist
33.0,14.10,,Dana VELĎÁKOVÁ,03 JUN 1981,SVK,4q,,"Ergo Arena, Sopot (POL) (i)",07 MAR 2014,1128.0,women_TJ,2014,https://worldathletics.org/athletes/athlete=14301624,toplist
34.0,14.09,,Veronika SEMASHKO,17 OCT 1990,RUS,1,,St. Petersburg (RUS) (i),08 FEB 2014,1127.0,women_TJ,2014,https://worldathletics.org/athletes/athlete=14298669,toplist
34.0,14.09,0.2,Olesya IVANENKO,06 OCT 1982,RUS,1q2,,Kazan (RUS),25 JUL 2014,1127.0,women_TJ,2014,https://worldathletics.org/athletes/athlete=14297458,toplist
34.0,14.09,1.5,Laura SAMUEL,19 FEB 1991,GBR,2,,"Hampden Park, Glasgow (GBR)",29 JUL 2014,1127.0,women_TJ,2014,https://worldathletics.org/athletes/athlete=14276265,toplist
37.0,14.07,0.0,Ana PELETEIRO,02 DEC 1995,ESP,1,,Salamanca (ESP),12 JUN 2014,1125.0,women_TJ,2014,https://worldathletics.org/athletes/athlete=14454805,toplist
38.0,14.05,0.2,Aleksandra KOTLYAROVA,10 OCT 1988,UZB,2,,Incheon (KOR),01 OCT 2014,1122.0,women_TJ,2014,https://worldathletics.org/athletes/athlete=14325034,toplist
39.0,14.04,0.0,Tânia FERREIRA DA SILVA,17 DEC 1986,BRA,3,,"Mangueirão, Belém (BRA)",10 AUG 2014,1121.0,women_TJ,2014,https://worldathletics.org/athletes/athlete=14269058,toplist
40.0,14.02,1.2,Liadagmis POVEA,06 FEB 1996,CUB,,,"Hayward Field, Eugene, OR (USA)",26 JUL 2014,1119.0,women_TJ,2014,https://worldathletics.org/athletes/athlete=14574170,toplist
40.0,14.02,1.0,Joelle MBUMI,25 MAY 1986,CMR,1,,"Le Grand Stade, Marrakech (MAR)",14 AUG 2014,1119.0,women_TJ,2014,https://worldathletics.org/athletes/athlete=14264110,toplist
42.0,14.01,0.0,Yargelis SAVIGNE,13 NOV 1984,CUB,3,,La Habana (CUB),01 FEB 2014,1118.0,women_TJ,2014,https://worldathletics.org/athletes/athlete=14263384,toplist
43.0,14.00,1.9,Shanieka RICKETTS,02 FEB 1992,JAM,1,,"Eugene, OR (USA)",13 JUN 2014,1117.0,women_TJ,2014,https://worldathletics.org/athletes/athlete=14413464,toplist
44.0,13.99,0.4,Cristina Mihaela SANDU,04 MAR 1990,ROU,2,,Cluj-Napoca (ROU),06 JUN 2014,1116.0,women_TJ,2014,https://worldathletics.org/athletes/athlete=14295923,toplist
45.0,13.98,,Dovilė DZINDZALETAITĖ,14 JUL 1993,LTU,1,,Klaipėda (LTU) (i),22 FEB 2014,1115.0,women_TJ,2014,https://worldathletics.org/athletes/athlete=14363902,toplist
45.0,13.98,-0.3,Rong WANG,01 JUL 1996,CHN,2,,Kunshan (CHN),31 MAY 2014,1116.0,women_TJ,2014,https://worldathletics.org/athletes/athlete=14514481,toplist
47.0,13.96,2.0,Patricia SARRAPIO,16 NOV 1982,ESP,2,,Avila (ESP),13 JUL 2014,1113.0,women_TJ,2014,https://worldathletics.org/athletes/athlete=14260478,toplist
48.0,13.95,0.8,Jeanine ASSANI ISSOUF,17 AUG 1992,FRA,1,,Aubagne (FRA),14 JUN 2014,1112.0,women_TJ,2014,https://worldathletics.org/athletes/athlete=14334954,toplist
49.0,13.94,,Nataliya YASTREBOVA,12 OCT 1984,UKR,1,,Kyiv (UKR) (i),11 JAN 2014,1111.0,women_TJ,2014,https://worldathletics.org/athletes/athlete=14304265,toplist
49.0,13.94,0.8,Simona LA MANTIA,14 APR 1983,ITA,1,,Palermo (ITA),10 MAY 2014,1111.0,women_TJ,2014,https://worldathletics.org/athletes/athlete=14284563,toplist
51.0,13.93,,Andreea PANȚUROIU,24 FEB 1995,ROU,1,,Bucureşti (ROU) (i),15 FEB 2014,1110.0,women_TJ,2014,https://worldathletics.org/athletes/athlete=14408349,toplist
51.0,13.93,0.7,Linda LEVERTON,22 MAR 1987,AUS,1,,"Albert Park, Melbourne (AUS)",05 APR 2014,1110.0,women_TJ,2014,https://worldathletics.org/athletes/athlete=14272518,toplist
51.0,13.93,1.8,Iryna NIKOLAYEVA,20 JAN 1984,UKR,,,Kyiv (UKR),20 JUN 2014,1110.0,women_TJ,2014,https://worldathletics.org/athletes/athlete=14303964,toplist
54.0,13.92,0.8,Irina EKTOVA,08 JAN 1987,KAZ,1,,Almaty (KAZ),27 JUN 2014,1109.0,women_TJ,2014,https://worldathletics.org/athletes/athlete=14288653,toplist
55.0,13.91,-0.6,Ciarra BREWER,12 MAR 1993,USA,1,,"Lexington, KY (USA)",18 MAY 2014,1111.0,women_TJ,2014,https://worldathletics.org/athletes/athlete=14306392,toplist
55.0,13.91,1.6,Nathalie MARIE-NELY,24 NOV 1986,FRA,1,,Reims (FRA),11 JUL 2014,1108.0,women_TJ,2014,https://worldathletics.org/athletes/athlete=14273033,toplist
57.0,13.90,0.7,Snežana VUKMIROVIČ,19 AUG 1982,SLO,6,,"Stadio Olimpico, Roma (ITA)",05 JUN 2014,1107.0,women_TJ,2014,https://worldathletics.org/athletes/athlete=14300285,toplist
58.0,13.87,1.8,Anastasiya POTAPOVA,06 SEP 1985,RUS,6,,Kazan (RUS),26 JUL 2014,1104.0,women_TJ,2014,https://worldathletics.org/athletes/athlete=14299520,toplist
58.0,13.87,2.0,Ruslana TSYKHOTSKA,23 MAR 1986,UKR,,,Kirovograd (UKR),26 JUL 2014,1104.0,women_TJ,2014,https://worldathletics.org/athletes/athlete=14304274,toplist
60.0,13.85,2.0,Yamilé ALDAMA,14 AUG 1972,GBR,6,,"FBK Stadium, Hengelo (NED)",08 JUN 2014,1102.0,women_TJ,2014,https://worldathletics.org/athletes/athlete=14300566,toplist
61.0,13.84,,Huy Hoa TRAN,08 AUG 1991,VIE,1,,Ho Chi-Minh (VIE),26 JUL 2014,1101.0,women_TJ,2014,https://worldathletics.org/athletes/athlete=14377267,toplist
62.0,13.82,1.8,Linuo DENG,16 MAR 1992,CHN,1,,Jinhua (CHN),06 JUL 2014,1099.0,women_TJ,2014,https://worldathletics.org/athletes/athlete=14266563,toplist
63.0,13.81,,Amanda SMOCK,27 APR 1982,USA,1,,"Albuquerque, NM (USA) (i)",23 FEB 2014,1098.0,women_TJ,2014,https://worldathletics.org/athletes/athlete=14403625,toplist
63.0,13.81,0.1,Gisele LIMA DE OLIVEIRA,01 AUG 1980,BRA,1,,Campinas (BRA),17 MAY 2014,1098.0,women_TJ,2014,https://worldathletics.org/athletes/athlete=14268998,toplist
65.0,13.79,1.2,Iryna VASKOUSKAYA,02 APR 1991,BLR,1,,Minsk (BLR),11 JUL 2014,1096.0,women_TJ,2014,https://worldathletics.org/athletes/athlete=14404033,toplist
65.0,13.79,1.4,Yelena SIDORKINA,27 SEP 1988,RUS,7,,Kazan (RUS),26 JUL 2014,1096.0,women_TJ,2014,https://worldathletics.org/athletes/athlete=14299348,toplist
67.0,13.78,0.2,Ivana ŠPANOVIĆ,10 MAY 1990,SRB,1,,Beograd (SRB),14 JUN 2014,1095.0,women_TJ,2014,https://worldathletics.org/athletes/athlete=14300421,toplist
67.0,13.78,1.2,Alisa VLASOVA,16 SEP 1990,RUS,1,,Moskva (RUS),03 JUL 2014,1095.0,women_TJ,2014,https://worldathletics.org/athletes/athlete=14299720,toplist
67.0,13.78,0.0,Debora CALVERAS,26 DEC 1988,ESP,2,,Alcorcón (ESP),12 JUL 2014,1095.0,women_TJ,2014,https://worldathletics.org/athletes/athlete=14261902,toplist
67.0,13.78,-0.4,Maria Natalia LONDA,29 OCT 1990,INA,1,,Palembang (INA),17 DEC 2014,1097.0,women_TJ,2014,https://worldathletics.org/athletes/athlete=14282715,toplist
71.0,13.75,2.0,Xiaohong LI,08 JAN 1995,CHN,,,"Hayward Field, Eugene, OR (USA)",26 JUL 2014,1092.0,women_TJ,2014,https://worldathletics.org/athletes/athlete=14462015,toplist
72.0,13.74,2.0,Małgorzata TRYBAŃSKA,21 JUN 1981,POL,2,,Szczecin (POL),29 JUL 2014,1091.0,women_TJ,2014,https://worldathletics.org/athletes/athlete=14294570,toplist
73.0,13.72,0.8,Guanlian HU,18 JUL 1990,CHN,3,,Zhaoqing (CHN),20 APR 2014,1089.0,women_TJ,2014,https://worldathletics.org/athletes/athlete=14333989,toplist
73.0,13.72,0.0,Mayookha JOHNY,04 SEP 1988,IND,1,,Lucknow (IND),07 JUN 2014,1089.0,women_TJ,2014,https://worldathletics.org/athletes/athlete=14282867,toplist
73.0,13.72,,Thitima MUANGJAN,13 APR 1983,THA,2,,Ho Chi-Minh (VIE),26 JUL 2014,1089.0,women_TJ,2014,https://worldathletics.org/athletes/athlete=14302684,toplist
76.0,13.71,1.7,Lucie MÁJKOVÁ,09 JUL 1988,CZE,1,,Brno (CZE),11 JUN 2014,1088.0,women_TJ,2014,https://worldathletics.org/athletes/athlete=14262904,toplist
76.0,13.71,0.9,Olga SALOMATINA,15 AUG 1992,RUS,1,,Saransk (RUS),16 JUL 2014,1088.0,women_TJ,2014,https://worldathletics.org/athletes/athlete=14362749,toplist
76.0,13.71,1.8,Vasylyna BOVANKO,11 DEC 1994,UKR,3,,Kirovograd (UKR),26 JUL 2014,1088.0,women_TJ,2014,https://worldathletics.org/athletes/athlete=14477687,toplist
79.0,13.70,1.4,Darya NELOVKO,09 FEB 1994,RUS,3,,Sochi (RUS),30 MAY 2014,1087.0,women_TJ,2014,https://worldathletics.org/athletes/athlete=14510816,toplist
79.0,13.70,0.4,Mudan CHEN,04 OCT 1993,CHN,3,,Kunshan (CHN),31 MAY 2014,1087.0,women_TJ,2014,https://worldathletics.org/athletes/athlete=14462000,toplist
79.0,13.70,0.0,Tetyana PTASHKINA,10 JAN 1993,UKR,4,,Kirovograd (UKR),26 JUL 2014,1087.0,women_TJ,2014,https://worldathletics.org/athletes/athlete=14483029,toplist
79.0,13.70,-0.5,Kristiina MÄKELÄ,20 NOV 1992,FIN,1,,Helsinki (FIN),31 AUG 2014,1090.0,women_TJ,2014,https://worldathletics.org/athletes/athlete=14365370,toplist
83.0,13.69,,Sun YAN,30 MAR 1991,CHN,2,,Nanjing (CHN) (i),09 MAR 2014,1086.0,women_TJ,2014,https://worldathletics.org/athletes/athlete=14264714,toplist
83.0,13.69,1.0,Andrea GEUBELLE,21 JUN 1991,USA,4,,Ponce (PUR),17 MAY 2014,1086.0,women_TJ,2014,https://worldathletics.org/athletes/athlete=14329998,toplist
85.0,13.68,1.5,Amy ZONGO,04 OCT 1980,FRA,1,,Marseille (FRA),08 JUN 2014,1085.0,women_TJ,2014,https://worldathletics.org/athletes/athlete=14274319,toplist
85.0,13.68,1.5,Teresa NZOLA MESO,30 NOV 1983,FRA,2,,Pierre Bénite (FRA),13 JUN 2014,1085.0,women_TJ,2014,https://worldathletics.org/athletes/athlete=14273352,toplist
85.0,13.68,1.8,Jolanta VERSECKAITÉ,09 FEB 1988,LTU,2,,Kaunas (LTU),27 JUL 2014,1085.0,women_TJ,2014,https://worldathletics.org/athletes/athlete=14290431,toplist
88.0,13.67,1.1,Neele ECKHARDT,02 JUL 1992,GER,1,,Hamburg (GER),12 JUL 2014,1084.0,women_TJ,2014,https://worldathletics.org/athletes/athlete=14277447,toplist
88.0,13.67,-0.5,Wupin WANG,18 JAN 1991,CHN,1,,Beijing (CHN),27 AUG 2014,1087.0,women_TJ,2014,https://worldathletics.org/athletes/athlete=14941411,toplist
90.0,13.65,0.1,Chanmi BAE,24 MAR 1991,KOR,1,,Kimchun (KOR),06 MAY 2014,1082.0,women_TJ,2014,https://worldathletics.org/athletes/athlete=14289578,toplist
90.0,13.65,1.1,Carmen Cristina TOMA,28 MAR 1989,ROU,3,,Pitesti (ROU),19 JUL 2014,1082.0,women_TJ,2014,https://worldathletics.org/athletes/athlete=14295988,toplist
90.0,13.65,1.7,Martyna BIELAWSKA,15 NOV 1990,POL,3,,Szczecin (POL),29 JUL 2014,1082.0,women_TJ,2014,https://worldathletics.org/athletes/athlete=14293430,toplist
90.0,13.65,0.2,Yulimar ROJAS,21 OCT 1995,VEN,1,,Barquisimeto (VEN),27 SEP 2014,1082.0,women_TJ,2014,https://worldathletics.org/athletes/athlete=14436431,toplist
94.0,13.64,-0.2,Ottavia CESTONARO,12 JAN 1995,ITA,3,,Aubagne (FRA),14 JUN 2014,1082.0,women_TJ,2014,https://worldathletics.org/athletes/athlete=14406580,toplist
94.0,13.64,1.0,Anastasiya ZHURAVLYEVA,09 OCT 1981,UZB,7,,Incheon (KOR),01 OCT 2014,1081.0,women_TJ,2014,https://worldathletics.org/athletes/athlete=14325082,toplist
96.0,13.61,0.0,Anna KRASUTSKA,20 JUL 1995,UKR,1,,Kyiv (UKR),14 JUN 2014,1078.0,women_TJ,2014,https://worldathletics.org/athletes/athlete=14400461,toplist
97.0,13.60,1.0,Marshay RYAN,04 FEB 1995,USA,6,,"Hayward Field, Eugene, OR (USA)",26 JUL 2014,1076.0,women_TJ,2014,https://worldathletics.org/athletes/athlete=14492580,toplist
97.0,13.60,1.8,Andrea CALLEJA,03 OCT 1992,ESP,3,,Alcobendas (ESP),26 JUL 2014,1076.0,women_TJ,2014,https://worldathletics.org/athletes/athlete=14424228,toplist
97.0,13.60,,Haoua KESSELY,02 FEB 1988,FRA,1,,Lyon (FRA) (i),19 DEC 2014,1076.0,women_TJ,2014,https://worldathletics.org/athletes/athlete=14256931,toplist
100.0,13.59,1.6,Blessing IBRAHIM,11 OCT 1992,NGR,1,,Akure (NGR),24 MAY 2014,1075.0,women_TJ,2014,https://worldathletics.org/athletes/athlete=14292411,toplist
1.0,15.04,1.7,Yekaterina KONEVA,25 SEP 1988,RUS,2,,"Hayward Field, Eugene, OR (USA)",30 MAY 2015,1224.0,women_TJ,2015,https://worldathletics.org/athletes/athlete=14298189,toplist
2.0,14.90,0.1,Caterine IBARGUEN,12 FEB 1984,COL,1,,"National Stadium, Beijing (CHN)",24 AUG 2015,1210.0,women_TJ,2015,https://worldathletics.org/athletes/athlete=14263994,toplist
3.0,14.78,-0.1,Hanna MINENKO,25 SEP 1989,ISR,2,,"National Stadium, Beijing (CHN)",24 AUG 2015,1197.0,women_TJ,2015,https://worldathletics.org/athletes/athlete=14303717,toplist
4.0,14.77,0.1,Olga RYPAKOVA,30 NOV 1984,KAZ,3,,"National Stadium, Beijing (CHN)",24 AUG 2015,1196.0,women_TJ,2015,https://worldathletics.org/athletes/athlete=14288693,toplist
5.0,14.66,0.4,Gabriela PETROVA,29 JUN 1992,BUL,4,,"National Stadium, Beijing (CHN)",24 AUG 2015,1185.0,women_TJ,2015,https://worldathletics.org/athletes/athlete=14268585,toplist
6.0,14.62,0.5,Olha SALADUKHA,04 JUN 1983,UKR,2,,"Shanghai Stadium, Shanghai (CHN)",17 MAY 2015,1181.0,women_TJ,2015,https://worldathletics.org/athletes/athlete=14304115,toplist
7.0,14.46,,Kristin GIERISCH,20 AUG 1990,GER,4,,"O2 Arena, Praha (CZE) (i)",08 MAR 2015,1165.0,women_TJ,2015,https://worldathletics.org/athletes/athlete=14277718,toplist
8.0,14.45,0.0,Kimberly WILLIAMS,03 NOV 1988,JAM,5,,"National Stadium, Beijing (CHN)",24 AUG 2015,1164.0,women_TJ,2015,https://worldathletics.org/athletes/athlete=14285998,toplist
9.0,14.32,,Patrícia MAMONA,21 NOV 1988,POR,5,,"O2 Arena, Praha (CZE) (i)",08 MAR 2015,1150.0,women_TJ,2015,https://worldathletics.org/athletes/athlete=14294964,toplist
9.0,14.32,1.9,Susana COSTA,22 SEP 1984,POR,3,,"Moratalaz, Madrid (ESP)",11 JUL 2015,1150.0,women_TJ,2015,https://worldathletics.org/athletes/athlete=14294840,toplist
9.0,14.32,0.0,Irina EKTOVA,08 JAN 1987,KAZ,,,Almaty (KAZ),17 JUL 2015,1150.0,women_TJ,2015,https://worldathletics.org/athletes/athlete=14288653,toplist
12.0,14.28,,Cristina-Ioana BUJIN,12 APR 1988,ROU,1,,Bucureşti (ROU) (i),31 JAN 2015,1146.0,women_TJ,2015,https://worldathletics.org/athletes/athlete=14295465,toplist
13.0,14.27,1.2,Dana VELĎÁKOVÁ,03 JUN 1981,SVK,1,,Banská Bystrica (SVK),01 AUG 2015,1145.0,women_TJ,2015,https://worldathletics.org/athletes/athlete=14301624,toplist
14.0,14.24,1.4,Jeanine ASSANI ISSOUF,17 AUG 1992,FRA,1,,Forbach (FRA),31 MAY 2015,1142.0,women_TJ,2015,https://worldathletics.org/athletes/athlete=14334954,toplist
15.0,14.23,1.9,Dovilė DZINDZALETAITĖ,14 JUL 1993,LTU,1,,"Kadrioru staadion, Tallinn (EST)",10 JUL 2015,1141.0,women_TJ,2015,https://worldathletics.org/athletes/athlete=14363902,toplist
15.0,14.23,1.3,Shanieka RICKETTS,02 FEB 1992,JAM,1,,San José (CRC),07 AUG 2015,1141.0,women_TJ,2015,https://worldathletics.org/athletes/athlete=14413464,toplist
17.0,14.22,2.0,Simona LA MANTIA,14 APR 1983,ITA,3,,"Olympic Stadium, Cheboksary (RUS)",20 JUN 2015,1140.0,women_TJ,2015,https://worldathletics.org/athletes/athlete=14284563,toplist
17.0,14.22,2.0,Yosiris URRUTIA,26 JUN 1986,COL,,,"CIBC, Toronto (CAN)",21 JUL 2015,1140.0,women_TJ,2015,https://worldathletics.org/athletes/athlete=14263900,toplist
19.0,14.21,,Natallia VYATKINA,10 FEB 1987,BLR,3q,,"O2 Arena, Praha (CZE) (i)",07 MAR 2015,1139.0,women_TJ,2015,https://worldathletics.org/athletes/athlete=14269537,toplist
19.0,14.21,,Yanmei LI,06 FEB 1990,CHN,1,,Xianlin (CHN) (i),09 MAR 2015,1139.0,women_TJ,2015,https://worldathletics.org/athletes/athlete=14265929,toplist
21.0,14.20,,Kristiina MÄKELÄ,20 NOV 1992,FIN,1,,Mustasaari (FIN) (i),04 FEB 2015,1138.0,women_TJ,2015,https://worldathletics.org/athletes/athlete=14365370,toplist
21.0,14.20,1.6,Xiaohong LI,08 JAN 1995,CHN,1,,Chanthaburi (THA),29 JUN 2015,1138.0,women_TJ,2015,https://worldathletics.org/athletes/athlete=14462015,toplist
21.0,14.20,2.0,Yulimar ROJAS,21 OCT 1995,VEN,,,"CIBC, Toronto (CAN)",21 JUL 2015,1138.0,women_TJ,2015,https://worldathletics.org/athletes/athlete=14436431,toplist
24.0,14.17,1.5,Anna JAGACIAK,10 FEB 1990,POL,2,,Marseille (FRA),06 JUN 2015,1135.0,women_TJ,2015,https://worldathletics.org/athletes/athlete=14293741,toplist
24.0,14.17,-0.2,Keila COSTA,06 FEB 1983,BRA,3,,Marseille (FRA),06 JUN 2015,1136.0,women_TJ,2015,https://worldathletics.org/athletes/athlete=14269284,toplist
26.0,14.16,,Katja DEMUT,21 DEC 1983,GER,2,,Chemnitz (GER) (i),07 FEB 2015,1134.0,women_TJ,2015,https://worldathletics.org/athletes/athlete=14277335,toplist
26.0,14.16,1.9,Jenny ELBE,18 APR 1990,GER,1,,Lahti (FIN),14 JUN 2015,1134.0,women_TJ,2015,https://worldathletics.org/athletes/athlete=14277482,toplist
28.0,14.15,1.8,Keturah ORJI,05 MAR 1996,USA,1,,"Eugene, OR (USA)",13 JUN 2015,1133.0,women_TJ,2015,https://worldathletics.org/athletes/athlete=14503156,toplist
29.0,14.13,1.8,Andreea PANȚUROIU,24 FEB 1995,ROU,2,,"Kadrioru staadion, Tallinn (EST)",10 JUL 2015,1131.0,women_TJ,2015,https://worldathletics.org/athletes/athlete=14408349,toplist
30.0,14.12,1.2,Kseniya DZIATSUK,23 APR 1986,BLR,1,,Minsk (BLR),06 JUN 2015,1130.0,women_TJ,2015,https://worldathletics.org/athletes/athlete=14269678,toplist
31.0,14.11,,Irina GUMENYUK,06 JAN 1988,RUS,1,,St. Petersburg (RUS) (i),10 FEB 2015,1129.0,women_TJ,2015,https://worldathletics.org/athletes/athlete=14297885,toplist
32.0,14.10,,Andriyana BANOVA,01 MAY 1987,BUL,1,,Dobrich (BUL) (i),11 FEB 2015,1128.0,women_TJ,2015,https://worldathletics.org/athletes/athlete=14268751,toplist
32.0,14.10,0.6,Wupin WANG,18 JAN 1991,CHN,1,,Beijing (CHN),08 MAY 2015,1128.0,women_TJ,2015,https://worldathletics.org/athletes/athlete=14941411,toplist
34.0,14.09,1.1,Christina EPPS,20 JUN 1991,USA,1,,"Hayward Field, Eugene, OR (USA)",26 JUN 2015,1127.0,women_TJ,2015,https://worldathletics.org/athletes/athlete=14409240,toplist
34.0,14.09,1.7,Viktoriya PROKOPENKO,17 APR 1991,RUS,,,Cheboksary (RUS),05 AUG 2015,1127.0,women_TJ,2015,https://worldathletics.org/athletes/athlete=14442670,toplist
36.0,14.08,,Natalya ALEKSEYEVA,28 NOV 1986,RUS,2,,Moskva (RUS) (i),19 FEB 2015,1126.0,women_TJ,2015,https://worldathletics.org/athletes/athlete=14298366,toplist
36.0,14.08,1.1,Tetyana PTASHKINA,10 JAN 1993,UKR,1q2,,"Kadrioru staadion, Tallinn (EST)",09 JUL 2015,1126.0,women_TJ,2015,https://worldathletics.org/athletes/athlete=14483029,toplist
36.0,14.08,0.0,Liadagmis POVEA,06 FEB 1996,CUB,2,,Edmonton (CAN),02 AUG 2015,1126.0,women_TJ,2015,https://worldathletics.org/athletes/athlete=14574170,toplist
39.0,14.06,0.5,Laura SAMUEL,19 FEB 1991,GBR,4,,"Olympic Stadium, Cheboksary (RUS)",20 JUN 2015,1124.0,women_TJ,2015,https://worldathletics.org/athletes/athlete=14276265,toplist
40.0,14.03,,Olesya IVANENKO,06 OCT 1982,RUS,3,,Moskva (RUS) (i),19 FEB 2015,1120.0,women_TJ,2015,https://worldathletics.org/athletes/athlete=14297458,toplist
40.0,14.03,0.0,Dailenys ALCÁNTARA,10 AUG 1991,CUB,1,,La Habana (CUB),28 MAY 2015,1120.0,women_TJ,2015,https://worldathletics.org/athletes/athlete=14263704,toplist
40.0,14.03,-0.1,Anastasiya POTAPOVA,06 SEP 1985,RUS,,,Krasnodar (RUS),06 JUN 2015,1120.0,women_TJ,2015,https://worldathletics.org/athletes/athlete=14299520,toplist
40.0,14.03,2.0,Ana PELETEIRO,02 DEC 1995,ESP,5,,"Olympic Stadium, Cheboksary (RUS)",20 JUN 2015,1120.0,women_TJ,2015,https://worldathletics.org/athletes/athlete=14454805,toplist
40.0,14.03,0.9,Ana Lucia JOSE TIMA,10 OCT 1989,DOM,,,San José (CRC),07 AUG 2015,1120.0,women_TJ,2015,https://worldathletics.org/athletes/athlete=14369521,toplist
45.0,14.01,,Ciarra BREWER,12 MAR 1993,USA,1,,"Fayetteville, AR (USA) (i)",14 MAR 2015,1118.0,women_TJ,2015,https://worldathletics.org/athletes/athlete=14306392,toplist
46.0,13.99,1.6,Paraskevi PAPACHRISTOU,17 APR 1989,GRE,1,,Chania (GRE),06 JUN 2015,1116.0,women_TJ,2015,https://worldathletics.org/athletes/athlete=14280843,toplist
47.0,13.98,1.4,Olesya TIKHONOVA,28 JAN 1990,RUS,3,,Cheboksary (RUS),05 AUG 2015,1115.0,women_TJ,2015,https://worldathletics.org/athletes/athlete=14299550,toplist
47.0,13.98,1.8,Viktoriya GUROVA,22 MAY 1982,RUS,4,,Cheboksary (RUS),05 AUG 2015,1115.0,women_TJ,2015,https://worldathletics.org/athletes/athlete=14297891,toplist
49.0,13.97,,Cristina Mihaela SANDU,04 MAR 1990,ROU,9q,,"O2 Arena, Praha (CZE) (i)",07 MAR 2015,1114.0,women_TJ,2015,https://worldathletics.org/athletes/athlete=14295923,toplist
50.0,13.96,1.3,Ayanna ALEXANDER,20 JUL 1982,TTO,1,,"Alexandria, VA (USA)",30 MAY 2015,1113.0,women_TJ,2015,https://worldathletics.org/athletes/athlete=14302968,toplist
51.0,13.94,,Patricia SARRAPIO,16 NOV 1982,ESP,1,,Antequera (ESP) (i),21 FEB 2015,1111.0,women_TJ,2015,https://worldathletics.org/athletes/athlete=14260478,toplist
52.0,13.92,0.0,Ruslana TSYKHOTSKA,23 MAR 1986,UKR,1,,Kyiv (UKR),21 JUL 2015,1109.0,women_TJ,2015,https://worldathletics.org/athletes/athlete=14304274,toplist
53.0,13.89,1.6,Linuo DENG,16 MAR 1992,CHN,3,,Chanthaburi (THA),29 JUN 2015,1106.0,women_TJ,2015,https://worldathletics.org/athletes/athlete=14266563,toplist
53.0,13.89,-0.4,Iryna VASKOUSKAYA,02 APR 1991,BLR,3,,Grodno (BLR),24 JUL 2015,1108.0,women_TJ,2015,https://worldathletics.org/athletes/athlete=14404033,toplist
55.0,13.88,1.9,Natalya YEVDOKIMOVA,07 SEP 1993,RUS,4,,Yerino (RUS),10 JUL 2015,1105.0,women_TJ,2015,https://worldathletics.org/athletes/athlete=14513833,toplist
56.0,13.87,1.7,Amanda SMOCK,27 APR 1982,USA,1,,"Walnut, CA (USA)",18 APR 2015,1104.0,women_TJ,2015,https://worldathletics.org/athletes/athlete=14403625,toplist
56.0,13.87,1.8,Alsu MURTAZINA,12 DEC 1987,RUS,6,,Cheboksary (RUS),05 AUG 2015,1104.0,women_TJ,2015,https://worldathletics.org/athletes/athlete=14298683,toplist
58.0,13.85,,Ruth NDOUMBE,01 JAN 1987,ESP,2,,Antequera (ESP) (i),21 FEB 2015,1102.0,women_TJ,2015,https://worldathletics.org/athletes/athlete=14260905,toplist
58.0,13.85,1.7,Kristina MALAYA,08 OCT 1996,RUS,1,,Krasnodar (RUS),24 MAY 2015,1102.0,women_TJ,2015,https://worldathletics.org/athletes/athlete=14452906,toplist
58.0,13.85,1.6,Mathilde BOATENG,24 JUL 1989,GHA,,,Vénissieux (FRA),20 JUN 2015,1102.0,women_TJ,2015,https://worldathletics.org/athletes/athlete=14258428,toplist
61.0,13.84,,Dariya DERKACH,27 MAR 1993,ITA,1,,Padova (ITA) (i),21 FEB 2015,1101.0,women_TJ,2015,https://worldathletics.org/athletes/athlete=14363463,toplist
61.0,13.84,0.0,Huy Hoa TRAN,08 AUG 1991,VIE,1,,Taipei City (TPE),15 MAY 2015,1101.0,women_TJ,2015,https://worldathletics.org/athletes/athlete=14377267,toplist
63.0,13.83,,Rouguy DIALLO,05 FEB 1995,FRA,2,,Eaubonne (FRA) (i),08 FEB 2015,1100.0,women_TJ,2015,https://worldathletics.org/athletes/athlete=14410309,toplist
63.0,13.83,1.5,April SINKLER,01 SEP 1987,USA,2,,"Hayward Field, Eugene, OR (USA)",26 JUN 2015,1100.0,women_TJ,2015,https://worldathletics.org/athletes/athlete=14321380,toplist
63.0,13.83,1.5,Lynnika PITTS,19 MAY 1992,USA,,,San José (CRC),07 AUG 2015,1100.0,women_TJ,2015,https://worldathletics.org/athletes/athlete=14452102,toplist
66.0,13.82,,Snežana VUKMIROVIČ,19 AUG 1982,SLO,1,,Zagreb (CRO) (i),24 JAN 2015,1099.0,women_TJ,2015,https://worldathletics.org/athletes/athlete=14300285,toplist
67.0,13.81,,Veronika SEMASHKO,17 OCT 1990,RUS,2,,St. Petersburg (RUS) (i),27 DEC 2015,1098.0,women_TJ,2015,https://worldathletics.org/athletes/athlete=14298669,toplist
68.0,13.80,-0.8,Yarianna MARTÍNEZ,20 SEP 1984,CUB,2,,La Habana (CUB),14 FEB 2015,1101.0,women_TJ,2015,https://worldathletics.org/athletes/athlete=14263491,toplist
68.0,13.80,0.9,Tânia FERREIRA DA SILVA,17 DEC 1986,BRA,1,,Sao Bernardo do Campo (BRA),19 APR 2015,1097.0,women_TJ,2015,https://worldathletics.org/athletes/athlete=14269058,toplist
68.0,13.80,0.6,Lucie MÁJKOVÁ,09 JUL 1988,CZE,4,,"Stadion Juliska, Praha (CZE)",08 JUN 2015,1097.0,women_TJ,2015,https://worldathletics.org/athletes/athlete=14262904,toplist
71.0,13.79,0.5,Biljana TOPIĆ,17 OCT 1977,SRB,1,,Kragujevac (SRB),06 JUN 2015,1096.0,women_TJ,2015,https://worldathletics.org/athletes/athlete=14300387,toplist
72.0,13.78,0.0,Mayookha JOHNY,04 SEP 1988,IND,1,,Kolkata (IND),18 SEP 2015,1095.0,women_TJ,2015,https://worldathletics.org/athletes/athlete=14282867,toplist
73.0,13.77,0.5,Danellys DUTIL,12 FEB 1995,CUB,2,,La Habana (CUB),19 JUN 2015,1094.0,women_TJ,2015,https://worldathletics.org/athletes/athlete=14418930,toplist
74.0,13.76,0.4,Aleksandra KOTLYAROVA,10 OCT 1988,UZB,2,,Bangkok (THA),22 JUN 2015,1093.0,women_TJ,2015,https://worldathletics.org/athletes/athlete=14325034,toplist
74.0,13.76,1.9,Ottavia CESTONARO,12 JAN 1995,ITA,1,,Torino (ITA),26 JUL 2015,1093.0,women_TJ,2015,https://worldathletics.org/athletes/athlete=14406580,toplist
76.0,13.75,0.0,Maria Natalia LONDA,29 OCT 1990,INA,1,,Singapore (SGP),11 JUN 2015,1092.0,women_TJ,2015,https://worldathletics.org/athletes/athlete=14282715,toplist
76.0,13.75,0.1,Joelle MBUMI,25 MAY 1986,CMR,1,,Brazzaville (CGO),13 SEP 2015,1092.0,women_TJ,2015,https://worldathletics.org/athletes/athlete=14264110,toplist
78.0,13.73,0.0,Rong WANG,01 JUL 1996,CHN,1f1,,Jinan (CHN),30 APR 2015,1090.0,women_TJ,2015,https://worldathletics.org/athletes/athlete=14514481,toplist
78.0,13.73,-0.5,Benedetta CUNEO,11 MAR 1996,ITA,1,,Rieti (ITA),13 JUN 2015,1093.0,women_TJ,2015,https://worldathletics.org/athletes/athlete=14509420,toplist
78.0,13.73,1.5,Sanna NYGARD,22 MAR 1988,FIN,1,,Umea (SWE),16 AUG 2015,1090.0,women_TJ,2015,https://worldathletics.org/athletes/athlete=14259168,toplist
81.0,13.72,1.5,Carmen Cristina TOMA,28 MAR 1989,ROU,3,,Pitesti (ROU),25 JUL 2015,1089.0,women_TJ,2015,https://worldathletics.org/athletes/athlete=14295988,toplist
82.0,13.70,-0.6,Claudine Paola GIMENES,09 SEP 1994,BRA,3,,Sao Bernardo do Campo (BRA),17 MAY 2015,1090.0,women_TJ,2015,https://worldathletics.org/athletes/athlete=14496076,toplist
82.0,13.70,1.7,Anna KRASUTSKA,20 JUL 1995,UKR,1,,Kharkiv (UKR),22 MAY 2015,1087.0,women_TJ,2015,https://worldathletics.org/athletes/athlete=14400461,toplist
82.0,13.70,1.6,Saša BABŠEK,27 MAR 1992,SLO,,,Celje (SLO),13 JUN 2015,1087.0,women_TJ,2015,https://worldathletics.org/athletes/athlete=14380609,toplist
82.0,13.70,1.7,Darya NIDBAYKINA,26 DEC 1994,RUS,1,,Saransk (RUS),17 JUN 2015,1087.0,women_TJ,2015,https://worldathletics.org/athletes/athlete=14513831,toplist
86.0,13.69,,Teresa NZOLA MESO,30 NOV 1983,FRA,2,,Aubière (FRA) (i),21 FEB 2015,1086.0,women_TJ,2015,https://worldathletics.org/athletes/athlete=14273352,toplist
87.0,13.68,1.8,Madara APINE,02 MAR 1989,LAT,1,,Kaunas (LTU),06 JUN 2015,1085.0,women_TJ,2015,https://worldathletics.org/athletes/athlete=14289943,toplist
88.0,13.67,0.4,Xiaofang WANG,20 JAN 1992,CHN,1,,Taiyuan (CHN),12 MAY 2015,1084.0,women_TJ,2015,https://worldathletics.org/athletes/athlete=14472024,toplist
88.0,13.67,0.1,Petya DACHEVA,10 MAR 1985,BUL,1,,Pitesti (ROU),01 AUG 2015,1084.0,women_TJ,2015,https://worldathletics.org/athletes/athlete=14268743,toplist
90.0,13.65,0.9,Nneka OKPALA,27 APR 1988,NZL,1,,Canberra (AUS),07 FEB 2015,1082.0,women_TJ,2015,https://worldathletics.org/athletes/athlete=14293118,toplist
90.0,13.65,1.0,Yanis DAVID,12 DEC 1997,FRA,2,,Port-of-Spain (TTO),23 MAY 2015,1082.0,women_TJ,2015,https://worldathletics.org/athletes/athlete=14463702,toplist
90.0,13.65,0.2,Irina KONSTANTS,01 MAR 1990,RUS,1,,Sochi (RUS),29 MAY 2015,1082.0,women_TJ,2015,https://worldathletics.org/athletes/athlete=14298243,toplist
90.0,13.65,0.0,Iryna NIKOLAYEVA,20 JAN 1984,UKR,2,,Kirovograd (UKR),09 JUN 2015,1082.0,women_TJ,2015,https://worldathletics.org/athletes/athlete=14303964,toplist
90.0,13.65,0.1,Thitima MUANGJAN,13 APR 1983,THA,3,,Singapore (SGP),11 JUN 2015,1082.0,women_TJ,2015,https://worldathletics.org/athletes/athlete=14302684,toplist
90.0,13.65,-0.5,Blessing IBRAHIM,11 OCT 1992,NGR,1,,Akure (NGR),11 JUL 2015,1085.0,women_TJ,2015,https://worldathletics.org/athletes/athlete=14292411,toplist
96.0,13.64,-2.3,Allie SAUNDERS,08 JAN 1993,USA,1q4,,"Austin, TX (USA)",30 MAY 2015,1094.0,women_TJ,2015,https://worldathletics.org/athletes/athlete=14491320,toplist
96.0,13.64,1.7,Amy ZONGO,04 OCT 1980,FRA,1,,Nogent-sur-Marne (FRA),28 JUN 2015,1081.0,women_TJ,2015,https://worldathletics.org/athletes/athlete=14274319,toplist
98.0,13.63,1.0,Toni SMITH,13 OCT 1984,USA,2,,"Chula Vista, CA (USA)",25 JUL 2015,1080.0,women_TJ,2015,https://worldathletics.org/athletes/athlete=14321630,toplist
99.0,13.62,1.9,Nathalie MARIE-NELY,24 NOV 1986,FRA,1,,Castres (FRA),29 JUL 2015,1079.0,women_TJ,2015,https://worldathletics.org/athletes/athlete=14273033,toplist
100.0,13.60,,Georgiana Iuliana ANIȚEI,26 MAR 1999,ROU,4,,Bucureşti (ROU) (i),14 FEB 2015,1076.0,women_TJ,2015,https://worldathletics.org/athletes/athlete=14508052,toplist
1.0,15.17,0.4,Caterine IBARGUEN,12 FEB 1984,COL,1,,"Estádio Olímpico, Rio de Janeiro (BRA)",14 AUG 2016,1238.0,women_TJ,2016,https://worldathletics.org/athletes/athlete=14263994,toplist
2.0,15.02,-0.4,Yulimar ROJAS,21 OCT 1995,VEN,1,,"Moratalaz, Madrid (ESP)",23 JUN 2016,1224.0,women_TJ,2016,https://worldathletics.org/athletes/athlete=14436431,toplist
3.0,14.74,0.3,Olga RYPAKOVA,30 NOV 1984,KAZ,3,,"Estádio Olímpico, Rio de Janeiro (BRA)",14 AUG 2016,1193.0,women_TJ,2016,https://worldathletics.org/athletes/athlete=14288693,toplist
4.0,14.73,-1.3,Paraskevi PAPACHRISTOU,17 APR 1989,GRE,1,,Athina (GRE),08 JUN 2016,1199.0,women_TJ,2016,https://worldathletics.org/athletes/athlete=14280843,toplist
5.0,14.71,0.0,Keturah ORJI,05 MAR 1996,USA,4,,"Estádio Olímpico, Rio de Janeiro (BRA)",14 AUG 2016,1190.0,women_TJ,2016,https://worldathletics.org/athletes/athlete=14503156,toplist
6.0,14.68,0.5,Hanna MINENKO,25 SEP 1989,ISR,5,,"Estádio Olímpico, Rio de Janeiro (BRA)",14 AUG 2016,1187.0,women_TJ,2016,https://worldathletics.org/athletes/athlete=14303717,toplist
7.0,14.65,0.1,Patrícia MAMONA,21 NOV 1988,POR,6,,"Estádio Olímpico, Rio de Janeiro (BRA)",14 AUG 2016,1184.0,women_TJ,2016,https://worldathletics.org/athletes/athlete=14294964,toplist
8.0,14.57,-1.1,Shanieka RICKETTS,02 FEB 1992,JAM,1,,Kingston (JAM),02 APR 2016,1182.0,women_TJ,2016,https://worldathletics.org/athletes/athlete=14413464,toplist
9.0,14.56,1.8,Liadagmis POVEA,06 FEB 1996,CUB,1,,La Habana (CUB),19 MAR 2016,1175.0,women_TJ,2016,https://worldathletics.org/athletes/athlete=14574170,toplist
9.0,14.56,1.5,Kimberly WILLIAMS,03 NOV 1988,JAM,,,Kingston (JAM),03 JUL 2016,1175.0,women_TJ,2016,https://worldathletics.org/athletes/athlete=14285998,toplist
11.0,14.51,0.3,Liuba Maria ZALDÍVAR,05 APR 1993,ECU,1,,Medellín (COL),10 JUL 2016,1170.0,women_TJ,2016,https://worldathletics.org/athletes/athlete=14412596,toplist
12.0,14.42,1.5,Yekaterina KONEVA,25 SEP 1988,RUS,1,,Moskva (RUS),01 JUL 2016,1160.0,women_TJ,2016,https://worldathletics.org/athletes/athlete=14298189,toplist
13.0,14.41,1.4,Ruslana TSYKHOTSKA,23 MAR 1986,UKR,1,,Lutsk (UKR),19 JUN 2016,1159.0,women_TJ,2016,https://worldathletics.org/athletes/athlete=14304274,toplist
14.0,14.40,1.8,Olha SALADUKHA,04 JUN 1983,UKR,3,,"Alexander Stadium, Birmingham (GBR)",05 JUN 2016,1158.0,women_TJ,2016,https://worldathletics.org/athletes/athlete=14304115,toplist
14.0,14.40,1.1,Jeanine ASSANI ISSOUF,17 AUG 1992,FRA,1,,Angers (FRA),26 JUN 2016,1158.0,women_TJ,2016,https://worldathletics.org/athletes/athlete=14334954,toplist
16.0,14.34,0.0,Susana COSTA,22 SEP 1984,POR,5,,"Olympisch Stadion, Amsterdam (NED)",10 JUL 2016,1152.0,women_TJ,2016,https://worldathletics.org/athletes/athlete=14294840,toplist
17.0,14.33,1.0,Andreea PANȚUROIU,24 FEB 1995,ROU,1,,Pitesti (ROU),25 JUN 2016,1151.0,women_TJ,2016,https://worldathletics.org/athletes/athlete=14408349,toplist
17.0,14.33,0.6,Anna JAGACIAK,10 FEB 1990,POL,1q2,,"Olympisch Stadion, Amsterdam (NED)",08 JUL 2016,1151.0,women_TJ,2016,https://worldathletics.org/athletes/athlete=14293741,toplist
19.0,14.32,,Gabriela PETROVA,29 JUN 1992,BUL,1,,Istanbul (TUR) (i),27 FEB 2016,1150.0,women_TJ,2016,https://worldathletics.org/athletes/athlete=14268585,toplist
20.0,14.31,0.2,Kristin GIERISCH,20 AUG 1990,GER,1,,Garbsen (GER),22 MAY 2016,1149.0,women_TJ,2016,https://worldathletics.org/athletes/athlete=14277718,toplist
21.0,14.28,1.4,Jenny ELBE,18 APR 1990,GER,1,,Dresden (GER),14 MAY 2016,1146.0,women_TJ,2016,https://worldathletics.org/athletes/athlete=14277482,toplist
21.0,14.28,0.6,Viktoriya PROKOPENKO,17 APR 1991,RUS,1,,Cheboksary (RUS),23 JUN 2016,1146.0,women_TJ,2016,https://worldathletics.org/athletes/athlete=14442670,toplist
23.0,14.24,-0.2,Kristiina MÄKELÄ,20 NOV 1992,FIN,2q1,,"Estádio Olímpico, Rio de Janeiro (BRA)",13 AUG 2016,1143.0,women_TJ,2016,https://worldathletics.org/athletes/athlete=14365370,toplist
24.0,14.23,,Iryna VASKOUSKAYA,02 APR 1991,BLR,1,,Mogilyov (BLR) (i),21 FEB 2016,1141.0,women_TJ,2016,https://worldathletics.org/athletes/athlete=14404033,toplist
25.0,14.22,1.2,Ana Lucia JOSE TIMA,10 OCT 1989,DOM,3,,"Moratalaz, Madrid (ESP)",23 JUN 2016,1140.0,women_TJ,2016,https://worldathletics.org/athletes/athlete=14369521,toplist
25.0,14.22,2.0,Natallia VYATKINA,10 FEB 1987,BLR,1q1,,Grodno (BLR),24 JUN 2016,1140.0,women_TJ,2016,https://worldathletics.org/athletes/athlete=14269537,toplist
27.0,14.17,0.0,Nubia SOARES,26 MAR 1996,BRA,1,,Sao Bernardo do Campo (BRA),03 JUL 2016,1135.0,women_TJ,2016,https://worldathletics.org/athletes/athlete=14530395,toplist
27.0,14.17,0.6,Christina EPPS,20 JUN 1991,USA,2,,"Hayward Field, Eugene, OR (USA)",07 JUL 2016,1135.0,women_TJ,2016,https://worldathletics.org/athletes/athlete=14409240,toplist
29.0,14.16,,Rouguy DIALLO,05 FEB 1995,FRA,2,,Aubière (FRA) (i),27 FEB 2016,1134.0,women_TJ,2016,https://worldathletics.org/athletes/athlete=14410309,toplist
29.0,14.16,1.0,Yekaterina EKTOVA,30 AUG 1992,KAZ,1,,Almaty (KAZ),24 MAY 2016,1134.0,women_TJ,2016,https://worldathletics.org/athletes/athlete=14288595,toplist
29.0,14.16,-0.5,Patricia SARRAPIO,16 NOV 1982,ESP,1,,Monachil (ESP),10 JUL 2016,1137.0,women_TJ,2016,https://worldathletics.org/athletes/athlete=14260478,toplist
32.0,14.15,0.1,Andrea GEUBELLE,21 JUN 1991,USA,1,,"Chula Vista, CA (USA)",18 JUN 2016,1133.0,women_TJ,2016,https://worldathletics.org/athletes/athlete=14329998,toplist
32.0,14.15,0.6,Dariya DERKACH,27 MAR 1993,ITA,1,,Rieti (ITA),26 JUN 2016,1133.0,women_TJ,2016,https://worldathletics.org/athletes/athlete=14363463,toplist
34.0,14.11,0.7,Dana VELĎÁKOVÁ,03 JUN 1981,SVK,3q1,,"Olympisch Stadion, Amsterdam (NED)",08 JUL 2016,1129.0,women_TJ,2016,https://worldathletics.org/athletes/athlete=14301624,toplist
35.0,14.09,0.0,Yargelis SAVIGNE,13 NOV 1984,CUB,2,,La Habana (CUB),13 FEB 2016,1127.0,women_TJ,2016,https://worldathletics.org/athletes/athlete=14263384,toplist
35.0,14.09,0.6,Mayookha JOHNY,04 SEP 1988,IND,1,,Potchefstroom (RSA),22 APR 2016,1127.0,women_TJ,2016,https://worldathletics.org/athletes/athlete=14282867,toplist
35.0,14.09,0.6,Laura SAMUEL,19 FEB 1991,GBR,1,,Birmingham (GBR),25 JUN 2016,1127.0,women_TJ,2016,https://worldathletics.org/athletes/athlete=14276265,toplist
35.0,14.09,0.8,Ayanna ALEXANDER,20 JUL 1982,TTO,1,,"Lynchburg, VA (USA)",24 JUL 2016,1127.0,women_TJ,2016,https://worldathletics.org/athletes/athlete=14302968,toplist
39.0,14.08,0.4,Yosiris URRUTIA,26 JUN 1986,COL,2,,Medellín (COL),30 APR 2016,1126.0,women_TJ,2016,https://worldathletics.org/athletes/athlete=14263900,toplist
39.0,14.08,0.0,Davisleydi VELAZCO,04 SEP 1999,CUB,1,,La Habana (CUB),28 MAY 2016,1126.0,women_TJ,2016,https://worldathletics.org/athletes/athlete=14663467,toplist
39.0,14.08,0.9,Svetlana BIRYUKOVA,01 APR 1991,RUS,3,,Cheboksary (RUS),23 JUN 2016,1126.0,women_TJ,2016,https://worldathletics.org/athletes/athlete=14297602,toplist
42.0,14.03,0.0,Nathalie MARIE-NELY,24 NOV 1986,FRA,2,,Forbach (FRA),29 MAY 2016,1120.0,women_TJ,2016,https://worldathletics.org/athletes/athlete=14273033,toplist
43.0,14.02,1.5,Keila COSTA,06 FEB 1983,BRA,2,,Sao Bernardo do Campo (BRA),03 JUL 2016,1119.0,women_TJ,2016,https://worldathletics.org/athletes/athlete=14269284,toplist
44.0,13.99,1.6,Ciarra BREWER,12 MAR 1993,USA,2q1,,"Hayward Field, Eugene, OR (USA)",04 JUL 2016,1116.0,women_TJ,2016,https://worldathletics.org/athletes/athlete=14306392,toplist
45.0,13.96,,Natalya ALEKSEYEVA,28 NOV 1986,RUS,1,,Moskva (RUS) (i),10 FEB 2016,1113.0,women_TJ,2016,https://worldathletics.org/athletes/athlete=14298366,toplist
45.0,13.96,-0.2,Tânia FERREIRA DA SILVA,17 DEC 1986,BRA,3,,Sao Bernardo do Campo (BRA),03 JUL 2016,1114.0,women_TJ,2016,https://worldathletics.org/athletes/athlete=14269058,toplist
47.0,13.94,,Carmen Cristina TOMA,28 MAR 1989,ROU,2,,Bucureşti (ROU) (i),30 JAN 2016,1111.0,women_TJ,2016,https://worldathletics.org/athletes/athlete=14295988,toplist
47.0,13.94,1.7,Crystal MANNING,15 APR 1986,USA,1,,"Waco, TX (USA)",23 APR 2016,1111.0,women_TJ,2016,https://worldathletics.org/athletes/athlete=14315962,toplist
47.0,13.94,1.4,Cristina Mihaela SANDU,04 MAR 1990,ROU,,,Pitesti (ROU),21 MAY 2016,1111.0,women_TJ,2016,https://worldathletics.org/athletes/athlete=14295923,toplist
50.0,13.93,0.4,Neele ECKHARDT,02 JUL 1992,GER,3,,Garbsen (GER),22 MAY 2016,1110.0,women_TJ,2016,https://worldathletics.org/athletes/athlete=14277447,toplist
50.0,13.93,0.5,Anna KRYLOVA,03 OCT 1985,RUS,4,,Sochi (RUS),27 MAY 2016,1110.0,women_TJ,2016,https://worldathletics.org/athletes/athlete=14298358,toplist
50.0,13.93,0.8,Lucie MÁJKOVÁ,09 JUL 1988,CZE,1,,Tábor (CZE),19 JUN 2016,1110.0,women_TJ,2016,https://worldathletics.org/athletes/athlete=14262904,toplist
53.0,13.91,,Ana PELETEIRO,02 DEC 1995,ESP,2,,Madrid (ESP) (i),26 FEB 2016,1108.0,women_TJ,2016,https://worldathletics.org/athletes/athlete=14454805,toplist
53.0,13.91,,Mudan CHEN,04 OCT 1993,CHN,1,,Nanjing (CHN) (i),29 FEB 2016,1108.0,women_TJ,2016,https://worldathletics.org/athletes/athlete=14462000,toplist
53.0,13.91,,Wupin WANG,18 JAN 1991,CHN,2,,Nanjing (CHN) (i),29 FEB 2016,1108.0,women_TJ,2016,https://worldathletics.org/athletes/athlete=14941411,toplist
53.0,13.91,0.0,Nneka OKPALA,27 APR 1988,NZL,,,"SOPAC, Sydney (AUS)",02 APR 2016,1108.0,women_TJ,2016,https://worldathletics.org/athletes/athlete=14293118,toplist
53.0,13.91,0.2,Olesya IVANENKO,06 OCT 1982,RUS,5,,Sochi (RUS),27 MAY 2016,1108.0,women_TJ,2016,https://worldathletics.org/athletes/athlete=14297458,toplist
53.0,13.91,0.8,Irina EKTOVA,08 JAN 1987,KAZ,1,,Almaty (KAZ),05 JUL 2016,1108.0,women_TJ,2016,https://worldathletics.org/athletes/athlete=14288653,toplist
59.0,13.90,,Kseniya DZIATSUK,23 APR 1986,BLR,2,,Mogilyov (BLR) (i),21 FEB 2016,1107.0,women_TJ,2016,https://worldathletics.org/athletes/athlete=14269678,toplist
60.0,13.89,,Olesya TIKHONOVA,28 JAN 1990,RUS,2,,Moskva (RUS) (i),25 FEB 2016,1106.0,women_TJ,2016,https://worldathletics.org/athletes/athlete=14299550,toplist
61.0,13.88,1.4,Amy ZONGO,04 OCT 1980,FRA,1,,Castres (FRA),20 JUL 2016,1105.0,women_TJ,2016,https://worldathletics.org/athletes/athlete=14274319,toplist
62.0,13.86,1.7,Natalya YEVDOKIMOVA,07 SEP 1993,RUS,7,,Cheboksary (RUS),23 JUN 2016,1103.0,women_TJ,2016,https://worldathletics.org/athletes/athlete=14513833,toplist
63.0,13.85,1.4,Andriyana BANOVA,01 MAY 1987,BUL,1,,Sofia (BUL),18 MAY 2016,1102.0,women_TJ,2016,https://worldathletics.org/athletes/athlete=14268751,toplist
63.0,13.85,1.4,Ting CHEN,28 AUG 1997,CHN,1,,"Zdzisław Krzyszkowiak Stadium, Bydgoszcz (POL)",23 JUL 2016,1102.0,women_TJ,2016,https://worldathletics.org/athletes/athlete=14744970,toplist
65.0,13.83,,Petya DACHEVA,10 MAR 1985,BUL,,,Bucureşti (ROU) (i),27 FEB 2016,1100.0,women_TJ,2016,https://worldathletics.org/athletes/athlete=14268743,toplist
65.0,13.83,2.0,April SINKLER,01 SEP 1987,USA,1,,"Chula Vista, CA (USA)",26 JUN 2016,1100.0,women_TJ,2016,https://worldathletics.org/athletes/athlete=14321380,toplist
67.0,13.82,1.7,Petra KOREN,30 JUL 1993,SLO,1,,Celje (SLO),18 JUN 2016,1099.0,women_TJ,2016,https://worldathletics.org/athletes/athlete=14363333,toplist
67.0,13.82,1.4,Nadia EKE,11 JAN 1993,GHA,2,,"Chula Vista, CA (USA)",18 JUN 2016,1099.0,women_TJ,2016,https://worldathletics.org/athletes/athlete=14425444,toplist
69.0,13.80,0.0,Małgorzata TRYBAŃSKA,21 JUN 1981,POL,2,,Warszawa (POL),19 JUN 2016,1097.0,women_TJ,2016,https://worldathletics.org/athletes/athlete=14294570,toplist
70.0,13.78,2.0,Eva MUSTAR,30 SEP 1996,SLO,1,,Ljubljana (SLO),30 JUN 2016,1095.0,women_TJ,2016,https://worldathletics.org/athletes/athlete=14458602,toplist
71.0,13.77,1.8,Simone CHARLEY,04 FEB 1995,USA,2,,"Eugene, OR (USA)",11 JUN 2016,1094.0,women_TJ,2016,https://worldathletics.org/athletes/athlete=14492112,toplist
72.0,13.76,0.3,Imani OLIVER,07 MAR 1993,USA,1,,Riga (LAT),31 MAY 2016,1093.0,women_TJ,2016,https://worldathletics.org/athletes/athlete=14440164,toplist
72.0,13.76,0.5,Irina GUMENYUK,06 JAN 1988,RUS,3,,Zhukovskiy (RUS),20 JUL 2016,1093.0,women_TJ,2016,https://worldathletics.org/athletes/athlete=14297885,toplist
74.0,13.75,,Nastassia MIRONCHYK-IVANOVA,13 APR 1989,BLR,2,,Mogilyov (BLR) (i),23 JAN 2016,1092.0,women_TJ,2016,https://worldathletics.org/athletes/athlete=14269729,toplist
75.0,13.74,0.1,Yamilé ALDAMA,14 AUG 1972,GBR,1,,"Clermont, FL (USA)",30 APR 2016,1091.0,women_TJ,2016,https://worldathletics.org/athletes/athlete=14300566,toplist
75.0,13.74,1.2,Irina PIMENOVA,19 DEC 1988,UKR,2,,Lutsk (UKR),19 JUN 2016,1091.0,women_TJ,2016,https://worldathletics.org/athletes/athlete=14304027,toplist
77.0,13.73,1.2,Bria MATTHEWS,22 JUL 1997,USA,1f2,,"Tallahassee, FL (USA)",15 MAY 2016,1090.0,women_TJ,2016,https://worldathletics.org/athletes/athlete=14536511,toplist
78.0,13.72,,Darya NIDBAYKINA,26 DEC 1994,RUS,1,,Volgograd (RUS) (i),03 MAR 2016,1089.0,women_TJ,2016,https://worldathletics.org/athletes/athlete=14513831,toplist
79.0,13.71,,Veronika SEMASHKO,17 OCT 1990,RUS,3,,Moskva (RUS) (i),14 FEB 2016,1088.0,women_TJ,2016,https://worldathletics.org/athletes/athlete=14298669,toplist
79.0,13.71,-1.2,Claudine Paola GIMENES,09 SEP 1994,BRA,2,,Sao Bernardo do Campo (BRA),06 MAR 2016,1095.0,women_TJ,2016,https://worldathletics.org/athletes/athlete=14496076,toplist
81.0,13.70,,Martyna BIELAWSKA,15 NOV 1990,POL,1,,Spala (POL) (i),20 FEB 2016,1087.0,women_TJ,2016,https://worldathletics.org/athletes/athlete=14293430,toplist
81.0,13.70,1.5,Sineade GUTZMORE,09 OCT 1986,GBR,2,,Castres (FRA),20 JUL 2016,1087.0,women_TJ,2016,https://worldathletics.org/athletes/athlete=14275199,toplist
83.0,13.69,1.9,Aliaksandra NIKITSINA,11 JAN 1993,BLR,3,,Grodno (BLR),25 JUN 2016,1086.0,women_TJ,2016,https://worldathletics.org/athletes/athlete=14423431,toplist
84.0,13.68,,Tetyana PTASHKINA,10 JAN 1993,UKR,1,,Sumy (UKR) (i),26 FEB 2016,1085.0,women_TJ,2016,https://worldathletics.org/athletes/athlete=14483029,toplist
85.0,13.67,1.0,Saša BABŠEK,27 MAR 1992,SLO,,,Celje (SLO),18 JUN 2016,1084.0,women_TJ,2016,https://worldathletics.org/athletes/athlete=14380609,toplist
86.0,13.66,,Tori FRANKLIN,07 OCT 1992,USA,2,,"Portland, OR (USA) (i)",11 MAR 2016,1083.0,women_TJ,2016,https://worldathletics.org/athletes/athlete=14425445,toplist
87.0,13.65,2.0,Olga VELMYAYKINA,03 AUG 1992,RUS,8,,Cheboksary (RUS),23 JUN 2016,1082.0,women_TJ,2016,https://worldathletics.org/athletes/athlete=14408830,toplist
88.0,13.64,0.0,Linuo DENG,16 MAR 1992,CHN,3,,Shaoxing (CHN),16 APR 2016,1081.0,women_TJ,2016,https://worldathletics.org/athletes/athlete=14266563,toplist
88.0,13.64,-0.5,Yanmei LI,06 FEB 1990,CHN,3,,"Todoroki Stadium, Kawasaki (JPN)",08 MAY 2016,1084.0,women_TJ,2016,https://worldathletics.org/athletes/athlete=14265929,toplist
90.0,13.63,,Sanna NYGARD,22 MAR 1988,FIN,2,,Mustasaari (FIN) (i),06 FEB 2016,1080.0,women_TJ,2016,https://worldathletics.org/athletes/athlete=14259168,toplist
90.0,13.63,0.2,Huy Hoa TRAN,08 AUG 1991,VIE,2,,Taoyuan (TPE),20 MAY 2016,1080.0,women_TJ,2016,https://worldathletics.org/athletes/athlete=14377267,toplist
90.0,13.63,0.0,Iryna NIKOLAYEVA,20 JAN 1984,UKR,3,,Lutsk (UKR),19 JUN 2016,1080.0,women_TJ,2016,https://worldathletics.org/athletes/athlete=14303964,toplist
93.0,13.61,,Thea LAFOND,05 APR 1994,DMA,2,,"University Park, PA (USA) (i)",20 FEB 2016,1078.0,women_TJ,2016,https://worldathletics.org/athletes/athlete=14416826,toplist
93.0,13.61,,Darrielle MCQUEEN,29 MAY 1996,USA,2,,"Fayetteville, AR (USA) (i)",27 FEB 2016,1078.0,women_TJ,2016,https://worldathletics.org/athletes/athlete=14577646,toplist
93.0,13.61,,Fan RAO,01 JAN 1996,CHN,3,,Nanjing (CHN) (i),04 MAR 2016,1078.0,women_TJ,2016,https://worldathletics.org/athletes/athlete=14376361,toplist
93.0,13.61,1.9,Dilyara ABUOVA,06 JAN 1994,KAZ,4,,Almaty (KAZ),25 JUN 2016,1078.0,women_TJ,2016,https://worldathletics.org/athletes/athlete=14446400,toplist
97.0,13.60,0.3,Zinzi XULU,28 SEP 1996,RSA,1,,Johannesburg (RSA),13 FEB 2016,1076.0,women_TJ,2016,https://worldathletics.org/athletes/athlete=14544117,toplist
97.0,13.60,0.0,Simona LA MANTIA,14 APR 1983,ITA,1,,Palermo (ITA),07 MAY 2016,1076.0,women_TJ,2016,https://worldathletics.org/athletes/athlete=14284563,toplist
97.0,13.60,1.0,Blessing IBRAHIM,11 OCT 1992,NGR,1,,Abuja (NGR),14 MAY 2016,1076.0,women_TJ,2016,https://worldathletics.org/athletes/athlete=14292411,toplist
97.0,13.60,0.7,Jolanta VERSECKAITÉ,09 FEB 1988,LTU,1,,Kaunas (LTU),21 MAY 2016,1076.0,women_TJ,2016,https://worldathletics.org/athletes/athlete=14290431,toplist
1.0,14.96,-0.3,Yulimar ROJAS,21 OCT 1995,VEN,1,,Andújar (ESP),02 JUN 2017,1217.0,women_TJ,2017,https://worldathletics.org/athletes/athlete=14436431,toplist
2.0,14.89,0.9,Caterine IBARGUEN,12 FEB 1984,COL,2,,"Olympic Stadium, London (GBR)",07 AUG 2017,1209.0,women_TJ,2017,https://worldathletics.org/athletes/athlete=14263994,toplist
3.0,14.77,0.9,Olga RYPAKOVA,30 NOV 1984,KAZ,3,,"Olympic Stadium, London (GBR)",07 AUG 2017,1196.0,women_TJ,2017,https://worldathletics.org/athletes/athlete=14288693,toplist
4.0,14.56,0.8,Nubia SOARES,26 MAR 1996,BRA,1,,Sao Bernardo do Campo (BRA),11 JUN 2017,1175.0,women_TJ,2017,https://worldathletics.org/athletes/athlete=14530395,toplist
5.0,14.54,-0.1,Kimberly WILLIAMS,03 NOV 1988,JAM,3,,"Stade Louis II, Monaco (MON)",21 JUL 2017,1173.0,women_TJ,2017,https://worldathletics.org/athletes/athlete=14285998,toplist
6.0,14.45,0.2,Liadagmis POVEA,06 FEB 1996,CUB,1,,La Habana (CUB),27 MAY 2017,1164.0,women_TJ,2017,https://worldathletics.org/athletes/athlete=14574170,toplist
6.0,14.45,0.2,Shanieka RICKETTS,02 FEB 1992,JAM,1,,"Sports Park Mladost, Zagreb (CRO)",29 AUG 2017,1164.0,women_TJ,2017,https://worldathletics.org/athletes/athlete=14413464,toplist
8.0,14.42,1.0,Patrícia MAMONA,21 NOV 1988,POR,4,,"Stadio Olimpico, Roma (ITA)",08 JUN 2017,1160.0,women_TJ,2017,https://worldathletics.org/athletes/athlete=14294964,toplist
8.0,14.42,1.2,Hanna MINENKO,25 SEP 1989,ISR,4,,"Olympic Stadium, London (GBR)",07 AUG 2017,1160.0,women_TJ,2017,https://worldathletics.org/athletes/athlete=14303717,toplist
10.0,14.40,-0.1,Kristin GIERISCH,20 AUG 1990,GER,1,,Erfurt (GER),09 JUL 2017,1158.0,women_TJ,2017,https://worldathletics.org/athletes/athlete=14277718,toplist
11.0,14.39,0.6,Jeanine ASSANI ISSOUF,17 AUG 1992,FRA,,,Marseille (FRA),16 JUL 2017,1157.0,women_TJ,2017,https://worldathletics.org/athletes/athlete=14334954,toplist
12.0,14.35,1.4,Neele ECKHARDT,02 JUL 1992,GER,1,,Göttingen (GER),11 JUN 2017,1153.0,women_TJ,2017,https://worldathletics.org/athletes/athlete=14277447,toplist
12.0,14.35,0.6,Susana COSTA,22 SEP 1984,POR,2q1,,"Olympic Stadium, London (GBR)",05 AUG 2017,1153.0,women_TJ,2017,https://worldathletics.org/athletes/athlete=14294840,toplist
14.0,14.33,,Andreea PANȚUROIU,24 FEB 1995,ROU,,,Bucureşti (ROU) (i),04 FEB 2017,1151.0,women_TJ,2017,https://worldathletics.org/athletes/athlete=14408349,toplist
15.0,14.32,,Keturah ORJI,05 MAR 1996,USA,1f2,,"Nashville, TN (USA) (i)",25 FEB 2017,1150.0,women_TJ,2017,https://worldathletics.org/athletes/athlete=14503156,toplist
16.0,14.30,-0.1,Anna KRYLOVA,03 OCT 1985,RUS,1,,Sochi (RUS),26 MAY 2017,1148.0,women_TJ,2017,https://worldathletics.org/athletes/athlete=14298358,toplist
17.0,14.29,1.9,Anna JAGACIAK,10 FEB 1990,POL,1,,Bursa (TUR),06 JUL 2017,1147.0,women_TJ,2017,https://worldathletics.org/athletes/athlete=14293741,toplist
18.0,14.27,,Jenny ELBE,18 APR 1990,GER,1q,,"Kombank Arena, Beograd (SRB) (i)",03 MAR 2017,1145.0,women_TJ,2017,https://worldathletics.org/athletes/athlete=14277482,toplist
19.0,14.24,,Paraskevi PAPACHRISTOU,17 APR 1989,GRE,3,,"Kombank Arena, Beograd (SRB) (i)",04 MAR 2017,1142.0,women_TJ,2017,https://worldathletics.org/athletes/athlete=14280843,toplist
20.0,14.23,1.4,Ana PELETEIRO,02 DEC 1995,ESP,7,,"Olympic Stadium, London (GBR)",07 AUG 2017,1141.0,women_TJ,2017,https://worldathletics.org/athletes/athlete=14454805,toplist
21.0,14.21,1.1,Darya NIDBAYKINA,26 DEC 1994,RUS,1,,Zhukovskiy (RUS),30 JUL 2017,1139.0,women_TJ,2017,https://worldathletics.org/athletes/athlete=14513831,toplist
22.0,14.20,1.7,Thea LAFOND,05 APR 1994,DMA,1,,"Philadelphia, PA (USA)",29 APR 2017,1138.0,women_TJ,2017,https://worldathletics.org/athletes/athlete=14416826,toplist
23.0,14.19,-0.2,Gabriela PETROVA,29 JUN 1992,BUL,1,,Plovdiv (BUL),08 JUL 2017,1138.0,women_TJ,2017,https://worldathletics.org/athletes/athlete=14268585,toplist
24.0,14.18,,Kristiina MÄKELÄ,20 NOV 1992,FIN,4q,,"Kombank Arena, Beograd (SRB) (i)",03 MAR 2017,1136.0,women_TJ,2017,https://worldathletics.org/athletes/athlete=14365370,toplist
25.0,14.15,1.2,Dovilė DZINDZALETAITĖ,14 JUL 1993,LTU,1,,Padova (ITA),16 JUL 2017,1133.0,women_TJ,2017,https://worldathletics.org/athletes/athlete=14363902,toplist
25.0,14.15,0.1,Thi Men VU,10 JUL 1990,VIE,1,,Kuala Lumpur (MAS),23 AUG 2017,1133.0,women_TJ,2017,https://worldathletics.org/athletes/athlete=14816365,toplist
27.0,14.13,2.0,Tânia FERREIRA DA SILVA,17 DEC 1986,BRA,2,,Sao Bernardo do Campo (BRA),11 JUN 2017,1131.0,women_TJ,2017,https://worldathletics.org/athletes/athlete=14269058,toplist
28.0,14.10,1.2,Éloyse LESUEUR-AYMONIN,15 JUL 1988,FRA,1,,Dijon (FRA),21 MAY 2017,1128.0,women_TJ,2017,https://worldathletics.org/athletes/athlete=14256638,toplist
29.0,14.06,1.7,Dariya DERKACH,27 MAR 1993,ITA,1,,Orvieto (ITA),28 MAY 2017,1124.0,women_TJ,2017,https://worldathletics.org/athletes/athlete=14363463,toplist
30.0,14.05,0.1,Liuba Maria ZALDÍVAR,05 APR 1993,ECU,,,Cuenca (ECU),20 MAY 2017,1122.0,women_TJ,2017,https://worldathletics.org/athletes/athlete=14412596,toplist
31.0,14.04,1.9,Irina GUMENYUK,06 JAN 1988,RUS,2,,Sochi (RUS),26 MAY 2017,1121.0,women_TJ,2017,https://worldathletics.org/athletes/athlete=14297885,toplist
32.0,14.03,1.0,Tamara MYERS,27 JUL 1993,BAH,2,,"Philadelphia, PA (USA)",29 APR 2017,1120.0,women_TJ,2017,https://worldathletics.org/athletes/athlete=14469981,toplist
32.0,14.03,0.4,Fátima DIAME,22 SEP 1996,ESP,2,,Torrent (ESP),02 JUL 2017,1120.0,women_TJ,2017,https://worldathletics.org/athletes/athlete=14458906,toplist
32.0,14.03,0.9,Tori FRANKLIN,07 OCT 1992,USA,8q2,,"Olympic Stadium, London (GBR)",05 AUG 2017,1120.0,women_TJ,2017,https://worldathletics.org/athletes/athlete=14425445,toplist
35.0,14.02,,Olha SALADUKHA,04 JUN 1983,UKR,1,,Sumy (UKR) (i),19 FEB 2017,1119.0,women_TJ,2017,https://worldathletics.org/athletes/athlete=14304115,toplist
36.0,14.00,,Viktoriya PROKOPENKO,17 APR 1991,RUS,2,,Moskva (RUS) (i),21 FEB 2017,1117.0,women_TJ,2017,https://worldathletics.org/athletes/athlete=14442670,toplist
36.0,14.00,1.1,Iryna VASKOUSKAYA,02 APR 1991,BLR,1,,Grodno (BLR),06 JUL 2017,1117.0,women_TJ,2017,https://worldathletics.org/athletes/athlete=14404033,toplist
38.0,13.98,0.2,Rouguy DIALLO,05 FEB 1995,FRA,,,"Zdzisław Krzyszkowiak Stadium, Bydgoszcz (POL)",14 JUL 2017,1115.0,women_TJ,2017,https://worldathletics.org/athletes/athlete=14410309,toplist
39.0,13.97,0.9,Natalya YEVDOKIMOVA,07 SEP 1993,RUS,2,,Zhukovskiy (RUS),01 JUL 2017,1114.0,women_TJ,2017,https://worldathletics.org/athletes/athlete=14513833,toplist
40.0,13.94,0.0,Mariya OVCHINNIKOVA,19 OCT 1998,KAZ,1,,Almaty (KAZ),24 JUN 2017,1111.0,women_TJ,2017,https://worldathletics.org/athletes/athlete=14646811,toplist
40.0,13.94,1.3,Viyaleta SKVARTSOVA,15 APR 1998,BLR,,,"Stadio Zecchini, Grosseto (ITA)",21 JUL 2017,1111.0,women_TJ,2017,https://worldathletics.org/athletes/athlete=14687147,toplist
42.0,13.93,,Yanis DAVID,12 DEC 1997,FRA,1,,"Fayetteville, AR (USA) (i)",11 FEB 2017,1110.0,women_TJ,2017,https://worldathletics.org/athletes/athlete=14463702,toplist
42.0,13.93,,Fan RAO,01 JAN 1996,CHN,1,,Xianlin (CHN) (i),28 FEB 2017,1110.0,women_TJ,2017,https://worldathletics.org/athletes/athlete=14376361,toplist
42.0,13.93,0.9,Nadia EKE,11 JAN 1993,GHA,2,,St-Martin (FRA),13 MAY 2017,1110.0,women_TJ,2017,https://worldathletics.org/athletes/athlete=14425444,toplist
45.0,13.88,-0.1,Wupin WANG,18 JAN 1991,CHN,1,,Tianjin (CHN),04 SEP 2017,1105.0,women_TJ,2017,https://worldathletics.org/athletes/athlete=14941411,toplist
46.0,13.86,,Cristina-Ioana BUJIN,12 APR 1988,ROU,2,,Bucureşti (ROU) (i),18 FEB 2017,1103.0,women_TJ,2017,https://worldathletics.org/athletes/athlete=14295465,toplist
47.0,13.84,-0.8,Ana Lucia JOSE TIMA,10 OCT 1989,DOM,1,,Santo Domingo (DOM),17 JUN 2017,1105.0,women_TJ,2017,https://worldathletics.org/athletes/athlete=14369521,toplist
48.0,13.83,,Ting CHEN,28 AUG 1997,CHN,1,,Xianlin (CHN) (i),24 FEB 2017,1100.0,women_TJ,2017,https://worldathletics.org/athletes/athlete=14744970,toplist
49.0,13.82,1.5,Shara PROCTOR,16 SEP 1988,GBR,1,,"Azusa, CA (USA)",14 APR 2017,1099.0,women_TJ,2017,https://worldathletics.org/athletes/athlete=14272929,toplist
49.0,13.82,0.4,Dana VELĎÁKOVÁ,03 JUN 1981,SVK,3f1,,Marseille (FRA),03 JUN 2017,1099.0,women_TJ,2017,https://worldathletics.org/athletes/athlete=14301624,toplist
49.0,13.82,-0.4,Aina GRIKŠAITĖ,23 NOV 1994,LTU,1,,Kaunas (LTU),03 JUN 2017,1101.0,women_TJ,2017,https://worldathletics.org/athletes/athlete=14448358,toplist
52.0,13.79,-0.9,Olesya IVANENKO,06 OCT 1982,RUS,5,,Zhukovskiy (RUS),30 JUL 2017,1101.0,women_TJ,2017,https://worldathletics.org/athletes/athlete=14297458,toplist
53.0,13.77,1.0,Rong WANG,01 JUL 1996,CHN,2,,Taiyuan (CHN),11 MAY 2017,1094.0,women_TJ,2017,https://worldathletics.org/athletes/athlete=14514481,toplist
53.0,13.77,1.8,Nathalie MARIE-NELY,24 NOV 1986,FRA,3,,Forbach (FRA),28 MAY 2017,1094.0,women_TJ,2017,https://worldathletics.org/athletes/athlete=14273033,toplist
53.0,13.77,-0.4,Irina EKTOVA,08 JAN 1987,KAZ,2,,Almaty (KAZ),24 JUN 2017,1096.0,women_TJ,2017,https://worldathletics.org/athletes/athlete=14288653,toplist
56.0,13.76,,Linuo DENG,16 MAR 1992,CHN,2,,Xianlin (CHN) (i),28 FEB 2017,1093.0,women_TJ,2017,https://worldathletics.org/athletes/athlete=14266563,toplist
56.0,13.76,0.4,Yekaterina EKTOVA,30 AUG 1992,KAZ,2,,Almaty (KAZ),14 MAY 2017,1093.0,women_TJ,2017,https://worldathletics.org/athletes/athlete=14288595,toplist
56.0,13.76,1.9,Sanna NYGARD,22 MAR 1988,FIN,2,,Seinäjoki (FIN),22 JUL 2017,1093.0,women_TJ,2017,https://worldathletics.org/athletes/athlete=14259168,toplist
59.0,13.75,,Shardia LAWRENCE,31 DEC 1995,JAM,2,,"Fayetteville, AR (USA) (i)",11 FEB 2017,1092.0,women_TJ,2017,https://worldathletics.org/athletes/athlete=14413646,toplist
60.0,13.73,-0.3,Yanmei LI,06 FEB 1990,CHN,1,,Zhengzhou (CHN),12 APR 2017,1091.0,women_TJ,2017,https://worldathletics.org/athletes/athlete=14265929,toplist
60.0,13.73,-0.5,Lucie MÁJKOVÁ,09 JUL 1988,CZE,4,,"Stadium Lille Métropole, Villeneuve d'Ascq (FRA)",24 JUN 2017,1093.0,women_TJ,2017,https://worldathletics.org/athletes/athlete=14262904,toplist
62.0,13.72,1.2,Davisleydi VELAZCO,04 SEP 1999,CUB,2,,La Habana (CUB),16 MAR 2017,1089.0,women_TJ,2017,https://worldathletics.org/athletes/athlete=14663467,toplist
63.0,13.69,1.3,Birte DAMERIUS,13 DEC 1991,GER,2,,Berlin (GER),25 JUN 2017,1086.0,women_TJ,2017,https://worldathletics.org/athletes/athlete=14372913,toplist
64.0,13.68,1.0,Iana AMSTERDAM,14 NOV 1995,GUY,1,,"Austin, TX (USA)",31 MAR 2017,1085.0,women_TJ,2017,https://worldathletics.org/athletes/athlete=14463792,toplist
65.0,13.67,1.7,Patricia SARRAPIO,16 NOV 1982,ESP,2,,Andújar (ESP),02 JUN 2017,1084.0,women_TJ,2017,https://worldathletics.org/athletes/athlete=14260478,toplist
66.0,13.66,-0.9,Xiaohong LI,08 JAN 1995,CHN,3,,Taiyuan (CHN),11 MAY 2017,1088.0,women_TJ,2017,https://worldathletics.org/athletes/athlete=14462015,toplist
66.0,13.66,-0.5,Minjuan ZHOU,22 APR 1996,CHN,4,,Taiyuan (CHN),11 MAY 2017,1086.0,women_TJ,2017,https://worldathletics.org/athletes/athlete=14635698,toplist
66.0,13.66,0.7,Ilionis GUILLAUME,13 JAN 1998,FRA,2,,Nice (FRA),18 JUN 2017,1083.0,women_TJ,2017,https://worldathletics.org/athletes/athlete=14516275,toplist
66.0,13.66,1.7,Ottavia CESTONARO,12 JAN 1995,ITA,2,,Trieste (ITA),02 JUL 2017,1083.0,women_TJ,2017,https://worldathletics.org/athletes/athlete=14406580,toplist
70.0,13.65,,Jhoanmy LUQUE,20 DEC 1995,VEN,1,,"Ames, IA (USA) (i)",25 FEB 2017,1082.0,women_TJ,2017,https://worldathletics.org/athletes/athlete=14480205,toplist
71.0,13.64,,Athanasia PERRA,02 FEB 1983,GRE,2,,Athina (GRE) (i),19 FEB 2017,1081.0,women_TJ,2017,https://worldathletics.org/athletes/athlete=14280861,toplist
71.0,13.64,1.4,H.D. Vidusha LAKSHANI,28 DEC 1996,SRI,1,,Diyagama (SRI),09 APR 2017,1081.0,women_TJ,2017,https://worldathletics.org/athletes/athlete=14533042,toplist
71.0,13.64,1.7,Diana ZAGAINOVA,20 JUN 1997,LTU,2,,Kaunas (LTU),03 JUN 2017,1081.0,women_TJ,2017,https://worldathletics.org/athletes/athlete=14565366,toplist
71.0,13.64,-0.8,Kirthana RAMASAMY,20 JAN 1997,MAS,,,Almaty (KAZ),13 JUN 2017,1085.0,women_TJ,2017,https://worldathletics.org/athletes/athlete=14591458,toplist
71.0,13.64,0.4,Naomi OGBETA,18 APR 1998,GBR,1,,Birmingham (GBR),01 JUL 2017,1081.0,women_TJ,2017,https://worldathletics.org/athletes/athlete=14590572,toplist
71.0,13.64,0.0,Qiujiao TAN,28 MAY 2000,CHN,1,,"Kasarani, Nairobi (KEN)",15 JUL 2017,1081.0,women_TJ,2017,https://worldathletics.org/athletes/athlete=14795857,toplist
71.0,13.64,1.1,Aleksandra NACHEVA,20 AUG 2001,BUL,4,,"Stadio Zecchini, Grosseto (ITA)",21 JUL 2017,1081.0,women_TJ,2017,https://worldathletics.org/athletes/athlete=14705690,toplist
78.0,13.63,0.0,Ayanna ALEXANDER,20 JUL 1982,TTO,1,,Port-of-Spain (TTO),24 JUN 2017,1080.0,women_TJ,2017,https://worldathletics.org/athletes/athlete=14302968,toplist
78.0,13.63,1.0,Parinya CHUAIMAROENG,16 DEC 1997,THA,1,,Songkhla (THA),26 JUN 2017,1080.0,women_TJ,2017,https://worldathletics.org/athletes/athlete=14603339,toplist
78.0,13.63,,Marie-Jose EBWEA BILE,07 FEB 1997,FRA,1,,"Bloomington, IN (USA) (i)",08 DEC 2017,1080.0,women_TJ,2017,https://worldathletics.org/athletes/athlete=14501352,toplist
81.0,13.62,0.5,Amber HUGHES,23 SEP 1994,USA,1,,"Jacksonville, FL (USA)",08 APR 2017,1079.0,women_TJ,2017,https://worldathletics.org/athletes/athlete=14618390,toplist
81.0,13.62,2.0,Andrea GEUBELLE,21 JUN 1991,USA,,,"Chula Vista, CA (USA)",27 MAY 2017,1079.0,women_TJ,2017,https://worldathletics.org/athletes/athlete=14329998,toplist
83.0,13.61,0.1,Sokhna GALLE,23 APR 1994,FRA,6,,Forbach (FRA),28 MAY 2017,1078.0,women_TJ,2017,https://worldathletics.org/athletes/athlete=14380808,toplist
83.0,13.61,1.5,Jessie MADUKA,23 APR 1996,GER,1,,Leverkusen (GER),18 JUN 2017,1078.0,women_TJ,2017,https://worldathletics.org/athletes/athlete=14450062,toplist
83.0,13.61,0.0,Mariya SUNTSOVA,20 JAN 1995,RUS,6,,Zhukovskiy (RUS),01 JUL 2017,1078.0,women_TJ,2017,https://worldathletics.org/athletes/athlete=14529015,toplist
83.0,13.61,-0.7,Carmen Cristina TOMA,28 MAR 1989,ROU,1,,Pitesti (ROU),07 JUL 2017,1082.0,women_TJ,2017,https://worldathletics.org/athletes/athlete=14295988,toplist
83.0,13.61,0.4,Māra GRĪVA,04 AUG 1989,LAT,1,,Ogre (LAT),29 JUL 2017,1078.0,women_TJ,2017,https://worldathletics.org/athletes/athlete=14289988,toplist
83.0,13.61,,Ruslana TSYKHOTSKA,23 MAR 1986,UKR,1,,"New York, NY (USA) (i)",30 DEC 2017,1078.0,women_TJ,2017,https://worldathletics.org/athletes/athlete=14304274,toplist
89.0,13.60,-0.2,Kristina ALVERTSIAN,04 JUL 1990,GRE,2,,Patra (GRE),17 JUN 2017,1077.0,women_TJ,2017,https://worldathletics.org/athletes/athlete=14459789,toplist
89.0,13.60,1.1,Amy ZONGO,04 OCT 1980,FRA,4,,Marseille (FRA),16 JUL 2017,1076.0,women_TJ,2017,https://worldathletics.org/athletes/athlete=14274319,toplist
89.0,13.60,1.9,Laura SAMUEL,19 FEB 1991,GBR,1,,Manchester (GBR),16 AUG 2017,1076.0,women_TJ,2017,https://worldathletics.org/athletes/athlete=14276265,toplist
92.0,13.59,,Valentina KOSOLAPOVA,11 JUL 1997,RUS,1,,Volgograd (RUS) (i),18 JAN 2017,1075.0,women_TJ,2017,https://worldathletics.org/athletes/athlete=14576069,toplist
92.0,13.59,0.6,Yosiris URRUTIA,26 JUN 1986,COL,,,Gurabo (PUR),27 JUN 2017,1075.0,women_TJ,2017,https://worldathletics.org/athletes/athlete=14263900,toplist
92.0,13.59,0.3,Caroline EHRHARDT,06 FEB 1992,CAN,,,Abidjan (CIV),24 JUL 2017,1075.0,women_TJ,2017,https://worldathletics.org/athletes/athlete=14329895,toplist
92.0,13.59,0.5,Luna FU,03 MAY 1995,CHN,2,,"Taipei Municipal Stadium, Taipei City (TPE)",27 AUG 2017,1075.0,women_TJ,2017,https://worldathletics.org/athletes/athlete=14462181,toplist
96.0,13.58,1.6,Joelle MBUMI,25 MAY 1986,CMR,2,,Abidjan (CIV),24 JUL 2017,1074.0,women_TJ,2017,https://worldathletics.org/athletes/athlete=14264110,toplist
97.0,13.57,1.8,Danylle KURYWCHAK,15 JUL 1994,USA,1,,"Turlock, CA (USA)",25 MAR 2017,1073.0,women_TJ,2017,https://worldathletics.org/athletes/athlete=14569225,toplist
98.0,13.56,,Petra KOREN,30 JUL 1993,SLO,1,,Celje (SLO) (i),18 FEB 2017,1072.0,women_TJ,2017,https://worldathletics.org/athletes/athlete=14363333,toplist
98.0,13.56,1.7,Latavia COOMBS,1995,JAM,1,,"Hobbs, NM (USA)",15 APR 2017,1072.0,women_TJ,2017,https://worldathletics.org/athletes/athlete=14444618,toplist
98.0,13.56,0.2,Katerina POPOVA,07 AUG 1996,UKR,1,,Lutsk (UKR),07 JUN 2017,1072.0,women_TJ,2017,https://worldathletics.org/athletes/athlete=14576284,toplist
,14.95,,Yargelis SAVIGNE,13 NOV 1984,CUB,1.,,IAAF World Championships,17 AUG 2009,,,2009,,major_meet
,14.61,,Mabel GAY,05 MAY 1983,CUB,2.,,IAAF World Championships,17 AUG 2009,,,2009,,major_meet
,14.58,,Anna PYATYKH,04 APR 1981,RUS,3.,,IAAF World Championships,17 AUG 2009,,,2009,,major_meet
,14.52,,Biljana TOPIĆ,17 OCT 1977,SRB,4.,,IAAF World Championships,17 AUG 2009,,,2009,,major_meet
,14.48,,Trecia Kaye SMITH,05 NOV 1975,JAM,5.,,IAAF World Championships,17 AUG 2009,,,2009,,major_meet
,14.26,,Cristina-Ioana BUJIN,12 APR 1988,ROU,6.,,IAAF World Championships,17 AUG 2009,,,2009,,major_meet
,14.25,,Dana VELĎÁKOVÁ,03 JUN 1981,SVK,7.,,IAAF World Championships,17 AUG 2009,,,2009,,major_meet
,14.16,,Limei XIE,27 JUN 1986,CHN,8.,,IAAF World Championships,17 AUG 2009,,,2009,,major_meet
,13.91,,Olga RYPAKOVA,30 NOV 1984,KAZ,9.,,IAAF World Championships,17 AUG 2009,,,2009,,major_meet
,13.79,,Teresa NZOLA MESO,30 NOV 1983,FRA,10.,,IAAF World Championships,17 AUG 2009,,,2009,,major_meet
,13.19,,Gisele LIMA DE OLIVEIRA,01 AUG 1980,BRA,11.,,IAAF World Championships,17 AUG 2009,,,2009,,major_meet
,DQ,,Tatyana LEBEDEVA,21 JUL 1976,RUS, - ,,IAAF World Championships,17 AUG 2009,,,2009,,major_meet
,14.81,,Olha SALADUKHA,04 JUN 1983,UKR,1.,,Barcelona European Championships,31 JUL 2010,,,2010,,major_meet
,14.56,,Simona LA MANTIA,14 APR 1983,ITA,2.,,Barcelona European Championships,31 JUL 2010,,,2010,,major_meet
,14.55,,Svetlana BOLSHAKOVA,14 OCT 1984,BEL,3.,,Barcelona European Championships,31 JUL 2010,,,2010,,major_meet
,14.45,,Nadezhda ALYOKHINA,22 SEP 1978,RUS,4.,,Barcelona European Championships,31 JUL 2010,,,2010,,major_meet
,14.33,,Adelina GAVRILĂ,26 NOV 1978,ROU,5.,,Barcelona European Championships,31 JUL 2010,,,2010,,major_meet
,14.32,,Snežana VUKMIROVIČ,19 AUG 1982,SLO,6.,,Barcelona European Championships,31 JUL 2010,,,2010,,major_meet
,14.16,,Dana VELĎÁKOVÁ,03 JUN 1981,SVK,7.,,Barcelona European Championships,31 JUL 2010,,,2010,,major_meet
,14.07,,Patrícia MAMONA,21 NOV 1988,POR,8.,,Barcelona European Championships,31 JUL 2010,,,2010,,major_meet
,13.94,,Natallia VYATKINA,10 FEB 1987,BLR,9.,,Barcelona European Championships,31 JUL 2010,,,2010,,major_meet
,13.82,,Małgorzata TRYBAŃSKA,21 JUN 1981,POL,10.,,Barcelona European Championships,31 JUL 2010,,,2010,,major_meet
,13.65,,Alsu MURTAZINA,12 DEC 1987,RUS,11.,,Barcelona European Championships,31 JUL 2010,,,2010,,major_meet
,14.40,,Nadezhda ALYOKHINA,22 SEP 1978,RUS,,,Barcelona European Championships,31 JUL 2010,,,2010,,major_meet
,14.24,,Adelina GAVRILĂ,26 NOV 1978,ROU,,,Barcelona European Championships,31 JUL 2010,,,2010,,major_meet
,DQ,,Athanasia PERRA,02 FEB 1983,GRE, - ,,Barcelona European Championships,31 JUL 2010,,,2010,,major_meet
,DQ,,Athanasia PERRA,02 FEB 1983,GRE, - ,,Barcelona European Championships,31 JUL 2010,,,2010,,major_meet
,14.94,,Olha SALADUKHA,04 JUN 1983,UKR,1.,,IAAF World Championships,01 SEP 2011,,,2011,,major_meet
,14.89,,Olga RYPAKOVA,30 NOV 1984,KAZ,2.,,IAAF World Championships,01 SEP 2011,,,2011,,major_meet
,14.84,,Caterine IBARGUEN,12 FEB 1984,COL,3.,,IAAF World Championships,01 SEP 2011,,,2011,,major_meet
,14.67,,Mabel GAY,05 MAY 1983,CUB,4.,,IAAF World Championships,01 SEP 2011,,,2011,,major_meet
,14.50,,Yamilé ALDAMA,14 AUG 1972,GBR,5.,,IAAF World Championships,01 SEP 2011,,,2011,,major_meet
,14.43,,Yargelis SAVIGNE,13 NOV 1984,CUB,6.,,IAAF World Championships,01 SEP 2011,,,2011,,major_meet
,14.23,,Anna KRYLOVA,03 OCT 1985,RUS,7.,,IAAF World Championships,01 SEP 2011,,,2011,,major_meet
,14.12,,Baya RAHOULI,27 JUL 1979,ALG,8.,,IAAF World Championships,01 SEP 2011,,,2011,,major_meet
,14.12,,Nataliya YASTREBOVA,12 OCT 1984,UKR,9.,,IAAF World Championships,01 SEP 2011,,,2011,,major_meet
,14.03,,Biljana TOPIĆ,17 OCT 1977,SRB,10.,,IAAF World Championships,01 SEP 2011,,,2011,,major_meet
,13.96,,Dana VELĎÁKOVÁ,03 JUN 1981,SVK,11.,,IAAF World Championships,01 SEP 2011,,,2011,,major_meet
,13.72,,Keila COSTA,06 FEB 1983,BRA,12.,,IAAF World Championships,01 SEP 2011,,,2011,,major_meet
,14.98,,Olga RYPAKOVA,30 NOV 1984,KAZ,1.,,The XXX Olympic Games,05 AUG 2012,,,2012,,major_meet
,14.80,,Caterine IBARGUEN,12 FEB 1984,COL,2.,,The XXX Olympic Games,05 AUG 2012,,,2012,,major_meet
,14.79,,Olha SALADUKHA,04 JUN 1983,UKR,3.,,The XXX Olympic Games,05 AUG 2012,,,2012,,major_meet
,14.56,,Zhanna KNYAZHEVA,25 SEP 1989,UKR,4.,,The XXX Olympic Games,05 AUG 2012,,,2012,,major_meet
,14.48,,Yamilé ALDAMA,14 AUG 1972,GBR,5.,,The XXX Olympic Games,05 AUG 2012,,,2012,,major_meet
,14.48,,Kimberly WILLIAMS,03 NOV 1988,JAM,6.,,The XXX Olympic Games,05 AUG 2012,,,2012,,major_meet
,14.35,,Trecia Kaye SMITH,05 NOV 1975,JAM,7.,,The XXX Olympic Games,05 AUG 2012,,,2012,,major_meet
,14.12,,Yargelis SAVIGNE,13 NOV 1984,CUB,8.,,The XXX Olympic Games,05 AUG 2012,,,2012,,major_meet
,14.11,,Tatyana LEBEDEVA,21 JUL 1976,RUS,9.,,The XXX Olympic Games,05 AUG 2012,,,2012,,major_meet
,13.98,,Marija ŠESTAK,17 APR 1979,SLO,10.,,The XXX Olympic Games,05 AUG 2012,,,2012,,major_meet
,11.92,,Dana VELĎÁKOVÁ,03 JUN 1981,SVK,11.,,The XXX Olympic Games,05 AUG 2012,,,2012,,major_meet
,DQ,,Viktoriya GUROVA,22 MAY 1982,RUS, - ,,The XXX Olympic Games,05 AUG 2012,,,2012,,major_meet
,14.99,,Olha SALADUKHA,04 JUN 1983,UKR,1.,,Helsinki European Championships,29 JUN 2012,,,2012,,major_meet
,14.52,,Patrícia MAMONA,21 NOV 1988,POR,2.,,Helsinki European Championships,29 JUN 2012,,,2012,,major_meet
,14.36,,Yana BORODINA,21 APR 1992,RUS,3.,,Helsinki European Championships,29 JUN 2012,,,2012,,major_meet
,14.25,,Simona LA MANTIA,14 APR 1983,ITA,4.,,Helsinki European Championships,29 JUN 2012,,,2012,,major_meet
,14.24,,Dana VELĎÁKOVÁ,03 JUN 1981,SVK,5.,,Helsinki European Championships,29 JUN 2012,,,2012,,major_meet
,14.23,,Niki PANETTA,21 APR 1986,GRE,6.,,Helsinki European Championships,29 JUN 2012,,,2012,,major_meet
,14.23,,Athanasia PERRA,02 FEB 1983,GRE,7.,,Helsinki European Championships,29 JUN 2012,,,2012,,major_meet
,14.19,,Francoise MBANGO ETONE,14 APR 1976,FRA,8.,,Helsinki European Championships,29 JUN 2012,,,2012,,major_meet
,14.07,,Svetlana BOLSHAKOVA,14 OCT 1984,BEL,9.,,Helsinki European Championships,29 JUN 2012,,,2012,,major_meet
,14.01,,Marija ŠESTAK,17 APR 1979,SLO,10.,,Helsinki European Championships,29 JUN 2012,,,2012,,major_meet
,13.89,,Paraskevi PAPACHRISTOU,17 APR 1989,GRE,11.,,Helsinki European Championships,29 JUN 2012,,,2012,,major_meet
,13.87,,Kseniya DZIATSUK,23 APR 1986,BLR,12.,,Helsinki European Championships,29 JUN 2012,,,2012,,major_meet
,14.15,,Francoise MBANGO ETONE,14 APR 1976,FRA,,,Helsinki European Championships,29 JUN 2012,,,2012,,major_meet
,14.85,,Caterine IBARGUEN,12 FEB 1984,COL,1.,,IAAF World Championships,15 AUG 2013,,,2013,,major_meet
,14.81,,Yekaterina KONEVA,25 SEP 1988,RUS,2.,,IAAF World Championships,15 AUG 2013,,,2013,,major_meet
,14.65,,Olha SALADUKHA,04 JUN 1983,UKR,3.,,IAAF World Championships,15 AUG 2013,,,2013,,major_meet
,14.62,,Kimberly WILLIAMS,03 NOV 1988,JAM,4.,,IAAF World Championships,15 AUG 2013,,,2013,,major_meet
,14.45,,Mabel GAY,05 MAY 1983,CUB,5.,,IAAF World Championships,15 AUG 2013,,,2013,,major_meet
,14.33,,Hanna MINENKO,25 SEP 1989,ISR,6.,,IAAF World Championships,15 AUG 2013,,,2013,,major_meet
,14.15,,Irina GUMENYUK,06 JAN 1988,RUS,7.,,IAAF World Championships,15 AUG 2013,,,2013,,major_meet
,14.13,,Snežana VUKMIROVIČ,19 AUG 1982,SLO,8.,,IAAF World Championships,15 AUG 2013,,,2013,,major_meet
,13.95,,Anna JAGACIAK,10 FEB 1990,POL,9.,,IAAF World Championships,15 AUG 2013,,,2013,,major_meet
,13.84,,Dana VELĎÁKOVÁ,03 JUN 1981,SVK,10.,,IAAF World Championships,15 AUG 2013,,,2013,,major_meet
,13.75,,Athanasia PERRA,02 FEB 1983,GRE,11.,,IAAF World Championships,15 AUG 2013,,,2013,,major_meet
,DQ,,Anna PYATYKH,04 APR 1981,RUS, - ,,IAAF World Championships,15 AUG 2013,,,2013,,major_meet
,14.73,,Olha SALADUKHA,04 JUN 1983,UKR,1.,,Zürich European Championships,16 AUG 2014,,,2014,,major_meet
,14.69,,Yekaterina KONEVA,25 SEP 1988,RUS,2.,,Zürich European Championships,16 AUG 2014,,,2014,,major_meet
,14.46,,Irina GUMENYUK,06 JAN 1988,RUS,3.,,Zürich European Championships,16 AUG 2014,,,2014,,major_meet
,14.14,,Ruth NDOUMBE,01 JAN 1987,ESP,4.,,Zürich European Championships,16 AUG 2014,,,2014,,major_meet
,14.13,,Gabriela PETROVA,29 JUN 1992,BUL,5.,,Zürich European Championships,16 AUG 2014,,,2014,,major_meet
,13.87,,Dana VELĎÁKOVÁ,03 JUN 1981,SVK,6.,,Zürich European Championships,16 AUG 2014,,,2014,,major_meet
,13.82,,Snežana VUKMIROVIČ,19 AUG 1982,SLO,7.,,Zürich European Championships,16 AUG 2014,,,2014,,major_meet
,13.78,,Susana COSTA,22 SEP 1984,POR,8.,,Zürich European Championships,16 AUG 2014,,,2014,,major_meet
,13.76,,Kristin GIERISCH,20 AUG 1990,GER,9.,,Zürich European Championships,16 AUG 2014,,,2014,,major_meet
,13.76,,Alsu MURTAZINA,12 DEC 1987,RUS,10.,,Zürich European Championships,16 AUG 2014,,,2014,,major_meet
,13.68,,Jenny ELBE,18 APR 1990,GER,11.,,Zürich European Championships,16 AUG 2014,,,2014,,major_meet
,13.58,,Cristina Mihaela SANDU,04 MAR 1990,ROU,12.,,Zürich European Championships,16 AUG 2014,,,2014,,major_meet
,14.90,,Caterine IBARGUEN,12 FEB 1984,COL,1.,,IAAF World Championships,24 AUG 2015,,,2015,,major_meet
,14.78,,Hanna MINENKO,25 SEP 1989,ISR,2.,,IAAF World Championships,24 AUG 2015,,,2015,,major_meet
,14.77,,Olga RYPAKOVA,30 NOV 1984,KAZ,3.,,IAAF World Championships,24 AUG 2015,,,2015,,major_meet
,14.66,,Gabriela PETROVA,29 JUN 1992,BUL,4.,,IAAF World Championships,24 AUG 2015,,,2015,,major_meet
,14.45,,Kimberly WILLIAMS,03 NOV 1988,JAM,5.,,IAAF World Championships,24 AUG 2015,,,2015,,major_meet
,14.41,,Olha SALADUKHA,04 JUN 1983,UKR,6.,,IAAF World Championships,24 AUG 2015,,,2015,,major_meet
,14.37,,Yekaterina KONEVA,25 SEP 1988,RUS,7.,,IAAF World Championships,24 AUG 2015,,,2015,,major_meet
,14.25,,Kristin GIERISCH,20 AUG 1990,GER,8.,,IAAF World Championships,24 AUG 2015,,,2015,,major_meet
,14.12,,Jeanine ASSANI ISSOUF,17 AUG 1992,FRA,9.,,IAAF World Championships,24 AUG 2015,,,2015,,major_meet
,14.09,,Yosiris URRUTIA,26 JUN 1986,COL,10.,,IAAF World Championships,24 AUG 2015,,,2015,,major_meet
,14.08,,Shanieka RICKETTS,02 FEB 1992,JAM,11.,,IAAF World Championships,24 AUG 2015,,,2015,,major_meet
,13.90,,Keila COSTA,06 FEB 1983,BRA,12.,,IAAF World Championships,24 AUG 2015,,,2015,,major_meet
,15.17,,Caterine IBARGUEN,12 FEB 1984,COL,1.,,The XXXI Olympic Games,14 AUG 2016,,,2016,,major_meet
,14.98,,Yulimar ROJAS,21 OCT 1995,VEN,2.,,The XXXI Olympic Games,14 AUG 2016,,,2016,,major_meet
,14.74,,Olga RYPAKOVA,30 NOV 1984,KAZ,3.,,The XXXI Olympic Games,14 AUG 2016,,,2016,,major_meet
,14.71,,Keturah ORJI,05 MAR 1996,USA,4.,,The XXXI Olympic Games,14 AUG 2016,,,2016,,major_meet
,14.68,,Hanna MINENKO,25 SEP 1989,ISR,5.,,The XXXI Olympic Games,14 AUG 2016,,,2016,,major_meet
,14.65,,Patrícia MAMONA,21 NOV 1988,POR,6.,,The XXXI Olympic Games,14 AUG 2016,,,2016,,major_meet
,14.53,,Kimberly WILLIAMS,03 NOV 1988,JAM,7.,,The XXXI Olympic Games,14 AUG 2016,,,2016,,major_meet
,14.26,,Paraskevi PAPACHRISTOU,17 APR 1989,GRE,8.,,The XXXI Olympic Games,14 AUG 2016,,,2016,,major_meet
,14.12,,Susana COSTA,22 SEP 1984,POR,9.,,The XXXI Olympic Games,14 AUG 2016,,,2016,,major_meet
,14.07,,Anna JAGACIAK,10 FEB 1990,POL,10.,,The XXXI Olympic Games,14 AUG 2016,,,2016,,major_meet
,13.96,,Kristin GIERISCH,20 AUG 1990,GER,11.,,The XXXI Olympic Games,14 AUG 2016,,,2016,,major_meet
,13.95,,Kristiina MÄKELÄ,20 NOV 1992,FIN,12.,,The XXXI Olympic Games,14 AUG 2016,,,2016,,major_meet
,14.58,,Patrícia MAMONA,21 NOV 1988,POR,1.,,European Athletics Championships,10 JUL 2016,,,2016,,major_meet
,14.51,,Hanna MINENKO,25 SEP 1989,ISR,2.,,European Athletics Championships,10 JUL 2016,,,2016,,major_meet
,14.47,,Paraskevi PAPACHRISTOU,17 APR 1989,GRE,3.,,European Athletics Championships,10 JUL 2016,,,2016,,major_meet
,14.40,,Anna JAGACIAK,10 FEB 1990,POL,4.,,European Athletics Championships,10 JUL 2016,,,2016,,major_meet
,14.34,,Susana COSTA,22 SEP 1984,POR,5.,,European Athletics Championships,10 JUL 2016,,,2016,,major_meet
,14.23,,Olha SALADUKHA,04 JUN 1983,UKR,6.,,European Athletics Championships,10 JUL 2016,,,2016,,major_meet
,14.08,,Jenny ELBE,18 APR 1990,GER,7.,,European Athletics Championships,10 JUL 2016,,,2016,,major_meet
,14.03,,Kristin GIERISCH,20 AUG 1990,GER,8.,,European Athletics Championships,10 JUL 2016,,,2016,,major_meet
,13.95,,Kristiina MÄKELÄ,20 NOV 1992,FIN,9.,,European Athletics Championships,10 JUL 2016,,,2016,,major_meet
,13.89,,Dariya DERKACH,27 MAR 1993,ITA,10.,,European Athletics Championships,10 JUL 2016,,,2016,,major_meet
,13.74,,Dana VELĎÁKOVÁ,03 JUN 1981,SVK,11.,,European Athletics Championships,10 JUL 2016,,,2016,,major_meet
,13.70,,Lucie MÁJKOVÁ,09 JUL 1988,CZE,12.,,European Athletics Championships,10 JUL 2016,,,2016,,major_meet
,14.32,,Anna JAGACIAK,10 FEB 1990,POL,,,European Athletics Championships,10 JUL 2016,,,2016,,major_meet
,13.36,,Lucie MÁJKOVÁ,09 JUL 1988,CZE,,,European Athletics Championships,10 JUL 2016,,,2016,,major_meet
,14.91,,Yulimar ROJAS,21 OCT 1995,VEN,1.,,IAAF World Championships in Athletics,07 AUG 2017,,,2017,,major_meet
,14.89,,Caterine IBARGUEN,12 FEB 1984,COL,2.,,IAAF World Championships in Athletics,07 AUG 2017,,,2017,,major_meet
,14.77,,Olga RYPAKOVA,30 NOV 1984,KAZ,3.,,IAAF World Championships in Athletics,07 AUG 2017,,,2017,,major_meet
,14.42,,Hanna MINENKO,25 SEP 1989,ISR,4.,,IAAF World Championships in Athletics,07 AUG 2017,,,2017,,major_meet
,14.33,,Kristin GIERISCH,20 AUG 1990,GER,5.,,IAAF World Championships in Athletics,07 AUG 2017,,,2017,,major_meet
,14.25,,Anna JAGACIAK,10 FEB 1990,POL,6.,,IAAF World Championships in Athletics,07 AUG 2017,,,2017,,major_meet
,14.23,,Ana PELETEIRO,02 DEC 1995,ESP,7.,,IAAF World Championships in Athletics,07 AUG 2017,,,2017,,major_meet
,14.13,,Shanieka RICKETTS,02 FEB 1992,JAM,8.,,IAAF World Championships in Athletics,07 AUG 2017,,,2017,,major_meet
,14.12,,Patrícia MAMONA,21 NOV 1988,POR,9.,,IAAF World Championships in Athletics,07 AUG 2017,,,2017,,major_meet
,14.01,,Kimberly WILLIAMS,03 NOV 1988,JAM,10.,,IAAF World Championships in Athletics,07 AUG 2017,,,2017,,major_meet
,13.99,,Susana COSTA,22 SEP 1984,POR,11.,,IAAF World Championships in Athletics,07 AUG 2017,,,2017,,major_meet
,13.97,,Neele ECKHARDT,02 JUL 1992,GER,12.,,IAAF World Championships in Athletics,07 AUG 2017,,,2017,,major_meet
,14.60,,Paraskevi PAPACHRISTOU,17 APR 1989,GRE,1.,,European Athletics Championships,10 AUG 2018,,,2018,,major_meet
,14.45,,Kristin GIERISCH,20 AUG 1990,GER,2.,,European Athletics Championships,10 AUG 2018,,,2018,,major_meet
,14.44,,Ana PELETEIRO,02 DEC 1995,ESP,3.,,European Athletics Championships,10 AUG 2018,,,2018,,major_meet
,14.38,,Andreea PANȚUROIU,24 FEB 1995,ROU,4.,,European Athletics Championships,10 AUG 2018,,,2018,,major_meet
,14.37,,Hanna MINENKO,25 SEP 1989,ISR,5.,,European Athletics Championships,10 AUG 2018,,,2018,,major_meet
,14.26,,Gabriela PETROVA,29 JUN 1992,BUL,6.,,European Athletics Championships,10 AUG 2018,,,2018,,major_meet
,14.12,,Jeanine ASSANI ISSOUF,17 AUG 1992,FRA,7.,,European Athletics Championships,10 AUG 2018,,,2018,,major_meet
,14.08,,Rouguy DIALLO,05 FEB 1995,FRA,8.,,European Athletics Championships,10 AUG 2018,,,2018,,major_meet
,14.01,,Kristiina MÄKELÄ,20 NOV 1992,FIN,9.,,European Athletics Championships,10 AUG 2018,,,2018,,major_meet
,14.01,,Neele ECKHARDT,02 JUL 1992,GER,10.,,European Athletics Championships,10 AUG 2018,,,2018,,major_meet
,13.97,,Susana COSTA,22 SEP 1984,POR,11.,,European Athletics Championships,10 AUG 2018,,,2018,,major_meet
,13.94,,Naomi OGBETA,18 APR 1998,GBR,12.,,European Athletics Championships,10 AUG 2018,,,2018,,major_meet
,15.37,,Yulimar ROJAS,21 OCT 1995,VEN,1.,,IAAF World Championships in Athletics,05 OCT 2019,,,2019,,major_meet
,14.92,,Shanieka RICKETTS,02 FEB 1992,JAM,2.,,IAAF World Championships in Athletics,05 OCT 2019,,,2019,,major_meet
,14.73,,Caterine IBARGUEN,12 FEB 1984,COL,3.,,IAAF World Championships in Athletics,05 OCT 2019,,,2019,,major_meet
,14.64,,Kimberly WILLIAMS,03 NOV 1988,JAM,4.,,IAAF World Championships in Athletics,05 OCT 2019,,,2019,,major_meet
,14.52,,Olha SALADUKHA,04 JUN 1983,UKR,5.,,IAAF World Championships in Athletics,05 OCT 2019,,,2019,,major_meet
,14.47,,Ana PELETEIRO,02 DEC 1995,ESP,6.,,IAAF World Championships in Athletics,05 OCT 2019,,,2019,,major_meet
,14.46,,Keturah ORJI,05 MAR 1996,USA,7.,,IAAF World Championships in Athletics,05 OCT 2019,,,2019,,major_meet
,14.40,,Patrícia MAMONA,21 NOV 1988,POR,8.,,IAAF World Championships in Athletics,05 OCT 2019,,,2019,,major_meet
,14.08,,Tori FRANKLIN,07 OCT 1992,USA,9.,,IAAF World Championships in Athletics,05 OCT 2019,,,2019,,major_meet
,14.08,,Rouguy DIALLO,05 FEB 1995,FRA,10.,,IAAF World Championships in Athletics,05 OCT 2019,,,2019,,major_meet
,14.07,,Andreea PANȚUROIU,24 FEB 1995,ROU,11.,,IAAF World Championships in Athletics,05 OCT 2019,,,2019,,major_meet
,13.99,,Kristiina MÄKELÄ,20 NOV 1992,FIN,12.,,IAAF World Championships in Athletics,05 OCT 2019,,,2019,,major_meet
,15.67,,Yulimar ROJAS,21 OCT 1995,VEN,1.,,The XXXII Olympic Games,01 AUG 2021,,,2021,,major_meet
,15.01,,Patrícia MAMONA,21 NOV 1988,POR,2.,,The XXXII Olympic Games,01 AUG 2021,,,2021,,major_meet
,14.87,,Ana PELETEIRO,02 DEC 1995,ESP,3.,,The XXXII Olympic Games,01 AUG 2021,,,2021,,major_meet
,14.84,,Shanieka RICKETTS,02 FEB 1992,JAM,4.,,The XXXII Olympic Games,01 AUG 2021,,,2021,,major_meet
,14.70,,Liadagmis POVEA,06 FEB 1996,CUB,5.,,The XXXII Olympic Games,01 AUG 2021,,,2021,,major_meet
,14.60,,Hanna MINENKO,25 SEP 1989,ISR,6.,,The XXXII Olympic Games,01 AUG 2021,,,2021,,major_meet
,14.59,,Keturah ORJI,05 MAR 1996,USA,7.,,The XXXII Olympic Games,01 AUG 2021,,,2021,,major_meet
,14.51,,Kimberly WILLIAMS,03 NOV 1988,JAM,8.,,The XXXII Olympic Games,01 AUG 2021,,,2021,,major_meet
,14.38,,Rouguy DIALLO,05 FEB 1995,FRA,9.,,The XXXII Olympic Games,01 AUG 2021,,,2021,,major_meet
,14.25,,Caterine IBARGUEN,12 FEB 1984,COL,10.,,The XXXII Olympic Games,01 AUG 2021,,,2021,,major_meet
,14.17,,Kristiina MÄKELÄ,20 NOV 1992,FIN,11.,,The XXXII Olympic Games,01 AUG 2021,,,2021,,major_meet
,12.57,,Thea LAFOND,05 APR 1994,DMA,12.,,The XXXII Olympic Games,01 AUG 2021,,,2021,,major_meet
,14.77,,Shanieka RICKETTS,02 FEB 1992,JAM,1.,,Memorial Borisa Hanžekovića,14 SEP 2021,,,2021,,major_meet
,14.37,,Neja FILIPIČ,22 APR 1995,SLO,2.,,Memorial Borisa Hanžekovića,14 SEP 2021,,,2021,,major_meet
,14.24,,Senni SALMINEN,29 JAN 1996,FIN,3.,,Memorial Borisa Hanžekovića,14 SEP 2021,,,2021,,major_meet
,14.17,,Thea LAFOND,05 APR 1994,DMA,4.,,Memorial Borisa Hanžekovića,14 SEP 2021,,,2021,,major_meet
,13.77,,Ottavia CESTONARO,12 JAN 1995,ITA,5.,,Memorial Borisa Hanžekovića,14 SEP 2021,,,2021,,major_meet
,13.58,,Paola BOROVIĆ,26 JUN 1995,CRO,6.,,Memorial Borisa Hanžekovića,14 SEP 2021,,,2021,,major_meet
,12.43,,Mariia SINEY,29 MAR 1997,UKR,7.,,Memorial Borisa Hanžekovića,14 SEP 2021,,,2021,,major_meet
,14.51,,Senni SALMINEN,29 JAN 1996,FIN,1.,,Paavo Nurmi Games,08 JUN 2021,,,2021,,major_meet
,14.29,,Kimberly WILLIAMS,03 NOV 1988,JAM,2.,,Paavo Nurmi Games,08 JUN 2021,,,2021,,major_meet
,14.26,,Kristiina MÄKELÄ,20 NOV 1992,FIN,3.,,Paavo Nurmi Games,08 JUN 2021,,,2021,,major_meet
,14.22,,Naomi OGBETA,18 APR 1998,GBR,4.,,Paavo Nurmi Games,08 JUN 2021,,,2021,,major_meet
,13.94,,Gabriela PETROVA,29 JUN 1992,BUL,5.,,Paavo Nurmi Games,08 JUN 2021,,,2021,,major_meet
,13.24,,Dovilė KILTY,14 JUL 1993,LTU,6.,,Paavo Nurmi Games,08 JUN 2021,,,2021,,major_meet
,12.84,,Rebecka ABRAHAMSSON,26 APR 1994,SWE,7.,,Paavo Nurmi Games,08 JUN 2021,,,2021,,major_meet
,14.62,,Kimberly WILLIAMS,03 NOV 1988,JAM,1.,,USATF Golden Games,09 MAY 2021,,,2021,,major_meet
,14.38,,Keturah ORJI,05 MAR 1996,USA,2.,,USATF Golden Games,09 MAY 2021,,,2021,,major_meet
,14.22,,Thea LAFOND,05 APR 1994,DMA,3.,,USATF Golden Games,09 MAY 2021,,,2021,,major_meet
,14.07,,Lynnika PITTS,19 MAY 1992,USA,4.,,USATF Golden Games,09 MAY 2021,,,2021,,major_meet
,13.96,,Tori FRANKLIN,07 OCT 1992,USA,5.,,USATF Golden Games,09 MAY 2021,,,2021,,major_meet
,13.86,,Imani OLIVER,07 MAR 1993,USA,6.,,USATF Golden Games,09 MAY 2021,,,2021,,major_meet
,13.61,,Keila COSTA,06 FEB 1983,BRA,7.,,USATF Golden Games,09 MAY 2021,,,2021,,major_meet
,13.24,,Caroline EHRHARDT,06 FEB 1992,CAN,8.,,USATF Golden Games,09 MAY 2021,,,2021,,major_meet
,13.72,,Imani OLIVER,07 MAR 1993,USA,,,USATF Golden Games,09 MAY 2021,,,2021,,major_meet
,13.17,,Caroline EHRHARDT,06 FEB 1992,CAN,,,USATF Golden Games,09 MAY 2021,,,2021,,major_meet
,13.11,,Mariko MORIMOTO,17 MAR 1995,JPN,1.,,"""READY STEADY TOKYO - Athletics""",09 MAY 2021,,,2021,,major_meet
,12.78,,Maoko TAKASHIMA,07 JUL 1999,JPN,4.,,"""READY STEADY TOKYO - Athletics""",09 MAY 2021,,,2021,,major_meet
,14.10,,Tori FRANKLIN,07 OCT 1992,USA,1.,,USATF Grand Prix,24 APR 2021,,,2021,,major_meet
,13.93,,Kimberly WILLIAMS,03 NOV 1988,JAM,2.,,USATF Grand Prix,24 APR 2021,,,2021,,major_meet
,13.78,,Thea LAFOND,05 APR 1994,DMA,3.,,USATF Grand Prix,24 APR 2021,,,2021,,major_meet
,15.47,,Yulimar ROJAS,21 OCT 1995,VEN,1.,,"World Athletics Championships, Oregon 2022",18 JUL 2022,,,2022,,major_meet
,14.89,,Shanieka RICKETTS,02 FEB 1992,JAM,2.,,"World Athletics Championships, Oregon 2022",18 JUL 2022,,,2022,,major_meet
,14.72,,Tori FRANKLIN,07 OCT 1992,USA,3.,,"World Athletics Championships, Oregon 2022",18 JUL 2022,,,2022,,major_meet
,14.70,,Leyanis PÉREZ HERNÁNDEZ,10 JAN 2002,CUB,4.,,"World Athletics Championships, Oregon 2022",18 JUL 2022,,,2022,,major_meet
,14.56,,Thea LAFOND,05 APR 1994,DMA,5.,,"World Athletics Championships, Oregon 2022",18 JUL 2022,,,2022,,major_meet
,14.49,,Keturah ORJI,05 MAR 1996,USA,6.,,"World Athletics Championships, Oregon 2022",18 JUL 2022,,,2022,,major_meet
,14.29,,Kimberly WILLIAMS,03 NOV 1988,JAM,7.,,"World Athletics Championships, Oregon 2022",18 JUL 2022,,,2022,,major_meet
,14.29,,Patrícia MAMONA,21 NOV 1988,POR,8.,,"World Athletics Championships, Oregon 2022",18 JUL 2022,,,2022,,major_meet
,14.18,,Kristiina MÄKELÄ,20 NOV 1992,FIN,9.,,"World Athletics Championships, Oregon 2022",18 JUL 2022,,,2022,,major_meet
,13.91,,Maryna BEKH-ROMANCHUK,18 JUL 1995,UKR,10.,,"World Athletics Championships, Oregon 2022",18 JUL 2022,,,2022,,major_meet
,13.90,,Ackelia SMITH,05 FEB 2002,JAM,11.,,"World Athletics Championships, Oregon 2022",18 JUL 2022,,,2022,,major_meet
,14.06,,Keturah ORJI,05 MAR 1996,USA,,,"World Athletics Championships, Oregon 2022",18 JUL 2022,,,2022,,major_meet
,DQ,,Ana Lucia JOSE TIMA,10 OCT 1989,DOM, - ,,"World Athletics Championships, Oregon 2022",18 JUL 2022,,,2022,,major_meet
,14.38,,Neja FILIPIČ,22 APR 1995,SLO,1.,,Memorial Borisa Hanžekovića,09 SEP 2022,,,2022,,major_meet
,13.61,,Ottavia CESTONARO,12 JAN 1995,ITA,2.,,Memorial Borisa Hanžekovića,09 SEP 2022,,,2022,,major_meet
,13.42,,Paola BOROVIĆ,26 JUN 1995,CRO,3.,,Memorial Borisa Hanžekovića,09 SEP 2022,,,2022,,major_meet
,14.35,,Shanieka RICKETTS,02 FEB 1992,JAM,1.,,Paavo Nurmi Games,14 JUN 2022,,,2022,,major_meet
,14.26,,Neja FILIPIČ,22 APR 1995,SLO,2.,,Paavo Nurmi Games,14 JUN 2022,,,2022,,major_meet
,14.05,,Tori FRANKLIN,07 OCT 1992,USA,3.,,Paavo Nurmi Games,14 JUN 2022,,,2022,,major_meet
,13.98,,Senni SALMINEN,29 JAN 1996,FIN,4.,,Paavo Nurmi Games,14 JUN 2022,,,2022,,major_meet
,13.93,,Kristiina MÄKELÄ,20 NOV 1992,FIN,5.,,Paavo Nurmi Games,14 JUN 2022,,,2022,,major_meet
,13.90,,Neele ECKHARDT-NOACK,02 JUL 1992,GER,6.,,Paavo Nurmi Games,14 JUN 2022,,,2022,,major_meet
,13.84,,Naomi METZGER,18 APR 1998,GBR,7.,,Paavo Nurmi Games,14 JUN 2022,,,2022,,major_meet
,13.72,,Dariya DERKACH,27 MAR 1993,ITA,8.,,Paavo Nurmi Games,14 JUN 2022,,,2022,,major_meet
,13.61,,Thea LAFOND,05 APR 1994,DMA,9.,,Paavo Nurmi Games,14 JUN 2022,,,2022,,major_meet
,13.50,,Ottavia CESTONARO,12 JAN 1995,ITA,10.,,Paavo Nurmi Games,14 JUN 2022,,,2022,,major_meet
,15.02,,Maryna BEKH-ROMANCHUK,18 JUL 1995,UKR,1.,,European Athletics Championships,19 AUG 2022,,,2022,,major_meet
,14.64,,Kristiina MÄKELÄ,20 NOV 1992,FIN,2.,,European Athletics Championships,19 AUG 2022,,,2022,,major_meet
,14.45,,Hanna MINENKO,25 SEP 1989,ISR,3.,,European Athletics Championships,19 AUG 2022,,,2022,,major_meet
,14.43,,Neele ECKHARDT-NOACK,02 JUL 1992,GER,4.,,European Athletics Championships,19 AUG 2022,,,2022,,major_meet
,14.41,,Patrícia MAMONA,21 NOV 1988,POR,5.,,European Athletics Championships,19 AUG 2022,,,2022,,major_meet
,14.33,,Naomi METZGER,18 APR 1998,GBR,6.,,European Athletics Championships,19 AUG 2022,,,2022,,major_meet
,14.13,,Senni SALMINEN,29 JAN 1996,FIN,7.,,European Athletics Championships,19 AUG 2022,,,2022,,major_meet
,14.01,,Elena Andreea TALOȘ,24 FEB 1995,ROU,8.,,European Athletics Championships,19 AUG 2022,,,2022,,major_meet
,13.54,,Spyridoula KARYDI,30 JAN 2001,GRE,9.,,European Athletics Championships,19 AUG 2022,,,2022,,major_meet
,13.48,,Ottavia CESTONARO,12 JAN 1995,ITA,10.,,European Athletics Championships,19 AUG 2022,,,2022,,major_meet
,13.33,,Aleksandra NACHEVA,20 AUG 2001,BUL,11.,,European Athletics Championships,19 AUG 2022,,,2022,,major_meet
,13.27,,Dovilė KILTY,14 JUL 1993,LTU,12.,,European Athletics Championships,19 AUG 2022,,,2022,,major_meet
,15.08,,Yulimar ROJAS,21 OCT 1995,VEN,1.,,"World Athletics Championships, Budapest 2023",25 AUG 2023,,,2023,,major_meet
,15.00,,Maryna BEKH-ROMANCHUK,18 JUL 1995,UKR,2.,,"World Athletics Championships, Budapest 2023",25 AUG 2023,,,2023,,major_meet
,14.96,,Leyanis PÉREZ HERNÁNDEZ,10 JAN 2002,CUB,3.,,"World Athletics Championships, Budapest 2023",25 AUG 2023,,,2023,,major_meet
,14.93,,Shanieka RICKETTS,02 FEB 1992,JAM,4.,,"World Athletics Championships, Budapest 2023",25 AUG 2023,,,2023,,major_meet
,14.90,,Thea LAFOND,05 APR 1994,DMA,5.,,"World Athletics Championships, Budapest 2023",25 AUG 2023,,,2023,,major_meet
,14.87,,Liadagmis POVEA,06 FEB 1996,CUB,6.,,"World Athletics Championships, Budapest 2023",25 AUG 2023,,,2023,,major_meet
,14.38,,Kimberly WILLIAMS,03 NOV 1988,JAM,7.,,"World Athletics Championships, Budapest 2023",25 AUG 2023,,,2023,,major_meet
,14.36,,Dariya DERKACH,27 MAR 1993,ITA,8.,,"World Athletics Championships, Budapest 2023",25 AUG 2023,,,2023,,major_meet
,14.33,,Keturah ORJI,05 MAR 1996,USA,9.,,"World Athletics Championships, Budapest 2023",25 AUG 2023,,,2023,,major_meet
,14.05,,Ottavia CESTONARO,12 JAN 1995,ITA,10.,,"World Athletics Championships, Budapest 2023",25 AUG 2023,,,2023,,major_meet
,13.54,,Jasmine MOORE,01 MAY 2001,USA,11.,,"World Athletics Championships, Budapest 2023",25 AUG 2023,,,2023,,major_meet
,DNS,,Tori FRANKLIN,07 OCT 1992,USA,,,"World Athletics Championships, Budapest 2023",25 AUG 2023,,,2023,,major_meet
,14.53,,Shanieka RICKETTS,02 FEB 1992,JAM,1.,,Memorial Borisa Hanžekovića,10 SEP 2023,,,2023,,major_meet
,14.07,,Dariya DERKACH,27 MAR 1993,ITA,2.,,Memorial Borisa Hanžekovića,10 SEP 2023,,,2023,,major_meet
,13.70,,Kimberly WILLIAMS,03 NOV 1988,JAM,3.,,Memorial Borisa Hanžekovića,10 SEP 2023,,,2023,,major_meet
,13.63,,Mariko MORIMOTO,17 MAR 1995,JPN,4.,,Memorial Borisa Hanžekovića,10 SEP 2023,,,2023,,major_meet
,13.61,,Dovilė KILTY,14 JUL 1993,LTU,5.,,Memorial Borisa Hanžekovića,10 SEP 2023,,,2023,,major_meet
,13.51,,Eva PEPELNAK,04 OCT 2000,SLO,6.,,Memorial Borisa Hanžekovića,10 SEP 2023,,,2023,,major_meet
,13.10,,Diana ZAGAINOVA,20 JUN 1997,LTU,7.,,Memorial Borisa Hanžekovića,10 SEP 2023,,,2023,,major_meet
,12.96,,Paola BOROVIĆ,26 JUN 1995,CRO,8.,,Memorial Borisa Hanžekovića,10 SEP 2023,,,2023,,major_meet
,14.47,,Thea LAFOND,05 APR 1994,DMA,1.,,USATF NYC Grand Prix,24 JUN 2023,,,2023,,major_meet
,14.30,,Keturah ORJI,05 MAR 1996,USA,2.,,USATF NYC Grand Prix,24 JUN 2023,,,2023,,major_meet
,13.80,,Caroline EHRHARDT,06 FEB 1992,CAN,3.,,USATF NYC Grand Prix,24 JUN 2023,,,2023,,major_meet
,13.43,,Imani OLIVER,07 MAR 1993,USA,4.,,USATF NYC Grand Prix,24 JUN 2023,,,2023,,major_meet
,13.39,,Mylana HEARN,05 MAR 1995,USA,5.,,USATF NYC Grand Prix,24 JUN 2023,,,2023,,major_meet
,12.61,,Michelle FOKAM,08 JUN 1998,USA,7.,,USATF NYC Grand Prix,24 JUN 2023,,,2023,,major_meet
,14.33,,Thea LAFOND,05 APR 1994,DMA,,,USATF NYC Grand Prix,24 JUN 2023,,,2023,,major_meet
,15.02,,Thea LAFOND,05 APR 1994,DMA,1.,,The XXXIII Olympic Games,03 AUG 2024,,,2024,,major_meet
,14.87,,Shanieka RICKETTS,02 FEB 1992,JAM,2.,,The XXXIII Olympic Games,03 AUG 2024,,,2024,,major_meet
,14.67,,Jasmine MOORE,01 MAY 2001,USA,3.,,The XXXIII Olympic Games,03 AUG 2024,,,2024,,major_meet
,14.64,,Liadagmis POVEA,06 FEB 1996,CUB,4.,,The XXXIII Olympic Games,03 AUG 2024,,,2024,,major_meet
,14.62,,Leyanis PÉREZ HERNÁNDEZ,10 JAN 2002,CUB,5.,,The XXXIII Olympic Games,03 AUG 2024,,,2024,,major_meet
,14.59,,Ana PELETEIRO-COMPAORÉ,02 DEC 1995,ESP,6.,,The XXXIII Olympic Games,03 AUG 2024,,,2024,,major_meet
,14.42,,Ackelia SMITH,05 FEB 2002,JAM,7.,,The XXXIII Olympic Games,03 AUG 2024,,,2024,,major_meet
,14.14,,Dariya DERKACH,27 MAR 1993,ITA,8.,,The XXXIII Olympic Games,03 AUG 2024,,,2024,,major_meet
,14.05,,Keturah ORJI,05 MAR 1996,USA,9.,,The XXXIII Olympic Games,03 AUG 2024,,,2024,,major_meet
,14.03,,Elena Andreea TALOȘ,24 FEB 1995,ROU,10.,,The XXXIII Olympic Games,03 AUG 2024,,,2024,,major_meet
,13.98,,Maryna BEKH-ROMANCHUK,18 JUL 1995,UKR,11.,,The XXXIII Olympic Games,03 AUG 2024,,,2024,,major_meet
,13.78,,Ilionis GUILLAUME,13 JAN 1998,FRA,12.,,The XXXIII Olympic Games,03 AUG 2024,,,2024,,major_meet
,14.17,,Shanieka RICKETTS,02 FEB 1992,JAM,1.,,Paavo Nurmi Games,18 JUN 2024,,,2024,,major_meet
,14.08,,Dariya DERKACH,27 MAR 1993,ITA,2.,,Paavo Nurmi Games,18 JUN 2024,,,2024,,major_meet
,14.06,,Maja ÅSKAG,18 DEC 2002,SWE,3.,,Paavo Nurmi Games,18 JUN 2024,,,2024,,major_meet
,14.01,,Senni SALMINEN,29 JAN 1996,FIN,4.,,Paavo Nurmi Games,18 JUN 2024,,,2024,,major_meet
,13.89,,Tuğba DANIŞMAZ,01 SEP 1999,TUR,5.,,Paavo Nurmi Games,18 JUN 2024,,,2024,,major_meet
,13.81,,Kristiina MÄKELÄ,20 NOV 1992,FIN,6.,,Paavo Nurmi Games,18 JUN 2024,,,2024,,major_meet
,13.66,,Dovilė KILTY,14 JUL 1993,LTU,7.,,Paavo Nurmi Games,18 JUN 2024,,,2024,,major_meet
,13.57,,Emilia SJÖSTRAND,16 MAR 2002,SWE,8.,,Paavo Nurmi Games,18 JUN 2024,,,2024,,major_meet
,13.37,,Mariko MORIMOTO,17 MAR 1995,JPN,9.,,Paavo Nurmi Games,18 JUN 2024,,,2024,,major_meet
,13.23,,Desleigh OWUSU,20 SEP 2001,AUS,10.,,Paavo Nurmi Games,18 JUN 2024,,,2024,,major_meet
,13.96,,Dariya DERKACH,27 MAR 1993,ITA,,,Paavo Nurmi Games,18 JUN 2024,,,2024,,major_meet
,13.86,,Maja ÅSKAG,18 DEC 2002,SWE,,,Paavo Nurmi Games,18 JUN 2024,,,2024,,major_meet
,13.71,,Kristiina MÄKELÄ,20 NOV 1992,FIN,,,Paavo Nurmi Games,18 JUN 2024,,,2024,,major_meet
,13.28,,Dovilė KILTY,14 JUL 1993,LTU,,,Paavo Nurmi Games,18 JUN 2024,,,2024,,major_meet
,14.85,,Ana PELETEIRO-COMPAORÉ,02 DEC 1995,ESP,1.,,European Athletics Championships,09 JUN 2024,,,2024,,major_meet
,14.57,,Tuğba DANIŞMAZ,01 SEP 1999,TUR,2.,,European Athletics Championships,09 JUN 2024,,,2024,,major_meet
,14.43,,Ilionis GUILLAUME,13 JAN 1998,FRA,3.,,European Athletics Championships,09 JUN 2024,,,2024,,major_meet
,14.35,,Aleksandra NACHEVA,20 AUG 2001,BUL,4.,,European Athletics Championships,09 JUN 2024,,,2024,,major_meet
,14.23,,Diana Ana Maria ION,27 NOV 2000,ROU,5.,,European Athletics Championships,09 JUN 2024,,,2024,,major_meet
,14.16,,Gabriela PETROVA,29 JUN 1992,BUL,6.,,European Athletics Championships,09 JUN 2024,,,2024,,major_meet
,14.12,,Neja FILIPIČ,22 APR 1995,SLO,7.,,European Athletics Championships,09 JUN 2024,,,2024,,major_meet
,14.03,,Dariya DERKACH,27 MAR 1993,ITA,8.,,European Athletics Championships,09 JUN 2024,,,2024,,major_meet
,13.74,,Kristin GIERISCH,20 AUG 1990,GER,9.,,European Athletics Championships,09 JUN 2024,,,2024,,major_meet
,13.71,,Anna KRASUTSKA,20 JUL 1995,UKR,10.,,European Athletics Championships,09 JUN 2024,,,2024,,major_meet
,13.69,,Olha KORSUN,11 NOV 1996,UKR,11.,,European Athletics Championships,09 JUN 2024,,,2024,,major_meet
,DQ,,Florentina Costina IUSCO,08 APR 1996,ROU, - ,,European Athletics Championships,09 JUN 2024,,,2024,,major_meet
,14.94,,Leyanis PÉREZ HERNÁNDEZ,10 JAN 2002,CUB,1.,,"World Athletics Championships, Tokyo 2025",18 SEP 2025,,,2025,,major_meet
,14.89,,Thea LAFOND,05 APR 1994,DMA,2.,,"World Athletics Championships, Tokyo 2025",18 SEP 2025,,,2025,,major_meet
,14.76,,Yulimar ROJAS,21 OCT 1995,VEN,3.,,"World Athletics Championships, Tokyo 2025",18 SEP 2025,,,2025,,major_meet
,14.72,,Liadagmis POVEA,06 FEB 1996,CUB,4.,,"World Athletics Championships, Tokyo 2025",18 SEP 2025,,,2025,,major_meet
,14.56,,Shanieka RICKETTS,02 FEB 1992,JAM,5.,,"World Athletics Championships, Tokyo 2025",18 SEP 2025,,,2025,,major_meet
,14.55,,Saly SARR,14 OCT 2002,SEN,6.,,"World Athletics Championships, Tokyo 2025",18 SEP 2025,,,2025,,major_meet
,14.51,,Jasmine MOORE,01 MAY 2001,USA,7.,,"World Athletics Championships, Tokyo 2025",18 SEP 2025,,,2025,,major_meet
,14.37,,Ackelia SMITH,05 FEB 2002,JAM,8.,,"World Athletics Championships, Tokyo 2025",18 SEP 2025,,,2025,,major_meet
,14.03,,Neja FILIPIČ,22 APR 1995,SLO,9.,,"World Athletics Championships, Tokyo 2025",18 SEP 2025,,,2025,,major_meet
,14.00,,Caroline JOYEUX,26 MAR 2001,GER,10.,,"World Athletics Championships, Tokyo 2025",18 SEP 2025,,,2025,,major_meet
,13.92,,Maja ÅSKAG,18 DEC 2002,SWE,11.,,"World Athletics Championships, Tokyo 2025",18 SEP 2025,,,2025,,major_meet
,13.43,,Tuğba DANIŞMAZ,01 SEP 1999,TUR,12.,,"World Athletics Championships, Tokyo 2025",18 SEP 2025,,,2025,,major_meet
